node,in_degree_centrality,out_degree_centrality,betweenness_centrality,closeness_centrality,pagerank
1,0.00010001000100010001,0.00010001000100010001,0.0,0.006205346393957341,0.0024933593134422423
2,0.00010001000100010001,0.00010001000100010001,4.375875175035007e-05,0.006297591004529676,0.0029039421468737064
3,0.00010001000100010001,0.00010001000100010001,1.3674609921984397e-06,0.00018335166850018332,0.00014300827997710134
4,0.00020002000200020003,0.00010001000100010001,8.751750350070014e-05,0.006392619494213191,0.003386980779487038
5,0.00010001000100010001,0.00010001000100010001,0.00020609590668133626,0.005937709044064276,0.0012618069400165111
6,0.00010001000100010001,0.00010001000100010001,1.5628125625125025e-06,0.0001818363654547273,0.00013882327744667856
7,0.00010001000100010001,0.00010001000100010001,7.188937787557511e-05,0.002238227980802238,0.0007650182884864882
8,0.00010001000100010001,0.00010001000100010001,0.00013127625525105022,0.006481435698507545,0.0014619022061512442
9,0.00010001000100010001,0.00010001000100010001,0.0,0.0001818363654547273,0.00013882327744667856
10,0.00020002000200020003,0.00010001000100010001,0.0002473150880176035,0.0060253569082084155,0.0014550569964577984
11,0.00010001000100010001,0.00010001000100010001,0.00023246836867373474,0.005271637768456274,0.001418983023023965
12,0.00010001000100010001,0.00010001000100010001,0.0,0.00018001800180018,0.00013389974505794585
13,0.00010001000100010001,0.00010001000100010001,0.00015999293608721745,0.005384314325093803,0.0012035718149765568
14,0.00010001000100010001,0.00010001000100010001,7.638246399279856e-05,0.0023059492449793934,0.0008705997580446883
15,0.00010001000100010001,0.00010001000100010001,0.0,0.00018001800180018,0.00013389974505794585
16,0.00020002000200020003,0.00010001000100010001,0.00017503500700140028,0.006579147644203997,0.0016904631932771527
17,0.00010001000100010001,0.00010001000100010001,0.0002086354770954191,0.005485902929171622,0.0014321151344102545
18,0.00010001000100010001,0.00010001000100010001,0.0,0.00018001800180018,0.00013389974505794585
19,0.00010001000100010001,0.00010001000100010001,0.00015628125625125026,0.00252401573263748,0.0008909477041128459
20,0.00010001000100010001,0.00010001000100010001,0.00028716680836167235,0.006080119783183987,0.0015394017264484432
21,0.00010001000100010001,0.00010001000100010001,0.0,0.00017779555733351112,0.000128107354012378
22,0.00020002000200020003,0.00010001000100010001,0.0002490732521504301,0.005437345068101633,0.0016399700339703135
23,0.00010001000100010001,0.00010001000100010001,0.0003223300910182036,0.002205466125364442,0.0006640419912862975
24,0.00010001000100010001,0.00010001000100010001,0.0,0.00017779555733351112,0.000128107354012378
25,0.00010001000100010001,0.00010001000100010001,4.4930861172234447e-05,0.0008046017367694217,0.0004745489116247849
26,0.00010001000100010001,0.00010001000100010001,0.00017776992898579715,0.0055386775085337625,0.0013865450833246333
27,0.00010001000100010001,0.00010001000100010001,0.0,0.00017779555733351112,0.000128107354012378
28,0.00020002000200020003,0.00010001000100010001,8.0875550110022e-05,0.002378217480087102,0.000994813251642707
29,0.00010001000100010001,0.00010001000100010001,0.00019339805461092218,0.0032547398740511223,0.0011160201554296972
30,0.00010001000100010001,0.00010001000100010001,0.0,0.00017779555733351112,0.000128107354012378
31,0.00010001000100010001,0.00010001000100010001,0.0005798034606921385,0.0017361627705162839,0.0007135908430153706
32,0.00010001000100010001,0.00010001000100010001,1.2697852070414082e-05,0.001446824689745671,0.0006975515261599552
33,0.00010001000100010001,0.00010001000100010001,0.0,0.00017779555733351112,0.000128107354012378
34,0.00020002000200020003,0.00010001000100010001,0.00022602176685337068,0.005653879688977016,0.001655419576777167
35,0.00010001000100010001,0.00010001000100010001,0.00029712973844768953,0.0023183313493355803,0.0008400405720501952
36,0.00010001000100010001,0.00010001000100010001,0.0,0.00017779555733351112,0.000128107354012378
37,0.00010001000100010001,0.00010001000100010001,7.794527655531107e-05,0.0021047700446217574,0.0008367263709808942
38,0.00010001000100010001,0.00010001000100010001,0.00016409531906381276,0.002615413949861468,0.001018752011723825
39,0.00010001000100010001,0.00010001000100010001,0.0,0.00017779555733351112,0.000128107354012378
40,0.00020002000200020003,0.00010001000100010001,0.0003281906381276255,0.006172463876442561,0.001781639094191397
41,0.00010001000100010001,0.00010001000100010001,0.0003193998174634927,0.0011713135515153022,0.0006172211384526425
42,0.00010001000100010001,0.00010001000100010001,0.0,0.000175017501750175,0.00012129277631170992
43,0.00010001000100010001,0.00010001000100010001,5.108653824698403e-05,0.000932461964434727,0.0005134603542062726
44,0.00010001000100010001,0.00010001000100010001,0.0001937887577515503,0.003378549560158328,0.001134936464244459
45,0.00010001000100010001,0.00010001000100010001,0.0,0.000175017501750175,0.00012129277631170992
46,0.00020002000200020003,0.00010001000100010001,0.00034381876375275057,0.002228670413445718,0.0007518041112022412
47,0.00010001000100010001,0.00010001000100010001,0.000995511602320464,0.0032129492658822555,0.0011220274856822364
48,0.00010001000100010001,0.00010001000100010001,0.0,0.000175017501750175,0.00012129277631170992
49,0.00010001000100010001,0.00010001000100010001,7.501500300060012e-05,0.001670102618284921,0.000733035226646076
50,0.00010001000100010001,0.00010001000100010001,4.688437687537507e-05,0.000852380790446333,0.000528871079385127
51,0.00010001000100010001,0.00010001000100010001,0.0,0.000175017501750175,0.00012129277631170992
52,0.00020002000200020003,0.00010001000100010001,0.0001955469218843769,0.005702424383353044,0.0016018077519698512
53,0.00010001000100010001,0.00010001000100010001,0.0002535663382676535,0.002354366580511386,0.0008955785487898863
54,0.00010001000100010001,0.00010001000100010001,0.0,0.000175017501750175,0.00012129277631170992
55,0.00010001000100010001,0.00010001000100010001,0.00021879375875175034,0.0010245073833451599,0.0006040413081102097
56,0.00010001000100010001,0.00010001000100010001,8.536863622724545e-05,0.00238487832377188,0.0010021234960761723
57,0.00010001000100010001,0.00010001000100010001,0.0,0.000175017501750175,0.00012129277631170992
58,0.00020002000200020003,0.00010001000100010001,0.00020414239097819563,0.0033688212048370537,0.0012835431309200116
59,0.00010001000100010001,0.00010001000100010001,6.87637527505501e-05,0.0011741011499523937,0.0006168573611134193
60,0.00010001000100010001,0.00010001000100010001,0.0,0.000175017501750175,0.00012129277631170992
61,0.00010001000100010001,0.00010001000100010001,0.0003860147029405881,0.0020157475793951616,0.000400778409971204
62,0.00010001000100010001,0.00010001000100010001,0.0005852733046609322,0.0018044392392621246,0.0008100968810210555
63,0.00010001000100010001,0.00010001000100010001,0.0,0.000175017501750175,0.00012129277631170992
64,0.00020002000200020003,0.00010001000100010001,1.5237422484496899e-05,0.001514264561643125,0.0007912270964853096
65,0.00010001000100010001,0.00010001000100010001,7.911738597719544e-05,0.0016990006024740116,0.0008462033639272755
66,0.00010001000100010001,0.00010001000100010001,0.0,0.000175017501750175,0.00012129277631170992
67,0.00010001000100010001,0.00010001000100010001,5.8019416383276655e-05,0.001237545827034262,0.0006080925335709006
68,0.00010001000100010001,0.00010001000100010001,1.0939687937587518e-05,0.0007796926367590147,0.0004991476624204439
69,0.00010001000100010001,0.00010001000100010001,0.0,0.000175017501750175,0.00012129277631170992
70,0.00020002000200020003,0.00010001000100010001,0.0003199858721744349,0.002343109455332806,0.000958861268878609
71,0.00010001000100010001,0.00010001000100010001,0.0009962930086017203,0.0032193695560032193,0.0010822458375802236
72,0.00010001000100010001,0.00010001000100010001,0.0,0.000175017501750175,0.00012129277631170992
73,0.00010001000100010001,0.00010001000100010001,0.000202188875275055,0.000822342508223425,0.0005302405136103538
74,0.00010001000100010001,0.00010001000100010001,8.165695639127826e-05,0.0021734227988832126,0.0009549622080386601
75,0.00010001000100010001,0.00010001000100010001,0.0,0.000175017501750175,0.00012129277631170992
76,0.00020002000200020003,0.00010001000100010001,0.00017190938187637529,0.0027141406991266783,0.0011691100206779402
77,0.00010001000100010001,0.00010001000100010001,5.587054910982196e-05,0.0008329029821133004,0.0004889046375265586
78,0.00010001000100010001,0.00010001000100010001,0.0,0.000175017501750175,0.00012129277631170992
79,0.00010001000100010001,0.00010001000100010001,3.418652480496099e-05,0.00046569753928301424,0.00032137900924612774
80,0.00010001000100010001,0.00010001000100010001,0.00020922153180636129,0.0023471629652006432,0.0008630524225958638
81,0.00010001000100010001,0.00010001000100010001,0.0,0.00017144571600017145,0.00011327562607562986
82,0.00020002000200020003,0.00010001000100010001,0.0003223300910182036,0.0012251784462562587,0.0006967207580061235
83,0.00010001000100010001,0.00010001000100010001,0.00025786407281456293,0.0015032036142178247,0.0007976946703294569
84,0.00010001000100010001,0.00010001000100010001,0.0,0.00017144571600017145,0.00011327562607562986
85,0.00010001000100010001,0.00010001000100010001,5.274492398479696e-06,0.0008222972973408094,0.0004923934564346542
86,0.00010001000100010001,0.00010001000100010001,5.274492398479696e-05,0.0009600491322019269,0.0005746492471278051
87,0.00010001000100010001,0.00010001000100010001,0.0,0.00017144571600017145,0.00011327562607562986
88,0.00020002000200020003,0.00010001000100010001,0.00020297601594682928,0.0034936148127596794,0.001305797611878472
89,0.00010001000100010001,0.00010001000100010001,6.446601820364073e-05,0.0012561382720550536,0.0006714551419652796
90,0.00010001000100010001,0.00010001000100010001,0.0,0.00017144571600017145,0.00011327562607562986
91,0.00010001000100010001,0.00010001000100010001,0.0012400917683536706,0.0034976059621654935,0.0008199645212165475
92,0.00010001000100010001,0.00010001000100010001,0.00036530743648729747,0.002229685925819855,0.0007211539227347028
93,0.00010001000100010001,0.00010001000100010001,0.0,0.00017144571600017145,0.00011327562607562986
94,0.00020002000200020003,0.00010001000100010001,0.0010050838292658532,0.0033321771860246653,0.001290610578276045
95,0.00010001000100010001,0.00010001000100010001,0.00022563106371274256,0.0009801237855744337,0.0005211566931366688
96,0.00010001000100010001,0.00010001000100010001,0.0,0.00017144571600017145,0.00011327562607562986
97,0.00010001000100010001,0.00010001000100010001,6.915445589117824e-05,0.0004753996526413205,0.00036014155220250754
98,0.00010001000100010001,0.00010001000100010001,7.814062812562513e-05,0.0017236765100259643,0.0008329726264685001
99,0.00010001000100010001,0.00010001000100010001,0.0,0.00017144571600017145,0.00011327562607562986
100,0.00020002000200020003,0.00010001000100010001,4.8837892578515704e-05,0.0009077950596616082,0.0005927795120443533
101,0.00010001000100010001,0.00010001000100010001,0.00014162988847769554,0.0021971805099464396,0.0009190547889728171
102,0.00010001000100010001,0.00010001000100010001,0.0,0.00017144571600017145,0.00011327562607562986
103,0.00010001000100010001,0.00010001000100010001,0.001206686649829966,0.0032895973344365687,0.0007138371431416168
104,0.00010001000100010001,0.00010001000100010001,4.6884376875375075e-06,0.0005995543942665247,0.00042294281596611053
105,0.00010001000100010001,0.00010001000100010001,7.4233596719343865e-06,0.00017144571600017145,0.00011327562607562986
106,0.00020002000200020003,0.00010001000100010001,0.00027661782356471295,0.0023794436289351286,0.0010242000671043226
107,0.00010001000100010001,0.00010001000100010001,0.000998242701377849,0.003123510394301679,0.0009943622825244899
108,0.00010001000100010001,0.00010001000100010001,0.0,0.00017144571600017145,0.00011327562607562986
109,0.00010001000100010001,0.00010001000100010001,0.00024329719172797376,0.0010394757749886663,0.0005596388241405424
110,0.00010001000100010001,0.00010001000100010001,0.00022074727445489098,0.0010717869846414599,0.0006812150752503154
111,0.00010001000100010001,0.00010001000100010001,0.0,0.00017144571600017145,0.00011327562607562986
112,0.00020002000200020003,0.00010001000100010001,8.986172234446889e-05,0.0024640460114650894,0.0011495470610917433
113,0.00010001000100010001,0.00010001000100010001,4.6884376875375075e-06,0.000754442645690594,0.0004812121815611427
114,0.00010001000100010001,0.00010001000100010001,0.0,0.00017144571600017145,0.00011327562607562986
115,0.00010001000100010001,0.00010001000100010001,6.446601820364073e-06,0.00045956257257145656,0.0003168711357975932
116,0.00010001000100010001,0.00010001000100010001,5.860547109421884e-05,0.0009647899250813031,0.0005896812803252165
117,0.00010001000100010001,0.00010001000100010001,7.814062812562513e-06,0.00017144571600017145,0.00011327562607562986
118,0.00020002000200020003,0.00010001000100010001,7.09126200240048e-05,0.001227003652746227,0.0006962927846658574
119,0.00010001000100010001,0.00010001000100010001,0.00010314562912582517,0.001136213206382879,0.0006632467606931258
120,0.00010001000100010001,0.00010001000100010001,0.0,0.00017144571600017145,0.00011327562607562986
121,0.00010001000100010001,0.00010001000100010001,0.0009835951565313062,0.0028234409201437945,0.0007222288662638649
122,0.00010001000100010001,0.00010001000100010001,0.00040633126625325063,0.002036414526325151,0.0004420822552865085
123,0.00010001000100010001,0.00010001000100010001,0.0,0.00017144571600017145,0.00011327562607562986
124,0.00020002000200020003,0.00010001000100010001,0.000590743148629726,0.001878874917352688,0.0009236333963218673
125,0.00010001000100010001,0.00010001000100010001,0.0004219593918783757,0.0017432477008727336,0.0008139997876462061
126,0.00010001000100010001,0.00010001000100010001,0.0,0.00017144571600017145,0.00011327562607562986
127,0.00010001000100010001,0.00010001000100010001,7.188937787557511e-05,0.000679259845176437,0.0004333777366936743
128,0.00010001000100010001,0.00010001000100010001,1.7776992898579717e-05,0.001499557877388392,0.0007733262957968803
129,0.00010001000100010001,0.00010001000100010001,0.0,0.00017144571600017145,0.00011327562607562986
130,0.00020002000200020003,0.00010001000100010001,8.204765953190638e-05,0.0017576831455060104,0.0009661116115053528
131,0.00010001000100010001,0.00010001000100010001,1.0939687937587518e-05,0.0005690942657484139,0.00040324676935322003
132,0.00010001000100010001,0.00010001000100010001,0.0,0.00017144571600017145,0.00011327562607562986
133,0.00010001000100010001,0.00010001000100010001,5.469843968793759e-06,0.0003878047379206006,0.00027043777404150846
134,0.00010001000100010001,0.00010001000100010001,6.016828365673135e-05,0.0012872049916856092,0.0006859812228511143
135,0.00010001000100010001,0.00010001000100010001,0.0,0.00017144571600017145,0.00011327562607562986
136,0.00020002000200020003,0.00010001000100010001,1.1721094218843768e-05,0.0008231284050248712,0.0005578107862035485
137,0.00010001000100010001,0.00010001000100010001,0.0012307148929785957,0.003479104221390087,0.0008624895599657164
138,0.00010001000100010001,0.00010001000100010001,0.0,0.00017144571600017145,0.00011327562607562986
139,0.00010001000100010001,0.00010001000100010001,8.009414382876575e-06,0.0005333866720005334,0.00036584327290328046
140,0.00010001000100010001,0.00010001000100010001,2.0511914882976595e-05,0.0006450586165801503,0.000434608332614168
141,0.00010001000100010001,0.00010001000100010001,0.0,0.00017144571600017145,0.00011327562607562986
142,0.00020002000200020003,0.00010001000100010001,0.0010060605871174235,0.003333477157565278,0.001243808639332446
143,0.00010001000100010001,0.00010001000100010001,0.00022133332916583317,0.0010833670654442347,0.0005977917969218851
144,0.00010001000100010001,0.00010001000100010001,0.0,0.00017144571600017145,0.00011327562607562986
145,0.00010001000100010001,0.00010001000100010001,0.00013596469293858772,0.0008416824167364738,0.0005059085029742972
146,0.00010001000100010001,0.00010001000100010001,0.00020394703940788158,0.0008592556152027939,0.0005943906111328442
147,0.00010001000100010001,0.00010001000100010001,0.0,0.00017144571600017145,0.00011327562607562986
148,0.00020002000200020003,0.00010001000100010001,8.536863622724545e-05,0.0022470825220073758,0.0010940631928125792
149,0.00010001000100010001,0.00010001000100010001,0.0,0.0005444092796376412,0.00037379258708622514
150,0.00010001000100010001,0.00010001000100010001,0.0,0.00017144571600017145,0.00011327562607562986
151,0.00010001000100010001,0.00010001000100010001,2.930273554710942e-05,0.0005262725835584287,0.0003496447264245215
152,0.00010001000100010001,0.00010001000100010001,0.00013479258351670333,0.002165082712433781,0.0008714528842933107
153,0.00010001000100010001,0.00010001000100010001,7.032656531306261e-06,0.00017144571600017145,0.00011327562607562986
154,0.00020002000200020003,0.00010001000100010001,5.841011952390478e-05,0.0008598606574615316,0.0005457601686812993
155,0.00010001000100010001,0.00010001000100010001,0.0012619711442288458,0.0033701296865133222,0.0008469870710542516
156,0.00010001000100010001,0.00010001000100010001,0.0,0.00017144571600017145,0.00011327562607562986
157,0.00010001000100010001,0.00010001000100010001,6.329390878175636e-05,0.000989296556880165,0.0005345930321820036
158,0.00010001000100010001,0.00010001000100010001,3.516328265653131e-05,0.0005000500050005,0.00034867119423376795
159,0.00010001000100010001,0.00010001000100010001,0.0,0.00016668333500016668,0.00010384368462141806
160,0.00020002000200020003,0.00010001000100010001,0.00023246836867373474,0.0023718227561481224,0.0009859340284044766
161,0.00010001000100010001,0.00010001000100010001,0.0010146560562112423,0.0030219643508950494,0.000909849690451503
162,0.00010001000100010001,0.00010001000100010001,0.0,0.00016668333500016668,0.00010384368462141806
163,0.00010001000100010001,0.00010001000100010001,1.7972344468893778e-05,0.0006640081701339227,0.0004209926294885842
164,0.00010001000100010001,0.00010001000100010001,0.00032526036457291457,0.0011938511248203172,0.0006621423681743135
165,0.00010001000100010001,0.00010001000100010001,2.168402430486097e-05,0.00016668333500016668,0.00010384368462141806
166,0.00020002000200020003,0.00010001000100010001,0.00026020829165833165,0.0015757778161094094,0.0009090425602141263
167,0.00010001000100010001,0.00010001000100010001,0.0011648814137827565,0.0027945483040496526,0.0005581202272409999
168,0.00010001000100010001,0.00010001000100010001,0.0,0.00016668333500016668,0.00010384368462141806
169,0.00010001000100010001,0.00010001000100010001,1.9144453890778154e-05,0.00033358384698404695,0.0002549749460946991
170,0.00010001000100010001,0.00010001000100010001,5.860547109421884e-06,0.0008711982309342045,0.0005498646615143848
171,0.00010001000100010001,0.00010001000100010001,0.0,0.00016668333500016668,0.00010384368462141806
172,0.00020002000200020003,0.00010001000100010001,5.4503088117623525e-05,0.0009896743745292198,0.0006466361799766946
173,0.00010001000100010001,0.00010001000100010001,2.4223594718943788e-05,0.0008955898384695931,0.0005963002406929236
174,0.00010001000100010001,0.00010001000100010001,0.0,0.00016668333500016668,0.00010384368462141806
175,0.00010001000100010001,0.00010001000100010001,0.001218993798759752,0.0030955575220280923,0.0006300039179417817
176,0.00010001000100010001,0.00010001000100010001,2.1097969593918783e-05,0.000566094345283585,0.0003907905713123626
177,0.00010001000100010001,0.00010001000100010001,6.055898679735947e-06,0.00016668333500016668,0.00010384368462141806
178,0.00020002000200020003,0.00010001000100010001,6.661488547709542e-05,0.0013115591325993548,0.0007605254680209823
179,0.00010001000100010001,0.00010001000100010001,0.00010295027755551111,0.001163476380499007,0.0006664337233973519
180,0.00010001000100010001,0.00010001000100010001,0.0,0.00016668333500016668,0.00010384368462141806
181,0.00010001000100010001,0.00010001000100010001,7.032656531306261e-06,0.0006061212181824243,0.00039084877651802036
182,0.00010001000100010001,0.00010001000100010001,0.001253571026705341,0.0035967678093110516,0.0009352423847863013
183,0.00010001000100010001,0.00010001000100010001,1.8167696039207842e-05,0.00016668333500016668,0.00010384368462141806
184,0.00020002000200020003,0.00010001000100010001,0.00038679610922184437,0.0022535818361092003,0.0008189946177966024
185,0.00010001000100010001,0.00010001000100010001,8.595469093818763e-06,0.0004676040123096279,0.0003295352701634096
186,0.00010001000100010001,0.00010001000100010001,0.0,0.00016668333500016668,0.00010384368462141806
187,0.00010001000100010001,0.00010001000100010001,8.595469093818763e-06,0.0003208241616240832,0.0002205072596763125
188,0.00010001000100010001,0.00010001000100010001,0.0004348525955191038,0.0017207281891812197,0.0007753527853710597
189,0.00010001000100010001,0.00010001000100010001,0.0,0.00016668333500016668,0.00010384368462141806
190,0.00020002000200020003,0.00010001000100010001,0.00022777993098619723,0.001021431858246883,0.0005837037635167437
191,0.00010001000100010001,0.00010001000100010001,7.751060975404474e-05,0.0008641618878869018,0.0005529134430931441
192,0.00010001000100010001,0.00010001000100010001,0.0,0.00016668333500016668,0.00010384368462141806
193,0.00010001000100010001,0.00010001000100010001,4.649367373474695e-05,0.0004593051897782371,0.0003430709173083489
194,0.00010001000100010001,0.00010001000100010001,6.974051060212042e-05,0.0004908173593071823,0.0003942741859471476
195,0.00010001000100010001,0.00010001000100010001,0.0,0.00016668333500016668,0.00010384368462141806
196,0.00020002000200020003,0.00010001000100010001,8.126625325065014e-05,0.0017811763663231471,0.0009505460380243477
197,0.00010001000100010001,0.00010001000100010001,1.5237422484496899e-05,0.0007265120027933481,0.0005007381641339243
198,0.00010001000100010001,0.00010001000100010001,0.0,0.00016668333500016668,0.00010384368462141806
199,0.00010001000100010001,0.00010001000100010001,9.29873474694939e-05,0.0007403149953549573,0.00045303426771916796
200,0.00010001000100010001,0.00010001000100010001,5.079140828165633e-05,0.0008418019716082038,0.0005398585493957711
201,0.00010001000100010001,0.00010001000100010001,3.5163282656531306e-06,0.00016668333500016668,0.00010384368462141806
202,0.00020002000200020003,0.00010001000100010001,0.00014729508401680337,0.002283048114458163,0.0010518191703827056
203,0.00010001000100010001,0.00010001000100010001,2.2856133726745348e-05,0.000498738398430007,0.00034639147803431085
204,0.00010001000100010001,0.00010001000100010001,0.0,0.00016668333500016668,0.00010384368462141806
205,0.00010001000100010001,0.00010001000100010001,5.587054910982196e-05,0.000648166082431028,0.0003126275747355325
206,0.00010001000100010001,0.00010001000100010001,0.0012205566113222645,0.003373027684395101,0.0008103866458739018
207,0.00010001000100010001,0.00010001000100010001,0.0,0.00016668333500016668,0.00010384368462141806
208,0.00020002000200020003,0.00010001000100010001,5.0791408281656336e-06,0.0006333966730006333,0.00046815802566904045
209,0.00010001000100010001,0.00010001000100010001,6.856840118023604e-05,0.0010631571631739445,0.0006438254043700649
210,0.00010001000100010001,0.00010001000100010001,7.6187112422484495e-06,0.00016668333500016668,0.00010384368462141806
211,0.00010001000100010001,0.00010001000100010001,6.0949689937987596e-05,0.0007589769138750533,0.0004563332154043725
212,0.00010001000100010001,0.00010001000100010001,2.5395704140828168e-06,0.0004658530369165949,0.0003354789220945313
213,0.00010001000100010001,0.00010001000100010001,0.0,0.00016668333500016668,0.00010384368462141806
214,0.00020002000200020003,0.00010001000100010001,0.0010062559386877375,0.0032281313793638884,0.0011404162216197497
215,0.00010001000100010001,0.00010001000100010001,0.00025649661182236446,0.001115146549690004,0.0006191425120726168
216,0.00010001000100010001,0.00010001000100010001,0.0,0.00016668333500016668,0.00010384368462141806
217,0.00010001000100010001,0.00010001000100010001,1.5237422484496899e-05,0.00052714823139234,0.00035993123518090526
218,0.00010001000100010001,0.00010001000100010001,0.00024497086917383475,0.0010906509701794818,0.0006289768588154235
219,0.00010001000100010001,0.00010001000100010001,0.0,0.00016668333500016668,0.00010384368462141806
220,0.00020002000200020003,0.00010001000100010001,0.0002227007901580316,0.0011245175964541792,0.0007720077424739712
221,0.00010001000100010001,0.00010001000100010001,4.454015803160632e-05,0.0006157683831210345,0.0004175105924644108
222,0.00010001000100010001,0.00010001000100010001,0.0,0.00016668333500016668,0.00010384368462141806
223,0.00010001000100010001,0.00010001000100010001,0.0,0.0003187065694521259,0.0002360278908419677
224,0.00010001000100010001,0.00010001000100010001,1.6409531906381277e-05,0.0007302063539687303,0.00048626017836455844
225,0.00010001000100010001,0.00010001000100010001,0.0,0.00016668333500016668,0.00010384368462141806
226,0.00020002000200020003,0.00010001000100010001,5.0791408281656336e-06,0.0008040609886231343,0.0005367102204867253
227,0.00010001000100010001,0.00010001000100010001,2.5395704140828164e-05,0.0008764797326488288,0.0005565500003178739
228,0.00010001000100010001,0.00010001000100010001,0.0,0.00016668333500016668,0.00010384368462141806
229,0.00010001000100010001,0.00010001000100010001,2.6567813562712544e-05,0.0005888247052553356,0.0003929360723552459
230,0.00010001000100010001,0.00010001000100010001,6.641953390678136e-06,0.0004945700049457,0.00034336781370608035
231,0.00010001000100010001,0.00010001000100010001,0.0,0.00016668333500016668,0.00010384368462141806
232,0.00020002000200020003,0.00010001000100010001,6.153574464892978e-05,0.0009976925660224972,0.0006643209249150049
233,0.00010001000100010001,0.00010001000100010001,0.0012346892079002883,0.0032784658396168864,0.0007991860976370579
234,0.00010001000100010001,0.00010001000100010001,8.204765953190639e-06,0.00016668333500016668,0.00010384368462141806
235,0.00010001000100010001,0.00010001000100010001,4.961929885977195e-05,0.00043237856719803715,0.0003064159908218824
236,0.00010001000100010001,0.00010001000100010001,7.306148729745949e-05,0.0011961826103870229,0.0006616388701269383
237,0.00010001000100010001,0.00010001000100010001,0.0,0.00016668333500016668,0.00010384368462141806
238,0.00020002000200020003,0.00010001000100010001,0.00010627125425085018,0.0011867318899042478,0.0007508685488772697
239,0.00010001000100010001,0.00010001000100010001,1.0158281656331267e-05,0.00041900741798317763,0.0002917639936153878
240,0.00010001000100010001,0.00010001000100010001,0.0,0.00016668333500016668,0.00010384368462141806
241,0.00010001000100010001,0.00010001000100010001,0.0,0.00030120659124736003,0.00020687810427497642
242,0.00010001000100010001,0.00010001000100010001,0.0009939487897579517,0.0029052127664878882,0.0008202592613128728
243,0.00010001000100010001,0.00010001000100010001,0.0,0.00016668333500016668,0.00010384368462141806
244,0.00020002000200020003,0.00010001000100010001,0.0004266478295659132,0.002057545404592527,0.000490675010004724
245,0.00010001000100010001,0.00010001000100010001,2.0511914882976595e-05,0.0008974193273157253,0.0005522152868451845
246,0.00010001000100010001,0.00010001000100010001,0.0,0.00016668333500016668,0.00010384368462141806
247,0.00010001000100010001,0.00010001000100010001,1.8363047609521906e-05,0.00042412498130547005,0.00030916923535293764
248,0.00010001000100010001,0.00010001000100010001,0.000276813175135027,0.0007948635717526144,0.00043998462881136234
249,0.00010001000100010001,0.00010001000100010001,0.0,0.00016668333500016668,0.00010384368462141806
250,0.00020002000200020003,0.00010001000100010001,0.00042586642328465695,0.0018105796352205575,0.0009282250511749545
251,0.00010001000100010001,0.00010001000100010001,0.0011428066863372675,0.002734398626039807,0.0005661347241757344
252,0.00010001000100010001,0.00010001000100010001,0.0,0.00016668333500016668,0.00010384368462141806
253,0.00010001000100010001,0.00010001000100010001,0.00021293321164232848,0.000950127885898386,0.000496865578055283
254,0.00010001000100010001,0.00010001000100010001,7.345219043808762e-05,0.000722649357446758,0.0004804344029955862
255,0.00010001000100010001,0.00010001000100010001,0.0,0.00016668333500016668,0.00010384368462141806
256,0.00020002000200020003,0.00010001000100010001,2.0316563312662534e-05,0.00157569247307268,0.0008803738842934614
257,0.00010001000100010001,0.00010001000100010001,4.766578315663133e-05,0.00042453224914328167,0.00033196362562203097
258,0.00010001000100010001,0.00010001000100010001,0.0,0.00016668333500016668,0.00010384368462141806
259,0.00010001000100010001,0.00010001000100010001,7.149867473494699e-05,0.00030537404885526724,0.0002225675556732218
260,0.00010001000100010001,0.00010001000100010001,2.832597769553911e-05,0.0009148607940031717,0.000593719783861563
261,0.00010001000100010001,0.00010001000100010001,5.665195539107822e-06,0.00016668333500016668,0.00010384368462141806
262,0.00020002000200020003,0.00010001000100010001,1.1330391078215644e-05,0.0005943802361817148,0.00044498620612446144
263,0.00010001000100010001,0.00010001000100010001,0.0012647060662132426,0.0031639813990470013,0.000766290855892198
264,0.00010001000100010001,0.00010001000100010001,0.0,0.00016668333500016668,0.00010384368462141806
265,0.00010001000100010001,0.00010001000100010001,7.149867473494699e-05,0.000560405894816887,0.0003770540902705442
266,0.00010001000100010001,0.00010001000100010001,5.665195539107822e-06,0.00041991776817433297,0.00028874032928715733
267,0.00010001000100010001,0.00010001000100010001,0.0,0.00016668333500016668,0.00010384368462141806
268,0.00020002000200020003,0.00010001000100010001,6.231715093018604e-05,0.0013416432484924428,0.0007776149749454871
269,0.00010001000100010001,0.00010001000100010001,0.00010197351970394079,0.001158166585604271,0.0006443912251155316
270,0.00010001000100010001,0.00010001000100010001,0.0,0.00016668333500016668,0.00010384368462141806
271,0.00010001000100010001,0.00010001000100010001,4.102382976595319e-05,0.0005999248938673926,0.00039812538161568327
272,0.00010001000100010001,0.00010001000100010001,1.250250050010002e-05,0.0007662032771760239,0.0005055334496366681
273,0.00010001000100010001,0.00010001000100010001,0.0,0.00016668333500016668,0.00010384368462141806
274,0.00020002000200020003,0.00010001000100010001,0.0012443895029005802,0.003574228458836386,0.0009852718421380251
275,0.00010001000100010001,0.00010001000100010001,7.110797159431887e-05,0.0004662336737270849,0.00032764267095712797
276,0.00010001000100010001,0.00010001000100010001,0.0,0.00016668333500016668,0.00010384368462141806
277,0.00010001000100010001,0.00010001000100010001,3.125625125025005e-06,0.0003000300030003,0.0002146203589562586
278,0.00010001000100010001,0.00010001000100010001,8.204765953190639e-06,0.0005753179484615128,0.0004009820926539475
279,0.00010001000100010001,0.00010001000100010001,0.0,0.00016668333500016668,0.00010384368462141806
280,0.00020002000200020003,0.00010001000100010001,2.1879375875175035e-05,0.0006876816713929458,0.0004818821629020498
281,0.00010001000100010001,0.00010001000100010001,5.743336167233447e-05,0.0007860055288343449,0.0005163923625990366
282,0.00010001000100010001,0.00010001000100010001,0.0,0.00016668333500016668,0.00010384368462141806
283,0.00010001000100010001,0.00010001000100010001,0.0010548984796959393,0.0025613840336702353,0.00046609223931927174
284,0.00010001000100010001,0.00010001000100010001,2.0316563312662534e-05,0.0004074812243129075,0.0003118550380646171
285,0.00010001000100010001,0.00010001000100010001,0.0,0.00016668333500016668,0.00010384368462141806
286,0.00020002000200020003,0.00010001000100010001,0.00022348219643928785,0.0011291383375625697,0.000673862709146406
287,0.00010001000100010001,0.00010001000100010001,8.204765953190638e-05,0.0008901581547218205,0.0005623728225956846
288,0.00010001000100010001,0.00010001000100010001,0.0,0.00016668333500016668,0.00010384368462141806
289,0.00010001000100010001,0.00010001000100010001,1.1330391078215644e-05,0.0004208213029095117,0.0003003686621654214
290,0.00010001000100010001,0.00010001000100010001,0.00013713680236047209,0.0008884623048329496,0.0005657647162669047
291,0.00010001000100010001,0.00010001000100010001,2.2856133726745348e-05,0.00016668333500016668,0.00010384368462141806
292,0.00020002000200020003,0.00010001000100010001,0.00020570520354070814,0.0009005183173563608,0.0006698613141004815
293,0.00010001000100010001,0.00010001000100010001,2.2856133726745348e-05,0.00041432714700041426,0.00029651870577153026
294,0.00010001000100010001,0.00010001000100010001,0.0,0.00016668333500016668,0.00010384368462141806
295,0.00010001000100010001,0.00010001000100010001,0.0,0.00030120659124736003,0.00020687810427497642
296,0.00010001000100010001,0.00010001000100010001,1.4065313062612523e-05,0.0007674039516083073,0.0005246761835476536
297,0.00010001000100010001,0.00010001000100010001,0.0,0.00016668333500016668,0.00010384368462141806
298,0.00020002000200020003,0.00010001000100010001,0.0,0.0005921081404776562,0.00041033422698682386
299,0.00010001000100010001,0.00010001000100010001,0.00015999293608721745,0.0008819121304150682,0.0005504624670294978
300,0.00010001000100010001,0.00010001000100010001,0.0,0.00016668333500016668,0.00010384368462141806
301,0.00010001000100010001,0.00010001000100010001,3.125625125025005e-06,0.0003976868275062801,0.0002736370361171692
302,0.00010001000100010001,0.00010001000100010001,3.125625125025005e-05,0.0005478808750440261,0.0003819249791495221
303,0.00010001000100010001,0.00010001000100010001,0.0,0.00016668333500016668,0.00010384368462141806
304,0.00020002000200020003,0.00010001000100010001,0.0001362307686586241,0.002245151944650002,0.0009958169295832577
305,0.00010001000100010001,0.00010001000100010001,2.8912032406481297e-05,0.0005979908335661152,0.0004131607028406737
306,0.00010001000100010001,0.00010001000100010001,7.228008101620324e-06,0.00016668333500016668,0.00010384368462141806
307,0.00010001000100010001,0.00010001000100010001,2.168402430486097e-05,0.0005760593480950883,0.00038937596918504425
308,0.00010001000100010001,0.00010001000100010001,6.0949689937987596e-05,0.0008250715470494879,0.000491356252551641
309,0.00010001000100010001,0.00010001000100010001,0.0,0.00016668333500016668,0.00010384368462141806
310,0.00020002000200020003,0.00010001000100010001,0.0012768178635727146,0.003454028632928494,0.0009670336198883437
311,0.00010001000100010001,0.00010001000100010001,3.36004700940188e-05,0.0004263584253162158,0.0002936638616758899
312,0.00010001000100010001,0.00010001000100010001,0.0,0.00016668333500016668,0.00010384368462141806
313,0.00010001000100010001,0.00010001000100010001,2.5395704140828164e-05,0.00028454458349060714,0.00021622586611852693
314,0.00010001000100010001,0.00010001000100010001,6.505207291458291e-05,0.0010357729987874819,0.0005995112212171408
315,0.00010001000100010001,0.00010001000100010001,0.0,0.00016001600160016002,9.274728291058062e-05
316,0.00020002000200020003,0.00010001000100010001,3.614004050810162e-05,0.0005432686125755433,0.0003807796471604036
317,0.00010001000100010001,0.00010001000100010001,7.950808911782357e-05,0.0009126267852550963,0.000562275128020304
318,0.00010001000100010001,0.00010001000100010001,0.0,0.00016001600160016002,9.274728291058062e-05
319,0.00010001000100010001,0.00010001000100010001,0.0009992232821564313,0.002629520896769251,0.0005172336162125764
320,0.00010001000100010001,0.00010001000100010001,2.1488672734546907e-06,0.0003484219389680903,0.00023492208006977726
321,0.00010001000100010001,0.00010001000100010001,0.0,0.00016001600160016002,9.274728291058062e-05
322,0.00020002000200020003,0.00010001000100010001,0.0010250096894378875,0.0031176923445355477,0.0010409896427102674
323,0.00010001000100010001,0.00010001000100010001,0.00027075727645529106,0.0010912743701201606,0.0005816778315322636
324,0.00010001000100010001,0.00010001000100010001,0.0,0.00016001600160016002,9.274728291058062e-05
325,0.00010001000100010001,0.00010001000100010001,0.00048290908181636326,0.00208421225710853,0.0003850256813072981
326,0.00010001000100010001,0.00010001000100010001,1.875375075015003e-05,0.0007079139286477668,0.000465863688636657
327,0.00010001000100010001,0.00010001000100010001,0.0,0.00016001600160016002,9.274728291058062e-05
328,0.00020002000200020003,0.00010001000100010001,0.0003281906381276255,0.0012531790752956524,0.0007495692635610338
329,0.00010001000100010001,0.00010001000100010001,1.9535157031406282e-05,0.0003879582589131396,0.0002878568000494835
330,0.00010001000100010001,0.00010001000100010001,2.1879375875175035e-05,0.00016001600160016002,9.274728291058062e-05
331,0.00010001000100010001,0.00010001000100010001,9.376875375075015e-06,0.00027588965793131037,0.00021130233372979422
332,0.00010001000100010001,0.00010001000100010001,4.375875175035007e-05,0.0006416813788203745,0.0004359987696152954
333,0.00010001000100010001,0.00010001000100010001,2.1879375875175035e-05,0.00016001600160016002,9.274728291058062e-05
334,0.00020002000200020003,0.00010001000100010001,0.0011822677035407082,0.002844963542572132,0.0006271902742104613
335,0.00010001000100010001,0.00010001000100010001,1.3283906781356272e-05,0.0006310646962947487,0.00042601739229573013
336,0.00010001000100010001,0.00010001000100010001,0.0,0.00016001600160016002,9.274728291058062e-05
337,0.00010001000100010001,0.00010001000100010001,0.00015315563112622524,0.0008061398797995677,0.0004480419737530781
338,0.00010001000100010001,0.00010001000100010001,1.9535157031406282e-05,0.0003494894944039859,0.0002705487669967932
339,0.00010001000100010001,0.00010001000100010001,0.0,0.00016001600160016002,9.274728291058062e-05
340,0.00020002000200020003,0.00010001000100010001,6.446601820364073e-06,0.0009278789324715603,0.000617477843961127
341,0.00010001000100010001,0.00010001000100010001,2.148867273454691e-05,0.0008703649261422317,0.0005364547417894293
342,0.00010001000100010001,0.00010001000100010001,0.0,0.00016001600160016002,9.274728291058062e-05
343,0.00010001000100010001,0.00010001000100010001,4.8837892578515704e-05,0.00041254125412541255,0.0002880526171469776
344,0.00010001000100010001,0.00010001000100010001,5.626125225045009e-05,0.0009625008302356954,0.0006100339128989976
345,0.00010001000100010001,0.00010001000100010001,2.4418946289257852e-05,0.00016001600160016002,9.274728291058062e-05
346,0.00020002000200020003,0.00010001000100010001,2.500500100020004e-05,0.0009322497415966957,0.0006721079371123294
347,0.00010001000100010001,0.00010001000100010001,4.8837892578515704e-05,0.0003484219389680903,0.00023492208006977726
348,0.00010001000100010001,0.00010001000100010001,0.0,0.00016001600160016002,9.274728291058062e-05
349,0.00010001000100010001,0.00010001000100010001,0.0,0.00028127812781278123,0.00019578170256413896
350,0.00010001000100010001,0.00010001000100010001,0.0012342312212442487,0.003164392481620741,0.0007117593221073693
351,0.00010001000100010001,0.00010001000100010001,0.0,0.00016001600160016002,9.274728291058062e-05
352,0.00020002000200020003,0.00010001000100010001,2.227007901580316e-05,0.0006044007178495627,0.0004303318554881614
353,0.00010001000100010001,0.00010001000100010001,7.325683886777355e-05,0.0005721549751716516,0.00039839594911132866
354,0.00010001000100010001,0.00010001000100010001,6.25125025005001e-06,0.00016001600160016002,9.274728291058062e-05
355,0.00010001000100010001,0.00010001000100010001,1.875375075015003e-05,0.0003615334795511637,0.0002604719461132394
356,0.00010001000100010001,0.00010001000100010001,0.0,0.00035283528352835283,0.0002484567257966273
357,0.00010001000100010001,0.00010001000100010001,0.0,0.00016001600160016002,9.274728291058062e-05
358,0.00020002000200020003,0.00010001000100010001,0.00010627125425085018,0.0012130126854188335,0.0007546179167645878
359,0.00010001000100010001,0.00010001000100010001,9.767578515703141e-06,0.0004947059591455329,0.00034514685194687205
360,0.00010001000100010001,0.00010001000100010001,0.0,0.00016001600160016002,9.274728291058062e-05
361,0.00010001000100010001,0.00010001000100010001,4.395410332066413e-05,0.0005739326647526683,0.0003911069443875112
362,0.00010001000100010001,0.00010001000100010001,7.4233596719343865e-06,0.0006395106723787133,0.00043040033220069897
363,0.00010001000100010001,0.00010001000100010001,8.790820664132827e-06,0.00016001600160016002,9.274728291058062e-05
364,0.00020002000200020003,0.00010001000100010001,0.0012670502850570114,0.0037019875680086704,0.0010708634007508173
365,0.00010001000100010001,0.00010001000100010001,1.8363047609521906e-05,0.00032725785667571996,0.00025387799076824556
366,0.00010001000100010001,0.00010001000100010001,1.8363047609521906e-05,0.00016001600160016002,9.274728291058062e-05
367,0.00010001000100010001,0.00010001000100010001,0.0,0.0002810037101271103,0.00022047946289061325
368,0.00010001000100010001,0.00010001000100010001,2.227007901580316e-05,0.0008844615893556082,0.0005333229113054048
369,0.00010001000100010001,0.00010001000100010001,0.0,0.00016001600160016002,9.274728291058062e-05
370,0.00020002000200020003,0.00010001000100010001,8.790820664132827e-06,0.0005093020315247383,0.0003582667953129233
371,0.00010001000100010001,0.00010001000100010001,5.274492398479696e-05,0.0007358585929314289,0.000491717781720898
372,0.00010001000100010001,0.00010001000100010001,0.0,0.00016001600160016002,9.274728291058062e-05
373,0.00010001000100010001,0.00010001000100010001,2.227007901580316e-05,0.0004690490280450551,0.00032804497219181977
374,0.00010001000100010001,0.00010001000100010001,8.790820664132827e-06,0.0003482275938437217,0.00022999854768104462
375,0.00010001000100010001,0.00010001000100010001,8.790820664132827e-06,0.00016001600160016002,9.274728291058062e-05
376,0.00020002000200020003,0.00010001000100010001,0.00043895497849569915,0.0017836646049926095,0.0008827579896747606
377,0.00010001000100010001,0.00010001000100010001,0.0011076434036807361,0.002667957748517743,0.0005433797048184467
378,0.00010001000100010001,0.00010001000100010001,0.0,0.00016001600160016002,9.274728291058062e-05
379,0.00010001000100010001,0.00010001000100010001,3.399117323464693e-05,0.0003748162426862155,0.00029992359783551607
380,0.00010001000100010001,0.00010001000100010001,0.00022992879825965194,0.0009884037782929317,0.0005359957758874763
381,0.00010001000100010001,0.00010001000100010001,0.0,0.00016001600160016002,9.274728291058062e-05
382,0.00020002000200020003,0.00010001000100010001,7.046419068549522e-05,0.0009225881537250605,0.0006210646458184912
383,0.00010001000100010001,0.00010001000100010001,0.0,0.00034919693086627097,0.0002597923544318597
384,0.00010001000100010001,0.00010001000100010001,0.0,0.00016001600160016002,9.274728291058062e-05
385,0.00010001000100010001,0.00010001000100010001,0.0,0.00028002800280028,0.00019085817017540629
386,0.00010001000100010001,0.00010001000100010001,4.688437687537507e-05,0.0004801770499630608,0.0003741910860716739
387,0.00010001000100010001,0.00010001000100010001,0.0,0.00016001600160016002,9.274728291058062e-05
388,0.00020002000200020003,0.00010001000100010001,7.032656531306261e-05,0.0005078540640949341,0.0004344302256467251
389,0.00010001000100010001,0.00010001000100010001,9.376875375075014e-05,0.0005488353713420123,0.00037671779638639145
390,0.00010001000100010001,0.00010001000100010001,0.0,0.00016001600160016002,9.274728291058062e-05
391,0.00010001000100010001,0.00010001000100010001,4.6976127123663476e-05,0.00043627004209854947,0.0003031114953619975
392,0.00010001000100010001,0.00010001000100010001,5.274492398479696e-06,0.000344862072414138,0.00024266433475105947
393,0.00010001000100010001,0.00010001000100010001,0.0,0.00016001600160016002,9.274728291058062e-05
394,0.00020002000200020003,0.00010001000100010001,1.582347719543909e-05,0.0007624045986688221,0.0005596819646899946
395,0.00010001000100010001,0.00010001000100010001,0.0012322777055411083,0.0030635596623962407,0.0006879925099504687
396,0.00010001000100010001,0.00010001000100010001,0.0,0.00016001600160016002,9.274728291058062e-05
397,0.00010001000100010001,0.00010001000100010001,0.0,0.0003669156724589657,0.0002542041366642649
398,0.00010001000100010001,0.00010001000100010001,9.376875375075014e-05,0.0007855441766979136,0.0005035597336138136
399,0.00010001000100010001,0.00010001000100010001,0.0,0.00016001600160016002,9.274728291058062e-05
400,0.00020002000200020003,0.00010001000100010001,5.274492398479696e-05,0.000902199520047882,0.0006057059473509942
401,0.00010001000100010001,0.00010001000100010001,0.0,0.0003482275938437217,0.00022999854768104462
402,0.00010001000100010001,0.00010001000100010001,3.7116798359671932e-06,0.00016001600160016002,9.274728291058062e-05
403,0.00010001000100010001,0.00010001000100010001,0.0,0.00028002800280028,0.00019085817017540629
404,0.00010001000100010001,0.00010001000100010001,9.494086317263453e-05,0.0011311365498377522,0.0005999200267058036
405,0.00010001000100010001,0.00010001000100010001,0.0,0.00016001600160016002,9.274728291058062e-05
406,0.00020002000200020003,0.00010001000100010001,2.3442188437687536e-05,0.000542911434000543,0.00037809762810221887
407,0.00010001000100010001,0.00010001000100010001,3.9070314062812564e-05,0.0006592816144359535,0.00046465598395995097
408,0.00010001000100010001,0.00010001000100010001,0.0,0.00016001600160016002,9.274728291058062e-05
409,0.00010001000100010001,0.00010001000100010001,1.5628125625125025e-05,0.0003605908628751915,0.0002837067789598051
410,0.00010001000100010001,0.00010001000100010001,5.8019416383276655e-05,0.0006671115660378703,0.00033837538892716437
411,0.00010001000100010001,0.00010001000100010001,0.0,0.00016001600160016002,9.274728291058062e-05
412,0.00020002000200020003,0.00010001000100010001,0.001234426572814563,0.0034610164951896054,0.0009239742961473555
413,0.00010001000100010001,0.00010001000100010001,6.954515903180636e-05,0.0005273964896489649,0.00037106919632627964
414,0.00010001000100010001,0.00010001000100010001,0.0,0.00016001600160016002,9.274728291058062e-05
415,0.00010001000100010001,0.00010001000100010001,0.00012990879425885178,0.0005972178034854996,0.0003837381265410364
416,0.00010001000100010001,0.00010001000100010001,5.469843968793759e-06,0.0005556248694176348,0.0004000596137137187
417,0.00010001000100010001,0.00010001000100010001,0.0,0.00016001600160016002,9.274728291058062e-05
418,0.00020002000200020003,0.00010001000100010001,7.032656531306261e-05,0.0011215033847574545,0.0007280198943795692
419,0.00010001000100010001,0.00010001000100010001,7.814062812562513e-06,0.00034132445502614773,0.0002518153659091453
420,0.00010001000100010001,0.00010001000100010001,7.814062812562513e-06,0.00016001600160016002,9.274728291058062e-05
421,0.00010001000100010001,0.00010001000100010001,2.3488063561831738e-05,0.00028061058533037774,0.00020352395724542116
422,0.00010001000100010001,0.00010001000100010001,6.25125025005001e-05,0.0007905760755001942,0.0005074408485375741
423,0.00010001000100010001,0.00010001000100010001,0.0,0.00016001600160016002,9.274728291058062e-05
424,0.00020002000200020003,0.00010001000100010001,2.7349219843968794e-06,0.0005033591594453563,0.00036525932699659576
425,0.00010001000100010001,0.00010001000100010001,0.0010537263702740547,0.0027389247068596765,0.0006447235331106786
426,0.00010001000100010001,0.00010001000100010001,0.0,0.00016001600160016002,9.274728291058062e-05
427,0.00010001000100010001,0.00010001000100010001,4.141453290658132e-05,0.00045002109010518454,0.00035041119223083934
428,0.00010001000100010001,0.00010001000100010001,1.9925860172034407e-05,0.0003482275938437217,0.00022999854768104462
429,0.00010001000100010001,0.00010001000100010001,0.0,0.00016001600160016002,9.274728291058062e-05
430,0.00020002000200020003,0.00010001000100010001,0.00025903618223644726,0.0011605489189389626,0.0006989811975590262
431,0.00010001000100010001,0.00010001000100010001,7.814062812562513e-05,0.0008795297135725382,0.0005406617308851422
432,0.00010001000100010001,0.00010001000100010001,0.0,0.00016001600160016002,9.274728291058062e-05
433,0.00010001000100010001,0.00010001000100010001,0.0005432727170434087,0.002131785075624773,0.00038784490603537025
434,0.00010001000100010001,0.00010001000100010001,1.582347719543909e-05,0.0005642646694170502,0.00039402675415703544
435,0.00010001000100010001,0.00010001000100010001,0.0,0.00016001600160016002,9.274728291058062e-05
436,0.00020002000200020003,0.00010001000100010001,0.00024711973644728945,0.001148126278052384,0.0007105510172564613
437,0.00010001000100010001,0.00010001000100010001,6.739629175835167e-05,0.00035283528352835283,0.0002484567257966273
438,0.00010001000100010001,0.00010001000100010001,0.0,0.00016001600160016002,9.274728291058062e-05
439,0.00010001000100010001,0.00010001000100010001,2.070726645329066e-05,0.00028002800280028,0.00019085817017540629
440,0.00010001000100010001,0.00010001000100010001,2.2465430586117223e-05,0.000489540479471676,0.00034858213147968516
441,0.00010001000100010001,0.00010001000100010001,5.274492398479696e-06,0.00016001600160016002,9.274728291058062e-05
442,0.00020002000200020003,0.00010001000100010001,4.4930861172234447e-05,0.0006487466072407616,0.0004617671744905698
443,0.00010001000100010001,0.00010001000100010001,4.141453290658132e-05,0.0005287925730146631,0.0004020150020749832
444,0.00010001000100010001,0.00010001000100010001,0.0,0.00016001600160016002,9.274728291058062e-05
445,0.00010001000100010001,0.00010001000100010001,0.001151206803860772,0.0028207221408772833,0.0005041412520637573
446,0.00010001000100010001,0.00010001000100010001,0.0,0.0003384953880003385,0.00024825811375828584
447,0.00010001000100010001,0.00010001000100010001,0.0,0.00016001600160016002,9.274728291058062e-05
448,0.00020002000200020003,0.00010001000100010001,1.7190938187637526e-05,0.0007883924487123268,0.0005426490402554504
449,0.00010001000100010001,0.00010001000100010001,0.00015725801410282057,0.0008723965960684765,0.0005320564989885721
450,0.00010001000100010001,0.00010001000100010001,0.0,0.00016001600160016002,9.274728291058062e-05
451,0.00010001000100010001,0.00010001000100010001,2.070726645329066e-05,0.0003625362536253625,0.0002654177926814509
452,0.00010001000100010001,0.00010001000100010001,5.469843968793759e-06,0.0007381638273596845,0.0004807092546757009
453,0.00010001000100010001,0.00010001000100010001,0.0,0.00016001600160016002,9.274728291058062e-05
454,0.00020002000200020003,0.00010001000100010001,2.7349219843968793e-05,0.0009224018224918315,0.0006253429484358168
455,0.00010001000100010001,0.00010001000100010001,7.814062812562513e-06,0.0003482275938437217,0.00022999854768104462
456,0.00010001000100010001,0.00010001000100010001,0.0,0.00016001600160016002,9.274728291058062e-05
457,0.00010001000100010001,0.00010001000100010001,2.500500100020004e-05,0.00028002800280028,0.00019085817017540629
458,0.00010001000100010001,0.00010001000100010001,2.7349219843968793e-05,0.0006305359082318039,0.00043285597436214197
459,0.00010001000100010001,0.00010001000100010001,0.0,0.00016001600160016002,9.274728291058062e-05
460,0.00020002000200020003,0.00010001000100010001,6.837304960992198e-06,0.000539030280980854,0.0003745403759513595
461,0.00010001000100010001,0.00010001000100010001,2.0511914882976595e-05,0.0006483195308406943,0.0004583345334787323
462,0.00010001000100010001,0.00010001000100010001,0.0,0.00016001600160016002,9.274728291058062e-05
463,0.00010001000100010001,0.00010001000100010001,0.0,0.00036486407261415797,0.0002526935696288664
464,0.00010001000100010001,0.00010001000100010001,8.595469093818763e-06,0.00034390231475977785,0.00026322763396467274
465,0.00010001000100010001,0.00010001000100010001,0.0,0.00016001600160016002,9.274728291058062e-05
466,0.00020002000200020003,0.00010001000100010001,0.001247124424884977,0.00335668373159453,0.0009107971805734669
467,0.00010001000100010001,0.00010001000100010001,4.922859571914383e-05,0.0005004361440005004,0.0003465195066205849
468,0.00010001000100010001,0.00010001000100010001,4.3061449863358186e-06,0.00016001600160016002,9.274728291058062e-05
469,0.00010001000100010001,0.00010001000100010001,1.2893203640728146e-05,0.0004543697613004544,0.00031285272221428633
470,0.00010001000100010001,0.00010001000100010001,5.001000200040008e-05,0.0004625462546254626,0.0003310676431464206
471,0.00010001000100010001,0.00010001000100010001,0.0,0.00016001600160016002,9.274728291058062e-05
472,0.00020002000200020003,0.00010001000100010001,7.521035457091418e-05,0.0012543189802851254,0.0007489769129170602
473,0.00010001000100010001,0.00010001000100010001,2.0511914882976595e-05,0.00031767882670620003,0.00022663003427889934
474,0.00010001000100010001,0.00010001000100010001,0.0,0.00016001600160016002,9.274728291058062e-05
475,0.00010001000100010001,0.00010001000100010001,0.0,0.0002564359000002564,0.00016221690095701024
476,0.00010001000100010001,0.00010001000100010001,7.521035457091418e-05,0.0008966374849143092,0.0005325739963183731
477,0.00010001000100010001,0.00010001000100010001,6.837304960992198e-06,0.00016001600160016002,9.274728291058062e-05
478,0.00020002000200020003,0.00010001000100010001,1.035363322664533e-05,0.0004599099365718885,0.0003138299993740742
479,0.00010001000100010001,0.00010001000100010001,0.0009647722108022386,0.0026119261258072362,0.0005736198864864804
480,0.00010001000100010001,0.00010001000100010001,0.0,0.00016001600160016002,9.274728291058062e-05
481,0.00010001000100010001,0.00010001000100010001,4.688437687537507e-05,0.0005299480364250685,0.00037570831830299577
482,0.00010001000100010001,0.00010001000100010001,0.0,0.00032611956847858694,0.00021396424720888444
483,0.00010001000100010001,0.00010001000100010001,4.2977345469093815e-06,0.00016001600160016002,9.274728291058062e-05
484,0.00020002000200020003,0.00010001000100010001,0.0010043024229845969,0.0029921498676923107,0.0009355891378411822
485,0.00010001000100010001,0.00010001000100010001,0.0002842365348069614,0.0010637321625150218,0.00054659244960579
486,0.00010001000100010001,0.00010001000100010001,0.0,0.00016001600160016002,9.274728291058062e-05
487,0.00010001000100010001,0.00010001000100010001,0.00011017828565713143,0.0003284112195003284,0.00024612616665948216
488,0.00010001000100010001,0.00010001000100010001,0.0004469643928785757,0.0020631898773529373,0.0004345673336988014
489,0.00010001000100010001,0.00010001000100010001,0.0,0.00016001600160016002,9.274728291058062e-05
490,0.00020002000200020003,0.00010001000100010001,2.148867273454691e-05,0.0009576530172101179,0.0006202432855267738
491,0.00010001000100010001,0.00010001000100010001,2.7544571414282857e-05,0.0003480461682531889,0.00026922246785881344
492,0.00010001000100010001,0.00010001000100010001,0.0,0.00016001600160016002,9.274728291058062e-05
493,0.00010001000100010001,0.00010001000100010001,0.0,0.0002564359000002564,0.00016221690095701024
494,0.00010001000100010001,0.00010001000100010001,1.875375075015003e-05,0.00044889985181724277,0.0003343067543594265
495,0.00010001000100010001,0.00010001000100010001,0.0,0.00016001600160016002,9.274728291058062e-05
496,0.00020002000200020003,0.00010001000100010001,0.0002793527455491098,0.0008222085847255113,0.00048820721725166614
497,0.00010001000100010001,0.00010001000100010001,2.148867273454691e-05,0.0004709449273100685,0.00033666142215364704
498,0.00010001000100010001,0.00010001000100010001,0.0,0.00016001600160016002,9.274728291058062e-05
499,0.00010001000100010001,0.00010001000100010001,3.750750150030006e-05,0.0005240939429406199,0.0003612172120647045
500,0.00010001000100010001,0.00010001000100010001,0.00017190938187637529,0.00044511003654524326,0.00026491304382050476
501,0.00010001000100010001,0.00010001000100010001,0.0,0.00016001600160016002,9.274728291058062e-05
502,0.00020002000200020003,0.00010001000100010001,0.0011603883276655332,0.0027821665345355994,0.0006366190941285681
503,0.00010001000100010001,0.00010001000100010001,2.5786407281456292e-05,0.0006446936253727675,0.0004341277822573408
504,0.00010001000100010001,0.00010001000100010001,0.0,0.00016001600160016002,9.274728291058062e-05
505,0.00010001000100010001,0.00010001000100010001,3.5749337367473495e-05,0.0003277980168219982,0.0002572875270367992
506,0.00010001000100010001,0.00010001000100010001,0.0002148867273454691,0.0009945632446252983,0.0005551259810680599
507,0.00010001000100010001,0.00010001000100010001,0.0,0.00016001600160016002,9.274728291058062e-05
508,0.00020002000200020003,0.00010001000100010001,7.501500300060012e-05,0.0007739588952849336,0.0005357951868801889
509,0.00010001000100010001,0.00010001000100010001,0.0,0.00032611956847858694,0.00021396424720888444
510,0.00010001000100010001,0.00010001000100010001,0.0,0.00016001600160016002,9.274728291058062e-05
511,0.00010001000100010001,0.00010001000100010001,0.0,0.0002564359000002564,0.00016221690095701024
512,0.00010001000100010001,0.00010001000100010001,1.7581641328265654e-05,0.0008568973873136243,0.000513918767266551
513,0.00010001000100010001,0.00010001000100010001,0.0,0.00016001600160016002,9.274728291058062e-05
514,0.00020002000200020003,0.00010001000100010001,4.8056486297259455e-05,0.0004446598506004446,0.00036112368408777105
515,0.00010001000100010001,0.00010001000100010001,4.8056486297259455e-05,0.0005233081447679652,0.00036450429264889376
516,0.00010001000100010001,0.00010001000100010001,0.0,0.00016001600160016002,9.274728291058062e-05
517,0.00010001000100010001,0.00010001000100010001,0.0,0.0003348436109433728,0.00024225304816393275
518,0.00010001000100010001,0.00010001000100010001,7.208472944588917e-05,0.00032525775100032526,0.00023242242532446717
519,0.00010001000100010001,0.00010001000100010001,0.0,0.00016001600160016002,9.274728291058062e-05
520,0.00020002000200020003,0.00010001000100010001,2.930273554710942e-05,0.0009508456771407982,0.0006690721055460167
521,0.00010001000100010001,0.00010001000100010001,4.8056486297259455e-05,0.00043337667100043335,0.00029606141917408815
522,0.00010001000100010001,0.00010001000100010001,5.860547109421884e-06,0.00016001600160016002,9.274728291058062e-05
523,0.00010001000100010001,0.00010001000100010001,2.4028243148629727e-05,0.00044408110535824224,0.0003070548833811789
524,0.00010001000100010001,0.00010001000100010001,1.1721094218843768e-05,0.000536067007035712,0.0003808157997797044
525,0.00010001000100010001,0.00010001000100010001,0.0,0.00016001600160016002,9.274728291058062e-05
526,0.00020002000200020003,0.00010001000100010001,0.00128092024654931,0.003233269586748035,0.000872096896165743
527,0.00010001000100010001,0.00010001000100010001,0.0,0.00029266995963665634,0.00024190405143578142
528,0.00010001000100010001,0.00010001000100010001,0.0,0.00016001600160016002,9.274728291058062e-05
529,0.00010001000100010001,0.00010001000100010001,0.0,0.0002564359000002564,0.00016221690095701024
530,0.00010001000100010001,0.00010001000100010001,7.208472944588917e-05,0.0005963737399380963,0.0004141712895566103
531,0.00010001000100010001,0.00010001000100010001,0.0,0.00016001600160016002,9.274728291058062e-05
532,0.00020002000200020003,0.00010001000100010001,5.860547109421884e-06,0.0004630092638893519,0.00031027274722321484
533,0.00010001000100010001,0.00010001000100010001,4.688437687537507e-05,0.0006070753894312759,0.00041447761140484267
534,0.00010001000100010001,0.00010001000100010001,0.0,0.00016001600160016002,9.274728291058062e-05
535,0.00010001000100010001,0.00010001000100010001,4.2977345469093815e-06,0.00039826991548712397,0.00027886947779404744
536,0.00010001000100010001,0.00010001000100010001,0.0,0.00032611956847858694,0.00021396424720888444
537,0.00010001000100010001,0.00010001000100010001,0.0,0.00016001600160016002,9.274728291058062e-05
538,0.00020002000200020003,0.00010001000100010001,0.00010548984796959392,0.0012047250965625026,0.0007286855658447907
539,0.00010001000100010001,0.00010001000100010001,9.376875375075015e-06,0.0005363417228149408,0.00037569881685528973
540,0.00010001000100010001,0.00010001000100010001,0.0,0.00016001600160016002,9.274728291058062e-05
541,0.00010001000100010001,0.00010001000100010001,1.68002350470094e-05,0.0003252357756100813,0.00022779800634057734
542,0.00010001000100010001,0.00010001000100010001,4.2000587617523505e-05,0.0006167283395006167,0.0004389610440802502
543,0.00010001000100010001,0.00010001000100010001,0.0,0.00016001600160016002,9.274728291058062e-05
544,0.00020002000200020003,0.00010001000100010001,1.3283906781356272e-05,0.0008122627549379142,0.0005653234770461662
545,0.00010001000100010001,0.00010001000100010001,1.68002350470094e-05,0.0003374938132790915,0.00026446407921527774
546,0.00010001000100010001,0.00010001000100010001,0.0,0.00016001600160016002,9.274728291058062e-05
547,0.00010001000100010001,0.00010001000100010001,0.0,0.0002564359000002564,0.00016221690095701024
548,0.00010001000100010001,0.00010001000100010001,1.7972344468893778e-05,0.00040638392197428697,0.00030975706465373177
549,0.00010001000100010001,0.00010001000100010001,0.0,0.00016001600160016002,9.274728291058062e-05
550,0.00020002000200020003,0.00010001000100010001,5.4022546192213e-05,0.0005062489720046384,0.0003560402080114154
551,0.00010001000100010001,0.00010001000100010001,1.68002350470094e-05,0.00044739768094456504,0.0003305836146633937
552,0.00010001000100010001,0.00010001000100010001,0.0,0.00016001600160016002,9.274728291058062e-05
553,0.00010001000100010001,0.00010001000100010001,7.985941611022791e-05,0.00040356976874158005,0.00030229645917264486
554,0.00010001000100010001,0.00010001000100010001,3.320976695339068e-06,0.00032114322543365446,0.00022307278212803995
555,0.00010001000100010001,0.00010001000100010001,0.0,0.00016001600160016002,9.274728291058062e-05
556,0.00020002000200020003,0.00010001000100010001,8.4001175235047e-06,0.000627955970671251,0.00044232188059590877
557,0.00010001000100010001,0.00010001000100010001,6.72009401880376e-05,0.0007356358736177569,0.0004815963136170291
558,0.00010001000100010001,0.00010001000100010001,0.0,0.00016001600160016002,9.274728291058062e-05
559,0.00010001000100010001,0.00010001000100010001,3.399117323464693e-05,0.0003166983365003167,0.00022200561529500947
560,0.00010001000100010001,0.00010001000100010001,2.3246836867373475e-05,0.0006204732073794751,0.0004242228077533398
561,0.00010001000100010001,0.00010001000100010001,0.0,0.00016001600160016002,9.274728291058062e-05
562,0.00020002000200020003,0.00010001000100010001,5.8800822664532904e-05,0.0008231518595504634,0.0005780986687665937
563,0.00010001000100010001,0.00010001000100010001,1.68002350470094e-05,0.00032611956847858694,0.00021396424720888444
564,0.00010001000100010001,0.00010001000100010001,0.0,0.00016001600160016002,9.274728291058062e-05
565,0.00010001000100010001,0.00010001000100010001,3.320976695339068e-06,0.0002564359000002564,0.00016221690095701024
566,0.00010001000100010001,0.00010001000100010001,0.0010724801210242048,0.002602515514219082,0.0005189220531056298
567,0.00010001000100010001,0.00010001000100010001,0.0,0.00016001600160016002,9.274728291058062e-05
568,0.00020002000200020003,0.00010001000100010001,2.0511914882976595e-05,0.0004334881648699987,0.0003374665222555201
569,0.00010001000100010001,0.00010001000100010001,4.375875175035007e-05,0.0004418177456340168,0.0003730810761963775
570,0.00010001000100010001,0.00010001000100010001,0.0,0.00016001600160016002,9.274728291058062e-05
571,0.00010001000100010001,0.00010001000100010001,0.0,0.0003348436109433728,0.00024225304816393275
572,0.00010001000100010001,0.00010001000100010001,0.0,0.0003248647012352242,0.00024220120686211643
573,0.00010001000100010001,0.00010001000100010001,0.0,0.00016001600160016002,9.274728291058062e-05
574,0.00020002000200020003,0.00010001000100010001,8.400117523504701e-05,0.0009460185148949677,0.000632193327586185
575,0.00010001000100010001,0.00010001000100010001,3.907031406281256e-06,0.0004254331683168317,0.00031403019240069295
576,0.00010001000100010001,0.00010001000100010001,0.0,0.00016001600160016002,9.274728291058062e-05
577,0.00010001000100010001,0.00010001000100010001,0.0005977758051610322,0.002185033456187978,0.0004004526903522544
578,0.00010001000100010001,0.00010001000100010001,1.1721094218843768e-05,0.00045041268832765624,0.0003239531388447018
579,0.00010001000100010001,0.00010001000100010001,0.0,0.00016001600160016002,9.274728291058062e-05
580,0.00020002000200020003,0.00010001000100010001,0.00013830891178235648,0.000942119528408537,0.0006361837907287964
581,0.00010001000100010001,0.00010001000100010001,6.915445589117824e-05,0.0003158524807704651,0.0002592892544947528
582,0.00010001000100010001,0.00010001000100010001,2.305148529705941e-05,0.00016001600160016002,9.274728291058062e-05
583,0.00010001000100010001,0.00010001000100010001,0.0,0.0002564359000002564,0.00016221690095701024
584,0.00010001000100010001,0.00010001000100010001,0.00013830891178235648,0.0005780413432289731,0.0003985088242128427
585,0.00010001000100010001,0.00010001000100010001,0.0,0.00016001600160016002,9.274728291058062e-05
586,0.00020002000200020003,0.00010001000100010001,2.305148529705941e-05,0.00045061977462114027,0.00031942377838130065
587,0.00010001000100010001,0.00010001000100010001,0.0002309659583580121,0.0008105844274478974,0.0005027302400572165
588,0.00010001000100010001,0.00010001000100010001,0.0,0.00016001600160016002,9.274728291058062e-05
589,0.00010001000100010001,0.00010001000100010001,4.610297059411882e-05,0.0004935506813280798,0.0003339838288893497
590,0.00010001000100010001,0.00010001000100010001,0.0,0.00032611956847858694,0.00021396424720888444
591,0.00010001000100010001,0.00010001000100010001,0.0,0.00016001600160016002,9.274728291058062e-05
592,0.00020002000200020003,0.00010001000100010001,1.465136777355471e-05,0.0008042492360404337,0.000587844340470851
593,0.00010001000100010001,0.00010001000100010001,0.0011998493448689739,0.0029671565840397357,0.0006234048047737148
594,0.00010001000100010001,0.00010001000100010001,0.0,0.00016001600160016002,9.274728291058062e-05
595,0.00010001000100010001,0.00010001000100010001,0.0,0.0003329812750061133,0.000241134040029086
596,0.00010001000100010001,0.00010001000100010001,0.0,0.0004947059591455329,0.0003400487655001335
597,0.00010001000100010001,0.00010001000100010001,0.0,0.00016001600160016002,9.274728291058062e-05
598,0.00020002000200020003,0.00010001000100010001,0.00016136039707941588,0.0009370546910953928,0.0006181811445671419
599,0.00010001000100010001,0.00010001000100010001,2.305148529705941e-05,0.00032730545781850913,0.0002288651731736078
600,0.00010001000100010001,0.00010001000100010001,0.0,0.00016001600160016002,9.274728291058062e-05
601,0.00010001000100010001,0.00010001000100010001,0.0,0.0002564359000002564,0.00016221690095701024
602,0.00010001000100010001,0.00010001000100010001,3.320976695339068e-06,0.0004340711848962674,0.0002925041670232288
603,0.00010001000100010001,0.00010001000100010001,0.0,0.00016001600160016002,9.274728291058062e-05
604,0.00020002000200020003,0.00010001000100010001,3.3209766953390675e-05,0.0005722333030645256,0.000419901747061288
605,0.00010001000100010001,0.00010001000100010001,0.0,0.00044451560540669454,0.00033682418833829906
606,0.00010001000100010001,0.00010001000100010001,0.0,0.00016001600160016002,9.274728291058062e-05
607,0.00010001000100010001,0.00010001000100010001,8.4001175235047e-06,0.0005183877401607649,0.0003495405808779853
608,0.00010001000100010001,0.00010001000100010001,0.0,0.00032114322543365446,0.00022307278212803995
609,0.00010001000100010001,0.00010001000100010001,2.559105571114223e-05,0.00016001600160016002,9.274728291058062e-05
610,0.00020002000200020003,0.00010001000100010001,2.9693438687737546e-05,0.0006511067773444012,0.00045664965728617487
611,0.00010001000100010001,0.00010001000100010001,3.711679835967193e-05,0.000667124209602471,0.00046204416473486745
612,0.00010001000100010001,0.00010001000100010001,7.4233596719343865e-06,0.00016001600160016002,9.274728291058062e-05
613,0.00010001000100010001,0.00010001000100010001,0.0,0.0003166983365003167,0.00022200561529500947
614,0.00010001000100010001,0.00010001000100010001,2.227007901580316e-05,0.0005959330458492892,0.00042866761769130667
615,0.00010001000100010001,0.00010001000100010001,0.0,0.00016001600160016002,9.274728291058062e-05
616,0.00020002000200020003,0.00010001000100010001,6.348926035207042e-05,0.0008528554320633529,0.0005486444216519918
617,0.00010001000100010001,0.00010001000100010001,0.0,0.00032611956847858694,0.00021396424720888444
618,0.00010001000100010001,0.00010001000100010001,0.0,0.00016001600160016002,9.274728291058062e-05
619,0.00010001000100010001,0.00010001000100010001,0.0,0.0002564359000002564,0.00016221690095701024
620,0.00010001000100010001,0.00010001000100010001,8.497793308661733e-05,0.0005607347161861895,0.00039442771066941203
621,0.00010001000100010001,0.00010001000100010001,0.0,0.00016001600160016002,9.274728291058062e-05
622,0.00020002000200020003,0.00010001000100010001,3.399117323464693e-05,0.0004694913935838028,0.00031606513826878263
623,0.00010001000100010001,0.00010001000100010001,0.00015354633426685338,0.0006560418476888521,0.00043363707318610486
624,0.00010001000100010001,0.00010001000100010001,0.0,0.00016001600160016002,9.274728291058062e-05
625,0.00010001000100010001,0.00010001000100010001,4.8837892578515705e-06,0.00033616807058857147,0.0002331020170058469
626,0.00010001000100010001,0.00010001000100010001,2.559105571114223e-05,0.00029853731641820894,0.00022496161408364963
627,0.00010001000100010001,0.00010001000100010001,0.0,0.00015001500150015003,7.96926926625366e-05
628,0.00020002000200020003,0.00010001000100010001,6.681023704740949e-05,0.0010877492243606382,0.0006758855612584797
629,0.00010001000100010001,0.00010001000100010001,7.4233596719343865e-06,0.00040182589687540177,0.0002952122279449877
630,0.00010001000100010001,0.00010001000100010001,0.0,0.00015001500150015003,7.96926926625366e-05
631,0.00010001000100010001,0.00010001000100010001,2.227007901580316e-05,0.0002557777901683974,0.00018951406656499167
632,0.00010001000100010001,0.00010001000100010001,2.9693438687737546e-05,0.0004368618680049823,0.00030527867158669806
633,0.00010001000100010001,0.00010001000100010001,0.0,0.00015001500150015003,7.96926926625366e-05
634,0.00020002000200020003,0.00010001000100010001,8.165695639127826e-05,0.0009530816278157678,0.0006320783927916071
635,0.00010001000100010001,0.00010001000100010001,1.1721094218843768e-05,0.0002977041890235535,0.0002100181918799959
636,0.00010001000100010001,0.00010001000100010001,0.0,0.00015001500150015003,7.96926926625366e-05
637,0.00010001000100010001,0.00010001000100010001,1.0939687937587518e-05,0.00020418708537520418,0.00012863396754391693
638,0.00010001000100010001,0.00010001000100010001,0.001017390978195639,0.00267026797373718,0.000579088378833873
639,0.00010001000100010001,0.00010001000100010001,0.0,0.00015001500150015003,7.96926926625366e-05
640,0.00020002000200020003,0.00010001000100010001,2.3442188437687538e-06,0.00038537187052038534,0.00024695715990865014
641,0.00010001000100010001,0.00010001000100010001,3.985172034406881e-05,0.0005422319453472256,0.0004273278114835139
642,0.00010001000100010001,0.00010001000100010001,0.0,0.00015001500150015003,7.96926926625366e-05
643,0.00010001000100010001,0.00010001000100010001,4.8837892578515705e-06,0.00042931122380530733,0.0002915956306308384
644,0.00010001000100010001,0.00010001000100010001,1.9535157031406282e-05,0.00030156861840030156,0.0002009096569608404
645,0.00010001000100010001,0.00010001000100010001,0.0,0.00015001500150015003,7.96926926625366e-05
646,0.00020002000200020003,0.00010001000100010001,0.00027349219843968793,0.0011328377891061557,0.0006549051028056635
647,0.00010001000100010001,0.00010001000100010001,7.423359671934386e-05,0.0008509254286773215,0.0005039037266401529
648,0.00010001000100010001,0.00010001000100010001,0.0,0.00015001500150015003,7.96926926625366e-05
649,0.00010001000100010001,0.00010001000100010001,0.00011252250450090018,0.00023498284787828376,0.000182741985103254
650,0.00010001000100010001,0.00010001000100010001,0.0005030302935587117,0.0021066746277840893,0.0004235496328671135
651,0.00010001000100010001,0.00010001000100010001,0.0,0.00015001500150015003,7.96926926625366e-05
652,0.00020002000200020003,0.00010001000100010001,1.9535157031406282e-05,0.0007602111562507603,0.000518653169987331
653,0.00010001000100010001,0.00010001000100010001,4.8837892578515705e-06,0.0003115696185003116,0.00024282340628674126
654,0.00010001000100010001,0.00010001000100010001,0.0,0.00015001500150015003,7.96926926625366e-05
655,0.00010001000100010001,0.00010001000100010001,0.0,0.00020418708537520418,0.00012863396754391693
656,0.00010001000100010001,0.00010001000100010001,6.622418233646729e-05,0.0004126728462319916,0.00029278561046369337
657,0.00010001000100010001,0.00010001000100010001,0.0,0.00015001500150015003,7.96926926625366e-05
658,0.00020002000200020003,0.00010001000100010001,1.9925860172034407e-05,0.00041254125412541255,0.0003092333010612454
659,0.00010001000100010001,0.00010001000100010001,3.985172034406881e-05,0.0003994974542662223,0.0003218582255666992
660,0.00010001000100010001,0.00010001000100010001,2.20747274454891e-05,0.00015001500150015003,7.96926926625366e-05
661,0.00010001000100010001,0.00010001000100010001,0.00024282200190038007,0.0007207040971493078,0.0003723221647940612
662,0.00010001000100010001,0.00010001000100010001,9.767578515703141e-06,0.0002888288828882888,0.00021916922303808175
663,0.00010001000100010001,0.00010001000100010001,0.0,0.00015001500150015003,7.96926926625366e-05
664,0.00020002000200020003,0.00010001000100010001,4.41494548909782e-05,0.0006744897597329453,0.00048351797113866844
665,0.00010001000100010001,0.00010001000100010001,3.985172034406881e-05,0.0005443884348673436,0.000403731465074809
666,0.00010001000100010001,0.00010001000100010001,0.0,0.00015001500150015003,7.96926926625366e-05
667,0.00010001000100010001,0.00010001000100010001,0.0,0.00022409648372244628,0.00015869002798044477
668,0.00010001000100010001,0.00010001000100010001,0.0011996539932986596,0.0028705146038190575,0.0005951735269245807
669,0.00010001000100010001,0.00010001000100010001,1.3479258351670334e-05,0.00015001500150015003,7.96926926625366e-05
670,0.00020002000200020003,0.00010001000100010001,1.3479258351670334e-05,0.0006792198654494425,0.00047177517429212334
671,0.00010001000100010001,0.00010001000100010001,1.5628125625125025e-06,0.00030156861840030156,0.0002009096569608404
672,0.00010001000100010001,0.00010001000100010001,0.0,0.00015001500150015003,7.96926926625366e-05
673,0.00010001000100010001,0.00010001000100010001,0.0,0.00020418708537520418,0.00012863396754391693
674,0.00010001000100010001,0.00010001000100010001,0.00015452309211842367,0.0008446752483338645,0.0004976864465948808
675,0.00010001000100010001,0.00010001000100010001,0.0,0.00015001500150015003,7.96926926625366e-05
676,0.00020002000200020003,0.00010001000100010001,1.9925860172034407e-05,0.00036888934795118854,0.000288870909234551
677,0.00010001000100010001,0.00010001000100010001,5.977758051610322e-05,0.0004665189551025073,0.0003350960417245066
678,0.00010001000100010001,0.00010001000100010001,0.0,0.00015001500150015003,7.96926926625366e-05
679,0.00010001000100010001,0.00010001000100010001,1.250250050010002e-05,0.0002779124066252779,0.0001995190835927537
680,0.00010001000100010001,0.00010001000100010001,2.3442188437687538e-06,0.00030424095041083055,0.0002158105829255638
681,0.00010001000100010001,0.00010001000100010001,0.0,0.00015001500150015003,7.96926926625366e-05
682,0.00020002000200020003,0.00010001000100010001,2.3442188437687536e-05,0.0009125912591259126,0.0006017014678141156
683,0.00010001000100010001,0.00010001000100010001,1.4846719343868773e-05,0.0004114697184004115,0.00027944957677518477
684,0.00010001000100010001,0.00010001000100010001,0.0,0.00015001500150015003,7.96926926625366e-05
685,0.00010001000100010001,0.00010001000100010001,2.4614297859571916e-05,0.00029808333631416666,0.0002262679537579771
686,0.00010001000100010001,0.00010001000100010001,4.922859571914383e-05,0.00044333437672771606,0.0003094636741171209
687,0.00010001000100010001,0.00010001000100010001,0.0,0.00015001500150015003,7.96926926625366e-05
688,0.00020002000200020003,0.00010001000100010001,5.8019416383276655e-05,0.000993561785837637,0.0006882651985310861
689,0.00010001000100010001,0.00010001000100010001,0.0,0.0002977041890235535,0.0002100181918799959
690,0.00010001000100010001,0.00010001000100010001,2.4614297859571916e-05,0.00015001500150015003,7.96926926625366e-05
691,0.00010001000100010001,0.00010001000100010001,0.0,0.00020418708537520418,0.00012863396754391693
692,0.00010001000100010001,0.00010001000100010001,1.9339805461092218e-05,0.0006495113179137982,0.00044442232651403975
693,0.00010001000100010001,0.00010001000100010001,0.0,0.00015001500150015003,7.96926926625366e-05
694,0.00020002000200020003,0.00010001000100010001,4.922859571914383e-05,0.00038537187052038534,0.00024695715990865014
695,0.00010001000100010001,0.00010001000100010001,0.0001476857871574315,0.0006536156574237304,0.000433913703831869
696,0.00010001000100010001,0.00010001000100010001,0.0,0.00015001500150015003,7.96926926625366e-05
697,0.00010001000100010001,0.00010001000100010001,0.0,0.0003515976597659766,0.00025189816439267137
698,0.00010001000100010001,0.00010001000100010001,0.0,0.00030156861840030156,0.0002009096569608404
699,0.00010001000100010001,0.00010001000100010001,0.0,0.00015001500150015003,7.96926926625366e-05
700,0.00020002000200020003,0.00010001000100010001,0.0012494686437287458,0.0032365243758309555,0.0008079421505378709
701,0.00010001000100010001,0.00010001000100010001,8.009414382876575e-05,0.0005223686210428953,0.0003636359696090031
702,0.00010001000100010001,0.00010001000100010001,0.0,0.00015001500150015003,7.96926926625366e-05
703,0.00010001000100010001,0.00010001000100010001,0.0,0.00023335666900023335,0.0001735909539451681
704,0.00010001000100010001,0.00010001000100010001,1.5628125625125025e-05,0.0005244476060509277,0.00036357538726641266
705,0.00010001000100010001,0.00010001000100010001,0.0,0.00015001500150015003,7.96926926625366e-05
706,0.00020002000200020003,0.00010001000100010001,7.384289357871574e-05,0.0006174133395074667,0.00043927935878106296
707,0.00010001000100010001,0.00010001000100010001,2.4614297859571916e-05,0.0002827205797502827,0.00022321072837080302
708,0.00010001000100010001,0.00010001000100010001,6.446601820364073e-06,0.00015001500150015003,7.96926926625366e-05
709,0.00010001000100010001,0.00010001000100010001,0.0,0.00020418708537520418,0.00012863396754391693
710,0.00010001000100010001,0.00010001000100010001,1.9339805461092218e-05,0.00038823758152212737,0.0002770158258421349
711,0.00010001000100010001,0.00010001000100010001,0.0,0.00015001500150015003,7.96926926625366e-05
712,0.00020002000200020003,0.00010001000100010001,0.0,0.0003846538500003847,0.0002628802725284737
713,0.00010001000100010001,0.00010001000100010001,4.8837892578515705e-06,0.0003977841393161872,0.0002696419323727532
714,0.00010001000100010001,0.00010001000100010001,0.0,0.00015001500150015003,7.96926926625366e-05
715,0.00010001000100010001,0.00010001000100010001,1.9535157031406282e-05,0.00032193695560032195,0.00023665188293946424
716,0.00010001000100010001,0.00010001000100010001,6.446601820364073e-06,0.0003018158958753018,0.00019511726591527254
717,0.00010001000100010001,0.00010001000100010001,0.0,0.00015001500150015003,7.96926926625366e-05
718,0.00020002000200020003,0.00010001000100010001,9.962930086017203e-06,0.0005420896071908076,0.0003766333621169968
719,0.00010001000100010001,0.00010001000100010001,0.0009464783581716343,0.002551543811678716,0.0005277159942078733
720,0.00010001000100010001,0.00010001000100010001,0.0,0.00015001500150015003,7.96926926625366e-05
721,0.00010001000100010001,0.00010001000100010001,8.986172234446889e-06,0.0002222444466668889,0.0001528976369348769
722,0.00010001000100010001,0.00010001000100010001,4.4930861172234447e-05,0.0005904380525516108,0.0004307040591059461
723,0.00010001000100010001,0.00010001000100010001,0.0,0.00015001500150015003,7.96926926625366e-05
724,0.00020002000200020003,0.00010001000100010001,7.814062812562513e-06,0.0006783287024354609,0.0004769315741803212
725,0.00010001000100010001,0.00010001000100010001,7.814062812562513e-06,0.0003018158958753018,0.00019511726591527254
726,0.00010001000100010001,0.00010001000100010001,0.0,0.00015001500150015003,7.96926926625366e-05
727,0.00010001000100010001,0.00010001000100010001,0.0,0.00020418708537520418,0.00012863396754391693
728,0.00010001000100010001,0.00010001000100010001,0.00029693438687737546,0.0010326372487561876,0.0005081886709158837
729,0.00010001000100010001,0.00010001000100010001,0.0,0.00015001500150015003,7.96926926625366e-05
730,0.00020002000200020003,0.00010001000100010001,1.8558399179835966e-05,0.00034702265407263617,0.0002692582313186127
731,0.00010001000100010001,0.00010001000100010001,0.00010861547309461893,0.0004278552855285529,0.00031536545087806634
732,0.00010001000100010001,0.00010001000100010001,1.8558399179835966e-05,0.00015001500150015003,7.96926926625366e-05
733,0.00010001000100010001,0.00010001000100010001,0.0,0.00026002600260026,0.00017882576658246243
734,0.00010001000100010001,0.00010001000100010001,0.0,0.00029229442281244696,0.00022996584558022173
735,0.00010001000100010001,0.00010001000100010001,0.0,0.00015001500150015003,7.96926926625366e-05
736,0.00020002000200020003,0.00010001000100010001,2.3442188437687536e-05,0.000938018209252059,0.0005980169613623263
737,0.00010001000100010001,0.00010001000100010001,5.4307736547309465e-05,0.0003964441387959021,0.00030778885910362366
738,0.00010001000100010001,0.00010001000100010001,0.0,0.00015001500150015003,7.96926926625366e-05
739,0.00010001000100010001,0.00010001000100010001,0.0,0.0003124636788003125,0.00022637250865967744
740,0.00010001000100010001,0.00010001000100010001,0.0,0.0003930625620701605,0.00027879296353083903
741,0.00010001000100010001,0.00010001000100010001,0.0,0.00015001500150015003,7.96926926625366e-05
742,0.00020002000200020003,0.00010001000100010001,5.391703340668134e-05,0.0007775930032027594,0.000549069750086436
743,0.00010001000100010001,0.00010001000100010001,0.0,0.0003018158958753018,0.00019511726591527254
744,0.00010001000100010001,0.00010001000100010001,0.0,0.00015001500150015003,7.96926926625366e-05
745,0.00010001000100010001,0.00010001000100010001,1.7581641328265654e-05,0.00020418708537520418,0.00012863396754391693
746,0.00010001000100010001,0.00010001000100010001,2.3442188437687536e-05,0.0004991065144250273,0.0003565135035816407
747,0.00010001000100010001,0.00010001000100010001,8.986172234446889e-06,0.00015001500150015003,7.96926926625366e-05
748,0.00020002000200020003,0.00010001000100010001,8.986172234446889e-06,0.00038791757963675157,0.0002411647688630823
749,0.00010001000100010001,0.00010001000100010001,4.4930861172234447e-05,0.0006781120916519697,0.0004516863374167858
750,0.00010001000100010001,0.00010001000100010001,0.0,0.00015001500150015003,7.96926926625366e-05
751,0.00010001000100010001,0.00010001000100010001,5.0791408281656336e-06,0.0003147855769183476,0.00022877822990108584
752,0.00010001000100010001,0.00010001000100010001,2.1097969593918783e-05,0.0003018158958753018,0.00019511726591527254
753,0.00010001000100010001,0.00010001000100010001,0.0,0.00015001500150015003,7.96926926625366e-05
754,0.00020002000200020003,0.00010001000100010001,0.0011252250450090018,0.0027130428030518036,0.0006098484831143471
755,0.00010001000100010001,0.00010001000100010001,3.750750150030006e-05,0.0006425140930143701,0.00042693294875656104
756,0.00010001000100010001,0.00010001000100010001,0.0,0.00015001500150015003,7.96926926625366e-05
757,0.00010001000100010001,0.00010001000100010001,2.1097969593918783e-05,0.00023531764941200003,0.00018774621659982605
758,0.00010001000100010001,0.00010001000100010001,3.457722794558912e-05,0.00038382575799108154,0.00032342953375068793
759,0.00010001000100010001,0.00010001000100010001,0.0,0.00015001500150015003,7.96926926625366e-05
760,0.00020002000200020003,0.00010001000100010001,0.00023207766553310662,0.0010329281860461822,0.0006011615079294614
761,0.00010001000100010001,0.00010001000100010001,0.0,0.0002977041890235535,0.0002100181918799959
762,0.00010001000100010001,0.00010001000100010001,0.0,0.00015001500150015003,7.96926926625366e-05
763,0.00010001000100010001,0.00010001000100010001,0.0,0.00020418708537520418,0.00012863396754391693
764,0.00010001000100010001,0.00010001000100010001,0.0,0.00039676098757416726,0.00026786479468404907
765,0.00010001000100010001,0.00010001000100010001,0.0,0.00015001500150015003,7.96926926625366e-05
766,0.00020002000200020003,0.00010001000100010001,0.0,0.00037406338036401047,0.0002762163062169823
767,0.00010001000100010001,0.00010001000100010001,1.5628125625125025e-06,0.0004004076878276063,0.0002966547557339307
768,0.00010001000100010001,0.00010001000100010001,0.0,0.00015001500150015003,7.96926926625366e-05
769,0.00010001000100010001,0.00010001000100010001,1.2893203640728146e-05,0.0003803011880135382,0.0002674589572716921
770,0.00010001000100010001,0.00010001000100010001,0.0,0.0003018158958753018,0.00019511726591527254
771,0.00010001000100010001,0.00010001000100010001,0.0,0.00015001500150015003,7.96926926625366e-05
772,0.00020002000200020003,0.00010001000100010001,4.72750800160032e-05,0.0005042521058828572,0.00041080304932264455
773,0.00010001000100010001,0.00010001000100010001,4.736759484969401e-05,0.0005408540854085408,0.00037662997751445655
774,0.00010001000100010001,0.00010001000100010001,0.0,0.00015001500150015003,7.96926926625366e-05
775,0.00010001000100010001,0.00010001000100010001,0.0,0.0002222444466668889,0.0001528976369348769
776,0.00010001000100010001,0.00010001000100010001,2.3683797424847003e-05,0.0004520226033902825,0.00036839699921765784
777,0.00010001000100010001,0.00010001000100010001,0.0,0.00015001500150015003,7.96926926625366e-05
778,0.00020002000200020003,0.00010001000100010001,9.45501600320064e-05,0.0005975906232598568,0.0004137756496929017
779,0.00010001000100010001,0.00010001000100010001,1.1525742648529706e-05,0.0003018158958753018,0.00019511726591527254
780,0.00010001000100010001,0.00010001000100010001,0.0,0.00015001500150015003,7.96926926625366e-05
781,0.00010001000100010001,0.00010001000100010001,0.0,0.00020418708537520418,0.00012863396754391693
782,0.00010001000100010001,0.00010001000100010001,4.72750800160032e-05,0.0004714757190004715,0.00032718000142890896
783,0.00010001000100010001,0.00010001000100010001,2.36375400080016e-05,0.00015001500150015003,7.96926926625366e-05
784,0.00020002000200020003,0.00010001000100010001,5.469843968793759e-06,0.00037607927459412606,0.0002560656948278056
785,0.00010001000100010001,0.00010001000100010001,4.72750800160032e-05,0.0005134316248526261,0.00035938644870949285
786,0.00010001000100010001,0.00010001000100010001,0.0,0.00015001500150015003,7.96926926625366e-05
787,0.00010001000100010001,0.00010001000100010001,1.1525742648529706e-05,0.00026002600260026,0.00017882576658246243
788,0.00010001000100010001,0.00010001000100010001,5.469843968793759e-06,0.00028473435578852004,0.00022578084304979894
789,0.00010001000100010001,0.00010001000100010001,0.0,0.00015001500150015003,7.96926926625366e-05
790,0.00020002000200020003,0.00010001000100010001,0.0012484918858771754,0.00312790010848352,0.0007799811950566505
791,0.00010001000100010001,0.00010001000100010001,3.0084141828365674e-05,0.00035591794473565004,0.0002880513032379826
792,0.00010001000100010001,0.00010001000100010001,0.0,0.00015001500150015003,7.96926926625366e-05
793,0.00010001000100010001,0.00010001000100010001,0.0,0.00023616819513276626,0.00017461314060026836
794,0.00010001000100010001,0.00010001000100010001,0.0,0.0003977841393161872,0.0002696419323727532
795,0.00010001000100010001,0.00010001000100010001,0.0,0.00015001500150015003,7.96926926625366e-05
796,0.00020002000200020003,0.00010001000100010001,9.45501600320064e-05,0.0008384140121792065,0.0005630014581957495
797,0.00010001000100010001,0.00010001000100010001,2.36375400080016e-05,0.0003018158958753018,0.00019511726591527254
798,0.00010001000100010001,0.00010001000100010001,0.0,0.00015001500150015003,7.96926926625366e-05
799,0.00010001000100010001,0.00010001000100010001,0.0,0.00020418708537520418,0.00012863396754391693
800,0.00010001000100010001,0.00010001000100010001,4.922859571914383e-05,0.0006100873939636708,0.0004127357003156306
801,0.00010001000100010001,0.00010001000100010001,0.0,0.00015001500150015003,7.96926926625366e-05
802,0.00020002000200020003,0.00010001000100010001,0.0,0.00038791757963675157,0.0002411647688630823
803,0.00010001000100010001,0.00010001000100010001,3.907031406281256e-06,0.0005261395704787869,0.0003607379968381811
804,0.00010001000100010001,0.00010001000100010001,3.907031406281256e-06,0.00015001500150015003,7.96926926625366e-05
805,0.00010001000100010001,0.00010001000100010001,2.7349219843968793e-05,0.0004486757547605801,0.0002977145436359174
806,0.00010001000100010001,0.00010001000100010001,0.0,0.0003018158958753018,0.00019511726591527254
807,0.00010001000100010001,0.00010001000100010001,0.0,0.00015001500150015003,7.96926926625366e-05
808,0.00020002000200020003,0.00010001000100010001,9.845719143828766e-05,0.0011736716690004686,0.0006763665088921584
809,0.00010001000100010001,0.00010001000100010001,8.986172234446889e-06,0.000551114433477246,0.0003847180212535776
810,0.00010001000100010001,0.00010001000100010001,0.0,0.00015001500150015003,7.96926926625366e-05
811,0.00010001000100010001,0.00010001000100010001,0.0,0.0002234706229243614,0.00018099109939040734
812,0.00010001000100010001,0.00010001000100010001,2.4028243148629727e-05,0.00043482609130478266,0.0003021233550476573
813,0.00010001000100010001,0.00010001000100010001,0.0,0.00015001500150015003,7.96926926625366e-05
814,0.00020002000200020003,0.00010001000100010001,4.0047071914382874e-05,0.0006785407856413835,0.0005172323409558451
815,0.00010001000100010001,0.00010001000100010001,0.0,0.0002959312324675091,0.00022078411088950864
816,0.00010001000100010001,0.00010001000100010001,0.0,0.00015001500150015003,7.96926926625366e-05
817,0.00010001000100010001,0.00010001000100010001,0.0,0.00020418708537520418,0.00012863396754391693
818,0.00010001000100010001,0.00010001000100010001,1.601882876575315e-05,0.00036900487201745085,0.00030435092330867653
819,0.00010001000100010001,0.00010001000100010001,0.0,0.00015001500150015003,7.96926926625366e-05
820,0.00020002000200020003,0.00010001000100010001,6.016828365673135e-05,0.0006875928573303489,0.000368666935034969
821,0.00010001000100010001,0.00010001000100010001,1.0939687937587518e-05,0.00039560918117128175,0.0002762228488518431
822,0.00010001000100010001,0.00010001000100010001,0.0,0.00015001500150015003,7.96926926625366e-05
823,0.00010001000100010001,0.00010001000100010001,0.00010470844168833767,0.00040240818253045704,0.00028339502141422324
824,0.00010001000100010001,0.00010001000100010001,1.7581641328265654e-05,0.0003018158958753018,0.00019511726591527254
825,0.00010001000100010001,0.00010001000100010001,0.0,0.00015001500150015003,7.96926926625366e-05
826,0.00020002000200020003,0.00010001000100010001,7.032656531306261e-05,0.0005711485602837569,0.00040713023785747613
827,0.00010001000100010001,0.00010001000100010001,1.601882876575315e-05,0.0004798665807623846,0.0003521222876699328
828,0.00010001000100010001,0.00010001000100010001,0.0,0.00015001500150015003,7.96926926625366e-05
829,0.00010001000100010001,0.00010001000100010001,3.516328265653131e-05,0.0002222444466668889,0.0001528976369348769
830,0.00010001000100010001,0.00010001000100010001,0.0001308855521104221,0.0006285111269747665,0.000422034861639541
831,0.00010001000100010001,0.00010001000100010001,0.0,0.00015001500150015003,7.96926926625366e-05
832,0.00020002000200020003,0.00010001000100010001,5.860547109421884e-06,0.0005879130423163773,0.00044123661125446226
833,0.00010001000100010001,0.00010001000100010001,0.0,0.0003018158958753018,0.00019511726591527254
834,0.00010001000100010001,0.00010001000100010001,0.0,0.00015001500150015003,7.96926926625366e-05
835,0.00010001000100010001,0.00010001000100010001,0.0,0.00020418708537520418,0.00012863396754391693
836,0.00010001000100010001,0.00010001000100010001,6.40753150630126e-05,0.0007251254786495598,0.0004612289626639416
837,0.00010001000100010001,0.00010001000100010001,0.0,0.00015001500150015003,7.96926926625366e-05
838,0.00020002000200020003,0.00010001000100010001,8.009414382876575e-06,0.00036670333700036665,0.0002668316138373183
839,0.00010001000100010001,0.00010001000100010001,3.3209766953390675e-05,0.00042912454510757195,0.00029793835251723446
840,0.00010001000100010001,0.00010001000100010001,8.009414382876575e-06,0.00015001500150015003,7.96926926625366e-05
841,0.00010001000100010001,0.00010001000100010001,2.4028243148629727e-05,0.00026002600260026,0.00017882576658246243
842,0.00010001000100010001,0.00010001000100010001,2.4028243148629727e-05,0.0002977041890235535,0.0002100181918799959
843,0.00010001000100010001,0.00010001000100010001,0.0,0.00015001500150015003,7.96926926625366e-05
844,0.00020002000200020003,0.00010001000100010001,6.40753150630126e-05,0.0008256933528230666,0.0005675674757531061
845,0.00010001000100010001,0.00010001000100010001,1.605017676725169e-05,0.00039676098757416726,0.00026786479468404907
846,0.00010001000100010001,0.00010001000100010001,0.0,0.00015001500150015003,7.96926926625366e-05
847,0.00010001000100010001,0.00010001000100010001,6.446601820364073e-06,0.00024917746011889324,0.0001950143439497287
848,0.00010001000100010001,0.00010001000100010001,2.930273554710942e-06,0.00039302995720132757,0.00028701947139398305
849,0.00010001000100010001,0.00010001000100010001,0.0,0.00015001500150015003,7.96926926625366e-05
850,0.00020002000200020003,0.00010001000100010001,0.0010718940663132627,0.0027835370893895136,0.0007290765163811232
851,0.00010001000100010001,0.00010001000100010001,0.0,0.0003018158958753018,0.00019511726591527254
852,0.00010001000100010001,0.00010001000100010001,0.0,0.00015001500150015003,7.96926926625366e-05
853,0.00010001000100010001,0.00010001000100010001,2.930273554710942e-06,0.00020418708537520418,0.00012863396754391693
854,0.00010001000100010001,0.00010001000100010001,4.2195939187837566e-05,0.00046223278295733284,0.00038282670362753206
855,0.00010001000100010001,0.00010001000100010001,0.0,0.00015001500150015003,7.96926926625366e-05
856,0.00020002000200020003,0.00010001000100010001,2.012121174234847e-05,0.00038791757963675157,0.0002411647688630823
857,0.00010001000100010001,0.00010001000100010001,5.469843968793759e-06,0.000496944104348323,0.0003450485454399358
858,0.00010001000100010001,0.00010001000100010001,0.0,0.00015001500150015003,7.96926926625366e-05
859,0.00010001000100010001,0.00010001000100010001,2.8716680836167233e-05,0.0003063597498990405,0.00022202311269166713
860,0.00010001000100010001,0.00010001000100010001,4.024242348469694e-05,0.0003018158958753018,0.00019511726591527254
861,0.00010001000100010001,0.00010001000100010001,2.012121174234847e-05,0.00015001500150015003,7.96926926625366e-05
862,0.00020002000200020003,0.00010001000100010001,8.009414382876575e-05,0.0009297183320637538,0.000606650866750252
863,0.00010001000100010001,0.00010001000100010001,3.125625125025005e-06,0.0004638144973917682,0.00034016244008513134
864,0.00010001000100010001,0.00010001000100010001,0.0,0.00015001500150015003,7.96926926625366e-05
865,0.00010001000100010001,0.00010001000100010001,8.61500425085017e-05,0.00022535586892022538,0.00016779856289960029
866,0.00010001000100010001,0.00010001000100010001,0.0005590159127715953,0.0021555095370302544,0.0004268663646645824
867,0.00010001000100010001,0.00010001000100010001,5.469843968793759e-06,0.00015001500150015003,7.96926926625366e-05
868,0.00020002000200020003,0.00010001000100010001,1.6409531906381277e-05,0.0006098170792689026,0.000434139129423071
869,0.00010001000100010001,0.00010001000100010001,0.0,0.0002919210840002919,0.00021659910835908583
870,0.00010001000100010001,0.00010001000100010001,0.0,0.00015001500150015003,7.96926926625366e-05
871,0.00010001000100010001,0.00010001000100010001,0.0,0.00020418708537520418,0.00012863396754391693
872,0.00010001000100010001,0.00010001000100010001,0.00011330391078215644,0.0003578701819226508,0.00030061211244809176
873,0.00010001000100010001,0.00010001000100010001,0.0,0.00015001500150015003,7.96926926625366e-05
874,0.00020002000200020003,0.00010001000100010001,6.798234646929386e-05,0.0003846538500003847,0.0002628802725284737
875,0.00010001000100010001,0.00010001000100010001,0.0,0.0003977841393161872,0.0002696419323727532
876,0.00010001000100010001,0.00010001000100010001,0.0,0.00015001500150015003,7.96926926625366e-05
877,0.00010001000100010001,0.00010001000100010001,2.1097969593918783e-05,0.00032063812441850245,0.00023004026292774716
878,0.00010001000100010001,0.00010001000100010001,1.0569628602824283e-05,0.0003018158958753018,0.00019511726591527254
879,0.00010001000100010001,0.00010001000100010001,0.0,0.00015001500150015003,7.96926926625366e-05
880,0.00020002000200020003,0.00010001000100010001,2.2660782156431287e-05,0.000532738098712595,0.000380674867449718
881,0.00010001000100010001,0.00010001000100010001,0.00024926860372074416,0.000794570982521981,0.0004764982245169853
882,0.00010001000100010001,0.00010001000100010001,5.469843968793759e-06,0.00015001500150015003,7.96926926625366e-05
883,0.00010001000100010001,0.00010001000100010001,5.469843968793759e-06,0.0002222444466668889,0.0001528976369348769
884,0.00010001000100010001,0.00010001000100010001,4.5321564312862574e-05,0.0005872194735131133,0.000400558115504539
885,0.00010001000100010001,0.00010001000100010001,0.0,0.00015001500150015003,7.96926926625366e-05
886,0.00020002000200020003,0.00010001000100010001,4.2195939187837566e-05,0.0005570889569775392,0.00044353706815006695
887,0.00010001000100010001,0.00010001000100010001,0.0,0.0003018158958753018,0.00019511726591527254
888,0.00010001000100010001,0.00010001000100010001,0.0,0.00015001500150015003,7.96926926625366e-05
889,0.00010001000100010001,0.00010001000100010001,0.0,0.00020418708537520418,0.00012863396754391693
890,0.00010001000100010001,0.00010001000100010001,0.0011674209841968394,0.0028742158223986963,0.000563685597538312
891,0.00010001000100010001,0.00010001000100010001,0.0,0.00015001500150015003,7.96926926625366e-05
892,0.00020002000200020003,0.00010001000100010001,0.0,0.0003644992598433397,0.00026264661130689546
893,0.00010001000100010001,0.00010001000100010001,1.4065313062612523e-05,0.00043627004209854947,0.0003117586393876049
894,0.00010001000100010001,0.00010001000100010001,0.0,0.00015001500150015003,7.96926926625366e-05
895,0.00010001000100010001,0.00010001000100010001,1.5628125625125025e-06,0.00026002600260026,0.00017882576658246243
896,0.00010001000100010001,0.00010001000100010001,1.7972344468893778e-05,0.00029266995963665634,0.00023519629068792205
897,0.00010001000100010001,0.00010001000100010001,0.0,0.00015001500150015003,7.96926926625366e-05
898,0.00020002000200020003,0.00010001000100010001,0.000158625475095019,0.0009220434238545806,0.0005965270645189931
899,0.00010001000100010001,0.00010001000100010001,2.2660782156431287e-05,0.00039560918117128175,0.00027863071369356175
900,0.00010001000100010001,0.00010001000100010001,0.0,0.00015001500150015003,7.96926926625366e-05
901,0.00010001000100010001,0.00010001000100010001,2.1097969593918783e-05,0.0002597662363638961,0.00019688350847760363
902,0.00010001000100010001,0.00010001000100010001,2.1097969593918783e-05,0.0003862455211038345,0.0002828344688635602
903,0.00010001000100010001,0.00010001000100010001,0.0,0.00015001500150015003,7.96926926625366e-05
904,0.00020002000200020003,0.00010001000100010001,5.860547109421884e-06,0.0007915146158765455,0.0005361185417979709
905,0.00010001000100010001,0.00010001000100010001,1.3088555211042208e-05,0.0003018158958753018,0.00019511726591527254
906,0.00010001000100010001,0.00010001000100010001,0.0,0.00015001500150015003,7.96926926625366e-05
907,0.00010001000100010001,0.00010001000100010001,0.0,0.00020418708537520418,0.00012863396754391693
908,0.00010001000100010001,0.00010001000100010001,0.0,0.00047623810000047625,0.00035663110215005225
909,0.00010001000100010001,0.00010001000100010001,0.0,0.00015001500150015003,7.96926926625366e-05
910,0.00020002000200020003,0.00010001000100010001,8.009414382876575e-06,0.00038791757963675157,0.0002411647688630823
911,0.00010001000100010001,0.00010001000100010001,0.0007929320239047809,0.0023957430264748988,0.0005222725585839041
912,0.00010001000100010001,0.00010001000100010001,0.0,0.00015001500150015003,7.96926926625366e-05
913,0.00010001000100010001,0.00010001000100010001,2.5200352570514104e-05,0.0003110343396799227,0.0002386733337601287
914,0.00010001000100010001,0.00010001000100010001,2.5200352570514104e-05,0.0003018158958753018,0.00019511726591527254
915,0.00010001000100010001,0.00010001000100010001,0.0,0.00015001500150015003,7.96926926625366e-05
916,0.00020002000200020003,0.00010001000100010001,2.8130626125225045e-05,0.0006812814353842429,0.00047982056495849025
917,0.00010001000100010001,0.00010001000100010001,3.516328265653131e-05,0.0006673095464481893,0.0004471025350967345
918,0.00010001000100010001,0.00010001000100010001,0.0,0.00015001500150015003,7.96926926625366e-05
919,0.00010001000100010001,0.00010001000100010001,2.5200352570514104e-05,0.0002671984370154187,0.00020488740459729556
920,0.00010001000100010001,0.00010001000100010001,0.0,0.00042912454510757195,0.00029793835251723446
921,0.00010001000100010001,0.00010001000100010001,0.0,0.00015001500150015003,7.96926926625366e-05
922,0.00020002000200020003,0.00010001000100010001,2.1097969593918783e-05,0.0006718879397023272,0.0005097953403897603
923,0.00010001000100010001,0.00010001000100010001,0.0,0.0002977041890235535,0.0002100181918799959
924,0.00010001000100010001,0.00010001000100010001,0.0,0.00015001500150015003,7.96926926625366e-05
925,0.00010001000100010001,0.00010001000100010001,2.524966832896912e-05,0.00020418708537520418,0.00012863396754391693
926,0.00010001000100010001,0.00010001000100010001,0.0,0.00039676098757416726,0.00026786479468404907
927,0.00010001000100010001,0.00010001000100010001,0.0,0.00015001500150015003,7.96926926625366e-05
928,0.00020002000200020003,0.00010001000100010001,8.986172234446889e-06,0.00036544194960036545,0.00028025781154970353
929,0.00010001000100010001,0.00010001000100010001,0.0,0.00040004000400040005,0.0002804078513822659
930,0.00010001000100010001,0.00010001000100010001,0.0,0.00015001500150015003,7.96926926625366e-05
931,0.00010001000100010001,0.00010001000100010001,1.4065313062612523e-05,0.0004386452631277114,0.00029970422516947093
932,0.00010001000100010001,0.00010001000100010001,0.0,0.0003018158958753018,0.00019511726591527254
933,0.00010001000100010001,0.00010001000100010001,0.0,0.00015001500150015003,7.96926926625366e-05
934,0.00020002000200020003,0.00010001000100010001,4.981465043008602e-05,0.0005493822924893387,0.00037824824996842365
935,0.00010001000100010001,0.00010001000100010001,0.00015120211542308463,0.0006548151605917973,0.00042657841145259627
936,0.00010001000100010001,0.00010001000100010001,4.4930861172234445e-06,0.00015001500150015003,7.96926926625366e-05
937,0.00010001000100010001,0.00010001000100010001,0.0,0.0002222444466668889,0.0001528976369348769
938,0.00010001000100010001,0.00010001000100010001,1.3479258351670334e-05,0.0004863708255324013,0.0003386402683139545
939,0.00010001000100010001,0.00010001000100010001,0.0,0.00015001500150015003,7.96926926625366e-05
940,0.00020002000200020003,0.00010001000100010001,5.040070514102821e-05,0.0005004361440005004,0.000360069587057642
941,0.00010001000100010001,0.00010001000100010001,0.0,0.00027933827865545176,0.0001614216550701008
942,0.00010001000100010001,0.00010001000100010001,0.0,0.00015001500150015003,7.96926926625366e-05
943,0.00010001000100010001,0.00010001000100010001,1.4065313062612523e-05,0.00020002000200020003,0.00011920202608970515
944,0.00010001000100010001,0.00010001000100010001,1.4065313062612523e-05,0.0004306078448376399,0.0003171345193116723
945,0.00010001000100010001,0.00010001000100010001,0.0,0.00015001500150015003,7.96926926625366e-05
946,0.00020002000200020003,0.00010001000100010001,1.4092838137099044e-05,0.0003440820272503441,0.00023720181191938202
947,0.00010001000100010001,0.00010001000100010001,2.8130626125225045e-05,0.00036544194960036545,0.00026503126710558477
948,0.00010001000100010001,0.00010001000100010001,0.0,0.00015001500150015003,7.96926926625366e-05
949,0.00010001000100010001,0.00010001000100010001,0.0,0.0002272954568184091,0.00015456209719150253
950,0.00010001000100010001,0.00010001000100010001,0.0,0.00027933827865545176,0.0001614216550701008
951,0.00010001000100010001,0.00010001000100010001,0.0,0.00015001500150015003,7.96926926625366e-05
952,0.00020002000200020003,0.00010001000100010001,7.735922184436887e-05,0.0009336154116007548,0.0005971358849069785
953,0.00010001000100010001,0.00010001000100010001,1.6409531906381277e-05,0.0003585543739559141,0.00025558182825471536
954,0.00010001000100010001,0.00010001000100010001,7.032656531306261e-06,0.00015001500150015003,7.96926926625366e-05
955,0.00010001000100010001,0.00010001000100010001,0.0,0.00021950246972749223,0.00016518119914605653
956,0.00010001000100010001,0.00010001000100010001,1.0548984796959391e-05,0.0003406000977456236,0.00023594632152758145
957,0.00010001000100010001,0.00010001000100010001,0.0,0.00015001500150015003,7.96926926625366e-05
958,0.00020002000200020003,0.00010001000100010001,0.0009810555861172235,0.002651546971400401,0.000645425167377468
959,0.00010001000100010001,0.00010001000100010001,0.0,0.00027933827865545176,0.0001614216550701008
960,0.00010001000100010001,0.00010001000100010001,0.0,0.00015001500150015003,7.96926926625366e-05
961,0.00010001000100010001,0.00010001000100010001,9.572226945389077e-06,0.00020002000200020003,0.00011920202608970515
962,0.00010001000100010001,0.00010001000100010001,4.786113472694539e-05,0.0005450961447393793,0.0004125880284182923
963,0.00010001000100010001,0.00010001000100010001,0.0,0.00015001500150015003,7.96926926625366e-05
964,0.00020002000200020003,0.00010001000100010001,0.0,0.00036299926288925184,0.00022230088595465863
965,0.00010001000100010001,0.00010001000100010001,4.501878849351083e-06,0.0005283455174785772,0.0003605007008085515
966,0.00010001000100010001,0.00010001000100010001,4.4930861172234445e-06,0.00015001500150015003,7.96926926625366e-05
967,0.00010001000100010001,0.00010001000100010001,2.773992298459692e-05,0.0002890323396600829,0.00021771486068878514
968,0.00010001000100010001,0.00010001000100010001,0.0,0.00027933827865545176,0.0001614216550701008
969,0.00010001000100010001,0.00010001000100010001,0.0,0.00015001500150015003,7.96926926625366e-05
970,0.00020002000200020003,0.00010001000100010001,0.00028716680836167235,0.0011016539641821946,0.0006136281828921574
971,0.00010001000100010001,0.00010001000100010001,7.046419068549522e-05,0.0008185668299230087,0.00046791412711893836
972,0.00010001000100010001,0.00010001000100010001,0.0,0.00015001500150015003,7.96926926625366e-05
973,0.00010001000100010001,0.00010001000100010001,0.0,0.00020853149144701703,0.00016494753792447838
974,0.00010001000100010001,0.00010001000100010001,0.00011095969193838768,0.0003467013368003467,0.0002601384382494793
975,0.00010001000100010001,0.00010001000100010001,2.773992298459692e-05,0.00015001500150015003,7.96926926625366e-05
976,0.00020002000200020003,0.00010001000100010001,0.00046728095619123826,0.0020850250841830354,0.00048183392649189913
977,0.00010001000100010001,0.00010001000100010001,0.0,0.00027933827865545176,0.0001614216550701008
978,0.00010001000100010001,0.00010001000100010001,0.0,0.00015001500150015003,7.96926926625366e-05
979,0.00010001000100010001,0.00010001000100010001,9.572226945389077e-06,0.00020002000200020003,0.00011920202608970515
980,0.00010001000100010001,0.00010001000100010001,4.4930861172234445e-06,0.00035708488881675053,0.00027928359566358927
981,0.00010001000100010001,0.00010001000100010001,4.4930861172234445e-06,0.00015001500150015003,7.96926926625366e-05
982,0.00020002000200020003,0.00010001000100010001,2.773992298459692e-05,0.0003647052402401123,0.0002873105573075158
983,0.00010001000100010001,0.00010001000100010001,2.773992298459692e-05,0.00033667488886293207,0.00024252723800667137
984,0.00010001000100010001,0.00010001000100010001,0.0,0.00015001500150015003,7.96926926625366e-05
985,0.00010001000100010001,0.00010001000100010001,0.0,0.00033213653468667896,0.0002388435839562624
986,0.00010001000100010001,0.00010001000100010001,0.0,0.00027933827865545176,0.0001614216550701008
987,0.00010001000100010001,0.00010001000100010001,7.032656531306261e-06,0.00015001500150015003,7.96926926625366e-05
988,0.00020002000200020003,0.00010001000100010001,1.9144453890778154e-05,0.00047896527544492347,0.0003638803061317665
989,0.00010001000100010001,0.00010001000100010001,3.828890778155631e-05,0.000423084477122411,0.00033638625259336044
990,0.00010001000100010001,0.00010001000100010001,0.0,0.00015001500150015003,7.96926926625366e-05
991,0.00010001000100010001,0.00010001000100010001,1.1721094218843769e-06,0.0002077130790002077,0.0001434656954806651
992,0.00010001000100010001,0.00010001000100010001,0.00026020829165833165,0.0007990387933614505,0.00044109598961884354
993,0.00010001000100010001,0.00010001000100010001,1.8167696039207842e-05,0.00015001500150015003,7.96926926625366e-05
994,0.00020002000200020003,0.00010001000100010001,2.2465430586117223e-05,0.0005085015543807902,0.0003666505035367319
995,0.00010001000100010001,0.00010001000100010001,0.0,0.00027933827865545176,0.0001614216550701008
996,0.00010001000100010001,0.00010001000100010001,0.0,0.00015001500150015003,7.96926926625366e-05
997,0.00010001000100010001,0.00010001000100010001,0.0,0.00020002000200020003,0.00011920202608970515
998,0.00010001000100010001,0.00010001000100010001,3.828890778155631e-05,0.0005465960771995218,0.00039553966813797266
999,0.00010001000100010001,0.00010001000100010001,0.0,0.00015001500150015003,7.96926926625366e-05
1000,0.00020002000200020003,0.00010001000100010001,0.00017347219443888777,0.0004538958050929747,0.0002822406466741762
1001,0.00010001000100010001,0.00010001000100010001,3.125625125025005e-06,0.0003509122842108772,0.00024276089922824952
1002,0.00010001000100010001,0.00010001000100010001,0.0,0.00015001500150015003,7.96926926625366e-05
1003,0.00010001000100010001,0.00010001000100010001,8.009414382876575e-06,0.0002272954568184091,0.00015456209719150253
1004,0.00010001000100010001,0.00010001000100010001,1.3088555211042208e-05,0.00027933827865545176,0.0001614216550701008
1005,0.00010001000100010001,0.00010001000100010001,0.0,0.00015001500150015003,7.96926926625366e-05
1006,0.00020002000200020003,0.00010001000100010001,2.6177110422084417e-05,0.0006892391067517441,0.0004813168095410766
1007,0.00010001000100010001,0.00010001000100010001,1.1721094218843769e-06,0.0003636727309094546,0.00024900091177562547
1008,0.00010001000100010001,0.00010001000100010001,0.0,0.00015001500150015003,7.96926926625366e-05
1009,0.00010001000100010001,0.00010001000100010001,2.168402430486097e-05,0.00022657132969934162,0.00017594711815556923
1010,0.00010001000100010001,0.00010001000100010001,3.6335392078415684e-05,0.00033455443723311363,0.00027326945045808227
1011,0.00010001000100010001,0.00010001000100010001,0.0,0.00015001500150015003,7.96926926625366e-05
1012,0.00020002000200020003,0.00010001000100010001,0.0002168402430486097,0.0010442775687113661,0.000623667631671328
1013,0.00010001000100010001,0.00010001000100010001,2.168402430486097e-05,0.00027933827865545176,0.0001614216550701008
1014,0.00010001000100010001,0.00010001000100010001,0.0,0.00015001500150015003,7.96926926625366e-05
1015,0.00010001000100010001,0.00010001000100010001,0.0,0.00020002000200020003,0.00011920202608970515
1016,0.00010001000100010001,0.00010001000100010001,5.743336167233447e-05,0.0004809571866277536,0.0003459505747673751
1017,0.00010001000100010001,0.00010001000100010001,0.0,0.00015001500150015003,7.96926926625366e-05
1018,0.00020002000200020003,0.00010001000100010001,0.0,0.00036299926288925184,0.00022230088595465863
1019,0.00010001000100010001,0.00010001000100010001,1.2111797359471894e-05,0.00043936597049535464,0.0003113529345947641
1020,0.00010001000100010001,0.00010001000100010001,0.0,0.00015001500150015003,7.96926926625366e-05
1021,0.00010001000100010001,0.00010001000100010001,0.0,0.0002390482950734098,0.00017627760085689396
1022,0.00010001000100010001,0.00010001000100010001,0.0,0.00027933827865545176,0.0001614216550701008
1023,0.00010001000100010001,0.00010001000100010001,0.0,0.00015001500150015003,7.96926926625366e-05
1024,0.00020002000200020003,0.00010001000100010001,1.9535157031406282e-05,0.0008953707752806236,0.0005751885566107274
1025,0.00010001000100010001,0.00010001000100010001,1.4065313062612523e-05,0.0004390682970736097,0.00030574600384148943
1026,0.00010001000100010001,0.00010001000100010001,0.0,0.00015001500150015003,7.96926926625366e-05
1027,0.00010001000100010001,0.00010001000100010001,1.4065313062612523e-05,0.0002087165238262957,0.00015836662144538846
1028,0.00010001000100010001,0.00010001000100010001,4.8447189437887576e-05,0.0003730623544049973,0.0002915859506025179
1029,0.00010001000100010001,0.00010001000100010001,0.0,0.00015001500150015003,7.96926926625366e-05
1030,0.00020002000200020003,0.00010001000100010001,4.8447189437887576e-05,0.0005661384851935485,0.0003994068217664338
1031,0.00010001000100010001,0.00010001000100010001,7.032656531306261e-06,0.00027933827865545176,0.0001614216550701008
1032,0.00010001000100010001,0.00010001000100010001,0.0,0.00015001500150015003,7.96926926625366e-05
1033,0.00010001000100010001,0.00010001000100010001,0.0,0.00020002000200020003,0.00011920202608970515
1034,0.00010001000100010001,0.00010001000100010001,0.0,0.0003585543739559141,0.00025558182825471536
1035,0.00010001000100010001,0.00010001000100010001,0.0,0.00015001500150015003,7.96926926625366e-05
1036,0.00020002000200020003,0.00010001000100010001,7.267078415683137e-05,0.00035220913395687394,0.00024401638962005012
1037,0.00010001000100010001,0.00010001000100010001,2.4223594718943788e-05,0.0003406000977456236,0.00023594632152758145
1038,0.00010001000100010001,0.00010001000100010001,0.0,0.00015001500150015003,7.96926926625366e-05
1039,0.00010001000100010001,0.00010001000100010001,0.0,0.000279922172111391,0.00021238821354850436
1040,0.00010001000100010001,0.00010001000100010001,6.055898679735947e-06,0.00027933827865545176,0.0001614216550701008
1041,0.00010001000100010001,0.00010001000100010001,0.0,0.00015001500150015003,7.96926926625366e-05
1042,0.00020002000200020003,0.00010001000100010001,4.8447189437887576e-05,0.00048081731250048087,0.00031888579414901595
1043,0.00010001000100010001,0.00010001000100010001,0.00014534156831366273,0.000642324990366731,0.0004173463356399493
1044,0.00010001000100010001,0.00010001000100010001,6.055898679735947e-06,0.00015001500150015003,7.96926926625366e-05
1045,0.00010001000100010001,0.00010001000100010001,0.0,0.0002077130790002077,0.0001434656954806651
1046,0.00010001000100010001,0.00010001000100010001,2.4223594718943788e-05,0.0004717308465540432,0.00033181928145147515
1047,0.00010001000100010001,0.00010001000100010001,0.0,0.00015001500150015003,7.96926926625366e-05
1048,0.00020002000200020003,0.00010001000100010001,1.2111797359471894e-05,0.0005602894221199498,0.00041859683015562033
1049,0.00010001000100010001,0.00010001000100010001,1.2111797359471894e-05,0.00027933827865545176,0.0001614216550701008
1050,0.00010001000100010001,0.00010001000100010001,0.0,0.00015001500150015003,7.96926926625366e-05
1051,0.00010001000100010001,0.00010001000100010001,0.0,0.00020002000200020003,0.00011920202608970515
1052,0.00010001000100010001,0.00010001000100010001,7.814062812562513e-05,0.0005254354757138733,0.00036657067266392384
1053,0.00010001000100010001,0.00010001000100010001,0.0,0.00015001500150015003,7.96926926625366e-05
1054,0.00020002000200020003,0.00010001000100010001,0.0,0.0003049085396344513,0.0002551712438686548
1055,0.00010001000100010001,0.00010001000100010001,0.0,0.00035270193686035267,0.0002535268182377622
1056,0.00010001000100010001,0.00010001000100010001,0.0,0.00015001500150015003,7.96926926625366e-05
1057,0.00010001000100010001,0.00010001000100010001,0.0,0.0002272954568184091,0.00015456209719150253
1058,0.00010001000100010001,0.00010001000100010001,0.0,0.00027933827865545176,0.0001614216550701008
1059,0.00010001000100010001,0.00010001000100010001,0.0,0.00015001500150015003,7.96926926625366e-05
1060,0.00020002000200020003,0.00010001000100010001,7.267078415683137e-05,0.0006394955658976199,0.00045783858283433523
1061,0.00010001000100010001,0.00010001000100010001,2.4223594718943788e-05,0.00033910367780964147,0.00026511343586932363
1062,0.00010001000100010001,0.00010001000100010001,0.0,0.00015001500150015003,7.96926926625366e-05
1063,0.00010001000100010001,0.00010001000100010001,2.930273554710942e-05,0.00031391039459817866,0.00021965263229772351
1064,0.00010001000100010001,0.00010001000100010001,0.0,0.0003410867402529727,0.00023176131899715866
1065,0.00010001000100010001,0.00010001000100010001,0.0,0.00015001500150015003,7.96926926625366e-05
1066,0.00020002000200020003,0.00010001000100010001,4.247424827431239e-05,0.0006522391369571739,0.0004581989614793147
1067,0.00010001000100010001,0.00010001000100010001,0.0,0.00027933827865545176,0.0001614216550701008
1068,0.00010001000100010001,0.00010001000100010001,0.0,0.00015001500150015003,7.96926926625366e-05
1069,0.00010001000100010001,0.00010001000100010001,0.0,0.00020002000200020003,0.00011920202608970515
1070,0.00010001000100010001,0.00010001000100010001,4.4930861172234445e-06,0.00042912454510757195,0.00029865998076073256
1071,0.00010001000100010001,0.00010001000100010001,1.1721094218843769e-06,0.00015001500150015003,7.96926926625366e-05
1072,0.00020002000200020003,0.00010001000100010001,0.0,0.00036299926288925184,0.00022230088595465863
1073,0.00010001000100010001,0.00010001000100010001,3.145160282056411e-05,0.0004972872977905524,0.0003550121733741127
1074,0.00010001000100010001,0.00010001000100010001,0.0,0.00015001500150015003,7.96926926625366e-05
1075,0.00010001000100010001,0.00010001000100010001,0.0,0.00024244848727296973,0.0001924938016759315
1076,0.00010001000100010001,0.00010001000100010001,6.055898679735947e-06,0.00027933827865545176,0.0001614216550701008
1077,0.00010001000100010001,0.00010001000100010001,0.0,0.00015001500150015003,7.96926926625366e-05
1078,0.00020002000200020003,0.00010001000100010001,9.572226945389077e-06,0.0005833390910068924,0.00041257685024454675
1079,0.00010001000100010001,0.00010001000100010001,0.0009189337867573515,0.002491696921076954,0.0004851184906167559
1080,0.00010001000100010001,0.00010001000100010001,0.0,0.00015001500150015003,7.96926926625366e-05
1081,0.00010001000100010001,0.00010001000100010001,0.0,0.00020853149144701703,0.00016494753792447838
1082,0.00010001000100010001,0.00010001000100010001,8.612289972671637e-06,0.0003505204889420981,0.0002385758966978267
1083,0.00010001000100010001,0.00010001000100010001,0.0,0.00015001500150015003,7.96926926625366e-05
1084,0.00020002000200020003,0.00010001000100010001,4.297734546909382e-05,0.0006348754734462871,0.00048700299992092335
1085,0.00010001000100010001,0.00010001000100010001,0.0,0.00027933827865545176,0.0001614216550701008
1086,0.00010001000100010001,0.00010001000100010001,0.0,0.00015001500150015003,7.96926926625366e-05
1087,0.00010001000100010001,0.00010001000100010001,0.0,0.00020002000200020003,0.00011920202608970515
1088,0.00010001000100010001,0.00010001000100010001,7.032656531306261e-06,0.0003646829329397586,0.00024481590924520263
1089,0.00010001000100010001,0.00010001000100010001,0.0,0.00015001500150015003,7.96926926625366e-05
1090,0.00020002000200020003,0.00010001000100010001,1.7190938187637526e-05,0.00034510611971053887,0.0002817124530209993
1091,0.00010001000100010001,0.00010001000100010001,8.595469093818763e-06,0.00030846458139789884,0.000258144978412122
1092,0.00010001000100010001,0.00010001000100010001,0.0,0.00015001500150015003,7.96926926625366e-05
1093,0.00010001000100010001,0.00010001000100010001,6.661488547709542e-05,0.0006938926391847294,0.0003268180100862096
1094,0.00010001000100010001,0.00010001000100010001,0.0,0.00027933827865545176,0.0001614216550701008
1095,0.00010001000100010001,0.00010001000100010001,1.465136777355471e-05,0.00015001500150015003,7.96926926625366e-05
1096,0.00020002000200020003,0.00010001000100010001,1.8167696039207842e-05,0.00043578825967703156,0.0003349983182427141
1097,0.00010001000100010001,0.00010001000100010001,0.00010705266053210642,0.00044992333783256674,0.00033169522288082183
1098,0.00010001000100010001,0.00010001000100010001,0.0,0.00015001500150015003,7.96926926625366e-05
1099,0.00010001000100010001,0.00010001000100010001,0.0,0.0002077130790002077,0.0001434656954806651
1100,0.00010001000100010001,0.00010001000100010001,3.6335392078415684e-05,0.00040837417075040836,0.00028560539051268857
1101,0.00010001000100010001,0.00010001000100010001,0.0,0.00015001500150015003,7.96926926625366e-05
1102,0.00020002000200020003,0.00010001000100010001,1.7190938187637526e-05,0.00047978219748885187,0.00035950014178349267
1103,0.00010001000100010001,0.00010001000100010001,0.0,0.00027933827865545176,0.0001614216550701008
1104,0.00010001000100010001,0.00010001000100010001,0.0,0.00015001500150015003,7.96926926625366e-05
1105,0.00010001000100010001,0.00010001000100010001,1.8167696039207842e-05,0.00020002000200020003,0.00011920202608970515
1106,0.00010001000100010001,0.00010001000100010001,8.028949539907982e-05,0.0004220202240004221,0.0003262211353237876
1107,0.00010001000100010001,0.00010001000100010001,0.0,0.00015001500150015003,7.96926926625366e-05
1108,0.00020002000200020003,0.00010001000100010001,0.0,0.0003507200035072,0.0002330168093889592
1109,0.00010001000100010001,0.00010001000100010001,3.5163282656531306e-06,0.0003884842265739179,0.000291661491518996
1110,0.00010001000100010001,0.00010001000100010001,0.0,0.00015001500150015003,7.96926926625366e-05
1111,0.00010001000100010001,0.00010001000100010001,6.055898679735947e-06,0.0002272954568184091,0.00015456209719150253
1112,0.00010001000100010001,0.00010001000100010001,0.0,0.00027933827865545176,0.0001614216550701008
1113,0.00010001000100010001,0.00010001000100010001,0.0,0.00015001500150015003,7.96926926625366e-05
1114,0.00020002000200020003,0.00010001000100010001,6.87637527505501e-05,0.0007740839230502855,0.0005371621405524717
1115,0.00010001000100010001,0.00010001000100010001,6.25125025005001e-06,0.0003646829329397586,0.00024481590924520263
1116,0.00010001000100010001,0.00010001000100010001,0.0,0.00015001500150015003,7.96926926625366e-05
1117,0.00010001000100010001,0.00010001000100010001,0.0,0.00021820363854567278,0.00016099619661563371
1118,0.00010001000100010001,0.00010001000100010001,3.438187637527505e-05,0.0003410867402529727,0.00023176131899715866
1119,0.00010001000100010001,0.00010001000100010001,0.0,0.00015001500150015003,7.96926926625366e-05
1120,0.00020002000200020003,0.00010001000100010001,2.4614297859571916e-05,0.0006650015650915741,0.00046966389835989916
1121,0.00010001000100010001,0.00010001000100010001,2.5786407281456292e-05,0.00027933827865545176,0.0001614216550701008
1122,0.00010001000100010001,0.00010001000100010001,0.0,0.00015001500150015003,7.96926926625366e-05
1123,0.00010001000100010001,0.00010001000100010001,0.0,0.00020002000200020003,0.00011920202608970515
1124,0.00010001000100010001,0.00010001000100010001,5.1572814562912584e-05,0.0006649882473406542,0.00043018706340505546
1125,0.00010001000100010001,0.00010001000100010001,0.0,0.00015001500150015003,7.96926926625366e-05
1126,0.00020002000200020003,0.00010001000100010001,8.612289972671637e-06,0.00036299926288925184,0.00022230088595465863
1127,0.00010001000100010001,0.00010001000100010001,6.446601820364073e-06,0.0004378816260004379,0.00031093012625088166
1128,0.00010001000100010001,0.00010001000100010001,0.0,0.00015001500150015003,7.96926926625366e-05
1129,0.00010001000100010001,0.00010001000100010001,7.032656531306261e-06,0.0002470332503335804,0.00018778204972471653
1130,0.00010001000100010001,0.00010001000100010001,3.5163282656531306e-06,0.00027933827865545176,0.0001614216550701008
1131,0.00010001000100010001,0.00010001000100010001,0.0,0.00015001500150015003,7.96926926625366e-05
1132,0.00020002000200020003,0.00010001000100010001,0.0010900617623524705,0.002645076281116434,0.0005810747752113519
1133,0.00010001000100010001,0.00010001000100010001,3.6335392078415684e-05,0.00063006300630063,0.00041230274009803665
1134,0.00010001000100010001,0.00010001000100010001,0.0,0.00015001500150015003,7.96926926625366e-05
1135,0.00010001000100010001,0.00010001000100010001,0.0,0.00020864155381055346,0.00015418161891496564
1136,0.00010001000100010001,0.00010001000100010001,2.070726645329066e-05,0.0003391468179075972,0.00026375399550575284
1137,0.00010001000100010001,0.00010001000100010001,3.5163282656531306e-06,0.00015001500150015003,7.96926926625366e-05
1138,0.00020002000200020003,0.00010001000100010001,4.454015803160632e-05,0.00045450554445115876,0.000409497155351699
1139,0.00010001000100010001,0.00010001000100010001,0.0,0.00027933827865545176,0.0001614216550701008
1140,0.00010001000100010001,0.00010001000100010001,0.0,0.00015001500150015003,7.96926926625366e-05
1141,0.00010001000100010001,0.00010001000100010001,0.0,0.00020002000200020003,0.00011920202608970515
1142,0.00010001000100010001,0.00010001000100010001,0.0,0.0003585543739559141,0.00025558182825471536
1143,0.00010001000100010001,0.00010001000100010001,0.0,0.00015001500150015003,7.96926926625366e-05
1144,0.00020002000200020003,0.00010001000100010001,0.0,0.00034727882237042606,0.0002555208384878727
1145,0.00010001000100010001,0.00010001000100010001,0.0,0.0003410867402529727,0.00023176131899715866
1146,0.00010001000100010001,0.00010001000100010001,0.0,0.00015001500150015003,7.96926926625366e-05
1147,0.00010001000100010001,0.00010001000100010001,1.113503950790158e-05,0.000371322272789528,0.00025735097723186904
1148,0.00010001000100010001,0.00010001000100010001,0.0,0.00027933827865545176,0.0001614216550701008
1149,0.00010001000100010001,0.00010001000100010001,0.0,0.00015001500150015003,7.96926926625366e-05
1150,0.00020002000200020003,0.00010001000100010001,2.1530724931679093e-06,0.0004592387489870063,0.00034002552735678605
1151,0.00010001000100010001,0.00010001000100010001,1.1721094218843769e-06,0.0004284935535807102,0.0003181767456391838
1152,0.00010001000100010001,0.00010001000100010001,0.0,0.00015001500150015003,7.96926926625366e-05
1153,0.00010001000100010001,0.00010001000100010001,8.790820664132826e-05,0.0002077130790002077,0.0001434656954806651
1154,0.00010001000100010001,0.00010001000100010001,0.0006177016653330666,0.002210187923993218,0.00044169905224491433
1155,0.00010001000100010001,0.00010001000100010001,0.0,0.00015001500150015003,7.96926926625366e-05
1156,0.00020002000200020003,0.00010001000100010001,1.2111797359471894e-05,0.00048781249432960173,0.00035169958199679637
1157,0.00010001000100010001,0.00010001000100010001,6.055898679735947e-06,0.00027933827865545176,0.0001614216550701008
1158,0.00010001000100010001,0.00010001000100010001,0.0,0.00015001500150015003,7.96926926625366e-05
1159,0.00010001000100010001,0.00010001000100010001,0.0,0.00020002000200020003,0.00011920202608970515
1160,0.00010001000100010001,0.00010001000100010001,6.987698909644942e-05,0.0005417611004256624,0.0003759588433756144
1161,0.00010001000100010001,0.00010001000100010001,0.0,0.00015001500150015003,7.96926926625366e-05
1162,0.00020002000200020003,0.00010001000100010001,6.974051060212042e-05,0.0003245516859378245,0.0002756244239380317
1163,0.00010001000100010001,0.00010001000100010001,2.930273554710942e-05,0.0003505204889420981,0.0002385758966978267
1164,0.00010001000100010001,0.00010001000100010001,2.3246836867373475e-05,0.00015001500150015003,7.96926926625366e-05
1165,0.00010001000100010001,0.00010001000100010001,4.649367373474695e-05,0.0002272954568184091,0.00015456209719150253
1166,0.00010001000100010001,0.00010001000100010001,0.0,0.00027933827865545176,0.0001614216550701008
1167,0.00010001000100010001,0.00010001000100010001,0.0,0.00015001500150015003,7.96926926625366e-05
1168,0.00020002000200020003,0.00010001000100010001,0.00013948102120424084,0.0006245428237973913,0.00043941215301813834
1169,0.00010001000100010001,0.00010001000100010001,2.227007901580316e-05,0.0003646829329397586,0.00024481590924520263
1170,0.00010001000100010001,0.00010001000100010001,0.0,0.00015001500150015003,7.96926926625366e-05
1171,0.00010001000100010001,0.00010001000100010001,2.227007901580316e-05,0.0002264719225545743,0.0001874258579444126
1172,0.00010001000100010001,0.00010001000100010001,0.0,0.00033667488886293207,0.00024252723800667137
1173,0.00010001000100010001,0.00010001000100010001,0.0,0.00015001500150015003,7.96926926625366e-05
1174,0.00020002000200020003,0.00010001000100010001,0.00020963096728934827,0.0008473116219184945,0.000562025583423276
1175,0.00010001000100010001,0.00010001000100010001,2.3246836867373475e-05,0.00027933827865545176,0.0001614216550701008
1176,0.00010001000100010001,0.00010001000100010001,0.0,0.00015001500150015003,7.96926926625366e-05
1177,0.00010001000100010001,0.00010001000100010001,6.055898679735947e-06,0.00020002000200020003,0.00011920202608970515
1178,0.00010001000100010001,0.00010001000100010001,4.649367373474695e-05,0.0005195324727277922,0.00036350039381402837
1179,0.00010001000100010001,0.00010001000100010001,0.0,0.00015001500150015003,7.96926926625366e-05
1180,0.00020002000200020003,0.00010001000100010001,0.0,0.00036299926288925184,0.00022230088595465863
1181,0.00010001000100010001,0.00010001000100010001,3.347049057561023e-05,0.0003778362910917958,0.00030612332481790683
1182,0.00010001000100010001,0.00010001000100010001,0.0,0.00015001500150015003,7.96926926625366e-05
1183,0.00010001000100010001,0.00010001000100010001,0.0,0.00023805197421150566,0.00017209259832647115
1184,0.00010001000100010001,0.00010001000100010001,0.0,0.00027933827865545176,0.0001614216550701008
1185,0.00010001000100010001,0.00010001000100010001,0.0,0.00015001500150015003,7.96926926625366e-05
1186,0.00020002000200020003,0.00010001000100010001,0.001216063525205041,0.003026981186939048,0.0007039956595530959
1187,0.00010001000100010001,0.00010001000100010001,5.860547109421884e-05,0.0003910416748615736,0.0003119607512108615
1188,0.00010001000100010001,0.00010001000100010001,0.0,0.00015001500150015003,7.96926926625366e-05
1189,0.00010001000100010001,0.00010001000100010001,0.0,0.00020864155381055346,0.00015418161891496564
1190,0.00010001000100010001,0.00010001000100010001,0.0,0.00035506906395337516,0.0002542653480960721
1191,0.00010001000100010001,0.00010001000100010001,0.0,0.00015001500150015003,7.96926926625366e-05
1192,0.00020002000200020003,0.00010001000100010001,0.0,0.0005420896071908076,0.0003706356133561278
1193,0.00010001000100010001,0.00010001000100010001,2.1488672734546907e-06,0.00027933827865545176,0.0001614216550701008
1194,0.00010001000100010001,0.00010001000100010001,0.0,0.00015001500150015003,7.96926926625366e-05
1195,0.00010001000100010001,0.00010001000100010001,0.0,0.00020002000200020003,0.00011920202608970515
1196,0.00010001000100010001,0.00010001000100010001,6.974051060212042e-05,0.0003646829329397586,0.00024481590924520263
1197,0.00010001000100010001,0.00010001000100010001,0.0,0.00015001500150015003,7.96926926625366e-05
1198,0.00020002000200020003,0.00010001000100010001,2.3246836867373475e-05,0.00035682580603739385,0.00023983138708962728
1199,0.00010001000100010001,0.00010001000100010001,1.1721094218843769e-06,0.0003410867402529727,0.00023176131899715866
1200,0.00010001000100010001,0.00010001000100010001,0.0,0.00015001500150015003,7.96926926625366e-05
1201,0.00010001000100010001,0.00010001000100010001,1.113503950790158e-05,0.0002639439201652124,0.00019082567199685174
1202,0.00010001000100010001,0.00010001000100010001,0.0,0.00027933827865545176,0.0001614216550701008
1203,0.00010001000100010001,0.00010001000100010001,0.0,0.00015001500150015003,7.96926926625366e-05
1204,0.00020002000200020003,0.00010001000100010001,3.5163282656531306e-06,0.00048408202164754296,0.00031470079161859317
1205,0.00010001000100010001,0.00010001000100010001,3.5163282656531306e-06,0.0005285940856242073,0.00036447688733700495
1206,0.00010001000100010001,0.00010001000100010001,0.0,0.00015001500150015003,7.96926926625366e-05
1207,0.00010001000100010001,0.00010001000100010001,0.0,0.0002077130790002077,0.0001434656954806651
1208,0.00010001000100010001,0.00010001000100010001,3.164695439087818e-05,0.0005222945441017881,0.00036073661292430073
1209,0.00010001000100010001,0.00010001000100010001,0.0,0.00015001500150015003,7.96926926625366e-05
1210,0.00020002000200020003,0.00010001000100010001,0.0,0.0004729695489656204,0.000366841993165734
1211,0.00010001000100010001,0.00010001000100010001,0.0,0.00027933827865545176,0.0001614216550701008
1212,0.00010001000100010001,0.00010001000100010001,0.0,0.00015001500150015003,7.96926926625366e-05
1213,0.00010001000100010001,0.00010001000100010001,0.0,0.00020002000200020003,0.00011920202608970515
1214,0.00010001000100010001,0.00010001000100010001,8.595469093818763e-06,0.0005498011730107021,0.00038180245497712926
1215,0.00010001000100010001,0.00010001000100010001,0.0,0.00015001500150015003,7.96926926625366e-05
1216,0.00020002000200020003,0.00010001000100010001,0.0,0.0003507200035072,0.0002330168093889592
1217,0.00010001000100010001,0.00010001000100010001,2.5786407281456292e-05,0.0003329100033291,0.0002588734233219477
1218,0.00010001000100010001,0.00010001000100010001,2.5786407281456292e-05,0.00015001500150015003,7.96926926625366e-05
1219,0.00010001000100010001,0.00010001000100010001,2.5786407281456292e-05,0.0002272954568184091,0.00015456209719150253
1220,0.00010001000100010001,0.00010001000100010001,7.6187112422484495e-06,0.00027933827865545176,0.0001614216550701008
1221,0.00010001000100010001,0.00010001000100010001,0.0,0.00015001500150015003,7.96926926625366e-05
1222,0.00020002000200020003,0.00010001000100010001,3.809355621124225e-05,0.0006859940040450209,0.0005141596124557289
1223,0.00010001000100010001,0.00010001000100010001,5.1572814562912584e-05,0.00035314265889865826,0.0002633602047390884
1224,0.00010001000100010001,0.00010001000100010001,7.6187112422484495e-06,0.00015001500150015003,7.96926926625366e-05
1225,0.00010001000100010001,0.00010001000100010001,2.5786407281456292e-05,0.0002685200026852,0.00020385868012986666
1226,0.00010001000100010001,0.00010001000100010001,0.0,0.0003410867402529727,0.00023176131899715866
1227,0.00010001000100010001,0.00010001000100010001,2.5786407281456292e-05,0.00015001500150015003,7.96926926625366e-05
1228,0.00020002000200020003,0.00010001000100010001,2.2856133726745348e-05,0.0006178169824723159,0.0004748930865222048
1229,0.00010001000100010001,0.00010001000100010001,0.0,0.00027933827865545176,0.0001614216550701008
1230,0.00010001000100010001,0.00010001000100010001,0.0,0.00015001500150015003,7.96926926625366e-05
1231,0.00010001000100010001,0.00010001000100010001,0.0,0.00020002000200020003,0.00011920202608970515
1232,0.00010001000100010001,0.00010001000100010001,1.0158281656331267e-05,0.0004271538264937605,0.00030341469291687503
1233,0.00010001000100010001,0.00010001000100010001,0.0,0.00015001500150015003,7.96926926625366e-05
1234,0.00020002000200020003,0.00010001000100010001,0.0,0.00036299926288925184,0.00022230088595465863
1235,0.00010001000100010001,0.00010001000100010001,0.00012918434959007457,0.0005264452174660437,0.0003660802095173701
1236,0.00010001000100010001,0.00010001000100010001,0.0,0.00015001500150015003,7.96926926625366e-05
1237,0.00010001000100010001,0.00010001000100010001,5.0791408281656336e-06,0.00023927626407500561,0.00018285851733598388
1238,0.00010001000100010001,0.00010001000100010001,0.0,0.00027933827865545176,0.0001614216550701008
1239,0.00010001000100010001,0.00010001000100010001,0.0,0.00015001500150015003,7.96926926625366e-05
1240,0.00020002000200020003,0.00010001000100010001,8.595469093818764e-05,0.0006036317917506036,0.00043461084296704343
1241,0.00010001000100010001,0.00010001000100010001,1.5237422484496899e-05,0.0004916855321895826,0.00035825203746294587
1242,0.00010001000100010001,0.00010001000100010001,0.0,0.00015001500150015003,7.96926926625366e-05
1243,0.00010001000100010001,0.00010001000100010001,1.3674609921984396e-05,0.0002081508963904521,0.00016970225008062088
1244,0.00010001000100010001,0.00010001000100010001,3.438187637527505e-05,0.0003505204889420981,0.0002385758966978267
1245,0.00010001000100010001,0.00010001000100010001,0.0,0.00015001500150015003,7.96926926625366e-05
1246,0.00020002000200020003,0.00010001000100010001,0.00012918434959007457,0.0006903324011571148,0.00048073950475138565
1247,0.00010001000100010001,0.00010001000100010001,0.0,0.00027933827865545176,0.0001614216550701008
1248,0.00010001000100010001,0.00010001000100010001,0.0,0.00015001500150015003,7.96926926625366e-05
1249,0.00010001000100010001,0.00010001000100010001,0.0,0.00020002000200020003,0.00011920202608970515
1250,0.00010001000100010001,0.00010001000100010001,5.0791408281656336e-06,0.0003646829329397586,0.00024481590924520263
1251,0.00010001000100010001,0.00010001000100010001,0.0,0.00013334666800013335,6.433435119424953e-05
1252,0.00020002000200020003,0.00010001000100010001,2.5786407281456292e-05,0.0003166983365003167,0.0002352389646308529
1253,0.00010001000100010001,0.00010001000100010001,0.0,0.00023258139767465117,0.00015727239274472964
1254,0.00010001000100010001,0.00010001000100010001,0.0,0.00013334666800013335,6.433435119424953e-05
1255,0.00010001000100010001,0.00010001000100010001,4.2977345469093815e-06,0.0002920852832946846,0.00021246980413803309
1256,0.00010001000100010001,0.00010001000100010001,0.0,0.00021178588447080005,0.00012191232164293225
1257,0.00010001000100010001,0.00010001000100010001,7.6187112422484495e-06,0.00013334666800013335,6.433435119424953e-05
1258,0.00020002000200020003,0.00010001000100010001,7.6187112422484495e-06,0.00043354850949012426,0.00031788674564419176
1259,0.00010001000100010001,0.00010001000100010001,3.2428360672134427e-05,0.0003954063360003954,0.00027959481088795187
1260,0.00010001000100010001,0.00010001000100010001,0.0,0.00013334666800013335,6.433435119424953e-05
1261,0.00010001000100010001,0.00010001000100010001,7.6187112422484495e-06,0.00017779555733351112,0.000128107354012378
1262,0.00010001000100010001,0.00010001000100010001,2.2856133726745348e-05,0.0002666933360002667,0.00019353596755007884
1263,0.00010001000100010001,0.00010001000100010001,0.0,0.00013334666800013335,6.433435119424953e-05
1264,0.00020002000200020003,0.00010001000100010001,3.0474844968993798e-05,0.0004762381000004762,0.0003297296205167922
1265,0.00010001000100010001,0.00010001000100010001,0.0,0.00021178588447080005,0.00012191232164293225
1266,0.00010001000100010001,0.00010001000100010001,0.0,0.00013334666800013335,6.433435119424953e-05
1267,0.00010001000100010001,0.00010001000100010001,6.055898679735947e-06,0.00016668333500016668,0.00010384368462141806
1268,0.00010001000100010001,0.00010001000100010001,2.2856133726745348e-05,0.00036553362938633046,0.00025786666535347526
1269,0.00010001000100010001,0.00010001000100010001,0.0,0.00013334666800013335,6.433435119424953e-05
1270,0.00020002000200020003,0.00010001000100010001,1.2111797359471894e-05,0.00032146071750032145,0.00021765846792067212
1271,0.00010001000100010001,0.00010001000100010001,1.2111797359471894e-05,0.00025716857400025716,0.00020523221469792905
1272,0.00010001000100010001,0.00010001000100010001,0.0,0.00013334666800013335,6.433435119424953e-05
1273,0.00010001000100010001,0.00010001000100010001,0.0,0.00019758073368312442,0.00013920375572321544
1274,0.00010001000100010001,0.00010001000100010001,1.113503950790158e-05,0.00021178588447080005,0.00012191232164293225
1275,0.00010001000100010001,0.00010001000100010001,0.0,0.00013334666800013335,6.433435119424953e-05
1276,0.00020002000200020003,0.00010001000100010001,0.001035558674234847,0.0027123782469204655,0.0006518586878092963
1277,0.00010001000100010001,0.00010001000100010001,0.0,0.0002942823017933977,0.00020530657581803414
1278,0.00010001000100010001,0.00010001000100010001,0.0,0.00013334666800013335,6.433435119424953e-05
1279,0.00010001000100010001,0.00010001000100010001,0.0,0.0001920827003335254,0.00014563785514734663
1280,0.00010001000100010001,0.00010001000100010001,2.5395704140828168e-06,0.00023258139767465117,0.00015727239274472964
1281,0.00010001000100010001,0.00010001000100010001,1.0158281656331267e-05,0.00013334666800013335,6.433435119424953e-05
1282,0.00020002000200020003,0.00010001000100010001,4.063312662532507e-05,0.0005593638645511507,0.0004733168439247923
1283,0.00010001000100010001,0.00010001000100010001,0.0,0.00021178588447080005,0.00012191232164293225
1284,0.00010001000100010001,0.00010001000100010001,0.0,0.00013334666800013335,6.433435119424953e-05
1285,0.00010001000100010001,0.00010001000100010001,0.0,0.00016668333500016668,0.00010384368462141806
1286,0.00010001000100010001,0.00010001000100010001,5.0791408281656336e-06,0.00045434518881863617,0.000313631925274604
1287,0.00010001000100010001,0.00010001000100010001,0.0,0.00013334666800013335,6.433435119424953e-05
1288,0.00020002000200020003,0.00010001000100010001,0.0,0.0003314056895885667,0.00020694254448637157
1289,0.00010001000100010001,0.00010001000100010001,2.832597769553911e-05,0.0003019625634060991,0.0002247460501139795
1290,0.00010001000100010001,0.00010001000100010001,0.0,0.00013334666800013335,6.433435119424953e-05
1291,0.00010001000100010001,0.00010001000100010001,1.0158281656331267e-05,0.0003275907399744067,0.00021803168039626885
1292,0.00010001000100010001,0.00010001000100010001,1.9730508601720343e-05,0.00021178588447080005,0.00012191232164293225
1293,0.00010001000100010001,0.00010001000100010001,0.0,0.00013334666800013335,6.433435119424953e-05
1294,0.00020002000200020003,0.00010001000100010001,7.61871124224845e-05,0.0008947581355046317,0.000563406155873793
1295,0.00010001000100010001,0.00010001000100010001,2.3442188437687538e-06,0.0004300430043004301,0.00031010171415575793
1296,0.00010001000100010001,0.00010001000100010001,0.0,0.00013334666800013335,6.433435119424953e-05
1297,0.00010001000100010001,0.00010001000100010001,0.0,0.0001818363654547273,0.00013882327744667856
1298,0.00010001000100010001,0.00010001000100010001,0.00011330391078215644,0.00024153358732099625,0.000185568812889211
1299,0.00010001000100010001,0.00010001000100010001,0.0,0.00013334666800013335,6.433435119424953e-05
1300,0.00020002000200020003,0.00010001000100010001,0.0005231515053010602,0.0021296658528794825,0.00046887192567184505
1301,0.00010001000100010001,0.00010001000100010001,5.0791408281656336e-06,0.00021178588447080005,0.00012191232164293225
1302,0.00010001000100010001,0.00010001000100010001,0.0,0.00013334666800013335,6.433435119424953e-05
1303,0.00010001000100010001,0.00010001000100010001,0.0,0.00016668333500016668,0.00010384368462141806
1304,0.00010001000100010001,0.00010001000100010001,0.0,0.0002901605950068691,0.0002208272069836894
1305,0.00010001000100010001,0.00010001000100010001,0.0,0.00013334666800013335,6.433435119424953e-05
1306,0.00020002000200020003,0.00010001000100010001,5.0791408281656336e-06,0.00032660270858003677,0.0002562528378109605
1307,0.00010001000100010001,0.00010001000100010001,0.0,0.00023258139767465117,0.00015727239274472964
1308,0.00010001000100010001,0.00010001000100010001,0.0,0.00013334666800013335,6.433435119424953e-05
1309,0.00010001000100010001,0.00010001000100010001,2.832597769553911e-05,0.0002867259202984519,0.00020970107742069577
1310,0.00010001000100010001,0.00010001000100010001,0.0,0.00021178588447080005,0.00012191232164293225
1311,0.00010001000100010001,0.00010001000100010001,0.0,0.00013334666800013335,6.433435119424953e-05
1312,0.00020002000200020003,0.00010001000100010001,6.681023704740949e-05,0.00045004500450045,0.0003150319015485514
1313,0.00010001000100010001,0.00010001000100010001,0.0,0.0003674280471525413,0.00025915064733356396
1314,0.00010001000100010001,0.00010001000100010001,0.0,0.00013334666800013335,6.433435119424953e-05
1315,0.00010001000100010001,0.00010001000100010001,0.0,0.00017779555733351112,0.000128107354012378
1316,0.00010001000100010001,0.00010001000100010001,2.0316563312662534e-05,0.00031299426238920187,0.00023053844115954734
1317,0.00010001000100010001,0.00010001000100010001,0.0,0.00013334666800013335,6.433435119424953e-05
1318,0.00020002000200020003,0.00010001000100010001,4.063312662532507e-05,0.00041822364054587276,0.00034923497814032207
1319,0.00010001000100010001,0.00010001000100010001,0.0,0.00021178588447080005,0.00012191232164293225
1320,0.00010001000100010001,0.00010001000100010001,2.227007901580316e-05,0.00013334666800013335,6.433435119424953e-05
1321,0.00010001000100010001,0.00010001000100010001,1.7581641328265653e-06,0.00016668333500016668,0.00010384368462141806
1322,0.00010001000100010001,0.00010001000100010001,0.00024497086917383475,0.0007462971352921074,0.0004086043184077922
1323,0.00010001000100010001,0.00010001000100010001,0.0,0.00013334666800013335,6.433435119424953e-05
1324,0.00020002000200020003,0.00010001000100010001,1.0158281656331267e-05,0.00030569094645313587,0.00022842438693018485
1325,0.00010001000100010001,0.00010001000100010001,1.5237422484496899e-05,0.00024145271670024146,0.00017480289387969826
1326,0.00010001000100010001,0.00010001000100010001,0.0,0.00013334666800013335,6.433435119424953e-05
1327,0.00010001000100010001,0.00010001000100010001,0.0,0.00019758073368312442,0.00013920375572321544
1328,0.00010001000100010001,0.00010001000100010001,0.0,0.00021178588447080005,0.00012191232164293225
1329,0.00010001000100010001,0.00010001000100010001,0.0,0.00013334666800013335,6.433435119424953e-05
1330,0.00020002000200020003,0.00010001000100010001,4.063312662532507e-05,0.0005718382997097993,0.0004455564363851558
1331,0.00010001000100010001,0.00010001000100010001,0.0,0.0002942823017933977,0.00020530657581803414
1332,0.00010001000100010001,0.00010001000100010001,0.0,0.00013334666800013335,6.433435119424953e-05
1333,0.00010001000100010001,0.00010001000100010001,0.00015589055311062214,0.00043860068880842873,0.0002014455746592028
1334,0.00010001000100010001,0.00010001000100010001,0.0,0.00023258139767465117,0.00015727239274472964
1335,0.00010001000100010001,0.00010001000100010001,0.0,0.00013334666800013335,6.433435119424953e-05
1336,0.00020002000200020003,0.00010001000100010001,0.0012170402830566113,0.0029241807552707164,0.0006707823914892919
1337,0.00010001000100010001,0.00010001000100010001,0.0,0.00021178588447080005,0.00012191232164293225
1338,0.00010001000100010001,0.00010001000100010001,1.3674609921984396e-05,0.00013334666800013335,6.433435119424953e-05
1339,0.00010001000100010001,0.00010001000100010001,0.0,0.00016668333500016668,0.00010384368462141806
1340,0.00010001000100010001,0.00010001000100010001,1.3674609921984396e-05,0.0004050700928080974,0.00028957996815179483
1341,0.00010001000100010001,0.00010001000100010001,0.0,0.00013334666800013335,6.433435119424953e-05
1342,0.00020002000200020003,0.00010001000100010001,1.7581641328265653e-06,0.0003314056895885667,0.00020694254448637157
1343,0.00010001000100010001,0.00010001000100010001,1.1721094218843769e-06,0.0002666933360002667,0.00019353596755007884
1344,0.00010001000100010001,0.00010001000100010001,0.0,0.00013334666800013335,6.433435119424953e-05
1345,0.00010001000100010001,0.00010001000100010001,2.227007901580316e-05,0.00021178588447080005,0.00015673425685818406
1346,0.00010001000100010001,0.00010001000100010001,0.0,0.00021178588447080005,0.00012191232164293225
1347,0.00010001000100010001,0.00010001000100010001,0.0,0.00013334666800013335,6.433435119424953e-05
1348,0.00020002000200020003,0.00010001000100010001,0.00015589055311062214,0.0008880908171138399,0.0005560917087617081
1349,0.00010001000100010001,0.00010001000100010001,6.681023704740949e-05,0.0003681119285637484,0.0002656450418378483
1350,0.00010001000100010001,0.00010001000100010001,0.0,0.00013334666800013335,6.433435119424953e-05
1351,0.00010001000100010001,0.00010001000100010001,2.7349219843968794e-06,0.0001818363654547273,0.00013882327744667856
1352,0.00010001000100010001,0.00010001000100010001,2.0316563312662534e-05,0.0002658557313017734,0.00020658268606931862
1353,0.00010001000100010001,0.00010001000100010001,0.0,0.00013334666800013335,6.433435119424953e-05
1354,0.00020002000200020003,0.00010001000100010001,6.0949689937987596e-05,0.000502030401059908,0.000364808879502449
1355,0.00010001000100010001,0.00010001000100010001,0.0,0.00021178588447080005,0.00012191232164293225
1356,0.00010001000100010001,0.00010001000100010001,0.0,0.00013334666800013335,6.433435119424953e-05
1357,0.00010001000100010001,0.00010001000100010001,0.0,0.00016668333500016668,0.00010384368462141806
1358,0.00010001000100010001,0.00010001000100010001,1.2697852070414082e-05,0.0002942823017933977,0.00020530657581803414
1359,0.00010001000100010001,0.00010001000100010001,0.0,0.00013334666800013335,6.433435119424953e-05
1360,0.00020002000200020003,0.00010001000100010001,0.0,0.00032823795200032823,0.0002244730456213402
1361,0.00010001000100010001,0.00010001000100010001,0.0,0.00023258139767465117,0.00015727239274472964
1362,0.00010001000100010001,0.00010001000100010001,0.0,0.00013334666800013335,6.433435119424953e-05
1363,0.00010001000100010001,0.00010001000100010001,0.0,0.00023938564069172876,0.00017546733052856465
1364,0.00010001000100010001,0.00010001000100010001,0.0,0.00021178588447080005,0.00012191232164293225
1365,0.00010001000100010001,0.00010001000100010001,0.0,0.00013334666800013335,6.433435119424953e-05
1366,0.00020002000200020003,0.00010001000100010001,1.5237422484496899e-05,0.00045608009076769743,0.00029934245015030605
1367,0.00010001000100010001,0.00010001000100010001,0.0007542524129825965,0.0023381467105986617,0.0004416762760407665
1368,0.00010001000100010001,0.00010001000100010001,0.0,0.00013334666800013335,6.433435119424953e-05
1369,0.00010001000100010001,0.00010001000100010001,7.6187112422484495e-06,0.00017779555733351112,0.000128107354012378
1370,0.00010001000100010001,0.00010001000100010001,2.4809649429885976e-05,0.00030747755626626494,0.00023677583483594348
1371,0.00010001000100010001,0.00010001000100010001,0.0,0.00013334666800013335,6.433435119424953e-05
1372,0.00020002000200020003,0.00010001000100010001,4.961929885977195e-05,0.0004829628691512368,0.00033465315290552485
1373,0.00010001000100010001,0.00010001000100010001,0.0,0.00021178588447080005,0.00012191232164293225
1374,0.00010001000100010001,0.00010001000100010001,0.0,0.00013334666800013335,6.433435119424953e-05
1375,0.00010001000100010001,0.00010001000100010001,0.0,0.00016668333500016668,0.00010384368462141806
1376,0.00010001000100010001,0.00010001000100010001,3.3209766953390675e-05,0.0006413806917961884,0.0003873659328018465
1377,0.00010001000100010001,0.00010001000100010001,0.0,0.00013334666800013335,6.433435119424953e-05
1378,0.00020002000200020003,0.00010001000100010001,0.0,0.00032146071750032145,0.00021765846792067212
1379,0.00010001000100010001,0.00010001000100010001,2.4809649429885976e-05,0.00027010575073255357,0.00021236550101579992
1380,0.00010001000100010001,0.00010001000100010001,2.4809649429885976e-05,0.00013334666800013335,6.433435119424953e-05
1381,0.00010001000100010001,0.00010001000100010001,4.961929885977195e-05,0.00019758073368312442,0.00013920375572321544
1382,0.00010001000100010001,0.00010001000100010001,0.0,0.00021178588447080005,0.00012191232164293225
1383,0.00010001000100010001,0.00010001000100010001,0.0,0.00013334666800013335,6.433435119424953e-05
1384,0.00020002000200020003,0.00010001000100010001,1.9925860172034407e-05,0.0006719160837260624,0.0004934280380783536
1385,0.00010001000100010001,0.00010001000100010001,0.0,0.0002935252874880984,0.00021607249482754687
1386,0.00010001000100010001,0.00010001000100010001,0.0,0.00013334666800013335,6.433435119424953e-05
1387,0.00010001000100010001,0.00010001000100010001,2.5395704140828164e-05,0.00020644266261488534,0.00016132730654559203
1388,0.00010001000100010001,0.00010001000100010001,4.961929885977195e-05,0.00023258139767465117,0.00015727239274472964
1389,0.00010001000100010001,0.00010001000100010001,0.0,0.00013334666800013335,6.433435119424953e-05
1390,0.00020002000200020003,0.00010001000100010001,0.00014885789657931585,0.0006875886316771582,0.0004810649525699314
1391,0.00010001000100010001,0.00010001000100010001,0.0,0.00021178588447080005,0.00012191232164293225
1392,0.00010001000100010001,0.00010001000100010001,0.0,0.00013334666800013335,6.433435119424953e-05
1393,0.00010001000100010001,0.00010001000100010001,0.0,0.00016668333500016668,0.00010384368462141806
1394,0.00010001000100010001,0.00010001000100010001,0.0,0.00037216110991630135,0.00026692902381793705
1395,0.00010001000100010001,0.00010001000100010001,2.4809649429885976e-05,0.00013334666800013335,6.433435119424953e-05
1396,0.00020002000200020003,0.00010001000100010001,0.0,0.0003314056895885667,0.00020694254448637157
1397,0.00010001000100010001,0.00010001000100010001,1.3283906781356272e-05,0.0004184312662035434,0.00028087065387919483
1398,0.00010001000100010001,0.00010001000100010001,0.0,0.00013334666800013335,6.433435119424953e-05
1399,0.00010001000100010001,0.00010001000100010001,1.2722701095992191e-05,0.00021706206495088968,0.00017914147452539406
1400,0.00010001000100010001,0.00010001000100010001,1.6214180336067213e-05,0.00021178588447080005,0.00012191232164293225
1401,0.00010001000100010001,0.00010001000100010001,0.0,0.00013334666800013335,6.433435119424953e-05
1402,0.00020002000200020003,0.00010001000100010001,8.107090168033606e-05,0.0005672592982770946,0.0003983852652489156
1403,0.00010001000100010001,0.00010001000100010001,0.00014885789657931585,0.0006128658191598197,0.0003725372534687575
1404,0.00010001000100010001,0.00010001000100010001,0.0,0.00013334666800013335,6.433435119424953e-05
1405,0.00010001000100010001,0.00010001000100010001,0.0,0.0001925004530528241,0.00015736757294056432
1406,0.00010001000100010001,0.00010001000100010001,0.0,0.00024145271670024146,0.00017480289387969826
1407,0.00010001000100010001,0.00010001000100010001,0.0,0.00013334666800013335,6.433435119424953e-05
1408,0.00020002000200020003,0.00010001000100010001,1.6409531906381277e-05,0.000561853938202809,0.0003983139919046911
1409,0.00010001000100010001,0.00010001000100010001,0.0,0.00021178588447080005,0.00012191232164293225
1410,0.00010001000100010001,0.00010001000100010001,0.0,0.00013334666800013335,6.433435119424953e-05
1411,0.00010001000100010001,0.00010001000100010001,0.0,0.00016668333500016668,0.00010384368462141806
1412,0.00010001000100010001,0.00010001000100010001,2.4809649429885976e-05,0.000276950772000277,0.0001809614969823975
1413,0.00010001000100010001,0.00010001000100010001,0.0,0.00013334666800013335,6.433435119424953e-05
1414,0.00020002000200020003,0.00010001000100010001,2.4809649429885976e-05,0.0002963259288891852,0.00023317909908632736
1415,0.00010001000100010001,0.00010001000100010001,1.3283906781356272e-05,0.00023145171660023141,0.0001504578150440616
1416,0.00010001000100010001,0.00010001000100010001,6.641953390678136e-06,0.00013334666800013335,6.433435119424953e-05
1417,0.00010001000100010001,0.00010001000100010001,3.0474844968993798e-05,0.00032896228119395085,0.00022790138755983703
1418,0.00010001000100010001,0.00010001000100010001,0.0,0.00021178588447080005,0.00012191232164293225
1419,0.00010001000100010001,0.00010001000100010001,0.0,0.00013334666800013335,6.433435119424953e-05
1420,0.00020002000200020003,0.00010001000100010001,1.9925860172034407e-05,0.0004235717689416001,0.00029647921375848264
1421,0.00010001000100010001,0.00010001000100010001,2.6567813562712544e-05,0.00034755541669869464,0.00025581944167803503
1422,0.00010001000100010001,0.00010001000100010001,0.0,0.00013334666800013335,6.433435119424953e-05
1423,0.00010001000100010001,0.00010001000100010001,0.0,0.000175017501750175,0.00012129277631170992
1424,0.00010001000100010001,0.00010001000100010001,0.0,0.0002449520314350276,0.00017600546641511028
1425,0.00010001000100010001,0.00010001000100010001,0.0,0.00013334666800013335,6.433435119424953e-05
1426,0.00020002000200020003,0.00010001000100010001,5.0791408281656336e-06,0.00044004400440044003,0.0002878040449709748
1427,0.00010001000100010001,0.00010001000100010001,0.0,0.00021178588447080005,0.00012191232164293225
1428,0.00010001000100010001,0.00010001000100010001,0.0,0.00013334666800013335,6.433435119424953e-05
1429,0.00010001000100010001,0.00010001000100010001,0.0,0.00016668333500016668,0.00010384368462141806
1430,0.00010001000100010001,0.00010001000100010001,1.526724131519063e-05,0.00033970788383186145,0.0002489922221082817
1431,0.00010001000100010001,0.00010001000100010001,5.0791408281656336e-06,0.00013334666800013335,6.433435119424953e-05
1432,0.00020002000200020003,0.00010001000100010001,6.641953390678136e-06,0.0003349172126514977,0.0002001279667857035
1433,0.00010001000100010001,0.00010001000100010001,0.0,0.00023706074311134816,0.0001836777675772756
1434,0.00010001000100010001,0.00010001000100010001,0.0,0.00013334666800013335,6.433435119424953e-05
1435,0.00010001000100010001,0.00010001000100010001,1.7581641328265653e-06,0.00019395878981837578,0.00013238917802254737
1436,0.00010001000100010001,0.00010001000100010001,0.0,0.00021178588447080005,0.00012191232164293225
1437,0.00010001000100010001,0.00010001000100010001,0.0,0.00013334666800013335,6.433435119424953e-05
1438,0.00020002000200020003,0.00010001000100010001,0.0009650367573514703,0.0025891001286226394,0.00059142058821107
1439,0.00010001000100010001,0.00010001000100010001,0.0,0.000276950772000277,0.0001809614969823975
1440,0.00010001000100010001,0.00010001000100010001,0.0,0.00013334666800013335,6.433435119424953e-05
1441,0.00010001000100010001,0.00010001000100010001,0.0,0.0001818363654547273,0.00013882327744667856
1442,0.00010001000100010001,0.00010001000100010001,9.181523804760953e-06,0.00023145171660023141,0.0001504578150440616
1443,0.00010001000100010001,0.00010001000100010001,0.0,0.00013334666800013335,6.433435119424953e-05
1444,0.00020002000200020003,0.00010001000100010001,4.590761902380476e-05,0.0006083264152973563,0.00047728889995116803
1445,0.00010001000100010001,0.00010001000100010001,0.0,0.00021178588447080005,0.00012191232164293225
1446,0.00010001000100010001,0.00010001000100010001,0.0,0.00013334666800013335,6.433435119424953e-05
1447,0.00010001000100010001,0.00010001000100010001,0.0,0.00016668333500016668,0.00010384368462141806
1448,0.00010001000100010001,0.00010001000100010001,8.204765953190639e-06,0.0004905122664855042,0.0003247961075284298
1449,0.00010001000100010001,0.00010001000100010001,0.0,0.00013334666800013335,6.433435119424953e-05
1450,0.00020002000200020003,0.00010001000100010001,8.204765953190639e-06,0.0003349172126514977,0.0002001279667857035
1451,0.00010001000100010001,0.00010001000100010001,2.7349219843968793e-05,0.00028929446616978084,0.00022163333804189772
1452,0.00010001000100010001,0.00010001000100010001,0.0,0.00013334666800013335,6.433435119424953e-05
1453,0.00010001000100010001,0.00010001000100010001,9.181523804760953e-06,0.00030313652607745744,0.00020058549950655198
1454,0.00010001000100010001,0.00010001000100010001,0.0,0.00021178588447080005,0.00012191232164293225
1455,0.00010001000100010001,0.00010001000100010001,1.1721094218843769e-06,0.00013334666800013335,6.433435119424953e-05
1456,0.00020002000200020003,0.00010001000100010001,0.0003000600120024005,0.001067086190088708,0.0005684472667863755
1457,0.00010001000100010001,0.00010001000100010001,7.306148729745949e-05,0.0007635520547636501,0.00040240230803769496
1458,0.00010001000100010001,0.00010001000100010001,0.0,0.00013334666800013335,6.433435119424953e-05
1459,0.00010001000100010001,0.00010001000100010001,6.641953390678136e-06,0.000175017501750175,0.00012129277631170992
1460,0.00010001000100010001,0.00010001000100010001,0.0,0.0002275818132994402,0.00018350894734468542
1461,0.00010001000100010001,0.00010001000100010001,0.0,0.00013334666800013335,6.433435119424953e-05
1462,0.00020002000200020003,0.00010001000100010001,0.00010939687937587517,0.00045799632966830243,0.00034159641968310755
1463,0.00010001000100010001,0.00010001000100010001,2.7349219843968793e-05,0.00021178588447080005,0.00012191232164293225
1464,0.00010001000100010001,0.00010001000100010001,1.875375075015003e-05,0.00013334666800013335,6.433435119424953e-05
1465,0.00010001000100010001,0.00010001000100010001,0.0,0.00016668333500016668,0.00010384368462141806
1466,0.00010001000100010001,0.00010001000100010001,0.0,0.000276950772000277,0.0001809614969823975
1467,0.00010001000100010001,0.00010001000100010001,0.0,0.00013334666800013335,6.433435119424953e-05
1468,0.00020002000200020003,0.00010001000100010001,0.0,0.0003063597498990405,0.0002411262958032906
1469,0.00010001000100010001,0.00010001000100010001,9.181523804760953e-06,0.00023145171660023141,0.0001504578150440616
1470,0.00010001000100010001,0.00010001000100010001,0.0,0.00013334666800013335,6.433435119424953e-05
1471,0.00010001000100010001,0.00010001000100010001,0.0,0.00022657132969934162,0.00017362628079184143
1472,0.00010001000100010001,0.00010001000100010001,4.102382976595319e-06,0.00021178588447080005,0.00012191232164293225
1473,0.00010001000100010001,0.00010001000100010001,0.0,0.00013334666800013335,6.433435119424953e-05
1474,0.00020002000200020003,0.00010001000100010001,5.4698439687937586e-05,0.00041716330441977207,0.00033268278230141006
1475,0.00010001000100010001,0.00010001000100010001,2.7349219843968793e-05,0.00032362786840481805,0.00023956028065406988
1476,0.00010001000100010001,0.00010001000100010001,0.0,0.00013334666800013335,6.433435119424953e-05
1477,0.00010001000100010001,0.00010001000100010001,0.0,0.000175017501750175,0.00012129277631170992
1478,0.00010001000100010001,0.00010001000100010001,0.0,0.00032413955681282413,0.00023689884060264986
1479,0.00010001000100010001,0.00010001000100010001,0.0,0.00013334666800013335,6.433435119424953e-05
1480,0.00020002000200020003,0.00010001000100010001,0.0,0.00042812500428125006,0.0002985699639804875
1481,0.00010001000100010001,0.00010001000100010001,6.641953390678136e-06,0.00021178588447080005,0.00012191232164293225
1482,0.00010001000100010001,0.00010001000100010001,0.0,0.00013334666800013335,6.433435119424953e-05
1483,0.00010001000100010001,0.00010001000100010001,2.7349219843968793e-05,0.00016668333500016668,0.00010384368462141806
1484,0.00010001000100010001,0.00010001000100010001,3.672609521904381e-05,0.0004046856298533079,0.00030737341869295525
1485,0.00010001000100010001,0.00010001000100010001,9.181523804760953e-06,0.00013334666800013335,6.433435119424953e-05
1486,0.00020002000200020003,0.00010001000100010001,0.0,0.0003349172126514977,0.0002001279667857035
1487,0.00010001000100010001,0.00010001000100010001,7.814062812562513e-07,0.00023228129264539358,0.00016798831617903021
1488,0.00010001000100010001,0.00010001000100010001,0.0,0.00013334666800013335,6.433435119424953e-05
1489,0.00010001000100010001,0.00010001000100010001,0.0,0.00019395878981837578,0.00013238917802254737
1490,0.00010001000100010001,0.00010001000100010001,1.7776992898579717e-05,0.00021178588447080005,0.00012191232164293225
1491,0.00010001000100010001,0.00010001000100010001,0.0,0.00013334666800013335,6.433435119424953e-05
1492,0.00020002000200020003,0.00010001000100010001,2.4614297859571916e-05,0.0005357678625005358,0.0003900058934520185
1493,0.00010001000100010001,0.00010001000100010001,4.102382976595319e-06,0.000276950772000277,0.0001809614969823975
1494,0.00010001000100010001,0.00010001000100010001,9.181523804760953e-06,0.00013334666800013335,6.433435119424953e-05
1495,0.00010001000100010001,0.00010001000100010001,1.5628125625125025e-06,0.00018573285900018574,0.0001495891964561913
1496,0.00010001000100010001,0.00010001000100010001,0.0,0.00023145171660023141,0.0001504578150440616
1497,0.00010001000100010001,0.00010001000100010001,0.0,0.00013334666800013335,6.433435119424953e-05
1498,0.00020002000200020003,0.00010001000100010001,3.679796624686973e-05,0.0007111822293340446,0.000501973933258067
1499,0.00010001000100010001,0.00010001000100010001,1.7581641328265653e-06,0.00021178588447080005,0.00012191232164293225
1500,0.00010001000100010001,0.00010001000100010001,0.0,0.00013334666800013335,6.433435119424953e-05
1501,0.00010001000100010001,0.00010001000100010001,0.0,0.00016668333500016668,0.00010384368462141806
1502,0.00010001000100010001,0.00010001000100010001,2.7402740822137027e-06,0.0003327376762833516,0.00023972910088666013
1503,0.00010001000100010001,0.00010001000100010001,0.0,0.00013334666800013335,6.433435119424953e-05
1504,0.00020002000200020003,0.00010001000100010001,2.1293321164232847e-05,0.0003349172126514977,0.0002001279667857035
1505,0.00010001000100010001,0.00010001000100010001,7.6187112422484495e-06,0.0002449520314350276,0.00017600546641511028
1506,0.00010001000100010001,0.00010001000100010001,0.0,0.00013334666800013335,6.433435119424953e-05
1507,0.00010001000100010001,0.00010001000100010001,0.0,0.00020168683535020166,0.00014991967915751602
1508,0.00010001000100010001,0.00010001000100010001,0.0,0.00021178588447080005,0.00012191232164293225
1509,0.00010001000100010001,0.00010001000100010001,0.0,0.00013334666800013335,6.433435119424953e-05
1510,0.00020002000200020003,0.00010001000100010001,3.809355621124225e-05,0.0006823467156842266,0.00047285229954015885
1511,0.00010001000100010001,0.00010001000100010001,7.814062812562513e-07,0.00034132445502614773,0.00024423750995213923
1512,0.00010001000100010001,0.00010001000100010001,0.0,0.00013334666800013335,6.433435119424953e-05
1513,0.00010001000100010001,0.00010001000100010001,0.0,0.000175017501750175,0.00012129277631170992
1514,0.00010001000100010001,0.00010001000100010001,2.1293321164232847e-05,0.00024069073574024073,0.00019145614406164863
1515,0.00010001000100010001,0.00010001000100010001,0.0,0.00013334666800013335,6.433435119424953e-05
1516,0.00020002000200020003,0.00010001000100010001,3.516328265653131e-05,0.0003936712775546274,0.0003510835760038321
1517,0.00010001000100010001,0.00010001000100010001,1.1721094218843768e-05,0.00021178588447080005,0.00012191232164293225
1518,0.00010001000100010001,0.00010001000100010001,0.0,0.00013334666800013335,6.433435119424953e-05
1519,0.00010001000100010001,0.00010001000100010001,0.0,0.00016668333500016668,0.00010384368462141806
1520,0.00010001000100010001,0.00010001000100010001,2.1293321164232847e-05,0.000276950772000277,0.0001809614969823975
1521,0.00010001000100010001,0.00010001000100010001,0.0,0.00013334666800013335,6.433435119424953e-05
1522,0.00020002000200020003,0.00010001000100010001,0.0,0.00032146071750032145,0.00021765846792067212
1523,0.00010001000100010001,0.00010001000100010001,6.641953390678136e-06,0.00023145171660023141,0.0001504578150440616
1524,0.00010001000100010001,0.00010001000100010001,0.0,0.00013334666800013335,6.433435119424953e-05
1525,0.00010001000100010001,0.00010001000100010001,0.0,0.00021494686782111048,0.00015793682939359605
1526,0.00010001000100010001,0.00010001000100010001,0.0,0.00021178588447080005,0.00012191232164293225
1527,0.00010001000100010001,0.00010001000100010001,7.814062812562513e-07,0.00013334666800013335,6.433435119424953e-05
1528,0.00020002000200020003,0.00010001000100010001,0.0,0.00044104410441044104,0.0002857132947489699
1529,0.00010001000100010001,0.00010001000100010001,1.1721094218843768e-05,0.0004089118589278283,0.00028928684643896735
1530,0.00010001000100010001,0.00010001000100010001,0.0,0.00013334666800013335,6.433435119424953e-05
1531,0.00010001000100010001,0.00010001000100010001,0.0,0.000175017501750175,0.00012129277631170992
1532,0.00010001000100010001,0.00010001000100010001,0.0,0.0002513294807741644,0.00019169491781335563
1533,0.00010001000100010001,0.00010001000100010001,2.7349219843968794e-06,0.00013334666800013335,6.433435119424953e-05
1534,0.00020002000200020003,0.00010001000100010001,0.0,0.0004284947323184201,0.0003195838371605951
1535,0.00010001000100010001,0.00010001000100010001,0.0,0.00021178588447080005,0.00012191232164293225
1536,0.00010001000100010001,0.00010001000100010001,0.0,0.00013334666800013335,6.433435119424953e-05
1537,0.00010001000100010001,0.00010001000100010001,5.977758051610322e-05,0.00016668333500016668,0.00010384368462141806
1538,0.00010001000100010001,0.00010001000100010001,1.3283906781356272e-05,0.00040337367070040337,0.0002852358389697262
1539,0.00010001000100010001,0.00010001000100010001,0.0,0.00013334666800013335,6.433435119424953e-05
1540,0.00020002000200020003,0.00010001000100010001,0.0,0.0003349172126514977,0.0002001279667857035
1541,0.00010001000100010001,0.00010001000100010001,1.3283906781356272e-05,0.00022961479821451532,0.00017875423518854292
1542,0.00010001000100010001,0.00010001000100010001,0.0,0.00013334666800013335,6.433435119424953e-05
1543,0.00010001000100010001,0.00010001000100010001,0.0,0.00019395878981837578,0.00013238917802254737
1544,0.00010001000100010001,0.00010001000100010001,0.0,0.00021178588447080005,0.00012191232164293225
1545,0.00010001000100010001,0.00010001000100010001,0.0,0.00013334666800013335,6.433435119424953e-05
1546,0.00020002000200020003,0.00010001000100010001,4.766578315663133e-05,0.0005806384209849556,0.00041367233337297817
1547,0.00010001000100010001,0.00010001000100010001,6.641953390678136e-06,0.000276950772000277,0.0001809614969823975
1548,0.00010001000100010001,0.00010001000100010001,0.0,0.00013334666800013335,6.433435119424953e-05
1549,0.00010001000100010001,0.00010001000100010001,4.766578315663133e-05,0.00026344097824416583,0.00019067216088174032
1550,0.00010001000100010001,0.00010001000100010001,0.0,0.00023145171660023141,0.0001504578150440616
1551,0.00010001000100010001,0.00010001000100010001,0.0,0.00013334666800013335,6.433435119424953e-05
1552,0.00020002000200020003,0.00010001000100010001,2.3832891578315664e-05,0.0004671874373066049,0.00040398647655320955
1553,0.00010001000100010001,0.00010001000100010001,2.3832891578315664e-05,0.00021178588447080005,0.00012191232164293225
1554,0.00010001000100010001,0.00010001000100010001,0.0,0.00013334666800013335,6.433435119424953e-05
1555,0.00010001000100010001,0.00010001000100010001,0.0,0.00016668333500016668,0.00010384368462141806
1556,0.00010001000100010001,0.00010001000100010001,2.3832891578315664e-05,0.0003248647012352242,0.0002348055684979274
1557,0.00010001000100010001,0.00010001000100010001,2.3832891578315664e-05,0.00013334666800013335,6.433435119424953e-05
1558,0.00020002000200020003,0.00010001000100010001,1.1721094218843768e-05,0.0003349172126514977,0.0002001279667857035
1559,0.00010001000100010001,0.00010001000100010001,0.0,0.0002816948361502817,0.00021778483548304454
1560,0.00010001000100010001,0.00010001000100010001,0.0,0.00013334666800013335,6.433435119424953e-05
1561,0.00010001000100010001,0.00010001000100010001,2.3442188437687536e-05,0.000216198090397275,0.0001754254675870141
1562,0.00010001000100010001,0.00010001000100010001,0.0,0.00021178588447080005,0.00012191232164293225
1563,0.00010001000100010001,0.00010001000100010001,0.0,0.00013334666800013335,6.433435119424953e-05
1564,0.00020002000200020003,0.00010001000100010001,4.766578315663133e-05,0.0005172234395156688,0.0003554958909193932
1565,0.00010001000100010001,0.00010001000100010001,0.00014299734946989398,0.0006021601025028723,0.00036586707869412053
1566,0.00010001000100010001,0.00010001000100010001,2.3832891578315664e-05,0.00013334666800013335,6.433435119424953e-05
1567,0.00010001000100010001,0.00010001000100010001,0.0,0.000175017501750175,0.00012129277631170992
1568,0.00010001000100010001,0.00010001000100010001,0.0,0.00023228129264539358,0.00016798831617903021
1569,0.00010001000100010001,0.00010001000100010001,0.0,0.00013334666800013335,6.433435119424953e-05
1570,0.00020002000200020003,0.00010001000100010001,4.766578315663133e-05,0.0005465527097456826,0.0003933858288965501
1571,0.00010001000100010001,0.00010001000100010001,0.0,0.00021178588447080005,0.00012191232164293225
1572,0.00010001000100010001,0.00010001000100010001,0.0,0.00013334666800013335,6.433435119424953e-05
1573,0.00010001000100010001,0.00010001000100010001,0.0,0.00016668333500016668,0.00010384368462141806
1574,0.00010001000100010001,0.00010001000100010001,1.1721094218843768e-05,0.000276950772000277,0.0001809614969823975
1575,0.00010001000100010001,0.00010001000100010001,0.0,0.00013334666800013335,6.433435119424953e-05
1576,0.00020002000200020003,0.00010001000100010001,5.665195539107822e-06,0.000298002773250298,0.0002362027634145579
1577,0.00010001000100010001,0.00010001000100010001,0.0,0.00023145171660023141,0.0001504578150440616
1578,0.00010001000100010001,0.00010001000100010001,0.0,0.00013334666800013335,6.433435119424953e-05
1579,0.00010001000100010001,0.00010001000100010001,0.00014299734946989398,0.0005249982698920651,0.00026914044308968784
1580,0.00010001000100010001,0.00010001000100010001,0.0,0.00021178588447080005,0.00012191232164293225
1581,0.00010001000100010001,0.00010001000100010001,0.0,0.00013334666800013335,6.433435119424953e-05
1582,0.00020002000200020003,0.00010001000100010001,3.0474844968993798e-05,0.00037512908800037514,0.00030946212834183264
1583,0.00010001000100010001,0.00010001000100010001,0.0,0.00033635204316451547,0.0002475074773710331
1584,0.00010001000100010001,0.00010001000100010001,0.0,0.00013334666800013335,6.433435119424953e-05
1585,0.00010001000100010001,0.00010001000100010001,0.0,0.000175017501750175,0.00012129277631170992
1586,0.00010001000100010001,0.00010001000100010001,0.0,0.0002449520314350276,0.00017600546641511028
1587,0.00010001000100010001,0.00010001000100010001,0.0,0.00013334666800013335,6.433435119424953e-05
1588,0.00020002000200020003,0.00010001000100010001,0.0,0.00044004400440044003,0.0002878040449709748
1589,0.00010001000100010001,0.00010001000100010001,0.0,0.00021178588447080005,0.00012191232164293225
1590,0.00010001000100010001,0.00010001000100010001,0.0,0.00013334666800013335,6.433435119424953e-05
1591,0.00010001000100010001,0.00010001000100010001,0.0,0.00016668333500016668,0.00010384368462141806
1592,0.00010001000100010001,0.00010001000100010001,2.3832891578315664e-05,0.000328500003285,0.00025587880860983655
1593,0.00010001000100010001,0.00010001000100010001,0.0,0.00013334666800013335,6.433435119424953e-05
1594,0.00020002000200020003,0.00010001000100010001,0.0,0.0003349172126514977,0.0002001279667857035
1595,0.00010001000100010001,0.00010001000100010001,2.852132926585317e-05,0.000311091016935795,0.00022303337802935685
1596,0.00010001000100010001,0.00010001000100010001,0.0,0.00013334666800013335,6.433435119424953e-05
1597,0.00010001000100010001,0.00010001000100010001,0.0,0.00019395878981837578,0.00013238917802254737
1598,0.00010001000100010001,0.00010001000100010001,0.0,0.00021178588447080005,0.00012191232164293225
1599,0.00010001000100010001,0.00010001000100010001,0.0,0.00013334666800013335,6.433435119424953e-05
1600,0.00020002000200020003,0.00010001000100010001,5.0986759851970396e-05,0.0006506447746223898,0.0004561496543155353
1601,0.00010001000100010001,0.00010001000100010001,0.0,0.000276950772000277,0.0001809614969823975
1602,0.00010001000100010001,0.00010001000100010001,0.0,0.00013334666800013335,6.433435119424953e-05
1603,0.00010001000100010001,0.00010001000100010001,1.1721094218843768e-05,0.0001818363654547273,0.00013882327744667856
1604,0.00010001000100010001,0.00010001000100010001,0.0,0.00023145171660023141,0.0001504578150440616
1605,0.00010001000100010001,0.00010001000100010001,0.0,0.00013334666800013335,6.433435119424953e-05
1606,0.00020002000200020003,0.00010001000100010001,4.102382976595319e-06,0.0005707360859542745,0.00039497588551853674
1607,0.00010001000100010001,0.00010001000100010001,7.814062812562513e-07,0.00021178588447080005,0.00012191232164293225
1608,0.00010001000100010001,0.00010001000100010001,0.0,0.00013334666800013335,6.433435119424953e-05
1609,0.00010001000100010001,0.00010001000100010001,0.0,0.00016668333500016668,0.00010384368462141806
1610,0.00010001000100010001,0.00010001000100010001,2.8716680836167233e-05,0.0004675379198697255,0.00032083064645704857
1611,0.00010001000100010001,0.00010001000100010001,0.0,0.00013334666800013335,6.433435119424953e-05
1612,0.00020002000200020003,0.00010001000100010001,0.0,0.0003349172126514977,0.0002001279667857035
1613,0.00010001000100010001,0.00010001000100010001,0.0,0.00025192995490025194,0.00020341112290511056
1614,0.00010001000100010001,0.00010001000100010001,0.0,0.00013334666800013335,6.433435119424953e-05
1615,0.00010001000100010001,0.00010001000100010001,1.5628125625125025e-06,0.00021077376554859789,0.00016258546622753092
1616,0.00010001000100010001,0.00010001000100010001,0.0,0.00021178588447080005,0.00012191232164293225
1617,0.00010001000100010001,0.00010001000100010001,0.0,0.00013334666800013335,6.433435119424953e-05
1618,0.00020002000200020003,0.00010001000100010001,9.181523804760953e-06,0.0005938836163901426,0.00042318767894841474
1619,0.00010001000100010001,0.00010001000100010001,0.0008906078090618124,0.0024265442039817656,0.0004148324608926651
1620,0.00010001000100010001,0.00010001000100010001,0.0,0.00013334666800013335,6.433435119424953e-05
1621,0.00010001000100010001,0.00010001000100010001,0.0,0.000175017501750175,0.00012129277631170992
1622,0.00010001000100010001,0.00010001000100010001,0.0,0.0002275818132994402,0.00018350894734468542
1623,0.00010001000100010001,0.00010001000100010001,0.0,0.00013334666800013335,6.433435119424953e-05
1624,0.00020002000200020003,0.00010001000100010001,2.4614297859571916e-05,0.00047518876181403447,0.00032601748341203827
1625,0.00010001000100010001,0.00010001000100010001,0.0,0.00021178588447080005,0.00012191232164293225
1626,0.00010001000100010001,0.00010001000100010001,0.0,0.00013334666800013335,6.433435119424953e-05
1627,0.00010001000100010001,0.00010001000100010001,1.7581641328265653e-06,0.00016668333500016668,0.00010384368462141806
1628,0.00010001000100010001,0.00010001000100010001,0.0,0.000276950772000277,0.0001809614969823975
1629,0.00010001000100010001,0.00010001000100010001,0.0,0.00013334666800013335,6.433435119424953e-05
1630,0.00020002000200020003,0.00010001000100010001,0.0,0.00031459456625274176,0.00023032425499068703
1631,0.00010001000100010001,0.00010001000100010001,7.814062812562513e-07,0.00023145171660023141,0.0001504578150440616
1632,0.00010001000100010001,0.00010001000100010001,0.0,0.00013334666800013335,6.433435119424953e-05
1633,0.00010001000100010001,0.00010001000100010001,2.637246199239848e-05,0.00027043902892161877,0.00020218357413771929
1634,0.00010001000100010001,0.00010001000100010001,0.0,0.00021178588447080005,0.00012191232164293225
1635,0.00010001000100010001,0.00010001000100010001,0.0,0.00013334666800013335,6.433435119424953e-05
1636,0.00020002000200020003,0.00010001000100010001,1.6409531906381277e-05,0.0003782073631219086,0.0003286381519544084
1637,0.00010001000100010001,0.00010001000100010001,8.204765953190639e-06,0.0003055168359728741,0.00025084409809700883
1638,0.00010001000100010001,0.00010001000100010001,0.0,0.00013334666800013335,6.433435119424953e-05
1639,0.00010001000100010001,0.00010001000100010001,0.0,0.000175017501750175,0.00012129277631170992
1640,0.00010001000100010001,0.00010001000100010001,6.231715093018604e-05,0.0006594355213427647,0.0003004603634815585
1641,0.00010001000100010001,0.00010001000100010001,0.0,0.00013334666800013335,6.433435119424953e-05
1642,0.00020002000200020003,0.00010001000100010001,1.1330391078215644e-05,0.00043312601936885416,0.00029554629965225694
1643,0.00010001000100010001,0.00010001000100010001,1.4260664632926585e-05,0.00021178588447080005,0.00012191232164293225
1644,0.00010001000100010001,0.00010001000100010001,0.0,0.00013334666800013335,6.433435119424953e-05
1645,0.00010001000100010001,0.00010001000100010001,0.0,0.00016668333500016668,0.00010384368462141806
1646,0.00010001000100010001,0.00010001000100010001,0.00010548984796959392,0.00042155609983309086,0.00030398414972564457
1647,0.00010001000100010001,0.00010001000100010001,0.0,0.00013334666800013335,6.433435119424953e-05
1648,0.00020002000200020003,0.00010001000100010001,1.7776992898579717e-05,0.0003349172126514977,0.0002001279667857035
1649,0.00010001000100010001,0.00010001000100010001,0.0,0.00023228129264539358,0.00016798831617903021
1650,0.00010001000100010001,0.00010001000100010001,0.0,0.00013334666800013335,6.433435119424953e-05
1651,0.00010001000100010001,0.00010001000100010001,0.0,0.00019395878981837578,0.00013238917802254737
1652,0.00010001000100010001,0.00010001000100010001,0.0,0.00021178588447080005,0.00012191232164293225
1653,0.00010001000100010001,0.00010001000100010001,0.0,0.00013334666800013335,6.433435119424953e-05
1654,0.00020002000200020003,0.00010001000100010001,1.6409531906381277e-05,0.0005127094987979811,0.00038483975708530313
1655,0.00010001000100010001,0.00010001000100010001,0.0,0.000276950772000277,0.0001809614969823975
1656,0.00010001000100010001,0.00010001000100010001,0.0,0.00013334666800013335,6.433435119424953e-05
1657,0.00010001000100010001,0.00010001000100010001,1.4260664632926585e-05,0.00018463384800018466,0.00014656553212796076
1658,0.00010001000100010001,0.00010001000100010001,1.7811781534389067e-05,0.00023145171660023141,0.0001504578150440616
1659,0.00010001000100010001,0.00010001000100010001,0.0,0.00013334666800013335,6.433435119424953e-05
1660,0.00020002000200020003,0.00010001000100010001,0.0001318623099619924,0.0006646562890972379,0.00046708984410837045
1661,0.00010001000100010001,0.00010001000100010001,0.0,0.00021178588447080005,0.00012191232164293225
1662,0.00010001000100010001,0.00010001000100010001,0.0,0.00013334666800013335,6.433435119424953e-05
1663,0.00010001000100010001,0.00010001000100010001,7.814062812562513e-07,0.00016668333500016668,0.00010384368462141806
1664,0.00010001000100010001,0.00010001000100010001,3.125625125025005e-06,0.000373229562815188,0.00027505977881672565
1665,0.00010001000100010001,0.00010001000100010001,0.0,0.00013334666800013335,6.433435119424953e-05
1666,0.00020002000200020003,0.00010001000100010001,0.0,0.0003349172126514977,0.0002001279667857035
1667,0.00010001000100010001,0.00010001000100010001,5.665195539107822e-06,0.0002449520314350276,0.00017600546641511028
1668,0.00010001000100010001,0.00010001000100010001,0.0,0.00013334666800013335,6.433435119424953e-05
1669,0.00010001000100010001,0.00010001000100010001,2.637246199239848e-05,0.00020168683535020166,0.00014991967915751602
1670,0.00010001000100010001,0.00010001000100010001,0.0,0.00021178588447080005,0.00012191232164293225
1671,0.00010001000100010001,0.00010001000100010001,0.0,0.00013334666800013335,6.433435119424953e-05
1672,0.00020002000200020003,0.00010001000100010001,6.563812762552511e-05,0.0007598727122853448,0.000513200551195897
1673,0.00010001000100010001,0.00010001000100010001,5.469843968793759e-06,0.000340879158338369,0.00024121384562390876
1674,0.00010001000100010001,0.00010001000100010001,0.0,0.00013334666800013335,6.433435119424953e-05
1675,0.00010001000100010001,0.00010001000100010001,0.0,0.000175017501750175,0.00012129277631170992
1676,0.00010001000100010001,0.00010001000100010001,8.204765953190639e-06,0.0002368657918423421,0.00018065410324904512
1677,0.00010001000100010001,0.00010001000100010001,0.0,0.00013334666800013335,6.433435119424953e-05
1678,0.00020002000200020003,0.00010001000100010001,3.36004700940188e-05,0.00046950802864717604,0.00032109395102330557
1679,0.00010001000100010001,0.00010001000100010001,0.0,0.00021178588447080005,0.00012191232164293225
1680,0.00010001000100010001,0.00010001000100010001,8.204765953190639e-06,0.00013334666800013335,6.433435119424953e-05
1681,0.00010001000100010001,0.00010001000100010001,8.204765953190639e-06,0.00016668333500016668,0.00010384368462141806
1682,0.00010001000100010001,0.00010001000100010001,2.4614297859571916e-05,0.000276950772000277,0.0001809614969823975
1683,0.00010001000100010001,0.00010001000100010001,0.0,0.00013334666800013335,6.433435119424953e-05
1684,0.00020002000200020003,0.00010001000100010001,2.4614297859571916e-05,0.00032146071750032145,0.00021765846792067212
1685,0.00010001000100010001,0.00010001000100010001,0.0,0.00023145171660023141,0.0001504578150440616
1686,0.00010001000100010001,0.00010001000100010001,0.0,0.00013334666800013335,6.433435119424953e-05
1687,0.00010001000100010001,0.00010001000100010001,1.5628125625125025e-06,0.00021494686782111048,0.00015793682939359605
1688,0.00010001000100010001,0.00010001000100010001,8.204765953190639e-06,0.00021178588447080005,0.00012191232164293225
1689,0.00010001000100010001,0.00010001000100010001,0.0,0.00013334666800013335,6.433435119424953e-05
1690,0.00020002000200020003,0.00010001000100010001,1.6409531906381277e-05,0.00044104410441044104,0.0002857132947489699
1691,0.00010001000100010001,0.00010001000100010001,5.274492398479696e-06,0.00040781558048566253,0.00028898136741051234
1692,0.00010001000100010001,0.00010001000100010001,0.0,0.00013334666800013335,6.433435119424953e-05
1693,0.00010001000100010001,0.00010001000100010001,6.654951342518993e-06,0.000175017501750175,0.00012129277631170992
1694,0.00010001000100010001,0.00010001000100010001,6.641953390678136e-06,0.0002564359000002564,0.0002000068821203576
1695,0.00010001000100010001,0.00010001000100010001,0.0,0.00013334666800013335,6.433435119424953e-05
1696,0.00020002000200020003,0.00010001000100010001,3.125625125025005e-06,0.00042382616640042385,0.0003082482085253627
1697,0.00010001000100010001,0.00010001000100010001,0.0,0.00021178588447080005,0.00012191232164293225
1698,0.00010001000100010001,0.00010001000100010001,0.0,0.00013334666800013335,6.433435119424953e-05
1699,0.00010001000100010001,0.00010001000100010001,0.0,0.00016668333500016668,0.00010384368462141806
1700,0.00010001000100010001,0.00010001000100010001,3.516328265653131e-05,0.0005854413747639264,0.00036222308091508497
1701,0.00010001000100010001,0.00010001000100010001,0.0,0.00013334666800013335,6.433435119424953e-05
1702,0.00020002000200020003,0.00010001000100010001,0.0,0.0003349172126514977,0.0002001279667857035
1703,0.00010001000100010001,0.00010001000100010001,0.0,0.00023061129642376003,0.0001757305708603124
1704,0.00010001000100010001,0.00010001000100010001,0.0,0.00013334666800013335,6.433435119424953e-05
1705,0.00010001000100010001,0.00010001000100010001,0.0,0.00019395878981837578,0.00013238917802254737
1706,0.00010001000100010001,0.00010001000100010001,3.125625125025005e-06,0.00021178588447080005,0.00012191232164293225
1707,0.00010001000100010001,0.00010001000100010001,0.0,0.00013334666800013335,6.433435119424953e-05
1708,0.00020002000200020003,0.00010001000100010001,4.297734546909382e-05,0.00047554808167855775,0.00042096259938834873
1709,0.00010001000100010001,0.00010001000100010001,0.0,0.000276950772000277,0.0001809614969823975
1710,0.00010001000100010001,0.00010001000100010001,0.0,0.00013334666800013335,6.433435119424953e-05
1711,0.00010001000100010001,0.00010001000100010001,1.5628125625125025e-06,0.00020047459291383683,0.00016615402750262128
1712,0.00010001000100010001,0.00010001000100010001,0.0,0.00023145171660023141,0.0001504578150440616
1713,0.00010001000100010001,0.00010001000100010001,0.0,0.00013334666800013335,6.433435119424953e-05
1714,0.00020002000200020003,0.00010001000100010001,5.665195539107822e-06,0.0005394156436920288,0.0003765177074029539
1715,0.00010001000100010001,0.00010001000100010001,0.0,0.00021178588447080005,0.00012191232164293225
1716,0.00010001000100010001,0.00010001000100010001,0.0,0.00013334666800013335,6.433435119424953e-05
1717,0.00010001000100010001,0.00010001000100010001,0.0,0.00016668333500016668,0.00010384368462141806
1718,0.00010001000100010001,0.00010001000100010001,2.8912032406481297e-05,0.0003242971355959125,0.00023178190416969698
1719,0.00010001000100010001,0.00010001000100010001,0.0,0.00013334666800013335,6.433435119424953e-05
1720,0.00020002000200020003,0.00010001000100010001,4.063312662532507e-05,0.0003349172126514977,0.0002001279667857035
1721,0.00010001000100010001,0.00010001000100010001,1.0744336367273455e-05,0.00035928890002752395,0.0002502704322442765
1722,0.00010001000100010001,0.00010001000100010001,0.0,0.00013334666800013335,6.433435119424953e-05
1723,0.00010001000100010001,0.00010001000100010001,1.0744336367273455e-05,0.00020363482131345665,0.0001576619338387982
1724,0.00010001000100010001,0.00010001000100010001,0.0,0.00021178588447080005,0.00012191232164293225
1725,0.00010001000100010001,0.00010001000100010001,0.0,0.00013334666800013335,6.433435119424953e-05
1726,0.00020002000200020003,0.00010001000100010001,3.5163282656531306e-06,0.000498738398430007,0.00037076934816200754
1727,0.00010001000100010001,0.00010001000100010001,7.814062812562513e-07,0.0004027800040278,0.0002942170499185608
1728,0.00010001000100010001,0.00010001000100010001,0.0,0.00013334666800013335,6.433435119424953e-05
1729,0.00010001000100010001,0.00010001000100010001,0.0,0.000175017501750175,0.00012129277631170992
1730,0.00010001000100010001,0.00010001000100010001,8.673609721944388e-05,0.00023228129264539358,0.00016798831617903021
1731,0.00010001000100010001,0.00010001000100010001,0.0,0.00013334666800013335,6.433435119424953e-05
1732,0.00020002000200020003,0.00010001000100010001,0.0005778499449889978,0.0021798099477067273,0.00047277396447434876
1733,0.00010001000100010001,0.00010001000100010001,0.0,0.00021178588447080005,0.00012191232164293225
1734,0.00010001000100010001,0.00010001000100010001,5.665195539107822e-06,0.00013334666800013335,6.433435119424953e-05
1735,0.00010001000100010001,0.00010001000100010001,7.814062812562513e-07,0.00016668333500016668,0.00010384368462141806
1736,0.00010001000100010001,0.00010001000100010001,5.665195539107822e-06,0.000276950772000277,0.0001809614969823975
1737,0.00010001000100010001,0.00010001000100010001,0.0,0.00013334666800013335,6.433435119424953e-05
1738,0.00020002000200020003,0.00010001000100010001,0.0,0.0003107837665486979,0.00022540072260195432
1739,0.00010001000100010001,0.00010001000100010001,0.0,0.00023145171660023141,0.0001504578150440616
1740,0.00010001000100010001,0.00010001000100010001,0.0,0.00013334666800013335,6.433435119424953e-05
1741,0.00010001000100010001,0.00010001000100010001,5.665195539107822e-06,0.00024547909336388184,0.000184137262190461
1742,0.00010001000100010001,0.00010001000100010001,0.0,0.00021178588447080005,0.00012191232164293225
1743,0.00010001000100010001,0.00010001000100010001,0.0,0.00013334666800013335,6.433435119424953e-05
1744,0.00020002000200020003,0.00010001000100010001,9.160344789114378e-05,0.000369435850688894,0.00032423955094195946
1745,0.00010001000100010001,0.00010001000100010001,2.8912032406481297e-05,0.0003315400033154,0.0002367054365584296
1746,0.00010001000100010001,0.00010001000100010001,0.0,0.00013334666800013335,6.433435119424953e-05
1747,0.00010001000100010001,0.00010001000100010001,2.8912032406481297e-05,0.000175017501750175,0.00012129277631170992
1748,0.00010001000100010001,0.00010001000100010001,4.5712267453490695e-05,0.0002449520314350276,0.00017600546641511028
1749,0.00010001000100010001,0.00010001000100010001,0.0,0.00013334666800013335,6.433435119424953e-05
1750,0.00020002000200020003,0.00010001000100010001,0.0,0.00044004400440044003,0.0002878040449709748
1751,0.00010001000100010001,0.00010001000100010001,0.0,0.00021178588447080005,0.00012191232164293225
1752,0.00010001000100010001,0.00010001000100010001,0.0,0.00013334666800013335,6.433435119424953e-05
1753,0.00010001000100010001,0.00010001000100010001,0.0,0.00016668333500016668,0.00010384368462141806
1754,0.00010001000100010001,0.00010001000100010001,2.148867273454691e-05,0.000340879158338369,0.00024121384562390876
1755,0.00010001000100010001,0.00010001000100010001,0.0,0.00013334666800013335,6.433435119424953e-05
1756,0.00020002000200020003,0.00010001000100010001,1.0744336367273455e-05,0.0003349172126514977,0.0002001279667857035
1757,0.00010001000100010001,0.00010001000100010001,2.148867273454691e-05,0.00023688169421171726,0.00019974953355908858
1758,0.00010001000100010001,0.00010001000100010001,0.0,0.00013334666800013335,6.433435119424953e-05
1759,0.00010001000100010001,0.00010001000100010001,0.0,0.00019395878981837578,0.00013238917802254737
1760,0.00010001000100010001,0.00010001000100010001,0.0,0.00021178588447080005,0.00012191232164293225
1761,0.00010001000100010001,0.00010001000100010001,0.0,0.00013334666800013335,6.433435119424953e-05
1762,0.00020002000200020003,0.00010001000100010001,0.00025141747099419886,0.0008278605638341611,0.0005311643886700606
1763,0.00010001000100010001,0.00010001000100010001,2.2856133726745348e-05,0.000276950772000277,0.0001809614969823975
1764,0.00010001000100010001,0.00010001000100010001,5.665195539107822e-06,0.00013334666800013335,6.433435119424953e-05
1765,0.00010001000100010001,0.00010001000100010001,5.665195539107822e-06,0.0001818363654547273,0.00013882327744667856
1766,0.00010001000100010001,0.00010001000100010001,5.665195539107822e-06,0.00023145171660023141,0.0001504578150440616
1767,0.00010001000100010001,0.00010001000100010001,0.0,0.00013334666800013335,6.433435119424953e-05
1768,0.00020002000200020003,0.00010001000100010001,4.5712267453490695e-05,0.0006202205724536214,0.0004418230839495447
1769,0.00010001000100010001,0.00010001000100010001,0.0,0.00021178588447080005,0.00012191232164293225
1770,0.00010001000100010001,0.00010001000100010001,0.0,0.00013334666800013335,6.433435119424953e-05
1771,0.00010001000100010001,0.00010001000100010001,0.0,0.00016668333500016668,0.00010384368462141806
1772,0.00010001000100010001,0.00010001000100010001,4.297734546909382e-05,0.00036517122393697375,0.0002855084533751894
1773,0.00010001000100010001,0.00010001000100010001,0.0,0.00013334666800013335,6.433435119424953e-05
1774,0.00020002000200020003,0.00010001000100010001,0.0,0.0003349172126514977,0.0002001279667857035
1775,0.00010001000100010001,0.00010001000100010001,0.0,0.0002510054927061334,0.00018867125348512513
1776,0.00010001000100010001,0.00010001000100010001,0.0,0.00013334666800013335,6.433435119424953e-05
1777,0.00010001000100010001,0.00010001000100010001,0.00015999293608721745,0.0004680815907677724,0.00022326272902895792
1778,0.00010001000100010001,0.00010001000100010001,0.0,0.00021178588447080005,0.00012191232164293225
1779,0.00010001000100010001,0.00010001000100010001,0.0,0.00013334666800013335,6.433435119424953e-05
1780,0.00020002000200020003,0.00010001000100010001,0.0011836351645329066,0.0029298984279985557,0.0006337377686859959
1781,0.00010001000100010001,0.00010001000100010001,5.704265853170634e-05,0.00037376619017833986,0.00028972599394409826
1782,0.00010001000100010001,0.00010001000100010001,0.0,0.00013334666800013335,6.433435119424953e-05
1783,0.00010001000100010001,0.00010001000100010001,0.0,0.000175017501750175,0.00012129277631170992
1784,0.00010001000100010001,0.00010001000100010001,0.0,0.00023061129642376003,0.0001757305708603124
1785,0.00010001000100010001,0.00010001000100010001,0.0,0.00013334666800013335,6.433435119424953e-05
1786,0.00020002000200020003,0.00010001000100010001,1.4260664632926585e-05,0.0004714757190004715,0.0003373531120472707
1787,0.00010001000100010001,0.00010001000100010001,0.0,0.00021178588447080005,0.00012191232164293225
1788,0.00010001000100010001,0.00010001000100010001,0.0,0.00013334666800013335,6.433435119424953e-05
1789,0.00010001000100010001,0.00010001000100010001,2.3442188437687538e-06,0.00016668333500016668,0.00010384368462141806
1790,0.00010001000100010001,0.00010001000100010001,1.7581641328265653e-06,0.000276950772000277,0.0001809614969823975
1791,0.00010001000100010001,0.00010001000100010001,0.0,0.00013334666800013335,6.433435119424953e-05
1792,0.00020002000200020003,0.00010001000100010001,1.875375075015003e-05,0.0003049085396344513,0.0002472797606358791
1793,0.00010001000100010001,0.00010001000100010001,2.2856133726745348e-05,0.00023145171660023141,0.0001504578150440616
1794,0.00010001000100010001,0.00010001000100010001,0.0,0.00013334666800013335,6.433435119424953e-05
1795,0.00010001000100010001,0.00010001000100010001,2.6567813562712544e-05,0.0002903192104924778,0.00020280477931787087
1796,0.00010001000100010001,0.00010001000100010001,0.0,0.00021178588447080005,0.00012191232164293225
1797,0.00010001000100010001,0.00010001000100010001,0.0,0.00013334666800013335,6.433435119424953e-05
1798,0.00020002000200020003,0.00010001000100010001,2.2856133726745348e-05,0.00043312601936885416,0.0002983790818189848
1799,0.00010001000100010001,0.00010001000100010001,7.814062812562513e-07,0.0003242971355959125,0.00023178190416969698
1800,0.00010001000100010001,0.00010001000100010001,0.0,0.00013334666800013335,6.433435119424953e-05
1801,0.00010001000100010001,0.00010001000100010001,3.320976695339068e-06,0.000175017501750175,0.00012129277631170992
1802,0.00010001000100010001,0.00010001000100010001,2.148867273454691e-05,0.0002694299280674336,0.0002022058992119752
1803,0.00010001000100010001,0.00010001000100010001,0.0,0.00013334666800013335,6.433435119424953e-05
1804,0.00020002000200020003,0.00010001000100010001,2.148867273454691e-05,0.00041661308988041656,0.00030332467613663
1805,0.00010001000100010001,0.00010001000100010001,2.148867273454691e-05,0.00021178588447080005,0.00012191232164293225
1806,0.00010001000100010001,0.00010001000100010001,0.0,0.00013334666800013335,6.433435119424953e-05
1807,0.00010001000100010001,0.00010001000100010001,0.0,0.00016668333500016668,0.00010384368462141806
1808,0.00010001000100010001,0.00010001000100010001,3.125625125025005e-06,0.00048603476264581476,0.00032766890229523693
1809,0.00010001000100010001,0.00010001000100010001,0.0,0.00013334666800013335,6.433435119424953e-05
1810,0.00020002000200020003,0.00010001000100010001,1.3283906781356272e-05,0.0003349172126514977,0.0002001279667857035
1811,0.00010001000100010001,0.00010001000100010001,0.0,0.00023228129264539358,0.00016798831617903021
1812,0.00010001000100010001,0.00010001000100010001,0.0,0.00013334666800013335,6.433435119424953e-05
1813,0.00010001000100010001,0.00010001000100010001,0.0,0.00019395878981837578,0.00013238917802254737
1814,0.00010001000100010001,0.00010001000100010001,0.0,0.00021178588447080005,0.00012191232164293225
1815,0.00010001000100010001,0.00010001000100010001,0.0,0.00013334666800013335,6.433435119424953e-05
1816,0.00020002000200020003,0.00010001000100010001,0.0,0.0005055242366341897,0.00039014424470897285
1817,0.00010001000100010001,0.00010001000100010001,0.0,0.000276950772000277,0.0001809614969823975
1818,0.00010001000100010001,0.00010001000100010001,0.0,0.00013334666800013335,6.433435119424953e-05
1819,0.00010001000100010001,0.00010001000100010001,0.0,0.00018890777966685556,0.00015777918814514688
1820,0.00010001000100010001,0.00010001000100010001,0.0,0.00023145171660023141,0.0001504578150440616
1821,0.00010001000100010001,0.00010001000100010001,0.0,0.00013334666800013335,6.433435119424953e-05
1822,0.00020002000200020003,0.00010001000100010001,0.0008122718293658732,0.002427163945779127,0.0005850165459002297
1823,0.00010001000100010001,0.00010001000100010001,0.0,0.00021178588447080005,0.00012191232164293225
1824,0.00010001000100010001,0.00010001000100010001,0.0,0.00013334666800013335,6.433435119424953e-05
1825,0.00010001000100010001,0.00010001000100010001,8.204765953190639e-06,0.00016668333500016668,0.00010384368462141806
1826,0.00010001000100010001,0.00010001000100010001,2.5395704140828164e-05,0.00032377338453269786,0.00025137039954435734
1827,0.00010001000100010001,0.00010001000100010001,0.0,0.00013334666800013335,6.433435119424953e-05
1828,0.00020002000200020003,0.00010001000100010001,2.5395704140828164e-05,0.0003349172126514977,0.0002001279667857035
1829,0.00010001000100010001,0.00010001000100010001,2.5395704140828164e-05,0.0002449520314350276,0.00017600546641511028
1830,0.00010001000100010001,0.00010001000100010001,0.0,0.00013334666800013335,6.433435119424953e-05
1831,0.00010001000100010001,0.00010001000100010001,7.814062812562513e-07,0.00020168683535020166,0.00014991967915751602
1832,0.00010001000100010001,0.00010001000100010001,0.0,0.00021178588447080005,0.00012191232164293225
1833,0.00010001000100010001,0.00010001000100010001,0.0,0.00013334666800013335,6.433435119424953e-05
1834,0.00020002000200020003,0.00010001000100010001,3.614004050810162e-05,0.0006854243719851111,0.000496581224646138
1835,0.00010001000100010001,0.00010001000100010001,5.079140828165633e-05,0.0003379648309658552,0.00025461209911824143
1836,0.00010001000100010001,0.00010001000100010001,0.0,0.00013334666800013335,6.433435119424953e-05
1837,0.00010001000100010001,0.00010001000100010001,0.0,0.000175017501750175,0.00012129277631170992
1838,0.00010001000100010001,0.00010001000100010001,2.5395704140828164e-05,0.00027147486866649134,0.00021162224758808126
1839,0.00010001000100010001,0.00010001000100010001,0.0,0.00013334666800013335,6.433435119424953e-05
1840,0.00020002000200020003,0.00010001000100010001,0.0,0.00046950802864717604,0.00032109395102330557
1841,0.00010001000100010001,0.00010001000100010001,5.079140828165633e-05,0.00021178588447080005,0.00012191232164293225
1842,0.00010001000100010001,0.00010001000100010001,0.0,0.00013334666800013335,6.433435119424953e-05
1843,0.00010001000100010001,0.00010001000100010001,0.0,0.00016668333500016668,0.00010384368462141806
1844,0.00010001000100010001,0.00010001000100010001,0.0,0.000276950772000277,0.0001809614969823975
1845,0.00010001000100010001,0.00010001000100010001,0.0,0.00013334666800013335,6.433435119424953e-05
1846,0.00020002000200020003,0.00010001000100010001,0.0,0.00032146071750032145,0.00021765846792067212
1847,0.00010001000100010001,0.00010001000100010001,0.0,0.00023145171660023141,0.0001504578150440616
1848,0.00010001000100010001,0.00010001000100010001,0.0,0.00013334666800013335,6.433435119424953e-05
1849,0.00010001000100010001,0.00010001000100010001,1.3309902685037986e-05,0.00021494686782111048,0.00015793682939359605
1850,0.00010001000100010001,0.00010001000100010001,2.5395704140828164e-05,0.00021178588447080005,0.00012191232164293225
1851,0.00010001000100010001,0.00010001000100010001,0.0,0.00013334666800013335,6.433435119424953e-05
1852,0.00020002000200020003,0.00010001000100010001,0.0,0.00044104410441044104,0.0002857132947489699
1853,0.00010001000100010001,0.00010001000100010001,0.000152374224844969,0.0004922526150920177,0.000328827302570552
1854,0.00010001000100010001,0.00010001000100010001,0.0,0.00013334666800013335,6.433435119424953e-05
1855,0.00010001000100010001,0.00010001000100010001,0.0,0.000175017501750175,0.00012129277631170992
1856,0.00010001000100010001,0.00010001000100010001,4.697612712366348e-06,0.0002507195163960841,0.00019644962996949821
1857,0.00010001000100010001,0.00010001000100010001,0.0,0.00013334666800013335,6.433435119424953e-05
1858,0.00020002000200020003,0.00010001000100010001,0.0,0.00043710664772770983,0.0003004698320409897
1859,0.00010001000100010001,0.00010001000100010001,0.0,0.00021178588447080005,0.00012191232164293225
1860,0.00010001000100010001,0.00010001000100010001,0.0,0.00013334666800013335,6.433435119424953e-05
1861,0.00010001000100010001,0.00010001000100010001,0.0,0.00016668333500016668,0.00010384368462141806
1862,0.00010001000100010001,0.00010001000100010001,1.4456016203240649e-05,0.00045907473903687794,0.0003231714482612297
1863,0.00010001000100010001,0.00010001000100010001,0.0,0.00013334666800013335,6.433435119424953e-05
1864,0.00020002000200020003,0.00010001000100010001,0.0,0.0003349172126514977,0.0002001279667857035
1865,0.00010001000100010001,0.00010001000100010001,1.3283906781356272e-05,0.00022564756475647565,0.0001869442268774985
1866,0.00010001000100010001,0.00010001000100010001,0.0,0.00013334666800013335,6.433435119424953e-05
1867,0.00010001000100010001,0.00010001000100010001,7.228008101620324e-06,0.00019395878981837578,0.00013238917802254737
1868,0.00010001000100010001,0.00010001000100010001,1.68002350470094e-05,0.00021178588447080005,0.00012191232164293225
1869,0.00010001000100010001,0.00010001000100010001,1.68002350470094e-05,0.00013334666800013335,6.433435119424953e-05
1870,0.00020002000200020003,0.00010001000100010001,0.000152374224844969,0.0006864104392594373,0.0004724351968296101
1871,0.00010001000100010001,0.00010001000100010001,0.0,0.000276950772000277,0.0001809614969823975
1872,0.00010001000100010001,0.00010001000100010001,4.6884376875375075e-06,0.00013334666800013335,6.433435119424953e-05
1873,0.00010001000100010001,0.00010001000100010001,0.0,0.00019206466101155572,0.0001514890645166935
1874,0.00010001000100010001,0.00010001000100010001,0.0,0.00023145171660023141,0.0001504578150440616
1875,0.00010001000100010001,0.00010001000100010001,0.0,0.00013334666800013335,6.433435119424953e-05
1876,0.00020002000200020003,0.00010001000100010001,1.4065313062612523e-05,0.0005263502128759589,0.000368978557842976
1877,0.00010001000100010001,0.00010001000100010001,0.0,0.00020835416875020836,0.00011081591993209484
1878,0.00010001000100010001,0.00010001000100010001,0.0,0.00013334666800013335,6.433435119424953e-05
1879,0.00010001000100010001,0.00010001000100010001,7.814062812562513e-07,0.00016001600160016002,9.274728291058062e-05
1880,0.00010001000100010001,0.00010001000100010001,2.5395704140828164e-05,0.000248554267191425,0.00017796365495231686
1881,0.00010001000100010001,0.00010001000100010001,0.0,0.00013334666800013335,6.433435119424953e-05
1882,0.00020002000200020003,0.00010001000100010001,0.0,0.00032003200320032004,0.00016048607167373676
1883,0.00010001000100010001,0.00010001000100010001,3.5163282656531306e-06,0.0002914789620225963,0.0002178437846839791
1884,0.00010001000100010001,0.00010001000100010001,0.0,0.00013334666800013335,6.433435119424953e-05
1885,0.00010001000100010001,0.00010001000100010001,0.0,0.00018463384800018466,0.00014656553212796076
1886,0.00010001000100010001,0.00010001000100010001,7.242152931564786e-06,0.00020835416875020836,0.00011081591993209484
1887,0.00010001000100010001,0.00010001000100010001,0.0,0.00013334666800013335,6.433435119424953e-05
1888,0.00020002000200020003,0.00010001000100010001,7.242152931564786e-06,0.00046231038198159437,0.0003436776766638205
1889,0.00010001000100010001,0.00010001000100010001,3.164695439087818e-05,0.00037351296105220277,0.0002663416020607955
1890,0.00010001000100010001,0.00010001000100010001,0.0,0.00013334666800013335,6.433435119424953e-05
1891,0.00010001000100010001,0.00010001000100010001,0.0,0.00016001600160016002,9.274728291058062e-05
1892,0.00010001000100010001,0.00010001000100010001,1.4456016203240649e-05,0.0002123019319475807,0.00015689191446819275
1893,0.00010001000100010001,0.00010001000100010001,0.0,0.00013334666800013335,6.433435119424953e-05
1894,0.00020002000200020003,0.00010001000100010001,2.8912032406481297e-05,0.0003931210731136007,0.00028237973289195305
1895,0.00010001000100010001,0.00010001000100010001,0.0,0.00020835416875020836,0.00011081591993209484
1896,0.00010001000100010001,0.00010001000100010001,0.0,0.00013334666800013335,6.433435119424953e-05
1897,0.00010001000100010001,0.00010001000100010001,0.0,0.00016001600160016002,9.274728291058062e-05
1898,0.00010001000100010001,0.00010001000100010001,0.0,0.00023825912002965,0.00015241600358126817
1899,0.00010001000100010001,0.00010001000100010001,0.0,0.00013334666800013335,6.433435119424953e-05
1900,0.00020002000200020003,0.00010001000100010001,0.0,0.00032003200320032004,0.00016048607167373676
1901,0.00010001000100010001,0.00010001000100010001,5.665195539107822e-06,0.00021335466880021336,0.00013936141333322413
1902,0.00010001000100010001,0.00010001000100010001,0.0,0.00013334666800013335,6.433435119424953e-05
1903,0.00010001000100010001,0.00010001000100010001,2.3442188437687538e-06,0.0003321086825663698,0.000220969850844142
1904,0.00010001000100010001,0.00010001000100010001,0.0,0.00020835416875020836,0.00011081591993209484
1905,0.00010001000100010001,0.00010001000100010001,0.0,0.00013334666800013335,6.433435119424953e-05
1906,0.00020002000200020003,0.00010001000100010001,1.135256405488534e-05,0.00039030451717738144,0.00027126274600857727
1907,0.00010001000100010001,0.00010001000100010001,1.1330391078215644e-05,0.00026320321562842207,0.00021261462631350398
1908,0.00010001000100010001,0.00010001000100010001,7.228008101620324e-06,0.00013334666800013335,6.433435119424953e-05
1909,0.00010001000100010001,0.00010001000100010001,0.0,0.00016001600160016002,9.274728291058062e-05
1910,0.00010001000100010001,0.00010001000100010001,0.0,0.00022502250225022504,0.0001649090647042728
1911,0.00010001000100010001,0.00010001000100010001,0.0,0.00013334666800013335,6.433435119424953e-05
1912,0.00020002000200020003,0.00010001000100010001,1.0744336367273455e-05,0.000372451038207269,0.000248162149859008
1913,0.00010001000100010001,0.00010001000100010001,2.3442188437687538e-06,0.00020835416875020836,0.00011081591993209484
1914,0.00010001000100010001,0.00010001000100010001,0.0,0.00013334666800013335,6.433435119424953e-05
1915,0.00010001000100010001,0.00010001000100010001,0.0,0.00016001600160016002,9.274728291058062e-05
1916,0.00010001000100010001,0.00010001000100010001,0.0,0.0002911581480728718,0.00021266835222277946
1917,0.00010001000100010001,0.00010001000100010001,1.0744336367273455e-05,0.00013334666800013335,6.433435119424953e-05
1918,0.00020002000200020003,0.00010001000100010001,0.0,0.00032003200320032004,0.00016048607167373676
1919,0.00010001000100010001,0.00010001000100010001,0.0,0.00021779955773355112,0.00016955770153820768
1920,0.00010001000100010001,0.00010001000100010001,0.0,0.00013334666800013335,6.433435119424953e-05
1921,0.00010001000100010001,0.00010001000100010001,0.0,0.000175017501750175,0.00012129277631170992
1922,0.00010001000100010001,0.00010001000100010001,9.767578515703141e-06,0.00020835416875020836,0.00011081591993209484
1923,0.00010001000100010001,0.00010001000100010001,0.0,0.00013334666800013335,6.433435119424953e-05
1924,0.00020002000200020003,0.00010001000100010001,3.91467726030529e-05,0.0005615549659644791,0.0004559759226715855
1925,0.00010001000100010001,0.00010001000100010001,0.0,0.00023825912002965,0.00015241600358126817
1926,0.00010001000100010001,0.00010001000100010001,0.0,0.00013334666800013335,6.433435119424953e-05
1927,0.00010001000100010001,0.00010001000100010001,0.0,0.00016001600160016002,9.274728291058062e-05
1928,0.00010001000100010001,0.00010001000100010001,0.0,0.00021335466880021336,0.00013936141333322413
1929,0.00010001000100010001,0.00010001000100010001,0.0,0.00013334666800013335,6.433435119424953e-05
1930,0.00020002000200020003,0.00010001000100010001,4.6884376875375075e-06,0.000562063374796261,0.0003946967137189719
1931,0.00010001000100010001,0.00010001000100010001,0.0,0.00020835416875020836,0.00011081591993209484
1932,0.00010001000100010001,0.00010001000100010001,0.0,0.00013334666800013335,6.433435119424953e-05
1933,0.00010001000100010001,0.00010001000100010001,4.6884376875375075e-06,0.00016001600160016002,9.274728291058062e-05
1934,0.00010001000100010001,0.00010001000100010001,2.793527455491098e-05,0.00029926656787816183,0.0002267133724016003
1935,0.00010001000100010001,0.00010001000100010001,0.0,0.00013334666800013335,6.433435119424953e-05
1936,0.00020002000200020003,0.00010001000100010001,0.0,0.00032003200320032004,0.00016048607167373676
1937,0.00010001000100010001,0.00010001000100010001,9.767578515703141e-06,0.0003234773238089359,0.00022186224028055673
1938,0.00010001000100010001,0.00010001000100010001,0.0,0.00013334666800013335,6.433435119424953e-05
1939,0.00010001000100010001,0.00010001000100010001,9.767578515703141e-06,0.00019879288542351168,0.00016270272053387955
1940,0.00010001000100010001,0.00010001000100010001,1.9339805461092218e-05,0.00020835416875020836,0.00011081591993209484
1941,0.00010001000100010001,0.00010001000100010001,1.9339805461092218e-05,0.00013334666800013335,6.433435119424953e-05
1942,0.00020002000200020003,0.00010001000100010001,7.228008101620325e-05,0.0008567290295463113,0.0005210654505547156
1943,0.00010001000100010001,0.00010001000100010001,1.5628125625125025e-06,0.0004061826528142257,0.00028838283967178594
1944,0.00010001000100010001,0.00010001000100010001,0.0,0.00013334666800013335,6.433435119424953e-05
1945,0.00010001000100010001,0.00010001000100010001,0.0,0.00016001600160016002,9.274728291058062e-05
1946,0.00010001000100010001,0.00010001000100010001,0.0,0.00021127112711271127,0.00016463416914947495
1947,0.00010001000100010001,0.00010001000100010001,0.0,0.00013334666800013335,6.433435119424953e-05
1948,0.00020002000200020003,0.00010001000100010001,0.00011174109821964392,0.00036985947115421606,0.000276623463649476
1949,0.00010001000100010001,0.00010001000100010001,0.0,0.00020835416875020836,0.00011081591993209484
1950,0.00010001000100010001,0.00010001000100010001,0.0,0.00013334666800013335,6.433435119424953e-05
1951,0.00010001000100010001,0.00010001000100010001,0.0,0.00016001600160016002,9.274728291058062e-05
1952,0.00010001000100010001,0.00010001000100010001,4.6884376875375075e-06,0.00023825912002965,0.00015241600358126817
1953,0.00010001000100010001,0.00010001000100010001,0.0,0.00013334666800013335,6.433435119424953e-05
1954,0.00020002000200020003,0.00010001000100010001,0.0,0.00032003200320032004,0.00016048607167373676
1955,0.00010001000100010001,0.00010001000100010001,0.0,0.00021335466880021336,0.00013936141333322413
1956,0.00010001000100010001,0.00010001000100010001,0.0,0.00013334666800013335,6.433435119424953e-05
1957,0.00010001000100010001,0.00010001000100010001,0.0,0.0002063364231159958,0.00015950621475277352
1958,0.00010001000100010001,0.00010001000100010001,9.767578515703141e-06,0.00020835416875020836,0.00011081591993209484
1959,0.00010001000100010001,0.00010001000100010001,0.0,0.00013334666800013335,6.433435119424953e-05
1960,0.00020002000200020003,0.00010001000100010001,4.6884376875375075e-06,0.00037650823905920007,0.00029914717825431104
1961,0.00010001000100010001,0.00010001000100010001,0.0,0.000248554267191425,0.00017796365495231686
1962,0.00010001000100010001,0.00010001000100010001,4.6884376875375075e-06,0.00013334666800013335,6.433435119424953e-05
1963,0.00010001000100010001,0.00010001000100010001,1.582347719543909e-05,0.00016001600160016002,9.274728291058062e-05
1964,0.00010001000100010001,0.00010001000100010001,2.793527455491098e-05,0.0002872082080002872,0.00021584337963070286
1965,0.00010001000100010001,0.00010001000100010001,2.793527455491098e-05,0.00013334666800013335,6.433435119424953e-05
1966,0.00020002000200020003,0.00010001000100010001,2.793527455491098e-05,0.0003636727309094546,0.0002559044045402902
1967,0.00010001000100010001,0.00010001000100010001,0.0,0.00020835416875020836,0.00011081591993209484
1968,0.00010001000100010001,0.00010001000100010001,0.0,0.00013334666800013335,6.433435119424953e-05
1969,0.00010001000100010001,0.00010001000100010001,0.0,0.00016001600160016002,9.274728291058062e-05
1970,0.00010001000100010001,0.00010001000100010001,0.0,0.0003489975553571955,0.00025157069389275
1971,0.00010001000100010001,0.00010001000100010001,0.0,0.00013334666800013335,6.433435119424953e-05
1972,0.00020002000200020003,0.00010001000100010001,0.0,0.00032003200320032004,0.00016048607167373676
1973,0.00010001000100010001,0.00010001000100010001,0.0,0.0002123019319475807,0.00015689191446819275
1974,0.00010001000100010001,0.00010001000100010001,7.228008101620324e-06,0.00013334666800013335,6.433435119424953e-05
1975,0.00010001000100010001,0.00010001000100010001,0.0,0.000175017501750175,0.00012129277631170992
1976,0.00010001000100010001,0.00010001000100010001,0.0,0.00020835416875020836,0.00011081591993209484
1977,0.00010001000100010001,0.00010001000100010001,0.0,0.00013334666800013335,6.433435119424953e-05
1978,0.00020002000200020003,0.00010001000100010001,3.9070314062812564e-05,0.00044259745123448514,0.00036632677464227604
1979,0.00010001000100010001,0.00010001000100010001,0.0,0.00023825912002965,0.00015241600358126817
1980,0.00010001000100010001,0.00010001000100010001,0.0,0.00013334666800013335,6.433435119424953e-05
1981,0.00010001000100010001,0.00010001000100010001,0.0,0.00016001600160016002,9.274728291058062e-05
1982,0.00010001000100010001,0.00010001000100010001,1.3674609921984397e-06,0.00021335466880021336,0.00013936141333322413
1983,0.00010001000100010001,0.00010001000100010001,0.0,0.00013334666800013335,6.433435119424953e-05
1984,0.00020002000200020003,0.00010001000100010001,0.00026255251050210043,0.0008280704924676628,0.0004895147005545907
1985,0.00010001000100010001,0.00010001000100010001,0.0,0.00020835416875020836,0.00011081591993209484
1986,0.00010001000100010001,0.00010001000100010001,1.8363047609521906e-05,0.00013334666800013335,6.433435119424953e-05
1987,0.00010001000100010001,0.00010001000100010001,1.8363047609521906e-05,0.00016001600160016002,9.274728291058062e-05
1988,0.00010001000100010001,0.00010001000100010001,1.4065313062612523e-05,0.0002534906956042139,0.00019062944202233176
1989,0.00010001000100010001,0.00010001000100010001,0.0,0.00013334666800013335,6.433435119424953e-05
1990,0.00020002000200020003,0.00010001000100010001,0.0,0.00032003200320032004,0.00016048607167373676
1991,0.00010001000100010001,0.00010001000100010001,0.0,0.00022502250225022504,0.0001649090647042728
1992,0.00010001000100010001,0.00010001000100010001,0.0,0.00013334666800013335,6.433435119424953e-05
1993,0.00010001000100010001,0.00010001000100010001,1.3674609921984397e-06,0.0001818363654547273,0.00013882327744667856
1994,0.00010001000100010001,0.00010001000100010001,0.0,0.00020835416875020836,0.00011081591993209484
1995,0.00010001000100010001,0.00010001000100010001,9.767578515703141e-06,0.00013334666800013335,6.433435119424953e-05
1996,0.00020002000200020003,0.00010001000100010001,3.9070314062812564e-05,0.0005721012064542843,0.00043591902822417094
1997,0.00010001000100010001,0.00010001000100010001,0.0,0.0002911581480728718,0.00021266835222277946
1998,0.00010001000100010001,0.00010001000100010001,0.0,0.00013334666800013335,6.433435119424953e-05
1999,0.00010001000100010001,0.00010001000100010001,7.814062812562513e-07,0.00016001600160016002,9.274728291058062e-05
2000,0.00010001000100010001,0.00010001000100010001,0.00015315563112622524,0.00042872950889559004,0.00020987877888556595
2001,0.00010001000100010001,0.00010001000100010001,0.0,0.00013334666800013335,6.433435119424953e-05
2002,0.00020002000200020003,0.00010001000100010001,3.320976695339068e-06,0.0003840809612876181,0.0002561793000950881
2003,0.00010001000100010001,0.00010001000100010001,0.0,0.00020835416875020836,0.00011081591993209484
2004,0.00010001000100010001,0.00010001000100010001,0.0,0.00013334666800013335,6.433435119424953e-05
2005,0.00010001000100010001,0.00010001000100010001,2.1879375875175035e-05,0.00016001600160016002,9.274728291058062e-05
2006,0.00010001000100010001,0.00010001000100010001,0.0,0.00023825912002965,0.00015241600358126817
2007,0.00010001000100010001,0.00010001000100010001,0.0,0.00013334666800013335,6.433435119424953e-05
2008,0.00020002000200020003,0.00010001000100010001,1.3283906781356272e-05,0.00032003200320032004,0.00016048607167373676
2009,0.00010001000100010001,0.00010001000100010001,0.0,0.00021335466880021336,0.00013936141333322413
2010,0.00010001000100010001,0.00010001000100010001,0.0,0.00013334666800013335,6.433435119424953e-05
2011,0.00010001000100010001,0.00010001000100010001,0.0,0.00019518080840342098,0.0001468404276827586
2012,0.00010001000100010001,0.00010001000100010001,0.0,0.00020835416875020836,0.00011081591993209484
2013,0.00010001000100010001,0.00010001000100010001,1.3283906781356272e-05,0.00013334666800013335,6.433435119424953e-05
2014,0.00020002000200020003,0.00010001000100010001,1.3674609921984397e-06,0.00040115122623373447,0.0002635204913272951
2015,0.00010001000100010001,0.00010001000100010001,7.814062812562513e-07,0.0002714557170002715,0.00020416408774918181
2016,0.00010001000100010001,0.00010001000100010001,0.0,0.00013334666800013335,6.433435119424953e-05
2017,0.00010001000100010001,0.00010001000100010001,0.0,0.00016001600160016002,9.274728291058062e-05
2018,0.00010001000100010001,0.00010001000100010001,2.1879375875175035e-05,0.0002319819610827062,0.00017757485177428774
2019,0.00010001000100010001,0.00010001000100010001,0.0,0.00013334666800013335,6.433435119424953e-05
2020,0.00020002000200020003,0.00010001000100010001,3.692144678935787e-05,0.00034193736568982445,0.00029207171330665113
2021,0.00010001000100010001,0.00010001000100010001,0.0,0.00020835416875020836,0.00011081591993209484
2022,0.00010001000100010001,0.00010001000100010001,0.0,0.00013334666800013335,6.433435119424953e-05
2023,0.00010001000100010001,0.00010001000100010001,7.814062812562513e-07,0.00016001600160016002,9.274728291058062e-05
2024,0.00010001000100010001,0.00010001000100010001,6.563812762552511e-05,0.00035076500350765007,0.0002562628939220955
2025,0.00010001000100010001,0.00010001000100010001,0.0,0.00013334666800013335,6.433435119424953e-05
2026,0.00020002000200020003,0.00010001000100010001,0.0,0.00032003200320032004,0.00016048607167373676
2027,0.00010001000100010001,0.00010001000100010001,2.3442188437687538e-06,0.00021127112711271127,0.00016463416914947495
2028,0.00010001000100010001,0.00010001000100010001,0.0,0.00013334666800013335,6.433435119424953e-05
2029,0.00010001000100010001,0.00010001000100010001,0.0,0.000175017501750175,0.00012129277631170992
2030,0.00010001000100010001,0.00010001000100010001,0.0,0.00020835416875020836,0.00011081591993209484
2031,0.00010001000100010001,0.00010001000100010001,0.0,0.00013334666800013335,6.433435119424953e-05
2032,0.00020002000200020003,0.00010001000100010001,5.860547109421884e-05,0.0005140107919421384,0.00037757891837641175
2033,0.00010001000100010001,0.00010001000100010001,0.0,0.00023825912002965,0.00015241600358126817
2034,0.00010001000100010001,0.00010001000100010001,0.0,0.00013334666800013335,6.433435119424953e-05
2035,0.00010001000100010001,0.00010001000100010001,0.0,0.00016001600160016002,9.274728291058062e-05
2036,0.00010001000100010001,0.00010001000100010001,0.0,0.00021335466880021336,0.00013936141333322413
2037,0.00010001000100010001,0.00010001000100010001,0.0,0.00013334666800013335,6.433435119424953e-05
2038,0.00020002000200020003,0.00010001000100010001,1.2307148929785958e-05,0.000473020275000473,0.0003368758122909873
2039,0.00010001000100010001,0.00010001000100010001,0.0,0.00020835416875020836,0.00011081591993209484
2040,0.00010001000100010001,0.00010001000100010001,0.0,0.00013334666800013335,6.433435119424953e-05
2041,0.00010001000100010001,0.00010001000100010001,0.0,0.00016001600160016002,9.274728291058062e-05
2042,0.00010001000100010001,0.00010001000100010001,0.0,0.000248554267191425,0.00017796365495231686
2043,0.00010001000100010001,0.00010001000100010001,0.0,0.00013334666800013335,6.433435119424953e-05
2044,0.00020002000200020003,0.00010001000100010001,0.0,0.00032003200320032004,0.00016048607167373676
2045,0.00010001000100010001,0.00010001000100010001,0.0,0.00025118790948862324,0.0001911094975011378
2046,0.00010001000100010001,0.00010001000100010001,0.0,0.00013334666800013335,6.433435119424953e-05
2047,0.00010001000100010001,0.00010001000100010001,0.0,0.00019132348017410436,0.0001627547468925205
2048,0.00010001000100010001,0.00010001000100010001,0.0,0.00020835416875020836,0.00011081591993209484
2049,0.00010001000100010001,0.00010001000100010001,3.0474844968993798e-05,0.00013334666800013335,6.433435119424953e-05
2050,0.00020002000200020003,0.00010001000100010001,1.4456016203240649e-05,0.00048061949052048057,0.00033027942316948795
2051,0.00010001000100010001,0.00010001000100010001,0.0007228008101620324,0.0022835377028938824,0.0003834454616724724
2052,0.00010001000100010001,0.00010001000100010001,0.0,0.00013334666800013335,6.433435119424953e-05
2053,0.00010001000100010001,0.00010001000100010001,0.0,0.00016001600160016002,9.274728291058062e-05
2054,0.00010001000100010001,0.00010001000100010001,7.242152931564786e-06,0.0002123019319475807,0.00015689191446819275
2055,0.00010001000100010001,0.00010001000100010001,0.0,0.00013334666800013335,6.433435119424953e-05
2056,0.00020002000200020003,0.00010001000100010001,4.8837892578515704e-05,0.00038930208810354725,0.00031362053700599124
2057,0.00010001000100010001,0.00010001000100010001,0.0,0.00020835416875020836,0.00011081591993209484
2058,0.00010001000100010001,0.00010001000100010001,0.0,0.00013334666800013335,6.433435119424953e-05
2059,0.00010001000100010001,0.00010001000100010001,0.0,0.00016001600160016002,9.274728291058062e-05
2060,0.00010001000100010001,0.00010001000100010001,0.0,0.00023825912002965,0.00015241600358126817
2061,0.00010001000100010001,0.00010001000100010001,0.0,0.00013334666800013335,6.433435119424953e-05
2062,0.00020002000200020003,0.00010001000100010001,7.228008101620324e-06,0.00032003200320032004,0.00016048607167373676
2063,0.00010001000100010001,0.00010001000100010001,0.0,0.00021335466880021336,0.00013936141333322413
2064,0.00010001000100010001,0.00010001000100010001,0.0,0.00013334666800013335,6.433435119424953e-05
2065,0.00010001000100010001,0.00010001000100010001,4.8837892578515704e-05,0.00028142349118632793,0.00020572002391612264
2066,0.00010001000100010001,0.00010001000100010001,0.0,0.00020835416875020836,0.00011081591993209484
2067,0.00010001000100010001,0.00010001000100010001,0.0,0.00013334666800013335,6.433435119424953e-05
2068,0.00020002000200020003,0.00010001000100010001,0.0,0.00039030451717738144,0.00027126274600857727
2069,0.00010001000100010001,0.00010001000100010001,2.4418946289257852e-05,0.0002726079059518855,0.0002177684256781705
2070,0.00010001000100010001,0.00010001000100010001,0.0,0.00013334666800013335,6.433435119424953e-05
2071,0.00010001000100010001,0.00010001000100010001,0.0,0.00016001600160016002,9.274728291058062e-05
2072,0.00010001000100010001,0.00010001000100010001,4.8837892578515704e-05,0.00022502250225022504,0.0001649090647042728
2073,0.00010001000100010001,0.00010001000100010001,0.0,0.00013334666800013335,6.433435119424953e-05
2074,0.00020002000200020003,0.00010001000100010001,2.4418946289257852e-05,0.000372451038207269,0.000248162149859008
2075,0.00010001000100010001,0.00010001000100010001,1.3674609921984397e-06,0.00020835416875020836,0.00011081591993209484
2076,0.00010001000100010001,0.00010001000100010001,0.0,0.00013334666800013335,6.433435119424953e-05
2077,0.00010001000100010001,0.00010001000100010001,1.2307148929785958e-05,0.00016001600160016002,9.274728291058062e-05
2078,0.00010001000100010001,0.00010001000100010001,0.0,0.00029159542460270127,0.0002204467287071525
2079,0.00010001000100010001,0.00010001000100010001,0.0,0.00013334666800013335,6.433435119424953e-05
2080,0.00020002000200020003,0.00010001000100010001,6.25125025005001e-06,0.00032003200320032004,0.00016048607167373676
2081,0.00010001000100010001,0.00010001000100010001,2.4614297859571916e-05,0.000225022502250225,0.0001808933301734401
2082,0.00010001000100010001,0.00010001000100010001,0.0,0.00013334666800013335,6.433435119424953e-05
2083,0.00010001000100010001,0.00010001000100010001,0.0,0.000175017501750175,0.00012129277631170992
2084,0.00010001000100010001,0.00010001000100010001,0.0,0.00020835416875020836,0.00011081591993209484
2085,0.00010001000100010001,0.00010001000100010001,0.0,0.00013334666800013335,6.433435119424953e-05
2086,0.00020002000200020003,0.00010001000100010001,0.0001465136777355471,0.0006727508715181745,0.00046157393116767233
2087,0.00010001000100010001,0.00010001000100010001,0.0,0.00023825912002965,0.00015241600358126817
2088,0.00010001000100010001,0.00010001000100010001,6.25125025005001e-06,0.00013334666800013335,6.433435119424953e-05
2089,0.00010001000100010001,0.00010001000100010001,0.0,0.00016001600160016002,9.274728291058062e-05
2090,0.00010001000100010001,0.00010001000100010001,0.0,0.00021335466880021336,0.00013936141333322413
2091,0.00010001000100010001,0.00010001000100010001,7.228008101620324e-06,0.00013334666800013335,6.433435119424953e-05
2092,0.00020002000200020003,0.00010001000100010001,2.4418946289257852e-05,0.0005054946755420527,0.0003609538674165295
2093,0.00010001000100010001,0.00010001000100010001,2.4418946289257852e-05,0.00020835416875020836,0.00011081591993209484
2094,0.00010001000100010001,0.00010001000100010001,0.0,0.00013334666800013335,6.433435119424953e-05
2095,0.00010001000100010001,0.00010001000100010001,0.0,0.00016001600160016002,9.274728291058062e-05
2096,0.00010001000100010001,0.00010001000100010001,1.250250050010002e-05,0.0004025533443396696,0.0002672633986219711
2097,0.00010001000100010001,0.00010001000100010001,0.0,0.00013334666800013335,6.433435119424953e-05
2098,0.00020002000200020003,0.00010001000100010001,0.0,0.00032003200320032004,0.00016048607167373676
2099,0.00010001000100010001,0.00010001000100010001,2.4614297859571916e-05,0.0002298023920039063,0.00019376406653884748
2100,0.00010001000100010001,0.00010001000100010001,0.0,0.00013334666800013335,6.433435119424953e-05
2101,0.00010001000100010001,0.00010001000100010001,6.25125025005001e-06,0.00019206466101155572,0.0001514890645166935
2102,0.00010001000100010001,0.00010001000100010001,0.0,0.00020835416875020836,0.00011081591993209484
2103,0.00010001000100010001,0.00010001000100010001,0.0,0.00013334666800013335,6.433435119424953e-05
2104,0.00020002000200020003,0.00010001000100010001,7.911738597719544e-05,0.0005647623585888,0.0004018378570782338
2105,0.00010001000100010001,0.00010001000100010001,0.0001465136777355471,0.0005788748743428437,0.00033349251682543603
2106,0.00010001000100010001,0.00010001000100010001,0.0,0.00013334666800013335,6.433435119424953e-05
2107,0.00010001000100010001,0.00010001000100010001,0.0,0.00016001600160016002,9.274728291058062e-05
2108,0.00010001000100010001,0.00010001000100010001,0.0,0.00021237417859433004,0.00017803242264380765
2109,0.00010001000100010001,0.00010001000100010001,3.164695439087818e-05,0.00013334666800013335,6.433435119424953e-05
2110,0.00020002000200020003,0.00010001000100010001,0.0,0.0003811404762523496,0.0002688450871651029
2111,0.00010001000100010001,0.00010001000100010001,0.0,0.00020835416875020836,0.00011081591993209484
2112,0.00010001000100010001,0.00010001000100010001,0.0,0.00013334666800013335,6.433435119424953e-05
2113,0.00010001000100010001,0.00010001000100010001,0.0,0.00016001600160016002,9.274728291058062e-05
2114,0.00010001000100010001,0.00010001000100010001,0.0,0.00023825912002965,0.00015241600358126817
2115,0.00010001000100010001,0.00010001000100010001,0.0,0.00013334666800013335,6.433435119424953e-05
2116,0.00020002000200020003,0.00010001000100010001,0.0,0.00032003200320032004,0.00016048607167373676
2117,0.00010001000100010001,0.00010001000100010001,0.0,0.00021335466880021336,0.00013936141333322413
2118,0.00010001000100010001,0.00010001000100010001,0.0,0.00013334666800013335,6.433435119424953e-05
2119,0.00010001000100010001,0.00010001000100010001,1.5628125625125025e-06,0.00025686530917242665,0.0001894057274699703
2120,0.00010001000100010001,0.00010001000100010001,0.0,0.00020835416875020836,0.00011081591993209484
2121,0.00010001000100010001,0.00010001000100010001,0.0,0.00013334666800013335,6.433435119424953e-05
2122,0.00020002000200020003,0.00010001000100010001,2.4418946289257852e-05,0.0003596104291280192,0.0002824764020257634
2123,0.00010001000100010001,0.00010001000100010001,1.879045084946539e-05,0.00024830069213817936,0.00017304012256358418
2124,0.00010001000100010001,0.00010001000100010001,0.0,0.00013334666800013335,6.433435119424953e-05
2125,0.00010001000100010001,0.00010001000100010001,0.0,0.00016001600160016002,9.274728291058062e-05
2126,0.00010001000100010001,0.00010001000100010001,2.9693438687737546e-05,0.00032330156092532335,0.00022899310370623312
2127,0.00010001000100010001,0.00010001000100010001,0.0,0.00013334666800013335,6.433435119424953e-05
2128,0.00020002000200020003,0.00010001000100010001,0.0,0.0003753622115458299,0.0002432386174702753
2129,0.00010001000100010001,0.00010001000100010001,0.0,0.00020835416875020836,0.00011081591993209484
2130,0.00010001000100010001,0.00010001000100010001,0.0,0.00013334666800013335,6.433435119424953e-05
2131,0.00010001000100010001,0.00010001000100010001,0.0,0.00016001600160016002,9.274728291058062e-05
2132,0.00010001000100010001,0.00010001000100010001,2.500500100020004e-05,0.00033577128204623745,0.00024916389780663047
2133,0.00010001000100010001,0.00010001000100010001,6.25125025005001e-06,0.00013334666800013335,6.433435119424953e-05
2134,0.00020002000200020003,0.00010001000100010001,0.0,0.00032003200320032004,0.00016048607167373676
2135,0.00010001000100010001,0.00010001000100010001,0.0,0.00021278723617042556,0.00015196838207946005
2136,0.00010001000100010001,0.00010001000100010001,0.0,0.00013334666800013335,6.433435119424953e-05
2137,0.00010001000100010001,0.00010001000100010001,1.2307148929785958e-05,0.000175017501750175,0.00012129277631170992
2138,0.00010001000100010001,0.00010001000100010001,0.0,0.00020835416875020836,0.00011081591993209484
2139,0.00010001000100010001,0.00010001000100010001,0.0,0.00013334666800013335,6.433435119424953e-05
2140,0.00020002000200020003,0.00010001000100010001,4.6884376875375075e-06,0.00046950802864717604,0.000321942925427421
2141,0.00010001000100010001,0.00010001000100010001,0.0,0.00023825912002965,0.00015241600358126817
2142,0.00010001000100010001,0.00010001000100010001,0.0,0.00013334666800013335,6.433435119424953e-05
2143,0.00010001000100010001,0.00010001000100010001,7.814062812562513e-07,0.00016001600160016002,9.274728291058062e-05
2144,0.00010001000100010001,0.00010001000100010001,0.0,0.00021335466880021336,0.00013936141333322413
2145,0.00010001000100010001,0.00010001000100010001,0.0,0.00013334666800013335,6.433435119424953e-05
2146,0.00020002000200020003,0.00010001000100010001,3.2819063812762554e-05,0.0005242994178935966,0.00038823962261963176
2147,0.00010001000100010001,0.00010001000100010001,9.376875375075015e-06,0.00020835416875020836,0.00011081591993209484
2148,0.00010001000100010001,0.00010001000100010001,0.0,0.00013334666800013335,6.433435119424953e-05
2149,0.00010001000100010001,0.00010001000100010001,0.0,0.00016001600160016002,9.274728291058062e-05
2150,0.00010001000100010001,0.00010001000100010001,0.0,0.0002489904162830076,0.0001970415382688315
2151,0.00010001000100010001,0.00010001000100010001,7.814062812562513e-07,0.00013334666800013335,6.433435119424953e-05
2152,0.00020002000200020003,0.00010001000100010001,6.25125025005001e-06,0.00032003200320032004,0.00016048607167373676
2153,0.00010001000100010001,0.00010001000100010001,2.7349219843968794e-06,0.00022409648372244628,0.00015998553231554017
2154,0.00010001000100010001,0.00010001000100010001,0.0,0.00013334666800013335,6.433435119424953e-05
2155,0.00010001000100010001,0.00010001000100010001,0.0,0.00018001800180018,0.00013389974505794585
2156,0.00010001000100010001,0.00010001000100010001,0.0,0.00020835416875020836,0.00011081591993209484
2157,0.00010001000100010001,0.00010001000100010001,0.0,0.00013334666800013335,6.433435119424953e-05
2158,0.00020002000200020003,0.00010001000100010001,0.0009376875375075015,0.0025272919450677342,0.000541305878082068
2159,0.00010001000100010001,0.00010001000100010001,0.0,0.0002778055583336111,0.0001950790327640319
2160,0.00010001000100010001,0.00010001000100010001,0.0,0.00013334666800013335,6.433435119424953e-05
2161,0.00010001000100010001,0.00010001000100010001,0.0,0.00016001600160016002,9.274728291058062e-05
2162,0.00010001000100010001,0.00010001000100010001,0.0,0.00021127112711271127,0.00016463416914947495
2163,0.00010001000100010001,0.00010001000100010001,2.695851670334067e-05,0.00013334666800013335,6.433435119424953e-05
2164,0.00020002000200020003,0.00010001000100010001,8.790820664132827e-06,0.00038575286100038574,0.0002512557677063554
2165,0.00010001000100010001,0.00010001000100010001,8.790820664132827e-06,0.00020835416875020836,0.00011081591993209484
2166,0.00010001000100010001,0.00010001000100010001,0.0,0.00013334666800013335,6.433435119424953e-05
2167,0.00010001000100010001,0.00010001000100010001,0.0,0.00016001600160016002,9.274728291058062e-05
2168,0.00010001000100010001,0.00010001000100010001,0.0,0.00023825912002965,0.00015241600358126817
2169,0.00010001000100010001,0.00010001000100010001,2.3442188437687538e-06,0.00013334666800013335,6.433435119424953e-05
2170,0.00020002000200020003,0.00010001000100010001,0.0,0.00032003200320032004,0.00016048607167373676
2171,0.00010001000100010001,0.00010001000100010001,0.0,0.00021335466880021336,0.00013936141333322413
2172,0.00010001000100010001,0.00010001000100010001,0.0,0.00013334666800013335,6.433435119424953e-05
2173,0.00010001000100010001,0.00010001000100010001,0.0,0.00019232692500019234,0.00014191689529402594
2174,0.00010001000100010001,0.00010001000100010001,0.0,0.00020835416875020836,0.00011081591993209484
2175,0.00010001000100010001,0.00010001000100010001,7.814062812562513e-07,0.00013334666800013335,6.433435119424953e-05
2176,0.00020002000200020003,0.00010001000100010001,7.4233596719343865e-06,0.00040504050405040505,0.0002585969589385624
2177,0.00010001000100010001,0.00010001000100010001,2.695851670334067e-05,0.0002896270714541903,0.00022446443792952176
2178,0.00010001000100010001,0.00010001000100010001,0.0,0.00013334666800013335,6.433435119424953e-05
2179,0.00010001000100010001,0.00010001000100010001,0.0,0.00016001600160016002,9.274728291058062e-05
2180,0.00010001000100010001,0.00010001000100010001,8.790820664132827e-06,0.00030227640913237775,0.00020925737458773864
2181,0.00010001000100010001,0.00010001000100010001,0.0,0.00013334666800013335,6.433435119424953e-05
2182,0.00020002000200020003,0.00010001000100010001,8.790820664132827e-06,0.0003203653698703204,0.0002742782167819965
2183,0.00010001000100010001,0.00010001000100010001,7.814062812562513e-07,0.00020835416875020836,0.00011081591993209484
2184,0.00010001000100010001,0.00010001000100010001,0.0,0.00013334666800013335,6.433435119424953e-05
2185,0.00010001000100010001,0.00010001000100010001,0.0,0.00016001600160016002,9.274728291058062e-05
2186,0.00010001000100010001,0.00010001000100010001,6.87637527505501e-05,0.0007182173850485747,0.0003550700187515
2187,0.00010001000100010001,0.00010001000100010001,0.0,0.00013334666800013335,6.433435119424953e-05
2188,0.00020002000200020003,0.00010001000100010001,0.0,0.00032003200320032004,0.00016048607167373676
2189,0.00010001000100010001,0.00010001000100010001,6.25125025005001e-06,0.00021278723617042556,0.00015196838207946005
2190,0.00010001000100010001,0.00010001000100010001,1.4846719343868773e-05,0.00013334666800013335,6.433435119424953e-05
2191,0.00010001000100010001,0.00010001000100010001,0.0,0.000175017501750175,0.00012129277631170992
2192,0.00010001000100010001,0.00010001000100010001,0.0,0.00020835416875020836,0.00011081591993209484
2193,0.00010001000100010001,0.00010001000100010001,0.0,0.00013334666800013335,6.433435119424953e-05
2194,0.00020002000200020003,0.00010001000100010001,0.00010783406681336267,0.00047939576566352285,0.00036080791615693747
2195,0.00010001000100010001,0.00010001000100010001,2.695851670334067e-05,0.00023825912002965,0.00015241600358126817
2196,0.00010001000100010001,0.00010001000100010001,0.0,0.00013334666800013335,6.433435119424953e-05
2197,0.00010001000100010001,0.00010001000100010001,0.0,0.00016001600160016002,9.274728291058062e-05
2198,0.00010001000100010001,0.00010001000100010001,0.0,0.00021335466880021336,0.00013936141333322413
2199,0.00010001000100010001,0.00010001000100010001,0.0,0.00013334666800013335,6.433435119424953e-05
2200,0.00020002000200020003,0.00010001000100010001,3.672609521904381e-05,0.00044455665078702993,0.00030658458395913397
2201,0.00010001000100010001,0.00010001000100010001,0.0,0.00020835416875020836,0.00011081591993209484
2202,0.00010001000100010001,0.00010001000100010001,0.0,0.00013334666800013335,6.433435119424953e-05
2203,0.00010001000100010001,0.00010001000100010001,0.0,0.00016001600160016002,9.274728291058062e-05
2204,0.00010001000100010001,0.00010001000100010001,8.808023835686903e-06,0.00024830069213817936,0.00017304012256358418
2205,0.00010001000100010001,0.00010001000100010001,0.0,0.00013334666800013335,6.433435119424953e-05
2206,0.00020002000200020003,0.00010001000100010001,0.0,0.00032003200320032004,0.00016048607167373676
2207,0.00010001000100010001,0.00010001000100010001,0.0,0.00024069073574024073,0.00018977933906635532
2208,0.00010001000100010001,0.00010001000100010001,0.0,0.00013334666800013335,6.433435119424953e-05
2209,0.00010001000100010001,0.00010001000100010001,1.4846719343868773e-05,0.00018001800180018,0.00013389974505794585
2210,0.00010001000100010001,0.00010001000100010001,1.8363047609521906e-05,0.00020835416875020836,0.00011081591993209484
2211,0.00010001000100010001,0.00010001000100010001,0.0,0.00013334666800013335,6.433435119424953e-05
2212,0.00020002000200020003,0.00010001000100010001,5.4022546192213e-05,0.00044361865905466046,0.00035436781314866143
2213,0.00010001000100010001,0.00010001000100010001,2.695851670334067e-05,0.0003156159771821338,0.00023741665396681557
2214,0.00010001000100010001,0.00010001000100010001,0.0,0.00013334666800013335,6.433435119424953e-05
2215,0.00010001000100010001,0.00010001000100010001,7.814062812562513e-07,0.00016001600160016002,9.274728291058062e-05
2216,0.00010001000100010001,0.00010001000100010001,0.0,0.00021278723617042556,0.00015196838207946005
2217,0.00010001000100010001,0.00010001000100010001,1.3674609921984397e-06,0.00013334666800013335,6.433435119424953e-05
2218,0.00020002000200020003,0.00010001000100010001,3.7116798359671932e-06,0.00040743104333528044,0.0003137094086724363
2219,0.00010001000100010001,0.00010001000100010001,0.0,0.00020835416875020836,0.00011081591993209484
2220,0.00010001000100010001,0.00010001000100010001,0.0,0.00013334666800013335,6.433435119424953e-05
2221,0.00010001000100010001,0.00010001000100010001,0.0,0.00016001600160016002,9.274728291058062e-05
2222,0.00010001000100010001,0.00010001000100010001,6.25125025005001e-06,0.00023825912002965,0.00015241600358126817
2223,0.00010001000100010001,0.00010001000100010001,0.0,0.00013334666800013335,6.433435119424953e-05
2224,0.00020002000200020003,0.00010001000100010001,0.0,0.00032003200320032004,0.00016048607167373676
2225,0.00010001000100010001,0.00010001000100010001,2.695851670334067e-05,0.00021335466880021336,0.00013936141333322413
2226,0.00010001000100010001,0.00010001000100010001,0.0,0.00013334666800013335,6.433435119424953e-05
2227,0.00010001000100010001,0.00010001000100010001,0.0,0.00020853149144701703,0.0001603750734096087
2228,0.00010001000100010001,0.00010001000100010001,1.7581641328265654e-05,0.00020835416875020836,0.00011081591993209484
2229,0.00010001000100010001,0.00010001000100010001,0.0,0.00013334666800013335,6.433435119424953e-05
2230,0.00020002000200020003,0.00010001000100010001,3.3274756712594964e-06,0.00040504050405040505,0.0002585969589385624
2231,0.00010001000100010001,0.00010001000100010001,3.907031406281256e-07,0.00024727747500024726,0.00018570590963359906
2232,0.00010001000100010001,0.00010001000100010001,0.0,0.00013334666800013335,6.433435119424953e-05
2233,0.00010001000100010001,0.00010001000100010001,0.0,0.00016001600160016002,9.274728291058062e-05
2234,0.00010001000100010001,0.00010001000100010001,0.0,0.00022409648372244628,0.00015998553231554017
2235,0.00010001000100010001,0.00010001000100010001,0.0,0.00013334666800013335,6.433435119424953e-05
2236,0.00020002000200020003,0.00010001000100010001,3.477257951590318e-05,0.0003753622115458299,0.0002432386174702753
2237,0.00010001000100010001,0.00010001000100010001,0.0,0.00020835416875020836,0.00011081591993209484
2238,0.00010001000100010001,0.00010001000100010001,0.0,0.00013334666800013335,6.433435119424953e-05
2239,0.00010001000100010001,0.00010001000100010001,0.0,0.00016001600160016002,9.274728291058062e-05
2240,0.00010001000100010001,0.00010001000100010001,3.7116798359671932e-06,0.0002778055583336111,0.0001950790327640319
2241,0.00010001000100010001,0.00010001000100010001,8.790820664132827e-06,0.00013334666800013335,6.433435119424953e-05
2242,0.00020002000200020003,0.00010001000100010001,2.637246199239848e-05,0.00032003200320032004,0.00016048607167373676
2243,0.00010001000100010001,0.00010001000100010001,7.814062812562513e-07,0.0002098570512788984,0.000172412545633848
2244,0.00010001000100010001,0.00010001000100010001,0.0,0.00013334666800013335,6.433435119424953e-05
2245,0.00010001000100010001,0.00010001000100010001,2.637246199239848e-05,0.000175017501750175,0.00012129277631170992
2246,0.00010001000100010001,0.00010001000100010001,0.0,0.00020835416875020836,0.00011081591993209484
2247,0.00010001000100010001,0.00010001000100010001,0.0,0.00013334666800013335,6.433435119424953e-05
2248,0.00020002000200020003,0.00010001000100010001,4.404011917843451e-05,0.0006946733708962171,0.00047668066971485356
2249,0.00010001000100010001,0.00010001000100010001,2.7349219843968794e-06,0.00023825912002965,0.00015241600358126817
2250,0.00010001000100010001,0.00010001000100010001,0.0,0.00013334666800013335,6.433435119424953e-05
2251,0.00010001000100010001,0.00010001000100010001,0.0,0.00016001600160016002,9.274728291058062e-05
2252,0.00010001000100010001,0.00010001000100010001,0.0,0.00021335466880021336,0.00013936141333322413
2253,0.00010001000100010001,0.00010001000100010001,0.0,0.00013334666800013335,6.433435119424953e-05
2254,0.00020002000200020003,0.00010001000100010001,7.032656531306261e-06,0.00047120096625047114,0.00033637839070994906
2255,0.00010001000100010001,0.00010001000100010001,0.0,0.00020835416875020836,0.00011081591993209484
2256,0.00010001000100010001,0.00010001000100010001,0.0,0.00013334666800013335,6.433435119424953e-05
2257,0.00010001000100010001,0.00010001000100010001,7.228008101620324e-06,0.00016001600160016002,9.274728291058062e-05
2258,0.00010001000100010001,0.00010001000100010001,7.228008101620324e-06,0.00025602560256025603,0.0001914983006791669
2259,0.00010001000100010001,0.00010001000100010001,0.0,0.00013334666800013335,6.433435119424953e-05
2260,0.00020002000200020003,0.00010001000100010001,3.7116798359671932e-06,0.00032003200320032004,0.00016048607167373676
2261,0.00010001000100010001,0.00010001000100010001,0.0,0.00022530988731057013,0.00017265131938555504
2262,0.00010001000100010001,0.00010001000100010001,0.0,0.00013334666800013335,6.433435119424953e-05
2263,0.00010001000100010001,0.00010001000100010001,0.0,0.00019395878981837578,0.00015790116076319324
2264,0.00010001000100010001,0.00010001000100010001,0.0,0.00020835416875020836,0.00011081591993209484
2265,0.00010001000100010001,0.00010001000100010001,0.0,0.00013334666800013335,6.433435119424953e-05
2266,0.00020002000200020003,0.00010001000100010001,3.692144678935787e-05,0.0006650278927506651,0.00045564028935365925
2267,0.00010001000100010001,0.00010001000100010001,7.814062812562513e-07,0.00032818815862168744,0.00024079595213467053
2268,0.00010001000100010001,0.00010001000100010001,0.0,0.00013334666800013335,6.433435119424953e-05
2269,0.00010001000100010001,0.00010001000100010001,0.0,0.00016001600160016002,9.274728291058062e-05
2270,0.00010001000100010001,0.00010001000100010001,0.0,0.00021278723617042556,0.00015196838207946005
2271,0.00010001000100010001,0.00010001000100010001,0.0,0.00013334666800013335,6.433435119424953e-05
2272,0.00020002000200020003,0.00010001000100010001,2.0902618023604722e-05,0.0003580266702469333,0.0002808770604215623
2273,0.00010001000100010001,0.00010001000100010001,0.0,0.00020835416875020836,0.00011081591993209484
2274,0.00010001000100010001,0.00010001000100010001,3.7116798359671932e-06,0.00013334666800013335,6.433435119424953e-05
2275,0.00010001000100010001,0.00010001000100010001,0.0,0.00016001600160016002,9.274728291058062e-05
2276,0.00010001000100010001,0.00010001000100010001,1.1330391078215644e-05,0.00023825912002965,0.00015241600358126817
2277,0.00010001000100010001,0.00010001000100010001,0.0,0.00013334666800013335,6.433435119424953e-05
2278,0.00020002000200020003,0.00010001000100010001,0.0,0.00032003200320032004,0.00016048607167373676
2279,0.00010001000100010001,0.00010001000100010001,0.0,0.00021335466880021336,0.00013936141333322413
2280,0.00010001000100010001,0.00010001000100010001,0.0,0.00013334666800013335,6.433435119424953e-05
2281,0.00010001000100010001,0.00010001000100010001,1.3701370411068513e-06,0.00020252025202520253,0.0001657963383812269
2282,0.00010001000100010001,0.00010001000100010001,0.0,0.00020835416875020836,0.00011081591993209484
2283,0.00010001000100010001,0.00010001000100010001,0.0,0.00013334666800013335,6.433435119424953e-05
2284,0.00020002000200020003,0.00010001000100010001,0.0,0.00039030451717738144,0.00027126274600857727
2285,0.00010001000100010001,0.00010001000100010001,6.25125025005001e-06,0.00024830069213817936,0.00017304012256358418
2286,0.00010001000100010001,0.00010001000100010001,0.0,0.00013334666800013335,6.433435119424953e-05
2287,0.00010001000100010001,0.00010001000100010001,3.907031406281256e-07,0.00016001600160016002,9.274728291058062e-05
2288,0.00010001000100010001,0.00010001000100010001,0.0,0.0002343984398439844,0.0001784437104311229
2289,0.00010001000100010001,0.00010001000100010001,0.0,0.00013334666800013335,6.433435119424953e-05
2290,0.00020002000200020003,0.00010001000100010001,0.0,0.0003753622115458299,0.0002432386174702753
2291,0.00010001000100010001,0.00010001000100010001,3.907031406281256e-07,0.00020835416875020836,0.00011081591993209484
2292,0.00010001000100010001,0.00010001000100010001,0.0,0.00013334666800013335,6.433435119424953e-05
2293,0.00010001000100010001,0.00010001000100010001,4.1805236047209445e-05,0.00016001600160016002,9.274728291058062e-05
2294,0.00010001000100010001,0.00010001000100010001,1.1330391078215644e-05,0.00038773108080038775,0.00027334409774640447
2295,0.00010001000100010001,0.00010001000100010001,0.0,0.00013334666800013335,6.433435119424953e-05
2296,0.00020002000200020003,0.00010001000100010001,0.0,0.00032003200320032004,0.00016048607167373676
2297,0.00010001000100010001,0.00010001000100010001,0.0,0.00021278723617042556,0.00015196838207946005
2298,0.00010001000100010001,0.00010001000100010001,0.0,0.00013334666800013335,6.433435119424953e-05
2299,0.00010001000100010001,0.00010001000100010001,0.0,0.000175017501750175,0.00012129277631170992
2300,0.00010001000100010001,0.00010001000100010001,2.3442188437687538e-06,0.00020835416875020836,0.00011081591993209484
2301,0.00010001000100010001,0.00010001000100010001,0.0,0.00013334666800013335,6.433435119424953e-05
2302,0.00020002000200020003,0.00010001000100010001,1.3674609921984397e-06,0.00045700772608906463,0.0003449038252844221
2303,0.00010001000100010001,0.00010001000100010001,0.0,0.00023825912002965,0.00015241600358126817
2304,0.00010001000100010001,0.00010001000100010001,0.0,0.00013334666800013335,6.433435119424953e-05
2305,0.00010001000100010001,0.00010001000100010001,0.0,0.00016001600160016002,9.274728291058062e-05
2306,0.00010001000100010001,0.00010001000100010001,8.849426135227046e-05,0.00021335466880021336,0.00013936141333322413
2307,0.00010001000100010001,0.00010001000100010001,0.0,0.00013334666800013335,6.433435119424953e-05
2308,0.00020002000200020003,0.00010001000100010001,0.000637627525505101,0.0022359731140012217,0.0004902241858585304
2309,0.00010001000100010001,0.00010001000100010001,0.0,0.00020835416875020836,0.00011081591993209484
2310,0.00010001000100010001,0.00010001000100010001,0.0,0.00013334666800013335,6.433435119424953e-05
2311,0.00010001000100010001,0.00010001000100010001,0.0,0.00016001600160016002,9.274728291058062e-05
2312,0.00010001000100010001,0.00010001000100010001,1.250250050010002e-05,0.00024363338589498046,0.00019348428611797207
2313,0.00010001000100010001,0.00010001000100010001,0.0,0.00013334666800013335,6.433435119424953e-05
2314,0.00020002000200020003,0.00010001000100010001,0.0,0.00032003200320032004,0.00016048607167373676
2315,0.00010001000100010001,0.00010001000100010001,0.0,0.00022409648372244628,0.00015998553231554017
2316,0.00010001000100010001,0.00010001000100010001,0.0,0.00013334666800013335,6.433435119424953e-05
2317,0.00010001000100010001,0.00010001000100010001,0.0,0.00018001800180018,0.00013389974505794585
2318,0.00010001000100010001,0.00010001000100010001,0.0,0.00020835416875020836,0.00011081591993209484
2319,0.00010001000100010001,0.00010001000100010001,0.0,0.00013334666800013335,6.433435119424953e-05
2320,0.00020002000200020003,0.00010001000100010001,7.032656531306261e-05,0.0005771447482226021,0.0004128827637978695
2321,0.00010001000100010001,0.00010001000100010001,6.25125025005001e-06,0.0002778055583336111,0.0001950790327640319
2322,0.00010001000100010001,0.00010001000100010001,0.0,0.00013334666800013335,6.433435119424953e-05
2323,0.00010001000100010001,0.00010001000100010001,0.0,0.00016001600160016002,9.274728291058062e-05
2324,0.00010001000100010001,0.00010001000100010001,7.032656531306261e-05,0.0002673378058368227,0.00020209498743130878
2325,0.00010001000100010001,0.00010001000100010001,2.3442188437687536e-05,0.00013334666800013335,6.433435119424953e-05
2326,0.00020002000200020003,0.00010001000100010001,2.9498087117423485e-05,0.00038575286100038574,0.0002512557677063554
2327,0.00010001000100010001,0.00010001000100010001,0.0,0.00020835416875020836,0.00011081591993209484
2328,0.00010001000100010001,0.00010001000100010001,2.3442188437687536e-05,0.00013334666800013335,6.433435119424953e-05
2329,0.00010001000100010001,0.00010001000100010001,2.9498087117423485e-05,0.00016001600160016002,9.274728291058062e-05
2330,0.00010001000100010001,0.00010001000100010001,2.3488063561831738e-05,0.00023825912002965,0.00015241600358126817
2331,0.00010001000100010001,0.00010001000100010001,0.0,0.00013334666800013335,6.433435119424953e-05
2332,0.00020002000200020003,0.00010001000100010001,0.0,0.00032003200320032004,0.00016048607167373676
2333,0.00010001000100010001,0.00010001000100010001,0.0,0.00021335466880021336,0.00013936141333322413
2334,0.00010001000100010001,0.00010001000100010001,0.0,0.00013334666800013335,6.433435119424953e-05
2335,0.00010001000100010001,0.00010001000100010001,7.814062812562513e-07,0.00019232692500019234,0.00014191689529402594
2336,0.00010001000100010001,0.00010001000100010001,4.688437687537507e-05,0.00020835416875020836,0.00011081591993209484
2337,0.00010001000100010001,0.00010001000100010001,0.0,0.00013334666800013335,6.433435119424953e-05
2338,0.00020002000200020003,0.00010001000100010001,2.2660782156431287e-05,0.00040504050405040505,0.0002585969589385624
2339,0.00010001000100010001,0.00010001000100010001,0.0,0.0002831933024952327,0.00022168389483074994
2340,0.00010001000100010001,0.00010001000100010001,0.0,0.00013334666800013335,6.433435119424953e-05
2341,0.00010001000100010001,0.00010001000100010001,0.0,0.00016001600160016002,9.274728291058062e-05
2342,0.00010001000100010001,0.00010001000100010001,2.2660782156431287e-05,0.00022950502221536897,0.00019107925152586785
2343,0.00010001000100010001,0.00010001000100010001,0.0,0.00013334666800013335,6.433435119424953e-05
2344,0.00020002000200020003,0.00010001000100010001,0.0,0.0003636727309094546,0.0002559044045402902
2345,0.00010001000100010001,0.00010001000100010001,0.0,0.00020835416875020836,0.00011081591993209484
2346,0.00010001000100010001,0.00010001000100010001,0.0,0.00013334666800013335,6.433435119424953e-05
2347,0.00010001000100010001,0.00010001000100010001,0.0,0.00016001600160016002,9.274728291058062e-05
2348,0.00010001000100010001,0.00010001000100010001,0.00014065313062612523,0.0005695450437086283,0.0003286733155507612
2349,0.00010001000100010001,0.00010001000100010001,0.0,0.00013334666800013335,6.433435119424953e-05
2350,0.00020002000200020003,0.00010001000100010001,2.3442188437687536e-05,0.00032003200320032004,0.00016048607167373676
2351,0.00010001000100010001,0.00010001000100010001,0.0,0.00021278723617042556,0.00015196838207946005
2352,0.00010001000100010001,0.00010001000100010001,0.0,0.00013334666800013335,6.433435119424953e-05
2353,0.00010001000100010001,0.00010001000100010001,6.25125025005001e-06,0.000175017501750175,0.00012129277631170992
2354,0.00010001000100010001,0.00010001000100010001,6.25125025005001e-06,0.00020835416875020836,0.00011081591993209484
2355,0.00010001000100010001,0.00010001000100010001,0.0,0.00013334666800013335,6.433435119424953e-05
2356,0.00020002000200020003,0.00010001000100010001,4.688437687537507e-05,0.0005499760086593177,0.0003982257643136504
2357,0.00010001000100010001,0.00010001000100010001,0.0,0.00023825912002965,0.00015241600358126817
2358,0.00010001000100010001,0.00010001000100010001,0.0,0.00013334666800013335,6.433435119424953e-05
2359,0.00010001000100010001,0.00010001000100010001,3.907031406281256e-07,0.00016001600160016002,9.274728291058062e-05
2360,0.00010001000100010001,0.00010001000100010001,0.0,0.00021335466880021336,0.00013936141333322413
2361,0.00010001000100010001,0.00010001000100010001,0.0,0.00013334666800013335,6.433435119424953e-05
2362,0.00020002000200020003,0.00010001000100010001,3.399117323464693e-05,0.00039433678602076086,0.00033072333020056627
2363,0.00010001000100010001,0.00010001000100010001,0.0,0.00020835416875020836,0.00011081591993209484
2364,0.00010001000100010001,0.00010001000100010001,0.0,0.00013334666800013335,6.433435119424953e-05
2365,0.00010001000100010001,0.00010001000100010001,0.0,0.00016001600160016002,9.274728291058062e-05
2366,0.00010001000100010001,0.00010001000100010001,0.0,0.00024830069213817936,0.00017304012256358418
2367,0.00010001000100010001,0.00010001000100010001,0.0,0.00013334666800013335,6.433435119424953e-05
2368,0.00020002000200020003,0.00010001000100010001,0.0,0.00032003200320032004,0.00016048607167373676
2369,0.00010001000100010001,0.00010001000100010001,0.00016409531906381276,0.0005047540327155245,0.0002587883213265656
2370,0.00010001000100010001,0.00010001000100010001,0.0,0.00013334666800013335,6.433435119424953e-05
2371,0.00010001000100010001,0.00010001000100010001,0.0,0.00018001800180018,0.00013389974505794585
2372,0.00010001000100010001,0.00010001000100010001,0.0,0.00020835416875020836,0.00011081591993209484
2373,0.00010001000100010001,0.00010001000100010001,0.0,0.00013334666800013335,6.433435119424953e-05
2374,0.00020002000200020003,0.00010001000100010001,5.938687737547509e-05,0.00041261268984041263,0.0003375908906628664
2375,0.00010001000100010001,0.00010001000100010001,0.0,0.00032600159240730276,0.0002431585035948215
2376,0.00010001000100010001,0.00010001000100010001,0.0,0.00013334666800013335,6.433435119424953e-05
2377,0.00010001000100010001,0.00010001000100010001,0.0,0.00016001600160016002,9.274728291058062e-05
2378,0.00010001000100010001,0.00010001000100010001,0.0,0.00021278723617042556,0.00015196838207946005
2379,0.00010001000100010001,0.00010001000100010001,0.0,0.00013334666800013335,6.433435119424953e-05
2380,0.00020002000200020003,0.00010001000100010001,0.0,0.0003841654006670508,0.0002697139458219381
2381,0.00010001000100010001,0.00010001000100010001,1.4846719343868773e-05,0.00020835416875020836,0.00011081591993209484
2382,0.00010001000100010001,0.00010001000100010001,0.0,0.00013334666800013335,6.433435119424953e-05
2383,0.00010001000100010001,0.00010001000100010001,0.0,0.00016001600160016002,9.274728291058062e-05
2384,0.00010001000100010001,0.00010001000100010001,0.0,0.00023825912002965,0.00015241600358126817
2385,0.00010001000100010001,0.00010001000100010001,0.0,0.00013334666800013335,6.433435119424953e-05
2386,0.00020002000200020003,0.00010001000100010001,2.3442188437687538e-06,0.00032003200320032004,0.00016048607167373676
2387,0.00010001000100010001,0.00010001000100010001,3.907031406281256e-07,0.00021335466880021336,0.00013936141333322413
2388,0.00010001000100010001,0.00010001000100010001,0.0,0.00013334666800013335,6.433435119424953e-05
2389,0.00010001000100010001,0.00010001000100010001,2.1097969593918783e-05,0.00021731496457916467,0.00016952610456769457
2390,0.00010001000100010001,0.00010001000100010001,0.0,0.00020835416875020836,0.00011081591993209484
2391,0.00010001000100010001,0.00010001000100010001,0.0,0.00013334666800013335,6.433435119424953e-05
2392,0.00020002000200020003,0.00010001000100010001,7.032656531306261e-05,0.00040504050405040505,0.0002585969589385624
2393,0.00010001000100010001,0.00010001000100010001,2.773992298459692e-05,0.0003088780727938746,0.00022547596682046239
2394,0.00010001000100010001,0.00010001000100010001,0.0,0.00013334666800013335,6.433435119424953e-05
2395,0.00010001000100010001,0.00010001000100010001,0.0,0.00016001600160016002,9.274728291058062e-05
2396,0.00010001000100010001,0.00010001000100010001,2.3442188437687536e-05,0.00022409648372244628,0.00015998553231554017
2397,0.00010001000100010001,0.00010001000100010001,0.0,0.00013334666800013335,6.433435119424953e-05
2398,0.00020002000200020003,0.00010001000100010001,1.3674609921984397e-06,0.0003753622115458299,0.0002432386174702753
2399,0.00010001000100010001,0.00010001000100010001,0.0,0.00020835416875020836,0.00011081591993209484
2400,0.00010001000100010001,0.00010001000100010001,0.0,0.00013334666800013335,6.433435119424953e-05
2401,0.00010001000100010001,0.00010001000100010001,3.907031406281256e-06,0.00016001600160016002,9.274728291058062e-05
2402,0.00010001000100010001,0.00010001000100010001,1.1330391078215644e-05,0.0002778055583336111,0.0001950790327640319
2403,0.00010001000100010001,0.00010001000100010001,0.0,0.00013334666800013335,6.433435119424953e-05
2404,0.00020002000200020003,0.00010001000100010001,0.0,0.00032003200320032004,0.00016048607167373676
2405,0.00010001000100010001,0.00010001000100010001,1.1330391078215644e-05,0.00021127112711271127,0.00016463416914947495
2406,0.00010001000100010001,0.00010001000100010001,0.0,0.00013334666800013335,6.433435119424953e-05
2407,0.00010001000100010001,0.00010001000100010001,0.0,0.000175017501750175,0.00012129277631170992
2408,0.00010001000100010001,0.00010001000100010001,3.7116798359671932e-06,0.00020835416875020836,0.00011081591993209484
2409,0.00010001000100010001,0.00010001000100010001,0.0,0.00013334666800013335,6.433435119424953e-05
2410,0.00020002000200020003,0.00010001000100010001,3.7116798359671932e-06,0.0005676690600502131,0.00039937458022303507
2411,0.00010001000100010001,0.00010001000100010001,3.907031406281256e-07,0.00023825912002965,0.00015241600358126817
2412,0.00010001000100010001,0.00010001000100010001,0.0,0.00013334666800013335,6.433435119424953e-05
2413,0.00010001000100010001,0.00010001000100010001,0.0,0.00016001600160016002,9.274728291058062e-05
2414,0.00010001000100010001,0.00010001000100010001,0.0,0.00021335466880021336,0.00013936141333322413
2415,0.00010001000100010001,0.00010001000100010001,0.0,0.00013334666800013335,6.433435119424953e-05
2416,0.00020002000200020003,0.00010001000100010001,3.340511852370474e-05,0.0005461711219665656,0.00039497425738455765
2417,0.00010001000100010001,0.00010001000100010001,0.0,0.00020835416875020836,0.00011081591993209484
2418,0.00010001000100010001,0.00010001000100010001,0.0,0.00013334666800013335,6.433435119424953e-05
2419,0.00010001000100010001,0.00010001000100010001,0.0,0.00016001600160016002,9.274728291058062e-05
2420,0.00010001000100010001,0.00010001000100010001,0.0,0.0002590297343910636,0.00021129888749319258
2421,0.00010001000100010001,0.00010001000100010001,0.0,0.00013334666800013335,6.433435119424953e-05
2422,0.00020002000200020003,0.00010001000100010001,0.0,0.00032003200320032004,0.00016048607167373676
2423,0.00010001000100010001,0.00010001000100010001,7.814062812562513e-07,0.00022938801816689604,0.0001818023505436409
2424,0.00010001000100010001,0.00010001000100010001,0.0,0.00013334666800013335,6.433435119424953e-05
2425,0.00010001000100010001,0.00010001000100010001,0.0,0.0001866853352001867,0.0001521593111351872
2426,0.00010001000100010001,0.00010001000100010001,0.0,0.00020835416875020836,0.00011081591993209484
2427,0.00010001000100010001,0.00010001000100010001,0.0,0.00013334666800013335,6.433435119424953e-05
2428,0.00020002000200020003,0.00010001000100010001,8.790820664132827e-06,0.0005873246500680031,0.00041975760097612237
2429,0.00010001000100010001,0.00010001000100010001,0.0008527096044208842,0.002365043390275228,0.0003640508044816441
2430,0.00010001000100010001,0.00010001000100010001,0.0,0.00013334666800013335,6.433435119424953e-05
2431,0.00010001000100010001,0.00010001000100010001,0.0,0.00016001600160016002,9.274728291058062e-05
2432,0.00010001000100010001,0.00010001000100010001,0.0,0.00021278723617042556,0.00015196838207946005
2433,0.00010001000100010001,0.00010001000100010001,8.790820664132827e-06,0.00013334666800013335,6.433435119424953e-05
2434,0.00020002000200020003,0.00010001000100010001,2.5981758851770353e-05,0.0003521185451878521,0.00027513521079355636
2435,0.00010001000100010001,0.00010001000100010001,3.907031406281256e-07,0.00020835416875020836,0.00011081591993209484
2436,0.00010001000100010001,0.00010001000100010001,2.5981758851770353e-05,0.00013334666800013335,6.433435119424953e-05
2437,0.00010001000100010001,0.00010001000100010001,0.0,0.00016001600160016002,9.274728291058062e-05
2438,0.00010001000100010001,0.00010001000100010001,2.5981758851770353e-05,0.00023825912002965,0.00015241600358126817
2439,0.00010001000100010001,0.00010001000100010001,0.0,0.00013334666800013335,6.433435119424953e-05
2440,0.00020002000200020003,0.00010001000100010001,0.0,0.00032003200320032004,0.00016048607167373676
2441,0.00010001000100010001,0.00010001000100010001,1.3674609921984397e-06,0.00021335466880021336,0.00013936141333322413
2442,0.00010001000100010001,0.00010001000100010001,0.0,0.00013334666800013335,6.433435119424953e-05
2443,0.00010001000100010001,0.00010001000100010001,3.907031406281256e-07,0.00019884341375314005,0.00015458268236404085
2444,0.00010001000100010001,0.00010001000100010001,0.0,0.00020835416875020836,0.00011081591993209484
2445,0.00010001000100010001,0.00010001000100010001,0.0,0.00013334666800013335,6.433435119424953e-05
2446,0.00020002000200020003,0.00010001000100010001,5.1963517703540705e-05,0.0003789852669477474,0.00028041377716666314
2447,0.00010001000100010001,0.00010001000100010001,3.907031406281256e-07,0.00024830069213817936,0.00017304012256358418
2448,0.00010001000100010001,0.00010001000100010001,0.0,0.00013334666800013335,6.433435119424953e-05
2449,0.00010001000100010001,0.00010001000100010001,0.0,0.00016001600160016002,9.274728291058062e-05
2450,0.00010001000100010001,0.00010001000100010001,2.5981758851770353e-05,0.0002733606694002734,0.00021041198350875385
2451,0.00010001000100010001,0.00010001000100010001,0.0,0.00013334666800013335,6.433435119424953e-05
2452,0.00020002000200020003,0.00010001000100010001,0.0,0.0003753622115458299,0.0002432386174702753
2453,0.00010001000100010001,0.00010001000100010001,0.0,0.00020835416875020836,0.00011081591993209484
2454,0.00010001000100010001,0.00010001000100010001,2.5981758851770353e-05,0.00013334666800013335,6.433435119424953e-05
2455,0.00010001000100010001,0.00010001000100010001,0.0,0.00016001600160016002,9.274728291058062e-05
2456,0.00010001000100010001,0.00010001000100010001,7.814062812562513e-06,0.0003033916837061857,0.0002455692120693399
2457,0.00010001000100010001,0.00010001000100010001,0.0,0.00013334666800013335,6.433435119424953e-05
2458,0.00020002000200020003,0.00010001000100010001,0.0,0.00032003200320032004,0.00016048607167373676
2459,0.00010001000100010001,0.00010001000100010001,0.0,0.00021278723617042556,0.00015196838207946005
2460,0.00010001000100010001,0.00010001000100010001,0.0,0.00013334666800013335,6.433435119424953e-05
2461,0.00010001000100010001,0.00010001000100010001,0.0,0.000175017501750175,0.00012129277631170992
2462,0.00010001000100010001,0.00010001000100010001,0.0,0.00020835416875020836,0.00011081591993209484
2463,0.00010001000100010001,0.00010001000100010001,0.0,0.00013334666800013335,6.433435119424953e-05
2464,0.00020002000200020003,0.00010001000100010001,1.0548984796959391e-05,0.0004639639221654124,0.00032753670443464746
2465,0.00010001000100010001,0.00010001000100010001,1.386996149229846e-05,0.00023825912002965,0.00015241600358126817
2466,0.00010001000100010001,0.00010001000100010001,0.0,0.00013334666800013335,6.433435119424953e-05
2467,0.00010001000100010001,0.00010001000100010001,0.0,0.00016001600160016002,9.274728291058062e-05
2468,0.00010001000100010001,0.00010001000100010001,0.0,0.00021335466880021336,0.00013936141333322413
2469,0.00010001000100010001,0.00010001000100010001,0.0,0.00013334666800013335,6.433435119424953e-05
2470,0.00020002000200020003,0.00010001000100010001,0.00012990879425885178,0.0005563508593985304,0.0004012608416116993
2471,0.00010001000100010001,0.00010001000100010001,0.0,0.00020835416875020836,0.00011081591993209484
2472,0.00010001000100010001,0.00010001000100010001,0.0,0.00013334666800013335,6.433435119424953e-05
2473,0.00010001000100010001,0.00010001000100010001,0.0,0.00016001600160016002,9.274728291058062e-05
2474,0.00010001000100010001,0.00010001000100010001,5.274492398479696e-06,0.00024727747500024726,0.00018570590963359906
2475,0.00010001000100010001,0.00010001000100010001,0.0,0.00013334666800013335,6.433435119424953e-05
2476,0.00020002000200020003,0.00010001000100010001,0.0,0.00032003200320032004,0.00016048607167373676
2477,0.00010001000100010001,0.00010001000100010001,0.0,0.00022409648372244628,0.00015998553231554017
2478,0.00010001000100010001,0.00010001000100010001,0.0,0.00013334666800013335,6.433435119424953e-05
2479,0.00010001000100010001,0.00010001000100010001,0.0,0.00018001800180018,0.00013389974505794585
2480,0.00010001000100010001,0.00010001000100010001,1.738628975795159e-05,0.00020835416875020836,0.00011081591993209484
2481,0.00010001000100010001,0.00010001000100010001,0.0,0.00013334666800013335,6.433435119424953e-05
2482,0.00020002000200020003,0.00010001000100010001,1.5628125625125025e-05,0.0005223413907655825,0.0003920512274300242
2483,0.00010001000100010001,0.00010001000100010001,0.0,0.0002778055583336111,0.0001950790327640319
2484,0.00010001000100010001,0.00010001000100010001,0.0,0.00013334666800013335,6.433435119424953e-05
2485,0.00010001000100010001,0.00010001000100010001,0.0,0.00016001600160016002,9.274728291058062e-05
2486,0.00010001000100010001,0.00010001000100010001,1.386996149229846e-05,0.00021030140397217288,0.0001702279481567014
2487,0.00010001000100010001,0.00010001000100010001,0.0,0.00013334666800013335,6.433435119424953e-05
2488,0.00020002000200020003,0.00010001000100010001,3.477257951590318e-05,0.00038575286100038574,0.0002512557677063554
2489,0.00010001000100010001,0.00010001000100010001,7.814062812562513e-06,0.00020835416875020836,0.00011081591993209484
2490,0.00010001000100010001,0.00010001000100010001,0.0,0.00013334666800013335,6.433435119424953e-05
2491,0.00010001000100010001,0.00010001000100010001,0.0,0.00016001600160016002,9.274728291058062e-05
2492,0.00010001000100010001,0.00010001000100010001,0.0,0.00023825912002965,0.00015241600358126817
2493,0.00010001000100010001,0.00010001000100010001,0.0,0.00013334666800013335,6.433435119424953e-05
2494,0.00020002000200020003,0.00010001000100010001,0.0,0.00032003200320032004,0.00016048607167373676
2495,0.00010001000100010001,0.00010001000100010001,3.907031406281256e-07,0.00021335466880021336,0.00013936141333322413
2496,0.00010001000100010001,0.00010001000100010001,0.0,0.00013334666800013335,6.433435119424953e-05
2497,0.00010001000100010001,0.00010001000100010001,0.0,0.00019232692500019234,0.00014191689529402594
2498,0.00010001000100010001,0.00010001000100010001,0.0,0.00020835416875020836,0.00011081591993209484
2499,0.00010001000100010001,0.00010001000100010001,0.0,0.00013334666800013335,6.433435119424953e-05
2500,0.00020002000200020003,0.00010001000100010001,5.274492398479696e-06,0.00040504050405040505,0.0002585969589385624
2501,0.00010001000100010001,0.00010001000100010001,5.274492398479696e-06,0.00022961479821451532,0.00017342966365765271
2502,0.00010001000100010001,0.00010001000100010001,0.0,0.00010001000100010001,4.626571417273532e-05
2503,0.00010001000100010001,0.00010001000100010001,0.0,0.00010001000100010001,4.626571417273532e-05
2504,0.00010001000100010001,0.00010001000100010001,2.5981758851770353e-05,0.00019884341375314005,0.00015458268236404085
2505,0.00010001000100010001,0.00010001000100010001,0.0,0.00010001000100010001,4.626571417273532e-05
2506,0.00020002000200020003,0.00010001000100010001,0.0,0.00024547909336388184,0.0001556045865850648
2507,0.00010001000100010001,0.00010001000100010001,0.0,0.00016001600160016002,9.274728291058062e-05
2508,0.00010001000100010001,0.00010001000100010001,0.0,0.00010001000100010001,4.626571417273532e-05
2509,0.00010001000100010001,0.00010001000100010001,0.0,0.00010001000100010001,4.626571417273532e-05
2510,0.00010001000100010001,0.00010001000100010001,4.6884376875375075e-06,0.0003047923840003048,0.00022054271763600978
2511,0.00010001000100010001,0.00010001000100010001,0.0,0.00010001000100010001,4.626571417273532e-05
2512,0.00020002000200020003,0.00010001000100010001,0.0,0.0002272954568184091,0.00011400450293589145
2513,0.00010001000100010001,0.00010001000100010001,0.0,0.00018001800180018,0.00013389974505794585
2514,0.00010001000100010001,0.00010001000100010001,7.814062812562513e-06,0.00010001000100010001,4.626571417273532e-05
2515,0.00010001000100010001,0.00010001000100010001,0.0,0.00010001000100010001,4.626571417273532e-05
2516,0.00010001000100010001,0.00010001000100010001,0.0,0.00016001600160016002,9.274728291058062e-05
2517,0.00010001000100010001,0.00010001000100010001,0.0,0.00010001000100010001,4.626571417273532e-05
2518,0.00020002000200020003,0.00010001000100010001,3.2819063812762554e-05,0.0004233903566568111,0.0002995133138123849
2519,0.00010001000100010001,0.00010001000100010001,0.0,0.00020002000200020003,0.00013434736655975395
2520,0.00010001000100010001,0.00010001000100010001,0.0,0.00010001000100010001,4.626571417273532e-05
2521,0.00010001000100010001,0.00010001000100010001,0.0,0.00010001000100010001,4.626571417273532e-05
2522,0.00010001000100010001,0.00010001000100010001,7.814062812562513e-06,0.000175017501750175,0.00012129277631170992
2523,0.00010001000100010001,0.00010001000100010001,0.0,0.00010001000100010001,4.626571417273532e-05
2524,0.00020002000200020003,0.00010001000100010001,2.3442188437687536e-05,0.00028127812781278123,0.0001982676157678285
2525,0.00010001000100010001,0.00010001000100010001,0.0,0.00016001600160016002,9.274728291058062e-05
2526,0.00010001000100010001,0.00010001000100010001,0.0,0.00010001000100010001,4.626571417273532e-05
2527,0.00010001000100010001,0.00010001000100010001,0.0,0.00010001000100010001,4.626571417273532e-05
2528,0.00010001000100010001,0.00010001000100010001,0.0,0.00021609303787521609,0.00015497148554207
2529,0.00010001000100010001,0.00010001000100010001,0.0,0.00010001000100010001,4.626571417273532e-05
2530,0.00020002000200020003,0.00010001000100010001,0.0,0.0002272954568184091,0.00011400450293589145
2531,0.00010001000100010001,0.00010001000100010001,7.814062812562513e-07,0.00020853149144701703,0.0001603750734096087
2532,0.00010001000100010001,0.00010001000100010001,0.0,0.00010001000100010001,4.626571417273532e-05
2533,0.00010001000100010001,0.00010001000100010001,0.0,0.00010001000100010001,4.626571417273532e-05
2534,0.00010001000100010001,0.00010001000100010001,6.25125025005001e-06,0.00016001600160016002,9.274728291058062e-05
2535,0.00010001000100010001,0.00010001000100010001,0.0,0.00010001000100010001,4.626571417273532e-05
2536,0.00020002000200020003,0.00010001000100010001,2.3442188437687536e-05,0.00039456000394560005,0.0002739507896541772
2537,0.00010001000100010001,0.00010001000100010001,4.102382976595319e-06,0.00037030134731534827,0.0002550547521268315
2538,0.00010001000100010001,0.00010001000100010001,0.0,0.00010001000100010001,4.626571417273532e-05
2539,0.00010001000100010001,0.00010001000100010001,0.0,0.00010001000100010001,4.626571417273532e-05
2540,0.00010001000100010001,0.00010001000100010001,1.250250050010002e-05,0.00018001800180018,0.00013389974505794585
2541,0.00010001000100010001,0.00010001000100010001,0.0,0.00010001000100010001,4.626571417273532e-05
2542,0.00020002000200020003,0.00010001000100010001,1.250250050010002e-05,0.00026452645264526454,0.000212027906530005
2543,0.00010001000100010001,0.00010001000100010001,0.0,0.00016001600160016002,9.274728291058062e-05
2544,0.00010001000100010001,0.00010001000100010001,0.0,0.00010001000100010001,4.626571417273532e-05
2545,0.00010001000100010001,0.00010001000100010001,0.0,0.00010001000100010001,4.626571417273532e-05
2546,0.00010001000100010001,0.00010001000100010001,0.0,0.00020002000200020003,0.00013434736655975395
2547,0.00010001000100010001,0.00010001000100010001,0.0,0.00010001000100010001,4.626571417273532e-05
2548,0.00020002000200020003,0.00010001000100010001,0.0,0.0002272954568184091,0.00011400450293589145
2549,0.00010001000100010001,0.00010001000100010001,0.0,0.000175017501750175,0.00012129277631170992
2550,0.00010001000100010001,0.00010001000100010001,0.0,0.00010001000100010001,4.626571417273532e-05
2551,0.00010001000100010001,0.00010001000100010001,0.0,0.00010001000100010001,4.626571417273532e-05
2552,0.00010001000100010001,0.00010001000100010001,0.0,0.00016001600160016002,9.274728291058062e-05
2553,0.00010001000100010001,0.00010001000100010001,0.0,0.00010001000100010001,4.626571417273532e-05
2554,0.00020002000200020003,0.00010001000100010001,0.0,0.0003169331017608803,0.0002121153902007171
2555,0.00010001000100010001,0.00010001000100010001,0.0,0.0002207117263450483,0.00017323105161931132
2556,0.00010001000100010001,0.00010001000100010001,0.0,0.00010001000100010001,4.626571417273532e-05
2557,0.00010001000100010001,0.00010001000100010001,0.0,0.00010001000100010001,4.626571417273532e-05
2558,0.00010001000100010001,0.00010001000100010001,0.0,0.00019232692500019234,0.00014191689529402594
2559,0.00010001000100010001,0.00010001000100010001,0.0,0.00010001000100010001,4.626571417273532e-05
2560,0.00020002000200020003,0.00010001000100010001,2.7349219843968794e-06,0.00024547909336388184,0.0001556045865850648
2561,0.00010001000100010001,0.00010001000100010001,0.0,0.00016001600160016002,9.274728291058062e-05
2562,0.00010001000100010001,0.00010001000100010001,1.035363322664533e-05,0.00010001000100010001,4.626571417273532e-05
2563,0.00010001000100010001,0.00010001000100010001,0.0,0.00010001000100010001,4.626571417273532e-05
2564,0.00010001000100010001,0.00010001000100010001,0.0,0.00024812607843062787,0.00017701039574251768
2565,0.00010001000100010001,0.00010001000100010001,0.0,0.00010001000100010001,4.626571417273532e-05
2566,0.00020002000200020003,0.00010001000100010001,0.0,0.0002272954568184091,0.00011400450293589145
2567,0.00010001000100010001,0.00010001000100010001,7.814062812562513e-07,0.00019964260577001093,0.0001663119990433799
2568,0.00010001000100010001,0.00010001000100010001,0.0,0.00010001000100010001,4.626571417273532e-05
2569,0.00010001000100010001,0.00010001000100010001,0.0,0.00010001000100010001,4.626571417273532e-05
2570,0.00010001000100010001,0.00010001000100010001,0.0,0.00016001600160016002,9.274728291058062e-05
2571,0.00010001000100010001,0.00010001000100010001,0.0,0.00010001000100010001,4.626571417273532e-05
2572,0.00020002000200020003,0.00010001000100010001,5.274492398479696e-06,0.0004846638510004847,0.0003395569777966812
2573,0.00010001000100010001,0.00010001000100010001,0.0,0.00020002000200020003,0.00013434736655975395
2574,0.00010001000100010001,0.00010001000100010001,0.0,0.00010001000100010001,4.626571417273532e-05
2575,0.00010001000100010001,0.00010001000100010001,0.0,0.00010001000100010001,4.626571417273532e-05
2576,0.00010001000100010001,0.00010001000100010001,0.0,0.000175017501750175,0.00012129277631170992
2577,0.00010001000100010001,0.00010001000100010001,0.0,0.00010001000100010001,4.626571417273532e-05
2578,0.00020002000200020003,0.00010001000100010001,2.852132926585317e-05,0.0003165151680003165,0.00023498535996065254
2579,0.00010001000100010001,0.00010001000100010001,0.0,0.00016001600160016002,9.274728291058062e-05
2580,0.00010001000100010001,0.00010001000100010001,0.0,0.00010001000100010001,4.626571417273532e-05
2581,0.00010001000100010001,0.00010001000100010001,0.0,0.00010001000100010001,4.626571417273532e-05
2582,0.00010001000100010001,0.00010001000100010001,1.035363322664533e-05,0.00033687579284244213,0.00022708610146922713
2583,0.00010001000100010001,0.00010001000100010001,0.0,0.00010001000100010001,4.626571417273532e-05
2584,0.00020002000200020003,0.00010001000100010001,1.9925860172034407e-05,0.0002272954568184091,0.00011400450293589145
2585,0.00010001000100010001,0.00010001000100010001,1.035363322664533e-05,0.00020091294843770088,0.0001601764613712673
2586,0.00010001000100010001,0.00010001000100010001,0.0,0.00010001000100010001,4.626571417273532e-05
2587,0.00010001000100010001,0.00010001000100010001,0.0,0.00010001000100010001,4.626571417273532e-05
2588,0.00010001000100010001,0.00010001000100010001,0.0,0.00016001600160016002,9.274728291058062e-05
2589,0.00010001000100010001,0.00010001000100010001,0.0,0.00010001000100010001,4.626571417273532e-05
2590,0.00020002000200020003,0.00010001000100010001,2.7349219843968794e-06,0.0004558595394423163,0.00033540378824509746
2591,0.00010001000100010001,0.00010001000100010001,3.907031406281256e-07,0.0003687987846403688,0.0002588375327388969
2592,0.00010001000100010001,0.00010001000100010001,0.0,0.00010001000100010001,4.626571417273532e-05
2593,0.00010001000100010001,0.00010001000100010001,0.0,0.00010001000100010001,4.626571417273532e-05
2594,0.00010001000100010001,0.00010001000100010001,0.0,0.00018001800180018,0.00013389974505794585
2595,0.00010001000100010001,0.00010001000100010001,0.0,0.00010001000100010001,4.626571417273532e-05
2596,0.00020002000200020003,0.00010001000100010001,0.00011408531706341268,0.00025002500250024997,0.0001888944926373957
2597,0.00010001000100010001,0.00010001000100010001,0.0,0.00016001600160016002,9.274728291058062e-05
2598,0.00010001000100010001,0.00010001000100010001,0.0,0.00010001000100010001,4.626571417273532e-05
2599,0.00010001000100010001,0.00010001000100010001,0.0,0.00010001000100010001,4.626571417273532e-05
2600,0.00010001000100010001,0.00010001000100010001,0.0,0.00020002000200020003,0.00013434736655975395
2601,0.00010001000100010001,0.00010001000100010001,0.0,0.00010001000100010001,4.626571417273532e-05
2602,0.00020002000200020003,0.00010001000100010001,5.274492398479696e-06,0.0002272954568184091,0.00011400450293589145
2603,0.00010001000100010001,0.00010001000100010001,3.907031406281256e-07,0.000175017501750175,0.00012129277631170992
2604,0.00010001000100010001,0.00010001000100010001,0.0,0.00010001000100010001,4.626571417273532e-05
2605,0.00010001000100010001,0.00010001000100010001,0.0,0.00010001000100010001,4.626571417273532e-05
2606,0.00010001000100010001,0.00010001000100010001,0.0,0.00016001600160016002,9.274728291058062e-05
2607,0.00010001000100010001,0.00010001000100010001,0.0,0.00010001000100010001,4.626571417273532e-05
2608,0.00020002000200020003,0.00010001000100010001,0.0,0.00030537404885526724,0.00023037495627795844
2609,0.00010001000100010001,0.00010001000100010001,0.0,0.00021609303787521609,0.00015497148554207
2610,0.00010001000100010001,0.00010001000100010001,0.0,0.00010001000100010001,4.626571417273532e-05
2611,0.00010001000100010001,0.00010001000100010001,0.0,0.00010001000100010001,4.626571417273532e-05
2612,0.00010001000100010001,0.00010001000100010001,5.274492398479696e-06,0.00023394152280725147,0.00017930488610534378
2613,0.00010001000100010001,0.00010001000100010001,0.0,0.00010001000100010001,4.626571417273532e-05
2614,0.00020002000200020003,0.00010001000100010001,0.0,0.00024547909336388184,0.0001556045865850648
2615,0.00010001000100010001,0.00010001000100010001,0.0,0.00016001600160016002,9.274728291058062e-05
2616,0.00010001000100010001,0.00010001000100010001,0.0,0.00010001000100010001,4.626571417273532e-05
2617,0.00010001000100010001,0.00010001000100010001,0.0,0.00010001000100010001,4.626571417273532e-05
2618,0.00010001000100010001,0.00010001000100010001,2.852132926585317e-05,0.0002984754433992622,0.00021728539208620113
2619,0.00010001000100010001,0.00010001000100010001,0.0,0.00010001000100010001,4.626571417273532e-05
2620,0.00020002000200020003,0.00010001000100010001,0.0,0.0002272954568184091,0.00011400450293589145
2621,0.00010001000100010001,0.00010001000100010001,2.852132926585317e-05,0.00018001800180018,0.00013389974505794585
2622,0.00010001000100010001,0.00010001000100010001,0.0,0.00010001000100010001,4.626571417273532e-05
2623,0.00010001000100010001,0.00010001000100010001,0.0,0.00010001000100010001,4.626571417273532e-05
2624,0.00010001000100010001,0.00010001000100010001,0.0,0.00016001600160016002,9.274728291058062e-05
2625,0.00010001000100010001,0.00010001000100010001,0.0,0.00010001000100010001,4.626571417273532e-05
2626,0.00020002000200020003,0.00010001000100010001,0.0,0.00039560918117128175,0.0002754613566895757
2627,0.00010001000100010001,0.00010001000100010001,0.0,0.00020002000200020003,0.00013434736655975395
2628,0.00010001000100010001,0.00010001000100010001,0.0,0.00010001000100010001,4.626571417273532e-05
2629,0.00010001000100010001,0.00010001000100010001,0.0,0.00010001000100010001,4.626571417273532e-05
2630,0.00010001000100010001,0.00010001000100010001,0.0,0.000175017501750175,0.00012129277631170992
2631,0.00010001000100010001,0.00010001000100010001,0.0,0.00010001000100010001,4.626571417273532e-05
2632,0.00020002000200020003,0.00010001000100010001,2.070726645329066e-05,0.0003289802664476974,0.0002417999376613206
2633,0.00010001000100010001,0.00010001000100010001,0.0,0.00016001600160016002,9.274728291058062e-05
2634,0.00010001000100010001,0.00010001000100010001,0.0,0.00010001000100010001,4.626571417273532e-05
2635,0.00010001000100010001,0.00010001000100010001,0.0,0.00010001000100010001,4.626571417273532e-05
2636,0.00010001000100010001,0.00010001000100010001,2.070726645329066e-05,0.0002307923100002308,0.00019058475216917806
2637,0.00010001000100010001,0.00010001000100010001,0.0,0.00010001000100010001,4.626571417273532e-05
2638,0.00020002000200020003,0.00010001000100010001,0.0,0.0002272954568184091,0.00011400450293589145
2639,0.00010001000100010001,0.00010001000100010001,0.0,0.00019232692500019234,0.00014191689529402594
2640,0.00010001000100010001,0.00010001000100010001,2.2465430586117223e-05,0.00010001000100010001,4.626571417273532e-05
2641,0.00010001000100010001,0.00010001000100010001,0.0,0.00010001000100010001,4.626571417273532e-05
2642,0.00010001000100010001,0.00010001000100010001,0.0,0.00016001600160016002,9.274728291058062e-05
2643,0.00010001000100010001,0.00010001000100010001,0.0,0.00010001000100010001,4.626571417273532e-05
2644,0.00020002000200020003,0.00010001000100010001,0.00024711973644728945,0.0007743401686013105,0.0004512892050121832
2645,0.00010001000100010001,0.00010001000100010001,2.2465430586117223e-05,0.00024812607843062787,0.00017701039574251768
2646,0.00010001000100010001,0.00010001000100010001,0.0,0.00010001000100010001,4.626571417273532e-05
2647,0.00010001000100010001,0.00010001000100010001,0.0,0.00010001000100010001,4.626571417273532e-05
2648,0.00010001000100010001,0.00010001000100010001,5.274492398479696e-06,0.00018463384800018466,0.00014656553212796076
2649,0.00010001000100010001,0.00010001000100010001,1.8949102320464094e-05,0.00010001000100010001,4.626571417273532e-05
2650,0.00020002000200020003,0.00010001000100010001,1.0569628602824283e-05,0.0002526568446318316,0.00017622870556738081
2651,0.00010001000100010001,0.00010001000100010001,3.907031406281256e-07,0.00016001600160016002,9.274728291058062e-05
2652,0.00010001000100010001,0.00010001000100010001,0.0,0.00010001000100010001,4.626571417273532e-05
2653,0.00010001000100010001,0.00010001000100010001,0.0,0.00010001000100010001,4.626571417273532e-05
2654,0.00010001000100010001,0.00010001000100010001,0.0,0.00020002000200020003,0.00013434736655975395
2655,0.00010001000100010001,0.00010001000100010001,0.0,0.00010001000100010001,4.626571417273532e-05
2656,0.00020002000200020003,0.00010001000100010001,0.0,0.0002272954568184091,0.00011400450293589145
2657,0.00010001000100010001,0.00010001000100010001,1.953515703140628e-06,0.000175017501750175,0.00012129277631170992
2658,0.00010001000100010001,0.00010001000100010001,0.0,0.00010001000100010001,4.626571417273532e-05
2659,0.00010001000100010001,0.00010001000100010001,0.0,0.00010001000100010001,4.626571417273532e-05
2660,0.00010001000100010001,0.00010001000100010001,0.0,0.00016001600160016002,9.274728291058062e-05
2661,0.00010001000100010001,0.00010001000100010001,0.0,0.00010001000100010001,4.626571417273532e-05
2662,0.00020002000200020003,0.00010001000100010001,0.0,0.0003169331017608803,0.0002121153902007171
2663,0.00010001000100010001,0.00010001000100010001,0.0,0.00023652000236520001,0.00018258069481573859
2664,0.00010001000100010001,0.00010001000100010001,0.0,0.00010001000100010001,4.626571417273532e-05
2665,0.00010001000100010001,0.00010001000100010001,0.0,0.00010001000100010001,4.626571417273532e-05
2666,0.00010001000100010001,0.00010001000100010001,0.00015725801410282057,0.0004477618179824413,0.0002075730358961873
2667,0.00010001000100010001,0.00010001000100010001,0.0,0.00010001000100010001,4.626571417273532e-05
2668,0.00020002000200020003,0.00010001000100010001,0.0,0.00024547909336388184,0.0001556045865850648
2669,0.00010001000100010001,0.00010001000100010001,0.0,0.00016001600160016002,9.274728291058062e-05
2670,0.00010001000100010001,0.00010001000100010001,0.0,0.00010001000100010001,4.626571417273532e-05
2671,0.00010001000100010001,0.00010001000100010001,0.0,0.00010001000100010001,4.626571417273532e-05
2672,0.00010001000100010001,0.00010001000100010001,6.94855213704189e-05,0.00034636737376778824,0.00025559274479734805
2673,0.00010001000100010001,0.00010001000100010001,0.0,0.00010001000100010001,4.626571417273532e-05
2674,0.00020002000200020003,0.00010001000100010001,0.0,0.0002272954568184091,0.00011400450293589145
2675,0.00010001000100010001,0.00010001000100010001,0.0,0.00018001800180018,0.00013389974505794585
2676,0.00010001000100010001,0.00010001000100010001,0.0,0.00010001000100010001,4.626571417273532e-05
2677,0.00010001000100010001,0.00010001000100010001,0.0,0.00010001000100010001,4.626571417273532e-05
2678,0.00010001000100010001,0.00010001000100010001,0.0,0.00016001600160016002,9.274728291058062e-05
2679,0.00010001000100010001,0.00010001000100010001,0.0,0.00010001000100010001,4.626571417273532e-05
2680,0.00020002000200020003,0.00010001000100010001,1.386996149229846e-05,0.0004306078448376399,0.00031126055765219986
2681,0.00010001000100010001,0.00010001000100010001,0.0,0.00020002000200020003,0.00013434736655975395
2682,0.00010001000100010001,0.00010001000100010001,0.0,0.00010001000100010001,4.626571417273532e-05
2683,0.00010001000100010001,0.00010001000100010001,0.0,0.00010001000100010001,4.626571417273532e-05
2684,0.00010001000100010001,0.00010001000100010001,1.953515703140628e-06,0.000175017501750175,0.00012129277631170992
2685,0.00010001000100010001,0.00010001000100010001,0.0,0.00010001000100010001,4.626571417273532e-05
2686,0.00020002000200020003,0.00010001000100010001,1.3674609921984397e-06,0.00028127812781278123,0.0001982676157678285
2687,0.00010001000100010001,0.00010001000100010001,0.0,0.00016001600160016002,9.274728291058062e-05
2688,0.00010001000100010001,0.00010001000100010001,0.0,0.00010001000100010001,4.626571417273532e-05
2689,0.00010001000100010001,0.00010001000100010001,0.0,0.00010001000100010001,4.626571417273532e-05
2690,0.00010001000100010001,0.00010001000100010001,2.2465430586117223e-05,0.00021609303787521609,0.00015497148554207
2691,0.00010001000100010001,0.00010001000100010001,0.0,0.00010001000100010001,4.626571417273532e-05
2692,0.00020002000200020003,0.00010001000100010001,0.0,0.0002272954568184091,0.00011400450293589145
2693,0.00010001000100010001,0.00010001000100010001,2.5786407281456292e-05,0.000280647445363917,0.00019279216722990167
2694,0.00010001000100010001,0.00010001000100010001,0.0,0.00010001000100010001,4.626571417273532e-05
2695,0.00010001000100010001,0.00010001000100010001,0.0,0.00010001000100010001,4.626571417273532e-05
2696,0.00010001000100010001,0.00010001000100010001,0.0,0.00016001600160016002,9.274728291058062e-05
2697,0.00010001000100010001,0.00010001000100010001,0.0,0.00010001000100010001,4.626571417273532e-05
2698,0.00020002000200020003,0.00010001000100010001,4.5018788493510835e-05,0.0003940934634003941,0.000283101820812263
2699,0.00010001000100010001,0.00010001000100010001,3.907031406281256e-07,0.00029229442281244696,0.0002137281399353417
2700,0.00010001000100010001,0.00010001000100010001,0.0,0.00010001000100010001,4.626571417273532e-05
2701,0.00010001000100010001,0.00010001000100010001,0.0,0.00010001000100010001,4.626571417273532e-05
2702,0.00010001000100010001,0.00010001000100010001,2.930273554710942e-06,0.00018001800180018,0.00013389974505794585
2703,0.00010001000100010001,0.00010001000100010001,0.0,0.00010001000100010001,4.626571417273532e-05
2704,0.00020002000200020003,0.00010001000100010001,2.070726645329066e-05,0.000275027502750275,0.00021361669637869865
2705,0.00010001000100010001,0.00010001000100010001,0.0,0.00016001600160016002,9.274728291058062e-05
2706,0.00010001000100010001,0.00010001000100010001,0.0,0.00010001000100010001,4.626571417273532e-05
2707,0.00010001000100010001,0.00010001000100010001,0.0,0.00010001000100010001,4.626571417273532e-05
2708,0.00010001000100010001,0.00010001000100010001,3.1121684219427056e-05,0.00020002000200020003,0.00013434736655975395
2709,0.00010001000100010001,0.00010001000100010001,0.0,0.00010001000100010001,4.626571417273532e-05
2710,0.00020002000200020003,0.00010001000100010001,0.0,0.0002272954568184091,0.00011400450293589145
2711,0.00010001000100010001,0.00010001000100010001,0.0,0.000175017501750175,0.00012129277631170992
2712,0.00010001000100010001,0.00010001000100010001,0.0,0.00010001000100010001,4.626571417273532e-05
2713,0.00010001000100010001,0.00010001000100010001,0.0,0.00010001000100010001,4.626571417273532e-05
2714,0.00010001000100010001,0.00010001000100010001,0.0,0.00016001600160016002,9.274728291058062e-05
2715,0.00010001000100010001,0.00010001000100010001,0.0,0.00010001000100010001,4.626571417273532e-05
2716,0.00020002000200020003,0.00010001000100010001,1.2893203640728146e-05,0.0003169331017608803,0.0002121153902007171
2717,0.00010001000100010001,0.00010001000100010001,0.0,0.00022024674377550113,0.00016763727261208486
2718,0.00010001000100010001,0.00010001000100010001,0.0,0.00010001000100010001,4.626571417273532e-05
2719,0.00010001000100010001,0.00010001000100010001,0.0,0.00010001000100010001,4.626571417273532e-05
2720,0.00010001000100010001,0.00010001000100010001,0.0,0.00019232692500019234,0.00014191689529402594
2721,0.00010001000100010001,0.00010001000100010001,0.0,0.00010001000100010001,4.626571417273532e-05
2722,0.00020002000200020003,0.00010001000100010001,0.0,0.00024547909336388184,0.0001556045865850648
2723,0.00010001000100010001,0.00010001000100010001,0.0,0.00016001600160016002,9.274728291058062e-05
2724,0.00010001000100010001,0.00010001000100010001,0.0,0.00010001000100010001,4.626571417273532e-05
2725,0.00010001000100010001,0.00010001000100010001,0.0,0.00010001000100010001,4.626571417273532e-05
2726,0.00010001000100010001,0.00010001000100010001,0.0,0.00024812607843062787,0.00017701039574251768
2727,0.00010001000100010001,0.00010001000100010001,0.0,0.00010001000100010001,4.626571417273532e-05
2728,0.00020002000200020003,0.00010001000100010001,0.0,0.0002272954568184091,0.00011400450293589145
2729,0.00010001000100010001,0.00010001000100010001,0.0,0.00019001900190019003,0.00016026117760760443
2730,0.00010001000100010001,0.00010001000100010001,0.0,0.00010001000100010001,4.626571417273532e-05
2731,0.00010001000100010001,0.00010001000100010001,0.0,0.00010001000100010001,4.626571417273532e-05
2732,0.00010001000100010001,0.00010001000100010001,0.0,0.00016001600160016002,9.274728291058062e-05
2733,0.00010001000100010001,0.00010001000100010001,0.0,0.00010001000100010001,4.626571417273532e-05
2734,0.00020002000200020003,0.00010001000100010001,0.0007735922184436887,0.0023679442146035032,0.000490197389881956
2735,0.00010001000100010001,0.00010001000100010001,0.0,0.00020002000200020003,0.00013434736655975395
2736,0.00010001000100010001,0.00010001000100010001,0.0,0.00010001000100010001,4.626571417273532e-05
2737,0.00010001000100010001,0.00010001000100010001,0.0,0.00010001000100010001,4.626571417273532e-05
2738,0.00010001000100010001,0.00010001000100010001,7.814062812562513e-06,0.000175017501750175,0.00012129277631170992
2739,0.00010001000100010001,0.00010001000100010001,0.0,0.00010001000100010001,4.626571417273532e-05
2740,0.00020002000200020003,0.00010001000100010001,2.500500100020004e-05,0.0003184528979213711,0.0002491380478688452
2741,0.00010001000100010001,0.00010001000100010001,0.0,0.00016001600160016002,9.274728291058062e-05
2742,0.00010001000100010001,0.00010001000100010001,0.0,0.00010001000100010001,4.626571417273532e-05
2743,0.00010001000100010001,0.00010001000100010001,0.0,0.00010001000100010001,4.626571417273532e-05
2744,0.00010001000100010001,0.00010001000100010001,2.500500100020004e-05,0.00022961479821451532,0.00017342966365765271
2745,0.00010001000100010001,0.00010001000100010001,0.0,0.00010001000100010001,4.626571417273532e-05
2746,0.00020002000200020003,0.00010001000100010001,0.0,0.0002272954568184091,0.00011400450293589145
2747,0.00010001000100010001,0.00010001000100010001,3.907031406281256e-07,0.00019884341375314005,0.00015458268236404085
2748,0.00010001000100010001,0.00010001000100010001,0.0,0.00010001000100010001,4.626571417273532e-05
2749,0.00010001000100010001,0.00010001000100010001,0.0,0.00010001000100010001,4.626571417273532e-05
2750,0.00010001000100010001,0.00010001000100010001,0.0,0.00016001600160016002,9.274728291058062e-05
2751,0.00010001000100010001,0.00010001000100010001,0.0,0.00010001000100010001,4.626571417273532e-05
2752,0.00020002000200020003,0.00010001000100010001,3.418652480496099e-05,0.0006575211002938545,0.0004263028690050643
2753,0.00010001000100010001,0.00010001000100010001,5.001000200040008e-05,0.00030930928144360824,0.0002302229557856654
2754,0.00010001000100010001,0.00010001000100010001,0.0,0.00010001000100010001,4.626571417273532e-05
2755,0.00010001000100010001,0.00010001000100010001,0.0,0.00010001000100010001,4.626571417273532e-05
2756,0.00010001000100010001,0.00010001000100010001,0.0,0.00018001800180018,0.00013389974505794585
2757,0.00010001000100010001,0.00010001000100010001,0.0,0.00010001000100010001,4.626571417273532e-05
2758,0.00020002000200020003,0.00010001000100010001,2.500500100020004e-05,0.00027431314560027434,0.00022042000808043875
2759,0.00010001000100010001,0.00010001000100010001,0.0,0.00016001600160016002,9.274728291058062e-05
2760,0.00010001000100010001,0.00010001000100010001,2.500500100020004e-05,0.00010001000100010001,4.626571417273532e-05
2761,0.00010001000100010001,0.00010001000100010001,0.0,0.00010001000100010001,4.626571417273532e-05
2762,0.00010001000100010001,0.00010001000100010001,5.001000200040008e-05,0.00020002000200020003,0.00013434736655975395
2763,0.00010001000100010001,0.00010001000100010001,0.0,0.00010001000100010001,4.626571417273532e-05
2764,0.00020002000200020003,0.00010001000100010001,0.0,0.0002272954568184091,0.00011400450293589145
2765,0.00010001000100010001,0.00010001000100010001,0.0,0.000175017501750175,0.00012129277631170992
2766,0.00010001000100010001,0.00010001000100010001,0.0,0.00010001000100010001,4.626571417273532e-05
2767,0.00010001000100010001,0.00010001000100010001,0.0,0.00010001000100010001,4.626571417273532e-05
2768,0.00010001000100010001,0.00010001000100010001,0.0,0.00016001600160016002,9.274728291058062e-05
2769,0.00010001000100010001,0.00010001000100010001,0.0,0.00010001000100010001,4.626571417273532e-05
2770,0.00020002000200020003,0.00010001000100010001,0.0,0.00031156961850031155,0.000224781177270732
2771,0.00010001000100010001,0.00010001000100010001,0.0,0.00021609303787521609,0.00015497148554207
2772,0.00010001000100010001,0.00010001000100010001,0.0,0.00010001000100010001,4.626571417273532e-05
2773,0.00010001000100010001,0.00010001000100010001,6.837304960992198e-06,0.00010001000100010001,4.626571417273532e-05
2774,0.00010001000100010001,0.00010001000100010001,2.5786407281456292e-05,0.00020853149144701703,0.0001603750734096087
2775,0.00010001000100010001,0.00010001000100010001,0.0,0.00010001000100010001,4.626571417273532e-05
2776,0.00020002000200020003,0.00010001000100010001,5.001000200040008e-05,0.00024547909336388184,0.0001556045865850648
2777,0.00010001000100010001,0.00010001000100010001,0.0,0.00016001600160016002,9.274728291058062e-05
2778,0.00010001000100010001,0.00010001000100010001,0.0,0.00010001000100010001,4.626571417273532e-05
2779,0.00010001000100010001,0.00010001000100010001,0.0,0.00010001000100010001,4.626571417273532e-05
2780,0.00010001000100010001,0.00010001000100010001,0.00015003000600120024,0.0004533786712004534,0.00028384344027996254
2781,0.00010001000100010001,0.00010001000100010001,0.0,0.00010001000100010001,4.626571417273532e-05
2782,0.00020002000200020003,0.00010001000100010001,0.0,0.0002272954568184091,0.00011400450293589145
2783,0.00010001000100010001,0.00010001000100010001,3.907031406281256e-07,0.00018001800180018,0.00013389974505794585
2784,0.00010001000100010001,0.00010001000100010001,0.0,0.00010001000100010001,4.626571417273532e-05
2785,0.00010001000100010001,0.00010001000100010001,0.0,0.00010001000100010001,4.626571417273532e-05
2786,0.00010001000100010001,0.00010001000100010001,0.0,0.00016001600160016002,9.274728291058062e-05
2787,0.00010001000100010001,0.00010001000100010001,0.0,0.00010001000100010001,4.626571417273532e-05
2788,0.00020002000200020003,0.00010001000100010001,0.0,0.0003980093440816163,0.00028461238784766154
2789,0.00010001000100010001,0.00010001000100010001,2.500500100020004e-05,0.00020002000200020003,0.00013434736655975395
2790,0.00010001000100010001,0.00010001000100010001,2.500500100020004e-05,0.00010001000100010001,4.626571417273532e-05
2791,0.00010001000100010001,0.00010001000100010001,0.0,0.00010001000100010001,4.626571417273532e-05
2792,0.00010001000100010001,0.00010001000100010001,0.0,0.000175017501750175,0.00012129277631170992
2793,0.00010001000100010001,0.00010001000100010001,0.0,0.00010001000100010001,4.626571417273532e-05
2794,0.00020002000200020003,0.00010001000100010001,1.3674609921984396e-05,0.0004352311039642127,0.00030101430556678694
2795,0.00010001000100010001,0.00010001000100010001,0.0,0.00016001600160016002,9.274728291058062e-05
2796,0.00010001000100010001,0.00010001000100010001,0.0,0.00010001000100010001,4.626571417273532e-05
2797,0.00010001000100010001,0.00010001000100010001,0.0,0.00010001000100010001,4.626571417273532e-05
2798,0.00010001000100010001,0.00010001000100010001,1.2893203640728146e-05,0.0002194249275673836,0.0001813329180917285
2799,0.00010001000100010001,0.00010001000100010001,0.0,0.00010001000100010001,4.626571417273532e-05
2800,0.00020002000200020003,0.00010001000100010001,1.6409531906381277e-05,0.0002272954568184091,0.00011400450293589145
2801,0.00010001000100010001,0.00010001000100010001,6.837304960992198e-06,0.00019232692500019234,0.00014191689529402594
2802,0.00010001000100010001,0.00010001000100010001,0.0,0.00010001000100010001,4.626571417273532e-05
2803,0.00010001000100010001,0.00010001000100010001,0.0,0.00010001000100010001,4.626571417273532e-05
2804,0.00010001000100010001,0.00010001000100010001,1.6441644493282216e-05,0.00016001600160016002,9.274728291058062e-05
2805,0.00010001000100010001,0.00010001000100010001,0.0,0.00010001000100010001,4.626571417273532e-05
2806,0.00020002000200020003,0.00010001000100010001,0.00015003000600120024,0.0006387754970560272,0.0004088573639074458
2807,0.00010001000100010001,0.00010001000100010001,0.0,0.00024812607843062787,0.00017701039574251768
2808,0.00010001000100010001,0.00010001000100010001,0.0,0.00010001000100010001,4.626571417273532e-05
2809,0.00010001000100010001,0.00010001000100010001,0.0,0.00010001000100010001,4.626571417273532e-05
2810,0.00010001000100010001,0.00010001000100010001,0.0,0.0001923269250001923,0.00015571656328604666
2811,0.00010001000100010001,0.00010001000100010001,0.0,0.00010001000100010001,4.626571417273532e-05
2812,0.00020002000200020003,0.00010001000100010001,0.0,0.0002526568446318316,0.00017622870556738081
2813,0.00010001000100010001,0.00010001000100010001,0.0,0.00016001600160016002,9.274728291058062e-05
2814,0.00010001000100010001,0.00010001000100010001,0.0,0.00010001000100010001,4.626571417273532e-05
2815,0.00010001000100010001,0.00010001000100010001,0.0,0.00010001000100010001,4.626571417273532e-05
2816,0.00010001000100010001,0.00010001000100010001,4.2977345469093815e-06,0.00019601960196019604,0.0001263302163236739
2817,0.00010001000100010001,0.00010001000100010001,0.0,0.00010001000100010001,4.626571417273532e-05
2818,0.00020002000200020003,0.00010001000100010001,0.0,0.0002272954568184091,0.00011400450293589145
2819,0.00010001000100010001,0.00010001000100010001,3.907031406281256e-07,0.00017144571600017145,0.00011327562607562986
2820,0.00010001000100010001,0.00010001000100010001,0.0,0.00010001000100010001,4.626571417273532e-05
2821,0.00010001000100010001,0.00010001000100010001,0.0,0.00010001000100010001,4.626571417273532e-05
2822,0.00010001000100010001,0.00010001000100010001,0.0,0.00016001600160016002,9.274728291058062e-05
2823,0.00010001000100010001,0.00010001000100010001,0.0,0.00010001000100010001,4.626571417273532e-05
2824,0.00020002000200020003,0.00010001000100010001,2.500500100020004e-05,0.00030253025302530255,0.00018347412098232107
2825,0.00010001000100010001,0.00010001000100010001,2.7349219843968794e-06,0.0002744176856710061,0.00020365784860691102
2826,0.00010001000100010001,0.00010001000100010001,0.0,0.00010001000100010001,4.626571417273532e-05
2827,0.00010001000100010001,0.00010001000100010001,0.0,0.00010001000100010001,4.626571417273532e-05
2828,0.00010001000100010001,0.00010001000100010001,0.0,0.0001866853352001867,0.0001521593111351872
2829,0.00010001000100010001,0.00010001000100010001,0.0,0.00010001000100010001,4.626571417273532e-05
2830,0.00020002000200020003,0.00010001000100010001,1.3674609921984396e-05,0.0002461784640002462,0.00014758743634898474
2831,0.00010001000100010001,0.00010001000100010001,0.0,0.00016001600160016002,9.274728291058062e-05
2832,0.00010001000100010001,0.00010001000100010001,6.837304960992198e-06,0.00010001000100010001,4.626571417273532e-05
2833,0.00010001000100010001,0.00010001000100010001,0.0,0.00010001000100010001,4.626571417273532e-05
2834,0.00010001000100010001,0.00010001000100010001,3.086554810962192e-05,0.0003414306517933589,0.000238697521661661
2835,0.00010001000100010001,0.00010001000100010001,0.0,0.00010001000100010001,4.626571417273532e-05
2836,0.00020002000200020003,0.00010001000100010001,0.0,0.0002272954568184091,0.00011400450293589145
2837,0.00010001000100010001,0.00010001000100010001,0.0,0.00017144571600017145,0.00011327562607562986
2838,0.00010001000100010001,0.00010001000100010001,0.0,0.00010001000100010001,4.626571417273532e-05
2839,0.00010001000100010001,0.00010001000100010001,0.0,0.00010001000100010001,4.626571417273532e-05
2840,0.00010001000100010001,0.00010001000100010001,0.0,0.00016001600160016002,9.274728291058062e-05
2841,0.00010001000100010001,0.00010001000100010001,0.0,0.00010001000100010001,4.626571417273532e-05
2842,0.00020002000200020003,0.00010001000100010001,2.7349219843968793e-05,0.0003681119285637484,0.0002715422912124826
2843,0.00010001000100010001,0.00010001000100010001,0.0,0.00019601960196019604,0.0001263302163236739
2844,0.00010001000100010001,0.00010001000100010001,0.0,0.00010001000100010001,4.626571417273532e-05
2845,0.00010001000100010001,0.00010001000100010001,0.0,0.00010001000100010001,4.626571417273532e-05
2846,0.00010001000100010001,0.00010001000100010001,0.0,0.00017144571600017145,0.00011327562607562986
2847,0.00010001000100010001,0.00010001000100010001,0.0,0.00010001000100010001,4.626571417273532e-05
2848,0.00020002000200020003,0.00010001000100010001,0.0,0.00025716857400025716,0.00017764349678551255
2849,0.00010001000100010001,0.00010001000100010001,0.0,0.00016001600160016002,9.274728291058062e-05
2850,0.00010001000100010001,0.00010001000100010001,0.0,0.00010001000100010001,4.626571417273532e-05
2851,0.00010001000100010001,0.00010001000100010001,0.0,0.00010001000100010001,4.626571417273532e-05
2852,0.00010001000100010001,0.00010001000100010001,5.274492398479696e-06,0.00020410204285734696,0.00014695433530598987
2853,0.00010001000100010001,0.00010001000100010001,0.0,0.00010001000100010001,4.626571417273532e-05
2854,0.00020002000200020003,0.00010001000100010001,0.0,0.0002272954568184091,0.00011400450293589145
2855,0.00010001000100010001,0.00010001000100010001,1.1721094218843769e-06,0.0003139779853356255,0.00020591643140763
2856,0.00010001000100010001,0.00010001000100010001,0.0,0.00010001000100010001,4.626571417273532e-05
2857,0.00010001000100010001,0.00010001000100010001,0.0,0.00010001000100010001,4.626571417273532e-05
2858,0.00010001000100010001,0.00010001000100010001,0.0,0.00016001600160016002,9.274728291058062e-05
2859,0.00010001000100010001,0.00010001000100010001,0.0,0.00010001000100010001,4.626571417273532e-05
2860,0.00020002000200020003,0.00010001000100010001,1.582347719543909e-05,0.00036230038098149437,0.00026351026818924355
2861,0.00010001000100010001,0.00010001000100010001,1.0548984796959391e-05,0.0002518215893445632,0.00019987978168424286
2862,0.00010001000100010001,0.00010001000100010001,5.274492398479696e-06,0.00010001000100010001,4.626571417273532e-05
2863,0.00010001000100010001,0.00010001000100010001,0.0,0.00010001000100010001,4.626571417273532e-05
2864,0.00010001000100010001,0.00010001000100010001,0.0,0.00017144571600017145,0.00011327562607562986
2865,0.00010001000100010001,0.00010001000100010001,0.0,0.00010001000100010001,4.626571417273532e-05
2866,0.00020002000200020003,0.00010001000100010001,0.0,0.00024458967635894023,0.00018666973344688348
2867,0.00010001000100010001,0.00010001000100010001,0.0,0.00016001600160016002,9.274728291058062e-05
2868,0.00010001000100010001,0.00010001000100010001,0.0,0.00010001000100010001,4.626571417273532e-05
2869,0.00010001000100010001,0.00010001000100010001,0.0,0.00010001000100010001,4.626571417273532e-05
2870,0.00010001000100010001,0.00010001000100010001,1.953515703140628e-06,0.00019601960196019604,0.0001263302163236739
2871,0.00010001000100010001,0.00010001000100010001,0.0,0.00010001000100010001,4.626571417273532e-05
2872,0.00020002000200020003,0.00010001000100010001,0.0,0.0002272954568184091,0.00011400450293589145
2873,0.00010001000100010001,0.00010001000100010001,0.0,0.00017144571600017145,0.00011327562607562986
2874,0.00010001000100010001,0.00010001000100010001,0.0,0.00010001000100010001,4.626571417273532e-05
2875,0.00010001000100010001,0.00010001000100010001,0.0,0.00010001000100010001,4.626571417273532e-05
2876,0.00010001000100010001,0.00010001000100010001,1.035363322664533e-05,0.00016001600160016002,9.274728291058062e-05
2877,0.00010001000100010001,0.00010001000100010001,0.0,0.00010001000100010001,4.626571417273532e-05
2878,0.00020002000200020003,0.00010001000100010001,0.0,0.00030253025302530255,0.00018347412098232107
2879,0.00010001000100010001,0.00010001000100010001,0.0,0.00021159140707459177,0.00016877115353409067
2880,0.00010001000100010001,0.00010001000100010001,0.0,0.00010001000100010001,4.626571417273532e-05
2881,0.00010001000100010001,0.00010001000100010001,0.0,0.00010001000100010001,4.626571417273532e-05
2882,0.00010001000100010001,0.00010001000100010001,0.0,0.00018001800180018,0.00013389974505794585
2883,0.00010001000100010001,0.00010001000100010001,0.0,0.00010001000100010001,4.626571417273532e-05
2884,0.00020002000200020003,0.00010001000100010001,9.376875375075015e-06,0.0002461784640002462,0.00014758743634898474
2885,0.00010001000100010001,0.00010001000100010001,0.0,0.00016001600160016002,9.274728291058062e-05
2886,0.00010001000100010001,0.00010001000100010001,0.0,0.00010001000100010001,4.626571417273532e-05
2887,0.00010001000100010001,0.00010001000100010001,0.0,0.00010001000100010001,4.626571417273532e-05
2888,0.00010001000100010001,0.00010001000100010001,0.0,0.00022002200220022002,0.00015638627676020173
2889,0.00010001000100010001,0.00010001000100010001,0.0,0.00010001000100010001,4.626571417273532e-05
2890,0.00020002000200020003,0.00010001000100010001,0.0,0.0002272954568184091,0.00011400450293589145
2891,0.00010001000100010001,0.00010001000100010001,0.0,0.00017144571600017145,0.00011327562607562986
2892,0.00010001000100010001,0.00010001000100010001,0.0,0.00010001000100010001,4.626571417273532e-05
2893,0.00010001000100010001,0.00010001000100010001,0.0,0.00010001000100010001,4.626571417273532e-05
2894,0.00010001000100010001,0.00010001000100010001,0.0,0.00016001600160016002,9.274728291058062e-05
2895,0.00010001000100010001,0.00010001000100010001,0.0,0.00010001000100010001,4.626571417273532e-05
2896,0.00020002000200020003,0.00010001000100010001,8.595469093818763e-06,0.0005165204947794482,0.00035269130986000503
2897,0.00010001000100010001,0.00010001000100010001,0.0,0.00019601960196019604,0.0001263302163236739
2898,0.00010001000100010001,0.00010001000100010001,0.0,0.00010001000100010001,4.626571417273532e-05
2899,0.00010001000100010001,0.00010001000100010001,3.907031406281256e-07,0.00010001000100010001,4.626571417273532e-05
2900,0.00010001000100010001,0.00010001000100010001,4.2977345469093815e-06,0.00017144571600017145,0.00011327562607562986
2901,0.00010001000100010001,0.00010001000100010001,0.0,0.00010001000100010001,4.626571417273532e-05
2902,0.00020002000200020003,0.00010001000100010001,2.7544571414282857e-05,0.0002984770526742115,0.0002313233457582032
2903,0.00010001000100010001,0.00010001000100010001,0.0,0.00016001600160016002,9.274728291058062e-05
2904,0.00010001000100010001,0.00010001000100010001,0.0,0.00010001000100010001,4.626571417273532e-05
2905,0.00010001000100010001,0.00010001000100010001,0.0,0.00010001000100010001,4.626571417273532e-05
2906,0.00010001000100010001,0.00010001000100010001,9.376875375075015e-06,0.00030925680054749905,0.00020656118277544128
2907,0.00010001000100010001,0.00010001000100010001,0.0,0.00010001000100010001,4.626571417273532e-05
2908,0.00020002000200020003,0.00010001000100010001,0.0,0.0002272954568184091,0.00011400450293589145
2909,0.00010001000100010001,0.00010001000100010001,9.376875375075015e-06,0.00019803960594079212,0.00016381842975846385
2910,0.00010001000100010001,0.00010001000100010001,0.0,0.00010001000100010001,4.626571417273532e-05
2911,0.00010001000100010001,0.00010001000100010001,0.0,0.00010001000100010001,4.626571417273532e-05
2912,0.00010001000100010001,0.00010001000100010001,1.8949102320464094e-05,0.00016001600160016002,9.274728291058062e-05
2913,0.00010001000100010001,0.00010001000100010001,0.0,0.00010001000100010001,4.626571417273532e-05
2914,0.00020002000200020003,0.00010001000100010001,7.521035457091418e-05,0.0007951417225703909,0.0004439927222238393
2915,0.00010001000100010001,0.00010001000100010001,7.814062812562513e-07,0.00037406338036401047,0.00025462231583560233
2916,0.00010001000100010001,0.00010001000100010001,0.0,0.00010001000100010001,4.626571417273532e-05
2917,0.00010001000100010001,0.00010001000100010001,0.0,0.00010001000100010001,4.626571417273532e-05
2918,0.00010001000100010001,0.00010001000100010001,0.0,0.00017144571600017145,0.00011327562607562986
2919,0.00010001000100010001,0.00010001000100010001,0.0,0.00010001000100010001,4.626571417273532e-05
2920,0.00020002000200020003,0.00010001000100010001,0.0,0.00023275054778205094,0.00018647112140854206
2921,0.00010001000100010001,0.00010001000100010001,0.0,0.00016001600160016002,9.274728291058062e-05
2922,0.00010001000100010001,0.00010001000100010001,0.0,0.00010001000100010001,4.626571417273532e-05
2923,0.00010001000100010001,0.00010001000100010001,0.0,0.00010001000100010001,4.626571417273532e-05
2924,0.00010001000100010001,0.00010001000100010001,0.0,0.00019601960196019604,0.0001263302163236739
2925,0.00010001000100010001,0.00010001000100010001,0.0,0.00010001000100010001,4.626571417273532e-05
2926,0.00020002000200020003,0.00010001000100010001,2.7544571414282857e-05,0.0002272954568184091,0.00011400450293589145
2927,0.00010001000100010001,0.00010001000100010001,0.0,0.00017144571600017145,0.00011327562607562986
2928,0.00010001000100010001,0.00010001000100010001,0.0,0.00010001000100010001,4.626571417273532e-05
2929,0.00010001000100010001,0.00010001000100010001,0.0,0.00010001000100010001,4.626571417273532e-05
2930,0.00010001000100010001,0.00010001000100010001,0.0,0.00016001600160016002,9.274728291058062e-05
2931,0.00010001000100010001,0.00010001000100010001,3.907031406281256e-07,0.00010001000100010001,4.626571417273532e-05
2932,0.00020002000200020003,0.00010001000100010001,0.0,0.00030253025302530255,0.00018347412098232107
2933,0.00010001000100010001,0.00010001000100010001,0.0,0.00020410204285734696,0.00014695433530598987
2934,0.00010001000100010001,0.00010001000100010001,0.0,0.00010001000100010001,4.626571417273532e-05
2935,0.00010001000100010001,0.00010001000100010001,0.0,0.00010001000100010001,4.626571417273532e-05
2936,0.00010001000100010001,0.00010001000100010001,0.0,0.00020319492266686985,0.00016150895433161448
2937,0.00010001000100010001,0.00010001000100010001,0.0,0.00010001000100010001,4.626571417273532e-05
2938,0.00020002000200020003,0.00010001000100010001,9.376875375075015e-06,0.0002461784640002462,0.00014758743634898474
2939,0.00010001000100010001,0.00010001000100010001,0.0,0.00016001600160016002,9.274728291058062e-05
2940,0.00010001000100010001,0.00010001000100010001,0.0,0.00010001000100010001,4.626571417273532e-05
2941,0.00010001000100010001,0.00010001000100010001,0.0,0.00010001000100010001,4.626571417273532e-05
2942,0.00010001000100010001,0.00010001000100010001,0.0,0.0002319819610827062,0.00017484445487578445
2943,0.00010001000100010001,0.00010001000100010001,0.0,0.00010001000100010001,4.626571417273532e-05
2944,0.00020002000200020003,0.00010001000100010001,4.2977345469093815e-06,0.0002272954568184091,0.00011400450293589145
2945,0.00010001000100010001,0.00010001000100010001,1.543277405481096e-05,0.00017144571600017145,0.00011327562607562986
2946,0.00010001000100010001,0.00010001000100010001,0.0,0.00010001000100010001,4.626571417273532e-05
2947,0.00010001000100010001,0.00010001000100010001,0.0,0.00010001000100010001,4.626571417273532e-05
2948,0.00010001000100010001,0.00010001000100010001,2.7544571414282857e-05,0.00016001600160016002,9.274728291058062e-05
2949,0.00010001000100010001,0.00010001000100010001,0.0,0.00010001000100010001,4.626571417273532e-05
2950,0.00020002000200020003,0.00010001000100010001,2.7544571414282857e-05,0.0003435408475912526,0.0002524138664784061
2951,0.00010001000100010001,0.00010001000100010001,0.0,0.00019601960196019604,0.0001263302163236739
2952,0.00010001000100010001,0.00010001000100010001,0.0,0.00010001000100010001,4.626571417273532e-05
2953,0.00010001000100010001,0.00010001000100010001,0.0,0.00010001000100010001,4.626571417273532e-05
2954,0.00010001000100010001,0.00010001000100010001,0.0,0.00017144571600017145,0.00011327562607562986
2955,0.00010001000100010001,0.00010001000100010001,0.0,0.00010001000100010001,4.626571417273532e-05
2956,0.00020002000200020003,0.00010001000100010001,0.0,0.00033798759413895184,0.00024928276053555877
2957,0.00010001000100010001,0.00010001000100010001,0.0,0.00016001600160016002,9.274728291058062e-05
2958,0.00010001000100010001,0.00010001000100010001,0.0,0.00010001000100010001,4.626571417273532e-05
2959,0.00010001000100010001,0.00010001000100010001,0.0,0.00010001000100010001,4.626571417273532e-05
2960,0.00010001000100010001,0.00010001000100010001,0.0,0.00020611817279288905,0.00015962012237600478
2961,0.00010001000100010001,0.00010001000100010001,0.0,0.00010001000100010001,4.626571417273532e-05
2962,0.00020002000200020003,0.00010001000100010001,6.837304960992198e-06,0.0002272954568184091,0.00011400450293589145
2963,0.00010001000100010001,0.00010001000100010001,0.0,0.00018001800180018,0.00013389974505794585
2964,0.00010001000100010001,0.00010001000100010001,0.0,0.00010001000100010001,4.626571417273532e-05
2965,0.00010001000100010001,0.00010001000100010001,0.0,0.00010001000100010001,4.626571417273532e-05
2966,0.00010001000100010001,0.00010001000100010001,2.7544571414282857e-05,0.00016001600160016002,9.274728291058062e-05
2967,0.00010001000100010001,0.00010001000100010001,0.0,0.00010001000100010001,4.626571417273532e-05
2968,0.00020002000200020003,0.00010001000100010001,3.750750150030006e-05,0.0004207653032340786,0.00033219402887709317
2969,0.00010001000100010001,0.00010001000100010001,0.0,0.00022002200220022002,0.00015638627676020173
2970,0.00010001000100010001,0.00010001000100010001,9.376875375075015e-06,0.00010001000100010001,4.626571417273532e-05
2971,0.00010001000100010001,0.00010001000100010001,0.0,0.00010001000100010001,4.626571417273532e-05
2972,0.00010001000100010001,0.00010001000100010001,0.0,0.00017144571600017145,0.00011327562607562986
2973,0.00010001000100010001,0.00010001000100010001,0.0,0.00010001000100010001,4.626571417273532e-05
2974,0.00020002000200020003,0.00010001000100010001,9.76757851570314e-07,0.00024202420242024203,0.0001682115553313007
2975,0.00010001000100010001,0.00010001000100010001,0.0,0.00016001600160016002,9.274728291058062e-05
2976,0.00010001000100010001,0.00010001000100010001,0.0,0.00010001000100010001,4.626571417273532e-05
2977,0.00010001000100010001,0.00010001000100010001,0.0,0.00010001000100010001,4.626571417273532e-05
2978,0.00010001000100010001,0.00010001000100010001,0.0,0.00019601960196019604,0.0001263302163236739
2979,0.00010001000100010001,0.00010001000100010001,0.0,0.00010001000100010001,4.626571417273532e-05
2980,0.00020002000200020003,0.00010001000100010001,1.7972344468893778e-05,0.0002272954568184091,0.00011400450293589145
2981,0.00010001000100010001,0.00010001000100010001,1.7972344468893778e-05,0.00017144571600017145,0.00011327562607562986
2982,0.00010001000100010001,0.00010001000100010001,0.0,0.00010001000100010001,4.626571417273532e-05
2983,0.00010001000100010001,0.00010001000100010001,0.0,0.00010001000100010001,4.626571417273532e-05
2984,0.00010001000100010001,0.00010001000100010001,4.2977345469093815e-06,0.00016001600160016002,9.274728291058062e-05
2985,0.00010001000100010001,0.00010001000100010001,0.0,0.00010001000100010001,4.626571417273532e-05
2986,0.00020002000200020003,0.00010001000100010001,4.2977345469093815e-06,0.00030253025302530255,0.00018347412098232107
2987,0.00010001000100010001,0.00010001000100010001,0.0,0.00021540615600021542,0.00016541251342157265
2988,0.00010001000100010001,0.00010001000100010001,0.0,0.00010001000100010001,4.626571417273532e-05
2989,0.00010001000100010001,0.00010001000100010001,0.0,0.00010001000100010001,4.626571417273532e-05
2990,0.00010001000100010001,0.00010001000100010001,9.786693150763226e-07,0.00018463384800018466,0.00014656553212796076
2991,0.00010001000100010001,0.00010001000100010001,0.0,0.00010001000100010001,4.626571417273532e-05
2992,0.00020002000200020003,0.00010001000100010001,0.0,0.0002461784640002462,0.00014758743634898474
2993,0.00010001000100010001,0.00010001000100010001,9.376875375075015e-06,0.00016001600160016002,9.274728291058062e-05
2994,0.00010001000100010001,0.00010001000100010001,0.0,0.00010001000100010001,4.626571417273532e-05
2995,0.00010001000100010001,0.00010001000100010001,0.0,0.00010001000100010001,4.626571417273532e-05
2996,0.00010001000100010001,0.00010001000100010001,0.0,0.00026729945721844906,0.00019991859865369388
2997,0.00010001000100010001,0.00010001000100010001,0.0,0.00010001000100010001,4.626571417273532e-05
2998,0.00020002000200020003,0.00010001000100010001,0.0,0.0002272954568184091,0.00011400450293589145
2999,0.00010001000100010001,0.00010001000100010001,3.907031406281256e-07,0.00017144571600017145,0.00011327562607562986
3000,0.00010001000100010001,0.00010001000100010001,0.0,0.00010001000100010001,4.626571417273532e-05
3001,0.00010001000100010001,0.00010001000100010001,0.0,0.00010001000100010001,4.626571417273532e-05
3002,0.00010001000100010001,0.00010001000100010001,0.0,0.00016001600160016002,9.274728291058062e-05
3003,0.00010001000100010001,0.00010001000100010001,3.907031406281256e-07,0.00010001000100010001,4.626571417273532e-05
3004,0.00020002000200020003,0.00010001000100010001,2.930273554710942e-06,0.00035591794473565004,0.00025261247851674753
3005,0.00010001000100010001,0.00010001000100010001,0.0,0.00019601960196019604,0.0001263302163236739
3006,0.00010001000100010001,0.00010001000100010001,0.0,0.00010001000100010001,4.626571417273532e-05
3007,0.00010001000100010001,0.00010001000100010001,0.0,0.00010001000100010001,4.626571417273532e-05
3008,0.00010001000100010001,0.00010001000100010001,2.148867273454691e-05,0.00017144571600017145,0.00011327562607562986
3009,0.00010001000100010001,0.00010001000100010001,0.0,0.00010001000100010001,4.626571417273532e-05
3010,0.00020002000200020003,0.00010001000100010001,7.814062812562513e-06,0.00025716857400025716,0.00017764349678551255
3011,0.00010001000100010001,0.00010001000100010001,0.0,0.00016001600160016002,9.274728291058062e-05
3012,0.00010001000100010001,0.00010001000100010001,0.0,0.00010001000100010001,4.626571417273532e-05
3013,0.00010001000100010001,0.00010001000100010001,0.0,0.00010001000100010001,4.626571417273532e-05
3014,0.00010001000100010001,0.00010001000100010001,0.0,0.00020410204285734696,0.00014695433530598987
3015,0.00010001000100010001,0.00010001000100010001,0.0,0.00010001000100010001,4.626571417273532e-05
3016,0.00020002000200020003,0.00010001000100010001,0.0,0.0002272954568184091,0.00011400450293589145
3017,0.00010001000100010001,0.00010001000100010001,0.0,0.00019427230079329774,0.0001523579231735286
3018,0.00010001000100010001,0.00010001000100010001,0.0,0.00010001000100010001,4.626571417273532e-05
3019,0.00010001000100010001,0.00010001000100010001,0.0,0.00010001000100010001,4.626571417273532e-05
3020,0.00010001000100010001,0.00010001000100010001,1.2893203640728146e-05,0.00016001600160016002,9.274728291058062e-05
3021,0.00010001000100010001,0.00010001000100010001,0.0,0.00010001000100010001,4.626571417273532e-05
3022,0.00020002000200020003,0.00010001000100010001,9.76757851570314e-07,0.00036670333700036665,0.0002579164891820171
3023,0.00010001000100010001,0.00010001000100010001,3.907031406281256e-07,0.0002534736232243914,0.0001937742675715196
3024,0.00010001000100010001,0.00010001000100010001,0.0,0.00010001000100010001,4.626571417273532e-05
3025,0.00010001000100010001,0.00010001000100010001,0.0,0.00010001000100010001,4.626571417273532e-05
3026,0.00010001000100010001,0.00010001000100010001,0.0,0.00017144571600017145,0.00011327562607562986
3027,0.00010001000100010001,0.00010001000100010001,0.0,0.00010001000100010001,4.626571417273532e-05
3028,0.00020002000200020003,0.00010001000100010001,2.148867273454691e-05,0.00024735297957276643,0.00019582076460496935
3029,0.00010001000100010001,0.00010001000100010001,0.0,0.00016001600160016002,9.274728291058062e-05
3030,0.00010001000100010001,0.00010001000100010001,0.0,0.00010001000100010001,4.626571417273532e-05
3031,0.00010001000100010001,0.00010001000100010001,0.0,0.00010001000100010001,4.626571417273532e-05
3032,0.00010001000100010001,0.00010001000100010001,0.0,0.00019601960196019604,0.0001263302163236739
3033,0.00010001000100010001,0.00010001000100010001,0.0,0.00010001000100010001,4.626571417273532e-05
3034,0.00020002000200020003,0.00010001000100010001,1.1916445789157832e-05,0.0002272954568184091,0.00011400450293589145
3035,0.00010001000100010001,0.00010001000100010001,3.907031406281256e-07,0.00017144571600017145,0.00011327562607562986
3036,0.00010001000100010001,0.00010001000100010001,0.0,0.00010001000100010001,4.626571417273532e-05
3037,0.00010001000100010001,0.00010001000100010001,0.0,0.00010001000100010001,4.626571417273532e-05
3038,0.00010001000100010001,0.00010001000100010001,0.0,0.00016001600160016002,9.274728291058062e-05
3039,0.00010001000100010001,0.00010001000100010001,0.0,0.00010001000100010001,4.626571417273532e-05
3040,0.00020002000200020003,0.00010001000100010001,2.148867273454691e-05,0.00030253025302530255,0.00018347412098232107
3041,0.00010001000100010001,0.00010001000100010001,1.953515703140628e-06,0.00020644266261488534,0.00016521390138323123
3042,0.00010001000100010001,0.00010001000100010001,0.0,0.00010001000100010001,4.626571417273532e-05
3043,0.00010001000100010001,0.00010001000100010001,0.0,0.00010001000100010001,4.626571417273532e-05
3044,0.00010001000100010001,0.00010001000100010001,0.0,0.00018001800180018,0.00013389974505794585
3045,0.00010001000100010001,0.00010001000100010001,0.0,0.00010001000100010001,4.626571417273532e-05
3046,0.00020002000200020003,0.00010001000100010001,6.837304960992198e-06,0.0002461784640002462,0.00014758743634898474
3047,0.00010001000100010001,0.00010001000100010001,3.907031406281256e-07,0.00016001600160016002,9.274728291058062e-05
3048,0.00010001000100010001,0.00010001000100010001,0.0,0.00010001000100010001,4.626571417273532e-05
3049,0.00010001000100010001,0.00010001000100010001,9.76757851570314e-07,0.00010001000100010001,4.626571417273532e-05
3050,0.00010001000100010001,0.00010001000100010001,0.0,0.00022002200220022002,0.00015638627676020173
3051,0.00010001000100010001,0.00010001000100010001,0.0,0.00010001000100010001,4.626571417273532e-05
3052,0.00020002000200020003,0.00010001000100010001,0.0,0.0002272954568184091,0.00011400450293589145
3053,0.00010001000100010001,0.00010001000100010001,0.0,0.00017144571600017145,0.00011327562607562986
3054,0.00010001000100010001,0.00010001000100010001,0.0,0.00010001000100010001,4.626571417273532e-05
3055,0.00010001000100010001,0.00010001000100010001,0.0,0.00010001000100010001,4.626571417273532e-05
3056,0.00010001000100010001,0.00010001000100010001,0.0,0.00016001600160016002,9.274728291058062e-05
3057,0.00010001000100010001,0.00010001000100010001,2.148867273454691e-05,0.00010001000100010001,4.626571417273532e-05
3058,0.00020002000200020003,0.00010001000100010001,1.1916445789157832e-05,0.000433677001333767,0.0003109157085782851
3059,0.00010001000100010001,0.00010001000100010001,0.0,0.00019601960196019604,0.0001263302163236739
3060,0.00010001000100010001,0.00010001000100010001,0.0,0.00010001000100010001,4.626571417273532e-05
3061,0.00010001000100010001,0.00010001000100010001,0.0,0.00010001000100010001,4.626571417273532e-05
3062,0.00010001000100010001,0.00010001000100010001,0.0,0.00017144571600017145,0.00011327562607562986
3063,0.00010001000100010001,0.00010001000100010001,0.0,0.00010001000100010001,4.626571417273532e-05
3064,0.00020002000200020003,0.00010001000100010001,0.0,0.0002612506148574041,0.00019610167490109528
3065,0.00010001000100010001,0.00010001000100010001,0.0,0.00016001600160016002,9.274728291058062e-05
3066,0.00010001000100010001,0.00010001000100010001,2.930273554710942e-06,0.00010001000100010001,4.626571417273532e-05
3067,0.00010001000100010001,0.00010001000100010001,0.0,0.00010001000100010001,4.626571417273532e-05
3068,0.00010001000100010001,0.00010001000100010001,0.0,0.0002381190500002381,0.0001843423261173078
3069,0.00010001000100010001,0.00010001000100010001,0.0,0.00010001000100010001,4.626571417273532e-05
3070,0.00020002000200020003,0.00010001000100010001,0.0,0.0002272954568184091,0.00011400450293589145
3071,0.00010001000100010001,0.00010001000100010001,0.0,0.00019201920192019203,0.0001638560188025823
3072,0.00010001000100010001,0.00010001000100010001,0.0,0.00010001000100010001,4.626571417273532e-05
3073,0.00010001000100010001,0.00010001000100010001,0.0,0.00010001000100010001,4.626571417273532e-05
3074,0.00010001000100010001,0.00010001000100010001,6.016828365673135e-05,0.00016001600160016002,9.274728291058062e-05
3075,0.00010001000100010001,0.00010001000100010001,0.0,0.00010001000100010001,4.626571417273532e-05
3076,0.00020002000200020003,0.00010001000100010001,1.3674609921984396e-05,0.0004321107216206853,0.0003061498174380016
3077,0.00010001000100010001,0.00010001000100010001,0.0006837304960992199,0.002229109859782866,0.00032330506140677796
3078,0.00010001000100010001,0.00010001000100010001,0.0,0.00010001000100010001,4.626571417273532e-05
3079,0.00010001000100010001,0.00010001000100010001,3.907031406281256e-07,0.00010001000100010001,4.626571417273532e-05
3080,0.00010001000100010001,0.00010001000100010001,0.0,0.00017144571600017145,0.00011327562607562986
3081,0.00010001000100010001,0.00010001000100010001,0.0,0.00010001000100010001,4.626571417273532e-05
3082,0.00020002000200020003,0.00010001000100010001,1.3674609921984396e-05,0.00023616819513276626,0.0001808773424013156
3083,0.00010001000100010001,0.00010001000100010001,3.907031406281256e-07,0.00016001600160016002,9.274728291058062e-05
3084,0.00010001000100010001,0.00010001000100010001,0.0,0.00010001000100010001,4.626571417273532e-05
3085,0.00010001000100010001,0.00010001000100010001,0.0,0.00010001000100010001,4.626571417273532e-05
3086,0.00010001000100010001,0.00010001000100010001,0.0,0.00019601960196019604,0.0001263302163236739
3087,0.00010001000100010001,0.00010001000100010001,0.0,0.00010001000100010001,4.626571417273532e-05
3088,0.00020002000200020003,0.00010001000100010001,0.0,0.0002272954568184091,0.00011400450293589145
3089,0.00010001000100010001,0.00010001000100010001,0.0,0.00017144571600017145,0.00011327562607562986
3090,0.00010001000100010001,0.00010001000100010001,0.0,0.00010001000100010001,4.626571417273532e-05
3091,0.00010001000100010001,0.00010001000100010001,0.0,0.00010001000100010001,4.626571417273532e-05
3092,0.00010001000100010001,0.00010001000100010001,0.0,0.00016001600160016002,9.274728291058062e-05
3093,0.00010001000100010001,0.00010001000100010001,0.0,0.00010001000100010001,4.626571417273532e-05
3094,0.00020002000200020003,0.00010001000100010001,6.837304960992198e-06,0.00030253025302530255,0.00018347412098232107
3095,0.00010001000100010001,0.00010001000100010001,0.0,0.00020410204285734696,0.00014695433530598987
3096,0.00010001000100010001,0.00010001000100010001,0.0,0.00010001000100010001,4.626571417273532e-05
3097,0.00010001000100010001,0.00010001000100010001,0.0,0.00010001000100010001,4.626571417273532e-05
3098,0.00010001000100010001,0.00010001000100010001,4.8056486297259455e-05,0.0002686672175989529,0.00019489843145213524
3099,0.00010001000100010001,0.00010001000100010001,0.0,0.00010001000100010001,4.626571417273532e-05
3100,0.00020002000200020003,0.00010001000100010001,0.0,0.0002461784640002462,0.00014758743634898474
3101,0.00010001000100010001,0.00010001000100010001,0.0,0.00016001600160016002,9.274728291058062e-05
3102,0.00010001000100010001,0.00010001000100010001,0.0,0.00010001000100010001,4.626571417273532e-05
3103,0.00010001000100010001,0.00010001000100010001,0.0,0.00010001000100010001,4.626571417273532e-05
3104,0.00010001000100010001,0.00010001000100010001,2.4028243148629727e-05,0.00026535865597478766,0.00020360340172522053
3105,0.00010001000100010001,0.00010001000100010001,3.0084141828365674e-05,0.00010001000100010001,4.626571417273532e-05
3106,0.00020002000200020003,0.00010001000100010001,0.0,0.0002272954568184091,0.00011400450293589145
3107,0.00010001000100010001,0.00010001000100010001,0.0,0.00017144571600017145,0.00011327562607562986
3108,0.00010001000100010001,0.00010001000100010001,0.0,0.00010001000100010001,4.626571417273532e-05
3109,0.00010001000100010001,0.00010001000100010001,0.0,0.00010001000100010001,4.626571417273532e-05
3110,0.00010001000100010001,0.00010001000100010001,0.0,0.00016001600160016002,9.274728291058062e-05
3111,0.00010001000100010001,0.00010001000100010001,0.0,0.00010001000100010001,4.626571417273532e-05
3112,0.00020002000200020003,0.00010001000100010001,2.4028243148629727e-05,0.00034727882237042606,0.0002468200874711797
3113,0.00010001000100010001,0.00010001000100010001,1.953515703140628e-06,0.00019601960196019604,0.0001263302163236739
3114,0.00010001000100010001,0.00010001000100010001,2.4028243148629727e-05,0.00010001000100010001,4.626571417273532e-05
3115,0.00010001000100010001,0.00010001000100010001,0.0,0.00010001000100010001,4.626571417273532e-05
3116,0.00010001000100010001,0.00010001000100010001,1.1916445789157832e-05,0.00017144571600017145,0.00011327562607562986
3117,0.00010001000100010001,0.00010001000100010001,0.0,0.00010001000100010001,4.626571417273532e-05
3118,0.00020002000200020003,0.00010001000100010001,0.0,0.0002920852832946846,0.00022679569568896438
3119,0.00010001000100010001,0.00010001000100010001,0.0,0.00016001600160016002,9.274728291058062e-05
3120,0.00010001000100010001,0.00010001000100010001,0.0,0.00010001000100010001,4.626571417273532e-05
3121,0.00010001000100010001,0.00010001000100010001,0.0,0.00010001000100010001,4.626571417273532e-05
3122,0.00010001000100010001,0.00010001000100010001,2.3832891578315664e-05,0.00021860109508218582,0.00017696114522304626
3123,0.00010001000100010001,0.00010001000100010001,0.0,0.00010001000100010001,4.626571417273532e-05
3124,0.00020002000200020003,0.00010001000100010001,0.0,0.0002272954568184091,0.00011400450293589145
3125,0.00010001000100010001,0.00010001000100010001,0.0,0.00018001800180018,0.00013389974505794585
3126,0.00010001000100010001,0.00010001000100010001,0.0,0.00010001000100010001,4.626571417273532e-05
3127,0.00010001000100010001,0.00010001000100010001,0.0,0.00010001000100010001,4.626571417273532e-05
3128,0.00010001000100010001,0.00010001000100010001,0.0,0.00016001600160016002,9.274728291058062e-05
3129,0.00010001000100010001,0.00010001000100010001,0.0,0.00010001000100010001,4.626571417273532e-05
3130,0.00020002000200020003,0.00010001000100010001,0.00014416945889177834,0.0006271874927094879,0.0004010100994666961
3131,0.00010001000100010001,0.00010001000100010001,0.0,0.00022002200220022002,0.00015638627676020173
3132,0.00010001000100010001,0.00010001000100010001,0.0,0.00010001000100010001,4.626571417273532e-05
3133,0.00010001000100010001,0.00010001000100010001,0.0,0.00010001000100010001,4.626571417273532e-05
3134,0.00010001000100010001,0.00010001000100010001,0.0,0.00017144571600017145,0.00011327562607562986
3135,0.00010001000100010001,0.00010001000100010001,0.0,0.00010001000100010001,4.626571417273532e-05
3136,0.00020002000200020003,0.00010001000100010001,0.0,0.00024202420242024203,0.0001682115553313007
3137,0.00010001000100010001,0.00010001000100010001,6.837304960992198e-06,0.00016001600160016002,9.274728291058062e-05
3138,0.00010001000100010001,0.00010001000100010001,0.0,0.00010001000100010001,4.626571417273532e-05
3139,0.00010001000100010001,0.00010001000100010001,0.0,0.00010001000100010001,4.626571417273532e-05
3140,0.00010001000100010001,0.00010001000100010001,2.4028243148629727e-05,0.00019601960196019604,0.0001263302163236739
3141,0.00010001000100010001,0.00010001000100010001,0.0,0.00010001000100010001,4.626571417273532e-05
3142,0.00020002000200020003,0.00010001000100010001,0.0,0.0002272954568184091,0.00011400450293589145
3143,0.00010001000100010001,0.00010001000100010001,3.907031406281256e-07,0.00017144571600017145,0.00011327562607562986
3144,0.00010001000100010001,0.00010001000100010001,0.0,0.00010001000100010001,4.626571417273532e-05
3145,0.00010001000100010001,0.00010001000100010001,9.76757851570314e-07,0.00010001000100010001,4.626571417273532e-05
3146,0.00010001000100010001,0.00010001000100010001,0.0,0.00016001600160016002,9.274728291058062e-05
3147,0.00010001000100010001,0.00010001000100010001,0.0,0.00010001000100010001,4.626571417273532e-05
3148,0.00020002000200020003,0.00010001000100010001,1.1916445789157832e-05,0.00030253025302530255,0.00018347412098232107
3149,0.00010001000100010001,0.00010001000100010001,2.3832891578315664e-05,0.00022433012532022432,0.0001862602522470536
3150,0.00010001000100010001,0.00010001000100010001,0.0,0.00010001000100010001,4.626571417273532e-05
3151,0.00010001000100010001,0.00010001000100010001,0.0,0.00010001000100010001,4.626571417273532e-05
3152,0.00010001000100010001,0.00010001000100010001,5.860547109421884e-06,0.0001923269250001923,0.00015571656328604666
3153,0.00010001000100010001,0.00010001000100010001,0.0,0.00010001000100010001,4.626571417273532e-05
3154,0.00020002000200020003,0.00010001000100010001,0.0,0.0002461784640002462,0.00014758743634898474
3155,0.00010001000100010001,0.00010001000100010001,0.0,0.00016001600160016002,9.274728291058062e-05
3156,0.00010001000100010001,0.00010001000100010001,0.0,0.00010001000100010001,4.626571417273532e-05
3157,0.00010001000100010001,0.00010001000100010001,0.0,0.00010001000100010001,4.626571417273532e-05
3158,0.00010001000100010001,0.00010001000100010001,0.00014416945889177834,0.0005413297593996302,0.00028721405757912446
3159,0.00010001000100010001,0.00010001000100010001,0.0,0.00010001000100010001,4.626571417273532e-05
3160,0.00020002000200020003,0.00010001000100010001,0.0,0.0002272954568184091,0.00011400450293589145
3161,0.00010001000100010001,0.00010001000100010001,0.0,0.00017144571600017145,0.00011327562607562986
3162,0.00010001000100010001,0.00010001000100010001,0.0,0.00010001000100010001,4.626571417273532e-05
3163,0.00010001000100010001,0.00010001000100010001,0.0,0.00010001000100010001,4.626571417273532e-05
3164,0.00010001000100010001,0.00010001000100010001,3.086554810962192e-05,0.00016001600160016002,9.274728291058062e-05
3165,0.00010001000100010001,0.00010001000100010001,1.543277405481096e-05,0.00010001000100010001,4.626571417273532e-05
3166,0.00020002000200020003,0.00010001000100010001,0.0,0.00035717857500035716,0.00026176350967483335
3167,0.00010001000100010001,0.00010001000100010001,0.0,0.00019601960196019604,0.0001263302163236739
3168,0.00010001000100010001,0.00010001000100010001,0.0,0.00010001000100010001,4.626571417273532e-05
3169,0.00010001000100010001,0.00010001000100010001,0.0,0.00010001000100010001,4.626571417273532e-05
3170,0.00010001000100010001,0.00010001000100010001,0.0,0.00017144571600017145,0.00011327562607562986
3171,0.00010001000100010001,0.00010001000100010001,0.0,0.00010001000100010001,4.626571417273532e-05
3172,0.00020002000200020003,0.00010001000100010001,0.0,0.00025716857400025716,0.00017764349678551255
3173,0.00010001000100010001,0.00010001000100010001,0.0,0.00016001600160016002,9.274728291058062e-05
3174,0.00010001000100010001,0.00010001000100010001,0.0,0.00010001000100010001,4.626571417273532e-05
3175,0.00010001000100010001,0.00010001000100010001,0.0,0.00010001000100010001,4.626571417273532e-05
3176,0.00010001000100010001,0.00010001000100010001,0.0,0.00020410204285734696,0.00014695433530598987
3177,0.00010001000100010001,0.00010001000100010001,0.0,0.00010001000100010001,4.626571417273532e-05
3178,0.00020002000200020003,0.00010001000100010001,0.0,0.0002272954568184091,0.00011400450293589145
3179,0.00010001000100010001,0.00010001000100010001,7.814062812562513e-07,0.0002485035521807759,0.00018311135226979034
3180,0.00010001000100010001,0.00010001000100010001,0.0,0.00010001000100010001,4.626571417273532e-05
3181,0.00010001000100010001,0.00010001000100010001,0.0,0.00010001000100010001,4.626571417273532e-05
3182,0.00010001000100010001,0.00010001000100010001,0.0,0.00016001600160016002,9.274728291058062e-05
3183,0.00010001000100010001,0.00010001000100010001,0.0,0.00010001000100010001,4.626571417273532e-05
3184,0.00020002000200020003,0.00010001000100010001,2.4028243148629727e-05,0.00034470660180772173,0.00027161213466166074
3185,0.00010001000100010001,0.00010001000100010001,2.3442188437687536e-05,0.00023061129642376003,0.00017128720272492506
3186,0.00010001000100010001,0.00010001000100010001,0.0,0.00010001000100010001,4.626571417273532e-05
3187,0.00010001000100010001,0.00010001000100010001,0.0,0.00010001000100010001,4.626571417273532e-05
3188,0.00010001000100010001,0.00010001000100010001,0.0,0.00017144571600017145,0.00011327562607562986
3189,0.00010001000100010001,0.00010001000100010001,0.0,0.00010001000100010001,4.626571417273532e-05
3190,0.00020002000200020003,0.00010001000100010001,2.8912032406481297e-05,0.00031950389758447794,0.00023297045162580136
3191,0.00010001000100010001,0.00010001000100010001,0.0,0.00016001600160016002,9.274728291058062e-05
3192,0.00010001000100010001,0.00010001000100010001,0.0,0.00010001000100010001,4.626571417273532e-05
3193,0.00010001000100010001,0.00010001000100010001,0.0,0.00010001000100010001,4.626571417273532e-05
3194,0.00010001000100010001,0.00010001000100010001,0.0,0.00019601960196019604,0.0001263302163236739
3195,0.00010001000100010001,0.00010001000100010001,0.0,0.00010001000100010001,4.626571417273532e-05
3196,0.00020002000200020003,0.00010001000100010001,0.0,0.0002272954568184091,0.00011400450293589145
3197,0.00010001000100010001,0.00010001000100010001,0.0,0.00017144571600017145,0.00011327562607562986
3198,0.00010001000100010001,0.00010001000100010001,0.0,0.00010001000100010001,4.626571417273532e-05
3199,0.00010001000100010001,0.00010001000100010001,0.0,0.00010001000100010001,4.626571417273532e-05
3200,0.00010001000100010001,0.00010001000100010001,5.860547109421884e-06,0.00016001600160016002,9.274728291058062e-05
3201,0.00010001000100010001,0.00010001000100010001,0.0,0.00010001000100010001,4.626571417273532e-05
3202,0.00020002000200020003,0.00010001000100010001,0.0,0.00030253025302530255,0.00018347412098232107
3203,0.00010001000100010001,0.00010001000100010001,0.0,0.00020573485920020575,0.00015606287022514541
3204,0.00010001000100010001,0.00010001000100010001,0.0,0.00010001000100010001,4.626571417273532e-05
3205,0.00010001000100010001,0.00010001000100010001,0.0,0.00010001000100010001,4.626571417273532e-05
3206,0.00010001000100010001,0.00010001000100010001,1.1916445789157832e-05,0.00018001800180018,0.00013389974505794585
3207,0.00010001000100010001,0.00010001000100010001,0.0,0.00010001000100010001,4.626571417273532e-05
3208,0.00020002000200020003,0.00010001000100010001,0.0,0.0002461784640002462,0.00014758743634898474
3209,0.00010001000100010001,0.00010001000100010001,0.0,0.00016001600160016002,9.274728291058062e-05
3210,0.00010001000100010001,0.00010001000100010001,0.0,0.00010001000100010001,4.626571417273532e-05
3211,0.00010001000100010001,0.00010001000100010001,0.0,0.00010001000100010001,4.626571417273532e-05
3212,0.00010001000100010001,0.00010001000100010001,0.0,0.00022002200220022002,0.00015638627676020173
3213,0.00010001000100010001,0.00010001000100010001,0.0,0.00010001000100010001,4.626571417273532e-05
3214,0.00020002000200020003,0.00010001000100010001,9.76757851570314e-07,0.0002272954568184091,0.00011400450293589145
3215,0.00010001000100010001,0.00010001000100010001,3.907031406281256e-07,0.00017144571600017145,0.00011327562607562986
3216,0.00010001000100010001,0.00010001000100010001,0.0,0.00010001000100010001,4.626571417273532e-05
3217,0.00010001000100010001,0.00010001000100010001,0.0,0.00010001000100010001,4.626571417273532e-05
3218,0.00010001000100010001,0.00010001000100010001,0.0,0.00016001600160016002,9.274728291058062e-05
3219,0.00010001000100010001,0.00010001000100010001,0.0,0.00010001000100010001,4.626571417273532e-05
3220,0.00020002000200020003,0.00010001000100010001,3.0084141828365674e-05,0.0004891074349165197,0.00034802606154073245
3221,0.00010001000100010001,0.00010001000100010001,8.595469093818763e-06,0.00019601960196019604,0.0001263302163236739
3222,0.00010001000100010001,0.00010001000100010001,0.0,0.00010001000100010001,4.626571417273532e-05
3223,0.00010001000100010001,0.00010001000100010001,0.0,0.00010001000100010001,4.626571417273532e-05
3224,0.00010001000100010001,0.00010001000100010001,0.0,0.00017144571600017145,0.00011327562607562986
3225,0.00010001000100010001,0.00010001000100010001,0.0,0.00010001000100010001,4.626571417273532e-05
3226,0.00020002000200020003,0.00010001000100010001,0.0,0.0002588494143532,0.00020988544559727735
3227,0.00010001000100010001,0.00010001000100010001,3.907031406281256e-07,0.00016001600160016002,9.274728291058062e-05
3228,0.00010001000100010001,0.00010001000100010001,0.0,0.00010001000100010001,4.626571417273532e-05
3229,0.00010001000100010001,0.00010001000100010001,0.0,0.00010001000100010001,4.626571417273532e-05
3230,0.00010001000100010001,0.00010001000100010001,1.953515703140628e-06,0.00021394544517742913,0.00016185526127071326
3231,0.00010001000100010001,0.00010001000100010001,0.0,0.00010001000100010001,4.626571417273532e-05
3232,0.00020002000200020003,0.00010001000100010001,0.0,0.0002272954568184091,0.00011400450293589145
3233,0.00010001000100010001,0.00010001000100010001,0.0,0.00018335166850018332,0.00014300827997710134
3234,0.00010001000100010001,0.00010001000100010001,0.0,0.00010001000100010001,4.626571417273532e-05
3235,0.00010001000100010001,0.00010001000100010001,0.0,0.00010001000100010001,4.626571417273532e-05
3236,0.00010001000100010001,0.00010001000100010001,0.0,0.00016001600160016002,9.274728291058062e-05
3237,0.00010001000100010001,0.00010001000100010001,0.0,0.00010001000100010001,4.626571417273532e-05
3238,0.00020002000200020003,0.00010001000100010001,0.0009019416407743388,0.002460146514924284,0.00045861643131016105
3239,0.00010001000100010001,0.00010001000100010001,0.0,0.00025353412534235875,0.00018721031534474865
3240,0.00010001000100010001,0.00010001000100010001,0.0,0.00010001000100010001,4.626571417273532e-05
3241,0.00010001000100010001,0.00010001000100010001,0.0,0.00010001000100010001,4.626571417273532e-05
3242,0.00010001000100010001,0.00010001000100010001,0.0,0.00017144571600017145,0.00011327562607562986
3243,0.00010001000100010001,0.00010001000100010001,0.0,0.00010001000100010001,4.626571417273532e-05
3244,0.00020002000200020003,0.00010001000100010001,0.0,0.00023275054778205094,0.00018647112140854206
3245,0.00010001000100010001,0.00010001000100010001,2.6567813562712544e-05,0.00016001600160016002,9.274728291058062e-05
3246,0.00010001000100010001,0.00010001000100010001,0.0,0.00010001000100010001,4.626571417273532e-05
3247,0.00010001000100010001,0.00010001000100010001,0.0,0.00010001000100010001,4.626571417273532e-05
3248,0.00010001000100010001,0.00010001000100010001,8.4001175235047e-06,0.00019601960196019604,0.0001263302163236739
3249,0.00010001000100010001,0.00010001000100010001,0.0,0.00010001000100010001,4.626571417273532e-05
3250,0.00020002000200020003,0.00010001000100010001,0.0,0.0002272954568184091,0.00011400450293589145
3251,0.00010001000100010001,0.00010001000100010001,0.0,0.00017144571600017145,0.00011327562607562986
3252,0.00010001000100010001,0.00010001000100010001,0.0,0.00010001000100010001,4.626571417273532e-05
3253,0.00010001000100010001,0.00010001000100010001,0.0,0.00010001000100010001,4.626571417273532e-05
3254,0.00010001000100010001,0.00010001000100010001,1.953515703140628e-06,0.00016001600160016002,9.274728291058062e-05
3255,0.00010001000100010001,0.00010001000100010001,3.907031406281256e-07,0.00010001000100010001,4.626571417273532e-05
3256,0.00020002000200020003,0.00010001000100010001,0.0,0.00030253025302530255,0.00018347412098232107
3257,0.00010001000100010001,0.00010001000100010001,9.76757851570314e-07,0.00020410204285734696,0.00014695433530598987
3258,0.00010001000100010001,0.00010001000100010001,0.0,0.00010001000100010001,4.626571417273532e-05
3259,0.00010001000100010001,0.00010001000100010001,0.0,0.00010001000100010001,4.626571417273532e-05
3260,0.00010001000100010001,0.00010001000100010001,0.0,0.00019201920192019203,0.00014880067102266924
3261,0.00010001000100010001,0.00010001000100010001,0.0,0.00010001000100010001,4.626571417273532e-05
3262,0.00020002000200020003,0.00010001000100010001,0.0,0.0002461784640002462,0.00014758743634898474
3263,0.00010001000100010001,0.00010001000100010001,3.907031406281256e-07,0.00016001600160016002,9.274728291058062e-05
3264,0.00010001000100010001,0.00010001000100010001,0.0,0.00010001000100010001,4.626571417273532e-05
3265,0.00010001000100010001,0.00010001000100010001,0.0,0.00010001000100010001,4.626571417273532e-05
3266,0.00010001000100010001,0.00010001000100010001,2.6567813562712544e-05,0.00027603566808293733,0.00020844127057681626
3267,0.00010001000100010001,0.00010001000100010001,0.0,0.00010001000100010001,4.626571417273532e-05
3268,0.00020002000200020003,0.00010001000100010001,0.0,0.0002272954568184091,0.00011400450293589145
3269,0.00010001000100010001,0.00010001000100010001,0.0,0.00017144571600017145,0.00011327562607562986
3270,0.00010001000100010001,0.00010001000100010001,0.0,0.00010001000100010001,4.626571417273532e-05
3271,0.00010001000100010001,0.00010001000100010001,0.0,0.00010001000100010001,4.626571417273532e-05
3272,0.00010001000100010001,0.00010001000100010001,0.0,0.00016001600160016002,9.274728291058062e-05
3273,0.00010001000100010001,0.00010001000100010001,0.0,0.00010001000100010001,4.626571417273532e-05
3274,0.00020002000200020003,0.00010001000100010001,8.4001175235047e-06,0.0003158785823937585,0.00026568894582303966
3275,0.00010001000100010001,0.00010001000100010001,3.907031406281256e-07,0.00019601960196019604,0.0001263302163236739
3276,0.00010001000100010001,0.00010001000100010001,0.0,0.00010001000100010001,4.626571417273532e-05
3277,0.00010001000100010001,0.00010001000100010001,0.0,0.00010001000100010001,4.626571417273532e-05
3278,0.00010001000100010001,0.00010001000100010001,0.0,0.00017144571600017145,0.00011327562607562986
3279,0.00010001000100010001,0.00010001000100010001,3.907031406281256e-07,0.00010001000100010001,4.626571417273532e-05
3280,0.00020002000200020003,0.00010001000100010001,6.446601820364073e-05,0.0006804430065020412,0.0003240610227460249
3281,0.00010001000100010001,0.00010001000100010001,0.0,0.00016001600160016002,9.274728291058062e-05
3282,0.00010001000100010001,0.00010001000100010001,0.0,0.00010001000100010001,4.626571417273532e-05
3283,0.00010001000100010001,0.00010001000100010001,3.907031406281256e-07,0.00010001000100010001,4.626571417273532e-05
3284,0.00010001000100010001,0.00010001000100010001,1.1721094218843768e-05,0.00020573485920020575,0.00015606287022514541
3285,0.00010001000100010001,0.00010001000100010001,0.0,0.00010001000100010001,4.626571417273532e-05
3286,0.00020002000200020003,0.00010001000100010001,1.4456016203240649e-05,0.0002272954568184091,0.00011400450293589145
3287,0.00010001000100010001,0.00010001000100010001,0.0,0.00018001800180018,0.00013389974505794585
3288,0.00010001000100010001,0.00010001000100010001,0.0,0.00010001000100010001,4.626571417273532e-05
3289,0.00010001000100010001,0.00010001000100010001,0.0,0.00010001000100010001,4.626571417273532e-05
3290,0.00010001000100010001,0.00010001000100010001,0.0,0.00016001600160016002,9.274728291058062e-05
3291,0.00010001000100010001,0.00010001000100010001,0.0,0.00010001000100010001,4.626571417273532e-05
3292,0.00020002000200020003,0.00010001000100010001,0.00010627125425085018,0.00044412335970439153,0.00032820665362143453
3293,0.00010001000100010001,0.00010001000100010001,2.6567813562712544e-05,0.00022002200220022002,0.00015638627676020173
3294,0.00010001000100010001,0.00010001000100010001,0.0,0.00010001000100010001,4.626571417273532e-05
3295,0.00010001000100010001,0.00010001000100010001,0.0,0.00010001000100010001,4.626571417273532e-05
3296,0.00010001000100010001,0.00010001000100010001,0.0,0.00017144571600017145,0.00011327562607562986
3297,0.00010001000100010001,0.00010001000100010001,0.0,0.00010001000100010001,4.626571417273532e-05
3298,0.00020002000200020003,0.00010001000100010001,0.0,0.00024202420242024203,0.0001682115553313007
3299,0.00010001000100010001,0.00010001000100010001,3.907031406281256e-07,0.00016001600160016002,9.274728291058062e-05
3300,0.00010001000100010001,0.00010001000100010001,0.0,0.00010001000100010001,4.626571417273532e-05
3301,0.00010001000100010001,0.00010001000100010001,0.0,0.00010001000100010001,4.626571417273532e-05
3302,0.00010001000100010001,0.00010001000100010001,0.0,0.00019601960196019604,0.0001263302163236739
3303,0.00010001000100010001,0.00010001000100010001,0.0,0.00010001000100010001,4.626571417273532e-05
3304,0.00020002000200020003,0.00010001000100010001,0.0,0.0002272954568184091,0.00011400450293589145
3305,0.00010001000100010001,0.00010001000100010001,0.0,0.00017144571600017145,0.00011327562607562986
3306,0.00010001000100010001,0.00010001000100010001,0.0,0.00010001000100010001,4.626571417273532e-05
3307,0.00010001000100010001,0.00010001000100010001,0.0,0.00010001000100010001,4.626571417273532e-05
3308,0.00010001000100010001,0.00010001000100010001,0.0,0.00016001600160016002,9.274728291058062e-05
3309,0.00010001000100010001,0.00010001000100010001,0.0,0.00010001000100010001,4.626571417273532e-05
3310,0.00020002000200020003,0.00010001000100010001,0.0,0.00030253025302530255,0.00018347412098232107
3311,0.00010001000100010001,0.00010001000100010001,0.0,0.000230913143670388,0.0001833812866481775
3312,0.00010001000100010001,0.00010001000100010001,0.0,0.00010001000100010001,4.626571417273532e-05
3313,0.00010001000100010001,0.00010001000100010001,0.0,0.00010001000100010001,4.626571417273532e-05
3314,0.00010001000100010001,0.00010001000100010001,1.4456016203240649e-05,0.00018335166850018332,0.00014300827997710134
3315,0.00010001000100010001,0.00010001000100010001,0.0,0.00010001000100010001,4.626571417273532e-05
3316,0.00020002000200020003,0.00010001000100010001,1.7972344468893778e-05,0.0002461784640002462,0.00014758743634898474
3317,0.00010001000100010001,0.00010001000100010001,0.0,0.00016001600160016002,9.274728291058062e-05
3318,0.00010001000100010001,0.00010001000100010001,0.0,0.00010001000100010001,4.626571417273532e-05
3319,0.00010001000100010001,0.00010001000100010001,3.907031406281256e-07,0.00010001000100010001,4.626571417273532e-05
3320,0.00010001000100010001,0.00010001000100010001,2.6567813562712544e-05,0.0002920430931982087,0.00021779924666376027
3321,0.00010001000100010001,0.00010001000100010001,0.0,0.00010001000100010001,4.626571417273532e-05
3322,0.00020002000200020003,0.00010001000100010001,0.0,0.0002272954568184091,0.00011400450293589145
3323,0.00010001000100010001,0.00010001000100010001,7.814062812562513e-07,0.00017144571600017145,0.00011327562607562986
3324,0.00010001000100010001,0.00010001000100010001,0.0,0.00010001000100010001,4.626571417273532e-05
3325,0.00010001000100010001,0.00010001000100010001,0.0,0.00010001000100010001,4.626571417273532e-05
3326,0.00010001000100010001,0.00010001000100010001,9.76757851570314e-07,0.00016001600160016002,9.274728291058062e-05
3327,0.00010001000100010001,0.00010001000100010001,0.0,0.00010001000100010001,4.626571417273532e-05
3328,0.00020002000200020003,0.00010001000100010001,3.320976695339068e-06,0.00038871449524990886,0.00029417798196388267
3329,0.00010001000100010001,0.00010001000100010001,0.0,0.00019601960196019604,0.0001263302163236739
3330,0.00010001000100010001,0.00010001000100010001,0.0,0.00010001000100010001,4.626571417273532e-05
3331,0.00010001000100010001,0.00010001000100010001,0.0,0.00010001000100010001,4.626571417273532e-05
3332,0.00010001000100010001,0.00010001000100010001,0.0,0.00017144571600017145,0.00011327562607562986
3333,0.00010001000100010001,0.00010001000100010001,0.0,0.00010001000100010001,4.626571417273532e-05
3334,0.00020002000200020003,0.00010001000100010001,5.860547109421884e-06,0.00025716857400025716,0.00017764349678551255
3335,0.00010001000100010001,0.0,0.0,0.00016001600160016002,9.274728291058062e-05
3336,0.00010001000100010001,0.00010001000100010001,0.0,0.00010001000100010001,4.626571417273532e-05
3337,0.00010001000100010001,0.0,0.0,0.00010001000100010001,4.626571417273532e-05
3338,0.00010001000100010001,0.00010001000100010001,2.6567813562712544e-05,0.00020410204285734696,0.00014695433530598987
3339,0.00010001000100010001,0.0,0.0,0.00010001000100010001,4.626571417273532e-05
3340,0.00020002000200020003,0.00010001000100010001,0.0,0.0002272954568184091,0.00011400450293589145
3341,0.00010001000100010001,0.0,0.0,0.00020482048204820483,0.0001621367047111779
3342,0.00010001000100010001,0.00010001000100010001,0.0,0.00010001000100010001,4.626571417273532e-05
3343,0.00010001000100010001,0.0,0.0,0.00010001000100010001,4.626571417273532e-05
3344,0.00010001000100010001,0.00010001000100010001,0.0,0.00016001600160016002,9.274728291058062e-05
3345,0.00010001000100010001,0.0,0.0,0.00010001000100010001,4.626571417273532e-05
3346,0.00020002000200020003,0.00010001000100010001,5.860547109421884e-06,0.0003675367536753675,0.00025435923703115773
3347,0.00010001000100010001,0.0,0.0,0.00023308782491152338,0.00018043823388301094
3348,0.00010001000100010001,0.00010001000100010001,0.0,0.00010001000100010001,4.626571417273532e-05
3349,0.00010001000100010001,0.0,0.0,0.00010001000100010001,4.626571417273532e-05
3350,0.00010001000100010001,0.00010001000100010001,0.0,0.00017144571600017145,0.00011327562607562986
3351,0.00010001000100010001,0.0,0.0,0.00010001000100010001,4.626571417273532e-05
3352,0.00020002000200020003,0.00010001000100010001,8.4001175235047e-06,0.00024502450245024503,0.0001831124812960241
3353,0.00010001000100010001,0.0,0.0,0.00016001600160016002,9.274728291058062e-05
3354,0.00010001000100010001,0.00010001000100010001,0.0,0.00010001000100010001,4.626571417273532e-05
3355,0.00010001000100010001,0.0,0.0,0.00010001000100010001,4.626571417273532e-05
3356,0.00010001000100010001,0.00010001000100010001,0.0,0.00019601960196019604,0.0001263302163236739
3357,0.00010001000100010001,0.0,0.0,0.00010001000100010001,4.626571417273532e-05
3358,0.00020002000200020003,0.00010001000100010001,0.0,0.0002272954568184091,0.00011400450293589145
3359,0.00010001000100010001,0.0,0.0,0.00017144571600017145,0.00011327562607562986
3360,0.00010001000100010001,0.00010001000100010001,8.4001175235047e-06,0.00010001000100010001,4.626571417273532e-05
3361,0.00010001000100010001,0.0,0.0,0.00010001000100010001,4.626571417273532e-05
3362,0.00010001000100010001,0.00010001000100010001,8.4001175235047e-06,0.00016001600160016002,9.274728291058062e-05
3363,0.00010001000100010001,0.0,0.0,0.00010001000100010001,4.626571417273532e-05
3364,0.00020002000200020003,0.00010001000100010001,2.5200352570514104e-05,0.00030253025302530255,0.00018347412098232107
3365,0.00010001000100010001,0.0,0.0,0.00020639006575816818,0.0001708337783931909
3366,0.00010001000100010001,0.00010001000100010001,0.0,0.00010001000100010001,4.626571417273532e-05
3367,0.00010001000100010001,0.0,0.0,0.00010001000100010001,4.626571417273532e-05
3368,0.00010001000100010001,0.00010001000100010001,2.5200352570514104e-05,0.00018001800180018,0.00013389974505794585
3369,0.00010001000100010001,0.0,0.0,0.00010001000100010001,4.626571417273532e-05
3370,0.00020002000200020003,0.00010001000100010001,0.0,0.0002461784640002462,0.00014758743634898474
3371,0.00010001000100010001,0.0,0.0,0.00016001600160016002,9.274728291058062e-05
3372,0.00010001000100010001,0.00010001000100010001,0.0,0.00010001000100010001,4.626571417273532e-05
3373,0.00010001000100010001,0.0,0.0,0.00010001000100010001,4.626571417273532e-05
3374,0.00010001000100010001,0.00010001000100010001,1.953515703140628e-06,0.00022002200220022002,0.00015638627676020173
3375,0.00010001000100010001,0.0,0.0,0.00010001000100010001,4.626571417273532e-05
3376,0.00020002000200020003,0.00010001000100010001,8.4001175235047e-06,0.0002272954568184091,0.00011400450293589145
3377,0.00010001000100010001,0.0,0.0,0.00017144571600017145,0.00011327562607562986
3378,0.00010001000100010001,0.00010001000100010001,0.0,0.00010001000100010001,4.626571417273532e-05
3379,0.00010001000100010001,0.0,0.0,0.00010001000100010001,4.626571417273532e-05
3380,0.00010001000100010001,0.00010001000100010001,0.0,0.00016001600160016002,9.274728291058062e-05
3381,0.00010001000100010001,0.0,0.0,0.00010001000100010001,4.626571417273532e-05
3382,0.00020002000200020003,0.00010001000100010001,5.860547109421884e-06,0.00043237856719803715,0.0003105563214859851
3383,0.00010001000100010001,0.0,0.0,0.00019601960196019604,0.0001263302163236739
3384,0.00010001000100010001,0.00010001000100010001,0.0,0.00010001000100010001,4.626571417273532e-05
3385,0.00010001000100010001,0.0,0.0,0.00010001000100010001,4.626571417273532e-05
3386,0.00010001000100010001,0.00010001000100010001,6.837304960992198e-06,0.00017144571600017145,0.00011327562607562986
3387,0.00010001000100010001,0.0,0.0,0.00010001000100010001,4.626571417273532e-05
3388,0.00020002000200020003,0.00010001000100010001,6.837304960992198e-06,0.0002654677232429125,0.00020588045643874458
3389,0.00010001000100010001,0.0,0.0,0.00016001600160016002,9.274728291058062e-05
3390,0.00010001000100010001,0.00010001000100010001,0.0,0.00010001000100010001,4.626571417273532e-05
3391,0.00010001000100010001,0.0,0.0,0.00010001000100010001,4.626571417273532e-05
3392,0.00010001000100010001,0.00010001000100010001,0.0,0.0002169708496273356,0.0001710062924287991
3393,0.00010001000100010001,0.0,0.0,0.00010001000100010001,4.626571417273532e-05
3394,0.00020002000200020003,0.00010001000100010001,0.0,0.0002272954568184091,0.00011400450293589145
3395,0.00010001000100010001,0.0,0.0,0.00019403137918582277,0.00016034930282414283
3396,0.00010001000100010001,0.00010001000100010001,0.0,0.00010001000100010001,4.626571417273532e-05
3397,0.00010001000100010001,0.0,0.0,0.00010001000100010001,4.626571417273532e-05
3398,0.00010001000100010001,0.00010001000100010001,0.0,0.00016001600160016002,9.274728291058062e-05
3399,0.00010001000100010001,0.0,0.0,0.00010001000100010001,4.626571417273532e-05
3400,0.00020002000200020003,0.00010001000100010001,3.5749337367473495e-05,0.0006133283311747427,0.00039672304325606846
3401,0.00010001000100010001,0.0,0.0,0.00030041318308076016,0.00022024078959003536
3402,0.00010001000100010001,0.00010001000100010001,0.0,0.00010001000100010001,4.626571417273532e-05
3403,0.00010001000100010001,0.0,0.0,0.00010001000100010001,4.626571417273532e-05
3404,0.00010001000100010001,0.00010001000100010001,0.0,0.00017144571600017145,0.00011327562607562986
3405,0.00010001000100010001,0.0,0.0,0.00010001000100010001,4.626571417273532e-05
3406,0.00020002000200020003,0.00010001000100010001,0.0,0.00023805197421150566,0.00017732009025045624
3407,0.00010001000100010001,0.0,0.0,0.00016001600160016002,9.274728291058062e-05
3408,0.00010001000100010001,0.00010001000100010001,0.0,0.00010001000100010001,4.626571417273532e-05
3409,0.00010001000100010001,0.0,0.0,0.00010001000100010001,4.626571417273532e-05
3410,0.00010001000100010001,0.00010001000100010001,0.0,0.00019601960196019604,0.0001263302163236739
3411,0.00010001000100010001,0.0,0.0,0.00010001000100010001,4.626571417273532e-05
3412,0.00020002000200020003,0.00010001000100010001,3.320976695339068e-06,0.0002272954568184091,0.00011400450293589145
3413,0.00010001000100010001,0.0,0.0,0.00017144571600017145,0.00011327562607562986
3414,0.00010001000100010001,0.00010001000100010001,0.0,0.00010001000100010001,4.626571417273532e-05
3415,0.00010001000100010001,0.0,0.0,0.00010001000100010001,4.626571417273532e-05
3416,0.00010001000100010001,0.00010001000100010001,0.0,0.00016001600160016002,9.274728291058062e-05
3417,0.00010001000100010001,0.0,0.0,0.00010001000100010001,4.626571417273532e-05
3418,0.00020002000200020003,0.00010001000100010001,0.0,0.00030253025302530255,0.00018347412098232107
3419,0.00010001000100010001,0.0,0.0,0.00020410204285734696,0.00014695433530598987
3420,0.00010001000100010001,0.00010001000100010001,0.0,0.00010001000100010001,4.626571417273532e-05
3421,0.00010001000100010001,0.0,0.0,0.00010001000100010001,4.626571417273532e-05
3422,0.00010001000100010001,0.00010001000100010001,1.953515703140628e-06,0.00020102512763839198,0.00016605356865317228
3423,0.00010001000100010001,0.0,0.0,0.00010001000100010001,4.626571417273532e-05
3424,0.00020002000200020003,0.00010001000100010001,0.0,0.0002461784640002462,0.00014758743634898474
3425,0.00010001000100010001,0.0,0.0,0.00016001600160016002,9.274728291058062e-05
3426,0.00010001000100010001,0.00010001000100010001,0.0,0.00010001000100010001,4.626571417273532e-05
3427,0.00010001000100010001,0.0,0.0,0.00010001000100010001,4.626571417273532e-05
3428,0.00010001000100010001,0.00010001000100010001,5.860547109421884e-06,0.00023061129642376003,0.00017128720272492506
3429,0.00010001000100010001,0.0,0.0,0.00010001000100010001,4.626571417273532e-05
3430,0.00020002000200020003,0.00010001000100010001,0.0,0.0002272954568184091,0.00011400450293589145
3431,0.00010001000100010001,0.0,0.0,0.00017144571600017145,0.00011327562607562986
3432,0.00010001000100010001,0.00010001000100010001,0.0,0.00010001000100010001,4.626571417273532e-05
3433,0.00010001000100010001,0.0,0.0,0.00010001000100010001,4.626571417273532e-05
3434,0.00010001000100010001,0.00010001000100010001,0.0,0.00016001600160016002,9.274728291058062e-05
3435,0.00010001000100010001,0.0,0.0,0.00010001000100010001,4.626571417273532e-05
3436,0.00020002000200020003,0.00010001000100010001,0.0,0.0003478608730438261,0.0002432628353203203
3437,0.00010001000100010001,0.0,0.0,0.00019601960196019604,0.0001263302163236739
3438,0.00010001000100010001,0.00010001000100010001,0.0,0.00010001000100010001,4.626571417273532e-05
3439,0.00010001000100010001,0.0,0.0,0.00010001000100010001,4.626571417273532e-05
3440,0.00010001000100010001,0.00010001000100010001,4.102382976595319e-05,0.00017144571600017145,0.00011327562607562986
3441,0.00010001000100010001,0.0,0.0,0.00010001000100010001,4.626571417273532e-05
3442,0.00020002000200020003,0.00010001000100010001,1.0939687937587518e-05,0.0003729654733429144,0.00026501404481982477
3443,0.00010001000100010001,0.0,0.0,0.00016001600160016002,9.274728291058062e-05
3444,0.00010001000100010001,0.00010001000100010001,0.0,0.00010001000100010001,4.626571417273532e-05
3445,0.00010001000100010001,0.0,0.0,0.00010001000100010001,4.626571417273532e-05
3446,0.00010001000100010001,0.00010001000100010001,1.0939687937587518e-05,0.00020573485920020575,0.00015606287022514541
3447,0.00010001000100010001,0.0,0.0,0.00010001000100010001,4.626571417273532e-05
3448,0.00020002000200020003,0.00010001000100010001,0.0,0.0002272954568184091,0.00011400450293589145
3449,0.00010001000100010001,0.0,0.0,0.00018001800180018,0.00013389974505794585
3450,0.00010001000100010001,0.00010001000100010001,0.0,0.00010001000100010001,4.626571417273532e-05
3451,0.00010001000100010001,0.0,0.0,0.00010001000100010001,4.626571417273532e-05
3452,0.00010001000100010001,0.00010001000100010001,0.0,0.00016001600160016002,9.274728291058062e-05
3453,0.00010001000100010001,0.0,0.0,0.00010001000100010001,4.626571417273532e-05
3454,0.00020002000200020003,0.00010001000100010001,9.76757851570314e-07,0.0004245374032352731,0.00031671594796604206
3455,0.00010001000100010001,0.0,0.0,0.00022002200220022002,0.00015638627676020173
3456,0.00010001000100010001,0.00010001000100010001,0.0,0.00010001000100010001,4.626571417273532e-05
3457,0.00010001000100010001,0.0,0.0,0.00010001000100010001,4.626571417273532e-05
3458,0.00010001000100010001,0.00010001000100010001,0.0,0.00017144571600017145,0.00011327562607562986
3459,0.00010001000100010001,0.0,0.0,0.00010001000100010001,4.626571417273532e-05
3460,0.00020002000200020003,0.00010001000100010001,8.732215193038608e-05,0.00024202420242024203,0.0001682115553313007
3461,0.00010001000100010001,0.0,0.0,0.00016001600160016002,9.274728291058062e-05
3462,0.00010001000100010001,0.00010001000100010001,0.0,0.00010001000100010001,4.626571417273532e-05
3463,0.00010001000100010001,0.0,0.0,0.00010001000100010001,4.626571417273532e-05
3464,0.00010001000100010001,0.00010001000100010001,0.0,0.00019601960196019604,0.0001263302163236739
3465,0.00010001000100010001,0.0,0.0,0.00010001000100010001,4.626571417273532e-05
3466,0.00020002000200020003,0.00010001000100010001,0.0,0.0002272954568184091,0.00011400450293589145
3467,0.00010001000100010001,0.0,0.0,0.00017144571600017145,0.00011327562607562986
3468,0.00010001000100010001,0.00010001000100010001,5.860547109421884e-06,0.00010001000100010001,4.626571417273532e-05
3469,0.00010001000100010001,0.0,0.0,0.00010001000100010001,4.626571417273532e-05
3470,0.00010001000100010001,0.00010001000100010001,9.76757851570314e-07,0.00016001600160016002,9.274728291058062e-05
3471,0.00010001000100010001,0.0,0.0,0.00010001000100010001,4.626571417273532e-05
3472,0.00020002000200020003,0.00010001000100010001,5.860547109421884e-06,0.00030253025302530255,0.00018347412098232107
3473,0.00010001000100010001,0.0,0.0,0.00021394544517742913,0.00016185526127071326
3474,0.00010001000100010001,0.00010001000100010001,0.0,0.00010001000100010001,4.626571417273532e-05
3475,0.00010001000100010001,0.0,0.0,0.00010001000100010001,4.626571417273532e-05
3476,0.00010001000100010001,0.00010001000100010001,0.0,0.00018335166850018332,0.00014300827997710134
3477,0.00010001000100010001,0.0,0.0,0.00010001000100010001,4.626571417273532e-05
3478,0.00020002000200020003,0.00010001000100010001,0.0,0.0002461784640002462,0.00014758743634898474
3479,0.00010001000100010001,0.0,0.0,0.00016001600160016002,9.274728291058062e-05
3480,0.00010001000100010001,0.00010001000100010001,0.0,0.00010001000100010001,4.626571417273532e-05
3481,0.00010001000100010001,0.0,0.0,0.00010001000100010001,4.626571417273532e-05
3482,0.00010001000100010001,0.00010001000100010001,5.860547109421884e-06,0.00025353412534235875,0.00018721031534474865
3483,0.00010001000100010001,0.0,0.0,0.00010001000100010001,4.626571417273532e-05
3484,0.00020002000200020003,0.00010001000100010001,0.0,0.0002272954568184091,0.00011400450293589145
3485,0.00010001000100010001,0.0,0.0,0.00017144571600017145,0.00011327562607562986
3486,0.00010001000100010001,0.00010001000100010001,0.0,0.00010001000100010001,4.626571417273532e-05
3487,0.00010001000100010001,0.0,0.0,0.00010001000100010001,4.626571417273532e-05
3488,0.00010001000100010001,0.00010001000100010001,2.305148529705941e-05,0.00016001600160016002,9.274728291058062e-05
3489,0.00010001000100010001,0.0,0.0,0.00010001000100010001,4.626571417273532e-05
3490,0.00020002000200020003,0.00010001000100010001,2.9107383976795358e-05,0.0003556807293632589,0.0002490552263658881
3491,0.00010001000100010001,0.0,0.0,0.00019601960196019604,0.0001263302163236739
3492,0.00010001000100010001,0.00010001000100010001,0.0,0.00010001000100010001,4.626571417273532e-05
3493,0.00010001000100010001,0.0,0.0,0.00010001000100010001,4.626571417273532e-05
3494,0.00010001000100010001,0.00010001000100010001,2.9107383976795358e-05,0.00017144571600017145,0.00011327562607562986
3495,0.00010001000100010001,0.0,0.0,0.00010001000100010001,4.626571417273532e-05
3496,0.00020002000200020003,0.00010001000100010001,4.610297059411882e-05,0.00025716857400025716,0.00017764349678551255
3497,0.00010001000100010001,0.0,0.0,0.00016001600160016002,9.274728291058062e-05
3498,0.00010001000100010001,0.00010001000100010001,0.0,0.00010001000100010001,4.626571417273532e-05
3499,0.00010001000100010001,0.0,0.0,0.00010001000100010001,4.626571417273532e-05
3500,0.00010001000100010001,0.00010001000100010001,0.0,0.00020410204285734696,0.00014695433530598987
3501,0.00010001000100010001,0.0,0.0,0.00010001000100010001,4.626571417273532e-05
3502,0.00020002000200020003,0.00010001000100010001,0.0,0.0002272954568184091,0.00011400450293589145
3503,0.00010001000100010001,0.0,0.0,0.00019201920192019203,0.00014880067102266924
3504,0.00010001000100010001,0.00010001000100010001,0.0,0.00010001000100010001,4.626571417273532e-05
3505,0.00010001000100010001,0.0,0.0,0.00010001000100010001,4.626571417273532e-05
3506,0.00010001000100010001,0.00010001000100010001,0.0,0.00016001600160016002,9.274728291058062e-05
3507,0.00010001000100010001,0.0,0.0,0.00010001000100010001,4.626571417273532e-05
3508,0.00020002000200020003,0.00010001000100010001,2.1879375875175035e-05,0.0003675367536753675,0.00025435923703115773
3509,0.00010001000100010001,0.0,0.0,0.0002684626004499892,0.00020643232818795315
3510,0.00010001000100010001,0.00010001000100010001,0.0,0.00010001000100010001,4.626571417273532e-05
3511,0.00010001000100010001,0.0,0.0,0.00010001000100010001,4.626571417273532e-05
3512,0.00010001000100010001,0.00010001000100010001,1.0939687937587518e-05,0.00017144571600017145,0.00011327562607562986
3513,0.00010001000100010001,0.0,0.0,0.00010001000100010001,4.626571417273532e-05
3514,0.00020002000200020003,0.00010001000100010001,2.1879375875175035e-05,0.0002406181212180624,0.00020557769342548652
3515,0.00010001000100010001,0.0,0.0,0.00016001600160016002,9.274728291058062e-05
3516,0.00010001000100010001,0.00010001000100010001,0.0,0.00010001000100010001,4.626571417273532e-05
3517,0.00010001000100010001,0.0,0.0,0.00010001000100010001,4.626571417273532e-05
3518,0.00010001000100010001,0.00010001000100010001,0.0,0.00019601960196019604,0.0001263302163236739
3519,0.00010001000100010001,0.0,0.0,0.00010001000100010001,4.626571417273532e-05
3520,0.00020002000200020003,0.00010001000100010001,0.0,0.0002272954568184091,0.00011400450293589145
3521,0.00010001000100010001,0.0,0.0,0.00017144571600017145,0.00011327562607562986
3522,0.00010001000100010001,0.00010001000100010001,0.0,0.00010001000100010001,4.626571417273532e-05
3523,0.00010001000100010001,0.0,0.0,0.00010001000100010001,4.626571417273532e-05
3524,0.00010001000100010001,0.00010001000100010001,0.0,0.00016001600160016002,9.274728291058062e-05
3525,0.00010001000100010001,0.0,0.0,0.00010001000100010001,4.626571417273532e-05
3526,0.00020002000200020003,0.00010001000100010001,2.305148529705941e-05,0.00030253025302530255,0.00018347412098232107
3527,0.00010001000100010001,0.0,0.0,0.00020573485920020575,0.00015606287022514541
3528,0.00010001000100010001,0.00010001000100010001,0.0,0.00010001000100010001,4.626571417273532e-05
3529,0.00010001000100010001,0.0,0.0,0.00010001000100010001,4.626571417273532e-05
3530,0.00010001000100010001,0.00010001000100010001,5.860547109421884e-06,0.00018001800180018,0.00013389974505794585
3531,0.00010001000100010001,0.0,0.0,0.00010001000100010001,4.626571417273532e-05
3532,0.00020002000200020003,0.00010001000100010001,5.860547109421884e-06,0.0002461784640002462,0.00014758743634898474
3533,0.00010001000100010001,0.0,0.0,0.00016001600160016002,9.274728291058062e-05
3534,0.00010001000100010001,0.00010001000100010001,0.0,0.00010001000100010001,4.626571417273532e-05
3535,0.00010001000100010001,0.0,0.0,0.00010001000100010001,4.626571417273532e-05
3536,0.00010001000100010001,0.00010001000100010001,0.0,0.00022002200220022002,0.00015638627676020173
3537,0.00010001000100010001,0.0,0.0,0.00010001000100010001,4.626571417273532e-05
3538,0.00020002000200020003,0.00010001000100010001,0.0,0.0002272954568184091,0.00011400450293589145
3539,0.00010001000100010001,0.0,0.0,0.00017144571600017145,0.00011327562607562986
3540,0.00010001000100010001,0.00010001000100010001,0.0,0.00010001000100010001,4.626571417273532e-05
3541,0.00010001000100010001,0.0,0.0,0.00010001000100010001,4.626571417273532e-05
3542,0.00010001000100010001,0.00010001000100010001,0.0,0.00016001600160016002,9.274728291058062e-05
3543,0.00010001000100010001,0.0,0.0,0.00010001000100010001,4.626571417273532e-05
3544,0.00020002000200020003,0.00010001000100010001,4.375875175035007e-05,0.0003789401238580119,0.0003064705402679572
3545,0.00010001000100010001,0.0,0.0,0.00019601960196019604,0.0001263302163236739
3546,0.00010001000100010001,0.00010001000100010001,0.0,0.00010001000100010001,4.626571417273532e-05
3547,0.00010001000100010001,0.0,0.0,0.00010001000100010001,4.626571417273532e-05
3548,0.00010001000100010001,0.00010001000100010001,0.0,0.00017144571600017145,0.00011327562607562986
3549,0.00010001000100010001,0.0,0.0,0.00010001000100010001,4.626571417273532e-05
3550,0.00020002000200020003,0.00010001000100010001,0.0,0.0002616540723839826,0.0001925444227502359
3551,0.00010001000100010001,0.0,0.0,0.00016001600160016002,9.274728291058062e-05
3552,0.00010001000100010001,0.00010001000100010001,0.0,0.00010001000100010001,4.626571417273532e-05
3553,0.00010001000100010001,0.0,0.0,0.00010001000100010001,4.626571417273532e-05
3554,0.00010001000100010001,0.00010001000100010001,0.00016136039707941588,0.00047938827953110646,0.00023324027633119998
3555,0.00010001000100010001,0.0,0.0,0.00010001000100010001,4.626571417273532e-05
3556,0.00020002000200020003,0.00010001000100010001,0.0,0.0002272954568184091,0.00011400450293589145
3557,0.00010001000100010001,0.0,0.0,0.00018335166850018332,0.00014300827997710134
3558,0.00010001000100010001,0.00010001000100010001,0.0,0.00010001000100010001,4.626571417273532e-05
3559,0.00010001000100010001,0.0,0.0,0.00010001000100010001,4.626571417273532e-05
3560,0.00010001000100010001,0.00010001000100010001,0.0,0.00016001600160016002,9.274728291058062e-05
3561,0.00010001000100010001,0.0,0.0,0.00010001000100010001,4.626571417273532e-05
3562,0.00020002000200020003,0.00010001000100010001,5.7824064812962594e-05,0.0003909693294910887,0.0003114323527019683
3563,0.00010001000100010001,0.0,0.0,0.0003012840468999878,0.00022194773301999465
3564,0.00010001000100010001,0.00010001000100010001,0.0,0.00010001000100010001,4.626571417273532e-05
3565,0.00010001000100010001,0.0,0.0,0.00010001000100010001,4.626571417273532e-05
3566,0.00010001000100010001,0.00010001000100010001,0.0,0.00017144571600017145,0.00011327562607562986
3567,0.00010001000100010001,0.0,0.0,0.00010001000100010001,4.626571417273532e-05
3568,0.00020002000200020003,0.00010001000100010001,0.0,0.00023805197421150566,0.00017732009025045624
3569,0.00010001000100010001,0.0,0.0,0.00016001600160016002,9.274728291058062e-05
3570,0.00010001000100010001,0.00010001000100010001,0.0,0.00010001000100010001,4.626571417273532e-05
3571,0.00010001000100010001,0.0,0.0,0.00010001000100010001,4.626571417273532e-05
3572,0.00010001000100010001,0.00010001000100010001,1.4456016203240649e-05,0.00019601960196019604,0.0001263302163236739
3573,0.00010001000100010001,0.0,0.0,0.00010001000100010001,4.626571417273532e-05
3574,0.00020002000200020003,0.00010001000100010001,0.0,0.0002272954568184091,0.00011400450293589145
3575,0.00010001000100010001,0.0,0.0,0.00017144571600017145,0.00011327562607562986
3576,0.00010001000100010001,0.00010001000100010001,0.0,0.00010001000100010001,4.626571417273532e-05
3577,0.00010001000100010001,0.0,0.0,0.00010001000100010001,4.626571417273532e-05
3578,0.00010001000100010001,0.00010001000100010001,2.5395704140828168e-06,0.00016001600160016002,9.274728291058062e-05
3579,0.00010001000100010001,0.0,0.0,0.00010001000100010001,4.626571417273532e-05
3580,0.00020002000200020003,0.00010001000100010001,1.953515703140628e-06,0.00030253025302530255,0.00018347412098232107
3581,0.00010001000100010001,0.0,0.0,0.00020410204285734696,0.00014695433530598987
3582,0.00010001000100010001,0.00010001000100010001,0.0,0.00010001000100010001,4.626571417273532e-05
3583,0.00010001000100010001,0.0,0.0,0.00010001000100010001,4.626571417273532e-05
3584,0.00010001000100010001,0.00010001000100010001,1.9535157031406282e-05,0.00021237417859433004,0.000168748324722895
3585,0.00010001000100010001,0.0,0.0,0.00010001000100010001,4.626571417273532e-05
3586,0.00020002000200020003,0.00010001000100010001,2.305148529705941e-05,0.0002461784640002462,0.00014758743634898474
3587,0.00010001000100010001,0.0,0.0,0.00016001600160016002,9.274728291058062e-05
3588,0.00010001000100010001,0.00010001000100010001,0.0,0.00010001000100010001,4.626571417273532e-05
3589,0.00010001000100010001,0.0,0.0,0.00010001000100010001,4.626571417273532e-05
3590,0.00010001000100010001,0.00010001000100010001,2.695851670334067e-05,0.0002958875769233728,0.0002091721002005226
3591,0.00010001000100010001,0.0,0.0,0.00010001000100010001,4.626571417273532e-05
3592,0.00020002000200020003,0.00010001000100010001,0.0,0.0002272954568184091,0.00011400450293589145
3593,0.00010001000100010001,0.0,0.0,0.00017144571600017145,0.00011327562607562986
3594,0.00010001000100010001,0.00010001000100010001,0.0,0.00010001000100010001,4.626571417273532e-05
3595,0.00010001000100010001,0.0,0.0,0.00010001000100010001,4.626571417273532e-05
3596,0.00010001000100010001,0.00010001000100010001,0.0,0.00016001600160016002,9.274728291058062e-05
3597,0.00010001000100010001,0.0,0.0,0.00010001000100010001,4.626571417273532e-05
3598,0.00020002000200020003,0.00010001000100010001,9.76757851570314e-07,0.0003478608730438261,0.0002432628353203203
3599,0.00010001000100010001,0.0,0.0,0.00019601960196019604,0.0001263302163236739
3600,0.00010001000100010001,0.00010001000100010001,0.0,0.00010001000100010001,4.626571417273532e-05
3601,0.00010001000100010001,0.0,0.0,0.00010001000100010001,4.626571417273532e-05
3602,0.00010001000100010001,0.00010001000100010001,3.5163282656531306e-06,0.00017144571600017145,0.00011327562607562986
3603,0.00010001000100010001,0.0,0.0,0.00010001000100010001,4.626571417273532e-05
3604,0.00020002000200020003,0.00010001000100010001,1.096109632885481e-05,0.0002817673071654992,0.00020846753537005948
3605,0.00010001000100010001,0.0,0.0,0.00016001600160016002,9.274728291058062e-05
3606,0.00010001000100010001,0.00010001000100010001,0.0,0.00010001000100010001,4.626571417273532e-05
3607,0.00010001000100010001,0.0,0.0,0.00010001000100010001,4.626571417273532e-05
3608,0.00010001000100010001,0.00010001000100010001,1.096109632885481e-05,0.00020644266261488534,0.00016521390138323123
3609,0.00010001000100010001,0.0,0.0,0.00010001000100010001,4.626571417273532e-05
3610,0.00020002000200020003,0.00010001000100010001,2.1879375875175035e-05,0.0002272954568184091,0.00011400450293589145
3611,0.00010001000100010001,0.0,0.0,0.00018001800180018,0.00013389974505794585
3612,0.00010001000100010001,0.00010001000100010001,0.0,0.00010001000100010001,4.626571417273532e-05
3613,0.00010001000100010001,0.0,0.0,0.00010001000100010001,4.626571417273532e-05
3614,0.00010001000100010001,0.00010001000100010001,0.0,0.00016001600160016002,9.274728291058062e-05
3615,0.00010001000100010001,0.0,0.0,0.00010001000100010001,4.626571417273532e-05
3616,0.00020002000200020003,0.00010001000100010001,3.320976695339068e-06,0.0005150991289605151,0.00035607106840919016
3617,0.00010001000100010001,0.0,0.0,0.00022002200220022002,0.00015638627676020173
3618,0.00010001000100010001,0.00010001000100010001,0.0,0.00010001000100010001,4.626571417273532e-05
3619,0.00010001000100010001,0.0,0.0,0.00010001000100010001,4.626571417273532e-05
3620,0.00010001000100010001,0.00010001000100010001,0.0,0.00017144571600017145,0.00011327562607562986
3621,0.00010001000100010001,0.0,0.0,0.00010001000100010001,4.626571417273532e-05
3622,0.00020002000200020003,0.00010001000100010001,0.0,0.00024202420242024203,0.0001682115553313007
3623,0.00010001000100010001,0.0,0.0,0.00016001600160016002,9.274728291058062e-05
3624,0.00010001000100010001,0.00010001000100010001,0.0,0.00010001000100010001,4.626571417273532e-05
3625,0.00010001000100010001,0.0,0.0,0.00010001000100010001,4.626571417273532e-05
3626,0.00010001000100010001,0.00010001000100010001,0.0,0.00019601960196019604,0.0001263302163236739
3627,0.00010001000100010001,0.0,0.0,0.00010001000100010001,4.626571417273532e-05
3628,0.00020002000200020003,0.00010001000100010001,0.0,0.0002272954568184091,0.00011400450293589145
3629,0.00010001000100010001,0.0,0.0,0.00017144571600017145,0.00011327562607562986
3630,0.00010001000100010001,0.00010001000100010001,0.0,0.00010001000100010001,4.626571417273532e-05
3631,0.00010001000100010001,0.0,0.0,0.00010001000100010001,4.626571417273532e-05
3632,0.00010001000100010001,0.00010001000100010001,0.0,0.00016001600160016002,9.274728291058062e-05
3633,0.00010001000100010001,0.0,0.0,0.00010001000100010001,4.626571417273532e-05
3634,0.00020002000200020003,0.00010001000100010001,0.0,0.00030253025302530255,0.00018347412098232107
3635,0.00010001000100010001,0.0,0.0,0.00022149454209224604,0.00017761791244051624
3636,0.00010001000100010001,0.00010001000100010001,0.0,0.00010001000100010001,4.626571417273532e-05
3637,0.00010001000100010001,0.0,0.0,0.00010001000100010001,4.626571417273532e-05
3638,0.00010001000100010001,0.00010001000100010001,0.0,0.00018825411952960003,0.00015620081646790842
3639,0.00010001000100010001,0.0,0.0,0.00010001000100010001,4.626571417273532e-05
3640,0.00020002000200020003,0.00010001000100010001,0.0,0.0002461784640002462,0.00014758743634898474
3641,0.00010001000100010001,0.0,0.0,0.00016001600160016002,9.274728291058062e-05
3642,0.00010001000100010001,0.00010001000100010001,0.0,0.00010001000100010001,4.626571417273532e-05
3643,0.00010001000100010001,0.0,0.0,0.00010001000100010001,4.626571417273532e-05
3644,0.00010001000100010001,0.00010001000100010001,0.0008232115173034607,0.0023041198501486224,0.00030929242080833926
3645,0.00010001000100010001,0.0,0.0,0.00010001000100010001,4.626571417273532e-05
3646,0.00020002000200020003,0.00010001000100010001,0.0,0.0002272954568184091,0.00011400450293589145
3647,0.00010001000100010001,0.0,0.0,0.00017144571600017145,0.00011327562607562986
3648,0.00010001000100010001,0.00010001000100010001,0.0,0.00010001000100010001,4.626571417273532e-05
3649,0.00010001000100010001,0.0,0.0,0.00010001000100010001,4.626571417273532e-05
3650,0.00010001000100010001,0.00010001000100010001,8.4001175235047e-06,0.00016001600160016002,9.274728291058062e-05
3651,0.00010001000100010001,0.0,0.0,0.00010001000100010001,4.626571417273532e-05
3652,0.00020002000200020003,0.00010001000100010001,2.559105571114223e-05,0.0003391468179075972,0.00026630812399639116
3653,0.00010001000100010001,0.0,0.0,0.00019601960196019604,0.0001263302163236739
3654,0.00010001000100010001,0.00010001000100010001,0.0,0.00010001000100010001,4.626571417273532e-05
3655,0.00010001000100010001,0.0,0.0,0.00010001000100010001,4.626571417273532e-05
3656,0.00010001000100010001,0.00010001000100010001,0.0,0.00017144571600017145,0.00011327562607562986
3657,0.00010001000100010001,0.0,0.0,0.00010001000100010001,4.626571417273532e-05
3658,0.00020002000200020003,0.00010001000100010001,2.559105571114223e-05,0.00025716857400025716,0.00017764349678551255
3659,0.00010001000100010001,0.0,0.0,0.00016001600160016002,9.274728291058062e-05
3660,0.00010001000100010001,0.00010001000100010001,0.0,0.00010001000100010001,4.626571417273532e-05
3661,0.00010001000100010001,0.0,0.0,0.00010001000100010001,4.626571417273532e-05
3662,0.00010001000100010001,0.00010001000100010001,9.76757851570314e-07,0.00020410204285734696,0.00014695433530598987
3663,0.00010001000100010001,0.0,0.0,0.00010001000100010001,4.626571417273532e-05
3664,0.00020002000200020003,0.00010001000100010001,0.0,0.0002272954568184091,0.00011400450293589145
3665,0.00010001000100010001,0.0,0.0,0.00019738815986861843,0.0001579517021807551
3666,0.00010001000100010001,0.00010001000100010001,0.0,0.00010001000100010001,4.626571417273532e-05
3667,0.00010001000100010001,0.0,0.0,0.00010001000100010001,4.626571417273532e-05
3668,0.00010001000100010001,0.00010001000100010001,0.0,0.00016001600160016002,9.274728291058062e-05
3669,0.00010001000100010001,0.0,0.0,0.00010001000100010001,4.626571417273532e-05
3670,0.00020002000200020003,0.00010001000100010001,5.118211142228446e-05,0.00035738868004447504,0.00027012188820096065
3671,0.00010001000100010001,0.0,0.0,0.00023061129642376003,0.00017128720272492506
3672,0.00010001000100010001,0.00010001000100010001,0.0,0.00010001000100010001,4.626571417273532e-05
3673,0.00010001000100010001,0.0,0.0,0.00010001000100010001,4.626571417273532e-05
3674,0.00010001000100010001,0.00010001000100010001,0.0,0.00017144571600017145,0.00011327562607562986
3675,0.00010001000100010001,0.0,0.0,0.00010001000100010001,4.626571417273532e-05
3676,0.00020002000200020003,0.00010001000100010001,2.559105571114223e-05,0.00027620451060797946,0.00021954559228312353
3677,0.00010001000100010001,0.0,0.0,0.00016001600160016002,9.274728291058062e-05
3678,0.00010001000100010001,0.00010001000100010001,0.0,0.00010001000100010001,4.626571417273532e-05
3679,0.00010001000100010001,0.0,0.0,0.00010001000100010001,4.626571417273532e-05
3680,0.00010001000100010001,0.00010001000100010001,0.0,0.00019601960196019604,0.0001263302163236739
3681,0.00010001000100010001,0.0,0.0,0.00010001000100010001,4.626571417273532e-05
3682,0.00020002000200020003,0.00010001000100010001,2.5641136054999648e-05,0.0002272954568184091,0.00011400450293589145
3683,0.00010001000100010001,0.0,0.0,0.00017144571600017145,0.00011327562607562986
3684,0.00010001000100010001,0.00010001000100010001,0.0,0.00010001000100010001,4.626571417273532e-05
3685,0.00010001000100010001,0.0,0.0,0.00010001000100010001,4.626571417273532e-05
3686,0.00010001000100010001,0.00010001000100010001,0.0,0.00016001600160016002,9.274728291058062e-05
3687,0.00010001000100010001,0.0,0.0,0.00010001000100010001,4.626571417273532e-05
3688,0.00020002000200020003,0.00010001000100010001,0.0,0.00030253025302530255,0.00018347412098232107
3689,0.00010001000100010001,0.0,0.0,0.00020573485920020575,0.00015606287022514541
3690,0.00010001000100010001,0.00010001000100010001,0.0,0.00010001000100010001,4.626571417273532e-05
3691,0.00010001000100010001,0.0,0.0,0.00010001000100010001,4.626571417273532e-05
3692,0.00010001000100010001,0.00010001000100010001,0.0,0.00018001800180018,0.00013389974505794585
3693,0.00010001000100010001,0.0,0.0,0.00010001000100010001,4.626571417273532e-05
3694,0.00020002000200020003,0.00010001000100010001,0.0,0.0002461784640002462,0.00014758743634898474
3695,0.00010001000100010001,0.0,0.0,0.00016001600160016002,9.274728291058062e-05
3696,0.00010001000100010001,0.00010001000100010001,0.0,0.00010001000100010001,4.626571417273532e-05
3697,0.00010001000100010001,0.0,0.0,0.00010001000100010001,4.626571417273532e-05
3698,0.00010001000100010001,0.00010001000100010001,1.3479258351670334e-05,0.00022002200220022002,0.00015638627676020173
3699,0.00010001000100010001,0.0,0.0,0.00010001000100010001,4.626571417273532e-05
3700,0.00020002000200020003,0.00010001000100010001,2.559105571114223e-05,0.0002272954568184091,0.00011400450293589145
3701,0.00010001000100010001,0.0,0.0,0.00017144571600017145,0.00011327562607562986
3702,0.00010001000100010001,0.00010001000100010001,0.0,0.00010001000100010001,4.626571417273532e-05
3703,0.00010001000100010001,0.0,0.0,0.00010001000100010001,4.626571417273532e-05
3704,0.00010001000100010001,0.00010001000100010001,0.0,0.00016001600160016002,9.274728291058062e-05
3705,0.00010001000100010001,0.0,0.0,0.00010001000100010001,4.626571417273532e-05
3706,0.00020002000200020003,0.00010001000100010001,0.00015354633426685338,0.0005159246083338492,0.00035743389226250134
3707,0.00010001000100010001,0.0,0.0,0.00019601960196019604,0.0001263302163236739
3708,0.00010001000100010001,0.00010001000100010001,0.0,0.00010001000100010001,4.626571417273532e-05
3709,0.00010001000100010001,0.0,0.0,0.00010001000100010001,4.626571417273532e-05
3710,0.00010001000100010001,0.00010001000100010001,0.0,0.00017144571600017145,0.00011327562607562986
3711,0.00010001000100010001,0.0,0.0,0.00010001000100010001,4.626571417273532e-05
3712,0.00020002000200020003,0.00010001000100010001,4.8837892578515705e-06,0.0002592259225922592,0.00020169545390832176
3713,0.00010001000100010001,0.0,0.0,0.00016001600160016002,9.274728291058062e-05
3714,0.00010001000100010001,0.00010001000100010001,0.0,0.00010001000100010001,4.626571417273532e-05
3715,0.00010001000100010001,0.0,0.0,0.00010001000100010001,4.626571417273532e-05
3716,0.00010001000100010001,0.00010001000100010001,0.0,0.00021394544517742913,0.00016185526127071326
3717,0.00010001000100010001,0.0,0.0,0.00010001000100010001,4.626571417273532e-05
3718,0.00020002000200020003,0.00010001000100010001,0.0,0.0002272954568184091,0.00011400450293589145
3719,0.00010001000100010001,0.0,0.0,0.00018335166850018332,0.00014300827997710134
3720,0.00010001000100010001,0.00010001000100010001,0.0,0.00010001000100010001,4.626571417273532e-05
3721,0.00010001000100010001,0.0,0.0,0.00010001000100010001,4.626571417273532e-05
3722,0.00010001000100010001,0.00010001000100010001,0.0,0.00016001600160016002,9.274728291058062e-05
3723,0.00010001000100010001,0.0,0.0,0.00010001000100010001,4.626571417273532e-05
3724,0.00020002000200020003,0.00010001000100010001,1.4846719343868773e-05,0.00048282973992763516,0.00035077994601624024
3725,0.00010001000100010001,0.0,0.0,0.00025353412534235875,0.00018721031534474865
3726,0.00010001000100010001,0.00010001000100010001,0.0,0.00010001000100010001,4.626571417273532e-05
3727,0.00010001000100010001,0.0,0.0,0.00010001000100010001,4.626571417273532e-05
3728,0.00010001000100010001,0.00010001000100010001,0.0,0.00017144571600017145,0.00011327562607562986
3729,0.00010001000100010001,0.0,0.0,0.00010001000100010001,4.626571417273532e-05
3730,0.00020002000200020003,0.00010001000100010001,1.3479258351670334e-05,0.00022981021506405958,0.0001905126267412633
3731,0.00010001000100010001,0.0,0.0,0.00016001600160016002,9.274728291058062e-05
3732,0.00010001000100010001,0.00010001000100010001,0.0,0.00010001000100010001,4.626571417273532e-05
3733,0.00010001000100010001,0.0,0.0,0.00010001000100010001,4.626571417273532e-05
3734,0.00010001000100010001,0.00010001000100010001,7.4233596719343865e-06,0.00019601960196019604,0.0001263302163236739
3735,0.00010001000100010001,0.0,0.0,0.00010001000100010001,4.626571417273532e-05
3736,0.00020002000200020003,0.00010001000100010001,1.6995586617323465e-05,0.0002272954568184091,0.00011400450293589145
3737,0.00010001000100010001,0.0,0.0,0.00017144571600017145,0.00011327562607562986
3738,0.00010001000100010001,0.00010001000100010001,1.6995586617323465e-05,0.00010001000100010001,4.626571417273532e-05
3739,0.00010001000100010001,0.0,0.0,0.00010001000100010001,4.626571417273532e-05
3740,0.00010001000100010001,0.00010001000100010001,0.0,0.00016001600160016002,9.274728291058062e-05
3741,0.00010001000100010001,0.0,0.0,0.00010001000100010001,4.626571417273532e-05
3742,0.00020002000200020003,0.00010001000100010001,0.0,0.00030253025302530255,0.00018347412098232107
3743,0.00010001000100010001,0.0,0.0,0.00020410204285734696,0.00014695433530598987
3744,0.00010001000100010001,0.00010001000100010001,0.0,0.00010001000100010001,4.626571417273532e-05
3745,0.00010001000100010001,0.0,0.0,0.00010001000100010001,4.626571417273532e-05
3746,0.00010001000100010001,0.00010001000100010001,0.0,0.00019201920192019203,0.00014880067102266924
3747,0.00010001000100010001,0.0,0.0,0.00010001000100010001,4.626571417273532e-05
3748,0.00020002000200020003,0.00010001000100010001,0.0,0.0002461784640002462,0.00014758743634898474
3749,0.00010001000100010001,0.0,0.0,0.00016001600160016002,9.274728291058062e-05
3750,0.00010001000100010001,0.00010001000100010001,0.0,0.00010001000100010001,4.626571417273532e-05
3751,0.00010001000100010001,0.0,0.0,0.00010001000100010001,4.626571417273532e-05
3752,0.00010001000100010001,0.00010001000100010001,9.767578515703141e-06,0.00022063275029793054,0.0001715686461653897
3753,0.00010001000100010001,0.0,0.0,0.00010001000100010001,4.626571417273532e-05
3754,0.00020002000200020003,0.00010001000100010001,0.0,0.00022859428800022858,0.00010094991268784743
3755,0.00010001000100010001,0.0,0.0,0.00015001500150015003,7.96926926625366e-05
3756,0.00010001000100010001,0.00010001000100010001,0.0,0.00010001000100010001,4.626571417273532e-05
3757,0.00010001000100010001,0.0,0.0,0.00010001000100010001,4.626571417273532e-05
3758,0.00010001000100010001,0.00010001000100010001,9.76757851570314e-07,0.00015001500150015003,7.96926926625366e-05
3759,0.00010001000100010001,0.0,0.0,0.00010001000100010001,4.626571417273532e-05
3760,0.00020002000200020003,0.00010001000100010001,2.559105571114223e-05,0.0002618443662548073,0.0001799472480057556
3761,0.00010001000100010001,0.0,0.0,0.00017144571600017145,0.00011327562607562986
3762,0.00010001000100010001,0.00010001000100010001,0.0,0.00010001000100010001,4.626571417273532e-05
3763,0.00010001000100010001,0.0,0.0,0.00010001000100010001,4.626571417273532e-05
3764,0.00010001000100010001,0.00010001000100010001,0.0,0.00015001500150015003,7.96926926625366e-05
3765,0.00010001000100010001,0.0,0.0,0.00010001000100010001,4.626571417273532e-05
3766,0.00020002000200020003,0.00010001000100010001,3.907031406281256e-06,0.000302519878543871,0.00022686504769006382
3767,0.00010001000100010001,0.0,0.0,0.00015001500150015003,7.96926926625366e-05
3768,0.00010001000100010001,0.00010001000100010001,0.0,0.00010001000100010001,4.626571417273532e-05
3769,0.00010001000100010001,0.0,0.0,0.00010001000100010001,4.626571417273532e-05
3770,0.00010001000100010001,0.00010001000100010001,0.0,0.00018335166850018332,0.00014300827997710134
3771,0.00010001000100010001,0.0,0.0,0.00010001000100010001,4.626571417273532e-05
3772,0.00020002000200020003,0.00010001000100010001,7.4233596719343865e-06,0.00022859428800022858,0.00010094991268784743
3773,0.00010001000100010001,0.0,0.0,0.00015001500150015003,7.96926926625366e-05
3774,0.00010001000100010001,0.00010001000100010001,0.0,0.00010001000100010001,4.626571417273532e-05
3775,0.00010001000100010001,0.0,0.0,0.00010001000100010001,4.626571417273532e-05
3776,0.00010001000100010001,0.00010001000100010001,0.0,0.00015001500150015003,7.96926926625366e-05
3777,0.00010001000100010001,0.0,0.0,0.00010001000100010001,4.626571417273532e-05
3778,0.00020002000200020003,0.00010001000100010001,3.20376575315063e-05,0.0003945787070174594,0.0002839213034274948
3779,0.00010001000100010001,0.0,0.0,0.0001960980411766667,0.00014333168651215768
3780,0.00010001000100010001,0.00010001000100010001,0.0,0.00010001000100010001,4.626571417273532e-05
3781,0.00010001000100010001,0.0,0.0,0.00010001000100010001,4.626571417273532e-05
3782,0.00010001000100010001,0.00010001000100010001,0.0,0.00015001500150015003,7.96926926625366e-05
3783,0.00010001000100010001,0.0,0.0,0.00010001000100010001,4.626571417273532e-05
3784,0.00020002000200020003,0.00010001000100010001,1.4846719343868773e-05,0.00021741304565239133,0.00015515696508325668
3785,0.00010001000100010001,0.0,0.0,0.00015001500150015003,7.96926926625366e-05
3786,0.00010001000100010001,0.00010001000100010001,0.0,0.00010001000100010001,4.626571417273532e-05
3787,0.00010001000100010001,0.0,0.0,0.00010001000100010001,4.626571417273532e-05
3788,0.00010001000100010001,0.00010001000100010001,7.4233596719343865e-06,0.00017144571600017145,0.00011327562607562986
3789,0.00010001000100010001,0.0,0.0,0.00010001000100010001,4.626571417273532e-05
3790,0.00020002000200020003,0.00010001000100010001,0.0,0.00022859428800022858,0.00010094991268784743
3791,0.00010001000100010001,0.0,0.0,0.00015001500150015003,7.96926926625366e-05
3792,0.00010001000100010001,0.00010001000100010001,0.0,0.00010001000100010001,4.626571417273532e-05
3793,0.00010001000100010001,0.0,0.0,0.00010001000100010001,4.626571417273532e-05
3794,0.00010001000100010001,0.00010001000100010001,0.0,0.00015001500150015003,7.96926926625366e-05
3795,0.00010001000100010001,0.0,0.0,0.00010001000100010001,4.626571417273532e-05
3796,0.00020002000200020003,0.00010001000100010001,0.0,0.00025602560256025603,0.0001498911875692278
3797,0.00010001000100010001,0.0,0.0,0.00020482048204820483,0.0001621367047111779
3798,0.00010001000100010001,0.00010001000100010001,0.0,0.00010001000100010001,4.626571417273532e-05
3799,0.00010001000100010001,0.0,0.0,0.00010001000100010001,4.626571417273532e-05
3800,0.00010001000100010001,0.00010001000100010001,0.0,0.00015001500150015003,7.96926926625366e-05
3801,0.00010001000100010001,0.0,0.0,0.00010001000100010001,4.626571417273532e-05
3802,0.00020002000200020003,0.00010001000100010001,5.860547109421884e-06,0.00022274954768204092,0.00013453284610094067
3803,0.00010001000100010001,0.0,0.0,0.00015001500150015003,7.96926926625366e-05
3804,0.00010001000100010001,0.00010001000100010001,0.0,0.00010001000100010001,4.626571417273532e-05
3805,0.00010001000100010001,0.0,0.0,0.00010001000100010001,4.626571417273532e-05
3806,0.00010001000100010001,0.00010001000100010001,2.930273554710942e-06,0.0003430769793120314,0.00023054277258437254
3807,0.00010001000100010001,0.0,0.0,0.00010001000100010001,4.626571417273532e-05
3808,0.00020002000200020003,0.00010001000100010001,0.0,0.00022859428800022858,0.00010094991268784743
3809,0.00010001000100010001,0.0,0.0,0.00015001500150015003,7.96926926625366e-05
3810,0.00010001000100010001,0.00010001000100010001,0.0,0.00010001000100010001,4.626571417273532e-05
3811,0.00010001000100010001,0.0,0.0,0.00010001000100010001,4.626571417273532e-05
3812,0.00010001000100010001,0.00010001000100010001,0.0,0.00015001500150015003,7.96926926625366e-05
3813,0.00010001000100010001,0.0,0.0,0.00010001000100010001,4.626571417273532e-05
3814,0.00020002000200020003,0.00010001000100010001,1.1721094218843768e-05,0.0002704270427042704,0.00022071309666597537
3815,0.00010001000100010001,0.0,0.0,0.00017144571600017145,0.00011327562607562986
3816,0.00010001000100010001,0.00010001000100010001,0.0,0.00010001000100010001,4.626571417273532e-05
3817,0.00010001000100010001,0.0,0.0,0.00010001000100010001,4.626571417273532e-05
3818,0.00010001000100010001,0.00010001000100010001,0.0,0.00015001500150015003,7.96926926625366e-05
3819,0.00010001000100010001,0.0,0.0,0.00010001000100010001,4.626571417273532e-05
3820,0.00020002000200020003,0.00010001000100010001,0.0,0.0002327155792502327,0.0001645889065374685
3821,0.00010001000100010001,0.0,0.0,0.00015001500150015003,7.96926926625366e-05
3822,0.00010001000100010001,0.00010001000100010001,0.0,0.00010001000100010001,4.626571417273532e-05
3823,0.00010001000100010001,0.0,0.0,0.00010001000100010001,4.626571417273532e-05
3824,0.00010001000100010001,0.00010001000100010001,0.0,0.00018001800180018,0.00013389974505794585
3825,0.00010001000100010001,0.0,0.0,0.00010001000100010001,4.626571417273532e-05
3826,0.00020002000200020003,0.00010001000100010001,0.0,0.00022859428800022858,0.00010094991268784743
3827,0.00010001000100010001,0.0,0.0,0.00015001500150015003,7.96926926625366e-05
3828,0.00010001000100010001,0.00010001000100010001,0.0,0.00010001000100010001,4.626571417273532e-05
3829,0.00010001000100010001,0.0,0.0,0.00010001000100010001,4.626571417273532e-05
3830,0.00010001000100010001,0.00010001000100010001,0.0,0.00015001500150015003,7.96926926625366e-05
3831,0.00010001000100010001,0.0,0.0,0.00010001000100010001,4.626571417273532e-05
3832,0.00020002000200020003,0.00010001000100010001,0.0,0.0003086022888003086,0.00022077630361806453
3833,0.00010001000100010001,0.0,0.0,0.0002145909955233934,0.0001714251489676881
3834,0.00010001000100010001,0.00010001000100010001,1.0939687937587518e-05,0.00010001000100010001,4.626571417273532e-05
3835,0.00010001000100010001,0.0,0.0,0.00010001000100010001,4.626571417273532e-05
3836,0.00010001000100010001,0.00010001000100010001,0.0,0.00015001500150015003,7.96926926625366e-05
3837,0.00010001000100010001,0.0,0.0,0.00010001000100010001,4.626571417273532e-05
3838,0.00020002000200020003,0.00010001000100010001,0.0,0.00022239066011864347,0.00017005789104798007
3839,0.00010001000100010001,0.0,0.0,0.00015001500150015003,7.96926926625366e-05
3840,0.00010001000100010001,0.00010001000100010001,0.0,0.00010001000100010001,4.626571417273532e-05
3841,0.00010001000100010001,0.0,0.0,0.00010001000100010001,4.626571417273532e-05
3842,0.00010001000100010001,0.00010001000100010001,0.0,0.00017144571600017145,0.00011327562607562986
3843,0.00010001000100010001,0.0,0.0,0.00010001000100010001,4.626571417273532e-05
3844,0.00020002000200020003,0.00010001000100010001,9.962930086017203e-06,0.00022859428800022858,0.00010094991268784743
3845,0.00010001000100010001,0.0,0.0,0.00015001500150015003,7.96926926625366e-05
3846,0.00010001000100010001,0.00010001000100010001,0.0,0.00010001000100010001,4.626571417273532e-05
3847,0.00010001000100010001,0.0,0.0,0.00010001000100010001,4.626571417273532e-05
3848,0.00010001000100010001,0.00010001000100010001,0.0,0.00015001500150015003,7.96926926625366e-05
3849,0.00010001000100010001,0.0,0.0,0.00010001000100010001,4.626571417273532e-05
3850,0.00020002000200020003,0.00010001000100010001,0.0,0.00025602560256025603,0.0001498911875692278
3851,0.00010001000100010001,0.0,0.0,0.00019906449243650478,0.00016642613348157826
3852,0.00010001000100010001,0.00010001000100010001,0.0,0.00010001000100010001,4.626571417273532e-05
3853,0.00010001000100010001,0.0,0.0,0.00010001000100010001,4.626571417273532e-05
3854,0.00010001000100010001,0.00010001000100010001,0.0,0.00015001500150015003,7.96926926625366e-05
3855,0.00010001000100010001,0.0,0.0,0.00010001000100010001,4.626571417273532e-05
3856,0.00020002000200020003,0.00010001000100010001,0.0,0.00022274954768204092,0.00013453284610094067
3857,0.00010001000100010001,0.0,0.0,0.00015001500150015003,7.96926926625366e-05
3858,0.00010001000100010001,0.00010001000100010001,0.0,0.00010001000100010001,4.626571417273532e-05
3859,0.00010001000100010001,0.0,0.0,0.00010001000100010001,4.626571417273532e-05
3860,0.00010001000100010001,0.00010001000100010001,0.0,0.0001960980411766667,0.00014333168651215768
3861,0.00010001000100010001,0.0,0.0,0.00010001000100010001,4.626571417273532e-05
3862,0.00020002000200020003,0.00010001000100010001,0.0,0.00022859428800022858,0.00010094991268784743
3863,0.00010001000100010001,0.0,0.0,0.00015001500150015003,7.96926926625366e-05
3864,0.00010001000100010001,0.00010001000100010001,0.0,0.00010001000100010001,4.626571417273532e-05
3865,0.00010001000100010001,0.0,0.0,0.00010001000100010001,4.626571417273532e-05
3866,0.00010001000100010001,0.00010001000100010001,4.8837892578515705e-06,0.00015001500150015003,7.96926926625366e-05
3867,0.00010001000100010001,0.0,0.0,0.00010001000100010001,4.626571417273532e-05
3868,0.00020002000200020003,0.00010001000100010001,2.8130626125225045e-05,0.0003115696185003116,0.00023729985676961818
3869,0.00010001000100010001,0.0,0.0,0.00017144571600017145,0.00011327562607562986
3870,0.00010001000100010001,0.00010001000100010001,0.0,0.00010001000100010001,4.626571417273532e-05
3871,0.00010001000100010001,0.0,0.0,0.00010001000100010001,4.626571417273532e-05
3872,0.00010001000100010001,0.00010001000100010001,0.0,0.00015001500150015003,7.96926926625366e-05
3873,0.00010001000100010001,0.0,0.0,0.00010001000100010001,4.626571417273532e-05
3874,0.00020002000200020003,0.00010001000100010001,9.962930086017203e-06,0.00033179338341997463,0.00023159264250956536
3875,0.00010001000100010001,0.0,0.0,0.00015001500150015003,7.96926926625366e-05
3876,0.00010001000100010001,0.00010001000100010001,0.0,0.00010001000100010001,4.626571417273532e-05
3877,0.00010001000100010001,0.0,0.0,0.00010001000100010001,4.626571417273532e-05
3878,0.00010001000100010001,0.00010001000100010001,9.962930086017203e-06,0.00019933027785537174,0.0001619932075134763
3879,0.00010001000100010001,0.0,0.0,0.00010001000100010001,4.626571417273532e-05
3880,0.00020002000200020003,0.00010001000100010001,1.9535157031406282e-05,0.00022859428800022858,0.00010094991268784743
3881,0.00010001000100010001,0.0,0.0,0.00015001500150015003,7.96926926625366e-05
3882,0.00010001000100010001,0.00010001000100010001,1.9535157031406282e-05,0.00010001000100010001,4.626571417273532e-05
3883,0.00010001000100010001,0.0,0.0,0.00010001000100010001,4.626571417273532e-05
3884,0.00010001000100010001,0.00010001000100010001,0.0,0.00015001500150015003,7.96926926625366e-05
3885,0.00010001000100010001,0.0,0.0,0.00010001000100010001,4.626571417273532e-05
3886,0.00020002000200020003,0.00010001000100010001,1.953515703140628e-06,0.00042635842531621584,0.00030985217120513015
3887,0.00010001000100010001,0.0,0.0,0.0003435408475912526,0.00023327583157659013
3888,0.00010001000100010001,0.00010001000100010001,0.0,0.00010001000100010001,4.626571417273532e-05
3889,0.00010001000100010001,0.0,0.0,0.00010001000100010001,4.626571417273532e-05
3890,0.00010001000100010001,0.00010001000100010001,0.0,0.00015001500150015003,7.96926926625366e-05
3891,0.00010001000100010001,0.0,0.0,0.00010001000100010001,4.626571417273532e-05
3892,0.00020002000200020003,0.00010001000100010001,0.0,0.00021494686782111048,0.00016426550000241217
3893,0.00010001000100010001,0.0,0.0,0.00015001500150015003,7.96926926625366e-05
3894,0.00010001000100010001,0.00010001000100010001,0.0,0.00010001000100010001,4.626571417273532e-05
3895,0.00010001000100010001,0.0,0.0,0.00010001000100010001,4.626571417273532e-05
3896,0.00010001000100010001,0.00010001000100010001,0.0,0.00017144571600017145,0.00011327562607562986
3897,0.00010001000100010001,0.0,0.0,0.00010001000100010001,4.626571417273532e-05
3898,0.00020002000200020003,0.00010001000100010001,0.0,0.00022859428800022858,0.00010094991268784743
3899,0.00010001000100010001,0.0,0.0,0.00015001500150015003,7.96926926625366e-05
3900,0.00010001000100010001,0.00010001000100010001,0.0,0.00010001000100010001,4.626571417273532e-05
3901,0.00010001000100010001,0.0,0.0,0.00010001000100010001,4.626571417273532e-05
3902,0.00010001000100010001,0.00010001000100010001,0.0,0.00015001500150015003,7.96926926625366e-05
3903,0.00010001000100010001,0.0,0.0,0.00010001000100010001,4.626571417273532e-05
3904,0.00020002000200020003,0.00010001000100010001,4.8837892578515705e-06,0.00025602560256025603,0.0001498911875692278
3905,0.00010001000100010001,0.0,0.0,0.00018001800180018,0.00013389974505794585
3906,0.00010001000100010001,0.00010001000100010001,0.0,0.00010001000100010001,4.626571417273532e-05
3907,0.00010001000100010001,0.0,0.0,0.00010001000100010001,4.626571417273532e-05
3908,0.00010001000100010001,0.00010001000100010001,0.0,0.00015001500150015003,7.96926926625366e-05
3909,0.00010001000100010001,0.0,0.0,0.00010001000100010001,4.626571417273532e-05
3910,0.00020002000200020003,0.00010001000100010001,0.0,0.00022274954768204092,0.00013453284610094067
3911,0.00010001000100010001,0.0,0.0,0.00015001500150015003,7.96926926625366e-05
3912,0.00010001000100010001,0.00010001000100010001,0.0,0.00010001000100010001,4.626571417273532e-05
3913,0.00010001000100010001,0.0,0.0,0.00010001000100010001,4.626571417273532e-05
3914,0.00010001000100010001,0.00010001000100010001,0.0,0.00020866284159280126,0.00015823261247688105
3915,0.00010001000100010001,0.0,0.0,0.00010001000100010001,4.626571417273532e-05
3916,0.00020002000200020003,0.00010001000100010001,9.962930086017203e-06,0.00022859428800022858,0.00010094991268784743
3917,0.00010001000100010001,0.0,0.0,0.00015001500150015003,7.96926926625366e-05
3918,0.00010001000100010001,0.00010001000100010001,0.0,0.00010001000100010001,4.626571417273532e-05
3919,0.00010001000100010001,0.0,0.0,0.00010001000100010001,4.626571417273532e-05
3920,0.00010001000100010001,0.00010001000100010001,0.0,0.00015001500150015003,7.96926926625366e-05
3921,0.00010001000100010001,0.0,0.0,0.00010001000100010001,4.626571417273532e-05
3922,0.00020002000200020003,0.00010001000100010001,0.0,0.0002618443662548073,0.0001799472480057556
3923,0.00010001000100010001,0.0,0.0,0.00017144571600017145,0.00011327562607562986
3924,0.00010001000100010001,0.00010001000100010001,0.0,0.00010001000100010001,4.626571417273532e-05
3925,0.00010001000100010001,0.0,0.0,0.00010001000100010001,4.626571417273532e-05
3926,0.00010001000100010001,0.00010001000100010001,0.0,0.00015001500150015003,7.96926926625366e-05
3927,0.00010001000100010001,0.0,0.0,0.00010001000100010001,4.626571417273532e-05
3928,0.00020002000200020003,0.00010001000100010001,2.8130626125225045e-05,0.00029758077848601185,0.00022451162998032707
3929,0.00010001000100010001,0.0,0.0,0.00015001500150015003,7.96926926625366e-05
3930,0.00010001000100010001,0.00010001000100010001,0.0,0.00010001000100010001,4.626571417273532e-05
3931,0.00010001000100010001,0.0,0.0,0.00010001000100010001,4.626571417273532e-05
3932,0.00010001000100010001,0.00010001000100010001,2.8130626125225045e-05,0.00018335166850018332,0.00014300827997710134
3933,0.00010001000100010001,0.0,0.0,0.00010001000100010001,4.626571417273532e-05
3934,0.00020002000200020003,0.00010001000100010001,0.0,0.00022859428800022858,0.00010094991268784743
3935,0.00010001000100010001,0.0,0.0,0.00015001500150015003,7.96926926625366e-05
3936,0.00010001000100010001,0.00010001000100010001,0.0,0.00010001000100010001,4.626571417273532e-05
3937,0.00010001000100010001,0.0,0.0,0.00010001000100010001,4.626571417273532e-05
3938,0.00010001000100010001,0.00010001000100010001,0.0,0.00015001500150015003,7.96926926625366e-05
3939,0.00010001000100010001,0.0,0.0,0.00010001000100010001,4.626571417273532e-05
3940,0.00020002000200020003,0.00010001000100010001,0.0,0.0003698483055852755,0.000266543764406265
3941,0.00010001000100010001,0.0,0.0,0.0001960980411766667,0.00014333168651215768
3942,0.00010001000100010001,0.00010001000100010001,0.0,0.00010001000100010001,4.626571417273532e-05
3943,0.00010001000100010001,0.0,0.0,0.00010001000100010001,4.626571417273532e-05
3944,0.00010001000100010001,0.00010001000100010001,0.0,0.00015001500150015003,7.96926926625366e-05
3945,0.00010001000100010001,0.0,0.0,0.00010001000100010001,4.626571417273532e-05
3946,0.00020002000200020003,0.00010001000100010001,0.0,0.00021741304565239133,0.00015515696508325668
3947,0.00010001000100010001,0.0,0.0,0.00015001500150015003,7.96926926625366e-05
3948,0.00010001000100010001,0.00010001000100010001,7.4233596719343865e-06,0.00010001000100010001,4.626571417273532e-05
3949,0.00010001000100010001,0.0,0.0,0.00010001000100010001,4.626571417273532e-05
3950,0.00010001000100010001,0.00010001000100010001,0.0,0.00017144571600017145,0.00011327562607562986
3951,0.00010001000100010001,0.0,0.0,0.00010001000100010001,4.626571417273532e-05
3952,0.00020002000200020003,0.00010001000100010001,0.0,0.00022859428800022858,0.00010094991268784743
3953,0.00010001000100010001,0.0,0.0,0.00015001500150015003,7.96926926625366e-05
3954,0.00010001000100010001,0.00010001000100010001,0.0,0.00010001000100010001,4.626571417273532e-05
3955,0.00010001000100010001,0.0,0.0,0.00010001000100010001,4.626571417273532e-05
3956,0.00010001000100010001,0.00010001000100010001,0.0,0.00015001500150015003,7.96926926625366e-05
3957,0.00010001000100010001,0.0,0.0,0.00010001000100010001,4.626571417273532e-05
3958,0.00020002000200020003,0.00010001000100010001,0.0,0.00025602560256025603,0.0001498911875692278
3959,0.00010001000100010001,0.0,0.0,0.00019201920192019203,0.00014880067102266924
3960,0.00010001000100010001,0.00010001000100010001,0.0,0.00010001000100010001,4.626571417273532e-05
3961,0.00010001000100010001,0.0,0.0,0.00010001000100010001,4.626571417273532e-05
3962,0.00010001000100010001,0.00010001000100010001,0.0,0.00015001500150015003,7.96926926625366e-05
3963,0.00010001000100010001,0.0,0.0,0.00010001000100010001,4.626571417273532e-05
3964,0.00020002000200020003,0.00010001000100010001,1.5628125625125025e-06,0.00022274954768204092,0.00013453284610094067
3965,0.00010001000100010001,0.0,0.0,0.00015001500150015003,7.96926926625366e-05
3966,0.00010001000100010001,0.00010001000100010001,0.0,0.00010001000100010001,4.626571417273532e-05
3967,0.00010001000100010001,0.0,0.0,0.00010001000100010001,4.626571417273532e-05
3968,0.00010001000100010001,0.00010001000100010001,2.20747274454891e-05,0.00023275054778205094,0.0001741557250967046
3969,0.00010001000100010001,0.0,0.0,0.00010001000100010001,4.626571417273532e-05
3970,0.00020002000200020003,0.00010001000100010001,0.0,0.00022859428800022858,0.00010094991268784743
3971,0.00010001000100010001,0.0,0.0,0.00015001500150015003,7.96926926625366e-05
3972,0.00010001000100010001,0.00010001000100010001,1.8558399179835966e-05,0.00010001000100010001,4.626571417273532e-05
3973,0.00010001000100010001,0.0,0.0,0.00010001000100010001,4.626571417273532e-05
3974,0.00010001000100010001,0.00010001000100010001,1.8558399179835966e-05,0.00015001500150015003,7.96926926625366e-05
3975,0.00010001000100010001,0.0,0.0,0.00010001000100010001,4.626571417273532e-05
3976,0.00020002000200020003,0.00010001000100010001,1.465136777355471e-05,0.00026473235558850005,0.00019484817397047893
3977,0.00010001000100010001,0.0,0.0,0.00017144571600017145,0.00011327562607562986
3978,0.00010001000100010001,0.00010001000100010001,0.0,0.00010001000100010001,4.626571417273532e-05
3979,0.00010001000100010001,0.0,0.0,0.00010001000100010001,4.626571417273532e-05
3980,0.00010001000100010001,0.00010001000100010001,0.0,0.00015001500150015003,7.96926926625366e-05
3981,0.00010001000100010001,0.0,0.0,0.00010001000100010001,4.626571417273532e-05
3982,0.00020002000200020003,0.00010001000100010001,0.0,0.0002327155792502327,0.0001645889065374685
3983,0.00010001000100010001,0.0,0.0,0.00015001500150015003,7.96926926625366e-05
3984,0.00010001000100010001,0.00010001000100010001,0.0,0.00010001000100010001,4.626571417273532e-05
3985,0.00010001000100010001,0.0,0.0,0.00010001000100010001,4.626571417273532e-05
3986,0.00010001000100010001,0.00010001000100010001,1.5628125625125025e-06,0.00018001800180018,0.00013389974505794585
3987,0.00010001000100010001,0.0,0.0,0.00010001000100010001,4.626571417273532e-05
3988,0.00020002000200020003,0.00010001000100010001,0.0,0.00022859428800022858,0.00010094991268784743
3989,0.00010001000100010001,0.0,0.0,0.00015001500150015003,7.96926926625366e-05
3990,0.00010001000100010001,0.00010001000100010001,9.962930086017203e-06,0.00010001000100010001,4.626571417273532e-05
3991,0.00010001000100010001,0.0,0.0,0.00010001000100010001,4.626571417273532e-05
3992,0.00010001000100010001,0.00010001000100010001,0.0,0.00015001500150015003,7.96926926625366e-05
3993,0.00010001000100010001,0.0,0.0,0.00010001000100010001,4.626571417273532e-05
3994,0.00020002000200020003,0.00010001000100010001,0.0,0.0003086022888003086,0.00022077630361806453
3995,0.00010001000100010001,0.0,0.0,0.0002272954568184091,0.00017818026617710684
3996,0.00010001000100010001,0.00010001000100010001,0.0,0.00010001000100010001,4.626571417273532e-05
3997,0.00010001000100010001,0.0,0.0,0.00010001000100010001,4.626571417273532e-05
3998,0.00010001000100010001,0.00010001000100010001,0.0,0.00015001500150015003,7.96926926625366e-05
3999,0.00010001000100010001,0.0,0.0,0.00010001000100010001,4.626571417273532e-05
4000,0.00020002000200020003,0.00010001000100010001,0.00015452309211842367,0.0004370884849678998,0.00021749445263307914
4001,0.00010001000100010001,0.0,0.0,0.00015001500150015003,7.96926926625366e-05
4002,0.00010001000100010001,0.00010001000100010001,0.0,0.00010001000100010001,4.626571417273532e-05
4003,0.00010001000100010001,0.0,0.0,0.00010001000100010001,4.626571417273532e-05
4004,0.00010001000100010001,0.00010001000100010001,0.0,0.00017144571600017145,0.00011327562607562986
4005,0.00010001000100010001,0.0,0.0,0.00010001000100010001,4.626571417273532e-05
4006,0.00020002000200020003,0.00010001000100010001,0.0,0.00022859428800022858,0.00010094991268784743
4007,0.00010001000100010001,0.0,0.0,0.00015001500150015003,7.96926926625366e-05
4008,0.00010001000100010001,0.00010001000100010001,0.0,0.00010001000100010001,4.626571417273532e-05
4009,0.00010001000100010001,0.0,0.0,0.00010001000100010001,4.626571417273532e-05
4010,0.00010001000100010001,0.00010001000100010001,0.0,0.00015001500150015003,7.96926926625366e-05
4011,0.00010001000100010001,0.0,0.0,0.00010001000100010001,4.626571417273532e-05
4012,0.00020002000200020003,0.00010001000100010001,0.0,0.00025602560256025603,0.0001498911875692278
4013,0.00010001000100010001,0.0,0.0,0.00018335166850018332,0.00014300827997710134
4014,0.00010001000100010001,0.00010001000100010001,0.0,0.00010001000100010001,4.626571417273532e-05
4015,0.00010001000100010001,0.0,0.0,0.00010001000100010001,4.626571417273532e-05
4016,0.00010001000100010001,0.00010001000100010001,0.0,0.00015001500150015003,7.96926926625366e-05
4017,0.00010001000100010001,0.0,0.0,0.00010001000100010001,4.626571417273532e-05
4018,0.00020002000200020003,0.00010001000100010001,0.0,0.00022274954768204092,0.00013453284610094067
4019,0.00010001000100010001,0.0,0.0,0.00015001500150015003,7.96926926625366e-05
4020,0.00010001000100010001,0.00010001000100010001,0.0,0.00010001000100010001,4.626571417273532e-05
4021,0.00010001000100010001,0.0,0.0,0.00010001000100010001,4.626571417273532e-05
4022,0.00010001000100010001,0.00010001000100010001,0.0,0.0001960980411766667,0.00014333168651215768
4023,0.00010001000100010001,0.0,0.0,0.00010001000100010001,4.626571417273532e-05
4024,0.00020002000200020003,0.00010001000100010001,0.0,0.00022859428800022858,0.00010094991268784743
4025,0.00010001000100010001,0.0,0.0,0.00015001500150015003,7.96926926625366e-05
4026,0.00010001000100010001,0.00010001000100010001,1.3479258351670334e-05,0.00010001000100010001,4.626571417273532e-05
4027,0.00010001000100010001,0.0,0.0,0.00010001000100010001,4.626571417273532e-05
4028,0.00010001000100010001,0.00010001000100010001,0.0,0.00015001500150015003,7.96926926625366e-05
4029,0.00010001000100010001,0.0,0.0,0.00010001000100010001,4.626571417273532e-05
4030,0.00020002000200020003,0.00010001000100010001,9.76757851570314e-07,0.0002842389502108105,0.00021077128659030252
4031,0.00010001000100010001,0.0,0.0,0.00017144571600017145,0.00011327562607562986
4032,0.00010001000100010001,0.00010001000100010001,0.0,0.00010001000100010001,4.626571417273532e-05
4033,0.00010001000100010001,0.0,0.0,0.00010001000100010001,4.626571417273532e-05
4034,0.00010001000100010001,0.00010001000100010001,0.0,0.00015001500150015003,7.96926926625366e-05
4035,0.00010001000100010001,0.0,0.0,0.00010001000100010001,4.626571417273532e-05
4036,0.00020002000200020003,0.00010001000100010001,2.20747274454891e-05,0.0002390482950734098,0.00017948983250219187
4037,0.00010001000100010001,0.0,0.0,0.00015001500150015003,7.96926926625366e-05
4038,0.00010001000100010001,0.00010001000100010001,0.0,0.00010001000100010001,4.626571417273532e-05
4039,0.00010001000100010001,0.0,0.0,0.00010001000100010001,4.626571417273532e-05
4040,0.00010001000100010001,0.00010001000100010001,3.750750150030006e-05,0.0002725497775002726,0.00018555805499634518
4041,0.00010001000100010001,0.0,0.0,0.00010001000100010001,4.626571417273532e-05
4042,0.00020002000200020003,0.00010001000100010001,0.0,0.00022859428800022858,0.00010094991268784743
4043,0.00010001000100010001,0.0,0.0,0.00015001500150015003,7.96926926625366e-05
4044,0.00010001000100010001,0.00010001000100010001,0.0,0.00010001000100010001,4.626571417273532e-05
4045,0.00010001000100010001,0.0,0.0,0.00010001000100010001,4.626571417273532e-05
4046,0.00010001000100010001,0.00010001000100010001,9.76757851570314e-07,0.00015001500150015003,7.96926926625366e-05
4047,0.00010001000100010001,0.0,0.0,0.00010001000100010001,4.626571417273532e-05
4048,0.00020002000200020003,0.00010001000100010001,6.622418233646729e-05,0.00037040741111148145,0.0002720639997349067
4049,0.00010001000100010001,0.0,0.0,0.00027176630706548914,0.0002006842952760203
4050,0.00010001000100010001,0.00010001000100010001,0.0,0.00010001000100010001,4.626571417273532e-05
4051,0.00010001000100010001,0.0,0.0,0.00010001000100010001,4.626571417273532e-05
4052,0.00010001000100010001,0.00010001000100010001,0.0,0.00015001500150015003,7.96926926625366e-05
4053,0.00010001000100010001,0.0,0.0,0.00010001000100010001,4.626571417273532e-05
4054,0.00020002000200020003,0.00010001000100010001,2.5395704140828168e-06,0.00021494686782111048,0.00016426550000241217
4055,0.00010001000100010001,0.0,0.0,0.00015001500150015003,7.96926926625366e-05
4056,0.00010001000100010001,0.00010001000100010001,0.0,0.00010001000100010001,4.626571417273532e-05
4057,0.00010001000100010001,0.0,0.0,0.00010001000100010001,4.626571417273532e-05
4058,0.00010001000100010001,0.00010001000100010001,0.0,0.00017144571600017145,0.00011327562607562986
4059,0.00010001000100010001,0.0,0.0,0.00010001000100010001,4.626571417273532e-05
4060,0.00020002000200020003,0.00010001000100010001,0.0,0.00022859428800022858,0.00010094991268784743
4061,0.00010001000100010001,0.0,0.0,0.00015001500150015003,7.96926926625366e-05
4062,0.00010001000100010001,0.00010001000100010001,0.0,0.00010001000100010001,4.626571417273532e-05
4063,0.00010001000100010001,0.0,0.0,0.00010001000100010001,4.626571417273532e-05
4064,0.00010001000100010001,0.00010001000100010001,0.0,0.00015001500150015003,7.96926926625366e-05
4065,0.00010001000100010001,0.0,0.0,0.00010001000100010001,4.626571417273532e-05
4066,0.00020002000200020003,0.00010001000100010001,0.0,0.00025602560256025603,0.0001498911875692278
4067,0.00010001000100010001,0.0,0.0,0.00018001800180018,0.00013389974505794585
4068,0.00010001000100010001,0.00010001000100010001,0.0,0.00010001000100010001,4.626571417273532e-05
4069,0.00010001000100010001,0.0,0.0,0.00010001000100010001,4.626571417273532e-05
4070,0.00010001000100010001,0.00010001000100010001,0.0,0.00015001500150015003,7.96926926625366e-05
4071,0.00010001000100010001,0.0,0.0,0.00010001000100010001,4.626571417273532e-05
4072,0.00020002000200020003,0.00010001000100010001,0.0,0.00022274954768204092,0.00013453284610094067
4073,0.00010001000100010001,0.0,0.0,0.00015001500150015003,7.96926926625366e-05
4074,0.00010001000100010001,0.00010001000100010001,0.0,0.00010001000100010001,4.626571417273532e-05
4075,0.00010001000100010001,0.0,0.0,0.00010001000100010001,4.626571417273532e-05
4076,0.00010001000100010001,0.00010001000100010001,0.0,0.00021335466880021336,0.00016738364363496692
4077,0.00010001000100010001,0.0,0.0,0.00010001000100010001,4.626571417273532e-05
4078,0.00020002000200020003,0.00010001000100010001,0.0,0.00022859428800022858,0.00010094991268784743
4079,0.00010001000100010001,0.0,0.0,0.00015001500150015003,7.96926926625366e-05
4080,0.00010001000100010001,0.00010001000100010001,0.0,0.00010001000100010001,4.626571417273532e-05
4081,0.00010001000100010001,0.0,0.0,0.00010001000100010001,4.626571417273532e-05
4082,0.00010001000100010001,0.00010001000100010001,0.0,0.00015001500150015003,7.96926926625366e-05
4083,0.00010001000100010001,0.0,0.0,0.00010001000100010001,4.626571417273532e-05
4084,0.00020002000200020003,0.00010001000100010001,0.0,0.0002618443662548073,0.0001799472480057556
4085,0.00010001000100010001,0.0,0.0,0.00017144571600017145,0.00011327562607562986
4086,0.00010001000100010001,0.00010001000100010001,0.0,0.00010001000100010001,4.626571417273532e-05
4087,0.00010001000100010001,0.0,0.0,0.00010001000100010001,4.626571417273532e-05
4088,0.00010001000100010001,0.00010001000100010001,0.0,0.00015001500150015003,7.96926926625366e-05
4089,0.00010001000100010001,0.0,0.0,0.00010001000100010001,4.626571417273532e-05
4090,0.00020002000200020003,0.00010001000100010001,0.0,0.0002603863990002604,0.00019541294512201543
4091,0.00010001000100010001,0.0,0.0,0.00015001500150015003,7.96926926625366e-05
4092,0.00010001000100010001,0.00010001000100010001,0.0,0.00010001000100010001,4.626571417273532e-05
4093,0.00010001000100010001,0.0,0.0,0.00010001000100010001,4.626571417273532e-05
4094,0.00010001000100010001,0.00010001000100010001,0.0,0.00019092818372746365,0.00016205441499423013
4095,0.00010001000100010001,0.0,0.0,0.00010001000100010001,4.626571417273532e-05
4096,0.00020002000200020003,0.00010001000100010001,0.0,0.00022859428800022858,0.00010094991268784743
4097,0.00010001000100010001,0.0,0.0,0.00015001500150015003,7.96926926625366e-05
4098,0.00010001000100010001,0.00010001000100010001,3.067019653930786e-05,0.00010001000100010001,4.626571417273532e-05
4099,0.00010001000100010001,0.0,0.0,0.00010001000100010001,4.626571417273532e-05
4100,0.00010001000100010001,0.00010001000100010001,0.0,0.00015001500150015003,7.96926926625366e-05
4101,0.00010001000100010001,0.0,0.0,0.00010001000100010001,4.626571417273532e-05
4102,0.00020002000200020003,0.00010001000100010001,0.0007423359671934387,0.002311836198644214,0.0004216905500493544
4103,0.00010001000100010001,0.0,0.0,0.0001960980411766667,0.00014333168651215768
4104,0.00010001000100010001,0.00010001000100010001,0.0,0.00010001000100010001,4.626571417273532e-05
4105,0.00010001000100010001,0.0,0.0,0.00010001000100010001,4.626571417273532e-05
4106,0.00010001000100010001,0.00010001000100010001,0.0,0.00015001500150015003,7.96926926625366e-05
4107,0.00010001000100010001,0.0,0.0,0.00010001000100010001,4.626571417273532e-05
4108,0.00020002000200020003,0.00010001000100010001,7.4233596719343865e-06,0.00021741304565239133,0.00015515696508325668
4109,0.00010001000100010001,0.0,0.0,0.00015001500150015003,7.96926926625366e-05
4110,0.00010001000100010001,0.00010001000100010001,0.0,0.00010001000100010001,4.626571417273532e-05
4111,0.00010001000100010001,0.0,0.0,0.00010001000100010001,4.626571417273532e-05
4112,0.00010001000100010001,0.00010001000100010001,0.0,0.00017144571600017145,0.00011327562607562986
4113,0.00010001000100010001,0.0,0.0,0.00010001000100010001,4.626571417273532e-05
4114,0.00020002000200020003,0.00010001000100010001,0.0,0.00022859428800022858,0.00010094991268784743
4115,0.00010001000100010001,0.0,0.0,0.00015001500150015003,7.96926926625366e-05
4116,0.00010001000100010001,0.00010001000100010001,0.0,0.00010001000100010001,4.626571417273532e-05
4117,0.00010001000100010001,0.0,0.0,0.00010001000100010001,4.626571417273532e-05
4118,0.00010001000100010001,0.00010001000100010001,0.0,0.00015001500150015003,7.96926926625366e-05
4119,0.00010001000100010001,0.0,0.0,0.00010001000100010001,4.626571417273532e-05
4120,0.00020002000200020003,0.00010001000100010001,0.0,0.00025602560256025603,0.0001498911875692278
4121,0.00010001000100010001,0.0,0.0,0.00019738815986861843,0.0001579517021807551
4122,0.00010001000100010001,0.00010001000100010001,0.0,0.00010001000100010001,4.626571417273532e-05
4123,0.00010001000100010001,0.0,0.0,0.00010001000100010001,4.626571417273532e-05
4124,0.00010001000100010001,0.00010001000100010001,7.4233596719343865e-06,0.00015001500150015003,7.96926926625366e-05
4125,0.00010001000100010001,0.0,0.0,0.00010001000100010001,4.626571417273532e-05
4126,0.00020002000200020003,0.00010001000100010001,0.0,0.00022274954768204092,0.00013453284610094067
4127,0.00010001000100010001,0.0,0.0,0.00015001500150015003,7.96926926625366e-05
4128,0.00010001000100010001,0.00010001000100010001,0.0,0.00010001000100010001,4.626571417273532e-05
4129,0.00010001000100010001,0.0,0.0,0.00010001000100010001,4.626571417273532e-05
4130,0.00010001000100010001,0.00010001000100010001,4.922859571914383e-05,0.00028929446616978084,0.0002126017997278795
4131,0.00010001000100010001,0.0,0.0,0.00010001000100010001,4.626571417273532e-05
4132,0.00020002000200020003,0.00010001000100010001,0.0,0.00022859428800022858,0.00010094991268784743
4133,0.00010001000100010001,0.0,0.0,0.00015001500150015003,7.96926926625366e-05
4134,0.00010001000100010001,0.00010001000100010001,0.0,0.00010001000100010001,4.626571417273532e-05
4135,0.00010001000100010001,0.0,0.0,0.00010001000100010001,4.626571417273532e-05
4136,0.00010001000100010001,0.00010001000100010001,0.0,0.00015001500150015003,7.96926926625366e-05
4137,0.00010001000100010001,0.0,0.0,0.00010001000100010001,4.626571417273532e-05
4138,0.00020002000200020003,0.00010001000100010001,2.4614297859571916e-05,0.00027672980063963844,0.00022677639003616806
4139,0.00010001000100010001,0.0,0.0,0.00017144571600017145,0.00011327562607562986
4140,0.00010001000100010001,0.00010001000100010001,0.0,0.00010001000100010001,4.626571417273532e-05
4141,0.00010001000100010001,0.0,0.0,0.00010001000100010001,4.626571417273532e-05
4142,0.00010001000100010001,0.00010001000100010001,0.0,0.00015001500150015003,7.96926926625366e-05
4143,0.00010001000100010001,0.0,0.0,0.00010001000100010001,4.626571417273532e-05
4144,0.00020002000200020003,0.00010001000100010001,4.922859571914383e-05,0.0002327155792502327,0.0001645889065374685
4145,0.00010001000100010001,0.0,0.0,0.00015001500150015003,7.96926926625366e-05
4146,0.00010001000100010001,0.00010001000100010001,0.0,0.00010001000100010001,4.626571417273532e-05
4147,0.00010001000100010001,0.0,0.0,0.00010001000100010001,4.626571417273532e-05
4148,0.00010001000100010001,0.00010001000100010001,0.0,0.00018001800180018,0.00013389974505794585
4149,0.00010001000100010001,0.0,0.0,0.00010001000100010001,4.626571417273532e-05
4150,0.00020002000200020003,0.00010001000100010001,1.5628125625125025e-06,0.00022859428800022858,0.00010094991268784743
4151,0.00010001000100010001,0.0,0.0,0.00015001500150015003,7.96926926625366e-05
4152,0.00010001000100010001,0.00010001000100010001,0.0,0.00010001000100010001,4.626571417273532e-05
4153,0.00010001000100010001,0.0,0.0,0.00010001000100010001,4.626571417273532e-05
4154,0.00010001000100010001,0.00010001000100010001,1.250250050010002e-05,0.00015001500150015003,7.96926926625366e-05
4155,0.00010001000100010001,0.0,0.0,0.00010001000100010001,4.626571417273532e-05
4156,0.00020002000200020003,0.00010001000100010001,0.0,0.00030628062806280627,0.00022992733477615032
4157,0.00010001000100010001,0.0,0.0,0.00020866284159280126,0.00015823261247688105
4158,0.00010001000100010001,0.00010001000100010001,0.0,0.00010001000100010001,4.626571417273532e-05
4159,0.00010001000100010001,0.0,0.0,0.00010001000100010001,4.626571417273532e-05
4160,0.00010001000100010001,0.00010001000100010001,6.446601820364073e-06,0.00015001500150015003,7.96926926625366e-05
4161,0.00010001000100010001,0.0,0.0,0.00010001000100010001,4.626571417273532e-05
4162,0.00020002000200020003,0.00010001000100010001,2.500500100020004e-05,0.00022938801816689604,0.00018339392473648873
4163,0.00010001000100010001,0.0,0.0,0.00015001500150015003,7.96926926625366e-05
4164,0.00010001000100010001,0.00010001000100010001,0.0,0.00010001000100010001,4.626571417273532e-05
4165,0.00010001000100010001,0.0,0.0,0.00010001000100010001,4.626571417273532e-05
4166,0.00010001000100010001,0.00010001000100010001,0.0,0.00017144571600017145,0.00011327562607562986
4167,0.00010001000100010001,0.0,0.0,0.00010001000100010001,4.626571417273532e-05
4168,0.00020002000200020003,0.00010001000100010001,0.0,0.00022859428800022858,0.00010094991268784743
4169,0.00010001000100010001,0.0,0.0,0.00015001500150015003,7.96926926625366e-05
4170,0.00010001000100010001,0.00010001000100010001,0.0,0.00010001000100010001,4.626571417273532e-05
4171,0.00010001000100010001,0.0,0.0,0.00010001000100010001,4.626571417273532e-05
4172,0.00010001000100010001,0.00010001000100010001,0.0,0.00015001500150015003,7.96926926625366e-05
4173,0.00010001000100010001,0.0,0.0,0.00010001000100010001,4.626571417273532e-05
4174,0.00020002000200020003,0.00010001000100010001,0.0,0.00025602560256025603,0.0001498911875692278
4175,0.00010001000100010001,0.0,0.0,0.00018335166850018332,0.00014300827997710134
4176,0.00010001000100010001,0.00010001000100010001,6.446601820364073e-06,0.00010001000100010001,4.626571417273532e-05
4177,0.00010001000100010001,0.0,0.0,0.00010001000100010001,4.626571417273532e-05
4178,0.00010001000100010001,0.00010001000100010001,0.0,0.00015001500150015003,7.96926926625366e-05
4179,0.00010001000100010001,0.0,0.0,0.00010001000100010001,4.626571417273532e-05
4180,0.00020002000200020003,0.00010001000100010001,0.0,0.00022274954768204092,0.00013453284610094067
4181,0.00010001000100010001,0.0,0.0,0.00015001500150015003,7.96926926625366e-05
4182,0.00010001000100010001,0.00010001000100010001,7.4233596719343865e-06,0.00010001000100010001,4.626571417273532e-05
4183,0.00010001000100010001,0.0,0.0,0.00010001000100010001,4.626571417273532e-05
4184,0.00010001000100010001,0.00010001000100010001,2.4614297859571916e-05,0.0001960980411766667,0.00014333168651215768
4185,0.00010001000100010001,0.0,0.0,0.00010001000100010001,4.626571417273532e-05
4186,0.00020002000200020003,0.00010001000100010001,2.4614297859571916e-05,0.00022859428800022858,0.00010094991268784743
4187,0.00010001000100010001,0.0,0.0,0.00015001500150015003,7.96926926625366e-05
4188,0.00010001000100010001,0.00010001000100010001,0.0,0.00010001000100010001,4.626571417273532e-05
4189,0.00010001000100010001,0.0,0.0,0.00010001000100010001,4.626571417273532e-05
4190,0.00010001000100010001,0.00010001000100010001,0.0,0.00015001500150015003,7.96926926625366e-05
4191,0.00010001000100010001,0.0,0.0,0.00010001000100010001,4.626571417273532e-05
4192,0.00020002000200020003,0.00010001000100010001,1.2893203640728146e-05,0.00041672700304744916,0.0002850057699700527
4193,0.00010001000100010001,0.0,0.0,0.00017144571600017145,0.00011327562607562986
4194,0.00010001000100010001,0.00010001000100010001,0.0,0.00010001000100010001,4.626571417273532e-05
4195,0.00010001000100010001,0.0,0.0,0.00010001000100010001,4.626571417273532e-05
4196,0.00010001000100010001,0.00010001000100010001,0.0,0.00015001500150015003,7.96926926625366e-05
4197,0.00010001000100010001,0.0,0.0,0.00010001000100010001,4.626571417273532e-05
4198,0.00020002000200020003,0.00010001000100010001,2.500500100020004e-05,0.00023322170273707535,0.00019853596751932064
4199,0.00010001000100010001,0.0,0.0,0.00015001500150015003,7.96926926625366e-05
4200,0.00010001000100010001,0.00010001000100010001,0.0,0.00010001000100010001,4.626571417273532e-05
4201,0.00010001000100010001,0.0,0.0,0.00010001000100010001,4.626571417273532e-05
4202,0.00010001000100010001,0.00010001000100010001,6.446601820364073e-06,0.00019201920192019203,0.00014880067102266924
4203,0.00010001000100010001,0.0,0.0,0.00010001000100010001,4.626571417273532e-05
4204,0.00020002000200020003,0.00010001000100010001,0.0,0.00022859428800022858,0.00010094991268784743
4205,0.00010001000100010001,0.0,0.0,0.00015001500150015003,7.96926926625366e-05
4206,0.00010001000100010001,0.00010001000100010001,0.0,0.00010001000100010001,4.626571417273532e-05
4207,0.00010001000100010001,0.0,0.0,0.00010001000100010001,4.626571417273532e-05
4208,0.00010001000100010001,0.00010001000100010001,0.0,0.00015001500150015003,7.96926926625366e-05
4209,0.00010001000100010001,0.0,0.0,0.00010001000100010001,4.626571417273532e-05
4210,0.00020002000200020003,0.00010001000100010001,0.0001476857871574315,0.0006005945329968593,0.00036292237962118383
4211,0.00010001000100010001,0.0,0.0,0.00023275054778205094,0.0001741557250967046
4212,0.00010001000100010001,0.00010001000100010001,0.0,0.00010001000100010001,4.626571417273532e-05
4213,0.00010001000100010001,0.0,0.0,0.00010001000100010001,4.626571417273532e-05
4214,0.00010001000100010001,0.00010001000100010001,0.0,0.00015001500150015003,7.96926926625366e-05
4215,0.00010001000100010001,0.0,0.0,0.00010001000100010001,4.626571417273532e-05
4216,0.00020002000200020003,0.00010001000100010001,0.0,0.0002145909955233934,0.0001800281511722152
4217,0.00010001000100010001,0.0,0.0,0.00015001500150015003,7.96926926625366e-05
4218,0.00010001000100010001,0.00010001000100010001,1.605017676725169e-05,0.00010001000100010001,4.626571417273532e-05
4219,0.00010001000100010001,0.0,0.0,0.00010001000100010001,4.626571417273532e-05
4220,0.00010001000100010001,0.00010001000100010001,0.0,0.00017144571600017145,0.00011327562607562986
4221,0.00010001000100010001,0.0,0.0,0.00010001000100010001,4.626571417273532e-05
4222,0.00020002000200020003,0.00010001000100010001,0.0,0.00022859428800022858,0.00010094991268784743
4223,0.00010001000100010001,0.0,0.0,0.00015001500150015003,7.96926926625366e-05
4224,0.00010001000100010001,0.00010001000100010001,0.0,0.00010001000100010001,4.626571417273532e-05
4225,0.00010001000100010001,0.0,0.0,0.00010001000100010001,4.626571417273532e-05
4226,0.00010001000100010001,0.00010001000100010001,0.0,0.00015001500150015003,7.96926926625366e-05
4227,0.00010001000100010001,0.0,0.0,0.00010001000100010001,4.626571417273532e-05
4228,0.00020002000200020003,0.00010001000100010001,0.0,0.00025602560256025603,0.0001498911875692278
4229,0.00010001000100010001,0.0,0.0,0.00017779555733351112,0.000128107354012378
4230,0.00010001000100010001,0.00010001000100010001,0.0,0.00010001000100010001,4.626571417273532e-05
4231,0.00010001000100010001,0.0,0.0,0.00010001000100010001,4.626571417273532e-05
4232,0.00010001000100010001,0.00010001000100010001,0.0,0.00015001500150015003,7.96926926625366e-05
4233,0.00010001000100010001,0.0,0.0,0.00010001000100010001,4.626571417273532e-05
4234,0.00020002000200020003,0.00010001000100010001,0.0,0.00022274954768204092,0.00013453284610094067
4235,0.00010001000100010001,0.0,0.0,0.00015001500150015003,7.96926926625366e-05
4236,0.00010001000100010001,0.00010001000100010001,0.0,0.00010001000100010001,4.626571417273532e-05
4237,0.00010001000100010001,0.0,0.0,0.00010001000100010001,4.626571417273532e-05
4238,0.00010001000100010001,0.00010001000100010001,1.953515703140628e-06,0.0002619187749977044,0.00019340850979122958
4239,0.00010001000100010001,0.0,0.0,0.00010001000100010001,4.626571417273532e-05
4240,0.00020002000200020003,0.00010001000100010001,0.0,0.00022859428800022858,0.00010094991268784743
4241,0.00010001000100010001,0.0,0.0,0.00015001500150015003,7.96926926625366e-05
4242,0.00010001000100010001,0.00010001000100010001,0.0,0.00010001000100010001,4.626571417273532e-05
4243,0.00010001000100010001,0.0,0.0,0.00010001000100010001,4.626571417273532e-05
4244,0.00010001000100010001,0.00010001000100010001,0.0,0.00015001500150015003,7.96926926625366e-05
4245,0.00010001000100010001,0.0,0.0,0.00010001000100010001,4.626571417273532e-05
4246,0.00020002000200020003,0.00010001000100010001,1.9339805461092218e-05,0.00026306978523939347,0.00017415485696018772
4247,0.00010001000100010001,0.0,0.0,0.00017144571600017145,0.00011327562607562986
4248,0.00010001000100010001,0.00010001000100010001,0.0,0.00010001000100010001,4.626571417273532e-05
4249,0.00010001000100010001,0.0,0.0,0.00010001000100010001,4.626571417273532e-05
4250,0.00010001000100010001,0.00010001000100010001,0.0,0.00015001500150015003,7.96926926625366e-05
4251,0.00010001000100010001,0.0,0.0,0.00010001000100010001,4.626571417273532e-05
4252,0.00020002000200020003,0.00010001000100010001,3.0084141828365674e-05,0.00033406263382079336,0.00023998189359859747
4253,0.00010001000100010001,0.0,0.0,0.00015001500150015003,7.96926926625366e-05
4254,0.00010001000100010001,0.00010001000100010001,0.0,0.00010001000100010001,4.626571417273532e-05
4255,0.00010001000100010001,0.0,0.0,0.00010001000100010001,4.626571417273532e-05
4256,0.00010001000100010001,0.00010001000100010001,0.0,0.00017779555733351112,0.000128107354012378
4257,0.00010001000100010001,0.0,0.0,0.00010001000100010001,4.626571417273532e-05
4258,0.00020002000200020003,0.00010001000100010001,0.0,0.00022859428800022858,0.00010094991268784743
4259,0.00010001000100010001,0.0,0.0,0.00015001500150015003,7.96926926625366e-05
4260,0.00010001000100010001,0.00010001000100010001,0.0,0.00010001000100010001,4.626571417273532e-05
4261,0.00010001000100010001,0.0,0.0,0.00010001000100010001,4.626571417273532e-05
4262,0.00010001000100010001,0.00010001000100010001,0.0,0.00015001500150015003,7.96926926625366e-05
4263,0.00010001000100010001,0.0,0.0,0.00010001000100010001,4.626571417273532e-05
4264,0.00020002000200020003,0.00010001000100010001,2.5786407281456292e-05,0.0003520498570003521,0.0002637122395990654
4265,0.00010001000100010001,0.0,0.0,0.00019287643050019287,0.00013753929546658983
4266,0.00010001000100010001,0.00010001000100010001,0.0,0.00010001000100010001,4.626571417273532e-05
4267,0.00010001000100010001,0.0,0.0,0.00010001000100010001,4.626571417273532e-05
4268,0.00010001000100010001,0.00010001000100010001,0.0,0.00015001500150015003,7.96926926625366e-05
4269,0.00010001000100010001,0.0,0.0,0.00010001000100010001,4.626571417273532e-05
4270,0.00020002000200020003,0.00010001000100010001,0.0,0.00021894081300021895,0.00014936457403768883
4271,0.00010001000100010001,0.0,0.0,0.00015001500150015003,7.96926926625366e-05
4272,0.00010001000100010001,0.00010001000100010001,0.0,0.00010001000100010001,4.626571417273532e-05
4273,0.00010001000100010001,0.0,0.0,0.00010001000100010001,4.626571417273532e-05
4274,0.00010001000100010001,0.00010001000100010001,1.250250050010002e-05,0.00017144571600017145,0.00011327562607562986
4275,0.00010001000100010001,0.0,0.0,0.00010001000100010001,4.626571417273532e-05
4276,0.00020002000200020003,0.00010001000100010001,0.0,0.00022859428800022858,0.00010094991268784743
4277,0.00010001000100010001,0.0,0.0,0.00015001500150015003,7.96926926625366e-05
4278,0.00010001000100010001,0.00010001000100010001,0.0,0.00010001000100010001,4.626571417273532e-05
4279,0.00010001000100010001,0.0,0.0,0.00010001000100010001,4.626571417273532e-05
4280,0.00010001000100010001,0.00010001000100010001,0.0,0.00015001500150015003,7.96926926625366e-05
4281,0.00010001000100010001,0.0,0.0,0.00010001000100010001,4.626571417273532e-05
4282,0.00020002000200020003,0.00010001000100010001,0.0,0.00025602560256025603,0.0001498911875692278
4283,0.00010001000100010001,0.0,0.0,0.00029963984694958445,0.0001950403358647506
4284,0.00010001000100010001,0.00010001000100010001,0.0,0.00010001000100010001,4.626571417273532e-05
4285,0.00010001000100010001,0.0,0.0,0.00010001000100010001,4.626571417273532e-05
4286,0.00010001000100010001,0.00010001000100010001,9.76757851570314e-07,0.00015001500150015003,7.96926926625366e-05
4287,0.00010001000100010001,0.0,0.0,0.00010001000100010001,4.626571417273532e-05
4288,0.00020002000200020003,0.00010001000100010001,0.0,0.00022274954768204092,0.00013453284610094067
4289,0.00010001000100010001,0.0,0.0,0.00015001500150015003,7.96926926625366e-05
4290,0.00010001000100010001,0.00010001000100010001,0.0,0.00010001000100010001,4.626571417273532e-05
4291,0.00010001000100010001,0.0,0.0,0.00010001000100010001,4.626571417273532e-05
4292,0.00010001000100010001,0.00010001000100010001,1.465136777355471e-05,0.0002433154707875851,0.00019067885643960194
4293,0.00010001000100010001,0.0,0.0,0.00010001000100010001,4.626571417273532e-05
4294,0.00020002000200020003,0.00010001000100010001,4.893346575381612e-06,0.00022859428800022858,0.00010094991268784743
4295,0.00010001000100010001,0.0,0.0,0.00015001500150015003,7.96926926625366e-05
4296,0.00010001000100010001,0.00010001000100010001,0.0,0.00010001000100010001,4.626571417273532e-05
4297,0.00010001000100010001,0.0,0.0,0.00010001000100010001,4.626571417273532e-05
4298,0.00010001000100010001,0.00010001000100010001,0.0,0.00015001500150015003,7.96926926625366e-05
4299,0.00010001000100010001,0.0,0.0,0.00010001000100010001,4.626571417273532e-05
4300,0.00020002000200020003,0.00010001000100010001,0.0,0.00025716857400025716,0.00020239181661341977
4301,0.00010001000100010001,0.0,0.0,0.00017144571600017145,0.00011327562607562986
4302,0.00010001000100010001,0.00010001000100010001,0.0,0.00010001000100010001,4.626571417273532e-05
4303,0.00010001000100010001,0.0,0.0,0.00010001000100010001,4.626571417273532e-05
4304,0.00010001000100010001,0.00010001000100010001,6.446601820364073e-06,0.00015001500150015003,7.96926926625366e-05
4305,0.00010001000100010001,0.0,0.0,0.00010001000100010001,4.626571417273532e-05
4306,0.00020002000200020003,0.00010001000100010001,1.565870904122116e-06,0.00023258139767465117,0.00015879651549190066
4307,0.00010001000100010001,0.0,0.0,0.00015001500150015003,7.96926926625366e-05
4308,0.00010001000100010001,0.00010001000100010001,0.0,0.00010001000100010001,4.626571417273532e-05
4309,0.00010001000100010001,0.0,0.0,0.00010001000100010001,4.626571417273532e-05
4310,0.00010001000100010001,0.00010001000100010001,0.0,0.00017779555733351112,0.000128107354012378
4311,0.00010001000100010001,0.0,0.0,0.00010001000100010001,4.626571417273532e-05
4312,0.00020002000200020003,0.00010001000100010001,0.0,0.00022859428800022858,0.00010094991268784743
4313,0.00010001000100010001,0.0,0.0,0.00015001500150015003,7.96926926625366e-05
4314,0.00010001000100010001,0.00010001000100010001,0.0,0.00010001000100010001,4.626571417273532e-05
4315,0.00010001000100010001,0.0,0.0,0.00010001000100010001,4.626571417273532e-05
4316,0.00010001000100010001,0.00010001000100010001,0.0,0.00015001500150015003,7.96926926625366e-05
4317,0.00010001000100010001,0.0,0.0,0.00010001000100010001,4.626571417273532e-05
4318,0.00020002000200020003,0.00010001000100010001,0.0,0.0002969993969093879,0.00020008298660777326
4319,0.00010001000100010001,0.0,0.0,0.0002077130790002077,0.0001682028726011162
4320,0.00010001000100010001,0.00010001000100010001,0.0,0.00010001000100010001,4.626571417273532e-05
4321,0.00010001000100010001,0.0,0.0,0.00010001000100010001,4.626571417273532e-05
4322,0.00010001000100010001,0.00010001000100010001,0.0,0.00015001500150015003,7.96926926625366e-05
4323,0.00010001000100010001,0.0,0.0,0.00010001000100010001,4.626571417273532e-05
4324,0.00020002000200020003,0.00010001000100010001,0.0,0.00021494686782111048,0.00016426550000241217
4325,0.00010001000100010001,0.0,0.0,0.00015001500150015003,7.96926926625366e-05
4326,0.00010001000100010001,0.00010001000100010001,0.0,0.00010001000100010001,4.626571417273532e-05
4327,0.00010001000100010001,0.0,0.0,0.00010001000100010001,4.626571417273532e-05
4328,0.00010001000100010001,0.00010001000100010001,0.0,0.00017144571600017145,0.00011327562607562986
4329,0.00010001000100010001,0.0,0.0,0.00010001000100010001,4.626571417273532e-05
4330,0.00020002000200020003,0.00010001000100010001,8.986172234446889e-06,0.00022859428800022858,0.00010094991268784743
4331,0.00010001000100010001,0.0,0.0,0.00015001500150015003,7.96926926625366e-05
4332,0.00010001000100010001,0.00010001000100010001,0.0,0.00010001000100010001,4.626571417273532e-05
4333,0.00010001000100010001,0.0,0.0,0.00010001000100010001,4.626571417273532e-05
4334,0.00010001000100010001,0.00010001000100010001,0.0,0.00015001500150015003,7.96926926625366e-05
4335,0.00010001000100010001,0.0,0.0,0.00010001000100010001,4.626571417273532e-05
4336,0.00020002000200020003,0.00010001000100010001,0.0,0.00025602560256025603,0.0001498911875692278
4337,0.00010001000100010001,0.0,0.0,0.00017779555733351112,0.000128107354012378
4338,0.00010001000100010001,0.00010001000100010001,2.5395704140828168e-06,0.00010001000100010001,4.626571417273532e-05
4339,0.00010001000100010001,0.0,0.0,0.00010001000100010001,4.626571417273532e-05
4340,0.00010001000100010001,0.00010001000100010001,0.0,0.00015001500150015003,7.96926926625366e-05
4341,0.00010001000100010001,0.0,0.0,0.00010001000100010001,4.626571417273532e-05
4342,0.00020002000200020003,0.00010001000100010001,0.0,0.00022274954768204092,0.00013453284610094067
4343,0.00010001000100010001,0.0,0.0,0.00015001500150015003,7.96926926625366e-05
4344,0.00010001000100010001,0.00010001000100010001,0.0,0.00010001000100010001,4.626571417273532e-05
4345,0.00010001000100010001,0.0,0.0,0.00010001000100010001,4.626571417273532e-05
4346,0.00010001000100010001,0.00010001000100010001,0.0,0.00019287643050019287,0.00013753929546658983
4347,0.00010001000100010001,0.0,0.0,0.00010001000100010001,4.626571417273532e-05
4348,0.00020002000200020003,0.00010001000100010001,0.0,0.00022859428800022858,0.00010094991268784743
4349,0.00010001000100010001,0.0,0.0,0.00015001500150015003,7.96926926625366e-05
4350,0.00010001000100010001,0.00010001000100010001,0.0,0.00010001000100010001,4.626571417273532e-05
4351,0.00010001000100010001,0.0,0.0,0.00010001000100010001,4.626571417273532e-05
4352,0.00010001000100010001,0.00010001000100010001,0.0,0.00015001500150015003,7.96926926625366e-05
4353,0.00010001000100010001,0.0,0.0,0.00010001000100010001,4.626571417273532e-05
4354,0.00020002000200020003,0.00010001000100010001,2.7153868273654733e-05,0.0002979679411240093,0.00023465405150834893
4355,0.00010001000100010001,0.0,0.0,0.00017144571600017145,0.00011327562607562986
4356,0.00010001000100010001,0.00010001000100010001,0.0,0.00010001000100010001,4.626571417273532e-05
4357,0.00010001000100010001,0.0,0.0,0.00010001000100010001,4.626571417273532e-05
4358,0.00010001000100010001,0.00010001000100010001,0.0,0.00015001500150015003,7.96926926625366e-05
4359,0.00010001000100010001,0.0,0.0,0.00010001000100010001,4.626571417273532e-05
4360,0.00020002000200020003,0.00010001000100010001,8.986172234446889e-06,0.0003079928845965166,0.0002167633887533072
4361,0.00010001000100010001,0.0,0.0,0.00015001500150015003,7.96926926625366e-05
4362,0.00010001000100010001,0.00010001000100010001,0.0,0.00010001000100010001,4.626571417273532e-05
4363,0.00010001000100010001,0.0,0.0,0.00010001000100010001,4.626571417273532e-05
4364,0.00010001000100010001,0.00010001000100010001,8.986172234446889e-06,0.00019757077748591183,0.00016462452967322608
4365,0.00010001000100010001,0.0,0.0,0.00010001000100010001,4.626571417273532e-05
4366,0.00020002000200020003,0.00010001000100010001,9.76757851570314e-07,0.00022859428800022858,0.00010094991268784743
4367,0.00010001000100010001,0.0,0.0,0.00015001500150015003,7.96926926625366e-05
4368,0.00010001000100010001,0.00010001000100010001,0.0,0.00010001000100010001,4.626571417273532e-05
4369,0.00010001000100010001,0.0,0.0,0.00010001000100010001,4.626571417273532e-05
4370,0.00010001000100010001,0.00010001000100010001,0.0,0.00015001500150015003,7.96926926625366e-05
4371,0.00010001000100010001,0.0,0.0,0.00010001000100010001,4.626571417273532e-05
4372,0.00020002000200020003,0.00010001000100010001,7.09126200240048e-05,0.0007448683372879567,0.00038830767600478406
4373,0.00010001000100010001,0.0,0.0,0.0003496853181821679,0.00023023033736396022
4374,0.00010001000100010001,0.00010001000100010001,0.0,0.00010001000100010001,4.626571417273532e-05
4375,0.00010001000100010001,0.0,0.0,0.00010001000100010001,4.626571417273532e-05
4376,0.00010001000100010001,0.00010001000100010001,0.0,0.00015001500150015003,7.96926926625366e-05
4377,0.00010001000100010001,0.0,0.0,0.00010001000100010001,4.626571417273532e-05
4378,0.00020002000200020003,0.00010001000100010001,6.446601820364073e-06,0.00021894081300021895,0.00014936457403768883
4379,0.00010001000100010001,0.0,0.0,0.00015001500150015003,7.96926926625366e-05
4380,0.00010001000100010001,0.00010001000100010001,1.5042070914182837e-05,0.00010001000100010001,4.626571417273532e-05
4381,0.00010001000100010001,0.0,0.0,0.00010001000100010001,4.626571417273532e-05
4382,0.00010001000100010001,0.00010001000100010001,0.0,0.00017144571600017145,0.00011327562607562986
4383,0.00010001000100010001,0.0,0.0,0.00010001000100010001,4.626571417273532e-05
4384,0.00020002000200020003,0.00010001000100010001,0.0,0.00022859428800022858,0.00010094991268784743
4385,0.00010001000100010001,0.0,0.0,0.00015001500150015003,7.96926926625366e-05
4386,0.00010001000100010001,0.00010001000100010001,0.0,0.00010001000100010001,4.626571417273532e-05
4387,0.00010001000100010001,0.0,0.0,0.00010001000100010001,4.626571417273532e-05
4388,0.00010001000100010001,0.00010001000100010001,0.0,0.00015001500150015003,7.96926926625366e-05
4389,0.00010001000100010001,0.0,0.0,0.00010001000100010001,4.626571417273532e-05
4390,0.00020002000200020003,0.00010001000100010001,2.7153868273654733e-05,0.00025602560256025603,0.0001498911875692278
4391,0.00010001000100010001,0.0,0.0,0.00017779555733351112,0.000128107354012378
4392,0.00010001000100010001,0.00010001000100010001,0.0,0.00010001000100010001,4.626571417273532e-05
4393,0.00010001000100010001,0.0,0.0,0.00010001000100010001,4.626571417273532e-05
4394,0.00010001000100010001,0.00010001000100010001,0.0,0.00015001500150015003,7.96926926625366e-05
4395,0.00010001000100010001,0.0,0.0,0.00010001000100010001,4.626571417273532e-05
4396,0.00020002000200020003,0.00010001000100010001,0.0,0.00022274954768204092,0.00013453284610094067
4397,0.00010001000100010001,0.0,0.0,0.00015001500150015003,7.96926926625366e-05
4398,0.00010001000100010001,0.00010001000100010001,0.0,0.00010001000100010001,4.626571417273532e-05
4399,0.00010001000100010001,0.0,0.0,0.00010001000100010001,4.626571417273532e-05
4400,0.00010001000100010001,0.00010001000100010001,1.8558399179835966e-05,0.00020002000200020003,0.0001524402214313132
4401,0.00010001000100010001,0.0,0.0,0.00010001000100010001,4.626571417273532e-05
4402,0.00020002000200020003,0.00010001000100010001,0.0,0.00022859428800022858,0.00010094991268784743
4403,0.00010001000100010001,0.0,0.0,0.00015001500150015003,7.96926926625366e-05
4404,0.00010001000100010001,0.00010001000100010001,0.0,0.00010001000100010001,4.626571417273532e-05
4405,0.00010001000100010001,0.0,0.0,0.00010001000100010001,4.626571417273532e-05
4406,0.00010001000100010001,0.00010001000100010001,0.0,0.00015001500150015003,7.96926926625366e-05
4407,0.00010001000100010001,0.0,0.0,0.00010001000100010001,4.626571417273532e-05
4408,0.00020002000200020003,0.00010001000100010001,8.986172234446889e-06,0.00026306978523939347,0.00017415485696018772
4409,0.00010001000100010001,0.0,0.0,0.00017144571600017145,0.00011327562607562986
4410,0.00010001000100010001,0.00010001000100010001,0.0,0.00010001000100010001,4.626571417273532e-05
4411,0.00010001000100010001,0.0,0.0,0.00010001000100010001,4.626571417273532e-05
4412,0.00010001000100010001,0.00010001000100010001,0.0,0.00015001500150015003,7.96926926625366e-05
4413,0.00010001000100010001,0.0,0.0,0.00010001000100010001,4.626571417273532e-05
4414,0.00020002000200020003,0.00010001000100010001,0.0,0.00024735297957276643,0.00019384805284580072
4415,0.00010001000100010001,0.0,0.0,0.00015001500150015003,7.96926926625366e-05
4416,0.00010001000100010001,0.00010001000100010001,0.0,0.00010001000100010001,4.626571417273532e-05
4417,0.00010001000100010001,0.0,0.0,0.00010001000100010001,4.626571417273532e-05
4418,0.00010001000100010001,0.00010001000100010001,1.5042070914182837e-05,0.00017779555733351112,0.000128107354012378
4419,0.00010001000100010001,0.0,0.0,0.00010001000100010001,4.626571417273532e-05
4420,0.00020002000200020003,0.00010001000100010001,1.8558399179835966e-05,0.00022859428800022858,0.00010094991268784743
4421,0.00010001000100010001,0.0,0.0,0.00015001500150015003,7.96926926625366e-05
4422,0.00010001000100010001,0.00010001000100010001,0.0,0.00010001000100010001,4.626571417273532e-05
4423,0.00010001000100010001,0.0,0.0,0.00010001000100010001,4.626571417273532e-05
4424,0.00010001000100010001,0.00010001000100010001,0.0,0.00015001500150015003,7.96926926625366e-05
4425,0.00010001000100010001,0.0,0.0,0.00010001000100010001,4.626571417273532e-05
4426,0.00020002000200020003,0.00010001000100010001,2.7153868273654733e-05,0.0003314056895885667,0.0002498919527286951
4427,0.00010001000100010001,0.0,0.0,0.00019287643050019287,0.00013753929546658983
4428,0.00010001000100010001,0.00010001000100010001,0.0,0.00010001000100010001,4.626571417273532e-05
4429,0.00010001000100010001,0.0,0.0,0.00010001000100010001,4.626571417273532e-05
4430,0.00010001000100010001,0.00010001000100010001,0.0,0.00015001500150015003,7.96926926625366e-05
4431,0.00010001000100010001,0.0,0.0,0.00010001000100010001,4.626571417273532e-05
4432,0.00020002000200020003,0.00010001000100010001,0.0,0.00021894081300021895,0.00014936457403768883
4433,0.00010001000100010001,0.0,0.0,0.00015001500150015003,7.96926926625366e-05
4434,0.00010001000100010001,0.00010001000100010001,1.5628125625125025e-06,0.00010001000100010001,4.626571417273532e-05
4435,0.00010001000100010001,0.0,0.0,0.00010001000100010001,4.626571417273532e-05
4436,0.00010001000100010001,0.00010001000100010001,0.0,0.00017144571600017145,0.00011327562607562986
4437,0.00010001000100010001,0.0,0.0,0.00010001000100010001,4.626571417273532e-05
4438,0.00020002000200020003,0.00010001000100010001,0.0,0.00022859428800022858,0.00010094991268784743
4439,0.00010001000100010001,0.0,0.0,0.00015001500150015003,7.96926926625366e-05
4440,0.00010001000100010001,0.00010001000100010001,0.0,0.00010001000100010001,4.626571417273532e-05
4441,0.00010001000100010001,0.0,0.0,0.00010001000100010001,4.626571417273532e-05
4442,0.00010001000100010001,0.00010001000100010001,0.0,0.00015001500150015003,7.96926926625366e-05
4443,0.00010001000100010001,0.0,0.0,0.00010001000100010001,4.626571417273532e-05
4444,0.00020002000200020003,0.00010001000100010001,6.446601820364073e-06,0.00025602560256025603,0.0001498911875692278
4445,0.00010001000100010001,0.0,0.0,0.00018335166850018332,0.00014300827997710134
4446,0.00010001000100010001,0.00010001000100010001,0.0,0.00010001000100010001,4.626571417273532e-05
4447,0.00010001000100010001,0.0,0.0,0.00010001000100010001,4.626571417273532e-05
4448,0.00010001000100010001,0.00010001000100010001,0.0,0.00015001500150015003,7.96926926625366e-05
4449,0.00010001000100010001,0.0,0.0,0.00010001000100010001,4.626571417273532e-05
4450,0.00020002000200020003,0.00010001000100010001,2.7153868273654733e-05,0.00022274954768204092,0.00013453284610094067
4451,0.00010001000100010001,0.0,0.0,0.00015001500150015003,7.96926926625366e-05
4452,0.00010001000100010001,0.00010001000100010001,0.0,0.00010001000100010001,4.626571417273532e-05
4453,0.00010001000100010001,0.0,0.0,0.00010001000100010001,4.626571417273532e-05
4454,0.00010001000100010001,0.00010001000100010001,0.0,0.00021127112711271127,0.00015925479913198127
4455,0.00010001000100010001,0.0,0.0,0.00010001000100010001,4.626571417273532e-05
4456,0.00020002000200020003,0.00010001000100010001,9.003757698702166e-06,0.00022859428800022858,0.00010094991268784743
4457,0.00010001000100010001,0.0,0.0,0.00015001500150015003,7.96926926625366e-05
4458,0.00010001000100010001,0.00010001000100010001,0.0,0.00010001000100010001,4.626571417273532e-05
4459,0.00010001000100010001,0.0,0.0,0.00010001000100010001,4.626571417273532e-05
4460,0.00010001000100010001,0.00010001000100010001,0.0,0.00015001500150015003,7.96926926625366e-05
4461,0.00010001000100010001,0.0,0.0,0.00010001000100010001,4.626571417273532e-05
4462,0.00020002000200020003,0.00010001000100010001,5.860547109421884e-07,0.0002579205288949947,0.0001890557829249111
4463,0.00010001000100010001,0.0,0.0,0.00017144571600017145,0.00011327562607562986
4464,0.00010001000100010001,0.00010001000100010001,0.0,0.00010001000100010001,4.626571417273532e-05
4465,0.00010001000100010001,0.0,0.0,0.00010001000100010001,4.626571417273532e-05
4466,0.00010001000100010001,0.00010001000100010001,0.0,0.00015001500150015003,7.96926926625366e-05
4467,0.00010001000100010001,0.0,0.0,0.00010001000100010001,4.626571417273532e-05
4468,0.00020002000200020003,0.00010001000100010001,0.0,0.00023258139767465117,0.00015879651549190066
4469,0.00010001000100010001,0.0,0.0,0.00015001500150015003,7.96926926625366e-05
4470,0.00010001000100010001,0.00010001000100010001,0.0,0.00010001000100010001,4.626571417273532e-05
4471,0.00010001000100010001,0.0,0.0,0.00010001000100010001,4.626571417273532e-05
4472,0.00010001000100010001,0.00010001000100010001,1.7581641328265654e-05,0.00017779555733351112,0.000128107354012378
4473,0.00010001000100010001,0.0,0.0,0.00010001000100010001,4.626571417273532e-05
4474,0.00020002000200020003,0.00010001000100010001,0.0,0.00022859428800022858,0.00010094991268784743
4475,0.00010001000100010001,0.0,0.0,0.00015001500150015003,7.96926926625366e-05
4476,0.00010001000100010001,0.00010001000100010001,0.0,0.00010001000100010001,4.626571417273532e-05
4477,0.00010001000100010001,0.0,0.0,0.00010001000100010001,4.626571417273532e-05
4478,0.00010001000100010001,0.00010001000100010001,0.0,0.00015001500150015003,7.96926926625366e-05
4479,0.00010001000100010001,0.0,0.0,0.00010001000100010001,4.626571417273532e-05
4480,0.00020002000200020003,0.00010001000100010001,3.907031406281256e-06,0.0002969993969093879,0.00020008298660777326
4481,0.00010001000100010001,0.0,0.0,0.0002098570512788984,0.00016577625511982188
4482,0.00010001000100010001,0.00010001000100010001,8.986172234446889e-06,0.00010001000100010001,4.626571417273532e-05
4483,0.00010001000100010001,0.0,0.0,0.00010001000100010001,4.626571417273532e-05
4484,0.00010001000100010001,0.00010001000100010001,9.003757698702166e-06,0.00015001500150015003,7.96926926625366e-05
4485,0.00010001000100010001,0.0,0.0,0.00010001000100010001,4.626571417273532e-05
4486,0.00020002000200020003,0.00010001000100010001,1.1721094218843769e-06,0.00021228537948134434,0.00017341653116049804
4487,0.00010001000100010001,0.0,0.0,0.00015001500150015003,7.96926926625366e-05
4488,0.00010001000100010001,0.00010001000100010001,0.0,0.00010001000100010001,4.626571417273532e-05
4489,0.00010001000100010001,0.0,0.0,0.00010001000100010001,4.626571417273532e-05
4490,0.00010001000100010001,0.00010001000100010001,1.8007515397404333e-05,0.00017144571600017145,0.00011327562607562986
4491,0.00010001000100010001,0.0,0.0,0.00010001000100010001,4.626571417273532e-05
4492,0.00020002000200020003,0.00010001000100010001,0.0,0.00022859428800022858,0.00010094991268784743
4493,0.00010001000100010001,0.0,0.0,0.00015001500150015003,7.96926926625366e-05
4494,0.00010001000100010001,0.00010001000100010001,0.0,0.00010001000100010001,4.626571417273532e-05
4495,0.00010001000100010001,0.0,0.0,0.00010001000100010001,4.626571417273532e-05
4496,0.00010001000100010001,0.00010001000100010001,0.0,0.00015001500150015003,7.96926926625366e-05
4497,0.00010001000100010001,0.0,0.0,0.00010001000100010001,4.626571417273532e-05
4498,0.00020002000200020003,0.00010001000100010001,1.565870904122116e-06,0.00025602560256025603,0.0001498911875692278
4499,0.00010001000100010001,0.0,0.0,0.00017779555733351112,0.000128107354012378
4500,0.00010001000100010001,0.00010001000100010001,0.0,0.00010001000100010001,4.626571417273532e-05
4501,0.00010001000100010001,0.0,0.0,0.00010001000100010001,4.626571417273532e-05
4502,0.00010001000100010001,0.00010001000100010001,0.0,0.00015001500150015003,7.96926926625366e-05
4503,0.00010001000100010001,0.0,0.0,0.00010001000100010001,4.626571417273532e-05
4504,0.00020002000200020003,0.00010001000100010001,0.0,0.00022274954768204092,0.00013453284610094067
4505,0.00010001000100010001,0.0,0.0,0.00015001500150015003,7.96926926625366e-05
4506,0.00010001000100010001,0.00010001000100010001,0.0,0.00010001000100010001,4.626571417273532e-05
4507,0.00010001000100010001,0.0,0.0,0.00010001000100010001,4.626571417273532e-05
4508,0.00010001000100010001,0.00010001000100010001,0.0,0.00019287643050019287,0.00013753929546658983
4509,0.00010001000100010001,0.0,0.0,0.00010001000100010001,4.626571417273532e-05
4510,0.00020002000200020003,0.00010001000100010001,0.0,0.00022859428800022858,0.00010094991268784743
4511,0.00010001000100010001,0.0,0.0,0.00015001500150015003,7.96926926625366e-05
4512,0.00010001000100010001,0.00010001000100010001,0.0,0.00010001000100010001,4.626571417273532e-05
4513,0.00010001000100010001,0.0,0.0,0.00010001000100010001,4.626571417273532e-05
4514,0.00010001000100010001,0.00010001000100010001,0.0,0.00015001500150015003,7.96926926625366e-05
4515,0.00010001000100010001,0.0,0.0,0.00010001000100010001,4.626571417273532e-05
4516,0.00020002000200020003,0.00010001000100010001,7.4233596719343865e-06,0.0002678839312502679,0.00019587036062557918
4517,0.00010001000100010001,0.0,0.0,0.00017144571600017145,0.00011327562607562986
4518,0.00010001000100010001,0.00010001000100010001,0.0,0.00010001000100010001,4.626571417273532e-05
4519,0.00010001000100010001,0.0,0.0,0.00010001000100010001,4.626571417273532e-05
4520,0.00010001000100010001,0.00010001000100010001,0.0,0.00015001500150015003,7.96926926625366e-05
4521,0.00010001000100010001,0.0,0.0,0.00010001000100010001,4.626571417273532e-05
4522,0.00020002000200020003,0.00010001000100010001,0.0,0.00023153000231530002,0.00017369744145662405
4523,0.00010001000100010001,0.0,0.0,0.00015001500150015003,7.96926926625366e-05
4524,0.00010001000100010001,0.00010001000100010001,0.0,0.00010001000100010001,4.626571417273532e-05
4525,0.00010001000100010001,0.0,0.0,0.00010001000100010001,4.626571417273532e-05
4526,0.00010001000100010001,0.00010001000100010001,0.0,0.0001939849157329526,0.00015634431366561003
4527,0.00010001000100010001,0.0,0.0,0.00010001000100010001,4.626571417273532e-05
4528,0.00020002000200020003,0.00010001000100010001,0.0,0.00022859428800022858,0.00010094991268784743
4529,0.00010001000100010001,0.0,0.0,0.00015001500150015003,7.96926926625366e-05
4530,0.00010001000100010001,0.00010001000100010001,0.0,0.00010001000100010001,4.626571417273532e-05
4531,0.00010001000100010001,0.0,0.0,0.00010001000100010001,4.626571417273532e-05
4532,0.00010001000100010001,0.00010001000100010001,0.0,0.00015001500150015003,7.96926926625366e-05
4533,0.00010001000100010001,0.0,0.0,0.00010001000100010001,4.626571417273532e-05
4534,0.00020002000200020003,0.00010001000100010001,5.872015890457935e-07,0.000347256947917014,0.00025386759763205383
4535,0.00010001000100010001,0.0,0.0,0.00024157666908243333,0.00018626762249315874
4536,0.00010001000100010001,0.00010001000100010001,0.0,0.00010001000100010001,4.626571417273532e-05
4537,0.00010001000100010001,0.0,0.0,0.00010001000100010001,4.626571417273532e-05
4538,0.00010001000100010001,0.00010001000100010001,0.0,0.00015001500150015003,7.96926926625366e-05
4539,0.00010001000100010001,0.0,0.0,0.00010001000100010001,4.626571417273532e-05
4540,0.00020002000200020003,0.00010001000100010001,0.0,0.00021894081300021895,0.00014936457403768883
4541,0.00010001000100010001,0.0,0.0,0.00015001500150015003,7.96926926625366e-05
4542,0.00010001000100010001,0.00010001000100010001,0.0,0.00010001000100010001,4.626571417273532e-05
4543,0.00010001000100010001,0.0,0.0,0.00010001000100010001,4.626571417273532e-05
4544,0.00010001000100010001,0.00010001000100010001,0.0,0.00017144571600017145,0.00011327562607562986
4545,0.00010001000100010001,0.0,0.0,0.00010001000100010001,4.626571417273532e-05
4546,0.00020002000200020003,0.00010001000100010001,0.0,0.00022859428800022858,0.00010094991268784743
4547,0.00010001000100010001,0.0,0.0,0.00015001500150015003,7.96926926625366e-05
4548,0.00010001000100010001,0.00010001000100010001,3.907031406281256e-06,0.00010001000100010001,4.626571417273532e-05
4549,0.00010001000100010001,0.0,0.0,0.00010001000100010001,4.626571417273532e-05
4550,0.00010001000100010001,0.00010001000100010001,0.0,0.00015001500150015003,7.96926926625366e-05
4551,0.00010001000100010001,0.0,0.0,0.00010001000100010001,4.626571417273532e-05
4552,0.00020002000200020003,0.00010001000100010001,1.1525742648529706e-05,0.00025602560256025603,0.0001498911875692278
4553,0.00010001000100010001,0.0,0.0,0.00017779555733351112,0.000128107354012378
4554,0.00010001000100010001,0.00010001000100010001,0.0,0.00010001000100010001,4.626571417273532e-05
4555,0.00010001000100010001,0.0,0.0,0.00010001000100010001,4.626571417273532e-05
4556,0.00010001000100010001,0.00010001000100010001,0.0,0.00015001500150015003,7.96926926625366e-05
4557,0.00010001000100010001,0.0,0.0,0.00010001000100010001,4.626571417273532e-05
4558,0.00020002000200020003,0.00010001000100010001,0.0,0.00022274954768204092,0.00013453284610094067
4559,0.00010001000100010001,0.0,0.0,0.00015001500150015003,7.96926926625366e-05
4560,0.00010001000100010001,0.00010001000100010001,0.0,0.00010001000100010001,4.626571417273532e-05
4561,0.00010001000100010001,0.0,0.0,0.00010001000100010001,4.626571417273532e-05
4562,0.00010001000100010001,0.00010001000100010001,1.5628125625125025e-06,0.00020354148090865424,0.00016563275792212025
4563,0.00010001000100010001,0.0,0.0,0.00010001000100010001,4.626571417273532e-05
4564,0.00020002000200020003,0.00010001000100010001,0.0,0.00022859428800022858,0.00010094991268784743
4565,0.00010001000100010001,0.0,0.0,0.00015001500150015003,7.96926926625366e-05
4566,0.00010001000100010001,0.00010001000100010001,0.0,0.00010001000100010001,4.626571417273532e-05
4567,0.00010001000100010001,0.0,0.0,0.00010001000100010001,4.626571417273532e-05
4568,0.00010001000100010001,0.00010001000100010001,0.0,0.00015001500150015003,7.96926926625366e-05
4569,0.00010001000100010001,0.0,0.0,0.00010001000100010001,4.626571417273532e-05
4570,0.00020002000200020003,0.00010001000100010001,6.446601820364073e-06,0.00026306978523939347,0.00017415485696018772
4571,0.00010001000100010001,0.0,0.0,0.00017144571600017145,0.00011327562607562986
4572,0.00010001000100010001,0.00010001000100010001,0.0,0.00010001000100010001,4.626571417273532e-05
4573,0.00010001000100010001,0.0,0.0,0.00010001000100010001,4.626571417273532e-05
4574,0.00010001000100010001,0.00010001000100010001,5.860547109421884e-07,0.00015001500150015003,7.96926926625366e-05
4575,0.00010001000100010001,0.0,0.0,0.00010001000100010001,4.626571417273532e-05
4576,0.00020002000200020003,0.00010001000100010001,0.0,0.00024199950859283458,0.0001805120191572921
4577,0.00010001000100010001,0.0,0.0,0.00015001500150015003,7.96926926625366e-05
4578,0.00010001000100010001,0.00010001000100010001,0.0,0.00010001000100010001,4.626571417273532e-05
4579,0.00010001000100010001,0.0,0.0,0.00010001000100010001,4.626571417273532e-05
4580,0.00010001000100010001,0.00010001000100010001,0.0,0.00017779555733351112,0.000128107354012378
4581,0.00010001000100010001,0.0,0.0,0.00010001000100010001,4.626571417273532e-05
4582,0.00020002000200020003,0.00010001000100010001,5.860547109421884e-07,0.00022859428800022858,0.00010094991268784743
4583,0.00010001000100010001,0.0,0.0,0.00015001500150015003,7.96926926625366e-05
4584,0.00010001000100010001,0.00010001000100010001,0.0,0.00010001000100010001,4.626571417273532e-05
4585,0.00010001000100010001,0.0,0.0,0.00010001000100010001,4.626571417273532e-05
4586,0.00010001000100010001,0.00010001000100010001,2.1139257205648566e-05,0.00015001500150015003,7.96926926625366e-05
4587,0.00010001000100010001,0.0,0.0,0.00010001000100010001,4.626571417273532e-05
4588,0.00020002000200020003,0.00010001000100010001,1.1525742648529706e-05,0.0004070624980173562,0.0002921595336458581
4589,0.00010001000100010001,0.0,0.0,0.00019287643050019287,0.00013753929546658983
4590,0.00010001000100010001,0.00010001000100010001,0.0,0.00010001000100010001,4.626571417273532e-05
4591,0.00010001000100010001,0.0,0.0,0.00010001000100010001,4.626571417273532e-05
4592,0.00010001000100010001,0.00010001000100010001,0.0,0.00015001500150015003,7.96926926625366e-05
4593,0.00010001000100010001,0.0,0.0,0.00010001000100010001,4.626571417273532e-05
4594,0.00020002000200020003,0.00010001000100010001,0.0,0.00021894081300021895,0.00014936457403768883
4595,0.00010001000100010001,0.0,0.0,0.00015001500150015003,7.96926926625366e-05
4596,0.00010001000100010001,0.00010001000100010001,0.0,0.00010001000100010001,4.626571417273532e-05
4597,0.00010001000100010001,0.0,0.0,0.00010001000100010001,4.626571417273532e-05
4598,0.00010001000100010001,0.00010001000100010001,0.0,0.00017144571600017145,0.00011327562607562986
4599,0.00010001000100010001,0.0,0.0,0.00010001000100010001,4.626571417273532e-05
4600,0.00020002000200020003,0.00010001000100010001,2.5395704140828168e-06,0.00022859428800022858,0.00010094991268784743
4601,0.00010001000100010001,0.0,0.0,0.00015001500150015003,7.96926926625366e-05
4602,0.00010001000100010001,0.00010001000100010001,0.0,0.00010001000100010001,4.626571417273532e-05
4603,0.00010001000100010001,0.0,0.0,0.00010001000100010001,4.626571417273532e-05
4604,0.00010001000100010001,0.00010001000100010001,0.0,0.00015001500150015003,7.96926926625366e-05
4605,0.00010001000100010001,0.0,0.0,0.00010001000100010001,4.626571417273532e-05
4606,0.00020002000200020003,0.00010001000100010001,0.0,0.00025602560256025603,0.0001498911875692278
4607,0.00010001000100010001,0.0,0.0,0.0001926118537779704,0.0001646516877576022
4608,0.00010001000100010001,0.00010001000100010001,0.0,0.00010001000100010001,4.626571417273532e-05
4609,0.00010001000100010001,0.0,0.0,0.00010001000100010001,4.626571417273532e-05
4610,0.00010001000100010001,0.00010001000100010001,0.0,0.00015001500150015003,7.96926926625366e-05
4611,0.00010001000100010001,0.0,0.0,0.00010001000100010001,4.626571417273532e-05
4612,0.00020002000200020003,0.00010001000100010001,5.95030943566404e-05,0.00022274954768204092,0.00013453284610094067
4613,0.00010001000100010001,0.0,0.0,0.00015001500150015003,7.96926926625366e-05
4614,0.00010001000100010001,0.00010001000100010001,0.0,0.00010001000100010001,4.626571417273532e-05
4615,0.00010001000100010001,0.0,0.0,0.00010001000100010001,4.626571417273532e-05
4616,0.00010001000100010001,0.00010001000100010001,0.0006446601820364072,0.0021773941590796215,0.0002798536211892864
4617,0.00010001000100010001,0.0,0.0,0.00010001000100010001,4.626571417273532e-05
4618,0.00020002000200020003,0.00010001000100010001,0.0,0.00022859428800022858,0.00010094991268784743
4619,0.00010001000100010001,0.0,0.0,0.00015001500150015003,7.96926926625366e-05
4620,0.00010001000100010001,0.00010001000100010001,0.0,0.00010001000100010001,4.626571417273532e-05
4621,0.00010001000100010001,0.0,0.0,0.00010001000100010001,4.626571417273532e-05
4622,0.00010001000100010001,0.00010001000100010001,0.0,0.00015001500150015003,7.96926926625366e-05
4623,0.00010001000100010001,0.0,0.0,0.00010001000100010001,4.626571417273532e-05
4624,0.00020002000200020003,0.00010001000100010001,1.2893203640728146e-05,0.0002513294807741644,0.00019820681408299696
4625,0.00010001000100010001,0.0,0.0,0.00017144571600017145,0.00011327562607562986
4626,0.00010001000100010001,0.00010001000100010001,0.0,0.00010001000100010001,4.626571417273532e-05
4627,0.00010001000100010001,0.0,0.0,0.00010001000100010001,4.626571417273532e-05
4628,0.00010001000100010001,0.00010001000100010001,0.0,0.00015001500150015003,7.96926926625366e-05
4629,0.00010001000100010001,0.0,0.0,0.00010001000100010001,4.626571417273532e-05
4630,0.00020002000200020003,0.00010001000100010001,0.0,0.00023258139767465117,0.00015879651549190066
4631,0.00010001000100010001,0.0,0.0,0.00015001500150015003,7.96926926625366e-05
4632,0.00010001000100010001,0.00010001000100010001,0.0,0.00010001000100010001,4.626571417273532e-05
4633,0.00010001000100010001,0.0,0.0,0.00010001000100010001,4.626571417273532e-05
4634,0.00010001000100010001,0.00010001000100010001,0.0,0.00017779555733351112,0.000128107354012378
4635,0.00010001000100010001,0.0,0.0,0.00010001000100010001,4.626571417273532e-05
4636,0.00020002000200020003,0.00010001000100010001,0.0,0.00022859428800022858,0.00010094991268784743
4637,0.00010001000100010001,0.0,0.0,0.00015001500150015003,7.96926926625366e-05
4638,0.00010001000100010001,0.00010001000100010001,0.0,0.00010001000100010001,4.626571417273532e-05
4639,0.00010001000100010001,0.0,0.0,0.00010001000100010001,4.626571417273532e-05
4640,0.00010001000100010001,0.00010001000100010001,0.0,0.00015001500150015003,7.96926926625366e-05
4641,0.00010001000100010001,0.0,0.0,0.00010001000100010001,4.626571417273532e-05
4642,0.00020002000200020003,0.00010001000100010001,6.446601820364073e-06,0.0002969993969093879,0.00020008298660777326
4643,0.00010001000100010001,0.0,0.0,0.00020002000200020003,0.0001524402214313132
4644,0.00010001000100010001,0.00010001000100010001,0.0,0.00010001000100010001,4.626571417273532e-05
4645,0.00010001000100010001,0.0,0.0,0.00010001000100010001,4.626571417273532e-05
4646,0.00010001000100010001,0.00010001000100010001,0.0,0.00015001500150015003,7.96926926625366e-05
4647,0.00010001000100010001,0.0,0.0,0.00010001000100010001,4.626571417273532e-05
4648,0.00020002000200020003,0.00010001000100010001,4.736759484969401e-05,0.0002724800781964989,0.00020833705092221554
4649,0.00010001000100010001,0.0,0.0,0.00015001500150015003,7.96926926625366e-05
4650,0.00010001000100010001,0.00010001000100010001,0.0,0.00010001000100010001,4.626571417273532e-05
4651,0.00010001000100010001,0.0,0.0,0.00010001000100010001,4.626571417273532e-05
4652,0.00010001000100010001,0.00010001000100010001,0.0,0.00017144571600017145,0.00011327562607562986
4653,0.00010001000100010001,0.0,0.0,0.00010001000100010001,4.626571417273532e-05
4654,0.00020002000200020003,0.00010001000100010001,0.0,0.00022859428800022858,0.00010094991268784743
4655,0.00010001000100010001,0.0,0.0,0.00015001500150015003,7.96926926625366e-05
4656,0.00010001000100010001,0.00010001000100010001,0.0,0.00010001000100010001,4.626571417273532e-05
4657,0.00010001000100010001,0.0,0.0,0.00010001000100010001,4.626571417273532e-05
4658,0.00010001000100010001,0.00010001000100010001,2.9693438687737546e-05,0.00015001500150015003,7.96926926625366e-05
4659,0.00010001000100010001,0.0,0.0,0.00010001000100010001,4.626571417273532e-05
4660,0.00020002000200020003,0.00010001000100010001,2.36375400080016e-05,0.00025602560256025603,0.0001498911875692278
4661,0.00010001000100010001,0.0,0.0,0.00017779555733351112,0.000128107354012378
4662,0.00010001000100010001,0.00010001000100010001,0.0,0.00010001000100010001,4.626571417273532e-05
4663,0.00010001000100010001,0.0,0.0,0.00010001000100010001,4.626571417273532e-05
4664,0.00010001000100010001,0.00010001000100010001,0.0,0.00015001500150015003,7.96926926625366e-05
4665,0.00010001000100010001,0.0,0.0,0.00010001000100010001,4.626571417273532e-05
4666,0.00020002000200020003,0.00010001000100010001,0.0,0.00022274954768204092,0.00013453284610094067
4667,0.00010001000100010001,0.0,0.0,0.00015001500150015003,7.96926926625366e-05
4668,0.00010001000100010001,0.00010001000100010001,0.0,0.00010001000100010001,4.626571417273532e-05
4669,0.00010001000100010001,0.0,0.0,0.00010001000100010001,4.626571417273532e-05
4670,0.00010001000100010001,0.00010001000100010001,1.1721094218843769e-06,0.00019287643050019287,0.00013753929546658983
4671,0.00010001000100010001,0.0,0.0,0.00010001000100010001,4.626571417273532e-05
4672,0.00020002000200020003,0.00010001000100010001,2.3683797424847003e-05,0.00022859428800022858,0.00010094991268784743
4673,0.00010001000100010001,0.0,0.0,0.00015001500150015003,7.96926926625366e-05
4674,0.00010001000100010001,0.00010001000100010001,0.0,0.00010001000100010001,4.626571417273532e-05
4675,0.00010001000100010001,0.0,0.0,0.00010001000100010001,4.626571417273532e-05
4676,0.00010001000100010001,0.00010001000100010001,1.1525742648529706e-05,0.00015001500150015003,7.96926926625366e-05
4677,0.00010001000100010001,0.0,0.0,0.00010001000100010001,4.626571417273532e-05
4678,0.00020002000200020003,0.00010001000100010001,0.0,0.00029256657008984476,0.00023138282433332353
4679,0.00010001000100010001,0.0,0.0,0.00017144571600017145,0.00011327562607562986
4680,0.00010001000100010001,0.00010001000100010001,0.0,0.00010001000100010001,4.626571417273532e-05
4681,0.00010001000100010001,0.0,0.0,0.00010001000100010001,4.626571417273532e-05
4682,0.00010001000100010001,0.00010001000100010001,0.0,0.00015001500150015003,7.96926926625366e-05
4683,0.00010001000100010001,0.0,0.0,0.00010001000100010001,4.626571417273532e-05
4684,0.00020002000200020003,0.00010001000100010001,2.305148529705941e-05,0.00023306295387247973,0.00019537736162169762
4685,0.00010001000100010001,0.0,0.0,0.00015001500150015003,7.96926926625366e-05
4686,0.00010001000100010001,0.00010001000100010001,0.0,0.00010001000100010001,4.626571417273532e-05
4687,0.00010001000100010001,0.0,0.0,0.00010001000100010001,4.626571417273532e-05
4688,0.00010001000100010001,0.00010001000100010001,0.0,0.00018335166850018332,0.00014300827997710134
4689,0.00010001000100010001,0.0,0.0,0.00010001000100010001,4.626571417273532e-05
4690,0.00020002000200020003,0.00010001000100010001,0.0,0.00022859428800022858,0.00010094991268784743
4691,0.00010001000100010001,0.0,0.0,0.00015001500150015003,7.96926926625366e-05
4692,0.00010001000100010001,0.00010001000100010001,0.0,0.00010001000100010001,4.626571417273532e-05
4693,0.00010001000100010001,0.0,0.0,0.00010001000100010001,4.626571417273532e-05
4694,0.00010001000100010001,0.00010001000100010001,0.0,0.00015001500150015003,7.96926926625366e-05
4695,0.00010001000100010001,0.0,0.0,0.00010001000100010001,4.626571417273532e-05
4696,0.00020002000200020003,0.00010001000100010001,0.0001418252400480096,0.0005905786079411369,0.00035725273106274264
4697,0.00010001000100010001,0.0,0.0,0.00021127112711271127,0.00015925479913198127
4698,0.00010001000100010001,0.00010001000100010001,0.0,0.00010001000100010001,4.626571417273532e-05
4699,0.00010001000100010001,0.0,0.0,0.00010001000100010001,4.626571417273532e-05
4700,0.00010001000100010001,0.00010001000100010001,0.0,0.00015001500150015003,7.96926926625366e-05
4701,0.00010001000100010001,0.0,0.0,0.00010001000100010001,4.626571417273532e-05
4702,0.00020002000200020003,0.00010001000100010001,0.0,0.00021894081300021895,0.00014936457403768883
4703,0.00010001000100010001,0.0,0.0,0.00015001500150015003,7.96926926625366e-05
4704,0.00010001000100010001,0.00010001000100010001,0.0,0.00010001000100010001,4.626571417273532e-05
4705,0.00010001000100010001,0.0,0.0,0.00010001000100010001,4.626571417273532e-05
4706,0.00010001000100010001,0.00010001000100010001,6.446601820364073e-06,0.00017144571600017145,0.00011327562607562986
4707,0.00010001000100010001,0.0,0.0,0.00010001000100010001,4.626571417273532e-05
4708,0.00020002000200020003,0.00010001000100010001,6.446601820364073e-06,0.00022859428800022858,0.00010094991268784743
4709,0.00010001000100010001,0.0,0.0,0.00015001500150015003,7.96926926625366e-05
4710,0.00010001000100010001,0.00010001000100010001,0.0,0.00010001000100010001,4.626571417273532e-05
4711,0.00010001000100010001,0.0,0.0,0.00010001000100010001,4.626571417273532e-05
4712,0.00010001000100010001,0.00010001000100010001,0.0,0.00015001500150015003,7.96926926625366e-05
4713,0.00010001000100010001,0.0,0.0,0.00010001000100010001,4.626571417273532e-05
4714,0.00020002000200020003,0.00010001000100010001,0.0,0.00025602560256025603,0.0001498911875692278
4715,0.00010001000100010001,0.0,0.0,0.00017779555733351112,0.000128107354012378
4716,0.00010001000100010001,0.00010001000100010001,0.0,0.00010001000100010001,4.626571417273532e-05
4717,0.00010001000100010001,0.0,0.0,0.00010001000100010001,4.626571417273532e-05
4718,0.00010001000100010001,0.00010001000100010001,5.860547109421884e-07,0.00015001500150015003,7.96926926625366e-05
4719,0.00010001000100010001,0.0,0.0,0.00010001000100010001,4.626571417273532e-05
4720,0.00020002000200020003,0.00010001000100010001,0.0,0.00022274954768204092,0.00013453284610094067
4721,0.00010001000100010001,0.0,0.0,0.00015001500150015003,7.96926926625366e-05
4722,0.00010001000100010001,0.00010001000100010001,0.0,0.00010001000100010001,4.626571417273532e-05
4723,0.00010001000100010001,0.0,0.0,0.00010001000100010001,4.626571417273532e-05
4724,0.00010001000100010001,0.00010001000100010001,2.305148529705941e-05,0.00022017908597142435,0.00018083874642123277
4725,0.00010001000100010001,0.0,0.0,0.00010001000100010001,4.626571417273532e-05
4726,0.00020002000200020003,0.00010001000100010001,0.0,0.00022859428800022858,0.00010094991268784743
4727,0.00010001000100010001,0.0,0.0,0.00015001500150015003,7.96926926625366e-05
4728,0.00010001000100010001,0.00010001000100010001,0.0,0.00010001000100010001,4.626571417273532e-05
4729,0.00010001000100010001,0.0,0.0,0.00010001000100010001,4.626571417273532e-05
4730,0.00010001000100010001,0.00010001000100010001,0.0,0.00015001500150015003,7.96926926625366e-05
4731,0.00010001000100010001,0.0,0.0,0.00010001000100010001,4.626571417273532e-05
4732,0.00020002000200020003,0.00010001000100010001,0.0,0.00026306978523939347,0.00017415485696018772
4733,0.00010001000100010001,0.0,0.0,0.00017144571600017145,0.00011327562607562986
4734,0.00010001000100010001,0.00010001000100010001,0.0,0.00010001000100010001,4.626571417273532e-05
4735,0.00010001000100010001,0.0,0.0,0.00010001000100010001,4.626571417273532e-05
4736,0.00010001000100010001,0.00010001000100010001,0.0,0.00015001500150015003,7.96926926625366e-05
4737,0.00010001000100010001,0.0,0.0,0.00010001000100010001,4.626571417273532e-05
4738,0.00020002000200020003,0.00010001000100010001,0.00014210278454908202,0.0005190423883099936,0.0002750350907989783
4739,0.00010001000100010001,0.0,0.0,0.00015001500150015003,7.96926926625366e-05
4740,0.00010001000100010001,0.00010001000100010001,0.0,0.00010001000100010001,4.626571417273532e-05
4741,0.00010001000100010001,0.0,0.0,0.00010001000100010001,4.626571417273532e-05
4742,0.00010001000100010001,0.00010001000100010001,0.0,0.00017779555733351112,0.000128107354012378
4743,0.00010001000100010001,0.0,0.0,0.00010001000100010001,4.626571417273532e-05
4744,0.00020002000200020003,0.00010001000100010001,0.0,0.00022859428800022858,0.00010094991268784743
4745,0.00010001000100010001,0.0,0.0,0.00015001500150015003,7.96926926625366e-05
4746,0.00010001000100010001,0.00010001000100010001,0.0,0.00010001000100010001,4.626571417273532e-05
4747,0.00010001000100010001,0.0,0.0,0.00010001000100010001,4.626571417273532e-05
4748,0.00010001000100010001,0.00010001000100010001,3.0084141828365674e-05,0.00015001500150015003,7.96926926625366e-05
4749,0.00010001000100010001,0.0,0.0,0.00010001000100010001,4.626571417273532e-05
4750,0.00020002000200020003,0.00010001000100010001,0.0,0.0003423923178344035,0.0002566470699381137
4751,0.00010001000100010001,0.0,0.0,0.00019287643050019287,0.00013753929546658983
4752,0.00010001000100010001,0.00010001000100010001,0.0,0.00010001000100010001,4.626571417273532e-05
4753,0.00010001000100010001,0.0,0.0,0.00010001000100010001,4.626571417273532e-05
4754,0.00010001000100010001,0.00010001000100010001,0.0,0.00015001500150015003,7.96926926625366e-05
4755,0.00010001000100010001,0.0,0.0,0.00010001000100010001,4.626571417273532e-05
4756,0.00020002000200020003,0.00010001000100010001,0.0,0.00021894081300021895,0.00014936457403768883
4757,0.00010001000100010001,0.0,0.0,0.00015001500150015003,7.96926926625366e-05
4758,0.00010001000100010001,0.00010001000100010001,0.0,0.00010001000100010001,4.626571417273532e-05
4759,0.00010001000100010001,0.0,0.0,0.00010001000100010001,4.626571417273532e-05
4760,0.00010001000100010001,0.00010001000100010001,0.0,0.00017144571600017145,0.00011327562607562986
4761,0.00010001000100010001,0.0,0.0,0.00010001000100010001,4.626571417273532e-05
4762,0.00020002000200020003,0.00010001000100010001,1.5042070914182837e-05,0.00022859428800022858,0.00010094991268784743
4763,0.00010001000100010001,0.0,0.0,0.00015001500150015003,7.96926926625366e-05
4764,0.00010001000100010001,0.00010001000100010001,0.0,0.00010001000100010001,4.626571417273532e-05
4765,0.00010001000100010001,0.0,0.0,0.00010001000100010001,4.626571417273532e-05
4766,0.00010001000100010001,0.00010001000100010001,0.0,0.00015001500150015003,7.96926926625366e-05
4767,0.00010001000100010001,0.0,0.0,0.00010001000100010001,4.626571417273532e-05
4768,0.00020002000200020003,0.00010001000100010001,0.0,0.00025602560256025603,0.0001498911875692278
4769,0.00010001000100010001,0.0,0.0,0.00024189698121755641,0.00017856366618766077
4770,0.00010001000100010001,0.00010001000100010001,0.0,0.00010001000100010001,4.626571417273532e-05
4771,0.00010001000100010001,0.0,0.0,0.00010001000100010001,4.626571417273532e-05
4772,0.00010001000100010001,0.00010001000100010001,0.0,0.00015001500150015003,7.96926926625366e-05
4773,0.00010001000100010001,0.0,0.0,0.00010001000100010001,4.626571417273532e-05
4774,0.00020002000200020003,0.00010001000100010001,5.860547109421884e-07,0.00022274954768204092,0.00013453284610094067
4775,0.00010001000100010001,0.0,0.0,0.00015001500150015003,7.96926926625366e-05
4776,0.00010001000100010001,0.00010001000100010001,0.0,0.00010001000100010001,4.626571417273532e-05
4777,0.00010001000100010001,0.0,0.0,0.00010001000100010001,4.626571417273532e-05
4778,0.00010001000100010001,0.00010001000100010001,2.1879375875175035e-05,0.0002207117263450483,0.00017002071814149395
4779,0.00010001000100010001,0.0,0.0,0.00010001000100010001,4.626571417273532e-05
4780,0.00020002000200020003,0.00010001000100010001,0.0,0.00022859428800022858,0.00010094991268784743
4781,0.00010001000100010001,0.0,0.0,0.00015001500150015003,7.96926926625366e-05
4782,0.00010001000100010001,0.00010001000100010001,0.0,0.00010001000100010001,4.626571417273532e-05
4783,0.00010001000100010001,0.0,0.0,0.00010001000100010001,4.626571417273532e-05
4784,0.00010001000100010001,0.00010001000100010001,4.72750800160032e-05,0.00015001500150015003,7.96926926625366e-05
4785,0.00010001000100010001,0.0,0.0,0.00010001000100010001,4.626571417273532e-05
4786,0.00020002000200020003,0.00010001000100010001,2.8130626125225045e-05,0.0003165072954286833,0.0002358440854976899
4787,0.00010001000100010001,0.0,0.0,0.00017144571600017145,0.00011327562607562986
4788,0.00010001000100010001,0.00010001000100010001,0.0,0.00010001000100010001,4.626571417273532e-05
4789,0.00010001000100010001,0.0,0.0,0.00010001000100010001,4.626571417273532e-05
4790,0.00010001000100010001,0.00010001000100010001,0.0,0.00015001500150015003,7.96926926625366e-05
4791,0.00010001000100010001,0.0,0.0,0.00010001000100010001,4.626571417273532e-05
4792,0.00020002000200020003,0.00010001000100010001,0.0,0.00023258139767465117,0.00015879651549190066
4793,0.00010001000100010001,0.0,0.0,0.00015001500150015003,7.96926926625366e-05
4794,0.00010001000100010001,0.00010001000100010001,0.0,0.00010001000100010001,4.626571417273532e-05
4795,0.00010001000100010001,0.0,0.0,0.00010001000100010001,4.626571417273532e-05
4796,0.00010001000100010001,0.00010001000100010001,1.5628125625125025e-06,0.00017779555733351112,0.000128107354012378
4797,0.00010001000100010001,0.0,0.0,0.00010001000100010001,4.626571417273532e-05
4798,0.00020002000200020003,0.00010001000100010001,0.0,0.00022859428800022858,0.00010094991268784743
4799,0.00010001000100010001,0.0,0.0,0.00015001500150015003,7.96926926625366e-05
4800,0.00010001000100010001,0.00010001000100010001,0.0,0.00010001000100010001,4.626571417273532e-05
4801,0.00010001000100010001,0.0,0.0,0.00010001000100010001,4.626571417273532e-05
4802,0.00010001000100010001,0.00010001000100010001,0.0,0.00015001500150015003,7.96926926625366e-05
4803,0.00010001000100010001,0.0,0.0,0.00010001000100010001,4.626571417273532e-05
4804,0.00020002000200020003,0.00010001000100010001,1.1525742648529706e-05,0.0002969993969093879,0.00020008298660777326
4805,0.00010001000100010001,0.0,0.0,0.0002020820638764907,0.0001590211379104031
4806,0.00010001000100010001,0.00010001000100010001,0.0,0.00010001000100010001,4.626571417273532e-05
4807,0.00010001000100010001,0.0,0.0,0.00010001000100010001,4.626571417273532e-05
4808,0.00010001000100010001,0.00010001000100010001,0.0,0.00015001500150015003,7.96926926625366e-05
4809,0.00010001000100010001,0.0,0.0,0.00010001000100010001,4.626571417273532e-05
4810,0.00020002000200020003,0.00010001000100010001,1.1525742648529706e-05,0.00021494686782111048,0.00016426550000241217
4811,0.00010001000100010001,0.0,0.0,0.00015001500150015003,7.96926926625366e-05
4812,0.00010001000100010001,0.00010001000100010001,0.0,0.00010001000100010001,4.626571417273532e-05
4813,0.00010001000100010001,0.0,0.0,0.00010001000100010001,4.626571417273532e-05
4814,0.00010001000100010001,0.00010001000100010001,0.0,0.00017144571600017145,0.00011327562607562986
4815,0.00010001000100010001,0.0,0.0,0.00010001000100010001,4.626571417273532e-05
4816,0.00020002000200020003,0.00010001000100010001,0.0,0.00022859428800022858,0.00010094991268784743
4817,0.00010001000100010001,0.0,0.0,0.00015001500150015003,7.96926926625366e-05
4818,0.00010001000100010001,0.00010001000100010001,0.0,0.00010001000100010001,4.626571417273532e-05
4819,0.00010001000100010001,0.0,0.0,0.00010001000100010001,4.626571417273532e-05
4820,0.00010001000100010001,0.00010001000100010001,0.0,0.00015001500150015003,7.96926926625366e-05
4821,0.00010001000100010001,0.0,0.0,0.00010001000100010001,4.626571417273532e-05
4822,0.00020002000200020003,0.00010001000100010001,5.860547109421884e-07,0.00025602560256025603,0.0001498911875692278
4823,0.00010001000100010001,0.0,0.0,0.00017779555733351112,0.000128107354012378
4824,0.00010001000100010001,0.00010001000100010001,0.0,0.00010001000100010001,4.626571417273532e-05
4825,0.00010001000100010001,0.0,0.0,0.00010001000100010001,4.626571417273532e-05
4826,0.00010001000100010001,0.00010001000100010001,0.0,0.00015001500150015003,7.96926926625366e-05
4827,0.00010001000100010001,0.0,0.0,0.00010001000100010001,4.626571417273532e-05
4828,0.00020002000200020003,0.00010001000100010001,0.0,0.00022274954768204092,0.00013453284610094067
4829,0.00010001000100010001,0.0,0.0,0.00015001500150015003,7.96926926625366e-05
4830,0.00010001000100010001,0.00010001000100010001,0.0,0.00010001000100010001,4.626571417273532e-05
4831,0.00010001000100010001,0.0,0.0,0.00010001000100010001,4.626571417273532e-05
4832,0.00010001000100010001,0.00010001000100010001,7.814062812562513e-06,0.00019287643050019287,0.00013753929546658983
4833,0.00010001000100010001,0.0,0.0,0.00010001000100010001,4.626571417273532e-05
4834,0.00020002000200020003,0.00010001000100010001,0.0,0.00022859428800022858,0.00010094991268784743
4835,0.00010001000100010001,0.0,0.0,0.00015001500150015003,7.96926926625366e-05
4836,0.00010001000100010001,0.00010001000100010001,0.0,0.00010001000100010001,4.626571417273532e-05
4837,0.00010001000100010001,0.0,0.0,0.00010001000100010001,4.626571417273532e-05
4838,0.00010001000100010001,0.00010001000100010001,0.0,0.00015001500150015003,7.96926926625366e-05
4839,0.00010001000100010001,0.0,0.0,0.00010001000100010001,4.626571417273532e-05
4840,0.00020002000200020003,0.00010001000100010001,0.0,0.000265984045213032,0.0002191651686420796
4841,0.00010001000100010001,0.0,0.0,0.00017144571600017145,0.00011327562607562986
4842,0.00010001000100010001,0.00010001000100010001,0.0,0.00010001000100010001,4.626571417273532e-05
4843,0.00010001000100010001,0.0,0.0,0.00010001000100010001,4.626571417273532e-05
4844,0.00010001000100010001,0.00010001000100010001,0.0,0.00015001500150015003,7.96926926625366e-05
4845,0.00010001000100010001,0.0,0.0,0.00010001000100010001,4.626571417273532e-05
4846,0.00020002000200020003,0.00010001000100010001,1.1721094218843769e-06,0.0002348858739084918,0.00018446336046613673
4847,0.00010001000100010001,0.0,0.0,0.00015001500150015003,7.96926926625366e-05
4848,0.00010001000100010001,0.00010001000100010001,0.0,0.00010001000100010001,4.626571417273532e-05
4849,0.00010001000100010001,0.0,0.0,0.00010001000100010001,4.626571417273532e-05
4850,0.00010001000100010001,0.00010001000100010001,0.0,0.00018573285900018574,0.0001495891964561913
4851,0.00010001000100010001,0.0,0.0,0.00010001000100010001,4.626571417273532e-05
4852,0.00020002000200020003,0.00010001000100010001,0.0,0.00022859428800022858,0.00010094991268784743
4853,0.00010001000100010001,0.0,0.0,0.00015001500150015003,7.96926926625366e-05
4854,0.00010001000100010001,0.00010001000100010001,0.0,0.00010001000100010001,4.626571417273532e-05
4855,0.00010001000100010001,0.0,0.0,0.00010001000100010001,4.626571417273532e-05
4856,0.00010001000100010001,0.00010001000100010001,0.0,0.00015001500150015003,7.96926926625366e-05
4857,0.00010001000100010001,0.0,0.0,0.00010001000100010001,4.626571417273532e-05
4858,0.00020002000200020003,0.00010001000100010001,0.0008716587067413483,0.0023968179937546383,0.0003988733060716301
4859,0.00010001000100010001,0.0,0.0,0.000239096757357855,0.00018152516700931657
4860,0.00010001000100010001,0.00010001000100010001,0.0,0.00010001000100010001,4.626571417273532e-05
4861,0.00010001000100010001,0.0,0.0,0.00010001000100010001,4.626571417273532e-05
4862,0.00010001000100010001,0.00010001000100010001,0.0,0.00015001500150015003,7.96926926625366e-05
4863,0.00010001000100010001,0.0,0.0,0.00010001000100010001,4.626571417273532e-05
4864,0.00020002000200020003,0.00010001000100010001,0.0,0.00021894081300021895,0.00014936457403768883
4865,0.00010001000100010001,0.0,0.0,0.00015001500150015003,7.96926926625366e-05
4866,0.00010001000100010001,0.00010001000100010001,8.986172234446889e-06,0.00010001000100010001,4.626571417273532e-05
4867,0.00010001000100010001,0.0,0.0,0.00010001000100010001,4.626571417273532e-05
4868,0.00010001000100010001,0.00010001000100010001,2.6177110422084417e-05,0.00017144571600017145,0.00011327562607562986
4869,0.00010001000100010001,0.0,0.0,0.00010001000100010001,4.626571417273532e-05
4870,0.00020002000200020003,0.00010001000100010001,0.0,0.00022859428800022858,0.00010094991268784743
4871,0.00010001000100010001,0.0,0.0,0.00015001500150015003,7.96926926625366e-05
4872,0.00010001000100010001,0.00010001000100010001,2.6177110422084417e-05,0.00010001000100010001,4.626571417273532e-05
4873,0.00010001000100010001,0.0,0.0,0.00010001000100010001,4.626571417273532e-05
4874,0.00010001000100010001,0.00010001000100010001,0.0,0.00015001500150015003,7.96926926625366e-05
4875,0.00010001000100010001,0.0,0.0,0.00010001000100010001,4.626571417273532e-05
4876,0.00020002000200020003,0.00010001000100010001,0.0,0.00025602560256025603,0.0001498911875692278
4877,0.00010001000100010001,0.0,0.0,0.00017779555733351112,0.000128107354012378
4878,0.00010001000100010001,0.00010001000100010001,0.0,0.00010001000100010001,4.626571417273532e-05
4879,0.00010001000100010001,0.0,0.0,0.00010001000100010001,4.626571417273532e-05
4880,0.00010001000100010001,0.00010001000100010001,0.0,0.00015001500150015003,7.96926926625366e-05
4881,0.00010001000100010001,0.0,0.0,0.00010001000100010001,4.626571417273532e-05
4882,0.00020002000200020003,0.00010001000100010001,1.5628125625125025e-06,0.00022274954768204092,0.00013453284610094067
4883,0.00010001000100010001,0.0,0.0,0.00015001500150015003,7.96926926625366e-05
4884,0.00010001000100010001,0.00010001000100010001,0.0,0.00010001000100010001,4.626571417273532e-05
4885,0.00010001000100010001,0.0,0.0,0.00010001000100010001,4.626571417273532e-05
4886,0.00010001000100010001,0.00010001000100010001,5.860547109421884e-07,0.00020002000200020003,0.0001524402214313132
4887,0.00010001000100010001,0.0,0.0,0.00010001000100010001,4.626571417273532e-05
4888,0.00020002000200020003,0.00010001000100010001,0.0,0.00022859428800022858,0.00010094991268784743
4889,0.00010001000100010001,0.0,0.0,0.00015001500150015003,7.96926926625366e-05
4890,0.00010001000100010001,0.00010001000100010001,0.0,0.00010001000100010001,4.626571417273532e-05
4891,0.00010001000100010001,0.0,0.0,0.00010001000100010001,4.626571417273532e-05
4892,0.00010001000100010001,0.00010001000100010001,2.6177110422084417e-05,0.00015001500150015003,7.96926926625366e-05
4893,0.00010001000100010001,0.0,0.0,0.00010001000100010001,4.626571417273532e-05
4894,0.00020002000200020003,0.00010001000100010001,5.860547109421884e-07,0.00026306978523939347,0.00017415485696018772
4895,0.00010001000100010001,0.0,0.0,0.00017144571600017145,0.00011327562607562986
4896,0.00010001000100010001,0.00010001000100010001,0.0,0.00010001000100010001,4.626571417273532e-05
4897,0.00010001000100010001,0.0,0.0,0.00010001000100010001,4.626571417273532e-05
4898,0.00010001000100010001,0.00010001000100010001,0.0,0.00015001500150015003,7.96926926625366e-05
4899,0.00010001000100010001,0.0,0.0,0.00010001000100010001,4.626571417273532e-05
4900,0.00020002000200020003,0.00010001000100010001,2.6177110422084417e-05,0.00027877352195149825,0.0002181217521897978
4901,0.00010001000100010001,0.0,0.0,0.00015001500150015003,7.96926926625366e-05
4902,0.00010001000100010001,0.00010001000100010001,0.0,0.00010001000100010001,4.626571417273532e-05
4903,0.00010001000100010001,0.0,0.0,0.00010001000100010001,4.626571417273532e-05
4904,0.00010001000100010001,0.00010001000100010001,0.0,0.00017779555733351112,0.000128107354012378
4905,0.00010001000100010001,0.0,0.0,0.00010001000100010001,4.626571417273532e-05
4906,0.00020002000200020003,0.00010001000100010001,0.0,0.00022859428800022858,0.00010094991268784743
4907,0.00010001000100010001,0.0,0.0,0.00015001500150015003,7.96926926625366e-05
4908,0.00010001000100010001,0.00010001000100010001,2.6177110422084417e-05,0.00010001000100010001,4.626571417273532e-05
4909,0.00010001000100010001,0.0,0.0,0.00010001000100010001,4.626571417273532e-05
4910,0.00010001000100010001,0.00010001000100010001,0.0,0.00015001500150015003,7.96926926625366e-05
4911,0.00010001000100010001,0.0,0.0,0.00010001000100010001,4.626571417273532e-05
4912,0.00020002000200020003,0.00010001000100010001,8.009414382876575e-06,0.0003125883364592167,0.0002594831975551936
4913,0.00010001000100010001,0.0,0.0,0.00019287643050019287,0.00013753929546658983
4914,0.00010001000100010001,0.00010001000100010001,0.0,0.00010001000100010001,4.626571417273532e-05
4915,0.00010001000100010001,0.0,0.0,0.00010001000100010001,4.626571417273532e-05
4916,0.00010001000100010001,0.00010001000100010001,0.0,0.00015001500150015003,7.96926926625366e-05
4917,0.00010001000100010001,0.0,0.0,0.00010001000100010001,4.626571417273532e-05
4918,0.00020002000200020003,0.00010001000100010001,0.0,0.00021894081300021895,0.00014936457403768883
4919,0.00010001000100010001,0.0,0.0,0.00015001500150015003,7.96926926625366e-05
4920,0.00010001000100010001,0.00010001000100010001,0.0,0.00010001000100010001,4.626571417273532e-05
4921,0.00010001000100010001,0.0,0.0,0.00010001000100010001,4.626571417273532e-05
4922,0.00010001000100010001,0.00010001000100010001,0.0,0.00017144571600017145,0.00011327562607562986
4923,0.00010001000100010001,0.0,0.0,0.00010001000100010001,4.626571417273532e-05
4924,0.00020002000200020003,0.00010001000100010001,0.0,0.00022859428800022858,0.00010094991268784743
4925,0.00010001000100010001,0.0,0.0,0.00015001500150015003,7.96926926625366e-05
4926,0.00010001000100010001,0.00010001000100010001,0.0,0.00010001000100010001,4.626571417273532e-05
4927,0.00010001000100010001,0.0,0.0,0.00010001000100010001,4.626571417273532e-05
4928,0.00010001000100010001,0.00010001000100010001,0.0,0.00015001500150015003,7.96926926625366e-05
4929,0.00010001000100010001,0.0,0.0,0.00010001000100010001,4.626571417273532e-05
4930,0.00020002000200020003,0.00010001000100010001,1.4065313062612523e-05,0.00025602560256025603,0.0001498911875692278
4931,0.00010001000100010001,0.0,0.0,0.00018335166850018332,0.00014300827997710134
4932,0.00010001000100010001,0.00010001000100010001,0.0,0.00010001000100010001,4.626571417273532e-05
4933,0.00010001000100010001,0.0,0.0,0.00010001000100010001,4.626571417273532e-05
4934,0.00010001000100010001,0.00010001000100010001,0.0,0.00015001500150015003,7.96926926625366e-05
4935,0.00010001000100010001,0.0,0.0,0.00010001000100010001,4.626571417273532e-05
4936,0.00020002000200020003,0.00010001000100010001,0.0,0.00022274954768204092,0.00013453284610094067
4937,0.00010001000100010001,0.0,0.0,0.00015001500150015003,7.96926926625366e-05
4938,0.00010001000100010001,0.00010001000100010001,0.0,0.00010001000100010001,4.626571417273532e-05
4939,0.00010001000100010001,0.0,0.0,0.00010001000100010001,4.626571417273532e-05
4940,0.00010001000100010001,0.00010001000100010001,2.6177110422084417e-05,0.00021127112711271127,0.00015925479913198127
4941,0.00010001000100010001,0.0,0.0,0.00010001000100010001,4.626571417273532e-05
4942,0.00020002000200020003,0.00010001000100010001,0.0,0.00022859428800022858,0.00010094991268784743
4943,0.00010001000100010001,0.0,0.0,0.00015001500150015003,7.96926926625366e-05
4944,0.00010001000100010001,0.00010001000100010001,0.0,0.00010001000100010001,4.626571417273532e-05
4945,0.00010001000100010001,0.0,0.0,0.00010001000100010001,4.626571417273532e-05
4946,0.00010001000100010001,0.00010001000100010001,0.0,0.00015001500150015003,7.96926926625366e-05
4947,0.00010001000100010001,0.0,0.0,0.00010001000100010001,4.626571417273532e-05
4948,0.00020002000200020003,0.00010001000100010001,5.469843968793759e-06,0.0002579205288949947,0.0001890557829249111
4949,0.00010001000100010001,0.0,0.0,0.00017144571600017145,0.00011327562607562986
4950,0.00010001000100010001,0.00010001000100010001,0.0,0.00010001000100010001,4.626571417273532e-05
4951,0.00010001000100010001,0.0,0.0,0.00010001000100010001,4.626571417273532e-05
4952,0.00010001000100010001,0.00010001000100010001,0.0,0.00015001500150015003,7.96926926625366e-05
4953,0.00010001000100010001,0.0,0.0,0.00010001000100010001,4.626571417273532e-05
4954,0.00020002000200020003,0.00010001000100010001,0.0,0.00023258139767465117,0.00015879651549190066
4955,0.00010001000100010001,0.0,0.0,0.00015001500150015003,7.96926926625366e-05
4956,0.00010001000100010001,0.00010001000100010001,0.0,0.00010001000100010001,4.626571417273532e-05
4957,0.00010001000100010001,0.0,0.0,0.00010001000100010001,4.626571417273532e-05
4958,0.00010001000100010001,0.00010001000100010001,0.0,0.00017779555733351112,0.000128107354012378
4959,0.00010001000100010001,0.0,0.0,0.00010001000100010001,4.626571417273532e-05
4960,0.00020002000200020003,0.00010001000100010001,1.7581641328265654e-05,0.00022859428800022858,0.00010094991268784743
4961,0.00010001000100010001,0.0,0.0,0.00015001500150015003,7.96926926625366e-05
4962,0.00010001000100010001,0.00010001000100010001,0.0,0.00010001000100010001,4.626571417273532e-05
4963,0.00010001000100010001,0.0,0.0,0.00010001000100010001,4.626571417273532e-05
4964,0.00010001000100010001,0.00010001000100010001,0.0,0.00015001500150015003,7.96926926625366e-05
4965,0.00010001000100010001,0.0,0.0,0.00010001000100010001,4.626571417273532e-05
4966,0.00020002000200020003,0.00010001000100010001,0.0,0.0002969993969093879,0.00020008298660777326
4967,0.00010001000100010001,0.0,0.0,0.00022417495986886823,0.00017875869377604415
4968,0.00010001000100010001,0.00010001000100010001,0.0,0.00010001000100010001,4.626571417273532e-05
4969,0.00010001000100010001,0.0,0.0,0.00010001000100010001,4.626571417273532e-05
4970,0.00010001000100010001,0.00010001000100010001,0.0,0.00015001500150015003,7.96926926625366e-05
4971,0.00010001000100010001,0.0,0.0,0.00010001000100010001,4.626571417273532e-05
4972,0.00020002000200020003,0.00010001000100010001,1.4065313062612523e-05,0.0002130647847393435,0.00017084641648150211
4973,0.00010001000100010001,0.0,0.0,0.00015001500150015003,7.96926926625366e-05
4974,0.00010001000100010001,0.00010001000100010001,0.0,0.00010001000100010001,4.626571417273532e-05
4975,0.00010001000100010001,0.0,0.0,0.00010001000100010001,4.626571417273532e-05
4976,0.00010001000100010001,0.00010001000100010001,0.0,0.00017144571600017145,0.00011327562607562986
4977,0.00010001000100010001,0.0,0.0,0.00010001000100010001,4.626571417273532e-05
4978,0.00020002000200020003,0.00010001000100010001,8.009414382876575e-06,0.00022859428800022858,0.00010094991268784743
4979,0.00010001000100010001,0.0,0.0,0.00015001500150015003,7.96926926625366e-05
4980,0.00010001000100010001,0.00010001000100010001,0.0,0.00010001000100010001,4.626571417273532e-05
4981,0.00010001000100010001,0.0,0.0,0.00010001000100010001,4.626571417273532e-05
4982,0.00010001000100010001,0.00010001000100010001,0.0,0.00015001500150015003,7.96926926625366e-05
4983,0.00010001000100010001,0.0,0.0,0.00010001000100010001,4.626571417273532e-05
4984,0.00020002000200020003,0.00010001000100010001,0.0,0.00025602560256025603,0.0001498911875692278
4985,0.00010001000100010001,0.0,0.0,0.00017779555733351112,0.000128107354012378
4986,0.00010001000100010001,0.00010001000100010001,0.0,0.00010001000100010001,4.626571417273532e-05
4987,0.00010001000100010001,0.0,0.0,0.00010001000100010001,4.626571417273532e-05
4988,0.00010001000100010001,0.00010001000100010001,0.0,0.00015001500150015003,7.96926926625366e-05
4989,0.00010001000100010001,0.0,0.0,0.00010001000100010001,4.626571417273532e-05
4990,0.00020002000200020003,0.00010001000100010001,5.860547109421884e-07,0.00022274954768204092,0.00013453284610094067
4991,0.00010001000100010001,0.0,0.0,0.00015001500150015003,7.96926926625366e-05
4992,0.00010001000100010001,0.00010001000100010001,0.0,0.00010001000100010001,4.626571417273532e-05
4993,0.00010001000100010001,0.0,0.0,0.00010001000100010001,4.626571417273532e-05
4994,0.00010001000100010001,0.00010001000100010001,0.0,0.00019287643050019287,0.00013753929546658983
4995,0.00010001000100010001,0.0,0.0,0.00010001000100010001,4.626571417273532e-05
4996,0.00020002000200020003,0.00010001000100010001,0.0,0.00022859428800022858,0.00010094991268784743
4997,0.00010001000100010001,0.0,0.0,0.00015001500150015003,7.96926926625366e-05
4998,0.00010001000100010001,0.00010001000100010001,0.0,0.00010001000100010001,4.626571417273532e-05
4999,0.00010001000100010001,0.0,0.0,0.00010001000100010001,4.626571417273532e-05
5000,0.00010001000100010001,0.00010001000100010001,0.0,0.00015001500150015003,7.96926926625366e-05
5001,0.0,0.0,0.0,0.0,2.50084941474245e-05
5002,0.00010001000100010001,0.00010001000100010001,5.469843968793759e-06,0.00023616819513276626,0.00017461314060026836
5003,0.0,0.0,0.0,0.0,2.50084941474245e-05
5004,0.0,0.00010001000100010001,0.0,0.0,2.50084941474245e-05
5005,0.0,0.0,0.0,0.0,2.50084941474245e-05
5006,0.0,0.00010001000100010001,0.0,0.0,2.50084941474245e-05
5007,0.0,0.0,0.0,0.0,2.50084941474245e-05
5008,0.00010001000100010001,0.00010001000100010001,2.6177110422084417e-05,0.00020002000200020003,0.0001524402214313132
5009,0.0,0.0,0.0,0.0,2.50084941474245e-05
5010,0.0,0.00010001000100010001,0.0,0.0,2.50084941474245e-05
5011,0.0,0.0,0.0,0.0,2.50084941474245e-05
5012,0.0,0.00010001000100010001,0.0,0.0,2.50084941474245e-05
5013,0.0,0.0,0.0,0.0,2.50084941474245e-05
5014,0.00010001000100010001,0.00010001000100010001,0.0,0.00015001500150015003,7.96926926625366e-05
5015,0.0,0.0,0.0,0.0,2.50084941474245e-05
5016,0.0,0.00010001000100010001,0.0,0.0,2.50084941474245e-05
5017,0.0,0.0,0.0,0.0,2.50084941474245e-05
5018,0.0,0.00010001000100010001,0.0,0.0,2.50084941474245e-05
5019,0.0,0.0,0.0,0.0,2.50084941474245e-05
5020,0.00010001000100010001,0.00010001000100010001,5.0791408281656336e-06,0.00032063812441850245,0.00023004026292774716
5021,0.0,0.0,0.0,0.0,2.50084941474245e-05
5022,0.0,0.00010001000100010001,0.0,0.0,2.50084941474245e-05
5023,0.0,0.0,0.0,0.0,2.50084941474245e-05
5024,0.0,0.00010001000100010001,0.0,0.0,2.50084941474245e-05
5025,0.0,0.0,0.0,0.0,2.50084941474245e-05
5026,0.00010001000100010001,0.00010001000100010001,0.0,0.00017779555733351112,0.000128107354012378
5027,0.0,0.0,0.0,0.0,2.50084941474245e-05
5028,0.0,0.00010001000100010001,0.0,0.0,2.50084941474245e-05
5029,0.0,0.0,0.0,0.0,2.50084941474245e-05
5030,0.0,0.00010001000100010001,0.0,0.0,2.50084941474245e-05
5031,0.0,0.0,0.0,0.0,2.50084941474245e-05
5032,0.00010001000100010001,0.00010001000100010001,0.0,0.00015001500150015003,7.96926926625366e-05
5033,0.0,0.0,0.0,0.0,2.50084941474245e-05
5034,0.0,0.00010001000100010001,0.0,0.0,2.50084941474245e-05
5035,0.0,0.0,0.0,0.0,2.50084941474245e-05
5036,0.0,0.00010001000100010001,0.0,0.0,2.50084941474245e-05
5037,0.0,0.0,0.0,0.0,2.50084941474245e-05
5038,0.00010001000100010001,0.00010001000100010001,0.0,0.00020418708537520418,0.00012863396754391693
5039,0.0,0.0,0.0,0.0,2.50084941474245e-05
5040,0.0,0.00010001000100010001,0.0,0.0,2.50084941474245e-05
5041,0.0,0.0,0.0,0.0,2.50084941474245e-05
5042,0.0,0.00010001000100010001,0.0,0.0,2.50084941474245e-05
5043,0.0,0.0,0.0,0.0,2.50084941474245e-05
5044,0.00010001000100010001,0.00010001000100010001,8.009414382876575e-06,0.00017144571600017145,0.00011327562607562986
5045,0.0,0.0,0.0,0.0,2.50084941474245e-05
5046,0.0,0.00010001000100010001,0.0,0.0,2.50084941474245e-05
5047,0.0,0.0,0.0,0.0,2.50084941474245e-05
5048,0.0,0.00010001000100010001,0.0,0.0,2.50084941474245e-05
5049,0.0,0.0,0.0,0.0,2.50084941474245e-05
5050,0.00010001000100010001,0.00010001000100010001,0.0,0.00015001500150015003,7.96926926625366e-05
5051,0.0,0.0,0.0,0.0,2.50084941474245e-05
5052,0.0,0.00010001000100010001,0.0,0.0,2.50084941474245e-05
5053,0.0,0.0,0.0,0.0,2.50084941474245e-05
5054,0.0,0.00010001000100010001,0.0,0.0,2.50084941474245e-05
5055,0.0,0.0,0.0,0.0,2.50084941474245e-05
5056,0.00010001000100010001,0.00010001000100010001,0.0,0.0002222444466668889,0.0001528976369348769
5057,0.0,0.0,0.0,0.0,2.50084941474245e-05
5058,0.0,0.00010001000100010001,0.0,0.0,2.50084941474245e-05
5059,0.0,0.0,0.0,0.0,2.50084941474245e-05
5060,0.0,0.00010001000100010001,0.0,0.0,2.50084941474245e-05
5061,0.0,0.0,0.0,0.0,2.50084941474245e-05
5062,0.00010001000100010001,0.00010001000100010001,1.1721094218843769e-06,0.00021127112711271127,0.00015925479913198127
5063,0.0,0.0,0.0,0.0,2.50084941474245e-05
5064,0.0,0.00010001000100010001,0.0,0.0,2.50084941474245e-05
5065,0.0,0.0,0.0,0.0,2.50084941474245e-05
5066,0.0,0.00010001000100010001,0.0,0.0,2.50084941474245e-05
5067,0.0,0.0,0.0,0.0,2.50084941474245e-05
5068,0.00010001000100010001,0.00010001000100010001,6.446601820364073e-06,0.00015001500150015003,7.96926926625366e-05
5069,0.0,0.0,0.0,0.0,2.50084941474245e-05
5070,0.0,0.00010001000100010001,0.0,0.0,2.50084941474245e-05
5071,0.0,0.0,0.0,0.0,2.50084941474245e-05
5072,0.0,0.00010001000100010001,0.0,0.0,2.50084941474245e-05
5073,0.0,0.0,0.0,0.0,2.50084941474245e-05
5074,0.00010001000100010001,0.00010001000100010001,4.6884376875375075e-06,0.0003874479457630993,0.0002706426564463605
5075,0.0,0.0,0.0,0.0,2.50084941474245e-05
5076,0.0,0.00010001000100010001,0.0,0.0,2.50084941474245e-05
5077,0.0,0.0,0.0,0.0,2.50084941474245e-05
5078,0.0,0.00010001000100010001,0.0,0.0,2.50084941474245e-05
5079,0.0,0.0,0.0,0.0,2.50084941474245e-05
5080,0.00010001000100010001,0.00010001000100010001,1.2893203640728146e-05,0.00017779555733351112,0.000128107354012378
5081,0.0,0.0,0.0,0.0,2.50084941474245e-05
5082,0.0,0.00010001000100010001,0.0,0.0,2.50084941474245e-05
5083,0.0,0.0,0.0,0.0,2.50084941474245e-05
5084,0.0,0.00010001000100010001,0.0,0.0,2.50084941474245e-05
5085,0.0,0.0,0.0,0.0,2.50084941474245e-05
5086,0.00010001000100010001,0.00010001000100010001,0.0,0.00015001500150015003,7.96926926625366e-05
5087,0.0,0.0,0.0,0.0,2.50084941474245e-05
5088,0.0,0.00010001000100010001,0.0,0.0,2.50084941474245e-05
5089,0.0,0.0,0.0,0.0,2.50084941474245e-05
5090,0.0,0.00010001000100010001,0.0,0.0,2.50084941474245e-05
5091,0.0,0.0,0.0,0.0,2.50084941474245e-05
5092,0.00010001000100010001,0.00010001000100010001,0.0,0.00020418708537520418,0.00012863396754391693
5093,0.0,0.0,0.0,0.0,2.50084941474245e-05
5094,0.0,0.00010001000100010001,0.0,0.0,2.50084941474245e-05
5095,0.0,0.0,0.0,0.0,2.50084941474245e-05
5096,0.0,0.00010001000100010001,0.0,0.0,2.50084941474245e-05
5097,0.0,0.0,0.0,0.0,2.50084941474245e-05
5098,0.00010001000100010001,0.00010001000100010001,0.0,0.00017144571600017145,0.00011327562607562986
5099,0.0,0.0,0.0,0.0,2.50084941474245e-05
5100,0.0,0.00010001000100010001,0.0,0.0,2.50084941474245e-05
5101,0.0,0.0,0.0,0.0,2.50084941474245e-05
5102,0.0,0.00010001000100010001,0.0,0.0,2.50084941474245e-05
5103,0.0,0.0,0.0,0.0,2.50084941474245e-05
5104,0.00010001000100010001,0.00010001000100010001,0.0,0.00015001500150015003,7.96926926625366e-05
5105,0.0,0.0,0.0,0.0,2.50084941474245e-05
5106,0.0,0.00010001000100010001,0.0,0.0,2.50084941474245e-05
5107,0.0,0.0,0.0,0.0,2.50084941474245e-05
5108,0.0,0.00010001000100010001,0.0,0.0,2.50084941474245e-05
5109,0.0,0.0,0.0,0.0,2.50084941474245e-05
5110,0.00010001000100010001,0.00010001000100010001,0.0,0.00022502250225022499,0.00017437947937869015
5111,0.0,0.0,0.0,0.0,2.50084941474245e-05
5112,0.0,0.00010001000100010001,0.0,0.0,2.50084941474245e-05
5113,0.0,0.0,0.0,0.0,2.50084941474245e-05
5114,0.0,0.00010001000100010001,0.0,0.0,2.50084941474245e-05
5115,0.0,0.0,0.0,0.0,2.50084941474245e-05
5116,0.00010001000100010001,0.00010001000100010001,0.0,0.00019287643050019287,0.00013753929546658983
5117,0.0,0.0,0.0,0.0,2.50084941474245e-05
5118,0.0,0.00010001000100010001,0.0,0.0,2.50084941474245e-05
5119,0.0,0.0,0.0,0.0,2.50084941474245e-05
5120,0.0,0.00010001000100010001,0.0,0.0,2.50084941474245e-05
5121,0.0,0.0,0.0,0.0,2.50084941474245e-05
5122,0.00010001000100010001,0.00010001000100010001,0.0,0.00015001500150015003,7.96926926625366e-05
5123,0.0,0.0,0.0,0.0,2.50084941474245e-05
5124,0.0,0.00010001000100010001,0.0,0.0,2.50084941474245e-05
5125,0.0,0.0,0.0,0.0,2.50084941474245e-05
5126,0.0,0.00010001000100010001,0.0,0.0,2.50084941474245e-05
5127,0.0,0.0,0.0,0.0,2.50084941474245e-05
5128,0.00010001000100010001,0.00010001000100010001,0.0,0.00026002600260026,0.00017882576658246243
5129,0.0,0.0,0.0,0.0,2.50084941474245e-05
5130,0.0,0.00010001000100010001,0.0,0.0,2.50084941474245e-05
5131,0.0,0.0,0.0,0.0,2.50084941474245e-05
5132,0.0,0.00010001000100010001,0.0,0.0,2.50084941474245e-05
5133,0.0,0.0,0.0,0.0,2.50084941474245e-05
5134,0.00010001000100010001,0.00010001000100010001,1.1721094218843769e-06,0.00020002000200020003,0.00016623941752465297
5135,0.0,0.0,0.0,0.0,2.50084941474245e-05
5136,0.0,0.00010001000100010001,0.0,0.0,2.50084941474245e-05
5137,0.0,0.0,0.0,0.0,2.50084941474245e-05
5138,0.0,0.00010001000100010001,0.0,0.0,2.50084941474245e-05
5139,0.0,0.0,0.0,0.0,2.50084941474245e-05
5140,0.00010001000100010001,0.00010001000100010001,0.0,0.00015001500150015003,7.96926926625366e-05
5141,0.0,0.0,0.0,0.0,2.50084941474245e-05
5142,0.0,0.00010001000100010001,0.0,0.0,2.50084941474245e-05
5143,0.0,0.0,0.0,0.0,2.50084941474245e-05
5144,0.0,0.00010001000100010001,0.0,0.0,2.50084941474245e-05
5145,0.0,0.0,0.0,0.0,2.50084941474245e-05
5146,0.00010001000100010001,0.00010001000100010001,0.0,0.00020418708537520418,0.00012863396754391693
5147,0.0,0.0,0.0,0.0,2.50084941474245e-05
5148,0.0,0.00010001000100010001,0.0,0.0,2.50084941474245e-05
5149,0.0,0.0,0.0,0.0,2.50084941474245e-05
5150,0.0,0.00010001000100010001,0.0,0.0,2.50084941474245e-05
5151,0.0,0.0,0.0,0.0,2.50084941474245e-05
5152,0.00010001000100010001,0.00010001000100010001,0.0,0.00017144571600017145,0.00011327562607562986
5153,0.0,0.0,0.0,0.0,2.50084941474245e-05
5154,0.0,0.00010001000100010001,0.0,0.0,2.50084941474245e-05
5155,0.0,0.0,0.0,0.0,2.50084941474245e-05
5156,0.0,0.00010001000100010001,0.0,0.0,2.50084941474245e-05
5157,0.0,0.0,0.0,0.0,2.50084941474245e-05
5158,0.00010001000100010001,0.00010001000100010001,0.0,0.00015001500150015003,7.96926926625366e-05
5159,0.0,0.0,0.0,0.0,2.50084941474245e-05
5160,0.0,0.00010001000100010001,0.0,0.0,2.50084941474245e-05
5161,0.0,0.0,0.0,0.0,2.50084941474245e-05
5162,0.0,0.00010001000100010001,0.0,0.0,2.50084941474245e-05
5163,0.0,0.0,0.0,0.0,2.50084941474245e-05
5164,0.00010001000100010001,0.00010001000100010001,1.0548984796959391e-05,0.00034736178020317753,0.00023773836155506047
5165,0.0,0.0,0.0,0.0,2.50084941474245e-05
5166,0.0,0.00010001000100010001,0.0,0.0,2.50084941474245e-05
5167,0.0,0.0,0.0,0.0,2.50084941474245e-05
5168,0.0,0.00010001000100010001,0.0,0.0,2.50084941474245e-05
5169,0.0,0.0,0.0,0.0,2.50084941474245e-05
5170,0.00010001000100010001,0.00010001000100010001,1.0548984796959391e-05,0.0002020820638764907,0.0001590211379104031
5171,0.0,0.0,0.0,0.0,2.50084941474245e-05
5172,0.0,0.00010001000100010001,0.0,0.0,2.50084941474245e-05
5173,0.0,0.0,0.0,0.0,2.50084941474245e-05
5174,0.0,0.00010001000100010001,0.0,0.0,2.50084941474245e-05
5175,0.0,0.0,0.0,0.0,2.50084941474245e-05
5176,0.00010001000100010001,0.00010001000100010001,0.0,0.00015001500150015003,7.96926926625366e-05
5177,0.0,0.0,0.0,0.0,2.50084941474245e-05
5178,0.0,0.00010001000100010001,0.0,0.0,2.50084941474245e-05
5179,0.0,0.0,0.0,0.0,2.50084941474245e-05
5180,0.0,0.00010001000100010001,0.0,0.0,2.50084941474245e-05
5181,0.0,0.0,0.0,0.0,2.50084941474245e-05
5182,0.00010001000100010001,0.00010001000100010001,5.860547109421884e-07,0.0003844459290003845,0.00027509298657820184
5183,0.0,0.0,0.0,0.0,2.50084941474245e-05
5184,0.0,0.00010001000100010001,0.0,0.0,2.50084941474245e-05
5185,0.0,0.0,0.0,0.0,2.50084941474245e-05
5186,0.0,0.00010001000100010001,0.0,0.0,2.50084941474245e-05
5187,0.0,0.0,0.0,0.0,2.50084941474245e-05
5188,0.00010001000100010001,0.00010001000100010001,0.0,0.00017779555733351112,0.000128107354012378
5189,0.0,0.0,0.0,0.0,2.50084941474245e-05
5190,0.0,0.00010001000100010001,0.0,0.0,2.50084941474245e-05
5191,0.0,0.0,0.0,0.0,2.50084941474245e-05
5192,0.0,0.00010001000100010001,0.0,0.0,2.50084941474245e-05
5193,0.0,0.0,0.0,0.0,2.50084941474245e-05
5194,0.00010001000100010001,0.00010001000100010001,0.0,0.00015001500150015003,7.96926926625366e-05
5195,0.0,0.0,0.0,0.0,2.50084941474245e-05
5196,0.0,0.00010001000100010001,0.0,0.0,2.50084941474245e-05
5197,0.0,0.0,0.0,0.0,2.50084941474245e-05
5198,0.0,0.00010001000100010001,0.0,0.0,2.50084941474245e-05
5199,0.0,0.0,0.0,0.0,2.50084941474245e-05
5200,0.00010001000100010001,0.00010001000100010001,0.0,0.00020418708537520418,0.00012863396754391693
5201,0.0,0.0,0.0,0.0,2.50084941474245e-05
5202,0.0,0.00010001000100010001,0.0,0.0,2.50084941474245e-05
5203,0.0,0.0,0.0,0.0,2.50084941474245e-05
5204,0.0,0.00010001000100010001,0.0,0.0,2.50084941474245e-05
5205,0.0,0.0,0.0,0.0,2.50084941474245e-05
5206,0.00010001000100010001,0.00010001000100010001,5.860547109421884e-07,0.00017144571600017145,0.00011327562607562986
5207,0.0,0.0,0.0,0.0,2.50084941474245e-05
5208,0.0,0.00010001000100010001,0.0,0.0,2.50084941474245e-05
5209,0.0,0.0,0.0,0.0,2.50084941474245e-05
5210,0.0,0.00010001000100010001,0.0,0.0,2.50084941474245e-05
5211,0.0,0.0,0.0,0.0,2.50084941474245e-05
5212,0.00010001000100010001,0.00010001000100010001,0.0,0.00015001500150015003,7.96926926625366e-05
5213,0.0,0.0,0.0,0.0,2.50084941474245e-05
5214,0.0,0.00010001000100010001,0.0,0.0,2.50084941474245e-05
5215,0.0,0.0,0.0,0.0,2.50084941474245e-05
5216,0.0,0.00010001000100010001,0.0,0.0,2.50084941474245e-05
5217,0.0,0.0,0.0,0.0,2.50084941474245e-05
5218,0.00010001000100010001,0.00010001000100010001,0.0,0.0002222444466668889,0.0001528976369348769
5219,0.0,0.0,0.0,0.0,2.50084941474245e-05
5220,0.0,0.00010001000100010001,0.0,0.0,2.50084941474245e-05
5221,0.0,0.0,0.0,0.0,2.50084941474245e-05
5222,0.0,0.00010001000100010001,0.0,0.0,2.50084941474245e-05
5223,0.0,0.0,0.0,0.0,2.50084941474245e-05
5224,0.00010001000100010001,0.00010001000100010001,5.469843968793759e-06,0.000239096757357855,0.00018152516700931657
5225,0.0,0.0,0.0,0.0,2.50084941474245e-05
5226,0.0,0.00010001000100010001,0.0,0.0,2.50084941474245e-05
5227,0.0,0.0,0.0,0.0,2.50084941474245e-05
5228,0.0,0.00010001000100010001,0.0,0.0,2.50084941474245e-05
5229,0.0,0.0,0.0,0.0,2.50084941474245e-05
5230,0.00010001000100010001,0.00010001000100010001,0.0,0.00015001500150015003,7.96926926625366e-05
5231,0.0,0.0,0.0,0.0,2.50084941474245e-05
5232,0.0,0.00010001000100010001,0.0,0.0,2.50084941474245e-05
5233,0.0,0.0,0.0,0.0,2.50084941474245e-05
5234,0.0,0.00010001000100010001,0.0,0.0,2.50084941474245e-05
5235,0.0,0.0,0.0,0.0,2.50084941474245e-05
5236,0.00010001000100010001,0.00010001000100010001,2.8716680836167233e-05,0.0003130490563849284,0.0002262081152220899
5237,0.0,0.0,0.0,0.0,2.50084941474245e-05
5238,0.0,0.00010001000100010001,0.0,0.0,2.50084941474245e-05
5239,0.0,0.0,0.0,0.0,2.50084941474245e-05
5240,0.0,0.00010001000100010001,0.0,0.0,2.50084941474245e-05
5241,0.0,0.0,0.0,0.0,2.50084941474245e-05
5242,0.00010001000100010001,0.00010001000100010001,2.8716680836167233e-05,0.00017779555733351112,0.000128107354012378
5243,0.0,0.0,0.0,0.0,2.50084941474245e-05
5244,0.0,0.00010001000100010001,0.0,0.0,2.50084941474245e-05
5245,0.0,0.0,0.0,0.0,2.50084941474245e-05
5246,0.0,0.00010001000100010001,0.0,0.0,2.50084941474245e-05
5247,0.0,0.0,0.0,0.0,2.50084941474245e-05
5248,0.00010001000100010001,0.00010001000100010001,0.0,0.00015001500150015003,7.96926926625366e-05
5249,0.0,0.0,0.0,0.0,2.50084941474245e-05
5250,0.0,0.00010001000100010001,0.0,0.0,2.50084941474245e-05
5251,0.0,0.0,0.0,0.0,2.50084941474245e-05
5252,0.0,0.00010001000100010001,0.0,0.0,2.50084941474245e-05
5253,0.0,0.0,0.0,0.0,2.50084941474245e-05
5254,0.00010001000100010001,0.00010001000100010001,0.0,0.00020418708537520418,0.00012863396754391693
5255,0.0,0.0,0.0,0.0,2.50084941474245e-05
5256,0.0,0.00010001000100010001,0.0,0.0,2.50084941474245e-05
5257,0.0,0.0,0.0,0.0,2.50084941474245e-05
5258,0.0,0.00010001000100010001,0.0,0.0,2.50084941474245e-05
5259,0.0,0.0,0.0,0.0,2.50084941474245e-05
5260,0.00010001000100010001,0.00010001000100010001,0.0,0.00017144571600017145,0.00011327562607562986
5261,0.0,0.0,0.0,0.0,2.50084941474245e-05
5262,0.0,0.00010001000100010001,0.0,0.0,2.50084941474245e-05
5263,0.0,0.0,0.0,0.0,2.50084941474245e-05
5264,0.0,0.00010001000100010001,0.0,0.0,2.50084941474245e-05
5265,0.0,0.0,0.0,0.0,2.50084941474245e-05
5266,0.00010001000100010001,0.00010001000100010001,0.0,0.00015001500150015003,7.96926926625366e-05
5267,0.0,0.0,0.0,0.0,2.50084941474245e-05
5268,0.0,0.00010001000100010001,0.0,0.0,2.50084941474245e-05
5269,0.0,0.0,0.0,0.0,2.50084941474245e-05
5270,0.0,0.00010001000100010001,0.0,0.0,2.50084941474245e-05
5271,0.0,0.0,0.0,0.0,2.50084941474245e-05
5272,0.00010001000100010001,0.00010001000100010001,2.1097969593918783e-05,0.00023363447455856698,0.00019479559767265043
5273,0.0,0.0,0.0,0.0,2.50084941474245e-05
5274,0.0,0.00010001000100010001,0.0,0.0,2.50084941474245e-05
5275,0.0,0.0,0.0,0.0,2.50084941474245e-05
5276,0.0,0.00010001000100010001,0.0,0.0,2.50084941474245e-05
5277,0.0,0.0,0.0,0.0,2.50084941474245e-05
5278,0.00010001000100010001,0.00010001000100010001,0.0,0.00019287643050019287,0.00013753929546658983
5279,0.0,0.0,0.0,0.0,2.50084941474245e-05
5280,0.0,0.00010001000100010001,0.0,0.0,2.50084941474245e-05
5281,0.0,0.0,0.0,0.0,2.50084941474245e-05
5282,0.0,0.00010001000100010001,0.0,0.0,2.50084941474245e-05
5283,0.0,0.0,0.0,0.0,2.50084941474245e-05
5284,0.00010001000100010001,0.00010001000100010001,0.0,0.00015001500150015003,7.96926926625366e-05
5285,0.0,0.0,0.0,0.0,2.50084941474245e-05
5286,0.0,0.00010001000100010001,0.0,0.0,2.50084941474245e-05
5287,0.0,0.0,0.0,0.0,2.50084941474245e-05
5288,0.0,0.00010001000100010001,0.0,0.0,2.50084941474245e-05
5289,0.0,0.0,0.0,0.0,2.50084941474245e-05
5290,0.00010001000100010001,0.00010001000100010001,2.2660782156431287e-05,0.00026002600260026,0.00017882576658246243
5291,0.0,0.0,0.0,0.0,2.50084941474245e-05
5292,0.0,0.00010001000100010001,0.0,0.0,2.50084941474245e-05
5293,0.0,0.0,0.0,0.0,2.50084941474245e-05
5294,0.0,0.00010001000100010001,0.0,0.0,2.50084941474245e-05
5295,0.0,0.0,0.0,0.0,2.50084941474245e-05
5296,0.00010001000100010001,0.00010001000100010001,5.469843968793759e-06,0.00018335166850018332,0.00014300827997710134
5297,0.0,0.0,0.0,0.0,2.50084941474245e-05
5298,0.0,0.00010001000100010001,0.0,0.0,2.50084941474245e-05
5299,0.0,0.0,0.0,0.0,2.50084941474245e-05
5300,0.0,0.00010001000100010001,0.0,0.0,2.50084941474245e-05
5301,0.0,0.0,0.0,0.0,2.50084941474245e-05
5302,0.00010001000100010001,0.00010001000100010001,0.0,0.00015001500150015003,7.96926926625366e-05
5303,0.0,0.0,0.0,0.0,2.50084941474245e-05
5304,0.0,0.00010001000100010001,0.0,0.0,2.50084941474245e-05
5305,0.0,0.0,0.0,0.0,2.50084941474245e-05
5306,0.0,0.00010001000100010001,0.0,0.0,2.50084941474245e-05
5307,0.0,0.0,0.0,0.0,2.50084941474245e-05
5308,0.00010001000100010001,0.00010001000100010001,0.0,0.00020418708537520418,0.00012863396754391693
5309,0.0,0.0,0.0,0.0,2.50084941474245e-05
5310,0.0,0.00010001000100010001,0.0,0.0,2.50084941474245e-05
5311,0.0,0.0,0.0,0.0,2.50084941474245e-05
5312,0.0,0.00010001000100010001,0.0,0.0,2.50084941474245e-05
5313,0.0,0.0,0.0,0.0,2.50084941474245e-05
5314,0.00010001000100010001,0.00010001000100010001,2.1488672734546907e-06,0.00017144571600017145,0.00011327562607562986
5315,0.0,0.0,0.0,0.0,2.50084941474245e-05
5316,0.0,0.00010001000100010001,0.0,0.0,2.50084941474245e-05
5317,0.0,0.0,0.0,0.0,2.50084941474245e-05
5318,0.0,0.00010001000100010001,0.0,0.0,2.50084941474245e-05
5319,0.0,0.0,0.0,0.0,2.50084941474245e-05
5320,0.00010001000100010001,0.00010001000100010001,0.0,0.00015001500150015003,7.96926926625366e-05
5321,0.0,0.0,0.0,0.0,2.50084941474245e-05
5322,0.0,0.00010001000100010001,0.0,0.0,2.50084941474245e-05
5323,0.0,0.0,0.0,0.0,2.50084941474245e-05
5324,0.0,0.00010001000100010001,0.0,0.0,2.50084941474245e-05
5325,0.0,0.0,0.0,0.0,2.50084941474245e-05
5326,0.00010001000100010001,0.00010001000100010001,0.0,0.00024288143100024287,0.00018537905960978103
5327,0.0,0.0,0.0,0.0,2.50084941474245e-05
5328,0.0,0.00010001000100010001,0.0,0.0,2.50084941474245e-05
5329,0.0,0.0,0.0,0.0,2.50084941474245e-05
5330,0.0,0.00010001000100010001,0.0,0.0,2.50084941474245e-05
5331,0.0,0.0,0.0,0.0,2.50084941474245e-05
5332,0.00010001000100010001,0.00010001000100010001,0.000158625475095019,0.0004575658100569415,0.00021478181382205384
5333,0.0,0.0,0.0,0.0,2.50084941474245e-05
5334,0.0,0.00010001000100010001,0.0,0.0,2.50084941474245e-05
5335,0.0,0.0,0.0,0.0,2.50084941474245e-05
5336,0.0,0.00010001000100010001,0.0,0.0,2.50084941474245e-05
5337,0.0,0.0,0.0,0.0,2.50084941474245e-05
5338,0.00010001000100010001,0.00010001000100010001,0.0,0.00015001500150015003,7.96926926625366e-05
5339,0.0,0.0,0.0,0.0,2.50084941474245e-05
5340,0.0,0.00010001000100010001,0.0,0.0,2.50084941474245e-05
5341,0.0,0.0,0.0,0.0,2.50084941474245e-05
5342,0.0,0.00010001000100010001,0.0,0.0,2.50084941474245e-05
5343,0.0,0.0,0.0,0.0,2.50084941474245e-05
5344,0.00010001000100010001,0.00010001000100010001,5.6371352548396177e-05,0.00035906503271686393,0.0002712755889999089
5345,0.0,0.0,0.0,0.0,2.50084941474245e-05
5346,0.0,0.00010001000100010001,0.0,0.0,2.50084941474245e-05
5347,0.0,0.0,0.0,0.0,2.50084941474245e-05
5348,0.0,0.00010001000100010001,0.0,0.0,2.50084941474245e-05
5349,0.0,0.0,0.0,0.0,2.50084941474245e-05
5350,0.00010001000100010001,0.00010001000100010001,0.0,0.00017779555733351112,0.000128107354012378
5351,0.0,0.0,0.0,0.0,2.50084941474245e-05
5352,0.0,0.00010001000100010001,0.0,0.0,2.50084941474245e-05
5353,0.0,0.0,0.0,0.0,2.50084941474245e-05
5354,0.0,0.00010001000100010001,0.0,0.0,2.50084941474245e-05
5355,0.0,0.0,0.0,0.0,2.50084941474245e-05
5356,0.00010001000100010001,0.00010001000100010001,0.0,0.00015001500150015003,7.96926926625366e-05
5357,0.0,0.0,0.0,0.0,2.50084941474245e-05
5358,0.0,0.00010001000100010001,0.0,0.0,2.50084941474245e-05
5359,0.0,0.0,0.0,0.0,2.50084941474245e-05
5360,0.0,0.00010001000100010001,0.0,0.0,2.50084941474245e-05
5361,0.0,0.0,0.0,0.0,2.50084941474245e-05
5362,0.00010001000100010001,0.00010001000100010001,0.0,0.00020418708537520418,0.00012863396754391693
5363,0.0,0.0,0.0,0.0,2.50084941474245e-05
5364,0.0,0.00010001000100010001,0.0,0.0,2.50084941474245e-05
5365,0.0,0.0,0.0,0.0,2.50084941474245e-05
5366,0.0,0.00010001000100010001,0.0,0.0,2.50084941474245e-05
5367,0.0,0.0,0.0,0.0,2.50084941474245e-05
5368,0.00010001000100010001,0.00010001000100010001,2.1488672734546907e-06,0.00017144571600017145,0.00011327562607562986
5369,0.0,0.0,0.0,0.0,2.50084941474245e-05
5370,0.0,0.00010001000100010001,0.0,0.0,2.50084941474245e-05
5371,0.0,0.0,0.0,0.0,2.50084941474245e-05
5372,0.0,0.00010001000100010001,0.0,0.0,2.50084941474245e-05
5373,0.0,0.0,0.0,0.0,2.50084941474245e-05
5374,0.00010001000100010001,0.00010001000100010001,0.0,0.00015001500150015003,7.96926926625366e-05
5375,0.0,0.0,0.0,0.0,2.50084941474245e-05
5376,0.0,0.00010001000100010001,0.0,0.0,2.50084941474245e-05
5377,0.0,0.0,0.0,0.0,2.50084941474245e-05
5378,0.0,0.00010001000100010001,0.0,0.0,2.50084941474245e-05
5379,0.0,0.0,0.0,0.0,2.50084941474245e-05
5380,0.00010001000100010001,0.00010001000100010001,2.2660782156431287e-05,0.0002222444466668889,0.0001528976369348769
5381,0.0,0.0,0.0,0.0,2.50084941474245e-05
5382,0.0,0.00010001000100010001,0.0,0.0,2.50084941474245e-05
5383,0.0,0.0,0.0,0.0,2.50084941474245e-05
5384,0.0,0.00010001000100010001,0.0,0.0,2.50084941474245e-05
5385,0.0,0.0,0.0,0.0,2.50084941474245e-05
5386,0.00010001000100010001,0.00010001000100010001,2.6177110422084417e-05,0.00028526059356990554,0.00019739255656761704
5387,0.0,0.0,0.0,0.0,2.50084941474245e-05
5388,0.0,0.00010001000100010001,0.0,0.0,2.50084941474245e-05
5389,0.0,0.0,0.0,0.0,2.50084941474245e-05
5390,0.0,0.00010001000100010001,0.0,0.0,2.50084941474245e-05
5391,0.0,0.0,0.0,0.0,2.50084941474245e-05
5392,0.00010001000100010001,0.00010001000100010001,0.0,0.00015001500150015003,7.96926926625366e-05
5393,0.0,0.0,0.0,0.0,2.50084941474245e-05
5394,0.0,0.00010001000100010001,0.0,0.0,2.50084941474245e-05
5395,0.0,0.0,0.0,0.0,2.50084941474245e-05
5396,0.0,0.00010001000100010001,0.0,0.0,2.50084941474245e-05
5397,0.0,0.0,0.0,0.0,2.50084941474245e-05
5398,0.00010001000100010001,0.00010001000100010001,5.860547109421884e-07,0.0003063597498990405,0.00022202311269166713
5399,0.0,0.0,0.0,0.0,2.50084941474245e-05
5400,0.0,0.00010001000100010001,0.0,0.0,2.50084941474245e-05
5401,0.0,0.0,0.0,0.0,2.50084941474245e-05
5402,0.0,0.00010001000100010001,0.0,0.0,2.50084941474245e-05
5403,0.0,0.0,0.0,0.0,2.50084941474245e-05
5404,0.00010001000100010001,0.00010001000100010001,3.125625125025005e-06,0.00017779555733351112,0.000128107354012378
5405,0.0,0.0,0.0,0.0,2.50084941474245e-05
5406,0.0,0.00010001000100010001,0.0,0.0,2.50084941474245e-05
5407,0.0,0.0,0.0,0.0,2.50084941474245e-05
5408,0.0,0.00010001000100010001,0.0,0.0,2.50084941474245e-05
5409,0.0,0.0,0.0,0.0,2.50084941474245e-05
5410,0.00010001000100010001,0.00010001000100010001,0.0,0.00015001500150015003,7.96926926625366e-05
5411,0.0,0.0,0.0,0.0,2.50084941474245e-05
5412,0.0,0.00010001000100010001,0.0,0.0,2.50084941474245e-05
5413,0.0,0.0,0.0,0.0,2.50084941474245e-05
5414,0.0,0.00010001000100010001,0.0,0.0,2.50084941474245e-05
5415,0.0,0.0,0.0,0.0,2.50084941474245e-05
5416,0.00010001000100010001,0.00010001000100010001,2.1139257205648566e-05,0.00020418708537520418,0.00012863396754391693
5417,0.0,0.0,0.0,0.0,2.50084941474245e-05
5418,0.0,0.00010001000100010001,0.0,0.0,2.50084941474245e-05
5419,0.0,0.0,0.0,0.0,2.50084941474245e-05
5420,0.0,0.00010001000100010001,0.0,0.0,2.50084941474245e-05
5421,0.0,0.0,0.0,0.0,2.50084941474245e-05
5422,0.00010001000100010001,0.00010001000100010001,0.0,0.00017144571600017145,0.00011327562607562986
5423,0.0,0.0,0.0,0.0,2.50084941474245e-05
5424,0.0,0.00010001000100010001,0.0,0.0,2.50084941474245e-05
5425,0.0,0.0,0.0,0.0,2.50084941474245e-05
5426,0.0,0.00010001000100010001,0.0,0.0,2.50084941474245e-05
5427,0.0,0.0,0.0,0.0,2.50084941474245e-05
5428,0.00010001000100010001,0.00010001000100010001,0.0,0.00015001500150015003,7.96926926625366e-05
5429,0.0,0.0,0.0,0.0,2.50084941474245e-05
5430,0.0,0.00010001000100010001,0.0,0.0,2.50084941474245e-05
5431,0.0,0.0,0.0,0.0,2.50084941474245e-05
5432,0.0,0.00010001000100010001,0.0,0.0,2.50084941474245e-05
5433,0.0,0.0,0.0,0.0,2.50084941474245e-05
5434,0.00010001000100010001,0.00010001000100010001,0.0,0.00022535586892022538,0.00016779856289960029
5435,0.0,0.0,0.0,0.0,2.50084941474245e-05
5436,0.0,0.00010001000100010001,0.0,0.0,2.50084941474245e-05
5437,0.0,0.0,0.0,0.0,2.50084941474245e-05
5438,0.0,0.00010001000100010001,0.0,0.0,2.50084941474245e-05
5439,0.0,0.0,0.0,0.0,2.50084941474245e-05
5440,0.00010001000100010001,0.00010001000100010001,0.0,0.00019287643050019287,0.00013753929546658983
5441,0.0,0.0,0.0,0.0,2.50084941474245e-05
5442,0.0,0.00010001000100010001,0.0,0.0,2.50084941474245e-05
5443,0.0,0.0,0.0,0.0,2.50084941474245e-05
5444,0.0,0.00010001000100010001,0.0,0.0,2.50084941474245e-05
5445,0.0,0.0,0.0,0.0,2.50084941474245e-05
5446,0.00010001000100010001,0.00010001000100010001,0.0,0.00015001500150015003,7.96926926625366e-05
5447,0.0,0.0,0.0,0.0,2.50084941474245e-05
5448,0.0,0.00010001000100010001,0.0,0.0,2.50084941474245e-05
5449,0.0,0.0,0.0,0.0,2.50084941474245e-05
5450,0.0,0.00010001000100010001,0.0,0.0,2.50084941474245e-05
5451,0.0,0.0,0.0,0.0,2.50084941474245e-05
5452,0.00010001000100010001,0.00010001000100010001,0.0,0.00026002600260026,0.00017882576658246243
5453,0.0,0.0,0.0,0.0,2.50084941474245e-05
5454,0.0,0.00010001000100010001,0.0,0.0,2.50084941474245e-05
5455,0.0,0.0,0.0,0.0,2.50084941474245e-05
5456,0.0,0.00010001000100010001,0.0,0.0,2.50084941474245e-05
5457,0.0,0.0,0.0,0.0,2.50084941474245e-05
5458,0.00010001000100010001,0.00010001000100010001,0.0,0.00018949263347387368,0.0001591208040707996
5459,0.0,0.0,0.0,0.0,2.50084941474245e-05
5460,0.0,0.00010001000100010001,0.0,0.0,2.50084941474245e-05
5461,0.0,0.0,0.0,0.0,2.50084941474245e-05
5462,0.0,0.00010001000100010001,0.0,0.0,2.50084941474245e-05
5463,0.0,0.0,0.0,0.0,2.50084941474245e-05
5464,0.00010001000100010001,0.00010001000100010001,0.0,0.00015001500150015003,7.96926926625366e-05
5465,0.0,0.0,0.0,0.0,2.50084941474245e-05
5466,0.0,0.00010001000100010001,0.0,0.0,2.50084941474245e-05
5467,0.0,0.0,0.0,0.0,2.50084941474245e-05
5468,0.0,0.00010001000100010001,0.0,0.0,2.50084941474245e-05
5469,0.0,0.0,0.0,0.0,2.50084941474245e-05
5470,0.00010001000100010001,0.00010001000100010001,0.0,0.00020418708537520418,0.00012863396754391693
5471,0.0,0.0,0.0,0.0,2.50084941474245e-05
5472,0.0,0.00010001000100010001,0.0,0.0,2.50084941474245e-05
5473,0.0,0.0,0.0,0.0,2.50084941474245e-05
5474,0.0,0.00010001000100010001,0.0,0.0,2.50084941474245e-05
5475,0.0,0.0,0.0,0.0,2.50084941474245e-05
5476,0.00010001000100010001,0.00010001000100010001,8.009414382876575e-06,0.00017144571600017145,0.00011327562607562986
5477,0.0,0.0,0.0,0.0,2.50084941474245e-05
5478,0.0,0.00010001000100010001,0.0,0.0,2.50084941474245e-05
5479,0.0,0.0,0.0,0.0,2.50084941474245e-05
5480,0.0,0.00010001000100010001,0.0,0.0,2.50084941474245e-05
5481,0.0,0.0,0.0,0.0,2.50084941474245e-05
5482,0.00010001000100010001,0.00010001000100010001,0.0,0.00015001500150015003,7.96926926625366e-05
5483,0.0,0.0,0.0,0.0,2.50084941474245e-05
5484,0.0,0.00010001000100010001,0.0,0.0,2.50084941474245e-05
5485,0.0,0.0,0.0,0.0,2.50084941474245e-05
5486,0.0,0.00010001000100010001,0.0,0.0,2.50084941474245e-05
5487,0.0,0.0,0.0,0.0,2.50084941474245e-05
5488,0.00010001000100010001,0.00010001000100010001,2.5200352570514104e-05,0.00023616819513276626,0.00017461314060026836
5489,0.0,0.0,0.0,0.0,2.50084941474245e-05
5490,0.0,0.00010001000100010001,0.0,0.0,2.50084941474245e-05
5491,0.0,0.0,0.0,0.0,2.50084941474245e-05
5492,0.0,0.00010001000100010001,0.0,0.0,2.50084941474245e-05
5493,0.0,0.0,0.0,0.0,2.50084941474245e-05
5494,0.00010001000100010001,0.00010001000100010001,5.860547109421884e-07,0.00020002000200020003,0.0001524402214313132
5495,0.0,0.0,0.0,0.0,2.50084941474245e-05
5496,0.0,0.00010001000100010001,0.0,0.0,2.50084941474245e-05
5497,0.0,0.0,0.0,0.0,2.50084941474245e-05
5498,0.0,0.00010001000100010001,0.0,0.0,2.50084941474245e-05
5499,0.0,0.0,0.0,0.0,2.50084941474245e-05
5500,0.00010001000100010001,0.00010001000100010001,0.0,0.00015001500150015003,7.96926926625366e-05
5501,0.0,0.0,0.0,0.0,2.50084941474245e-05
5502,0.0,0.00010001000100010001,0.0,0.0,2.50084941474245e-05
5503,0.0,0.0,0.0,0.0,2.50084941474245e-05
5504,0.0,0.00010001000100010001,0.0,0.0,2.50084941474245e-05
5505,0.0,0.0,0.0,0.0,2.50084941474245e-05
5506,0.00010001000100010001,0.00010001000100010001,5.040070514102821e-05,0.0003222544476669889,0.00024142877839792998
5507,0.0,0.0,0.0,0.0,2.50084941474245e-05
5508,0.0,0.00010001000100010001,0.0,0.0,2.50084941474245e-05
5509,0.0,0.0,0.0,0.0,2.50084941474245e-05
5510,0.0,0.00010001000100010001,0.0,0.0,2.50084941474245e-05
5511,0.0,0.0,0.0,0.0,2.50084941474245e-05
5512,0.00010001000100010001,0.00010001000100010001,0.0,0.00017779555733351112,0.000128107354012378
5513,0.0,0.0,0.0,0.0,2.50084941474245e-05
5514,0.0,0.00010001000100010001,0.0,0.0,2.50084941474245e-05
5515,0.0,0.0,0.0,0.0,2.50084941474245e-05
5516,0.0,0.00010001000100010001,0.0,0.0,2.50084941474245e-05
5517,0.0,0.0,0.0,0.0,2.50084941474245e-05
5518,0.00010001000100010001,0.00010001000100010001,0.0,0.00015001500150015003,7.96926926625366e-05
5519,0.0,0.0,0.0,0.0,2.50084941474245e-05
5520,0.0,0.00010001000100010001,0.0,0.0,2.50084941474245e-05
5521,0.0,0.0,0.0,0.0,2.50084941474245e-05
5522,0.0,0.00010001000100010001,0.0,0.0,2.50084941474245e-05
5523,0.0,0.0,0.0,0.0,2.50084941474245e-05
5524,0.00010001000100010001,0.00010001000100010001,5.040070514102821e-05,0.00020418708537520418,0.00012863396754391693
5525,0.0,0.0,0.0,0.0,2.50084941474245e-05
5526,0.0,0.00010001000100010001,0.0,0.0,2.50084941474245e-05
5527,0.0,0.0,0.0,0.0,2.50084941474245e-05
5528,0.0,0.00010001000100010001,0.0,0.0,2.50084941474245e-05
5529,0.0,0.0,0.0,0.0,2.50084941474245e-05
5530,0.00010001000100010001,0.00010001000100010001,0.0,0.00017144571600017145,0.00011327562607562986
5531,0.0,0.0,0.0,0.0,2.50084941474245e-05
5532,0.0,0.00010001000100010001,0.0,0.0,2.50084941474245e-05
5533,0.0,0.0,0.0,0.0,2.50084941474245e-05
5534,0.0,0.00010001000100010001,0.0,0.0,2.50084941474245e-05
5535,0.0,0.0,0.0,0.0,2.50084941474245e-05
5536,0.00010001000100010001,0.00010001000100010001,0.0,0.00015001500150015003,7.96926926625366e-05
5537,0.0,0.0,0.0,0.0,2.50084941474245e-05
5538,0.0,0.00010001000100010001,0.0,0.0,2.50084941474245e-05
5539,0.0,0.0,0.0,0.0,2.50084941474245e-05
5540,0.0,0.00010001000100010001,0.0,0.0,2.50084941474245e-05
5541,0.0,0.0,0.0,0.0,2.50084941474245e-05
5542,0.00010001000100010001,0.00010001000100010001,0.0,0.0002222444466668889,0.0001528976369348769
5543,0.0,0.0,0.0,0.0,2.50084941474245e-05
5544,0.0,0.00010001000100010001,0.0,0.0,2.50084941474245e-05
5545,0.0,0.0,0.0,0.0,2.50084941474245e-05
5546,0.0,0.00010001000100010001,0.0,0.0,2.50084941474245e-05
5547,0.0,0.0,0.0,0.0,2.50084941474245e-05
5548,0.00010001000100010001,0.00010001000100010001,2.6177110422084417e-05,0.00021127112711271127,0.00015925479913198127
5549,0.0,0.0,0.0,0.0,2.50084941474245e-05
5550,0.0,0.00010001000100010001,0.0,0.0,2.50084941474245e-05
5551,0.0,0.0,0.0,0.0,2.50084941474245e-05
5552,0.0,0.00010001000100010001,0.0,0.0,2.50084941474245e-05
5553,0.0,0.0,0.0,0.0,2.50084941474245e-05
5554,0.00010001000100010001,0.00010001000100010001,0.0,0.00015001500150015003,7.96926926625366e-05
5555,0.0,0.0,0.0,0.0,2.50084941474245e-05
5556,0.0,0.00010001000100010001,0.0,0.0,2.50084941474245e-05
5557,0.0,0.0,0.0,0.0,2.50084941474245e-05
5558,0.0,0.00010001000100010001,0.0,0.0,2.50084941474245e-05
5559,0.0,0.0,0.0,0.0,2.50084941474245e-05
5560,0.00010001000100010001,0.00010001000100010001,0.00015120211542308463,0.00047158077152253036,0.00030451170133239546
5561,0.0,0.0,0.0,0.0,2.50084941474245e-05
5562,0.0,0.00010001000100010001,0.0,0.0,2.50084941474245e-05
5563,0.0,0.0,0.0,0.0,2.50084941474245e-05
5564,0.0,0.00010001000100010001,0.0,0.0,2.50084941474245e-05
5565,0.0,0.0,0.0,0.0,2.50084941474245e-05
5566,0.00010001000100010001,0.00010001000100010001,0.0,0.00017779555733351112,0.000128107354012378
5567,0.0,0.0,0.0,0.0,2.50084941474245e-05
5568,0.0,0.00010001000100010001,0.0,0.0,2.50084941474245e-05
5569,0.0,0.0,0.0,0.0,2.50084941474245e-05
5570,0.0,0.00010001000100010001,0.0,0.0,2.50084941474245e-05
5571,0.0,0.0,0.0,0.0,2.50084941474245e-05
5572,0.00010001000100010001,0.00010001000100010001,0.0,0.00015001500150015003,7.96926926625366e-05
5573,0.0,0.0,0.0,0.0,2.50084941474245e-05
5574,0.0,0.00010001000100010001,0.0,0.0,2.50084941474245e-05
5575,0.0,0.0,0.0,0.0,2.50084941474245e-05
5576,0.0,0.00010001000100010001,0.0,0.0,2.50084941474245e-05
5577,0.0,0.0,0.0,0.0,2.50084941474245e-05
5578,0.00010001000100010001,0.00010001000100010001,2.5200352570514104e-05,0.00020418708537520418,0.00012863396754391693
5579,0.0,0.0,0.0,0.0,2.50084941474245e-05
5580,0.0,0.00010001000100010001,0.0,0.0,2.50084941474245e-05
5581,0.0,0.0,0.0,0.0,2.50084941474245e-05
5582,0.0,0.00010001000100010001,0.0,0.0,2.50084941474245e-05
5583,0.0,0.0,0.0,0.0,2.50084941474245e-05
5584,0.00010001000100010001,0.00010001000100010001,0.0,0.00017144571600017145,0.00011327562607562986
5585,0.0,0.0,0.0,0.0,2.50084941474245e-05
5586,0.0,0.00010001000100010001,0.0,0.0,2.50084941474245e-05
5587,0.0,0.0,0.0,0.0,2.50084941474245e-05
5588,0.0,0.00010001000100010001,0.0,0.0,2.50084941474245e-05
5589,0.0,0.0,0.0,0.0,2.50084941474245e-05
5590,0.00010001000100010001,0.00010001000100010001,0.0,0.00015001500150015003,7.96926926625366e-05
5591,0.0,0.0,0.0,0.0,2.50084941474245e-05
5592,0.0,0.00010001000100010001,0.0,0.0,2.50084941474245e-05
5593,0.0,0.0,0.0,0.0,2.50084941474245e-05
5594,0.0,0.00010001000100010001,0.0,0.0,2.50084941474245e-05
5595,0.0,0.0,0.0,0.0,2.50084941474245e-05
5596,0.00010001000100010001,0.00010001000100010001,1.3088555211042208e-05,0.0002222444466668889,0.0001839110869932985
5597,0.0,0.0,0.0,0.0,2.50084941474245e-05
5598,0.0,0.00010001000100010001,0.0,0.0,2.50084941474245e-05
5599,0.0,0.0,0.0,0.0,2.50084941474245e-05
5600,0.0,0.00010001000100010001,0.0,0.0,2.50084941474245e-05
5601,0.0,0.0,0.0,0.0,2.50084941474245e-05
5602,0.00010001000100010001,0.00010001000100010001,7.032656531306261e-06,0.00019287643050019287,0.00013753929546658983
5603,0.0,0.0,0.0,0.0,2.50084941474245e-05
5604,0.0,0.00010001000100010001,0.0,0.0,2.50084941474245e-05
5605,0.0,0.0,0.0,0.0,2.50084941474245e-05
5606,0.0,0.00010001000100010001,0.0,0.0,2.50084941474245e-05
5607,0.0,0.0,0.0,0.0,2.50084941474245e-05
5608,0.00010001000100010001,0.00010001000100010001,1.6604883476695338e-05,0.00015001500150015003,7.96926926625366e-05
5609,0.0,0.0,0.0,0.0,2.50084941474245e-05
5610,0.0,0.00010001000100010001,0.0,0.0,2.50084941474245e-05
5611,0.0,0.0,0.0,0.0,2.50084941474245e-05
5612,0.0,0.00010001000100010001,0.0,0.0,2.50084941474245e-05
5613,0.0,0.0,0.0,0.0,2.50084941474245e-05
5614,0.00010001000100010001,0.00010001000100010001,0.0,0.00026002600260026,0.00017882576658246243
5615,0.0,0.0,0.0,0.0,2.50084941474245e-05
5616,0.0,0.00010001000100010001,0.0,0.0,2.50084941474245e-05
5617,0.0,0.0,0.0,0.0,2.50084941474245e-05
5618,0.0,0.00010001000100010001,0.0,0.0,2.50084941474245e-05
5619,0.0,0.0,0.0,0.0,2.50084941474245e-05
5620,0.00010001000100010001,0.00010001000100010001,0.0,0.00019217608035313337,0.00015377419898661407
5621,0.0,0.0,0.0,0.0,2.50084941474245e-05
5622,0.0,0.00010001000100010001,0.0,0.0,2.50084941474245e-05
5623,0.0,0.0,0.0,0.0,2.50084941474245e-05
5624,0.0,0.00010001000100010001,0.0,0.0,2.50084941474245e-05
5625,0.0,0.0,0.0,0.0,2.50084941474245e-05
5626,0.00010001000100010001,0.00010001000100010001,0.0,0.00015001500150015003,7.96926926625366e-05
5627,0.0,0.0,0.0,0.0,2.50084941474245e-05
5628,0.0,0.00010001000100010001,0.0,0.0,2.50084941474245e-05
5629,0.0,0.0,0.0,0.0,2.50084941474245e-05
5630,0.0,0.00010001000100010001,0.0,0.0,2.50084941474245e-05
5631,0.0,0.0,0.0,0.0,2.50084941474245e-05
5632,0.00010001000100010001,0.00010001000100010001,4.4930861172234445e-06,0.00020002000200020003,0.00011920202608970515
5633,0.0,0.0,0.0,0.0,2.50084941474245e-05
5634,0.0,0.00010001000100010001,0.0,0.0,2.50084941474245e-05
5635,0.0,0.0,0.0,0.0,2.50084941474245e-05
5636,0.0,0.00010001000100010001,0.0,0.0,2.50084941474245e-05
5637,0.0,0.0,0.0,0.0,2.50084941474245e-05
5638,0.00010001000100010001,0.00010001000100010001,5.860547109421884e-07,0.00016668333500016668,0.00010384368462141806
5639,0.0,0.0,0.0,0.0,2.50084941474245e-05
5640,0.0,0.00010001000100010001,0.0,0.0,2.50084941474245e-05
5641,0.0,0.0,0.0,0.0,2.50084941474245e-05
5642,0.0,0.00010001000100010001,0.0,0.0,2.50084941474245e-05
5643,0.0,0.0,0.0,0.0,2.50084941474245e-05
5644,0.00010001000100010001,0.00010001000100010001,0.0,0.00015001500150015003,7.96926926625366e-05
5645,0.0,0.0,0.0,0.0,2.50084941474245e-05
5646,0.0,0.00010001000100010001,0.0,0.0,2.50084941474245e-05
5647,0.0,0.0,0.0,0.0,2.50084941474245e-05
5648,0.0,0.00010001000100010001,0.0,0.0,2.50084941474245e-05
5649,0.0,0.0,0.0,0.0,2.50084941474245e-05
5650,0.00010001000100010001,0.00010001000100010001,3.125625125025005e-06,0.0002822429893996111,0.0002101757111288071
5651,0.0,0.0,0.0,0.0,2.50084941474245e-05
5652,0.0,0.00010001000100010001,0.0,0.0,2.50084941474245e-05
5653,0.0,0.0,0.0,0.0,2.50084941474245e-05
5654,0.0,0.00010001000100010001,0.0,0.0,2.50084941474245e-05
5655,0.0,0.0,0.0,0.0,2.50084941474245e-05
5656,0.00010001000100010001,0.00010001000100010001,0.0,0.00018573285900018574,0.0001495891964561913
5657,0.0,0.0,0.0,0.0,2.50084941474245e-05
5658,0.0,0.00010001000100010001,0.0,0.0,2.50084941474245e-05
5659,0.0,0.0,0.0,0.0,2.50084941474245e-05
5660,0.0,0.00010001000100010001,0.0,0.0,2.50084941474245e-05
5661,0.0,0.0,0.0,0.0,2.50084941474245e-05
5662,0.00010001000100010001,0.00010001000100010001,0.0,0.00015001500150015003,7.96926926625366e-05
5663,0.0,0.0,0.0,0.0,2.50084941474245e-05
5664,0.0,0.00010001000100010001,0.0,0.0,2.50084941474245e-05
5665,0.0,0.0,0.0,0.0,2.50084941474245e-05
5666,0.0,0.00010001000100010001,0.0,0.0,2.50084941474245e-05
5667,0.0,0.0,0.0,0.0,2.50084941474245e-05
5668,0.00010001000100010001,0.00010001000100010001,3.125625125025005e-05,0.00035607956400035605,0.0002513988558991011
5669,0.0,0.0,0.0,0.0,2.50084941474245e-05
5670,0.0,0.00010001000100010001,0.0,0.0,2.50084941474245e-05
5671,0.0,0.0,0.0,0.0,2.50084941474245e-05
5672,0.0,0.00010001000100010001,0.0,0.0,2.50084941474245e-05
5673,0.0,0.0,0.0,0.0,2.50084941474245e-05
5674,0.00010001000100010001,0.00010001000100010001,0.0,0.00016668333500016668,0.00010384368462141806
5675,0.0,0.0,0.0,0.0,2.50084941474245e-05
5676,0.0,0.00010001000100010001,0.0,0.0,2.50084941474245e-05
5677,0.0,0.0,0.0,0.0,2.50084941474245e-05
5678,0.0,0.00010001000100010001,0.0,0.0,2.50084941474245e-05
5679,0.0,0.0,0.0,0.0,2.50084941474245e-05
5680,0.00010001000100010001,0.00010001000100010001,0.0,0.00015001500150015003,7.96926926625366e-05
5681,0.0,0.0,0.0,0.0,2.50084941474245e-05
5682,0.0,0.00010001000100010001,0.0,0.0,2.50084941474245e-05
5683,0.0,0.0,0.0,0.0,2.50084941474245e-05
5684,0.0,0.00010001000100010001,0.0,0.0,2.50084941474245e-05
5685,0.0,0.0,0.0,0.0,2.50084941474245e-05
5686,0.00010001000100010001,0.00010001000100010001,0.0,0.00020002000200020003,0.00011920202608970515
5687,0.0,0.0,0.0,0.0,2.50084941474245e-05
5688,0.0,0.00010001000100010001,0.0,0.0,2.50084941474245e-05
5689,0.0,0.0,0.0,0.0,2.50084941474245e-05
5690,0.0,0.00010001000100010001,0.0,0.0,2.50084941474245e-05
5691,0.0,0.0,0.0,0.0,2.50084941474245e-05
5692,0.00010001000100010001,0.00010001000100010001,0.0,0.00016668333500016668,0.00010384368462141806
5693,0.0,0.0,0.0,0.0,2.50084941474245e-05
5694,0.0,0.00010001000100010001,0.0,0.0,2.50084941474245e-05
5695,0.0,0.0,0.0,0.0,2.50084941474245e-05
5696,0.0,0.00010001000100010001,0.0,0.0,2.50084941474245e-05
5697,0.0,0.0,0.0,0.0,2.50084941474245e-05
5698,0.00010001000100010001,0.00010001000100010001,0.0,0.00015001500150015003,7.96926926625366e-05
5699,0.0,0.0,0.0,0.0,2.50084941474245e-05
5700,0.0,0.00010001000100010001,0.0,0.0,2.50084941474245e-05
5701,0.0,0.0,0.0,0.0,2.50084941474245e-05
5702,0.0,0.00010001000100010001,0.0,0.0,2.50084941474245e-05
5703,0.0,0.0,0.0,0.0,2.50084941474245e-05
5704,0.00010001000100010001,0.00010001000100010001,5.469843968793759e-06,0.0002077130790002077,0.0001434656954806651
5705,0.0,0.0,0.0,0.0,2.50084941474245e-05
5706,0.0,0.00010001000100010001,0.0,0.0,2.50084941474245e-05
5707,0.0,0.0,0.0,0.0,2.50084941474245e-05
5708,0.0,0.00010001000100010001,0.0,0.0,2.50084941474245e-05
5709,0.0,0.0,0.0,0.0,2.50084941474245e-05
5710,0.00010001000100010001,0.00010001000100010001,1.7581641328265653e-06,0.00032248447774713775,0.0002128328673649463
5711,0.0,0.0,0.0,0.0,2.50084941474245e-05
5712,0.0,0.00010001000100010001,0.0,0.0,2.50084941474245e-05
5713,0.0,0.0,0.0,0.0,2.50084941474245e-05
5714,0.0,0.00010001000100010001,0.0,0.0,2.50084941474245e-05
5715,0.0,0.0,0.0,0.0,2.50084941474245e-05
5716,0.00010001000100010001,0.00010001000100010001,0.0,0.00015001500150015003,7.96926926625366e-05
5717,0.0,0.0,0.0,0.0,2.50084941474245e-05
5718,0.0,0.00010001000100010001,0.0,0.0,2.50084941474245e-05
5719,0.0,0.0,0.0,0.0,2.50084941474245e-05
5720,0.0,0.00010001000100010001,0.0,0.0,2.50084941474245e-05
5721,0.0,0.0,0.0,0.0,2.50084941474245e-05
5722,0.00010001000100010001,0.00010001000100010001,1.0939687937587518e-05,0.0002570748878166505,0.00020573092651390333
5723,0.0,0.0,0.0,0.0,2.50084941474245e-05
5724,0.0,0.00010001000100010001,0.0,0.0,2.50084941474245e-05
5725,0.0,0.0,0.0,0.0,2.50084941474245e-05
5726,0.0,0.00010001000100010001,0.0,0.0,2.50084941474245e-05
5727,0.0,0.0,0.0,0.0,2.50084941474245e-05
5728,0.00010001000100010001,0.00010001000100010001,0.0,0.00016668333500016668,0.00010384368462141806
5729,0.0,0.0,0.0,0.0,2.50084941474245e-05
5730,0.0,0.00010001000100010001,0.0,0.0,2.50084941474245e-05
5731,0.0,0.0,0.0,0.0,2.50084941474245e-05
5732,0.0,0.00010001000100010001,0.0,0.0,2.50084941474245e-05
5733,0.0,0.0,0.0,0.0,2.50084941474245e-05
5734,0.00010001000100010001,0.00010001000100010001,0.0,0.00015001500150015003,7.96926926625366e-05
5735,0.0,0.0,0.0,0.0,2.50084941474245e-05
5736,0.0,0.00010001000100010001,0.0,0.0,2.50084941474245e-05
5737,0.0,0.0,0.0,0.0,2.50084941474245e-05
5738,0.0,0.00010001000100010001,0.0,0.0,2.50084941474245e-05
5739,0.0,0.0,0.0,0.0,2.50084941474245e-05
5740,0.00010001000100010001,0.00010001000100010001,2.1488672734546907e-06,0.00020002000200020003,0.00011920202608970515
5741,0.0,0.0,0.0,0.0,2.50084941474245e-05
5742,0.0,0.00010001000100010001,0.0,0.0,2.50084941474245e-05
5743,0.0,0.0,0.0,0.0,2.50084941474245e-05
5744,0.0,0.00010001000100010001,0.0,0.0,2.50084941474245e-05
5745,0.0,0.0,0.0,0.0,2.50084941474245e-05
5746,0.00010001000100010001,0.00010001000100010001,0.0,0.00016668333500016668,0.00010384368462141806
5747,0.0,0.0,0.0,0.0,2.50084941474245e-05
5748,0.0,0.00010001000100010001,0.0,0.0,2.50084941474245e-05
5749,0.0,0.0,0.0,0.0,2.50084941474245e-05
5750,0.0,0.00010001000100010001,0.0,0.0,2.50084941474245e-05
5751,0.0,0.0,0.0,0.0,2.50084941474245e-05
5752,0.00010001000100010001,0.00010001000100010001,1.0548984796959391e-05,0.00015001500150015003,7.96926926625366e-05
5753,0.0,0.0,0.0,0.0,2.50084941474245e-05
5754,0.0,0.00010001000100010001,0.0,0.0,2.50084941474245e-05
5755,0.0,0.0,0.0,0.0,2.50084941474245e-05
5756,0.0,0.00010001000100010001,0.0,0.0,2.50084941474245e-05
5757,0.0,0.0,0.0,0.0,2.50084941474245e-05
5758,0.00010001000100010001,0.00010001000100010001,0.0,0.0002143071450002143,0.00016913254045490113
5759,0.0,0.0,0.0,0.0,2.50084941474245e-05
5760,0.0,0.00010001000100010001,0.0,0.0,2.50084941474245e-05
5761,0.0,0.0,0.0,0.0,2.50084941474245e-05
5762,0.0,0.00010001000100010001,0.0,0.0,2.50084941474245e-05
5763,0.0,0.0,0.0,0.0,2.50084941474245e-05
5764,0.00010001000100010001,0.00010001000100010001,0.0,0.00017779555733351112,0.000128107354012378
5765,0.0,0.0,0.0,0.0,2.50084941474245e-05
5766,0.0,0.00010001000100010001,0.0,0.0,2.50084941474245e-05
5767,0.0,0.0,0.0,0.0,2.50084941474245e-05
5768,0.0,0.00010001000100010001,0.0,0.0,2.50084941474245e-05
5769,0.0,0.0,0.0,0.0,2.50084941474245e-05
5770,0.00010001000100010001,0.00010001000100010001,0.0,0.00015001500150015003,7.96926926625366e-05
5771,0.0,0.0,0.0,0.0,2.50084941474245e-05
5772,0.0,0.00010001000100010001,0.0,0.0,2.50084941474245e-05
5773,0.0,0.0,0.0,0.0,2.50084941474245e-05
5774,0.0,0.00010001000100010001,0.0,0.0,2.50084941474245e-05
5775,0.0,0.0,0.0,0.0,2.50084941474245e-05
5776,0.00010001000100010001,0.00010001000100010001,0.0,0.0002272954568184091,0.00015456209719150253
5777,0.0,0.0,0.0,0.0,2.50084941474245e-05
5778,0.0,0.00010001000100010001,0.0,0.0,2.50084941474245e-05
5779,0.0,0.0,0.0,0.0,2.50084941474245e-05
5780,0.0,0.00010001000100010001,0.0,0.0,2.50084941474245e-05
5781,0.0,0.0,0.0,0.0,2.50084941474245e-05
5782,0.00010001000100010001,0.00010001000100010001,0.0,0.00016668333500016668,0.00010384368462141806
5783,0.0,0.0,0.0,0.0,2.50084941474245e-05
5784,0.0,0.00010001000100010001,0.0,0.0,2.50084941474245e-05
5785,0.0,0.0,0.0,0.0,2.50084941474245e-05
5786,0.0,0.00010001000100010001,0.0,0.0,2.50084941474245e-05
5787,0.0,0.0,0.0,0.0,2.50084941474245e-05
5788,0.00010001000100010001,0.00010001000100010001,0.0,0.00015001500150015003,7.96926926625366e-05
5789,0.0,0.0,0.0,0.0,2.50084941474245e-05
5790,0.0,0.00010001000100010001,0.0,0.0,2.50084941474245e-05
5791,0.0,0.0,0.0,0.0,2.50084941474245e-05
5792,0.0,0.00010001000100010001,0.0,0.0,2.50084941474245e-05
5793,0.0,0.0,0.0,0.0,2.50084941474245e-05
5794,0.00010001000100010001,0.00010001000100010001,0.0,0.00020002000200020003,0.00011920202608970515
5795,0.0,0.0,0.0,0.0,2.50084941474245e-05
5796,0.0,0.00010001000100010001,0.0,0.0,2.50084941474245e-05
5797,0.0,0.0,0.0,0.0,2.50084941474245e-05
5798,0.0,0.00010001000100010001,0.0,0.0,2.50084941474245e-05
5799,0.0,0.0,0.0,0.0,2.50084941474245e-05
5800,0.00010001000100010001,0.00010001000100010001,4.4930861172234445e-06,0.00016668333500016668,0.00010384368462141806
5801,0.0,0.0,0.0,0.0,2.50084941474245e-05
5802,0.0,0.00010001000100010001,0.0,0.0,2.50084941474245e-05
5803,0.0,0.0,0.0,0.0,2.50084941474245e-05
5804,0.0,0.00010001000100010001,0.0,0.0,2.50084941474245e-05
5805,0.0,0.0,0.0,0.0,2.50084941474245e-05
5806,0.00010001000100010001,0.00010001000100010001,0.0,0.00015001500150015003,7.96926926625366e-05
5807,0.0,0.0,0.0,0.0,2.50084941474245e-05
5808,0.0,0.00010001000100010001,0.0,0.0,2.50084941474245e-05
5809,0.0,0.0,0.0,0.0,2.50084941474245e-05
5810,0.0,0.00010001000100010001,0.0,0.0,2.50084941474245e-05
5811,0.0,0.0,0.0,0.0,2.50084941474245e-05
5812,0.00010001000100010001,0.00010001000100010001,9.572226945389077e-06,0.0003160046038349617,0.00021359139838589955
5813,0.0,0.0,0.0,0.0,2.50084941474245e-05
5814,0.0,0.00010001000100010001,0.0,0.0,2.50084941474245e-05
5815,0.0,0.0,0.0,0.0,2.50084941474245e-05
5816,0.0,0.00010001000100010001,0.0,0.0,2.50084941474245e-05
5817,0.0,0.0,0.0,0.0,2.50084941474245e-05
5818,0.00010001000100010001,0.00010001000100010001,9.572226945389077e-06,0.0001983714855001984,0.00016330580660122237
5819,0.0,0.0,0.0,0.0,2.50084941474245e-05
5820,0.0,0.00010001000100010001,0.0,0.0,2.50084941474245e-05
5821,0.0,0.0,0.0,0.0,2.50084941474245e-05
5822,0.0,0.00010001000100010001,0.0,0.0,2.50084941474245e-05
5823,0.0,0.0,0.0,0.0,2.50084941474245e-05
5824,0.00010001000100010001,0.00010001000100010001,1.9144453890778154e-05,0.00015001500150015003,7.96926926625366e-05
5825,0.0,0.0,0.0,0.0,2.50084941474245e-05
5826,0.0,0.00010001000100010001,0.0,0.0,2.50084941474245e-05
5827,0.0,0.0,0.0,0.0,2.50084941474245e-05
5828,0.0,0.00010001000100010001,0.0,0.0,2.50084941474245e-05
5829,0.0,0.0,0.0,0.0,2.50084941474245e-05
5830,0.00010001000100010001,0.00010001000100010001,1.1721094218843769e-06,0.0003889473454387692,0.00027013390786844333
5831,0.0,0.0,0.0,0.0,2.50084941474245e-05
5832,0.0,0.00010001000100010001,0.0,0.0,2.50084941474245e-05
5833,0.0,0.0,0.0,0.0,2.50084941474245e-05
5834,0.0,0.00010001000100010001,0.0,0.0,2.50084941474245e-05
5835,0.0,0.0,0.0,0.0,2.50084941474245e-05
5836,0.00010001000100010001,0.00010001000100010001,0.0,0.00016668333500016668,0.00010384368462141806
5837,0.0,0.0,0.0,0.0,2.50084941474245e-05
5838,0.0,0.00010001000100010001,0.0,0.0,2.50084941474245e-05
5839,0.0,0.0,0.0,0.0,2.50084941474245e-05
5840,0.0,0.00010001000100010001,0.0,0.0,2.50084941474245e-05
5841,0.0,0.0,0.0,0.0,2.50084941474245e-05
5842,0.00010001000100010001,0.00010001000100010001,0.0,0.00015001500150015003,7.96926926625366e-05
5843,0.0,0.0,0.0,0.0,2.50084941474245e-05
5844,0.0,0.00010001000100010001,0.0,0.0,2.50084941474245e-05
5845,0.0,0.0,0.0,0.0,2.50084941474245e-05
5846,0.0,0.00010001000100010001,0.0,0.0,2.50084941474245e-05
5847,0.0,0.0,0.0,0.0,2.50084941474245e-05
5848,0.00010001000100010001,0.00010001000100010001,0.0,0.00020002000200020003,0.00011920202608970515
5849,0.0,0.0,0.0,0.0,2.50084941474245e-05
5850,0.0,0.00010001000100010001,0.0,0.0,2.50084941474245e-05
5851,0.0,0.0,0.0,0.0,2.50084941474245e-05
5852,0.0,0.00010001000100010001,0.0,0.0,2.50084941474245e-05
5853,0.0,0.0,0.0,0.0,2.50084941474245e-05
5854,0.00010001000100010001,0.00010001000100010001,0.0,0.00016668333500016668,0.00010384368462141806
5855,0.0,0.0,0.0,0.0,2.50084941474245e-05
5856,0.0,0.00010001000100010001,0.0,0.0,2.50084941474245e-05
5857,0.0,0.0,0.0,0.0,2.50084941474245e-05
5858,0.0,0.00010001000100010001,0.0,0.0,2.50084941474245e-05
5859,0.0,0.0,0.0,0.0,2.50084941474245e-05
5860,0.00010001000100010001,0.00010001000100010001,0.0,0.00015001500150015003,7.96926926625366e-05
5861,0.0,0.0,0.0,0.0,2.50084941474245e-05
5862,0.0,0.00010001000100010001,0.0,0.0,2.50084941474245e-05
5863,0.0,0.0,0.0,0.0,2.50084941474245e-05
5864,0.0,0.00010001000100010001,0.0,0.0,2.50084941474245e-05
5865,0.0,0.0,0.0,0.0,2.50084941474245e-05
5866,0.00010001000100010001,0.00010001000100010001,0.0,0.0002077130790002077,0.0001434656954806651
5867,0.0,0.0,0.0,0.0,2.50084941474245e-05
5868,0.0,0.00010001000100010001,0.0,0.0,2.50084941474245e-05
5869,0.0,0.0,0.0,0.0,2.50084941474245e-05
5870,0.0,0.00010001000100010001,0.0,0.0,2.50084941474245e-05
5871,0.0,0.0,0.0,0.0,2.50084941474245e-05
5872,0.00010001000100010001,0.00010001000100010001,0.0,0.00020456591113656816,0.00016058877668728214
5873,0.0,0.0,0.0,0.0,2.50084941474245e-05
5874,0.0,0.00010001000100010001,0.0,0.0,2.50084941474245e-05
5875,0.0,0.0,0.0,0.0,2.50084941474245e-05
5876,0.0,0.00010001000100010001,0.0,0.0,2.50084941474245e-05
5877,0.0,0.0,0.0,0.0,2.50084941474245e-05
5878,0.00010001000100010001,0.00010001000100010001,0.0,0.00015001500150015003,7.96926926625366e-05
5879,0.0,0.0,0.0,0.0,2.50084941474245e-05
5880,0.0,0.00010001000100010001,0.0,0.0,2.50084941474245e-05
5881,0.0,0.0,0.0,0.0,2.50084941474245e-05
5882,0.0,0.00010001000100010001,0.0,0.0,2.50084941474245e-05
5883,0.0,0.0,0.0,0.0,2.50084941474245e-05
5884,0.00010001000100010001,0.00010001000100010001,0.0,0.0002390482950734098,0.00017627760085689396
5885,0.0,0.0,0.0,0.0,2.50084941474245e-05
5886,0.0,0.00010001000100010001,0.0,0.0,2.50084941474245e-05
5887,0.0,0.0,0.0,0.0,2.50084941474245e-05
5888,0.0,0.00010001000100010001,0.0,0.0,2.50084941474245e-05
5889,0.0,0.0,0.0,0.0,2.50084941474245e-05
5890,0.00010001000100010001,0.00010001000100010001,1.5628125625125025e-05,0.00016668333500016668,0.00010384368462141806
5891,0.0,0.0,0.0,0.0,2.50084941474245e-05
5892,0.0,0.00010001000100010001,0.0,0.0,2.50084941474245e-05
5893,0.0,0.0,0.0,0.0,2.50084941474245e-05
5894,0.0,0.00010001000100010001,0.0,0.0,2.50084941474245e-05
5895,0.0,0.0,0.0,0.0,2.50084941474245e-05
5896,0.00010001000100010001,0.00010001000100010001,2.773992298459692e-05,0.00015001500150015003,7.96926926625366e-05
5897,0.0,0.0,0.0,0.0,2.50084941474245e-05
5898,0.0,0.00010001000100010001,0.0,0.0,2.50084941474245e-05
5899,0.0,0.0,0.0,0.0,2.50084941474245e-05
5900,0.0,0.00010001000100010001,0.0,0.0,2.50084941474245e-05
5901,0.0,0.0,0.0,0.0,2.50084941474245e-05
5902,0.00010001000100010001,0.00010001000100010001,0.0,0.00020002000200020003,0.00011920202608970515
5903,0.0,0.0,0.0,0.0,2.50084941474245e-05
5904,0.0,0.00010001000100010001,0.0,0.0,2.50084941474245e-05
5905,0.0,0.0,0.0,0.0,2.50084941474245e-05
5906,0.0,0.00010001000100010001,0.0,0.0,2.50084941474245e-05
5907,0.0,0.0,0.0,0.0,2.50084941474245e-05
5908,0.00010001000100010001,0.00010001000100010001,0.0,0.00016668333500016668,0.00010384368462141806
5909,0.0,0.0,0.0,0.0,2.50084941474245e-05
5910,0.0,0.00010001000100010001,0.0,0.0,2.50084941474245e-05
5911,0.0,0.0,0.0,0.0,2.50084941474245e-05
5912,0.0,0.00010001000100010001,0.0,0.0,2.50084941474245e-05
5913,0.0,0.0,0.0,0.0,2.50084941474245e-05
5914,0.00010001000100010001,0.00010001000100010001,0.0,0.00015001500150015003,7.96926926625366e-05
5915,0.0,0.0,0.0,0.0,2.50084941474245e-05
5916,0.0,0.00010001000100010001,0.0,0.0,2.50084941474245e-05
5917,0.0,0.0,0.0,0.0,2.50084941474245e-05
5918,0.0,0.00010001000100010001,0.0,0.0,2.50084941474245e-05
5919,0.0,0.0,0.0,0.0,2.50084941474245e-05
5920,0.00010001000100010001,0.00010001000100010001,0.0,0.0002087165238262957,0.00015836662144538846
5921,0.0,0.0,0.0,0.0,2.50084941474245e-05
5922,0.0,0.00010001000100010001,0.0,0.0,2.50084941474245e-05
5923,0.0,0.0,0.0,0.0,2.50084941474245e-05
5924,0.0,0.00010001000100010001,0.0,0.0,2.50084941474245e-05
5925,0.0,0.0,0.0,0.0,2.50084941474245e-05
5926,0.00010001000100010001,0.00010001000100010001,0.0,0.00017779555733351112,0.000128107354012378
5927,0.0,0.0,0.0,0.0,2.50084941474245e-05
5928,0.0,0.00010001000100010001,0.0,0.0,2.50084941474245e-05
5929,0.0,0.0,0.0,0.0,2.50084941474245e-05
5930,0.0,0.00010001000100010001,0.0,0.0,2.50084941474245e-05
5931,0.0,0.0,0.0,0.0,2.50084941474245e-05
5932,0.00010001000100010001,0.00010001000100010001,0.0,0.00015001500150015003,7.96926926625366e-05
5933,0.0,0.0,0.0,0.0,2.50084941474245e-05
5934,0.0,0.00010001000100010001,0.0,0.0,2.50084941474245e-05
5935,0.0,0.0,0.0,0.0,2.50084941474245e-05
5936,0.0,0.00010001000100010001,0.0,0.0,2.50084941474245e-05
5937,0.0,0.0,0.0,0.0,2.50084941474245e-05
5938,0.00010001000100010001,0.00010001000100010001,0.0,0.0002272954568184091,0.00015456209719150253
5939,0.0,0.0,0.0,0.0,2.50084941474245e-05
5940,0.0,0.00010001000100010001,0.0,0.0,2.50084941474245e-05
5941,0.0,0.0,0.0,0.0,2.50084941474245e-05
5942,0.0,0.00010001000100010001,0.0,0.0,2.50084941474245e-05
5943,0.0,0.0,0.0,0.0,2.50084941474245e-05
5944,0.00010001000100010001,0.00010001000100010001,0.0,0.00016668333500016668,0.00010384368462141806
5945,0.0,0.0,0.0,0.0,2.50084941474245e-05
5946,0.0,0.00010001000100010001,0.0,0.0,2.50084941474245e-05
5947,0.0,0.0,0.0,0.0,2.50084941474245e-05
5948,0.0,0.00010001000100010001,0.0,0.0,2.50084941474245e-05
5949,0.0,0.0,0.0,0.0,2.50084941474245e-05
5950,0.00010001000100010001,0.00010001000100010001,0.0,0.00015001500150015003,7.96926926625366e-05
5951,0.0,0.0,0.0,0.0,2.50084941474245e-05
5952,0.0,0.00010001000100010001,0.0,0.0,2.50084941474245e-05
5953,0.0,0.0,0.0,0.0,2.50084941474245e-05
5954,0.0,0.00010001000100010001,0.0,0.0,2.50084941474245e-05
5955,0.0,0.0,0.0,0.0,2.50084941474245e-05
5956,0.00010001000100010001,0.00010001000100010001,0.0,0.00020002000200020003,0.00011920202608970515
5957,0.0,0.0,0.0,0.0,2.50084941474245e-05
5958,0.0,0.00010001000100010001,0.0,0.0,2.50084941474245e-05
5959,0.0,0.0,0.0,0.0,2.50084941474245e-05
5960,0.0,0.00010001000100010001,0.0,0.0,2.50084941474245e-05
5961,0.0,0.0,0.0,0.0,2.50084941474245e-05
5962,0.00010001000100010001,0.00010001000100010001,1.8167696039207842e-05,0.00016668333500016668,0.00010384368462141806
5963,0.0,0.0,0.0,0.0,2.50084941474245e-05
5964,0.0,0.00010001000100010001,0.0,0.0,2.50084941474245e-05
5965,0.0,0.0,0.0,0.0,2.50084941474245e-05
5966,0.0,0.00010001000100010001,0.0,0.0,2.50084941474245e-05
5967,0.0,0.0,0.0,0.0,2.50084941474245e-05
5968,0.00010001000100010001,0.00010001000100010001,4.4930861172234445e-06,0.00015001500150015003,7.96926926625366e-05
5969,0.0,0.0,0.0,0.0,2.50084941474245e-05
5970,0.0,0.00010001000100010001,0.0,0.0,2.50084941474245e-05
5971,0.0,0.0,0.0,0.0,2.50084941474245e-05
5972,0.0,0.00010001000100010001,0.0,0.0,2.50084941474245e-05
5973,0.0,0.0,0.0,0.0,2.50084941474245e-05
5974,0.00010001000100010001,0.00010001000100010001,0.0,0.00021950246972749223,0.00016518119914605653
5975,0.0,0.0,0.0,0.0,2.50084941474245e-05
5976,0.0,0.00010001000100010001,0.0,0.0,2.50084941474245e-05
5977,0.0,0.0,0.0,0.0,2.50084941474245e-05
5978,0.0,0.00010001000100010001,0.0,0.0,2.50084941474245e-05
5979,0.0,0.0,0.0,0.0,2.50084941474245e-05
5980,0.00010001000100010001,0.00010001000100010001,1.1721094218843769e-06,0.00018335166850018332,0.00014300827997710134
5981,0.0,0.0,0.0,0.0,2.50084941474245e-05
5982,0.0,0.00010001000100010001,0.0,0.0,2.50084941474245e-05
5983,0.0,0.0,0.0,0.0,2.50084941474245e-05
5984,0.0,0.00010001000100010001,0.0,0.0,2.50084941474245e-05
5985,0.0,0.0,0.0,0.0,2.50084941474245e-05
5986,0.00010001000100010001,0.00010001000100010001,9.572226945389077e-06,0.00015001500150015003,7.96926926625366e-05
5987,0.0,0.0,0.0,0.0,2.50084941474245e-05
5988,0.0,0.00010001000100010001,0.0,0.0,2.50084941474245e-05
5989,0.0,0.0,0.0,0.0,2.50084941474245e-05
5990,0.0,0.00010001000100010001,0.0,0.0,2.50084941474245e-05
5991,0.0,0.0,0.0,0.0,2.50084941474245e-05
5992,0.00010001000100010001,0.00010001000100010001,0.0,0.00027780555833361117,0.00020577659353678728
5993,0.0,0.0,0.0,0.0,2.50084941474245e-05
5994,0.0,0.00010001000100010001,0.0,0.0,2.50084941474245e-05
5995,0.0,0.0,0.0,0.0,2.50084941474245e-05
5996,0.0,0.00010001000100010001,0.0,0.0,2.50084941474245e-05
5997,0.0,0.0,0.0,0.0,2.50084941474245e-05
5998,0.00010001000100010001,0.00010001000100010001,5.860547109421884e-07,0.00016668333500016668,0.00010384368462141806
5999,0.0,0.0,0.0,0.0,2.50084941474245e-05
6000,0.0,0.00010001000100010001,0.0,0.0,2.50084941474245e-05
6001,0.0,0.0,0.0,0.0,2.50084941474245e-05
6002,0.0,0.00010001000100010001,0.0,0.0,2.50084941474245e-05
6003,0.0,0.0,0.0,0.0,2.50084941474245e-05
6004,0.00010001000100010001,0.00010001000100010001,0.0,0.00015001500150015003,7.96926926625366e-05
6005,0.0,0.0,0.0,0.0,2.50084941474245e-05
6006,0.0,0.00010001000100010001,0.0,0.0,2.50084941474245e-05
6007,0.0,0.0,0.0,0.0,2.50084941474245e-05
6008,0.0,0.00010001000100010001,0.0,0.0,2.50084941474245e-05
6009,0.0,0.0,0.0,0.0,2.50084941474245e-05
6010,0.00010001000100010001,0.00010001000100010001,0.0,0.00020002000200020003,0.00011920202608970515
6011,0.0,0.0,0.0,0.0,2.50084941474245e-05
6012,0.0,0.00010001000100010001,0.0,0.0,2.50084941474245e-05
6013,0.0,0.0,0.0,0.0,2.50084941474245e-05
6014,0.0,0.00010001000100010001,0.0,0.0,2.50084941474245e-05
6015,0.0,0.0,0.0,0.0,2.50084941474245e-05
6016,0.00010001000100010001,0.00010001000100010001,2.168402430486097e-05,0.00016668333500016668,0.00010384368462141806
6017,0.0,0.0,0.0,0.0,2.50084941474245e-05
6018,0.0,0.00010001000100010001,0.0,0.0,2.50084941474245e-05
6019,0.0,0.0,0.0,0.0,2.50084941474245e-05
6020,0.0,0.00010001000100010001,0.0,0.0,2.50084941474245e-05
6021,0.0,0.0,0.0,0.0,2.50084941474245e-05
6022,0.00010001000100010001,0.00010001000100010001,0.0,0.00015001500150015003,7.96926926625366e-05
6023,0.0,0.0,0.0,0.0,2.50084941474245e-05
6024,0.0,0.00010001000100010001,0.0,0.0,2.50084941474245e-05
6025,0.0,0.0,0.0,0.0,2.50084941474245e-05
6026,0.0,0.00010001000100010001,0.0,0.0,2.50084941474245e-05
6027,0.0,0.0,0.0,0.0,2.50084941474245e-05
6028,0.00010001000100010001,0.00010001000100010001,0.0,0.0002077130790002077,0.0001434656954806651
6029,0.0,0.0,0.0,0.0,2.50084941474245e-05
6030,0.0,0.00010001000100010001,0.0,0.0,2.50084941474245e-05
6031,0.0,0.0,0.0,0.0,2.50084941474245e-05
6032,0.0,0.00010001000100010001,0.0,0.0,2.50084941474245e-05
6033,0.0,0.0,0.0,0.0,2.50084941474245e-05
6034,0.00010001000100010001,0.00010001000100010001,0.0,0.00019461405600019465,0.00014982285767776944
6035,0.0,0.0,0.0,0.0,2.50084941474245e-05
6036,0.0,0.00010001000100010001,0.0,0.0,2.50084941474245e-05
6037,0.0,0.0,0.0,0.0,2.50084941474245e-05
6038,0.0,0.00010001000100010001,0.0,0.0,2.50084941474245e-05
6039,0.0,0.0,0.0,0.0,2.50084941474245e-05
6040,0.00010001000100010001,0.00010001000100010001,1.3088555211042208e-05,0.00015001500150015003,7.96926926625366e-05
6041,0.0,0.0,0.0,0.0,2.50084941474245e-05
6042,0.0,0.00010001000100010001,0.0,0.0,2.50084941474245e-05
6043,0.0,0.0,0.0,0.0,2.50084941474245e-05
6044,0.0,0.00010001000100010001,0.0,0.0,2.50084941474245e-05
6045,0.0,0.0,0.0,0.0,2.50084941474245e-05
6046,0.00010001000100010001,0.00010001000100010001,5.860547109421884e-07,0.00026146405490222224,0.00019854796873422926
6047,0.0,0.0,0.0,0.0,2.50084941474245e-05
6048,0.0,0.00010001000100010001,0.0,0.0,2.50084941474245e-05
6049,0.0,0.0,0.0,0.0,2.50084941474245e-05
6050,0.0,0.00010001000100010001,0.0,0.0,2.50084941474245e-05
6051,0.0,0.0,0.0,0.0,2.50084941474245e-05
6052,0.00010001000100010001,0.00010001000100010001,0.0,0.00016668333500016668,0.00010384368462141806
6053,0.0,0.0,0.0,0.0,2.50084941474245e-05
6054,0.0,0.00010001000100010001,0.0,0.0,2.50084941474245e-05
6055,0.0,0.0,0.0,0.0,2.50084941474245e-05
6056,0.0,0.00010001000100010001,0.0,0.0,2.50084941474245e-05
6057,0.0,0.0,0.0,0.0,2.50084941474245e-05
6058,0.00010001000100010001,0.00010001000100010001,0.0,0.00015001500150015003,7.96926926625366e-05
6059,0.0,0.0,0.0,0.0,2.50084941474245e-05
6060,0.0,0.00010001000100010001,0.0,0.0,2.50084941474245e-05
6061,0.0,0.0,0.0,0.0,2.50084941474245e-05
6062,0.0,0.00010001000100010001,0.0,0.0,2.50084941474245e-05
6063,0.0,0.0,0.0,0.0,2.50084941474245e-05
6064,0.00010001000100010001,0.00010001000100010001,0.0,0.00020002000200020003,0.00011920202608970515
6065,0.0,0.0,0.0,0.0,2.50084941474245e-05
6066,0.0,0.00010001000100010001,0.0,0.0,2.50084941474245e-05
6067,0.0,0.0,0.0,0.0,2.50084941474245e-05
6068,0.0,0.00010001000100010001,0.0,0.0,2.50084941474245e-05
6069,0.0,0.0,0.0,0.0,2.50084941474245e-05
6070,0.00010001000100010001,0.00010001000100010001,5.860547109421884e-07,0.00016668333500016668,0.00010384368462141806
6071,0.0,0.0,0.0,0.0,2.50084941474245e-05
6072,0.0,0.00010001000100010001,0.0,0.0,2.50084941474245e-05
6073,0.0,0.0,0.0,0.0,2.50084941474245e-05
6074,0.0,0.00010001000100010001,0.0,0.0,2.50084941474245e-05
6075,0.0,0.0,0.0,0.0,2.50084941474245e-05
6076,0.00010001000100010001,0.00010001000100010001,0.0,0.00015001500150015003,7.96926926625366e-05
6077,0.0,0.0,0.0,0.0,2.50084941474245e-05
6078,0.0,0.00010001000100010001,0.0,0.0,2.50084941474245e-05
6079,0.0,0.0,0.0,0.0,2.50084941474245e-05
6080,0.0,0.00010001000100010001,0.0,0.0,2.50084941474245e-05
6081,0.0,0.0,0.0,0.0,2.50084941474245e-05
6082,0.00010001000100010001,0.00010001000100010001,2.1488672734546907e-06,0.00020853149144701703,0.00016494753792447838
6083,0.0,0.0,0.0,0.0,2.50084941474245e-05
6084,0.0,0.00010001000100010001,0.0,0.0,2.50084941474245e-05
6085,0.0,0.0,0.0,0.0,2.50084941474245e-05
6086,0.0,0.00010001000100010001,0.0,0.0,2.50084941474245e-05
6087,0.0,0.0,0.0,0.0,2.50084941474245e-05
6088,0.00010001000100010001,0.00010001000100010001,0.0,0.00017779555733351112,0.000128107354012378
6089,0.0,0.0,0.0,0.0,2.50084941474245e-05
6090,0.0,0.00010001000100010001,0.0,0.0,2.50084941474245e-05
6091,0.0,0.0,0.0,0.0,2.50084941474245e-05
6092,0.0,0.00010001000100010001,0.0,0.0,2.50084941474245e-05
6093,0.0,0.0,0.0,0.0,2.50084941474245e-05
6094,0.00010001000100010001,0.00010001000100010001,0.0,0.00015001500150015003,7.96926926625366e-05
6095,0.0,0.0,0.0,0.0,2.50084941474245e-05
6096,0.0,0.00010001000100010001,0.0,0.0,2.50084941474245e-05
6097,0.0,0.0,0.0,0.0,2.50084941474245e-05
6098,0.0,0.00010001000100010001,0.0,0.0,2.50084941474245e-05
6099,0.0,0.0,0.0,0.0,2.50084941474245e-05
6100,0.00010001000100010001,0.00010001000100010001,0.0,0.0002272954568184091,0.00015456209719150253
6101,0.0,0.0,0.0,0.0,2.50084941474245e-05
6102,0.0,0.00010001000100010001,0.0,0.0,2.50084941474245e-05
6103,0.0,0.0,0.0,0.0,2.50084941474245e-05
6104,0.0,0.00010001000100010001,0.0,0.0,2.50084941474245e-05
6105,0.0,0.0,0.0,0.0,2.50084941474245e-05
6106,0.00010001000100010001,0.00010001000100010001,0.0,0.00016668333500016668,0.00010384368462141806
6107,0.0,0.0,0.0,0.0,2.50084941474245e-05
6108,0.0,0.00010001000100010001,0.0,0.0,2.50084941474245e-05
6109,0.0,0.0,0.0,0.0,2.50084941474245e-05
6110,0.0,0.00010001000100010001,0.0,0.0,2.50084941474245e-05
6111,0.0,0.0,0.0,0.0,2.50084941474245e-05
6112,0.00010001000100010001,0.00010001000100010001,0.0,0.00015001500150015003,7.96926926625366e-05
6113,0.0,0.0,0.0,0.0,2.50084941474245e-05
6114,0.0,0.00010001000100010001,0.0,0.0,2.50084941474245e-05
6115,0.0,0.0,0.0,0.0,2.50084941474245e-05
6116,0.0,0.00010001000100010001,0.0,0.0,2.50084941474245e-05
6117,0.0,0.0,0.0,0.0,2.50084941474245e-05
6118,0.00010001000100010001,0.00010001000100010001,0.0,0.00020002000200020003,0.00011920202608970515
6119,0.0,0.0,0.0,0.0,2.50084941474245e-05
6120,0.0,0.00010001000100010001,0.0,0.0,2.50084941474245e-05
6121,0.0,0.0,0.0,0.0,2.50084941474245e-05
6122,0.0,0.00010001000100010001,0.0,0.0,2.50084941474245e-05
6123,0.0,0.0,0.0,0.0,2.50084941474245e-05
6124,0.00010001000100010001,0.00010001000100010001,0.0,0.00016668333500016668,0.00010384368462141806
6125,0.0,0.0,0.0,0.0,2.50084941474245e-05
6126,0.0,0.00010001000100010001,0.0,0.0,2.50084941474245e-05
6127,0.0,0.0,0.0,0.0,2.50084941474245e-05
6128,0.0,0.00010001000100010001,0.0,0.0,2.50084941474245e-05
6129,0.0,0.0,0.0,0.0,2.50084941474245e-05
6130,0.00010001000100010001,0.00010001000100010001,0.0,0.00015001500150015003,7.96926926625366e-05
6131,0.0,0.0,0.0,0.0,2.50084941474245e-05
6132,0.0,0.00010001000100010001,0.0,0.0,2.50084941474245e-05
6133,0.0,0.0,0.0,0.0,2.50084941474245e-05
6134,0.0,0.00010001000100010001,0.0,0.0,2.50084941474245e-05
6135,0.0,0.0,0.0,0.0,2.50084941474245e-05
6136,0.00010001000100010001,0.00010001000100010001,0.0,0.00024394331325024393,0.0001874515670233918
6137,0.0,0.0,0.0,0.0,2.50084941474245e-05
6138,0.0,0.00010001000100010001,0.0,0.0,2.50084941474245e-05
6139,0.0,0.0,0.0,0.0,2.50084941474245e-05
6140,0.0,0.00010001000100010001,0.0,0.0,2.50084941474245e-05
6141,0.0,0.0,0.0,0.0,2.50084941474245e-05
6142,0.00010001000100010001,0.00010001000100010001,0.0,0.00019168583525019166,0.00016335002900606742
6143,0.0,0.0,0.0,0.0,2.50084941474245e-05
6144,0.0,0.00010001000100010001,0.0,0.0,2.50084941474245e-05
6145,0.0,0.0,0.0,0.0,2.50084941474245e-05
6146,0.0,0.00010001000100010001,0.0,0.0,2.50084941474245e-05
6147,0.0,0.0,0.0,0.0,2.50084941474245e-05
6148,0.00010001000100010001,0.00010001000100010001,3.0338748767365995e-05,0.00015001500150015003,7.96926926625366e-05
6149,0.0,0.0,0.0,0.0,2.50084941474245e-05
6150,0.0,0.00010001000100010001,0.0,0.0,2.50084941474245e-05
6151,0.0,0.0,0.0,0.0,2.50084941474245e-05
6152,0.0,0.00010001000100010001,0.0,0.0,2.50084941474245e-05
6153,0.0,0.0,0.0,0.0,2.50084941474245e-05
6154,0.00010001000100010001,0.00010001000100010001,0.0007032656531306261,0.002255971608707211,0.0003509371369108583
6155,0.0,0.0,0.0,0.0,2.50084941474245e-05
6156,0.0,0.00010001000100010001,0.0,0.0,2.50084941474245e-05
6157,0.0,0.0,0.0,0.0,2.50084941474245e-05
6158,0.0,0.00010001000100010001,0.0,0.0,2.50084941474245e-05
6159,0.0,0.0,0.0,0.0,2.50084941474245e-05
6160,0.00010001000100010001,0.00010001000100010001,0.0,0.00016668333500016668,0.00010384368462141806
6161,0.0,0.0,0.0,0.0,2.50084941474245e-05
6162,0.0,0.00010001000100010001,0.0,0.0,2.50084941474245e-05
6163,0.0,0.0,0.0,0.0,2.50084941474245e-05
6164,0.0,0.00010001000100010001,0.0,0.0,2.50084941474245e-05
6165,0.0,0.0,0.0,0.0,2.50084941474245e-05
6166,0.00010001000100010001,0.00010001000100010001,0.0,0.00015001500150015003,7.96926926625366e-05
6167,0.0,0.0,0.0,0.0,2.50084941474245e-05
6168,0.0,0.00010001000100010001,0.0,0.0,2.50084941474245e-05
6169,0.0,0.0,0.0,0.0,2.50084941474245e-05
6170,0.0,0.00010001000100010001,0.0,0.0,2.50084941474245e-05
6171,0.0,0.0,0.0,0.0,2.50084941474245e-05
6172,0.00010001000100010001,0.00010001000100010001,0.0,0.00020002000200020003,0.00011920202608970515
6173,0.0,0.0,0.0,0.0,2.50084941474245e-05
6174,0.0,0.00010001000100010001,0.0,0.0,2.50084941474245e-05
6175,0.0,0.0,0.0,0.0,2.50084941474245e-05
6176,0.0,0.00010001000100010001,0.0,0.0,2.50084941474245e-05
6177,0.0,0.0,0.0,0.0,2.50084941474245e-05
6178,0.00010001000100010001,0.00010001000100010001,0.0,0.00016668333500016668,0.00010384368462141806
6179,0.0,0.0,0.0,0.0,2.50084941474245e-05
6180,0.0,0.00010001000100010001,0.0,0.0,2.50084941474245e-05
6181,0.0,0.0,0.0,0.0,2.50084941474245e-05
6182,0.0,0.00010001000100010001,0.0,0.0,2.50084941474245e-05
6183,0.0,0.0,0.0,0.0,2.50084941474245e-05
6184,0.00010001000100010001,0.00010001000100010001,0.0,0.00015001500150015003,7.96926926625366e-05
6185,0.0,0.0,0.0,0.0,2.50084941474245e-05
6186,0.0,0.00010001000100010001,0.0,0.0,2.50084941474245e-05
6187,0.0,0.0,0.0,0.0,2.50084941474245e-05
6188,0.0,0.00010001000100010001,0.0,0.0,2.50084941474245e-05
6189,0.0,0.0,0.0,0.0,2.50084941474245e-05
6190,0.00010001000100010001,0.00010001000100010001,0.0,0.0002077130790002077,0.0001434656954806651
6191,0.0,0.0,0.0,0.0,2.50084941474245e-05
6192,0.0,0.00010001000100010001,0.0,0.0,2.50084941474245e-05
6193,0.0,0.0,0.0,0.0,2.50084941474245e-05
6194,0.0,0.00010001000100010001,0.0,0.0,2.50084941474245e-05
6195,0.0,0.0,0.0,0.0,2.50084941474245e-05
6196,0.00010001000100010001,0.00010001000100010001,4.8447189437887576e-05,0.00027461178421880195,0.00019987051447612942
6197,0.0,0.0,0.0,0.0,2.50084941474245e-05
6198,0.0,0.00010001000100010001,0.0,0.0,2.50084941474245e-05
6199,0.0,0.0,0.0,0.0,2.50084941474245e-05
6200,0.0,0.00010001000100010001,0.0,0.0,2.50084941474245e-05
6201,0.0,0.0,0.0,0.0,2.50084941474245e-05
6202,0.00010001000100010001,0.00010001000100010001,0.0,0.00015001500150015003,7.96926926625366e-05
6203,0.0,0.0,0.0,0.0,2.50084941474245e-05
6204,0.0,0.00010001000100010001,0.0,0.0,2.50084941474245e-05
6205,0.0,0.0,0.0,0.0,2.50084941474245e-05
6206,0.0,0.00010001000100010001,0.0,0.0,2.50084941474245e-05
6207,0.0,0.0,0.0,0.0,2.50084941474245e-05
6208,0.00010001000100010001,0.00010001000100010001,2.4223594718943788e-05,0.0002688307108222784,0.00021011165597387298
6209,0.0,0.0,0.0,0.0,2.50084941474245e-05
6210,0.0,0.00010001000100010001,0.0,0.0,2.50084941474245e-05
6211,0.0,0.0,0.0,0.0,2.50084941474245e-05
6212,0.0,0.00010001000100010001,0.0,0.0,2.50084941474245e-05
6213,0.0,0.0,0.0,0.0,2.50084941474245e-05
6214,0.00010001000100010001,0.00010001000100010001,0.0,0.00016668333500016668,0.00010384368462141806
6215,0.0,0.0,0.0,0.0,2.50084941474245e-05
6216,0.0,0.00010001000100010001,0.0,0.0,2.50084941474245e-05
6217,0.0,0.0,0.0,0.0,2.50084941474245e-05
6218,0.0,0.00010001000100010001,0.0,0.0,2.50084941474245e-05
6219,0.0,0.0,0.0,0.0,2.50084941474245e-05
6220,0.00010001000100010001,0.00010001000100010001,0.0,0.00015001500150015003,7.96926926625366e-05
6221,0.0,0.0,0.0,0.0,2.50084941474245e-05
6222,0.0,0.00010001000100010001,0.0,0.0,2.50084941474245e-05
6223,0.0,0.0,0.0,0.0,2.50084941474245e-05
6224,0.0,0.00010001000100010001,0.0,0.0,2.50084941474245e-05
6225,0.0,0.0,0.0,0.0,2.50084941474245e-05
6226,0.00010001000100010001,0.00010001000100010001,1.174403178091587e-06,0.00020002000200020003,0.00011920202608970515
6227,0.0,0.0,0.0,0.0,2.50084941474245e-05
6228,0.0,0.00010001000100010001,0.0,0.0,2.50084941474245e-05
6229,0.0,0.0,0.0,0.0,2.50084941474245e-05
6230,0.0,0.00010001000100010001,0.0,0.0,2.50084941474245e-05
6231,0.0,0.0,0.0,0.0,2.50084941474245e-05
6232,0.00010001000100010001,0.00010001000100010001,1.2111797359471894e-05,0.00016668333500016668,0.00010384368462141806
6233,0.0,0.0,0.0,0.0,2.50084941474245e-05
6234,0.0,0.00010001000100010001,0.0,0.0,2.50084941474245e-05
6235,0.0,0.0,0.0,0.0,2.50084941474245e-05
6236,0.0,0.00010001000100010001,0.0,0.0,2.50084941474245e-05
6237,0.0,0.0,0.0,0.0,2.50084941474245e-05
6238,0.00010001000100010001,0.00010001000100010001,0.0,0.00015001500150015003,7.96926926625366e-05
6239,0.0,0.0,0.0,0.0,2.50084941474245e-05
6240,0.0,0.00010001000100010001,0.0,0.0,2.50084941474245e-05
6241,0.0,0.0,0.0,0.0,2.50084941474245e-05
6242,0.0,0.00010001000100010001,0.0,0.0,2.50084941474245e-05
6243,0.0,0.0,0.0,0.0,2.50084941474245e-05
6244,0.00010001000100010001,0.00010001000100010001,2.4223594718943788e-05,0.00022149454209224604,0.00017876782479484882
6245,0.0,0.0,0.0,0.0,2.50084941474245e-05
6246,0.0,0.00010001000100010001,0.0,0.0,2.50084941474245e-05
6247,0.0,0.0,0.0,0.0,2.50084941474245e-05
6248,0.0,0.00010001000100010001,0.0,0.0,2.50084941474245e-05
6249,0.0,0.0,0.0,0.0,2.50084941474245e-05
6250,0.00010001000100010001,0.00010001000100010001,0.0,0.00017779555733351112,0.000128107354012378
6251,0.0,0.0,0.0,0.0,2.50084941474245e-05
6252,0.0,0.00010001000100010001,0.0,0.0,2.50084941474245e-05
6253,0.0,0.0,0.0,0.0,2.50084941474245e-05
6254,0.0,0.00010001000100010001,0.0,0.0,2.50084941474245e-05
6255,0.0,0.0,0.0,0.0,2.50084941474245e-05
6256,0.00010001000100010001,0.00010001000100010001,0.0,0.00015001500150015003,7.96926926625366e-05
6257,0.0,0.0,0.0,0.0,2.50084941474245e-05
6258,0.0,0.00010001000100010001,0.0,0.0,2.50084941474245e-05
6259,0.0,0.0,0.0,0.0,2.50084941474245e-05
6260,0.0,0.00010001000100010001,0.0,0.0,2.50084941474245e-05
6261,0.0,0.0,0.0,0.0,2.50084941474245e-05
6262,0.00010001000100010001,0.00010001000100010001,0.0,0.0002272954568184091,0.00015456209719150253
6263,0.0,0.0,0.0,0.0,2.50084941474245e-05
6264,0.0,0.00010001000100010001,0.0,0.0,2.50084941474245e-05
6265,0.0,0.0,0.0,0.0,2.50084941474245e-05
6266,0.0,0.00010001000100010001,0.0,0.0,2.50084941474245e-05
6267,0.0,0.0,0.0,0.0,2.50084941474245e-05
6268,0.00010001000100010001,0.00010001000100010001,0.0,0.00016668333500016668,0.00010384368462141806
6269,0.0,0.0,0.0,0.0,2.50084941474245e-05
6270,0.0,0.00010001000100010001,0.0,0.0,2.50084941474245e-05
6271,0.0,0.0,0.0,0.0,2.50084941474245e-05
6272,0.0,0.00010001000100010001,0.0,0.0,2.50084941474245e-05
6273,0.0,0.0,0.0,0.0,2.50084941474245e-05
6274,0.00010001000100010001,0.00010001000100010001,7.032656531306261e-06,0.00015001500150015003,7.96926926625366e-05
6275,0.0,0.0,0.0,0.0,2.50084941474245e-05
6276,0.0,0.00010001000100010001,0.0,0.0,2.50084941474245e-05
6277,0.0,0.0,0.0,0.0,2.50084941474245e-05
6278,0.0,0.00010001000100010001,0.0,0.0,2.50084941474245e-05
6279,0.0,0.0,0.0,0.0,2.50084941474245e-05
6280,0.00010001000100010001,0.00010001000100010001,2.4223594718943788e-05,0.00020002000200020003,0.00011920202608970515
6281,0.0,0.0,0.0,0.0,2.50084941474245e-05
6282,0.0,0.00010001000100010001,0.0,0.0,2.50084941474245e-05
6283,0.0,0.0,0.0,0.0,2.50084941474245e-05
6284,0.0,0.00010001000100010001,0.0,0.0,2.50084941474245e-05
6285,0.0,0.0,0.0,0.0,2.50084941474245e-05
6286,0.00010001000100010001,0.00010001000100010001,5.860547109421884e-07,0.00016668333500016668,0.00010384368462141806
6287,0.0,0.0,0.0,0.0,2.50084941474245e-05
6288,0.0,0.00010001000100010001,0.0,0.0,2.50084941474245e-05
6289,0.0,0.0,0.0,0.0,2.50084941474245e-05
6290,0.0,0.00010001000100010001,0.0,0.0,2.50084941474245e-05
6291,0.0,0.0,0.0,0.0,2.50084941474245e-05
6292,0.00010001000100010001,0.00010001000100010001,0.0,0.00015001500150015003,7.96926926625366e-05
6293,0.0,0.0,0.0,0.0,2.50084941474245e-05
6294,0.0,0.00010001000100010001,0.0,0.0,2.50084941474245e-05
6295,0.0,0.0,0.0,0.0,2.50084941474245e-05
6296,0.0,0.00010001000100010001,0.0,0.0,2.50084941474245e-05
6297,0.0,0.0,0.0,0.0,2.50084941474245e-05
6298,0.00010001000100010001,0.00010001000100010001,2.4223594718943788e-05,0.00022686832441633426,0.0001897079507054453
6299,0.0,0.0,0.0,0.0,2.50084941474245e-05
6300,0.0,0.00010001000100010001,0.0,0.0,2.50084941474245e-05
6301,0.0,0.0,0.0,0.0,2.50084941474245e-05
6302,0.0,0.00010001000100010001,0.0,0.0,2.50084941474245e-05
6303,0.0,0.0,0.0,0.0,2.50084941474245e-05
6304,0.00010001000100010001,0.00010001000100010001,6.055898679735947e-06,0.00019217608035313337,0.00015377419898661407
6305,0.0,0.0,0.0,0.0,2.50084941474245e-05
6306,0.0,0.00010001000100010001,0.0,0.0,2.50084941474245e-05
6307,0.0,0.0,0.0,0.0,2.50084941474245e-05
6308,0.0,0.00010001000100010001,0.0,0.0,2.50084941474245e-05
6309,0.0,0.0,0.0,0.0,2.50084941474245e-05
6310,0.00010001000100010001,0.00010001000100010001,0.0,0.00015001500150015003,7.96926926625366e-05
6311,0.0,0.0,0.0,0.0,2.50084941474245e-05
6312,0.0,0.00010001000100010001,0.0,0.0,2.50084941474245e-05
6313,0.0,0.0,0.0,0.0,2.50084941474245e-05
6314,0.0,0.00010001000100010001,0.0,0.0,2.50084941474245e-05
6315,0.0,0.0,0.0,0.0,2.50084941474245e-05
6316,0.00010001000100010001,0.00010001000100010001,0.00014534156831366273,0.0005592122011817672,0.0003084771334490511
6317,0.0,0.0,0.0,0.0,2.50084941474245e-05
6318,0.0,0.00010001000100010001,0.0,0.0,2.50084941474245e-05
6319,0.0,0.0,0.0,0.0,2.50084941474245e-05
6320,0.0,0.00010001000100010001,0.0,0.0,2.50084941474245e-05
6321,0.0,0.0,0.0,0.0,2.50084941474245e-05
6322,0.00010001000100010001,0.00010001000100010001,0.0,0.00016668333500016668,0.00010384368462141806
6323,0.0,0.0,0.0,0.0,2.50084941474245e-05
6324,0.0,0.00010001000100010001,0.0,0.0,2.50084941474245e-05
6325,0.0,0.0,0.0,0.0,2.50084941474245e-05
6326,0.0,0.00010001000100010001,0.0,0.0,2.50084941474245e-05
6327,0.0,0.0,0.0,0.0,2.50084941474245e-05
6328,0.00010001000100010001,0.00010001000100010001,3.125625125025005e-05,0.00015001500150015003,7.96926926625366e-05
6329,0.0,0.0,0.0,0.0,2.50084941474245e-05
6330,0.0,0.00010001000100010001,0.0,0.0,2.50084941474245e-05
6331,0.0,0.0,0.0,0.0,2.50084941474245e-05
6332,0.0,0.00010001000100010001,0.0,0.0,2.50084941474245e-05
6333,0.0,0.0,0.0,0.0,2.50084941474245e-05
6334,0.00010001000100010001,0.00010001000100010001,0.0,0.00020002000200020003,0.00011920202608970515
6335,0.0,0.0,0.0,0.0,2.50084941474245e-05
6336,0.0,0.00010001000100010001,0.0,0.0,2.50084941474245e-05
6337,0.0,0.0,0.0,0.0,2.50084941474245e-05
6338,0.0,0.00010001000100010001,0.0,0.0,2.50084941474245e-05
6339,0.0,0.0,0.0,0.0,2.50084941474245e-05
6340,0.00010001000100010001,0.00010001000100010001,0.0,0.00016668333500016668,0.00010384368462141806
6341,0.0,0.0,0.0,0.0,2.50084941474245e-05
6342,0.0,0.00010001000100010001,0.0,0.0,2.50084941474245e-05
6343,0.0,0.0,0.0,0.0,2.50084941474245e-05
6344,0.0,0.00010001000100010001,0.0,0.0,2.50084941474245e-05
6345,0.0,0.0,0.0,0.0,2.50084941474245e-05
6346,0.00010001000100010001,0.00010001000100010001,0.0,0.00015001500150015003,7.96926926625366e-05
6347,0.0,0.0,0.0,0.0,2.50084941474245e-05
6348,0.0,0.00010001000100010001,0.0,0.0,2.50084941474245e-05
6349,0.0,0.0,0.0,0.0,2.50084941474245e-05
6350,0.0,0.00010001000100010001,0.0,0.0,2.50084941474245e-05
6351,0.0,0.0,0.0,0.0,2.50084941474245e-05
6352,0.00010001000100010001,0.00010001000100010001,0.0,0.0002077130790002077,0.0001434656954806651
6353,0.0,0.0,0.0,0.0,2.50084941474245e-05
6354,0.0,0.00010001000100010001,0.0,0.0,2.50084941474245e-05
6355,0.0,0.0,0.0,0.0,2.50084941474245e-05
6356,0.0,0.00010001000100010001,0.0,0.0,2.50084941474245e-05
6357,0.0,0.0,0.0,0.0,2.50084941474245e-05
6358,0.00010001000100010001,0.00010001000100010001,1.1721094218843769e-06,0.0002524269894238332,0.0001860033624969
6359,0.0,0.0,0.0,0.0,2.50084941474245e-05
6360,0.0,0.00010001000100010001,0.0,0.0,2.50084941474245e-05
6361,0.0,0.0,0.0,0.0,2.50084941474245e-05
6362,0.0,0.00010001000100010001,0.0,0.0,2.50084941474245e-05
6363,0.0,0.0,0.0,0.0,2.50084941474245e-05
6364,0.00010001000100010001,0.00010001000100010001,0.0,0.00015001500150015003,7.96926926625366e-05
6365,0.0,0.0,0.0,0.0,2.50084941474245e-05
6366,0.0,0.00010001000100010001,0.0,0.0,2.50084941474245e-05
6367,0.0,0.0,0.0,0.0,2.50084941474245e-05
6368,0.0,0.00010001000100010001,0.0,0.0,2.50084941474245e-05
6369,0.0,0.0,0.0,0.0,2.50084941474245e-05
6370,0.00010001000100010001,0.00010001000100010001,2.4223594718943788e-05,0.00023805197421150566,0.00017209259832647115
6371,0.0,0.0,0.0,0.0,2.50084941474245e-05
6372,0.0,0.00010001000100010001,0.0,0.0,2.50084941474245e-05
6373,0.0,0.0,0.0,0.0,2.50084941474245e-05
6374,0.0,0.00010001000100010001,0.0,0.0,2.50084941474245e-05
6375,0.0,0.0,0.0,0.0,2.50084941474245e-05
6376,0.00010001000100010001,0.00010001000100010001,0.0,0.00016668333500016668,0.00010384368462141806
6377,0.0,0.0,0.0,0.0,2.50084941474245e-05
6378,0.0,0.00010001000100010001,0.0,0.0,2.50084941474245e-05
6379,0.0,0.0,0.0,0.0,2.50084941474245e-05
6380,0.0,0.00010001000100010001,0.0,0.0,2.50084941474245e-05
6381,0.0,0.0,0.0,0.0,2.50084941474245e-05
6382,0.00010001000100010001,0.00010001000100010001,0.0,0.00015001500150015003,7.96926926625366e-05
6383,0.0,0.0,0.0,0.0,2.50084941474245e-05
6384,0.0,0.00010001000100010001,0.0,0.0,2.50084941474245e-05
6385,0.0,0.0,0.0,0.0,2.50084941474245e-05
6386,0.0,0.00010001000100010001,0.0,0.0,2.50084941474245e-05
6387,0.0,0.0,0.0,0.0,2.50084941474245e-05
6388,0.00010001000100010001,0.00010001000100010001,0.0,0.00020002000200020003,0.00011920202608970515
6389,0.0,0.0,0.0,0.0,2.50084941474245e-05
6390,0.0,0.00010001000100010001,0.0,0.0,2.50084941474245e-05
6391,0.0,0.0,0.0,0.0,2.50084941474245e-05
6392,0.0,0.00010001000100010001,0.0,0.0,2.50084941474245e-05
6393,0.0,0.0,0.0,0.0,2.50084941474245e-05
6394,0.00010001000100010001,0.00010001000100010001,0.0,0.00016668333500016668,0.00010384368462141806
6395,0.0,0.0,0.0,0.0,2.50084941474245e-05
6396,0.0,0.00010001000100010001,0.0,0.0,2.50084941474245e-05
6397,0.0,0.0,0.0,0.0,2.50084941474245e-05
6398,0.0,0.00010001000100010001,0.0,0.0,2.50084941474245e-05
6399,0.0,0.0,0.0,0.0,2.50084941474245e-05
6400,0.00010001000100010001,0.00010001000100010001,6.055898679735947e-06,0.00015001500150015003,7.96926926625366e-05
6401,0.0,0.0,0.0,0.0,2.50084941474245e-05
6402,0.0,0.00010001000100010001,0.0,0.0,2.50084941474245e-05
6403,0.0,0.0,0.0,0.0,2.50084941474245e-05
6404,0.0,0.00010001000100010001,0.0,0.0,2.50084941474245e-05
6405,0.0,0.0,0.0,0.0,2.50084941474245e-05
6406,0.00010001000100010001,0.00010001000100010001,0.0,0.00020864155381055346,0.00015418161891496564
6407,0.0,0.0,0.0,0.0,2.50084941474245e-05
6408,0.0,0.00010001000100010001,0.0,0.0,2.50084941474245e-05
6409,0.0,0.0,0.0,0.0,2.50084941474245e-05
6410,0.0,0.00010001000100010001,0.0,0.0,2.50084941474245e-05
6411,0.0,0.0,0.0,0.0,2.50084941474245e-05
6412,0.00010001000100010001,0.00010001000100010001,1.2111797359471894e-05,0.00017779555733351112,0.000128107354012378
6413,0.0,0.0,0.0,0.0,2.50084941474245e-05
6414,0.0,0.00010001000100010001,0.0,0.0,2.50084941474245e-05
6415,0.0,0.0,0.0,0.0,2.50084941474245e-05
6416,0.0,0.00010001000100010001,0.0,0.0,2.50084941474245e-05
6417,0.0,0.0,0.0,0.0,2.50084941474245e-05
6418,0.00010001000100010001,0.00010001000100010001,0.0,0.00015001500150015003,7.96926926625366e-05
6419,0.0,0.0,0.0,0.0,2.50084941474245e-05
6420,0.0,0.00010001000100010001,0.0,0.0,2.50084941474245e-05
6421,0.0,0.0,0.0,0.0,2.50084941474245e-05
6422,0.0,0.00010001000100010001,0.0,0.0,2.50084941474245e-05
6423,0.0,0.0,0.0,0.0,2.50084941474245e-05
6424,0.00010001000100010001,0.00010001000100010001,0.0,0.0002272954568184091,0.00015456209719150253
6425,0.0,0.0,0.0,0.0,2.50084941474245e-05
6426,0.0,0.00010001000100010001,0.0,0.0,2.50084941474245e-05
6427,0.0,0.0,0.0,0.0,2.50084941474245e-05
6428,0.0,0.00010001000100010001,0.0,0.0,2.50084941474245e-05
6429,0.0,0.0,0.0,0.0,2.50084941474245e-05
6430,0.00010001000100010001,0.00010001000100010001,5.860547109421884e-07,0.00016668333500016668,0.00010384368462141806
6431,0.0,0.0,0.0,0.0,2.50084941474245e-05
6432,0.0,0.00010001000100010001,0.0,0.0,2.50084941474245e-05
6433,0.0,0.0,0.0,0.0,2.50084941474245e-05
6434,0.0,0.00010001000100010001,0.0,0.0,2.50084941474245e-05
6435,0.0,0.0,0.0,0.0,2.50084941474245e-05
6436,0.00010001000100010001,0.00010001000100010001,0.0,0.00015001500150015003,7.96926926625366e-05
6437,0.0,0.0,0.0,0.0,2.50084941474245e-05
6438,0.0,0.00010001000100010001,0.0,0.0,2.50084941474245e-05
6439,0.0,0.0,0.0,0.0,2.50084941474245e-05
6440,0.0,0.00010001000100010001,0.0,0.0,2.50084941474245e-05
6441,0.0,0.0,0.0,0.0,2.50084941474245e-05
6442,0.00010001000100010001,0.00010001000100010001,8.986172234446889e-06,0.00020002000200020003,0.00011920202608970515
6443,0.0,0.0,0.0,0.0,2.50084941474245e-05
6444,0.0,0.00010001000100010001,0.0,0.0,2.50084941474245e-05
6445,0.0,0.0,0.0,0.0,2.50084941474245e-05
6446,0.0,0.00010001000100010001,0.0,0.0,2.50084941474245e-05
6447,0.0,0.0,0.0,0.0,2.50084941474245e-05
6448,0.00010001000100010001,0.00010001000100010001,0.0,0.00016668333500016668,0.00010384368462141806
6449,0.0,0.0,0.0,0.0,2.50084941474245e-05
6450,0.0,0.00010001000100010001,0.0,0.0,2.50084941474245e-05
6451,0.0,0.0,0.0,0.0,2.50084941474245e-05
6452,0.0,0.00010001000100010001,0.0,0.0,2.50084941474245e-05
6453,0.0,0.0,0.0,0.0,2.50084941474245e-05
6454,0.00010001000100010001,0.00010001000100010001,5.860547109421884e-07,0.00015001500150015003,7.96926926625366e-05
6455,0.0,0.0,0.0,0.0,2.50084941474245e-05
6456,0.0,0.00010001000100010001,0.0,0.0,2.50084941474245e-05
6457,0.0,0.0,0.0,0.0,2.50084941474245e-05
6458,0.0,0.00010001000100010001,0.0,0.0,2.50084941474245e-05
6459,0.0,0.0,0.0,0.0,2.50084941474245e-05
6460,0.00010001000100010001,0.00010001000100010001,2.3442188437687538e-06,0.00021820363854567278,0.00016099619661563371
6461,0.0,0.0,0.0,0.0,2.50084941474245e-05
6462,0.0,0.00010001000100010001,0.0,0.0,2.50084941474245e-05
6463,0.0,0.0,0.0,0.0,2.50084941474245e-05
6464,0.0,0.00010001000100010001,0.0,0.0,2.50084941474245e-05
6465,0.0,0.0,0.0,0.0,2.50084941474245e-05
6466,0.00010001000100010001,0.00010001000100010001,0.0,0.0001818363654547273,0.00013882327744667856
6467,0.0,0.0,0.0,0.0,2.50084941474245e-05
6468,0.0,0.00010001000100010001,0.0,0.0,2.50084941474245e-05
6469,0.0,0.0,0.0,0.0,2.50084941474245e-05
6470,0.0,0.00010001000100010001,0.0,0.0,2.50084941474245e-05
6471,0.0,0.0,0.0,0.0,2.50084941474245e-05
6472,0.00010001000100010001,0.00010001000100010001,0.0,0.00015001500150015003,7.96926926625366e-05
6473,0.0,0.0,0.0,0.0,2.50084941474245e-05
6474,0.0,0.00010001000100010001,0.0,0.0,2.50084941474245e-05
6475,0.0,0.0,0.0,0.0,2.50084941474245e-05
6476,0.0,0.00010001000100010001,0.0,0.0,2.50084941474245e-05
6477,0.0,0.0,0.0,0.0,2.50084941474245e-05
6478,0.00010001000100010001,0.00010001000100010001,0.0,0.0002639439201652124,0.00019082567199685174
6479,0.0,0.0,0.0,0.0,2.50084941474245e-05
6480,0.0,0.00010001000100010001,0.0,0.0,2.50084941474245e-05
6481,0.0,0.0,0.0,0.0,2.50084941474245e-05
6482,0.0,0.00010001000100010001,0.0,0.0,2.50084941474245e-05
6483,0.0,0.0,0.0,0.0,2.50084941474245e-05
6484,0.00010001000100010001,0.00010001000100010001,0.0,0.00016668333500016668,0.00010384368462141806
6485,0.0,0.0,0.0,0.0,2.50084941474245e-05
6486,0.0,0.00010001000100010001,0.0,0.0,2.50084941474245e-05
6487,0.0,0.0,0.0,0.0,2.50084941474245e-05
6488,0.0,0.00010001000100010001,0.0,0.0,2.50084941474245e-05
6489,0.0,0.0,0.0,0.0,2.50084941474245e-05
6490,0.00010001000100010001,0.00010001000100010001,2.6763165133026605e-05,0.00015001500150015003,7.96926926625366e-05
6491,0.0,0.0,0.0,0.0,2.50084941474245e-05
6492,0.0,0.00010001000100010001,0.0,0.0,2.50084941474245e-05
6493,0.0,0.0,0.0,0.0,2.50084941474245e-05
6494,0.0,0.00010001000100010001,0.0,0.0,2.50084941474245e-05
6495,0.0,0.0,0.0,0.0,2.50084941474245e-05
6496,0.00010001000100010001,0.00010001000100010001,8.595469093818763e-06,0.00020002000200020003,0.00011920202608970515
6497,0.0,0.0,0.0,0.0,2.50084941474245e-05
6498,0.0,0.00010001000100010001,0.0,0.0,2.50084941474245e-05
6499,0.0,0.0,0.0,0.0,2.50084941474245e-05
6500,0.0,0.00010001000100010001,0.0,0.0,2.50084941474245e-05
6501,0.0,0.0,0.0,0.0,2.50084941474245e-05
6502,0.00010001000100010001,0.00010001000100010001,0.0,0.00016668333500016668,0.00010384368462141806
6503,0.0,0.0,0.0,0.0,2.50084941474245e-05
6504,0.0,0.00010001000100010001,0.0,0.0,2.50084941474245e-05
6505,0.0,0.0,0.0,0.0,2.50084941474245e-05
6506,0.0,0.00010001000100010001,0.0,0.0,2.50084941474245e-05
6507,0.0,0.0,0.0,0.0,2.50084941474245e-05
6508,0.00010001000100010001,0.00010001000100010001,2.1488672734546907e-06,0.00015001500150015003,7.96926926625366e-05
6509,0.0,0.0,0.0,0.0,2.50084941474245e-05
6510,0.0,0.00010001000100010001,0.0,0.0,2.50084941474245e-05
6511,0.0,0.0,0.0,0.0,2.50084941474245e-05
6512,0.0,0.00010001000100010001,0.0,0.0,2.50084941474245e-05
6513,0.0,0.0,0.0,0.0,2.50084941474245e-05
6514,0.00010001000100010001,0.00010001000100010001,1.1721094218843769e-06,0.0002077130790002077,0.0001434656954806651
6515,0.0,0.0,0.0,0.0,2.50084941474245e-05
6516,0.0,0.00010001000100010001,0.0,0.0,2.50084941474245e-05
6517,0.0,0.0,0.0,0.0,2.50084941474245e-05
6518,0.0,0.00010001000100010001,0.0,0.0,2.50084941474245e-05
6519,0.0,0.0,0.0,0.0,2.50084941474245e-05
6520,0.00010001000100010001,0.00010001000100010001,0.0,0.0001920827003335254,0.00014563785514734663
6521,0.0,0.0,0.0,0.0,2.50084941474245e-05
6522,0.0,0.00010001000100010001,0.0,0.0,2.50084941474245e-05
6523,0.0,0.0,0.0,0.0,2.50084941474245e-05
6524,0.0,0.00010001000100010001,0.0,0.0,2.50084941474245e-05
6525,0.0,0.0,0.0,0.0,2.50084941474245e-05
6526,0.00010001000100010001,0.00010001000100010001,5.860547109421884e-07,0.00015001500150015003,7.96926926625366e-05
6527,0.0,0.0,0.0,0.0,2.50084941474245e-05
6528,0.0,0.00010001000100010001,0.0,0.0,2.50084941474245e-05
6529,0.0,0.0,0.0,0.0,2.50084941474245e-05
6530,0.0,0.00010001000100010001,0.0,0.0,2.50084941474245e-05
6531,0.0,0.0,0.0,0.0,2.50084941474245e-05
6532,0.00010001000100010001,0.00010001000100010001,2.6763165133026605e-05,0.0002823811792944,0.00021580326638751877
6533,0.0,0.0,0.0,0.0,2.50084941474245e-05
6534,0.0,0.00010001000100010001,0.0,0.0,2.50084941474245e-05
6535,0.0,0.0,0.0,0.0,2.50084941474245e-05
6536,0.0,0.00010001000100010001,0.0,0.0,2.50084941474245e-05
6537,0.0,0.0,0.0,0.0,2.50084941474245e-05
6538,0.00010001000100010001,0.00010001000100010001,0.0,0.00016668333500016668,0.00010384368462141806
6539,0.0,0.0,0.0,0.0,2.50084941474245e-05
6540,0.0,0.00010001000100010001,0.0,0.0,2.50084941474245e-05
6541,0.0,0.0,0.0,0.0,2.50084941474245e-05
6542,0.0,0.00010001000100010001,0.0,0.0,2.50084941474245e-05
6543,0.0,0.0,0.0,0.0,2.50084941474245e-05
6544,0.00010001000100010001,0.00010001000100010001,0.0,0.00015001500150015003,7.96926926625366e-05
6545,0.0,0.0,0.0,0.0,2.50084941474245e-05
6546,0.0,0.00010001000100010001,0.0,0.0,2.50084941474245e-05
6547,0.0,0.0,0.0,0.0,2.50084941474245e-05
6548,0.0,0.00010001000100010001,0.0,0.0,2.50084941474245e-05
6549,0.0,0.0,0.0,0.0,2.50084941474245e-05
6550,0.00010001000100010001,0.00010001000100010001,5.860547109421884e-07,0.00020002000200020003,0.00011920202608970515
6551,0.0,0.0,0.0,0.0,2.50084941474245e-05
6552,0.0,0.00010001000100010001,0.0,0.0,2.50084941474245e-05
6553,0.0,0.0,0.0,0.0,2.50084941474245e-05
6554,0.0,0.00010001000100010001,0.0,0.0,2.50084941474245e-05
6555,0.0,0.0,0.0,0.0,2.50084941474245e-05
6556,0.00010001000100010001,0.00010001000100010001,0.0,0.00016668333500016668,0.00010384368462141806
6557,0.0,0.0,0.0,0.0,2.50084941474245e-05
6558,0.0,0.00010001000100010001,0.0,0.0,2.50084941474245e-05
6559,0.0,0.0,0.0,0.0,2.50084941474245e-05
6560,0.0,0.00010001000100010001,0.0,0.0,2.50084941474245e-05
6561,0.0,0.0,0.0,0.0,2.50084941474245e-05
6562,0.00010001000100010001,0.00010001000100010001,0.0,0.00015001500150015003,7.96926926625366e-05
6563,0.0,0.0,0.0,0.0,2.50084941474245e-05
6564,0.0,0.00010001000100010001,0.0,0.0,2.50084941474245e-05
6565,0.0,0.0,0.0,0.0,2.50084941474245e-05
6566,0.0,0.00010001000100010001,0.0,0.0,2.50084941474245e-05
6567,0.0,0.0,0.0,0.0,2.50084941474245e-05
6568,0.00010001000100010001,0.00010001000100010001,6.067749753473199e-06,0.00020864155381055346,0.00015418161891496564
6569,0.0,0.0,0.0,0.0,2.50084941474245e-05
6570,0.0,0.00010001000100010001,0.0,0.0,2.50084941474245e-05
6571,0.0,0.0,0.0,0.0,2.50084941474245e-05
6572,0.0,0.00010001000100010001,0.0,0.0,2.50084941474245e-05
6573,0.0,0.0,0.0,0.0,2.50084941474245e-05
6574,0.00010001000100010001,0.00010001000100010001,0.0,0.00017779555733351112,0.000128107354012378
6575,0.0,0.0,0.0,0.0,2.50084941474245e-05
6576,0.0,0.00010001000100010001,0.0,0.0,2.50084941474245e-05
6577,0.0,0.0,0.0,0.0,2.50084941474245e-05
6578,0.0,0.00010001000100010001,0.0,0.0,2.50084941474245e-05
6579,0.0,0.0,0.0,0.0,2.50084941474245e-05
6580,0.00010001000100010001,0.00010001000100010001,0.0,0.00015001500150015003,7.96926926625366e-05
6581,0.0,0.0,0.0,0.0,2.50084941474245e-05
6582,0.0,0.00010001000100010001,0.0,0.0,2.50084941474245e-05
6583,0.0,0.0,0.0,0.0,2.50084941474245e-05
6584,0.0,0.00010001000100010001,0.0,0.0,2.50084941474245e-05
6585,0.0,0.0,0.0,0.0,2.50084941474245e-05
6586,0.00010001000100010001,0.00010001000100010001,2.6763165133026605e-05,0.0002272954568184091,0.00015456209719150253
6587,0.0,0.0,0.0,0.0,2.50084941474245e-05
6588,0.0,0.00010001000100010001,0.0,0.0,2.50084941474245e-05
6589,0.0,0.0,0.0,0.0,2.50084941474245e-05
6590,0.0,0.00010001000100010001,0.0,0.0,2.50084941474245e-05
6591,0.0,0.0,0.0,0.0,2.50084941474245e-05
6592,0.00010001000100010001,0.00010001000100010001,0.0,0.00016668333500016668,0.00010384368462141806
6593,0.0,0.0,0.0,0.0,2.50084941474245e-05
6594,0.0,0.00010001000100010001,0.0,0.0,2.50084941474245e-05
6595,0.0,0.0,0.0,0.0,2.50084941474245e-05
6596,0.0,0.00010001000100010001,0.0,0.0,2.50084941474245e-05
6597,0.0,0.0,0.0,0.0,2.50084941474245e-05
6598,0.00010001000100010001,0.00010001000100010001,0.0,0.00015001500150015003,7.96926926625366e-05
6599,0.0,0.0,0.0,0.0,2.50084941474245e-05
6600,0.0,0.00010001000100010001,0.0,0.0,2.50084941474245e-05
6601,0.0,0.0,0.0,0.0,2.50084941474245e-05
6602,0.0,0.00010001000100010001,0.0,0.0,2.50084941474245e-05
6603,0.0,0.0,0.0,0.0,2.50084941474245e-05
6604,0.00010001000100010001,0.00010001000100010001,0.0,0.00020002000200020003,0.00011920202608970515
6605,0.0,0.0,0.0,0.0,2.50084941474245e-05
6606,0.0,0.00010001000100010001,0.0,0.0,2.50084941474245e-05
6607,0.0,0.0,0.0,0.0,2.50084941474245e-05
6608,0.0,0.00010001000100010001,0.0,0.0,2.50084941474245e-05
6609,0.0,0.0,0.0,0.0,2.50084941474245e-05
6610,0.00010001000100010001,0.00010001000100010001,0.0,0.00016668333500016668,0.00010384368462141806
6611,0.0,0.0,0.0,0.0,2.50084941474245e-05
6612,0.0,0.00010001000100010001,0.0,0.0,2.50084941474245e-05
6613,0.0,0.0,0.0,0.0,2.50084941474245e-05
6614,0.0,0.00010001000100010001,0.0,0.0,2.50084941474245e-05
6615,0.0,0.0,0.0,0.0,2.50084941474245e-05
6616,0.00010001000100010001,0.00010001000100010001,0.0,0.00015001500150015003,7.96926926625366e-05
6617,0.0,0.0,0.0,0.0,2.50084941474245e-05
6618,0.0,0.00010001000100010001,0.0,0.0,2.50084941474245e-05
6619,0.0,0.0,0.0,0.0,2.50084941474245e-05
6620,0.0,0.00010001000100010001,0.0,0.0,2.50084941474245e-05
6621,0.0,0.0,0.0,0.0,2.50084941474245e-05
6622,0.00010001000100010001,0.00010001000100010001,0.0,0.00023531764941200003,0.00018632093235382678
6623,0.0,0.0,0.0,0.0,2.50084941474245e-05
6624,0.0,0.00010001000100010001,0.0,0.0,2.50084941474245e-05
6625,0.0,0.0,0.0,0.0,2.50084941474245e-05
6626,0.0,0.00010001000100010001,0.0,0.0,2.50084941474245e-05
6627,0.0,0.0,0.0,0.0,2.50084941474245e-05
6628,0.00010001000100010001,0.00010001000100010001,1.465136777355471e-05,0.0001818363654547273,0.00013882327744667856
6629,0.0,0.0,0.0,0.0,2.50084941474245e-05
6630,0.0,0.00010001000100010001,0.0,0.0,2.50084941474245e-05
6631,0.0,0.0,0.0,0.0,2.50084941474245e-05
6632,0.0,0.00010001000100010001,0.0,0.0,2.50084941474245e-05
6633,0.0,0.0,0.0,0.0,2.50084941474245e-05
6634,0.00010001000100010001,0.00010001000100010001,0.0,0.00015001500150015003,7.96926926625366e-05
6635,0.0,0.0,0.0,0.0,2.50084941474245e-05
6636,0.0,0.00010001000100010001,0.0,0.0,2.50084941474245e-05
6637,0.0,0.0,0.0,0.0,2.50084941474245e-05
6638,0.0,0.00010001000100010001,0.0,0.0,2.50084941474245e-05
6639,0.0,0.0,0.0,0.0,2.50084941474245e-05
6640,0.00010001000100010001,0.00010001000100010001,2.6763165133026605e-05,0.00030273297600030277,0.0002268126500192181
6641,0.0,0.0,0.0,0.0,2.50084941474245e-05
6642,0.0,0.00010001000100010001,0.0,0.0,2.50084941474245e-05
6643,0.0,0.0,0.0,0.0,2.50084941474245e-05
6644,0.0,0.00010001000100010001,0.0,0.0,2.50084941474245e-05
6645,0.0,0.0,0.0,0.0,2.50084941474245e-05
6646,0.00010001000100010001,0.00010001000100010001,5.872015890457935e-07,0.00016668333500016668,0.00010384368462141806
6647,0.0,0.0,0.0,0.0,2.50084941474245e-05
6648,0.0,0.00010001000100010001,0.0,0.0,2.50084941474245e-05
6649,0.0,0.0,0.0,0.0,2.50084941474245e-05
6650,0.0,0.00010001000100010001,0.0,0.0,2.50084941474245e-05
6651,0.0,0.0,0.0,0.0,2.50084941474245e-05
6652,0.00010001000100010001,0.00010001000100010001,1.1721094218843769e-06,0.00015001500150015003,7.96926926625366e-05
6653,0.0,0.0,0.0,0.0,2.50084941474245e-05
6654,0.0,0.00010001000100010001,0.0,0.0,2.50084941474245e-05
6655,0.0,0.0,0.0,0.0,2.50084941474245e-05
6656,0.0,0.00010001000100010001,0.0,0.0,2.50084941474245e-05
6657,0.0,0.0,0.0,0.0,2.50084941474245e-05
6658,0.00010001000100010001,0.00010001000100010001,0.0,0.00020002000200020003,0.00011920202608970515
6659,0.0,0.0,0.0,0.0,2.50084941474245e-05
6660,0.0,0.00010001000100010001,0.0,0.0,2.50084941474245e-05
6661,0.0,0.0,0.0,0.0,2.50084941474245e-05
6662,0.0,0.00010001000100010001,0.0,0.0,2.50084941474245e-05
6663,0.0,0.0,0.0,0.0,2.50084941474245e-05
6664,0.00010001000100010001,0.00010001000100010001,0.0,0.00016668333500016668,0.00010384368462141806
6665,0.0,0.0,0.0,0.0,2.50084941474245e-05
6666,0.0,0.00010001000100010001,0.0,0.0,2.50084941474245e-05
6667,0.0,0.0,0.0,0.0,2.50084941474245e-05
6668,0.0,0.00010001000100010001,0.0,0.0,2.50084941474245e-05
6669,0.0,0.0,0.0,0.0,2.50084941474245e-05
6670,0.00010001000100010001,0.00010001000100010001,0.0,0.00015001500150015003,7.96926926625366e-05
6671,0.0,0.0,0.0,0.0,2.50084941474245e-05
6672,0.0,0.00010001000100010001,0.0,0.0,2.50084941474245e-05
6673,0.0,0.0,0.0,0.0,2.50084941474245e-05
6674,0.0,0.00010001000100010001,0.0,0.0,2.50084941474245e-05
6675,0.0,0.0,0.0,0.0,2.50084941474245e-05
6676,0.00010001000100010001,0.00010001000100010001,2.6763165133026605e-05,0.0002077130790002077,0.0001434656954806651
6677,0.0,0.0,0.0,0.0,2.50084941474245e-05
6678,0.0,0.00010001000100010001,0.0,0.0,2.50084941474245e-05
6679,0.0,0.0,0.0,0.0,2.50084941474245e-05
6680,0.0,0.00010001000100010001,0.0,0.0,2.50084941474245e-05
6681,0.0,0.0,0.0,0.0,2.50084941474245e-05
6682,0.00010001000100010001,0.00010001000100010001,0.0,0.00020644266261488534,0.00016132730654559203
6683,0.0,0.0,0.0,0.0,2.50084941474245e-05
6684,0.0,0.00010001000100010001,0.0,0.0,2.50084941474245e-05
6685,0.0,0.0,0.0,0.0,2.50084941474245e-05
6686,0.0,0.00010001000100010001,0.0,0.0,2.50084941474245e-05
6687,0.0,0.0,0.0,0.0,2.50084941474245e-05
6688,0.00010001000100010001,0.00010001000100010001,0.0,0.00015001500150015003,7.96926926625366e-05
6689,0.0,0.0,0.0,0.0,2.50084941474245e-05
6690,0.0,0.00010001000100010001,0.0,0.0,2.50084941474245e-05
6691,0.0,0.0,0.0,0.0,2.50084941474245e-05
6692,0.0,0.00010001000100010001,0.0,0.0,2.50084941474245e-05
6693,0.0,0.0,0.0,0.0,2.50084941474245e-05
6694,0.00010001000100010001,0.00010001000100010001,1.953515703140628e-07,0.00023927626407500561,0.00018285851733598388
6695,0.0,0.0,0.0,0.0,2.50084941474245e-05
6696,0.0,0.00010001000100010001,0.0,0.0,2.50084941474245e-05
6697,0.0,0.0,0.0,0.0,2.50084941474245e-05
6698,0.0,0.00010001000100010001,0.0,0.0,2.50084941474245e-05
6699,0.0,0.0,0.0,0.0,2.50084941474245e-05
6700,0.00010001000100010001,0.00010001000100010001,0.0,0.00016668333500016668,0.00010384368462141806
6701,0.0,0.0,0.0,0.0,2.50084941474245e-05
6702,0.0,0.00010001000100010001,0.0,0.0,2.50084941474245e-05
6703,0.0,0.0,0.0,0.0,2.50084941474245e-05
6704,0.0,0.00010001000100010001,0.0,0.0,2.50084941474245e-05
6705,0.0,0.0,0.0,0.0,2.50084941474245e-05
6706,0.00010001000100010001,0.00010001000100010001,0.0,0.00015001500150015003,7.96926926625366e-05
6707,0.0,0.0,0.0,0.0,2.50084941474245e-05
6708,0.0,0.00010001000100010001,0.0,0.0,2.50084941474245e-05
6709,0.0,0.0,0.0,0.0,2.50084941474245e-05
6710,0.0,0.00010001000100010001,0.0,0.0,2.50084941474245e-05
6711,0.0,0.0,0.0,0.0,2.50084941474245e-05
6712,0.00010001000100010001,0.00010001000100010001,0.0,0.00020002000200020003,0.00011920202608970515
6713,0.0,0.0,0.0,0.0,2.50084941474245e-05
6714,0.0,0.00010001000100010001,0.0,0.0,2.50084941474245e-05
6715,0.0,0.0,0.0,0.0,2.50084941474245e-05
6716,0.0,0.00010001000100010001,0.0,0.0,2.50084941474245e-05
6717,0.0,0.0,0.0,0.0,2.50084941474245e-05
6718,0.00010001000100010001,0.00010001000100010001,0.0,0.00016668333500016668,0.00010384368462141806
6719,0.0,0.0,0.0,0.0,2.50084941474245e-05
6720,0.0,0.00010001000100010001,0.0,0.0,2.50084941474245e-05
6721,0.0,0.0,0.0,0.0,2.50084941474245e-05
6722,0.0,0.00010001000100010001,0.0,0.0,2.50084941474245e-05
6723,0.0,0.0,0.0,0.0,2.50084941474245e-05
6724,0.00010001000100010001,0.00010001000100010001,8.595469093818763e-06,0.00015001500150015003,7.96926926625366e-05
6725,0.0,0.0,0.0,0.0,2.50084941474245e-05
6726,0.0,0.00010001000100010001,0.0,0.0,2.50084941474245e-05
6727,0.0,0.0,0.0,0.0,2.50084941474245e-05
6728,0.0,0.00010001000100010001,0.0,0.0,2.50084941474245e-05
6729,0.0,0.0,0.0,0.0,2.50084941474245e-05
6730,0.00010001000100010001,0.00010001000100010001,3.907031406281256e-07,0.0002079344625109993,0.0001715591579361955
6731,0.0,0.0,0.0,0.0,2.50084941474245e-05
6732,0.0,0.00010001000100010001,0.0,0.0,2.50084941474245e-05
6733,0.0,0.0,0.0,0.0,2.50084941474245e-05
6734,0.0,0.00010001000100010001,0.0,0.0,2.50084941474245e-05
6735,0.0,0.0,0.0,0.0,2.50084941474245e-05
6736,0.00010001000100010001,0.00010001000100010001,2.5786407281456292e-05,0.00017779555733351112,0.000128107354012378
6737,0.0,0.0,0.0,0.0,2.50084941474245e-05
6738,0.0,0.00010001000100010001,0.0,0.0,2.50084941474245e-05
6739,0.0,0.0,0.0,0.0,2.50084941474245e-05
6740,0.0,0.00010001000100010001,0.0,0.0,2.50084941474245e-05
6741,0.0,0.0,0.0,0.0,2.50084941474245e-05
6742,0.00010001000100010001,0.00010001000100010001,0.0,0.00015001500150015003,7.96926926625366e-05
6743,0.0,0.0,0.0,0.0,2.50084941474245e-05
6744,0.0,0.00010001000100010001,0.0,0.0,2.50084941474245e-05
6745,0.0,0.0,0.0,0.0,2.50084941474245e-05
6746,0.0,0.00010001000100010001,0.0,0.0,2.50084941474245e-05
6747,0.0,0.0,0.0,0.0,2.50084941474245e-05
6748,0.00010001000100010001,0.00010001000100010001,2.3442188437687538e-06,0.0002272954568184091,0.00015456209719150253
6749,0.0,0.0,0.0,0.0,2.50084941474245e-05
6750,0.0,0.00010001000100010001,0.0,0.0,2.50084941474245e-05
6751,0.0,0.0,0.0,0.0,2.50084941474245e-05
6752,0.0,0.00010001000100010001,0.0,0.0,2.50084941474245e-05
6753,0.0,0.0,0.0,0.0,2.50084941474245e-05
6754,0.00010001000100010001,0.00010001000100010001,0.0,0.00016668333500016668,0.00010384368462141806
6755,0.0,0.0,0.0,0.0,2.50084941474245e-05
6756,0.0,0.00010001000100010001,0.0,0.0,2.50084941474245e-05
6757,0.0,0.0,0.0,0.0,2.50084941474245e-05
6758,0.0,0.00010001000100010001,0.0,0.0,2.50084941474245e-05
6759,0.0,0.0,0.0,0.0,2.50084941474245e-05
6760,0.00010001000100010001,0.00010001000100010001,0.0,0.00015001500150015003,7.96926926625366e-05
6761,0.0,0.0,0.0,0.0,2.50084941474245e-05
6762,0.0,0.00010001000100010001,0.0,0.0,2.50084941474245e-05
6763,0.0,0.0,0.0,0.0,2.50084941474245e-05
6764,0.0,0.00010001000100010001,0.0,0.0,2.50084941474245e-05
6765,0.0,0.0,0.0,0.0,2.50084941474245e-05
6766,0.00010001000100010001,0.00010001000100010001,0.0,0.00020002000200020003,0.00011920202608970515
6767,0.0,0.0,0.0,0.0,2.50084941474245e-05
6768,0.0,0.00010001000100010001,0.0,0.0,2.50084941474245e-05
6769,0.0,0.0,0.0,0.0,2.50084941474245e-05
6770,0.0,0.00010001000100010001,0.0,0.0,2.50084941474245e-05
6771,0.0,0.0,0.0,0.0,2.50084941474245e-05
6772,0.00010001000100010001,0.00010001000100010001,7.032656531306261e-06,0.00016668333500016668,0.00010384368462141806
6773,0.0,0.0,0.0,0.0,2.50084941474245e-05
6774,0.0,0.00010001000100010001,0.0,0.0,2.50084941474245e-05
6775,0.0,0.0,0.0,0.0,2.50084941474245e-05
6776,0.0,0.00010001000100010001,0.0,0.0,2.50084941474245e-05
6777,0.0,0.0,0.0,0.0,2.50084941474245e-05
6778,0.00010001000100010001,0.00010001000100010001,0.0,0.00015001500150015003,7.96926926625366e-05
6779,0.0,0.0,0.0,0.0,2.50084941474245e-05
6780,0.0,0.00010001000100010001,0.0,0.0,2.50084941474245e-05
6781,0.0,0.0,0.0,0.0,2.50084941474245e-05
6782,0.0,0.00010001000100010001,0.0,0.0,2.50084941474245e-05
6783,0.0,0.0,0.0,0.0,2.50084941474245e-05
6784,0.00010001000100010001,0.00010001000100010001,0.0,0.00022061029632375,0.00017176211562514645
6785,0.0,0.0,0.0,0.0,2.50084941474245e-05
6786,0.0,0.00010001000100010001,0.0,0.0,2.50084941474245e-05
6787,0.0,0.0,0.0,0.0,2.50084941474245e-05
6788,0.0,0.00010001000100010001,0.0,0.0,2.50084941474245e-05
6789,0.0,0.0,0.0,0.0,2.50084941474245e-05
6790,0.00010001000100010001,0.00010001000100010001,0.0,0.0001939791294565698,0.00015922448079613892
6791,0.0,0.0,0.0,0.0,2.50084941474245e-05
6792,0.0,0.00010001000100010001,0.0,0.0,2.50084941474245e-05
6793,0.0,0.0,0.0,0.0,2.50084941474245e-05
6794,0.0,0.00010001000100010001,0.0,0.0,2.50084941474245e-05
6795,0.0,0.0,0.0,0.0,2.50084941474245e-05
6796,0.00010001000100010001,0.00010001000100010001,0.0,0.00015001500150015003,7.96926926625366e-05
6797,0.0,0.0,0.0,0.0,2.50084941474245e-05
6798,0.0,0.00010001000100010001,0.0,0.0,2.50084941474245e-05
6799,0.0,0.0,0.0,0.0,2.50084941474245e-05
6800,0.0,0.00010001000100010001,0.0,0.0,2.50084941474245e-05
6801,0.0,0.0,0.0,0.0,2.50084941474245e-05
6802,0.00010001000100010001,0.00010001000100010001,3.907031406281256e-07,0.00031290682716340304,0.0002296850534618948
6803,0.0,0.0,0.0,0.0,2.50084941474245e-05
6804,0.0,0.00010001000100010001,0.0,0.0,2.50084941474245e-05
6805,0.0,0.0,0.0,0.0,2.50084941474245e-05
6806,0.0,0.00010001000100010001,0.0,0.0,2.50084941474245e-05
6807,0.0,0.0,0.0,0.0,2.50084941474245e-05
6808,0.00010001000100010001,0.00010001000100010001,0.0,0.00016668333500016668,0.00010384368462141806
6809,0.0,0.0,0.0,0.0,2.50084941474245e-05
6810,0.0,0.00010001000100010001,0.0,0.0,2.50084941474245e-05
6811,0.0,0.0,0.0,0.0,2.50084941474245e-05
6812,0.0,0.00010001000100010001,0.0,0.0,2.50084941474245e-05
6813,0.0,0.0,0.0,0.0,2.50084941474245e-05
6814,0.00010001000100010001,0.00010001000100010001,0.0,0.00015001500150015003,7.96926926625366e-05
6815,0.0,0.0,0.0,0.0,2.50084941474245e-05
6816,0.0,0.00010001000100010001,0.0,0.0,2.50084941474245e-05
6817,0.0,0.0,0.0,0.0,2.50084941474245e-05
6818,0.0,0.00010001000100010001,0.0,0.0,2.50084941474245e-05
6819,0.0,0.0,0.0,0.0,2.50084941474245e-05
6820,0.00010001000100010001,0.00010001000100010001,0.0,0.00020002000200020003,0.00011920202608970515
6821,0.0,0.0,0.0,0.0,2.50084941474245e-05
6822,0.0,0.00010001000100010001,0.0,0.0,2.50084941474245e-05
6823,0.0,0.0,0.0,0.0,2.50084941474245e-05
6824,0.0,0.00010001000100010001,0.0,0.0,2.50084941474245e-05
6825,0.0,0.0,0.0,0.0,2.50084941474245e-05
6826,0.00010001000100010001,0.00010001000100010001,1.953515703140628e-07,0.00016668333500016668,0.00010384368462141806
6827,0.0,0.0,0.0,0.0,2.50084941474245e-05
6828,0.0,0.00010001000100010001,0.0,0.0,2.50084941474245e-05
6829,0.0,0.0,0.0,0.0,2.50084941474245e-05
6830,0.0,0.00010001000100010001,0.0,0.0,2.50084941474245e-05
6831,0.0,0.0,0.0,0.0,2.50084941474245e-05
6832,0.00010001000100010001,0.00010001000100010001,0.0,0.00015001500150015003,7.96926926625366e-05
6833,0.0,0.0,0.0,0.0,2.50084941474245e-05
6834,0.0,0.00010001000100010001,0.0,0.0,2.50084941474245e-05
6835,0.0,0.0,0.0,0.0,2.50084941474245e-05
6836,0.0,0.00010001000100010001,0.0,0.0,2.50084941474245e-05
6837,0.0,0.0,0.0,0.0,2.50084941474245e-05
6838,0.00010001000100010001,0.00010001000100010001,0.0,0.0002077130790002077,0.0001434656954806651
6839,0.0,0.0,0.0,0.0,2.50084941474245e-05
6840,0.0,0.00010001000100010001,0.0,0.0,2.50084941474245e-05
6841,0.0,0.0,0.0,0.0,2.50084941474245e-05
6842,0.0,0.00010001000100010001,0.0,0.0,2.50084941474245e-05
6843,0.0,0.0,0.0,0.0,2.50084941474245e-05
6844,0.00010001000100010001,0.00010001000100010001,2.3442188437687538e-06,0.00020169614726835811,0.00016593538177146763
6845,0.0,0.0,0.0,0.0,2.50084941474245e-05
6846,0.0,0.00010001000100010001,0.0,0.0,2.50084941474245e-05
6847,0.0,0.0,0.0,0.0,2.50084941474245e-05
6848,0.0,0.00010001000100010001,0.0,0.0,2.50084941474245e-05
6849,0.0,0.0,0.0,0.0,2.50084941474245e-05
6850,0.00010001000100010001,0.00010001000100010001,0.0,0.00015001500150015003,7.96926926625366e-05
6851,0.0,0.0,0.0,0.0,2.50084941474245e-05
6852,0.0,0.00010001000100010001,0.0,0.0,2.50084941474245e-05
6853,0.0,0.0,0.0,0.0,2.50084941474245e-05
6854,0.0,0.00010001000100010001,0.0,0.0,2.50084941474245e-05
6855,0.0,0.0,0.0,0.0,2.50084941474245e-05
6856,0.00010001000100010001,0.00010001000100010001,6.055898679735947e-06,0.00023805197421150566,0.00017209259832647115
6857,0.0,0.0,0.0,0.0,2.50084941474245e-05
6858,0.0,0.00010001000100010001,0.0,0.0,2.50084941474245e-05
6859,0.0,0.0,0.0,0.0,2.50084941474245e-05
6860,0.0,0.00010001000100010001,0.0,0.0,2.50084941474245e-05
6861,0.0,0.0,0.0,0.0,2.50084941474245e-05
6862,0.00010001000100010001,0.00010001000100010001,1.953515703140628e-07,0.00016668333500016668,0.00010384368462141806
6863,0.0,0.0,0.0,0.0,2.50084941474245e-05
6864,0.0,0.00010001000100010001,0.0,0.0,2.50084941474245e-05
6865,0.0,0.0,0.0,0.0,2.50084941474245e-05
6866,0.0,0.00010001000100010001,0.0,0.0,2.50084941474245e-05
6867,0.0,0.0,0.0,0.0,2.50084941474245e-05
6868,0.00010001000100010001,0.00010001000100010001,0.0,0.00015001500150015003,7.96926926625366e-05
6869,0.0,0.0,0.0,0.0,2.50084941474245e-05
6870,0.0,0.00010001000100010001,0.0,0.0,2.50084941474245e-05
6871,0.0,0.0,0.0,0.0,2.50084941474245e-05
6872,0.0,0.00010001000100010001,0.0,0.0,2.50084941474245e-05
6873,0.0,0.0,0.0,0.0,2.50084941474245e-05
6874,0.00010001000100010001,0.00010001000100010001,1.953515703140628e-07,0.00020002000200020003,0.00011920202608970515
6875,0.0,0.0,0.0,0.0,2.50084941474245e-05
6876,0.0,0.00010001000100010001,0.0,0.0,2.50084941474245e-05
6877,0.0,0.0,0.0,0.0,2.50084941474245e-05
6878,0.0,0.00010001000100010001,0.0,0.0,2.50084941474245e-05
6879,0.0,0.0,0.0,0.0,2.50084941474245e-05
6880,0.00010001000100010001,0.00010001000100010001,4.141453290658132e-05,0.00016668333500016668,0.00010384368462141806
6881,0.0,0.0,0.0,0.0,2.50084941474245e-05
6882,0.0,0.00010001000100010001,0.0,0.0,2.50084941474245e-05
6883,0.0,0.0,0.0,0.0,2.50084941474245e-05
6884,0.0,0.00010001000100010001,0.0,0.0,2.50084941474245e-05
6885,0.0,0.0,0.0,0.0,2.50084941474245e-05
6886,0.00010001000100010001,0.00010001000100010001,0.0,0.00015001500150015003,7.96926926625366e-05
6887,0.0,0.0,0.0,0.0,2.50084941474245e-05
6888,0.0,0.00010001000100010001,0.0,0.0,2.50084941474245e-05
6889,0.0,0.0,0.0,0.0,2.50084941474245e-05
6890,0.0,0.00010001000100010001,0.0,0.0,2.50084941474245e-05
6891,0.0,0.0,0.0,0.0,2.50084941474245e-05
6892,0.00010001000100010001,0.00010001000100010001,1.113503950790158e-05,0.00020864155381055346,0.00015418161891496564
6893,0.0,0.0,0.0,0.0,2.50084941474245e-05
6894,0.0,0.00010001000100010001,0.0,0.0,2.50084941474245e-05
6895,0.0,0.0,0.0,0.0,2.50084941474245e-05
6896,0.0,0.00010001000100010001,0.0,0.0,2.50084941474245e-05
6897,0.0,0.0,0.0,0.0,2.50084941474245e-05
6898,0.00010001000100010001,0.00010001000100010001,0.0,0.00017779555733351112,0.000128107354012378
6899,0.0,0.0,0.0,0.0,2.50084941474245e-05
6900,0.0,0.00010001000100010001,0.0,0.0,2.50084941474245e-05
6901,0.0,0.0,0.0,0.0,2.50084941474245e-05
6902,0.0,0.00010001000100010001,0.0,0.0,2.50084941474245e-05
6903,0.0,0.0,0.0,0.0,2.50084941474245e-05
6904,0.00010001000100010001,0.00010001000100010001,0.0,0.00015001500150015003,7.96926926625366e-05
6905,0.0,0.0,0.0,0.0,2.50084941474245e-05
6906,0.0,0.00010001000100010001,0.0,0.0,2.50084941474245e-05
6907,0.0,0.0,0.0,0.0,2.50084941474245e-05
6908,0.0,0.00010001000100010001,0.0,0.0,2.50084941474245e-05
6909,0.0,0.0,0.0,0.0,2.50084941474245e-05
6910,0.00010001000100010001,0.00010001000100010001,0.0,0.0002272954568184091,0.00015456209719150253
6911,0.0,0.0,0.0,0.0,2.50084941474245e-05
6912,0.0,0.00010001000100010001,0.0,0.0,2.50084941474245e-05
6913,0.0,0.0,0.0,0.0,2.50084941474245e-05
6914,0.0,0.00010001000100010001,0.0,0.0,2.50084941474245e-05
6915,0.0,0.0,0.0,0.0,2.50084941474245e-05
6916,0.00010001000100010001,0.00010001000100010001,0.0,0.00016668333500016668,0.00010384368462141806
6917,0.0,0.0,0.0,0.0,2.50084941474245e-05
6918,0.0,0.00010001000100010001,0.0,0.0,2.50084941474245e-05
6919,0.0,0.0,0.0,0.0,2.50084941474245e-05
6920,0.0,0.00010001000100010001,0.0,0.0,2.50084941474245e-05
6921,0.0,0.0,0.0,0.0,2.50084941474245e-05
6922,0.00010001000100010001,0.00010001000100010001,0.0,0.00015001500150015003,7.96926926625366e-05
6923,0.0,0.0,0.0,0.0,2.50084941474245e-05
6924,0.0,0.00010001000100010001,0.0,0.0,2.50084941474245e-05
6925,0.0,0.0,0.0,0.0,2.50084941474245e-05
6926,0.0,0.00010001000100010001,0.0,0.0,2.50084941474245e-05
6927,0.0,0.0,0.0,0.0,2.50084941474245e-05
6928,0.00010001000100010001,0.00010001000100010001,0.0,0.00020002000200020003,0.00011920202608970515
6929,0.0,0.0,0.0,0.0,2.50084941474245e-05
6930,0.0,0.00010001000100010001,0.0,0.0,2.50084941474245e-05
6931,0.0,0.0,0.0,0.0,2.50084941474245e-05
6932,0.0,0.00010001000100010001,0.0,0.0,2.50084941474245e-05
6933,0.0,0.0,0.0,0.0,2.50084941474245e-05
6934,0.00010001000100010001,0.00010001000100010001,0.0,0.00016668333500016668,0.00010384368462141806
6935,0.0,0.0,0.0,0.0,2.50084941474245e-05
6936,0.0,0.00010001000100010001,0.0,0.0,2.50084941474245e-05
6937,0.0,0.0,0.0,0.0,2.50084941474245e-05
6938,0.0,0.00010001000100010001,0.0,0.0,2.50084941474245e-05
6939,0.0,0.0,0.0,0.0,2.50084941474245e-05
6940,0.00010001000100010001,0.00010001000100010001,1.1721094218843769e-06,0.00015001500150015003,7.96926926625366e-05
6941,0.0,0.0,0.0,0.0,2.50084941474245e-05
6942,0.0,0.00010001000100010001,0.0,0.0,2.50084941474245e-05
6943,0.0,0.0,0.0,0.0,2.50084941474245e-05
6944,0.0,0.00010001000100010001,0.0,0.0,2.50084941474245e-05
6945,0.0,0.0,0.0,0.0,2.50084941474245e-05
6946,0.00010001000100010001,0.00010001000100010001,0.0,0.00021820363854567278,0.00016099619661563371
6947,0.0,0.0,0.0,0.0,2.50084941474245e-05
6948,0.0,0.00010001000100010001,0.0,0.0,2.50084941474245e-05
6949,0.0,0.0,0.0,0.0,2.50084941474245e-05
6950,0.0,0.00010001000100010001,0.0,0.0,2.50084941474245e-05
6951,0.0,0.0,0.0,0.0,2.50084941474245e-05
6952,0.00010001000100010001,0.00010001000100010001,0.0,0.0001818363654547273,0.00013882327744667856
6953,0.0,0.0,0.0,0.0,2.50084941474245e-05
6954,0.0,0.00010001000100010001,0.0,0.0,2.50084941474245e-05
6955,0.0,0.0,0.0,0.0,2.50084941474245e-05
6956,0.0,0.00010001000100010001,0.0,0.0,2.50084941474245e-05
6957,0.0,0.0,0.0,0.0,2.50084941474245e-05
6958,0.00010001000100010001,0.00010001000100010001,0.0,0.00015001500150015003,7.96926926625366e-05
6959,0.0,0.0,0.0,0.0,2.50084941474245e-05
6960,0.0,0.00010001000100010001,0.0,0.0,2.50084941474245e-05
6961,0.0,0.0,0.0,0.0,2.50084941474245e-05
6962,0.0,0.00010001000100010001,0.0,0.0,2.50084941474245e-05
6963,0.0,0.0,0.0,0.0,2.50084941474245e-05
6964,0.00010001000100010001,0.00010001000100010001,6.055898679735947e-06,0.0002639439201652124,0.00019082567199685174
6965,0.0,0.0,0.0,0.0,2.50084941474245e-05
6966,0.0,0.00010001000100010001,0.0,0.0,2.50084941474245e-05
6967,0.0,0.0,0.0,0.0,2.50084941474245e-05
6968,0.0,0.00010001000100010001,0.0,0.0,2.50084941474245e-05
6969,0.0,0.0,0.0,0.0,2.50084941474245e-05
6970,0.00010001000100010001,0.00010001000100010001,0.0,0.00016668333500016668,0.00010384368462141806
6971,0.0,0.0,0.0,0.0,2.50084941474245e-05
6972,0.0,0.00010001000100010001,0.0,0.0,2.50084941474245e-05
6973,0.0,0.0,0.0,0.0,2.50084941474245e-05
6974,0.0,0.00010001000100010001,0.0,0.0,2.50084941474245e-05
6975,0.0,0.0,0.0,0.0,2.50084941474245e-05
6976,0.00010001000100010001,0.00010001000100010001,2.3246836867373475e-05,0.00015001500150015003,7.96926926625366e-05
6977,0.0,0.0,0.0,0.0,2.50084941474245e-05
6978,0.0,0.00010001000100010001,0.0,0.0,2.50084941474245e-05
6979,0.0,0.0,0.0,0.0,2.50084941474245e-05
6980,0.0,0.00010001000100010001,0.0,0.0,2.50084941474245e-05
6981,0.0,0.0,0.0,0.0,2.50084941474245e-05
6982,0.00010001000100010001,0.00010001000100010001,0.0,0.00020002000200020003,0.00011920202608970515
6983,0.0,0.0,0.0,0.0,2.50084941474245e-05
6984,0.0,0.00010001000100010001,0.0,0.0,2.50084941474245e-05
6985,0.0,0.0,0.0,0.0,2.50084941474245e-05
6986,0.0,0.00010001000100010001,0.0,0.0,2.50084941474245e-05
6987,0.0,0.0,0.0,0.0,2.50084941474245e-05
6988,0.00010001000100010001,0.00010001000100010001,2.930273554710942e-05,0.00016668333500016668,0.00010384368462141806
6989,0.0,0.0,0.0,0.0,2.50084941474245e-05
6990,0.0,0.00010001000100010001,0.0,0.0,2.50084941474245e-05
6991,0.0,0.0,0.0,0.0,2.50084941474245e-05
6992,0.0,0.00010001000100010001,0.0,0.0,2.50084941474245e-05
6993,0.0,0.0,0.0,0.0,2.50084941474245e-05
6994,0.00010001000100010001,0.00010001000100010001,0.0,0.00015001500150015003,7.96926926625366e-05
6995,0.0,0.0,0.0,0.0,2.50084941474245e-05
6996,0.0,0.00010001000100010001,0.0,0.0,2.50084941474245e-05
6997,0.0,0.0,0.0,0.0,2.50084941474245e-05
6998,0.0,0.00010001000100010001,0.0,0.0,2.50084941474245e-05
6999,0.0,0.0,0.0,0.0,2.50084941474245e-05
7000,0.00010001000100010001,0.00010001000100010001,0.0,0.0002077130790002077,0.0001434656954806651
7001,0.0,0.0,0.0,0.0,2.50084941474245e-05
7002,0.0,0.00010001000100010001,0.0,0.0,2.50084941474245e-05
7003,0.0,0.0,0.0,0.0,2.50084941474245e-05
7004,0.0,0.00010001000100010001,0.0,0.0,2.50084941474245e-05
7005,0.0,0.0,0.0,0.0,2.50084941474245e-05
7006,0.00010001000100010001,0.00010001000100010001,3.907031406281256e-07,0.0001920827003335254,0.00014563785514734663
7007,0.0,0.0,0.0,0.0,2.50084941474245e-05
7008,0.0,0.00010001000100010001,0.0,0.0,2.50084941474245e-05
7009,0.0,0.0,0.0,0.0,2.50084941474245e-05
7010,0.0,0.00010001000100010001,0.0,0.0,2.50084941474245e-05
7011,0.0,0.0,0.0,0.0,2.50084941474245e-05
7012,0.00010001000100010001,0.00010001000100010001,0.0,0.00015001500150015003,7.96926926625366e-05
7013,0.0,0.0,0.0,0.0,2.50084941474245e-05
7014,0.0,0.00010001000100010001,0.0,0.0,2.50084941474245e-05
7015,0.0,0.0,0.0,0.0,2.50084941474245e-05
7016,0.0,0.00010001000100010001,0.0,0.0,2.50084941474245e-05
7017,0.0,0.0,0.0,0.0,2.50084941474245e-05
7018,0.00010001000100010001,0.00010001000100010001,0.0,0.0002752568834865138,0.0002134398047535624
7019,0.0,0.0,0.0,0.0,2.50084941474245e-05
7020,0.0,0.00010001000100010001,0.0,0.0,2.50084941474245e-05
7021,0.0,0.0,0.0,0.0,2.50084941474245e-05
7022,0.0,0.00010001000100010001,0.0,0.0,2.50084941474245e-05
7023,0.0,0.0,0.0,0.0,2.50084941474245e-05
7024,0.00010001000100010001,0.00010001000100010001,0.0,0.00016668333500016668,0.00010384368462141806
7025,0.0,0.0,0.0,0.0,2.50084941474245e-05
7026,0.0,0.00010001000100010001,0.0,0.0,2.50084941474245e-05
7027,0.0,0.0,0.0,0.0,2.50084941474245e-05
7028,0.0,0.00010001000100010001,0.0,0.0,2.50084941474245e-05
7029,0.0,0.0,0.0,0.0,2.50084941474245e-05
7030,0.00010001000100010001,0.00010001000100010001,0.0,0.00015001500150015003,7.96926926625366e-05
7031,0.0,0.0,0.0,0.0,2.50084941474245e-05
7032,0.0,0.00010001000100010001,0.0,0.0,2.50084941474245e-05
7033,0.0,0.0,0.0,0.0,2.50084941474245e-05
7034,0.0,0.00010001000100010001,0.0,0.0,2.50084941474245e-05
7035,0.0,0.0,0.0,0.0,2.50084941474245e-05
7036,0.00010001000100010001,0.00010001000100010001,0.0,0.00020002000200020003,0.00011920202608970515
7037,0.0,0.0,0.0,0.0,2.50084941474245e-05
7038,0.0,0.00010001000100010001,0.0,0.0,2.50084941474245e-05
7039,0.0,0.0,0.0,0.0,2.50084941474245e-05
7040,0.0,0.00010001000100010001,0.0,0.0,2.50084941474245e-05
7041,0.0,0.0,0.0,0.0,2.50084941474245e-05
7042,0.00010001000100010001,0.00010001000100010001,0.0,0.00016668333500016668,0.00010384368462141806
7043,0.0,0.0,0.0,0.0,2.50084941474245e-05
7044,0.0,0.00010001000100010001,0.0,0.0,2.50084941474245e-05
7045,0.0,0.0,0.0,0.0,2.50084941474245e-05
7046,0.0,0.00010001000100010001,0.0,0.0,2.50084941474245e-05
7047,0.0,0.0,0.0,0.0,2.50084941474245e-05
7048,0.00010001000100010001,0.00010001000100010001,0.0,0.00015001500150015003,7.96926926625366e-05
7049,0.0,0.0,0.0,0.0,2.50084941474245e-05
7050,0.0,0.00010001000100010001,0.0,0.0,2.50084941474245e-05
7051,0.0,0.0,0.0,0.0,2.50084941474245e-05
7052,0.0,0.00010001000100010001,0.0,0.0,2.50084941474245e-05
7053,0.0,0.0,0.0,0.0,2.50084941474245e-05
7054,0.00010001000100010001,0.00010001000100010001,0.0,0.00020864155381055346,0.00015418161891496564
7055,0.0,0.0,0.0,0.0,2.50084941474245e-05
7056,0.0,0.00010001000100010001,0.0,0.0,2.50084941474245e-05
7057,0.0,0.0,0.0,0.0,2.50084941474245e-05
7058,0.0,0.00010001000100010001,0.0,0.0,2.50084941474245e-05
7059,0.0,0.0,0.0,0.0,2.50084941474245e-05
7060,0.00010001000100010001,0.00010001000100010001,6.055898679735947e-06,0.00017779555733351112,0.000128107354012378
7061,0.0,0.0,0.0,0.0,2.50084941474245e-05
7062,0.0,0.00010001000100010001,0.0,0.0,2.50084941474245e-05
7063,0.0,0.0,0.0,0.0,2.50084941474245e-05
7064,0.0,0.00010001000100010001,0.0,0.0,2.50084941474245e-05
7065,0.0,0.0,0.0,0.0,2.50084941474245e-05
7066,0.00010001000100010001,0.00010001000100010001,0.0,0.00015001500150015003,7.96926926625366e-05
7067,0.0,0.0,0.0,0.0,2.50084941474245e-05
7068,0.0,0.00010001000100010001,0.0,0.0,2.50084941474245e-05
7069,0.0,0.0,0.0,0.0,2.50084941474245e-05
7070,0.0,0.00010001000100010001,0.0,0.0,2.50084941474245e-05
7071,0.0,0.0,0.0,0.0,2.50084941474245e-05
7072,0.00010001000100010001,0.00010001000100010001,0.0,0.0002272954568184091,0.00015456209719150253
7073,0.0,0.0,0.0,0.0,2.50084941474245e-05
7074,0.0,0.00010001000100010001,0.0,0.0,2.50084941474245e-05
7075,0.0,0.0,0.0,0.0,2.50084941474245e-05
7076,0.0,0.00010001000100010001,0.0,0.0,2.50084941474245e-05
7077,0.0,0.0,0.0,0.0,2.50084941474245e-05
7078,0.00010001000100010001,0.00010001000100010001,1.953515703140628e-07,0.00016668333500016668,0.00010384368462141806
7079,0.0,0.0,0.0,0.0,2.50084941474245e-05
7080,0.0,0.00010001000100010001,0.0,0.0,2.50084941474245e-05
7081,0.0,0.0,0.0,0.0,2.50084941474245e-05
7082,0.0,0.00010001000100010001,0.0,0.0,2.50084941474245e-05
7083,0.0,0.0,0.0,0.0,2.50084941474245e-05
7084,0.00010001000100010001,0.00010001000100010001,0.0,0.00015001500150015003,7.96926926625366e-05
7085,0.0,0.0,0.0,0.0,2.50084941474245e-05
7086,0.0,0.00010001000100010001,0.0,0.0,2.50084941474245e-05
7087,0.0,0.0,0.0,0.0,2.50084941474245e-05
7088,0.0,0.00010001000100010001,0.0,0.0,2.50084941474245e-05
7089,0.0,0.0,0.0,0.0,2.50084941474245e-05
7090,0.00010001000100010001,0.00010001000100010001,0.0,0.00020002000200020003,0.00011920202608970515
7091,0.0,0.0,0.0,0.0,2.50084941474245e-05
7092,0.0,0.00010001000100010001,0.0,0.0,2.50084941474245e-05
7093,0.0,0.0,0.0,0.0,2.50084941474245e-05
7094,0.0,0.00010001000100010001,0.0,0.0,2.50084941474245e-05
7095,0.0,0.0,0.0,0.0,2.50084941474245e-05
7096,0.00010001000100010001,0.00010001000100010001,0.0,0.00016668333500016668,0.00010384368462141806
7097,0.0,0.0,0.0,0.0,2.50084941474245e-05
7098,0.0,0.00010001000100010001,0.0,0.0,2.50084941474245e-05
7099,0.0,0.0,0.0,0.0,2.50084941474245e-05
7100,0.0,0.00010001000100010001,0.0,0.0,2.50084941474245e-05
7101,0.0,0.0,0.0,0.0,2.50084941474245e-05
7102,0.00010001000100010001,0.00010001000100010001,0.0,0.00015001500150015003,7.96926926625366e-05
7103,0.0,0.0,0.0,0.0,2.50084941474245e-05
7104,0.0,0.00010001000100010001,0.0,0.0,2.50084941474245e-05
7105,0.0,0.0,0.0,0.0,2.50084941474245e-05
7106,0.0,0.00010001000100010001,0.0,0.0,2.50084941474245e-05
7107,0.0,0.0,0.0,0.0,2.50084941474245e-05
7108,0.00010001000100010001,0.00010001000100010001,0.00016272785807161432,0.0004915771456116868,0.0002449785672750158
7109,0.0,0.0,0.0,0.0,2.50084941474245e-05
7110,0.0,0.00010001000100010001,0.0,0.0,2.50084941474245e-05
7111,0.0,0.0,0.0,0.0,2.50084941474245e-05
7112,0.0,0.00010001000100010001,0.0,0.0,2.50084941474245e-05
7113,0.0,0.0,0.0,0.0,2.50084941474245e-05
7114,0.00010001000100010001,0.00010001000100010001,0.0,0.0001818363654547273,0.00013882327744667856
7115,0.0,0.0,0.0,0.0,2.50084941474245e-05
7116,0.0,0.00010001000100010001,0.0,0.0,2.50084941474245e-05
7117,0.0,0.0,0.0,0.0,2.50084941474245e-05
7118,0.0,0.00010001000100010001,0.0,0.0,2.50084941474245e-05
7119,0.0,0.0,0.0,0.0,2.50084941474245e-05
7120,0.00010001000100010001,0.00010001000100010001,0.0,0.00015001500150015003,7.96926926625366e-05
7121,0.0,0.0,0.0,0.0,2.50084941474245e-05
7122,0.0,0.00010001000100010001,0.0,0.0,2.50084941474245e-05
7123,0.0,0.0,0.0,0.0,2.50084941474245e-05
7124,0.0,0.00010001000100010001,0.0,0.0,2.50084941474245e-05
7125,0.0,0.0,0.0,0.0,2.50084941474245e-05
7126,0.00010001000100010001,0.00010001000100010001,0.0,0.00031253125312531255,0.00023169322220302317
7127,0.0,0.0,0.0,0.0,2.50084941474245e-05
7128,0.0,0.00010001000100010001,0.0,0.0,2.50084941474245e-05
7129,0.0,0.0,0.0,0.0,2.50084941474245e-05
7130,0.0,0.00010001000100010001,0.0,0.0,2.50084941474245e-05
7131,0.0,0.0,0.0,0.0,2.50084941474245e-05
7132,0.00010001000100010001,0.00010001000100010001,0.0,0.00016668333500016668,0.00010384368462141806
7133,0.0,0.0,0.0,0.0,2.50084941474245e-05
7134,0.0,0.00010001000100010001,0.0,0.0,2.50084941474245e-05
7135,0.0,0.0,0.0,0.0,2.50084941474245e-05
7136,0.0,0.00010001000100010001,0.0,0.0,2.50084941474245e-05
7137,0.0,0.0,0.0,0.0,2.50084941474245e-05
7138,0.00010001000100010001,0.00010001000100010001,0.0,0.00015001500150015003,7.96926926625366e-05
7139,0.0,0.0,0.0,0.0,2.50084941474245e-05
7140,0.0,0.00010001000100010001,0.0,0.0,2.50084941474245e-05
7141,0.0,0.0,0.0,0.0,2.50084941474245e-05
7142,0.0,0.00010001000100010001,0.0,0.0,2.50084941474245e-05
7143,0.0,0.0,0.0,0.0,2.50084941474245e-05
7144,0.00010001000100010001,0.00010001000100010001,1.465136777355471e-05,0.00020002000200020003,0.00011920202608970515
7145,0.0,0.0,0.0,0.0,2.50084941474245e-05
7146,0.0,0.00010001000100010001,0.0,0.0,2.50084941474245e-05
7147,0.0,0.0,0.0,0.0,2.50084941474245e-05
7148,0.0,0.00010001000100010001,0.0,0.0,2.50084941474245e-05
7149,0.0,0.0,0.0,0.0,2.50084941474245e-05
7150,0.00010001000100010001,0.00010001000100010001,0.0,0.00016668333500016668,0.00010384368462141806
7151,0.0,0.0,0.0,0.0,2.50084941474245e-05
7152,0.0,0.00010001000100010001,0.0,0.0,2.50084941474245e-05
7153,0.0,0.0,0.0,0.0,2.50084941474245e-05
7154,0.0,0.00010001000100010001,0.0,0.0,2.50084941474245e-05
7155,0.0,0.0,0.0,0.0,2.50084941474245e-05
7156,0.00010001000100010001,0.00010001000100010001,2.7349219843968794e-06,0.00015001500150015003,7.96926926625366e-05
7157,0.0,0.0,0.0,0.0,2.50084941474245e-05
7158,0.0,0.00010001000100010001,0.0,0.0,2.50084941474245e-05
7159,0.0,0.0,0.0,0.0,2.50084941474245e-05
7160,0.0,0.00010001000100010001,0.0,0.0,2.50084941474245e-05
7161,0.0,0.0,0.0,0.0,2.50084941474245e-05
7162,0.00010001000100010001,0.00010001000100010001,1.953515703140628e-07,0.0002077130790002077,0.0001434656954806651
7163,0.0,0.0,0.0,0.0,2.50084941474245e-05
7164,0.0,0.00010001000100010001,0.0,0.0,2.50084941474245e-05
7165,0.0,0.0,0.0,0.0,2.50084941474245e-05
7166,0.0,0.00010001000100010001,0.0,0.0,2.50084941474245e-05
7167,0.0,0.0,0.0,0.0,2.50084941474245e-05
7168,0.00010001000100010001,0.00010001000100010001,2.0316563312662534e-05,0.0002145909955233934,0.00016910568302996507
7169,0.0,0.0,0.0,0.0,2.50084941474245e-05
7170,0.0,0.00010001000100010001,0.0,0.0,2.50084941474245e-05
7171,0.0,0.0,0.0,0.0,2.50084941474245e-05
7172,0.0,0.00010001000100010001,0.0,0.0,2.50084941474245e-05
7173,0.0,0.0,0.0,0.0,2.50084941474245e-05
7174,0.00010001000100010001,0.00010001000100010001,1.953515703140628e-07,0.00015001500150015003,7.96926926625366e-05
7175,0.0,0.0,0.0,0.0,2.50084941474245e-05
7176,0.0,0.00010001000100010001,0.0,0.0,2.50084941474245e-05
7177,0.0,0.0,0.0,0.0,2.50084941474245e-05
7178,0.0,0.00010001000100010001,0.0,0.0,2.50084941474245e-05
7179,0.0,0.0,0.0,0.0,2.50084941474245e-05
7180,0.00010001000100010001,0.00010001000100010001,2.7349219843968793e-05,0.00030204278289464167,0.00021666306594481918
7181,0.0,0.0,0.0,0.0,2.50084941474245e-05
7182,0.0,0.00010001000100010001,0.0,0.0,2.50084941474245e-05
7183,0.0,0.0,0.0,0.0,2.50084941474245e-05
7184,0.0,0.00010001000100010001,0.0,0.0,2.50084941474245e-05
7185,0.0,0.0,0.0,0.0,2.50084941474245e-05
7186,0.00010001000100010001,0.00010001000100010001,0.0,0.00016668333500016668,0.00010384368462141806
7187,0.0,0.0,0.0,0.0,2.50084941474245e-05
7188,0.0,0.00010001000100010001,0.0,0.0,2.50084941474245e-05
7189,0.0,0.0,0.0,0.0,2.50084941474245e-05
7190,0.0,0.00010001000100010001,0.0,0.0,2.50084941474245e-05
7191,0.0,0.0,0.0,0.0,2.50084941474245e-05
7192,0.00010001000100010001,0.00010001000100010001,0.0,0.00015001500150015003,7.96926926625366e-05
7193,0.0,0.0,0.0,0.0,2.50084941474245e-05
7194,0.0,0.00010001000100010001,0.0,0.0,2.50084941474245e-05
7195,0.0,0.0,0.0,0.0,2.50084941474245e-05
7196,0.0,0.00010001000100010001,0.0,0.0,2.50084941474245e-05
7197,0.0,0.0,0.0,0.0,2.50084941474245e-05
7198,0.00010001000100010001,0.00010001000100010001,0.0,0.00020002000200020003,0.00011920202608970515
7199,0.0,0.0,0.0,0.0,2.50084941474245e-05
7200,0.0,0.00010001000100010001,0.0,0.0,2.50084941474245e-05
7201,0.0,0.0,0.0,0.0,2.50084941474245e-05
7202,0.0,0.00010001000100010001,0.0,0.0,2.50084941474245e-05
7203,0.0,0.0,0.0,0.0,2.50084941474245e-05
7204,0.00010001000100010001,0.00010001000100010001,3.7116798359671932e-06,0.00016668333500016668,0.00010384368462141806
7205,0.0,0.0,0.0,0.0,2.50084941474245e-05
7206,0.0,0.00010001000100010001,0.0,0.0,2.50084941474245e-05
7207,0.0,0.0,0.0,0.0,2.50084941474245e-05
7208,0.0,0.00010001000100010001,0.0,0.0,2.50084941474245e-05
7209,0.0,0.0,0.0,0.0,2.50084941474245e-05
7210,0.00010001000100010001,0.00010001000100010001,0.0,0.00015001500150015003,7.96926926625366e-05
7211,0.0,0.0,0.0,0.0,2.50084941474245e-05
7212,0.0,0.00010001000100010001,0.0,0.0,2.50084941474245e-05
7213,0.0,0.0,0.0,0.0,2.50084941474245e-05
7214,0.0,0.00010001000100010001,0.0,0.0,2.50084941474245e-05
7215,0.0,0.0,0.0,0.0,2.50084941474245e-05
7216,0.00010001000100010001,0.00010001000100010001,1.113503950790158e-05,0.00020853149144701703,0.00016494753792447838
7217,0.0,0.0,0.0,0.0,2.50084941474245e-05
7218,0.0,0.00010001000100010001,0.0,0.0,2.50084941474245e-05
7219,0.0,0.0,0.0,0.0,2.50084941474245e-05
7220,0.0,0.00010001000100010001,0.0,0.0,2.50084941474245e-05
7221,0.0,0.0,0.0,0.0,2.50084941474245e-05
7222,0.00010001000100010001,0.00010001000100010001,0.0,0.00017779555733351112,0.000128107354012378
7223,0.0,0.0,0.0,0.0,2.50084941474245e-05
7224,0.0,0.00010001000100010001,0.0,0.0,2.50084941474245e-05
7225,0.0,0.0,0.0,0.0,2.50084941474245e-05
7226,0.0,0.00010001000100010001,0.0,0.0,2.50084941474245e-05
7227,0.0,0.0,0.0,0.0,2.50084941474245e-05
7228,0.00010001000100010001,0.00010001000100010001,0.0,0.00015001500150015003,7.96926926625366e-05
7229,0.0,0.0,0.0,0.0,2.50084941474245e-05
7230,0.0,0.00010001000100010001,0.0,0.0,2.50084941474245e-05
7231,0.0,0.0,0.0,0.0,2.50084941474245e-05
7232,0.0,0.00010001000100010001,0.0,0.0,2.50084941474245e-05
7233,0.0,0.0,0.0,0.0,2.50084941474245e-05
7234,0.00010001000100010001,0.00010001000100010001,1.953515703140628e-07,0.0002272954568184091,0.00015456209719150253
7235,0.0,0.0,0.0,0.0,2.50084941474245e-05
7236,0.0,0.00010001000100010001,0.0,0.0,2.50084941474245e-05
7237,0.0,0.0,0.0,0.0,2.50084941474245e-05
7238,0.0,0.00010001000100010001,0.0,0.0,2.50084941474245e-05
7239,0.0,0.0,0.0,0.0,2.50084941474245e-05
7240,0.00010001000100010001,0.00010001000100010001,0.0,0.00016668333500016668,0.00010384368462141806
7241,0.0,0.0,0.0,0.0,2.50084941474245e-05
7242,0.0,0.00010001000100010001,0.0,0.0,2.50084941474245e-05
7243,0.0,0.0,0.0,0.0,2.50084941474245e-05
7244,0.0,0.00010001000100010001,0.0,0.0,2.50084941474245e-05
7245,0.0,0.0,0.0,0.0,2.50084941474245e-05
7246,0.00010001000100010001,0.00010001000100010001,0.0,0.00015001500150015003,7.96926926625366e-05
7247,0.0,0.0,0.0,0.0,2.50084941474245e-05
7248,0.0,0.00010001000100010001,0.0,0.0,2.50084941474245e-05
7249,0.0,0.0,0.0,0.0,2.50084941474245e-05
7250,0.0,0.00010001000100010001,0.0,0.0,2.50084941474245e-05
7251,0.0,0.0,0.0,0.0,2.50084941474245e-05
7252,0.00010001000100010001,0.00010001000100010001,0.0,0.00020002000200020003,0.00011920202608970515
7253,0.0,0.0,0.0,0.0,2.50084941474245e-05
7254,0.0,0.00010001000100010001,0.0,0.0,2.50084941474245e-05
7255,0.0,0.0,0.0,0.0,2.50084941474245e-05
7256,0.0,0.00010001000100010001,0.0,0.0,2.50084941474245e-05
7257,0.0,0.0,0.0,0.0,2.50084941474245e-05
7258,0.00010001000100010001,0.00010001000100010001,0.0,0.00016668333500016668,0.00010384368462141806
7259,0.0,0.0,0.0,0.0,2.50084941474245e-05
7260,0.0,0.00010001000100010001,0.0,0.0,2.50084941474245e-05
7261,0.0,0.0,0.0,0.0,2.50084941474245e-05
7262,0.0,0.00010001000100010001,0.0,0.0,2.50084941474245e-05
7263,0.0,0.0,0.0,0.0,2.50084941474245e-05
7264,0.00010001000100010001,0.00010001000100010001,0.0,0.00015001500150015003,7.96926926625366e-05
7265,0.0,0.0,0.0,0.0,2.50084941474245e-05
7266,0.0,0.00010001000100010001,0.0,0.0,2.50084941474245e-05
7267,0.0,0.0,0.0,0.0,2.50084941474245e-05
7268,0.0,0.00010001000100010001,0.0,0.0,2.50084941474245e-05
7269,0.0,0.0,0.0,0.0,2.50084941474245e-05
7270,0.00010001000100010001,0.00010001000100010001,3.907031406281256e-07,0.000225022502250225,0.00017954049210951945
7271,0.0,0.0,0.0,0.0,2.50084941474245e-05
7272,0.0,0.00010001000100010001,0.0,0.0,2.50084941474245e-05
7273,0.0,0.0,0.0,0.0,2.50084941474245e-05
7274,0.0,0.00010001000100010001,0.0,0.0,2.50084941474245e-05
7275,0.0,0.0,0.0,0.0,2.50084941474245e-05
7276,0.00010001000100010001,0.00010001000100010001,0.0,0.0001875187518751875,0.0001543439086123338
7277,0.0,0.0,0.0,0.0,2.50084941474245e-05
7278,0.0,0.00010001000100010001,0.0,0.0,2.50084941474245e-05
7279,0.0,0.0,0.0,0.0,2.50084941474245e-05
7280,0.0,0.00010001000100010001,0.0,0.0,2.50084941474245e-05
7281,0.0,0.0,0.0,0.0,2.50084941474245e-05
7282,0.00010001000100010001,0.00010001000100010001,0.0,0.00015001500150015003,7.96926926625366e-05
7283,0.0,0.0,0.0,0.0,2.50084941474245e-05
7284,0.0,0.00010001000100010001,0.0,0.0,2.50084941474245e-05
7285,0.0,0.0,0.0,0.0,2.50084941474245e-05
7286,0.0,0.00010001000100010001,0.0,0.0,2.50084941474245e-05
7287,0.0,0.0,0.0,0.0,2.50084941474245e-05
7288,0.00010001000100010001,0.00010001000100010001,0.0008353921273491488,0.0023341562255773875,0.00033445167814962764
7289,0.0,0.0,0.0,0.0,2.50084941474245e-05
7290,0.0,0.00010001000100010001,0.0,0.0,2.50084941474245e-05
7291,0.0,0.0,0.0,0.0,2.50084941474245e-05
7292,0.0,0.00010001000100010001,0.0,0.0,2.50084941474245e-05
7293,0.0,0.0,0.0,0.0,2.50084941474245e-05
7294,0.00010001000100010001,0.00010001000100010001,1.953515703140628e-07,0.00016668333500016668,0.00010384368462141806
7295,0.0,0.0,0.0,0.0,2.50084941474245e-05
7296,0.0,0.00010001000100010001,0.0,0.0,2.50084941474245e-05
7297,0.0,0.0,0.0,0.0,2.50084941474245e-05
7298,0.0,0.00010001000100010001,0.0,0.0,2.50084941474245e-05
7299,0.0,0.0,0.0,0.0,2.50084941474245e-05
7300,0.00010001000100010001,0.00010001000100010001,8.595469093818763e-06,0.00015001500150015003,7.96926926625366e-05
7301,0.0,0.0,0.0,0.0,2.50084941474245e-05
7302,0.0,0.00010001000100010001,0.0,0.0,2.50084941474245e-05
7303,0.0,0.0,0.0,0.0,2.50084941474245e-05
7304,0.0,0.00010001000100010001,0.0,0.0,2.50084941474245e-05
7305,0.0,0.0,0.0,0.0,2.50084941474245e-05
7306,0.00010001000100010001,0.00010001000100010001,1.953515703140628e-07,0.00020002000200020003,0.00011920202608970515
7307,0.0,0.0,0.0,0.0,2.50084941474245e-05
7308,0.0,0.00010001000100010001,0.0,0.0,2.50084941474245e-05
7309,0.0,0.0,0.0,0.0,2.50084941474245e-05
7310,0.0,0.00010001000100010001,0.0,0.0,2.50084941474245e-05
7311,0.0,0.0,0.0,0.0,2.50084941474245e-05
7312,0.00010001000100010001,0.00010001000100010001,0.0,0.00016668333500016668,0.00010384368462141806
7313,0.0,0.0,0.0,0.0,2.50084941474245e-05
7314,0.0,0.00010001000100010001,0.0,0.0,2.50084941474245e-05
7315,0.0,0.0,0.0,0.0,2.50084941474245e-05
7316,0.0,0.00010001000100010001,0.0,0.0,2.50084941474245e-05
7317,0.0,0.0,0.0,0.0,2.50084941474245e-05
7318,0.00010001000100010001,0.00010001000100010001,0.0,0.00015001500150015003,7.96926926625366e-05
7319,0.0,0.0,0.0,0.0,2.50084941474245e-05
7320,0.0,0.00010001000100010001,0.0,0.0,2.50084941474245e-05
7321,0.0,0.0,0.0,0.0,2.50084941474245e-05
7322,0.0,0.00010001000100010001,0.0,0.0,2.50084941474245e-05
7323,0.0,0.0,0.0,0.0,2.50084941474245e-05
7324,0.00010001000100010001,0.00010001000100010001,1.1721094218843769e-06,0.0002077130790002077,0.0001434656954806651
7325,0.0,0.0,0.0,0.0,2.50084941474245e-05
7326,0.0,0.00010001000100010001,0.0,0.0,2.50084941474245e-05
7327,0.0,0.0,0.0,0.0,2.50084941474245e-05
7328,0.0,0.00010001000100010001,0.0,0.0,2.50084941474245e-05
7329,0.0,0.0,0.0,0.0,2.50084941474245e-05
7330,0.00010001000100010001,0.00010001000100010001,1.953515703140628e-07,0.00019799959793959194,0.00015640377415685936
7331,0.0,0.0,0.0,0.0,2.50084941474245e-05
7332,0.0,0.00010001000100010001,0.0,0.0,2.50084941474245e-05
7333,0.0,0.0,0.0,0.0,2.50084941474245e-05
7334,0.0,0.00010001000100010001,0.0,0.0,2.50084941474245e-05
7335,0.0,0.0,0.0,0.0,2.50084941474245e-05
7336,0.00010001000100010001,0.00010001000100010001,0.0,0.00015001500150015003,7.96926926625366e-05
7337,0.0,0.0,0.0,0.0,2.50084941474245e-05
7338,0.0,0.00010001000100010001,0.0,0.0,2.50084941474245e-05
7339,0.0,0.0,0.0,0.0,2.50084941474245e-05
7340,0.0,0.00010001000100010001,0.0,0.0,2.50084941474245e-05
7341,0.0,0.0,0.0,0.0,2.50084941474245e-05
7342,0.00010001000100010001,0.00010001000100010001,1.953515703140628e-07,0.00023805197421150566,0.00017209259832647115
7343,0.0,0.0,0.0,0.0,2.50084941474245e-05
7344,0.0,0.00010001000100010001,0.0,0.0,2.50084941474245e-05
7345,0.0,0.0,0.0,0.0,2.50084941474245e-05
7346,0.0,0.00010001000100010001,0.0,0.0,2.50084941474245e-05
7347,0.0,0.0,0.0,0.0,2.50084941474245e-05
7348,0.00010001000100010001,0.00010001000100010001,0.0,0.00016668333500016668,0.00010384368462141806
7349,0.0,0.0,0.0,0.0,2.50084941474245e-05
7350,0.0,0.00010001000100010001,0.0,0.0,2.50084941474245e-05
7351,0.0,0.0,0.0,0.0,2.50084941474245e-05
7352,0.0,0.00010001000100010001,0.0,0.0,2.50084941474245e-05
7353,0.0,0.0,0.0,0.0,2.50084941474245e-05
7354,0.00010001000100010001,0.00010001000100010001,0.0,0.00015001500150015003,7.96926926625366e-05
7355,0.0,0.0,0.0,0.0,2.50084941474245e-05
7356,0.0,0.00010001000100010001,0.0,0.0,2.50084941474245e-05
7357,0.0,0.0,0.0,0.0,2.50084941474245e-05
7358,0.0,0.00010001000100010001,0.0,0.0,2.50084941474245e-05
7359,0.0,0.0,0.0,0.0,2.50084941474245e-05
7360,0.00010001000100010001,0.00010001000100010001,0.0,0.00020002000200020003,0.00011920202608970515
7361,0.0,0.0,0.0,0.0,2.50084941474245e-05
7362,0.0,0.00010001000100010001,0.0,0.0,2.50084941474245e-05
7363,0.0,0.0,0.0,0.0,2.50084941474245e-05
7364,0.0,0.00010001000100010001,0.0,0.0,2.50084941474245e-05
7365,0.0,0.0,0.0,0.0,2.50084941474245e-05
7366,0.00010001000100010001,0.00010001000100010001,0.0,0.00016668333500016668,0.00010384368462141806
7367,0.0,0.0,0.0,0.0,2.50084941474245e-05
7368,0.0,0.00010001000100010001,0.0,0.0,2.50084941474245e-05
7369,0.0,0.0,0.0,0.0,2.50084941474245e-05
7370,0.0,0.00010001000100010001,0.0,0.0,2.50084941474245e-05
7371,0.0,0.0,0.0,0.0,2.50084941474245e-05
7372,0.00010001000100010001,0.00010001000100010001,0.0,0.00015001500150015003,7.96926926625366e-05
7373,0.0,0.0,0.0,0.0,2.50084941474245e-05
7374,0.0,0.00010001000100010001,0.0,0.0,2.50084941474245e-05
7375,0.0,0.0,0.0,0.0,2.50084941474245e-05
7376,0.0,0.00010001000100010001,0.0,0.0,2.50084941474245e-05
7377,0.0,0.0,0.0,0.0,2.50084941474245e-05
7378,0.00010001000100010001,0.00010001000100010001,0.0,0.00020864155381055346,0.00015418161891496564
7379,0.0,0.0,0.0,0.0,2.50084941474245e-05
7380,0.0,0.00010001000100010001,0.0,0.0,2.50084941474245e-05
7381,0.0,0.0,0.0,0.0,2.50084941474245e-05
7382,0.0,0.00010001000100010001,0.0,0.0,2.50084941474245e-05
7383,0.0,0.0,0.0,0.0,2.50084941474245e-05
7384,0.00010001000100010001,0.00010001000100010001,0.0,0.00017779555733351112,0.000128107354012378
7385,0.0,0.0,0.0,0.0,2.50084941474245e-05
7386,0.0,0.00010001000100010001,0.0,0.0,2.50084941474245e-05
7387,0.0,0.0,0.0,0.0,2.50084941474245e-05
7388,0.0,0.00010001000100010001,0.0,0.0,2.50084941474245e-05
7389,0.0,0.0,0.0,0.0,2.50084941474245e-05
7390,0.00010001000100010001,0.00010001000100010001,0.0,0.00015001500150015003,7.96926926625366e-05
7391,0.0,0.0,0.0,0.0,2.50084941474245e-05
7392,0.0,0.00010001000100010001,0.0,0.0,2.50084941474245e-05
7393,0.0,0.0,0.0,0.0,2.50084941474245e-05
7394,0.0,0.00010001000100010001,0.0,0.0,2.50084941474245e-05
7395,0.0,0.0,0.0,0.0,2.50084941474245e-05
7396,0.00010001000100010001,0.00010001000100010001,1.3674609921984396e-05,0.0002272954568184091,0.00015456209719150253
7397,0.0,0.0,0.0,0.0,2.50084941474245e-05
7398,0.0,0.00010001000100010001,0.0,0.0,2.50084941474245e-05
7399,0.0,0.0,0.0,0.0,2.50084941474245e-05
7400,0.0,0.00010001000100010001,0.0,0.0,2.50084941474245e-05
7401,0.0,0.0,0.0,0.0,2.50084941474245e-05
7402,0.00010001000100010001,0.00010001000100010001,0.0,0.00016668333500016668,0.00010384368462141806
7403,0.0,0.0,0.0,0.0,2.50084941474245e-05
7404,0.0,0.00010001000100010001,0.0,0.0,2.50084941474245e-05
7405,0.0,0.0,0.0,0.0,2.50084941474245e-05
7406,0.0,0.00010001000100010001,0.0,0.0,2.50084941474245e-05
7407,0.0,0.0,0.0,0.0,2.50084941474245e-05
7408,0.00010001000100010001,0.00010001000100010001,0.0,0.00015001500150015003,7.96926926625366e-05
7409,0.0,0.0,0.0,0.0,2.50084941474245e-05
7410,0.0,0.00010001000100010001,0.0,0.0,2.50084941474245e-05
7411,0.0,0.0,0.0,0.0,2.50084941474245e-05
7412,0.0,0.00010001000100010001,0.0,0.0,2.50084941474245e-05
7413,0.0,0.0,0.0,0.0,2.50084941474245e-05
7414,0.00010001000100010001,0.00010001000100010001,0.0,0.00020002000200020003,0.00011920202608970515
7415,0.0,0.0,0.0,0.0,2.50084941474245e-05
7416,0.0,0.00010001000100010001,0.0,0.0,2.50084941474245e-05
7417,0.0,0.0,0.0,0.0,2.50084941474245e-05
7418,0.0,0.00010001000100010001,0.0,0.0,2.50084941474245e-05
7419,0.0,0.0,0.0,0.0,2.50084941474245e-05
7420,0.00010001000100010001,0.00010001000100010001,0.0,0.00016668333500016668,0.00010384368462141806
7421,0.0,0.0,0.0,0.0,2.50084941474245e-05
7422,0.0,0.00010001000100010001,0.0,0.0,2.50084941474245e-05
7423,0.0,0.0,0.0,0.0,2.50084941474245e-05
7424,0.0,0.00010001000100010001,0.0,0.0,2.50084941474245e-05
7425,0.0,0.0,0.0,0.0,2.50084941474245e-05
7426,0.00010001000100010001,0.00010001000100010001,0.0,0.00015001500150015003,7.96926926625366e-05
7427,0.0,0.0,0.0,0.0,2.50084941474245e-05
7428,0.0,0.00010001000100010001,0.0,0.0,2.50084941474245e-05
7429,0.0,0.0,0.0,0.0,2.50084941474245e-05
7430,0.0,0.00010001000100010001,0.0,0.0,2.50084941474245e-05
7431,0.0,0.0,0.0,0.0,2.50084941474245e-05
7432,0.00010001000100010001,0.00010001000100010001,0.0,0.00021820363854567278,0.00016099619661563371
7433,0.0,0.0,0.0,0.0,2.50084941474245e-05
7434,0.0,0.00010001000100010001,0.0,0.0,2.50084941474245e-05
7435,0.0,0.0,0.0,0.0,2.50084941474245e-05
7436,0.0,0.00010001000100010001,0.0,0.0,2.50084941474245e-05
7437,0.0,0.0,0.0,0.0,2.50084941474245e-05
7438,0.00010001000100010001,0.00010001000100010001,0.0,0.0001818363654547273,0.00013882327744667856
7439,0.0,0.0,0.0,0.0,2.50084941474245e-05
7440,0.0,0.00010001000100010001,0.0,0.0,2.50084941474245e-05
7441,0.0,0.0,0.0,0.0,2.50084941474245e-05
7442,0.0,0.00010001000100010001,0.0,0.0,2.50084941474245e-05
7443,0.0,0.0,0.0,0.0,2.50084941474245e-05
7444,0.00010001000100010001,0.00010001000100010001,0.0,0.00015001500150015003,7.96926926625366e-05
7445,0.0,0.0,0.0,0.0,2.50084941474245e-05
7446,0.0,0.00010001000100010001,0.0,0.0,2.50084941474245e-05
7447,0.0,0.0,0.0,0.0,2.50084941474245e-05
7448,0.0,0.00010001000100010001,0.0,0.0,2.50084941474245e-05
7449,0.0,0.0,0.0,0.0,2.50084941474245e-05
7450,0.00010001000100010001,0.00010001000100010001,0.0,0.0002639439201652124,0.00019082567199685174
7451,0.0,0.0,0.0,0.0,2.50084941474245e-05
7452,0.0,0.00010001000100010001,0.0,0.0,2.50084941474245e-05
7453,0.0,0.0,0.0,0.0,2.50084941474245e-05
7454,0.0,0.00010001000100010001,0.0,0.0,2.50084941474245e-05
7455,0.0,0.0,0.0,0.0,2.50084941474245e-05
7456,0.00010001000100010001,0.00010001000100010001,0.0,0.00016668333500016668,0.00010384368462141806
7457,0.0,0.0,0.0,0.0,2.50084941474245e-05
7458,0.0,0.00010001000100010001,0.0,0.0,2.50084941474245e-05
7459,0.0,0.0,0.0,0.0,2.50084941474245e-05
7460,0.0,0.00010001000100010001,0.0,0.0,2.50084941474245e-05
7461,0.0,0.0,0.0,0.0,2.50084941474245e-05
7462,0.00010001000100010001,0.00010001000100010001,0.0,0.00015001500150015003,7.96926926625366e-05
7463,0.0,0.0,0.0,0.0,2.50084941474245e-05
7464,0.0,0.00010001000100010001,0.0,0.0,2.50084941474245e-05
7465,0.0,0.0,0.0,0.0,2.50084941474245e-05
7466,0.0,0.00010001000100010001,0.0,0.0,2.50084941474245e-05
7467,0.0,0.0,0.0,0.0,2.50084941474245e-05
7468,0.00010001000100010001,0.00010001000100010001,7.6187112422484495e-06,0.00020002000200020003,0.00011920202608970515
7469,0.0,0.0,0.0,0.0,2.50084941474245e-05
7470,0.0,0.00010001000100010001,0.0,0.0,2.50084941474245e-05
7471,0.0,0.0,0.0,0.0,2.50084941474245e-05
7472,0.0,0.00010001000100010001,0.0,0.0,2.50084941474245e-05
7473,0.0,0.0,0.0,0.0,2.50084941474245e-05
7474,0.00010001000100010001,0.00010001000100010001,0.0,0.00016668333500016668,0.00010384368462141806
7475,0.0,0.0,0.0,0.0,2.50084941474245e-05
7476,0.0,0.00010001000100010001,0.0,0.0,2.50084941474245e-05
7477,0.0,0.0,0.0,0.0,2.50084941474245e-05
7478,0.0,0.00010001000100010001,0.0,0.0,2.50084941474245e-05
7479,0.0,0.0,0.0,0.0,2.50084941474245e-05
7480,0.00010001000100010001,0.00010001000100010001,0.0,0.00015001500150015003,7.96926926625366e-05
7481,0.0,0.0,0.0,0.0,2.50084941474245e-05
7482,0.0,0.00010001000100010001,0.0,0.0,2.50084941474245e-05
7483,0.0,0.0,0.0,0.0,2.50084941474245e-05
7484,0.0,0.00010001000100010001,0.0,0.0,2.50084941474245e-05
7485,0.0,0.0,0.0,0.0,2.50084941474245e-05
7486,0.00010001000100010001,0.00010001000100010001,1.953515703140628e-07,0.0002077130790002077,0.0001434656954806651
7487,0.0,0.0,0.0,0.0,2.50084941474245e-05
7488,0.0,0.00010001000100010001,0.0,0.0,2.50084941474245e-05
7489,0.0,0.0,0.0,0.0,2.50084941474245e-05
7490,0.0,0.00010001000100010001,0.0,0.0,2.50084941474245e-05
7491,0.0,0.0,0.0,0.0,2.50084941474245e-05
7492,0.00010001000100010001,0.00010001000100010001,0.0,0.0001920827003335254,0.00014563785514734663
7493,0.0,0.0,0.0,0.0,2.50084941474245e-05
7494,0.0,0.00010001000100010001,0.0,0.0,2.50084941474245e-05
7495,0.0,0.0,0.0,0.0,2.50084941474245e-05
7496,0.0,0.00010001000100010001,0.0,0.0,2.50084941474245e-05
7497,0.0,0.0,0.0,0.0,2.50084941474245e-05
7498,0.00010001000100010001,0.00010001000100010001,0.0,0.00015001500150015003,7.96926926625366e-05
7499,0.0,0.0,0.0,0.0,2.50084941474245e-05
7500,0.0,0.00010001000100010001,0.0,0.0,2.50084941474245e-05
7501,0.0,0.0,0.0,0.0,2.50084941474245e-05
7502,0.0,0.00010001000100010001,0.0,0.0,2.50084941474245e-05
7503,0.0,0.0,0.0,0.0,2.50084941474245e-05
7504,0.00010001000100010001,0.00010001000100010001,5.089080438396877e-06,0.00022458386189496142,0.00017242370825642947
7505,0.0,0.0,0.0,0.0,2.50084941474245e-05
7506,0.0,0.00010001000100010001,0.0,0.0,2.50084941474245e-05
7507,0.0,0.0,0.0,0.0,2.50084941474245e-05
7508,0.0,0.00010001000100010001,0.0,0.0,2.50084941474245e-05
7509,0.0,0.0,0.0,0.0,2.50084941474245e-05
7510,0.00010001000100010001,0.00010001000100010001,0.0,0.00013334666800013335,6.433435119424953e-05
7511,0.0,0.0,0.0,0.0,2.50084941474245e-05
7512,0.0,0.00010001000100010001,0.0,0.0,2.50084941474245e-05
7513,0.0,0.0,0.0,0.0,2.50084941474245e-05
7514,0.0,0.00010001000100010001,0.0,0.0,2.50084941474245e-05
7515,0.0,0.0,0.0,0.0,2.50084941474245e-05
7516,0.00010001000100010001,0.00010001000100010001,1.1721094218843769e-06,0.00013334666800013335,6.433435119424953e-05
7517,0.0,0.0,0.0,0.0,2.50084941474245e-05
7518,0.0,0.00010001000100010001,0.0,0.0,2.50084941474245e-05
7519,0.0,0.0,0.0,0.0,2.50084941474245e-05
7520,0.0,0.00010001000100010001,0.0,0.0,2.50084941474245e-05
7521,0.0,0.0,0.0,0.0,2.50084941474245e-05
7522,0.00010001000100010001,0.00010001000100010001,0.0,0.00016668333500016668,0.00010384368462141806
7523,0.0,0.0,0.0,0.0,2.50084941474245e-05
7524,0.0,0.00010001000100010001,0.0,0.0,2.50084941474245e-05
7525,0.0,0.0,0.0,0.0,2.50084941474245e-05
7526,0.0,0.00010001000100010001,0.0,0.0,2.50084941474245e-05
7527,0.0,0.0,0.0,0.0,2.50084941474245e-05
7528,0.00010001000100010001,0.00010001000100010001,0.0,0.00013334666800013335,6.433435119424953e-05
7529,0.0,0.0,0.0,0.0,2.50084941474245e-05
7530,0.0,0.00010001000100010001,0.0,0.0,2.50084941474245e-05
7531,0.0,0.0,0.0,0.0,2.50084941474245e-05
7532,0.0,0.00010001000100010001,0.0,0.0,2.50084941474245e-05
7533,0.0,0.0,0.0,0.0,2.50084941474245e-05
7534,0.00010001000100010001,0.00010001000100010001,1.953515703140628e-07,0.00013334666800013335,6.433435119424953e-05
7535,0.0,0.0,0.0,0.0,2.50084941474245e-05
7536,0.0,0.00010001000100010001,0.0,0.0,2.50084941474245e-05
7537,0.0,0.0,0.0,0.0,2.50084941474245e-05
7538,0.0,0.00010001000100010001,0.0,0.0,2.50084941474245e-05
7539,0.0,0.0,0.0,0.0,2.50084941474245e-05
7540,0.00010001000100010001,0.00010001000100010001,0.0,0.0001818363654547273,0.00013882327744667856
7541,0.0,0.0,0.0,0.0,2.50084941474245e-05
7542,0.0,0.00010001000100010001,0.0,0.0,2.50084941474245e-05
7543,0.0,0.0,0.0,0.0,2.50084941474245e-05
7544,0.0,0.00010001000100010001,0.0,0.0,2.50084941474245e-05
7545,0.0,0.0,0.0,0.0,2.50084941474245e-05
7546,0.00010001000100010001,0.00010001000100010001,0.0,0.00013334666800013335,6.433435119424953e-05
7547,0.0,0.0,0.0,0.0,2.50084941474245e-05
7548,0.0,0.00010001000100010001,0.0,0.0,2.50084941474245e-05
7549,0.0,0.0,0.0,0.0,2.50084941474245e-05
7550,0.0,0.00010001000100010001,0.0,0.0,2.50084941474245e-05
7551,0.0,0.0,0.0,0.0,2.50084941474245e-05
7552,0.00010001000100010001,0.00010001000100010001,0.0,0.00013334666800013335,6.433435119424953e-05
7553,0.0,0.0,0.0,0.0,2.50084941474245e-05
7554,0.0,0.00010001000100010001,0.0,0.0,2.50084941474245e-05
7555,0.0,0.0,0.0,0.0,2.50084941474245e-05
7556,0.0,0.00010001000100010001,0.0,0.0,2.50084941474245e-05
7557,0.0,0.0,0.0,0.0,2.50084941474245e-05
7558,0.00010001000100010001,0.00010001000100010001,0.0,0.00019758073368312442,0.00013920375572321544
7559,0.0,0.0,0.0,0.0,2.50084941474245e-05
7560,0.0,0.00010001000100010001,0.0,0.0,2.50084941474245e-05
7561,0.0,0.0,0.0,0.0,2.50084941474245e-05
7562,0.0,0.00010001000100010001,0.0,0.0,2.50084941474245e-05
7563,0.0,0.0,0.0,0.0,2.50084941474245e-05
7564,0.00010001000100010001,0.00010001000100010001,0.0,0.00013334666800013335,6.433435119424953e-05
7565,0.0,0.0,0.0,0.0,2.50084941474245e-05
7566,0.0,0.00010001000100010001,0.0,0.0,2.50084941474245e-05
7567,0.0,0.0,0.0,0.0,2.50084941474245e-05
7568,0.0,0.00010001000100010001,0.0,0.0,2.50084941474245e-05
7569,0.0,0.0,0.0,0.0,2.50084941474245e-05
7570,0.00010001000100010001,0.00010001000100010001,0.0,0.00013334666800013335,6.433435119424953e-05
7571,0.0,0.0,0.0,0.0,2.50084941474245e-05
7572,0.0,0.00010001000100010001,0.0,0.0,2.50084941474245e-05
7573,0.0,0.0,0.0,0.0,2.50084941474245e-05
7574,0.0,0.00010001000100010001,0.0,0.0,2.50084941474245e-05
7575,0.0,0.0,0.0,0.0,2.50084941474245e-05
7576,0.00010001000100010001,0.00010001000100010001,0.0,0.00016668333500016668,0.00010384368462141806
7577,0.0,0.0,0.0,0.0,2.50084941474245e-05
7578,0.0,0.00010001000100010001,0.0,0.0,2.50084941474245e-05
7579,0.0,0.0,0.0,0.0,2.50084941474245e-05
7580,0.0,0.00010001000100010001,0.0,0.0,2.50084941474245e-05
7581,0.0,0.0,0.0,0.0,2.50084941474245e-05
7582,0.00010001000100010001,0.00010001000100010001,0.0,0.00013334666800013335,6.433435119424953e-05
7583,0.0,0.0,0.0,0.0,2.50084941474245e-05
7584,0.0,0.00010001000100010001,0.0,0.0,2.50084941474245e-05
7585,0.0,0.0,0.0,0.0,2.50084941474245e-05
7586,0.0,0.00010001000100010001,0.0,0.0,2.50084941474245e-05
7587,0.0,0.0,0.0,0.0,2.50084941474245e-05
7588,0.00010001000100010001,0.00010001000100010001,0.0,0.00013334666800013335,6.433435119424953e-05
7589,0.0,0.0,0.0,0.0,2.50084941474245e-05
7590,0.0,0.00010001000100010001,0.0,0.0,2.50084941474245e-05
7591,0.0,0.0,0.0,0.0,2.50084941474245e-05
7592,0.0,0.00010001000100010001,0.0,0.0,2.50084941474245e-05
7593,0.0,0.0,0.0,0.0,2.50084941474245e-05
7594,0.00010001000100010001,0.00010001000100010001,3.91467726030529e-07,0.00020644266261488534,0.00016132730654559203
7595,0.0,0.0,0.0,0.0,2.50084941474245e-05
7596,0.0,0.00010001000100010001,0.0,0.0,2.50084941474245e-05
7597,0.0,0.0,0.0,0.0,2.50084941474245e-05
7598,0.0,0.00010001000100010001,0.0,0.0,2.50084941474245e-05
7599,0.0,0.0,0.0,0.0,2.50084941474245e-05
7600,0.00010001000100010001,0.00010001000100010001,0.0,0.00013334666800013335,6.433435119424953e-05
7601,0.0,0.0,0.0,0.0,2.50084941474245e-05
7602,0.0,0.00010001000100010001,0.0,0.0,2.50084941474245e-05
7603,0.0,0.0,0.0,0.0,2.50084941474245e-05
7604,0.0,0.00010001000100010001,0.0,0.0,2.50084941474245e-05
7605,0.0,0.0,0.0,0.0,2.50084941474245e-05
7606,0.00010001000100010001,0.00010001000100010001,0.0,0.00013334666800013335,6.433435119424953e-05
7607,0.0,0.0,0.0,0.0,2.50084941474245e-05
7608,0.0,0.00010001000100010001,0.0,0.0,2.50084941474245e-05
7609,0.0,0.0,0.0,0.0,2.50084941474245e-05
7610,0.0,0.00010001000100010001,0.0,0.0,2.50084941474245e-05
7611,0.0,0.0,0.0,0.0,2.50084941474245e-05
7612,0.00010001000100010001,0.00010001000100010001,3.5163282656531306e-06,0.0003556807293632589,0.00024180503345523199
7613,0.0,0.0,0.0,0.0,2.50084941474245e-05
7614,0.0,0.00010001000100010001,0.0,0.0,2.50084941474245e-05
7615,0.0,0.0,0.0,0.0,2.50084941474245e-05
7616,0.0,0.00010001000100010001,0.0,0.0,2.50084941474245e-05
7617,0.0,0.0,0.0,0.0,2.50084941474245e-05
7618,0.00010001000100010001,0.00010001000100010001,0.0,0.00013334666800013335,6.433435119424953e-05
7619,0.0,0.0,0.0,0.0,2.50084941474245e-05
7620,0.0,0.00010001000100010001,0.0,0.0,2.50084941474245e-05
7621,0.0,0.0,0.0,0.0,2.50084941474245e-05
7622,0.0,0.00010001000100010001,0.0,0.0,2.50084941474245e-05
7623,0.0,0.0,0.0,0.0,2.50084941474245e-05
7624,0.00010001000100010001,0.00010001000100010001,0.0,0.00013334666800013335,6.433435119424953e-05
7625,0.0,0.0,0.0,0.0,2.50084941474245e-05
7626,0.0,0.00010001000100010001,0.0,0.0,2.50084941474245e-05
7627,0.0,0.0,0.0,0.0,2.50084941474245e-05
7628,0.0,0.00010001000100010001,0.0,0.0,2.50084941474245e-05
7629,0.0,0.0,0.0,0.0,2.50084941474245e-05
7630,0.00010001000100010001,0.00010001000100010001,0.0,0.00016668333500016668,0.00010384368462141806
7631,0.0,0.0,0.0,0.0,2.50084941474245e-05
7632,0.0,0.00010001000100010001,0.0,0.0,2.50084941474245e-05
7633,0.0,0.0,0.0,0.0,2.50084941474245e-05
7634,0.0,0.00010001000100010001,0.0,0.0,2.50084941474245e-05
7635,0.0,0.0,0.0,0.0,2.50084941474245e-05
7636,0.00010001000100010001,0.00010001000100010001,0.0,0.00013334666800013335,6.433435119424953e-05
7637,0.0,0.0,0.0,0.0,2.50084941474245e-05
7638,0.0,0.00010001000100010001,0.0,0.0,2.50084941474245e-05
7639,0.0,0.0,0.0,0.0,2.50084941474245e-05
7640,0.0,0.00010001000100010001,0.0,0.0,2.50084941474245e-05
7641,0.0,0.0,0.0,0.0,2.50084941474245e-05
7642,0.00010001000100010001,0.00010001000100010001,1.953515703140628e-07,0.00013334666800013335,6.433435119424953e-05
7643,0.0,0.0,0.0,0.0,2.50084941474245e-05
7644,0.0,0.00010001000100010001,0.0,0.0,2.50084941474245e-05
7645,0.0,0.0,0.0,0.0,2.50084941474245e-05
7646,0.0,0.00010001000100010001,0.0,0.0,2.50084941474245e-05
7647,0.0,0.0,0.0,0.0,2.50084941474245e-05
7648,0.00010001000100010001,0.00010001000100010001,0.0,0.00017779555733351112,0.000128107354012378
7649,0.0,0.0,0.0,0.0,2.50084941474245e-05
7650,0.0,0.00010001000100010001,0.0,0.0,2.50084941474245e-05
7651,0.0,0.0,0.0,0.0,2.50084941474245e-05
7652,0.0,0.00010001000100010001,0.0,0.0,2.50084941474245e-05
7653,0.0,0.0,0.0,0.0,2.50084941474245e-05
7654,0.00010001000100010001,0.00010001000100010001,0.0,0.00013334666800013335,6.433435119424953e-05
7655,0.0,0.0,0.0,0.0,2.50084941474245e-05
7656,0.0,0.00010001000100010001,0.0,0.0,2.50084941474245e-05
7657,0.0,0.0,0.0,0.0,2.50084941474245e-05
7658,0.0,0.00010001000100010001,0.0,0.0,2.50084941474245e-05
7659,0.0,0.0,0.0,0.0,2.50084941474245e-05
7660,0.00010001000100010001,0.00010001000100010001,0.0,0.00013334666800013335,6.433435119424953e-05
7661,0.0,0.0,0.0,0.0,2.50084941474245e-05
7662,0.0,0.00010001000100010001,0.0,0.0,2.50084941474245e-05
7663,0.0,0.0,0.0,0.0,2.50084941474245e-05
7664,0.0,0.00010001000100010001,0.0,0.0,2.50084941474245e-05
7665,0.0,0.0,0.0,0.0,2.50084941474245e-05
7666,0.00010001000100010001,0.00010001000100010001,0.0,0.00021731496457916467,0.0001722548880238393
7667,0.0,0.0,0.0,0.0,2.50084941474245e-05
7668,0.0,0.00010001000100010001,0.0,0.0,2.50084941474245e-05
7669,0.0,0.0,0.0,0.0,2.50084941474245e-05
7670,0.0,0.00010001000100010001,0.0,0.0,2.50084941474245e-05
7671,0.0,0.0,0.0,0.0,2.50084941474245e-05
7672,0.00010001000100010001,0.00010001000100010001,0.0,0.00013334666800013335,6.433435119424953e-05
7673,0.0,0.0,0.0,0.0,2.50084941474245e-05
7674,0.0,0.00010001000100010001,0.0,0.0,2.50084941474245e-05
7675,0.0,0.0,0.0,0.0,2.50084941474245e-05
7676,0.0,0.00010001000100010001,0.0,0.0,2.50084941474245e-05
7677,0.0,0.0,0.0,0.0,2.50084941474245e-05
7678,0.00010001000100010001,0.00010001000100010001,0.0,0.00013334666800013335,6.433435119424953e-05
7679,0.0,0.0,0.0,0.0,2.50084941474245e-05
7680,0.0,0.00010001000100010001,0.0,0.0,2.50084941474245e-05
7681,0.0,0.0,0.0,0.0,2.50084941474245e-05
7682,0.0,0.00010001000100010001,0.0,0.0,2.50084941474245e-05
7683,0.0,0.0,0.0,0.0,2.50084941474245e-05
7684,0.00010001000100010001,0.00010001000100010001,0.0,0.00016668333500016668,0.00010384368462141806
7685,0.0,0.0,0.0,0.0,2.50084941474245e-05
7686,0.0,0.00010001000100010001,0.0,0.0,2.50084941474245e-05
7687,0.0,0.0,0.0,0.0,2.50084941474245e-05
7688,0.0,0.00010001000100010001,0.0,0.0,2.50084941474245e-05
7689,0.0,0.0,0.0,0.0,2.50084941474245e-05
7690,0.00010001000100010001,0.00010001000100010001,0.0,0.00013334666800013335,6.433435119424953e-05
7691,0.0,0.0,0.0,0.0,2.50084941474245e-05
7692,0.0,0.00010001000100010001,0.0,0.0,2.50084941474245e-05
7693,0.0,0.0,0.0,0.0,2.50084941474245e-05
7694,0.0,0.00010001000100010001,0.0,0.0,2.50084941474245e-05
7695,0.0,0.0,0.0,0.0,2.50084941474245e-05
7696,0.00010001000100010001,0.00010001000100010001,0.0,0.00013334666800013335,6.433435119424953e-05
7697,0.0,0.0,0.0,0.0,2.50084941474245e-05
7698,0.0,0.00010001000100010001,0.0,0.0,2.50084941474245e-05
7699,0.0,0.0,0.0,0.0,2.50084941474245e-05
7700,0.0,0.00010001000100010001,0.0,0.0,2.50084941474245e-05
7701,0.0,0.0,0.0,0.0,2.50084941474245e-05
7702,0.00010001000100010001,0.00010001000100010001,3.907031406281256e-07,0.00019932789126663532,0.00016637369333429792
7703,0.0,0.0,0.0,0.0,2.50084941474245e-05
7704,0.0,0.00010001000100010001,0.0,0.0,2.50084941474245e-05
7705,0.0,0.0,0.0,0.0,2.50084941474245e-05
7706,0.0,0.00010001000100010001,0.0,0.0,2.50084941474245e-05
7707,0.0,0.0,0.0,0.0,2.50084941474245e-05
7708,0.00010001000100010001,0.00010001000100010001,0.0,0.00013334666800013335,6.433435119424953e-05
7709,0.0,0.0,0.0,0.0,2.50084941474245e-05
7710,0.0,0.00010001000100010001,0.0,0.0,2.50084941474245e-05
7711,0.0,0.0,0.0,0.0,2.50084941474245e-05
7712,0.0,0.00010001000100010001,0.0,0.0,2.50084941474245e-05
7713,0.0,0.0,0.0,0.0,2.50084941474245e-05
7714,0.00010001000100010001,0.00010001000100010001,0.0,0.00013334666800013335,6.433435119424953e-05
7715,0.0,0.0,0.0,0.0,2.50084941474245e-05
7716,0.0,0.00010001000100010001,0.0,0.0,2.50084941474245e-05
7717,0.0,0.0,0.0,0.0,2.50084941474245e-05
7718,0.0,0.00010001000100010001,0.0,0.0,2.50084941474245e-05
7719,0.0,0.0,0.0,0.0,2.50084941474245e-05
7720,0.00010001000100010001,0.00010001000100010001,0.0,0.00019758073368312442,0.00013920375572321544
7721,0.0,0.0,0.0,0.0,2.50084941474245e-05
7722,0.0,0.00010001000100010001,0.0,0.0,2.50084941474245e-05
7723,0.0,0.0,0.0,0.0,2.50084941474245e-05
7724,0.0,0.00010001000100010001,0.0,0.0,2.50084941474245e-05
7725,0.0,0.0,0.0,0.0,2.50084941474245e-05
7726,0.00010001000100010001,0.00010001000100010001,0.0,0.00013334666800013335,6.433435119424953e-05
7727,0.0,0.0,0.0,0.0,2.50084941474245e-05
7728,0.0,0.00010001000100010001,0.0,0.0,2.50084941474245e-05
7729,0.0,0.0,0.0,0.0,2.50084941474245e-05
7730,0.0,0.00010001000100010001,0.0,0.0,2.50084941474245e-05
7731,0.0,0.0,0.0,0.0,2.50084941474245e-05
7732,0.00010001000100010001,0.00010001000100010001,5.0791408281656336e-06,0.00013334666800013335,6.433435119424953e-05
7733,0.0,0.0,0.0,0.0,2.50084941474245e-05
7734,0.0,0.00010001000100010001,0.0,0.0,2.50084941474245e-05
7735,0.0,0.0,0.0,0.0,2.50084941474245e-05
7736,0.0,0.00010001000100010001,0.0,0.0,2.50084941474245e-05
7737,0.0,0.0,0.0,0.0,2.50084941474245e-05
7738,0.00010001000100010001,0.00010001000100010001,1.957338630152645e-07,0.00016668333500016668,0.00010384368462141806
7739,0.0,0.0,0.0,0.0,2.50084941474245e-05
7740,0.0,0.00010001000100010001,0.0,0.0,2.50084941474245e-05
7741,0.0,0.0,0.0,0.0,2.50084941474245e-05
7742,0.0,0.00010001000100010001,0.0,0.0,2.50084941474245e-05
7743,0.0,0.0,0.0,0.0,2.50084941474245e-05
7744,0.00010001000100010001,0.00010001000100010001,0.0,0.00013334666800013335,6.433435119424953e-05
7745,0.0,0.0,0.0,0.0,2.50084941474245e-05
7746,0.0,0.00010001000100010001,0.0,0.0,2.50084941474245e-05
7747,0.0,0.0,0.0,0.0,2.50084941474245e-05
7748,0.0,0.00010001000100010001,0.0,0.0,2.50084941474245e-05
7749,0.0,0.0,0.0,0.0,2.50084941474245e-05
7750,0.00010001000100010001,0.00010001000100010001,0.0,0.00013334666800013335,6.433435119424953e-05
7751,0.0,0.0,0.0,0.0,2.50084941474245e-05
7752,0.0,0.00010001000100010001,0.0,0.0,2.50084941474245e-05
7753,0.0,0.0,0.0,0.0,2.50084941474245e-05
7754,0.0,0.00010001000100010001,0.0,0.0,2.50084941474245e-05
7755,0.0,0.0,0.0,0.0,2.50084941474245e-05
7756,0.00010001000100010001,0.00010001000100010001,1.0158281656331267e-05,0.00020002000200020003,0.00016115848631300186
7757,0.0,0.0,0.0,0.0,2.50084941474245e-05
7758,0.0,0.00010001000100010001,0.0,0.0,2.50084941474245e-05
7759,0.0,0.0,0.0,0.0,2.50084941474245e-05
7760,0.0,0.00010001000100010001,0.0,0.0,2.50084941474245e-05
7761,0.0,0.0,0.0,0.0,2.50084941474245e-05
7762,0.00010001000100010001,0.00010001000100010001,0.0,0.00013334666800013335,6.433435119424953e-05
7763,0.0,0.0,0.0,0.0,2.50084941474245e-05
7764,0.0,0.00010001000100010001,0.0,0.0,2.50084941474245e-05
7765,0.0,0.0,0.0,0.0,2.50084941474245e-05
7766,0.0,0.00010001000100010001,0.0,0.0,2.50084941474245e-05
7767,0.0,0.0,0.0,0.0,2.50084941474245e-05
7768,0.00010001000100010001,0.00010001000100010001,0.0,0.00013334666800013335,6.433435119424953e-05
7769,0.0,0.0,0.0,0.0,2.50084941474245e-05
7770,0.0,0.00010001000100010001,0.0,0.0,2.50084941474245e-05
7771,0.0,0.0,0.0,0.0,2.50084941474245e-05
7772,0.0,0.00010001000100010001,0.0,0.0,2.50084941474245e-05
7773,0.0,0.0,0.0,0.0,2.50084941474245e-05
7774,0.00010001000100010001,0.00010001000100010001,1.953515703140628e-07,0.00035529868776351317,0.0002450203969754878
7775,0.0,0.0,0.0,0.0,2.50084941474245e-05
7776,0.0,0.00010001000100010001,0.0,0.0,2.50084941474245e-05
7777,0.0,0.0,0.0,0.0,2.50084941474245e-05
7778,0.0,0.00010001000100010001,0.0,0.0,2.50084941474245e-05
7779,0.0,0.0,0.0,0.0,2.50084941474245e-05
7780,0.00010001000100010001,0.00010001000100010001,0.0,0.00013334666800013335,6.433435119424953e-05
7781,0.0,0.0,0.0,0.0,2.50084941474245e-05
7782,0.0,0.00010001000100010001,0.0,0.0,2.50084941474245e-05
7783,0.0,0.0,0.0,0.0,2.50084941474245e-05
7784,0.0,0.00010001000100010001,0.0,0.0,2.50084941474245e-05
7785,0.0,0.0,0.0,0.0,2.50084941474245e-05
7786,0.00010001000100010001,0.00010001000100010001,0.0,0.00013334666800013335,6.433435119424953e-05
7787,0.0,0.0,0.0,0.0,2.50084941474245e-05
7788,0.0,0.00010001000100010001,0.0,0.0,2.50084941474245e-05
7789,0.0,0.0,0.0,0.0,2.50084941474245e-05
7790,0.0,0.00010001000100010001,0.0,0.0,2.50084941474245e-05
7791,0.0,0.0,0.0,0.0,2.50084941474245e-05
7792,0.00010001000100010001,0.00010001000100010001,0.0,0.00016668333500016668,0.00010384368462141806
7793,0.0,0.0,0.0,0.0,2.50084941474245e-05
7794,0.0,0.00010001000100010001,0.0,0.0,2.50084941474245e-05
7795,0.0,0.0,0.0,0.0,2.50084941474245e-05
7796,0.0,0.00010001000100010001,0.0,0.0,2.50084941474245e-05
7797,0.0,0.0,0.0,0.0,2.50084941474245e-05
7798,0.00010001000100010001,0.00010001000100010001,0.0,0.00013334666800013335,6.433435119424953e-05
7799,0.0,0.0,0.0,0.0,2.50084941474245e-05
7800,0.0,0.00010001000100010001,0.0,0.0,2.50084941474245e-05
7801,0.0,0.0,0.0,0.0,2.50084941474245e-05
7802,0.0,0.00010001000100010001,0.0,0.0,2.50084941474245e-05
7803,0.0,0.0,0.0,0.0,2.50084941474245e-05
7804,0.00010001000100010001,0.00010001000100010001,0.0,0.00013334666800013335,6.433435119424953e-05
7805,0.0,0.0,0.0,0.0,2.50084941474245e-05
7806,0.0,0.00010001000100010001,0.0,0.0,2.50084941474245e-05
7807,0.0,0.0,0.0,0.0,2.50084941474245e-05
7808,0.0,0.00010001000100010001,0.0,0.0,2.50084941474245e-05
7809,0.0,0.0,0.0,0.0,2.50084941474245e-05
7810,0.00010001000100010001,0.00010001000100010001,1.953515703140628e-07,0.00017779555733351112,0.000128107354012378
7811,0.0,0.0,0.0,0.0,2.50084941474245e-05
7812,0.0,0.00010001000100010001,0.0,0.0,2.50084941474245e-05
7813,0.0,0.0,0.0,0.0,2.50084941474245e-05
7814,0.0,0.00010001000100010001,0.0,0.0,2.50084941474245e-05
7815,0.0,0.0,0.0,0.0,2.50084941474245e-05
7816,0.00010001000100010001,0.00010001000100010001,0.0,0.00013334666800013335,6.433435119424953e-05
7817,0.0,0.0,0.0,0.0,2.50084941474245e-05
7818,0.0,0.00010001000100010001,0.0,0.0,2.50084941474245e-05
7819,0.0,0.0,0.0,0.0,2.50084941474245e-05
7820,0.0,0.00010001000100010001,0.0,0.0,2.50084941474245e-05
7821,0.0,0.0,0.0,0.0,2.50084941474245e-05
7822,0.00010001000100010001,0.00010001000100010001,0.0,0.00013334666800013335,6.433435119424953e-05
7823,0.0,0.0,0.0,0.0,2.50084941474245e-05
7824,0.0,0.00010001000100010001,0.0,0.0,2.50084941474245e-05
7825,0.0,0.0,0.0,0.0,2.50084941474245e-05
7826,0.0,0.00010001000100010001,0.0,0.0,2.50084941474245e-05
7827,0.0,0.0,0.0,0.0,2.50084941474245e-05
7828,0.00010001000100010001,0.00010001000100010001,0.0,0.00021178588447080005,0.00015673425685818406
7829,0.0,0.0,0.0,0.0,2.50084941474245e-05
7830,0.0,0.00010001000100010001,0.0,0.0,2.50084941474245e-05
7831,0.0,0.0,0.0,0.0,2.50084941474245e-05
7832,0.0,0.00010001000100010001,0.0,0.0,2.50084941474245e-05
7833,0.0,0.0,0.0,0.0,2.50084941474245e-05
7834,0.00010001000100010001,0.00010001000100010001,0.0,0.00013334666800013335,6.433435119424953e-05
7835,0.0,0.0,0.0,0.0,2.50084941474245e-05
7836,0.0,0.00010001000100010001,0.0,0.0,2.50084941474245e-05
7837,0.0,0.0,0.0,0.0,2.50084941474245e-05
7838,0.0,0.00010001000100010001,0.0,0.0,2.50084941474245e-05
7839,0.0,0.0,0.0,0.0,2.50084941474245e-05
7840,0.00010001000100010001,0.00010001000100010001,0.0,0.00013334666800013335,6.433435119424953e-05
7841,0.0,0.0,0.0,0.0,2.50084941474245e-05
7842,0.0,0.00010001000100010001,0.0,0.0,2.50084941474245e-05
7843,0.0,0.0,0.0,0.0,2.50084941474245e-05
7844,0.0,0.00010001000100010001,0.0,0.0,2.50084941474245e-05
7845,0.0,0.0,0.0,0.0,2.50084941474245e-05
7846,0.00010001000100010001,0.00010001000100010001,0.0,0.00016668333500016668,0.00010384368462141806
7847,0.0,0.0,0.0,0.0,2.50084941474245e-05
7848,0.0,0.00010001000100010001,0.0,0.0,2.50084941474245e-05
7849,0.0,0.0,0.0,0.0,2.50084941474245e-05
7850,0.0,0.00010001000100010001,0.0,0.0,2.50084941474245e-05
7851,0.0,0.0,0.0,0.0,2.50084941474245e-05
7852,0.00010001000100010001,0.00010001000100010001,0.0,0.00013334666800013335,6.433435119424953e-05
7853,0.0,0.0,0.0,0.0,2.50084941474245e-05
7854,0.0,0.00010001000100010001,0.0,0.0,2.50084941474245e-05
7855,0.0,0.0,0.0,0.0,2.50084941474245e-05
7856,0.0,0.00010001000100010001,0.0,0.0,2.50084941474245e-05
7857,0.0,0.0,0.0,0.0,2.50084941474245e-05
7858,0.00010001000100010001,0.00010001000100010001,0.0,0.00013334666800013335,6.433435119424953e-05
7859,0.0,0.0,0.0,0.0,2.50084941474245e-05
7860,0.0,0.00010001000100010001,0.0,0.0,2.50084941474245e-05
7861,0.0,0.0,0.0,0.0,2.50084941474245e-05
7862,0.0,0.00010001000100010001,0.0,0.0,2.50084941474245e-05
7863,0.0,0.0,0.0,0.0,2.50084941474245e-05
7864,0.00010001000100010001,0.00010001000100010001,2.832597769553911e-05,0.0001818363654547273,0.00013882327744667856
7865,0.0,0.0,0.0,0.0,2.50084941474245e-05
7866,0.0,0.00010001000100010001,0.0,0.0,2.50084941474245e-05
7867,0.0,0.0,0.0,0.0,2.50084941474245e-05
7868,0.0,0.00010001000100010001,0.0,0.0,2.50084941474245e-05
7869,0.0,0.0,0.0,0.0,2.50084941474245e-05
7870,0.00010001000100010001,0.00010001000100010001,0.0,0.00013334666800013335,6.433435119424953e-05
7871,0.0,0.0,0.0,0.0,2.50084941474245e-05
7872,0.0,0.00010001000100010001,0.0,0.0,2.50084941474245e-05
7873,0.0,0.0,0.0,0.0,2.50084941474245e-05
7874,0.0,0.00010001000100010001,0.0,0.0,2.50084941474245e-05
7875,0.0,0.0,0.0,0.0,2.50084941474245e-05
7876,0.00010001000100010001,0.00010001000100010001,0.0,0.00013334666800013335,6.433435119424953e-05
7877,0.0,0.0,0.0,0.0,2.50084941474245e-05
7878,0.0,0.00010001000100010001,0.0,0.0,2.50084941474245e-05
7879,0.0,0.0,0.0,0.0,2.50084941474245e-05
7880,0.0,0.00010001000100010001,0.0,0.0,2.50084941474245e-05
7881,0.0,0.0,0.0,0.0,2.50084941474245e-05
7882,0.00010001000100010001,0.00010001000100010001,0.0,0.00019758073368312442,0.00013920375572321544
7883,0.0,0.0,0.0,0.0,2.50084941474245e-05
7884,0.0,0.00010001000100010001,0.0,0.0,2.50084941474245e-05
7885,0.0,0.0,0.0,0.0,2.50084941474245e-05
7886,0.0,0.00010001000100010001,0.0,0.0,2.50084941474245e-05
7887,0.0,0.0,0.0,0.0,2.50084941474245e-05
7888,0.00010001000100010001,0.00010001000100010001,0.0,0.00013334666800013335,6.433435119424953e-05
7889,0.0,0.0,0.0,0.0,2.50084941474245e-05
7890,0.0,0.00010001000100010001,0.0,0.0,2.50084941474245e-05
7891,0.0,0.0,0.0,0.0,2.50084941474245e-05
7892,0.0,0.00010001000100010001,0.0,0.0,2.50084941474245e-05
7893,0.0,0.0,0.0,0.0,2.50084941474245e-05
7894,0.00010001000100010001,0.00010001000100010001,0.0,0.00013334666800013335,6.433435119424953e-05
7895,0.0,0.0,0.0,0.0,2.50084941474245e-05
7896,0.0,0.00010001000100010001,0.0,0.0,2.50084941474245e-05
7897,0.0,0.0,0.0,0.0,2.50084941474245e-05
7898,0.0,0.00010001000100010001,0.0,0.0,2.50084941474245e-05
7899,0.0,0.0,0.0,0.0,2.50084941474245e-05
7900,0.00010001000100010001,0.00010001000100010001,0.0,0.00016668333500016668,0.00010384368462141806
7901,0.0,0.0,0.0,0.0,2.50084941474245e-05
7902,0.0,0.00010001000100010001,0.0,0.0,2.50084941474245e-05
7903,0.0,0.0,0.0,0.0,2.50084941474245e-05
7904,0.0,0.00010001000100010001,0.0,0.0,2.50084941474245e-05
7905,0.0,0.0,0.0,0.0,2.50084941474245e-05
7906,0.00010001000100010001,0.00010001000100010001,0.0,0.00013334666800013335,6.433435119424953e-05
7907,0.0,0.0,0.0,0.0,2.50084941474245e-05
7908,0.0,0.00010001000100010001,0.0,0.0,2.50084941474245e-05
7909,0.0,0.0,0.0,0.0,2.50084941474245e-05
7910,0.0,0.00010001000100010001,0.0,0.0,2.50084941474245e-05
7911,0.0,0.0,0.0,0.0,2.50084941474245e-05
7912,0.00010001000100010001,0.00010001000100010001,0.0,0.00013334666800013335,6.433435119424953e-05
7913,0.0,0.0,0.0,0.0,2.50084941474245e-05
7914,0.0,0.00010001000100010001,0.0,0.0,2.50084941474245e-05
7915,0.0,0.0,0.0,0.0,2.50084941474245e-05
7916,0.0,0.00010001000100010001,0.0,0.0,2.50084941474245e-05
7917,0.0,0.0,0.0,0.0,2.50084941474245e-05
7918,0.00010001000100010001,0.00010001000100010001,0.0,0.0001920827003335254,0.00014563785514734663
7919,0.0,0.0,0.0,0.0,2.50084941474245e-05
7920,0.0,0.00010001000100010001,0.0,0.0,2.50084941474245e-05
7921,0.0,0.0,0.0,0.0,2.50084941474245e-05
7922,0.0,0.00010001000100010001,0.0,0.0,2.50084941474245e-05
7923,0.0,0.0,0.0,0.0,2.50084941474245e-05
7924,0.00010001000100010001,0.00010001000100010001,0.0,0.00013334666800013335,6.433435119424953e-05
7925,0.0,0.0,0.0,0.0,2.50084941474245e-05
7926,0.0,0.00010001000100010001,0.0,0.0,2.50084941474245e-05
7927,0.0,0.0,0.0,0.0,2.50084941474245e-05
7928,0.0,0.00010001000100010001,0.0,0.0,2.50084941474245e-05
7929,0.0,0.0,0.0,0.0,2.50084941474245e-05
7930,0.00010001000100010001,0.00010001000100010001,0.0,0.00013334666800013335,6.433435119424953e-05
7931,0.0,0.0,0.0,0.0,2.50084941474245e-05
7932,0.0,0.00010001000100010001,0.0,0.0,2.50084941474245e-05
7933,0.0,0.0,0.0,0.0,2.50084941474245e-05
7934,0.0,0.00010001000100010001,0.0,0.0,2.50084941474245e-05
7935,0.0,0.0,0.0,0.0,2.50084941474245e-05
7936,0.00010001000100010001,0.00010001000100010001,2.227007901580316e-05,0.00023938564069172876,0.00017546733052856465
7937,0.0,0.0,0.0,0.0,2.50084941474245e-05
7938,0.0,0.00010001000100010001,0.0,0.0,2.50084941474245e-05
7939,0.0,0.0,0.0,0.0,2.50084941474245e-05
7940,0.0,0.00010001000100010001,0.0,0.0,2.50084941474245e-05
7941,0.0,0.0,0.0,0.0,2.50084941474245e-05
7942,0.00010001000100010001,0.00010001000100010001,0.0,0.00013334666800013335,6.433435119424953e-05
7943,0.0,0.0,0.0,0.0,2.50084941474245e-05
7944,0.0,0.00010001000100010001,0.0,0.0,2.50084941474245e-05
7945,0.0,0.0,0.0,0.0,2.50084941474245e-05
7946,0.0,0.00010001000100010001,0.0,0.0,2.50084941474245e-05
7947,0.0,0.0,0.0,0.0,2.50084941474245e-05
7948,0.00010001000100010001,0.00010001000100010001,1.875375075015003e-05,0.00013334666800013335,6.433435119424953e-05
7949,0.0,0.0,0.0,0.0,2.50084941474245e-05
7950,0.0,0.00010001000100010001,0.0,0.0,2.50084941474245e-05
7951,0.0,0.0,0.0,0.0,2.50084941474245e-05
7952,0.0,0.00010001000100010001,0.0,0.0,2.50084941474245e-05
7953,0.0,0.0,0.0,0.0,2.50084941474245e-05
7954,0.00010001000100010001,0.00010001000100010001,1.953515703140628e-07,0.00016668333500016668,0.00010384368462141806
7955,0.0,0.0,0.0,0.0,2.50084941474245e-05
7956,0.0,0.00010001000100010001,0.0,0.0,2.50084941474245e-05
7957,0.0,0.0,0.0,0.0,2.50084941474245e-05
7958,0.0,0.00010001000100010001,0.0,0.0,2.50084941474245e-05
7959,0.0,0.0,0.0,0.0,2.50084941474245e-05
7960,0.00010001000100010001,0.00010001000100010001,0.0,0.00013334666800013335,6.433435119424953e-05
7961,0.0,0.0,0.0,0.0,2.50084941474245e-05
7962,0.0,0.00010001000100010001,0.0,0.0,2.50084941474245e-05
7963,0.0,0.0,0.0,0.0,2.50084941474245e-05
7964,0.0,0.00010001000100010001,0.0,0.0,2.50084941474245e-05
7965,0.0,0.0,0.0,0.0,2.50084941474245e-05
7966,0.00010001000100010001,0.00010001000100010001,0.0,0.00013334666800013335,6.433435119424953e-05
7967,0.0,0.0,0.0,0.0,2.50084941474245e-05
7968,0.0,0.00010001000100010001,0.0,0.0,2.50084941474245e-05
7969,0.0,0.0,0.0,0.0,2.50084941474245e-05
7970,0.0,0.00010001000100010001,0.0,0.0,2.50084941474245e-05
7971,0.0,0.0,0.0,0.0,2.50084941474245e-05
7972,0.00010001000100010001,0.00010001000100010001,1.7581641328265653e-06,0.00017779555733351112,0.000128107354012378
7973,0.0,0.0,0.0,0.0,2.50084941474245e-05
7974,0.0,0.00010001000100010001,0.0,0.0,2.50084941474245e-05
7975,0.0,0.0,0.0,0.0,2.50084941474245e-05
7976,0.0,0.00010001000100010001,0.0,0.0,2.50084941474245e-05
7977,0.0,0.0,0.0,0.0,2.50084941474245e-05
7978,0.00010001000100010001,0.00010001000100010001,0.0,0.00013334666800013335,6.433435119424953e-05
7979,0.0,0.0,0.0,0.0,2.50084941474245e-05
7980,0.0,0.00010001000100010001,0.0,0.0,2.50084941474245e-05
7981,0.0,0.0,0.0,0.0,2.50084941474245e-05
7982,0.0,0.00010001000100010001,0.0,0.0,2.50084941474245e-05
7983,0.0,0.0,0.0,0.0,2.50084941474245e-05
7984,0.00010001000100010001,0.00010001000100010001,0.0,0.00013334666800013335,6.433435119424953e-05
7985,0.0,0.0,0.0,0.0,2.50084941474245e-05
7986,0.0,0.00010001000100010001,0.0,0.0,2.50084941474245e-05
7987,0.0,0.0,0.0,0.0,2.50084941474245e-05
7988,0.0,0.00010001000100010001,0.0,0.0,2.50084941474245e-05
7989,0.0,0.0,0.0,0.0,2.50084941474245e-05
7990,0.00010001000100010001,0.00010001000100010001,0.0,0.00023143339975023144,0.0001802020847408025
7991,0.0,0.0,0.0,0.0,2.50084941474245e-05
7992,0.0,0.00010001000100010001,0.0,0.0,2.50084941474245e-05
7993,0.0,0.0,0.0,0.0,2.50084941474245e-05
7994,0.0,0.00010001000100010001,0.0,0.0,2.50084941474245e-05
7995,0.0,0.0,0.0,0.0,2.50084941474245e-05
7996,0.00010001000100010001,0.00010001000100010001,0.0,0.00013334666800013335,6.433435119424953e-05
7997,0.0,0.0,0.0,0.0,2.50084941474245e-05
7998,0.0,0.00010001000100010001,0.0,0.0,2.50084941474245e-05
7999,0.0,0.0,0.0,0.0,2.50084941474245e-05
8000,0.0,0.00010001000100010001,0.0,0.0,2.50084941474245e-05
8001,0.0,0.0,0.0,0.0,2.50084941474245e-05
8002,0.00010001000100010001,0.00010001000100010001,0.0,0.00013334666800013335,6.433435119424953e-05
8003,0.0,0.0,0.0,0.0,2.50084941474245e-05
8004,0.0,0.00010001000100010001,0.0,0.0,2.50084941474245e-05
8005,0.0,0.0,0.0,0.0,2.50084941474245e-05
8006,0.0,0.00010001000100010001,0.0,0.0,2.50084941474245e-05
8007,0.0,0.0,0.0,0.0,2.50084941474245e-05
8008,0.00010001000100010001,0.00010001000100010001,0.0,0.00016668333500016668,0.00010384368462141806
8009,0.0,0.0,0.0,0.0,2.50084941474245e-05
8010,0.0,0.00010001000100010001,0.0,0.0,2.50084941474245e-05
8011,0.0,0.0,0.0,0.0,2.50084941474245e-05
8012,0.0,0.00010001000100010001,0.0,0.0,2.50084941474245e-05
8013,0.0,0.0,0.0,0.0,2.50084941474245e-05
8014,0.00010001000100010001,0.00010001000100010001,0.0,0.00013334666800013335,6.433435119424953e-05
8015,0.0,0.0,0.0,0.0,2.50084941474245e-05
8016,0.0,0.00010001000100010001,0.0,0.0,2.50084941474245e-05
8017,0.0,0.0,0.0,0.0,2.50084941474245e-05
8018,0.0,0.00010001000100010001,0.0,0.0,2.50084941474245e-05
8019,0.0,0.0,0.0,0.0,2.50084941474245e-05
8020,0.00010001000100010001,0.00010001000100010001,0.0,0.00013334666800013335,6.433435119424953e-05
8021,0.0,0.0,0.0,0.0,2.50084941474245e-05
8022,0.0,0.00010001000100010001,0.0,0.0,2.50084941474245e-05
8023,0.0,0.0,0.0,0.0,2.50084941474245e-05
8024,0.0,0.00010001000100010001,0.0,0.0,2.50084941474245e-05
8025,0.0,0.0,0.0,0.0,2.50084941474245e-05
8026,0.00010001000100010001,0.00010001000100010001,0.0,0.0001818363654547273,0.00013882327744667856
8027,0.0,0.0,0.0,0.0,2.50084941474245e-05
8028,0.0,0.00010001000100010001,0.0,0.0,2.50084941474245e-05
8029,0.0,0.0,0.0,0.0,2.50084941474245e-05
8030,0.0,0.00010001000100010001,0.0,0.0,2.50084941474245e-05
8031,0.0,0.0,0.0,0.0,2.50084941474245e-05
8032,0.00010001000100010001,0.00010001000100010001,0.0,0.00013334666800013335,6.433435119424953e-05
8033,0.0,0.0,0.0,0.0,2.50084941474245e-05
8034,0.0,0.00010001000100010001,0.0,0.0,2.50084941474245e-05
8035,0.0,0.0,0.0,0.0,2.50084941474245e-05
8036,0.0,0.00010001000100010001,0.0,0.0,2.50084941474245e-05
8037,0.0,0.0,0.0,0.0,2.50084941474245e-05
8038,0.00010001000100010001,0.00010001000100010001,0.0,0.00013334666800013335,6.433435119424953e-05
8039,0.0,0.0,0.0,0.0,2.50084941474245e-05
8040,0.0,0.00010001000100010001,0.0,0.0,2.50084941474245e-05
8041,0.0,0.0,0.0,0.0,2.50084941474245e-05
8042,0.0,0.00010001000100010001,0.0,0.0,2.50084941474245e-05
8043,0.0,0.0,0.0,0.0,2.50084941474245e-05
8044,0.00010001000100010001,0.00010001000100010001,0.0,0.00019758073368312442,0.00013920375572321544
8045,0.0,0.0,0.0,0.0,2.50084941474245e-05
8046,0.0,0.00010001000100010001,0.0,0.0,2.50084941474245e-05
8047,0.0,0.0,0.0,0.0,2.50084941474245e-05
8048,0.0,0.00010001000100010001,0.0,0.0,2.50084941474245e-05
8049,0.0,0.0,0.0,0.0,2.50084941474245e-05
8050,0.00010001000100010001,0.00010001000100010001,0.0,0.00013334666800013335,6.433435119424953e-05
8051,0.0,0.0,0.0,0.0,2.50084941474245e-05
8052,0.0,0.00010001000100010001,0.0,0.0,2.50084941474245e-05
8053,0.0,0.0,0.0,0.0,2.50084941474245e-05
8054,0.0,0.00010001000100010001,0.0,0.0,2.50084941474245e-05
8055,0.0,0.0,0.0,0.0,2.50084941474245e-05
8056,0.00010001000100010001,0.00010001000100010001,0.0,0.00013334666800013335,6.433435119424953e-05
8057,0.0,0.0,0.0,0.0,2.50084941474245e-05
8058,0.0,0.00010001000100010001,0.0,0.0,2.50084941474245e-05
8059,0.0,0.0,0.0,0.0,2.50084941474245e-05
8060,0.0,0.00010001000100010001,0.0,0.0,2.50084941474245e-05
8061,0.0,0.0,0.0,0.0,2.50084941474245e-05
8062,0.00010001000100010001,0.00010001000100010001,0.0,0.00016668333500016668,0.00010384368462141806
8063,0.0,0.0,0.0,0.0,2.50084941474245e-05
8064,0.0,0.00010001000100010001,0.0,0.0,2.50084941474245e-05
8065,0.0,0.0,0.0,0.0,2.50084941474245e-05
8066,0.0,0.00010001000100010001,0.0,0.0,2.50084941474245e-05
8067,0.0,0.0,0.0,0.0,2.50084941474245e-05
8068,0.00010001000100010001,0.00010001000100010001,0.0,0.00013334666800013335,6.433435119424953e-05
8069,0.0,0.0,0.0,0.0,2.50084941474245e-05
8070,0.0,0.00010001000100010001,0.0,0.0,2.50084941474245e-05
8071,0.0,0.0,0.0,0.0,2.50084941474245e-05
8072,0.0,0.00010001000100010001,0.0,0.0,2.50084941474245e-05
8073,0.0,0.0,0.0,0.0,2.50084941474245e-05
8074,0.00010001000100010001,0.00010001000100010001,0.0,0.00013334666800013335,6.433435119424953e-05
8075,0.0,0.0,0.0,0.0,2.50084941474245e-05
8076,0.0,0.00010001000100010001,0.0,0.0,2.50084941474245e-05
8077,0.0,0.0,0.0,0.0,2.50084941474245e-05
8078,0.0,0.00010001000100010001,0.0,0.0,2.50084941474245e-05
8079,0.0,0.0,0.0,0.0,2.50084941474245e-05
8080,0.00010001000100010001,0.00010001000100010001,2.5445402191984382e-05,0.00027642574684008685,0.0001888818362928439
8081,0.0,0.0,0.0,0.0,2.50084941474245e-05
8082,0.0,0.00010001000100010001,0.0,0.0,2.50084941474245e-05
8083,0.0,0.0,0.0,0.0,2.50084941474245e-05
8084,0.0,0.00010001000100010001,0.0,0.0,2.50084941474245e-05
8085,0.0,0.0,0.0,0.0,2.50084941474245e-05
8086,0.00010001000100010001,0.00010001000100010001,0.0,0.00013334666800013335,6.433435119424953e-05
8087,0.0,0.0,0.0,0.0,2.50084941474245e-05
8088,0.0,0.00010001000100010001,0.0,0.0,2.50084941474245e-05
8089,0.0,0.0,0.0,0.0,2.50084941474245e-05
8090,0.0,0.00010001000100010001,0.0,0.0,2.50084941474245e-05
8091,0.0,0.0,0.0,0.0,2.50084941474245e-05
8092,0.00010001000100010001,0.00010001000100010001,0.0,0.00013334666800013335,6.433435119424953e-05
8093,0.0,0.0,0.0,0.0,2.50084941474245e-05
8094,0.0,0.00010001000100010001,0.0,0.0,2.50084941474245e-05
8095,0.0,0.0,0.0,0.0,2.50084941474245e-05
8096,0.0,0.00010001000100010001,0.0,0.0,2.50084941474245e-05
8097,0.0,0.0,0.0,0.0,2.50084941474245e-05
8098,0.00010001000100010001,0.00010001000100010001,1.953515703140628e-07,0.0002810037101271103,0.0002066774130924653
8099,0.0,0.0,0.0,0.0,2.50084941474245e-05
8100,0.0,0.00010001000100010001,0.0,0.0,2.50084941474245e-05
8101,0.0,0.0,0.0,0.0,2.50084941474245e-05
8102,0.0,0.00010001000100010001,0.0,0.0,2.50084941474245e-05
8103,0.0,0.0,0.0,0.0,2.50084941474245e-05
8104,0.00010001000100010001,0.00010001000100010001,0.0,0.00013334666800013335,6.433435119424953e-05
8105,0.0,0.0,0.0,0.0,2.50084941474245e-05
8106,0.0,0.00010001000100010001,0.0,0.0,2.50084941474245e-05
8107,0.0,0.0,0.0,0.0,2.50084941474245e-05
8108,0.0,0.00010001000100010001,0.0,0.0,2.50084941474245e-05
8109,0.0,0.0,0.0,0.0,2.50084941474245e-05
8110,0.00010001000100010001,0.00010001000100010001,0.0,0.00013334666800013335,6.433435119424953e-05
8111,0.0,0.0,0.0,0.0,2.50084941474245e-05
8112,0.0,0.00010001000100010001,0.0,0.0,2.50084941474245e-05
8113,0.0,0.0,0.0,0.0,2.50084941474245e-05
8114,0.0,0.00010001000100010001,0.0,0.0,2.50084941474245e-05
8115,0.0,0.0,0.0,0.0,2.50084941474245e-05
8116,0.00010001000100010001,0.00010001000100010001,0.0,0.00016668333500016668,0.00010384368462141806
8117,0.0,0.0,0.0,0.0,2.50084941474245e-05
8118,0.0,0.00010001000100010001,0.0,0.0,2.50084941474245e-05
8119,0.0,0.0,0.0,0.0,2.50084941474245e-05
8120,0.0,0.00010001000100010001,0.0,0.0,2.50084941474245e-05
8121,0.0,0.0,0.0,0.0,2.50084941474245e-05
8122,0.00010001000100010001,0.00010001000100010001,0.0,0.00013334666800013335,6.433435119424953e-05
8123,0.0,0.0,0.0,0.0,2.50084941474245e-05
8124,0.0,0.00010001000100010001,0.0,0.0,2.50084941474245e-05
8125,0.0,0.0,0.0,0.0,2.50084941474245e-05
8126,0.0,0.00010001000100010001,0.0,0.0,2.50084941474245e-05
8127,0.0,0.0,0.0,0.0,2.50084941474245e-05
8128,0.00010001000100010001,0.00010001000100010001,0.0,0.00013334666800013335,6.433435119424953e-05
8129,0.0,0.0,0.0,0.0,2.50084941474245e-05
8130,0.0,0.00010001000100010001,0.0,0.0,2.50084941474245e-05
8131,0.0,0.0,0.0,0.0,2.50084941474245e-05
8132,0.0,0.00010001000100010001,0.0,0.0,2.50084941474245e-05
8133,0.0,0.0,0.0,0.0,2.50084941474245e-05
8134,0.00010001000100010001,0.00010001000100010001,0.0,0.00017779555733351112,0.000128107354012378
8135,0.0,0.0,0.0,0.0,2.50084941474245e-05
8136,0.0,0.00010001000100010001,0.0,0.0,2.50084941474245e-05
8137,0.0,0.0,0.0,0.0,2.50084941474245e-05
8138,0.0,0.00010001000100010001,0.0,0.0,2.50084941474245e-05
8139,0.0,0.0,0.0,0.0,2.50084941474245e-05
8140,0.00010001000100010001,0.00010001000100010001,0.0,0.00013334666800013335,6.433435119424953e-05
8141,0.0,0.0,0.0,0.0,2.50084941474245e-05
8142,0.0,0.00010001000100010001,0.0,0.0,2.50084941474245e-05
8143,0.0,0.0,0.0,0.0,2.50084941474245e-05
8144,0.0,0.00010001000100010001,0.0,0.0,2.50084941474245e-05
8145,0.0,0.0,0.0,0.0,2.50084941474245e-05
8146,0.00010001000100010001,0.00010001000100010001,0.0,0.00013334666800013335,6.433435119424953e-05
8147,0.0,0.0,0.0,0.0,2.50084941474245e-05
8148,0.0,0.00010001000100010001,0.0,0.0,2.50084941474245e-05
8149,0.0,0.0,0.0,0.0,2.50084941474245e-05
8150,0.0,0.00010001000100010001,0.0,0.0,2.50084941474245e-05
8151,0.0,0.0,0.0,0.0,2.50084941474245e-05
8152,0.00010001000100010001,0.00010001000100010001,0.0,0.00021636779062521633,0.0001675001758676968
8153,0.0,0.0,0.0,0.0,2.50084941474245e-05
8154,0.0,0.00010001000100010001,0.0,0.0,2.50084941474245e-05
8155,0.0,0.0,0.0,0.0,2.50084941474245e-05
8156,0.0,0.00010001000100010001,0.0,0.0,2.50084941474245e-05
8157,0.0,0.0,0.0,0.0,2.50084941474245e-05
8158,0.00010001000100010001,0.00010001000100010001,0.0,0.00013334666800013335,6.433435119424953e-05
8159,0.0,0.0,0.0,0.0,2.50084941474245e-05
8160,0.0,0.00010001000100010001,0.0,0.0,2.50084941474245e-05
8161,0.0,0.0,0.0,0.0,2.50084941474245e-05
8162,0.0,0.00010001000100010001,0.0,0.0,2.50084941474245e-05
8163,0.0,0.0,0.0,0.0,2.50084941474245e-05
8164,0.00010001000100010001,0.00010001000100010001,0.0,0.00013334666800013335,6.433435119424953e-05
8165,0.0,0.0,0.0,0.0,2.50084941474245e-05
8166,0.0,0.00010001000100010001,0.0,0.0,2.50084941474245e-05
8167,0.0,0.0,0.0,0.0,2.50084941474245e-05
8168,0.0,0.00010001000100010001,0.0,0.0,2.50084941474245e-05
8169,0.0,0.0,0.0,0.0,2.50084941474245e-05
8170,0.00010001000100010001,0.00010001000100010001,0.0,0.00016668333500016668,0.00010384368462141806
8171,0.0,0.0,0.0,0.0,2.50084941474245e-05
8172,0.0,0.00010001000100010001,0.0,0.0,2.50084941474245e-05
8173,0.0,0.0,0.0,0.0,2.50084941474245e-05
8174,0.0,0.00010001000100010001,0.0,0.0,2.50084941474245e-05
8175,0.0,0.0,0.0,0.0,2.50084941474245e-05
8176,0.00010001000100010001,0.00010001000100010001,0.0,0.00013334666800013335,6.433435119424953e-05
8177,0.0,0.0,0.0,0.0,2.50084941474245e-05
8178,0.0,0.00010001000100010001,0.0,0.0,2.50084941474245e-05
8179,0.0,0.0,0.0,0.0,2.50084941474245e-05
8180,0.0,0.00010001000100010001,0.0,0.0,2.50084941474245e-05
8181,0.0,0.0,0.0,0.0,2.50084941474245e-05
8182,0.00010001000100010001,0.00010001000100010001,0.0,0.00013334666800013335,6.433435119424953e-05
8183,0.0,0.0,0.0,0.0,2.50084941474245e-05
8184,0.0,0.00010001000100010001,0.0,0.0,2.50084941474245e-05
8185,0.0,0.0,0.0,0.0,2.50084941474245e-05
8186,0.0,0.00010001000100010001,0.0,0.0,2.50084941474245e-05
8187,0.0,0.0,0.0,0.0,2.50084941474245e-05
8188,0.00010001000100010001,0.00010001000100010001,0.0,0.00019049524000019048,0.00016123049511388858
8189,0.0,0.0,0.0,0.0,2.50084941474245e-05
8190,0.0,0.00010001000100010001,0.0,0.0,2.50084941474245e-05
8191,0.0,0.0,0.0,0.0,2.50084941474245e-05
8192,0.0,0.00010001000100010001,0.0,0.0,2.50084941474245e-05
8193,0.0,0.0,0.0,0.0,2.50084941474245e-05
8194,0.00010001000100010001,0.00010001000100010001,0.0,0.00013334666800013335,6.433435119424953e-05
8195,0.0,0.0,0.0,0.0,2.50084941474245e-05
8196,0.0,0.00010001000100010001,0.0,0.0,2.50084941474245e-05
8197,0.0,0.0,0.0,0.0,2.50084941474245e-05
8198,0.0,0.00010001000100010001,0.0,0.0,2.50084941474245e-05
8199,0.0,0.0,0.0,0.0,2.50084941474245e-05
8200,0.00010001000100010001,0.00010001000100010001,0.0,0.00013334666800013335,6.433435119424953e-05
8201,0.0,0.0,0.0,0.0,2.50084941474245e-05
8202,0.0,0.00010001000100010001,0.0,0.0,2.50084941474245e-05
8203,0.0,0.0,0.0,0.0,2.50084941474245e-05
8204,0.0,0.00010001000100010001,0.0,0.0,2.50084941474245e-05
8205,0.0,0.0,0.0,0.0,2.50084941474245e-05
8206,0.00010001000100010001,0.00010001000100010001,0.0,0.00019758073368312442,0.00013920375572321544
8207,0.0,0.0,0.0,0.0,2.50084941474245e-05
8208,0.0,0.00010001000100010001,0.0,0.0,2.50084941474245e-05
8209,0.0,0.0,0.0,0.0,2.50084941474245e-05
8210,0.0,0.00010001000100010001,0.0,0.0,2.50084941474245e-05
8211,0.0,0.0,0.0,0.0,2.50084941474245e-05
8212,0.00010001000100010001,0.00010001000100010001,0.0,0.00013334666800013335,6.433435119424953e-05
8213,0.0,0.0,0.0,0.0,2.50084941474245e-05
8214,0.0,0.00010001000100010001,0.0,0.0,2.50084941474245e-05
8215,0.0,0.0,0.0,0.0,2.50084941474245e-05
8216,0.0,0.00010001000100010001,0.0,0.0,2.50084941474245e-05
8217,0.0,0.0,0.0,0.0,2.50084941474245e-05
8218,0.00010001000100010001,0.00010001000100010001,0.0,0.00013334666800013335,6.433435119424953e-05
8219,0.0,0.0,0.0,0.0,2.50084941474245e-05
8220,0.0,0.00010001000100010001,0.0,0.0,2.50084941474245e-05
8221,0.0,0.0,0.0,0.0,2.50084941474245e-05
8222,0.0,0.00010001000100010001,0.0,0.0,2.50084941474245e-05
8223,0.0,0.0,0.0,0.0,2.50084941474245e-05
8224,0.00010001000100010001,0.00010001000100010001,0.0,0.00016668333500016668,0.00010384368462141806
8225,0.0,0.0,0.0,0.0,2.50084941474245e-05
8226,0.0,0.00010001000100010001,0.0,0.0,2.50084941474245e-05
8227,0.0,0.0,0.0,0.0,2.50084941474245e-05
8228,0.0,0.00010001000100010001,0.0,0.0,2.50084941474245e-05
8229,0.0,0.0,0.0,0.0,2.50084941474245e-05
8230,0.00010001000100010001,0.00010001000100010001,1.953515703140628e-07,0.00013334666800013335,6.433435119424953e-05
8231,0.0,0.0,0.0,0.0,2.50084941474245e-05
8232,0.0,0.00010001000100010001,0.0,0.0,2.50084941474245e-05
8233,0.0,0.0,0.0,0.0,2.50084941474245e-05
8234,0.0,0.00010001000100010001,0.0,0.0,2.50084941474245e-05
8235,0.0,0.0,0.0,0.0,2.50084941474245e-05
8236,0.00010001000100010001,0.00010001000100010001,0.0,0.00013334666800013335,6.433435119424953e-05
8237,0.0,0.0,0.0,0.0,2.50084941474245e-05
8238,0.0,0.00010001000100010001,0.0,0.0,2.50084941474245e-05
8239,0.0,0.0,0.0,0.0,2.50084941474245e-05
8240,0.0,0.00010001000100010001,0.0,0.0,2.50084941474245e-05
8241,0.0,0.0,0.0,0.0,2.50084941474245e-05
8242,0.00010001000100010001,0.00010001000100010001,1.953515703140628e-07,0.00019799959793959194,0.00015640377415685936
8243,0.0,0.0,0.0,0.0,2.50084941474245e-05
8244,0.0,0.00010001000100010001,0.0,0.0,2.50084941474245e-05
8245,0.0,0.0,0.0,0.0,2.50084941474245e-05
8246,0.0,0.00010001000100010001,0.0,0.0,2.50084941474245e-05
8247,0.0,0.0,0.0,0.0,2.50084941474245e-05
8248,0.00010001000100010001,0.00010001000100010001,7.6187112422484495e-06,0.00013334666800013335,6.433435119424953e-05
8249,0.0,0.0,0.0,0.0,2.50084941474245e-05
8250,0.0,0.00010001000100010001,0.0,0.0,2.50084941474245e-05
8251,0.0,0.0,0.0,0.0,2.50084941474245e-05
8252,0.0,0.00010001000100010001,0.0,0.0,2.50084941474245e-05
8253,0.0,0.0,0.0,0.0,2.50084941474245e-05
8254,0.00010001000100010001,0.00010001000100010001,0.0,0.00013334666800013335,6.433435119424953e-05
8255,0.0,0.0,0.0,0.0,2.50084941474245e-05
8256,0.0,0.00010001000100010001,0.0,0.0,2.50084941474245e-05
8257,0.0,0.0,0.0,0.0,2.50084941474245e-05
8258,0.0,0.00010001000100010001,0.0,0.0,2.50084941474245e-05
8259,0.0,0.0,0.0,0.0,2.50084941474245e-05
8260,0.00010001000100010001,0.00010001000100010001,4.961929885977195e-05,0.0002984770526742115,0.00022069800656524059
8261,0.0,0.0,0.0,0.0,2.50084941474245e-05
8262,0.0,0.00010001000100010001,0.0,0.0,2.50084941474245e-05
8263,0.0,0.0,0.0,0.0,2.50084941474245e-05
8264,0.0,0.00010001000100010001,0.0,0.0,2.50084941474245e-05
8265,0.0,0.0,0.0,0.0,2.50084941474245e-05
8266,0.00010001000100010001,0.00010001000100010001,0.0,0.00013334666800013335,6.433435119424953e-05
8267,0.0,0.0,0.0,0.0,2.50084941474245e-05
8268,0.0,0.00010001000100010001,0.0,0.0,2.50084941474245e-05
8269,0.0,0.0,0.0,0.0,2.50084941474245e-05
8270,0.0,0.00010001000100010001,0.0,0.0,2.50084941474245e-05
8271,0.0,0.0,0.0,0.0,2.50084941474245e-05
8272,0.00010001000100010001,0.00010001000100010001,0.0,0.00013334666800013335,6.433435119424953e-05
8273,0.0,0.0,0.0,0.0,2.50084941474245e-05
8274,0.0,0.00010001000100010001,0.0,0.0,2.50084941474245e-05
8275,0.0,0.0,0.0,0.0,2.50084941474245e-05
8276,0.0,0.00010001000100010001,0.0,0.0,2.50084941474245e-05
8277,0.0,0.0,0.0,0.0,2.50084941474245e-05
8278,0.00010001000100010001,0.00010001000100010001,0.0,0.00016668333500016668,0.00010384368462141806
8279,0.0,0.0,0.0,0.0,2.50084941474245e-05
8280,0.0,0.00010001000100010001,0.0,0.0,2.50084941474245e-05
8281,0.0,0.0,0.0,0.0,2.50084941474245e-05
8282,0.0,0.00010001000100010001,0.0,0.0,2.50084941474245e-05
8283,0.0,0.0,0.0,0.0,2.50084941474245e-05
8284,0.00010001000100010001,0.00010001000100010001,0.0,0.00013334666800013335,6.433435119424953e-05
8285,0.0,0.0,0.0,0.0,2.50084941474245e-05
8286,0.0,0.00010001000100010001,0.0,0.0,2.50084941474245e-05
8287,0.0,0.0,0.0,0.0,2.50084941474245e-05
8288,0.0,0.00010001000100010001,0.0,0.0,2.50084941474245e-05
8289,0.0,0.0,0.0,0.0,2.50084941474245e-05
8290,0.00010001000100010001,0.00010001000100010001,0.0,0.00013334666800013335,6.433435119424953e-05
8291,0.0,0.0,0.0,0.0,2.50084941474245e-05
8292,0.0,0.00010001000100010001,0.0,0.0,2.50084941474245e-05
8293,0.0,0.0,0.0,0.0,2.50084941474245e-05
8294,0.0,0.00010001000100010001,0.0,0.0,2.50084941474245e-05
8295,0.0,0.0,0.0,0.0,2.50084941474245e-05
8296,0.00010001000100010001,0.00010001000100010001,0.0,0.00017779555733351112,0.000128107354012378
8297,0.0,0.0,0.0,0.0,2.50084941474245e-05
8298,0.0,0.00010001000100010001,0.0,0.0,2.50084941474245e-05
8299,0.0,0.0,0.0,0.0,2.50084941474245e-05
8300,0.0,0.00010001000100010001,0.0,0.0,2.50084941474245e-05
8301,0.0,0.0,0.0,0.0,2.50084941474245e-05
8302,0.00010001000100010001,0.00010001000100010001,0.0,0.00013334666800013335,6.433435119424953e-05
8303,0.0,0.0,0.0,0.0,2.50084941474245e-05
8304,0.0,0.00010001000100010001,0.0,0.0,2.50084941474245e-05
8305,0.0,0.0,0.0,0.0,2.50084941474245e-05
8306,0.0,0.00010001000100010001,0.0,0.0,2.50084941474245e-05
8307,0.0,0.0,0.0,0.0,2.50084941474245e-05
8308,0.00010001000100010001,0.00010001000100010001,0.0,0.00013334666800013335,6.433435119424953e-05
8309,0.0,0.0,0.0,0.0,2.50084941474245e-05
8310,0.0,0.00010001000100010001,0.0,0.0,2.50084941474245e-05
8311,0.0,0.0,0.0,0.0,2.50084941474245e-05
8312,0.0,0.00010001000100010001,0.0,0.0,2.50084941474245e-05
8313,0.0,0.0,0.0,0.0,2.50084941474245e-05
8314,0.00010001000100010001,0.00010001000100010001,0.0,0.00021178588447080005,0.00015673425685818406
8315,0.0,0.0,0.0,0.0,2.50084941474245e-05
8316,0.0,0.00010001000100010001,0.0,0.0,2.50084941474245e-05
8317,0.0,0.0,0.0,0.0,2.50084941474245e-05
8318,0.0,0.00010001000100010001,0.0,0.0,2.50084941474245e-05
8319,0.0,0.0,0.0,0.0,2.50084941474245e-05
8320,0.00010001000100010001,0.00010001000100010001,6.641953390678136e-06,0.00013334666800013335,6.433435119424953e-05
8321,0.0,0.0,0.0,0.0,2.50084941474245e-05
8322,0.0,0.00010001000100010001,0.0,0.0,2.50084941474245e-05
8323,0.0,0.0,0.0,0.0,2.50084941474245e-05
8324,0.0,0.00010001000100010001,0.0,0.0,2.50084941474245e-05
8325,0.0,0.0,0.0,0.0,2.50084941474245e-05
8326,0.00010001000100010001,0.00010001000100010001,0.0,0.00013334666800013335,6.433435119424953e-05
8327,0.0,0.0,0.0,0.0,2.50084941474245e-05
8328,0.0,0.00010001000100010001,0.0,0.0,2.50084941474245e-05
8329,0.0,0.0,0.0,0.0,2.50084941474245e-05
8330,0.0,0.00010001000100010001,0.0,0.0,2.50084941474245e-05
8331,0.0,0.0,0.0,0.0,2.50084941474245e-05
8332,0.00010001000100010001,0.00010001000100010001,0.0,0.00016668333500016668,0.00010384368462141806
8333,0.0,0.0,0.0,0.0,2.50084941474245e-05
8334,0.0,0.00010001000100010001,0.0,0.0,2.50084941474245e-05
8335,0.0,0.0,0.0,0.0,2.50084941474245e-05
8336,0.0,0.00010001000100010001,0.0,0.0,2.50084941474245e-05
8337,0.0,0.0,0.0,0.0,2.50084941474245e-05
8338,0.00010001000100010001,0.00010001000100010001,0.0,0.00013334666800013335,6.433435119424953e-05
8339,0.0,0.0,0.0,0.0,2.50084941474245e-05
8340,0.0,0.00010001000100010001,0.0,0.0,2.50084941474245e-05
8341,0.0,0.0,0.0,0.0,2.50084941474245e-05
8342,0.0,0.00010001000100010001,0.0,0.0,2.50084941474245e-05
8343,0.0,0.0,0.0,0.0,2.50084941474245e-05
8344,0.00010001000100010001,0.00010001000100010001,0.0,0.00013334666800013335,6.433435119424953e-05
8345,0.0,0.0,0.0,0.0,2.50084941474245e-05
8346,0.0,0.00010001000100010001,0.0,0.0,2.50084941474245e-05
8347,0.0,0.0,0.0,0.0,2.50084941474245e-05
8348,0.0,0.00010001000100010001,0.0,0.0,2.50084941474245e-05
8349,0.0,0.0,0.0,0.0,2.50084941474245e-05
8350,0.00010001000100010001,0.00010001000100010001,1.953515703140628e-07,0.0001818363654547273,0.00013882327744667856
8351,0.0,0.0,0.0,0.0,2.50084941474245e-05
8352,0.0,0.00010001000100010001,0.0,0.0,2.50084941474245e-05
8353,0.0,0.0,0.0,0.0,2.50084941474245e-05
8354,0.0,0.00010001000100010001,0.0,0.0,2.50084941474245e-05
8355,0.0,0.0,0.0,0.0,2.50084941474245e-05
8356,0.00010001000100010001,0.00010001000100010001,0.0,0.00013334666800013335,6.433435119424953e-05
8357,0.0,0.0,0.0,0.0,2.50084941474245e-05
8358,0.0,0.00010001000100010001,0.0,0.0,2.50084941474245e-05
8359,0.0,0.0,0.0,0.0,2.50084941474245e-05
8360,0.0,0.00010001000100010001,0.0,0.0,2.50084941474245e-05
8361,0.0,0.0,0.0,0.0,2.50084941474245e-05
8362,0.00010001000100010001,0.00010001000100010001,0.0,0.00013334666800013335,6.433435119424953e-05
8363,0.0,0.0,0.0,0.0,2.50084941474245e-05
8364,0.0,0.00010001000100010001,0.0,0.0,2.50084941474245e-05
8365,0.0,0.0,0.0,0.0,2.50084941474245e-05
8366,0.0,0.00010001000100010001,0.0,0.0,2.50084941474245e-05
8367,0.0,0.0,0.0,0.0,2.50084941474245e-05
8368,0.00010001000100010001,0.00010001000100010001,2.4809649429885976e-05,0.00019758073368312442,0.00013920375572321544
8369,0.0,0.0,0.0,0.0,2.50084941474245e-05
8370,0.0,0.00010001000100010001,0.0,0.0,2.50084941474245e-05
8371,0.0,0.0,0.0,0.0,2.50084941474245e-05
8372,0.0,0.00010001000100010001,0.0,0.0,2.50084941474245e-05
8373,0.0,0.0,0.0,0.0,2.50084941474245e-05
8374,0.00010001000100010001,0.00010001000100010001,0.0,0.00013334666800013335,6.433435119424953e-05
8375,0.0,0.0,0.0,0.0,2.50084941474245e-05
8376,0.0,0.00010001000100010001,0.0,0.0,2.50084941474245e-05
8377,0.0,0.0,0.0,0.0,2.50084941474245e-05
8378,0.0,0.00010001000100010001,0.0,0.0,2.50084941474245e-05
8379,0.0,0.0,0.0,0.0,2.50084941474245e-05
8380,0.00010001000100010001,0.00010001000100010001,0.0,0.00013334666800013335,6.433435119424953e-05
8381,0.0,0.0,0.0,0.0,2.50084941474245e-05
8382,0.0,0.00010001000100010001,0.0,0.0,2.50084941474245e-05
8383,0.0,0.0,0.0,0.0,2.50084941474245e-05
8384,0.0,0.00010001000100010001,0.0,0.0,2.50084941474245e-05
8385,0.0,0.0,0.0,0.0,2.50084941474245e-05
8386,0.00010001000100010001,0.00010001000100010001,0.0,0.00016668333500016668,0.00010384368462141806
8387,0.0,0.0,0.0,0.0,2.50084941474245e-05
8388,0.0,0.00010001000100010001,0.0,0.0,2.50084941474245e-05
8389,0.0,0.0,0.0,0.0,2.50084941474245e-05
8390,0.0,0.00010001000100010001,0.0,0.0,2.50084941474245e-05
8391,0.0,0.0,0.0,0.0,2.50084941474245e-05
8392,0.00010001000100010001,0.00010001000100010001,0.0,0.00013334666800013335,6.433435119424953e-05
8393,0.0,0.0,0.0,0.0,2.50084941474245e-05
8394,0.0,0.00010001000100010001,0.0,0.0,2.50084941474245e-05
8395,0.0,0.0,0.0,0.0,2.50084941474245e-05
8396,0.0,0.00010001000100010001,0.0,0.0,2.50084941474245e-05
8397,0.0,0.0,0.0,0.0,2.50084941474245e-05
8398,0.00010001000100010001,0.00010001000100010001,0.0,0.00013334666800013335,6.433435119424953e-05
8399,0.0,0.0,0.0,0.0,2.50084941474245e-05
8400,0.0,0.00010001000100010001,0.0,0.0,2.50084941474245e-05
8401,0.0,0.0,0.0,0.0,2.50084941474245e-05
8402,0.0,0.00010001000100010001,0.0,0.0,2.50084941474245e-05
8403,0.0,0.0,0.0,0.0,2.50084941474245e-05
8404,0.00010001000100010001,0.00010001000100010001,6.641953390678136e-06,0.0001920827003335254,0.00014563785514734663
8405,0.0,0.0,0.0,0.0,2.50084941474245e-05
8406,0.0,0.00010001000100010001,0.0,0.0,2.50084941474245e-05
8407,0.0,0.0,0.0,0.0,2.50084941474245e-05
8408,0.0,0.00010001000100010001,0.0,0.0,2.50084941474245e-05
8409,0.0,0.0,0.0,0.0,2.50084941474245e-05
8410,0.00010001000100010001,0.00010001000100010001,0.0,0.00013334666800013335,6.433435119424953e-05
8411,0.0,0.0,0.0,0.0,2.50084941474245e-05
8412,0.0,0.00010001000100010001,0.0,0.0,2.50084941474245e-05
8413,0.0,0.0,0.0,0.0,2.50084941474245e-05
8414,0.0,0.00010001000100010001,0.0,0.0,2.50084941474245e-05
8415,0.0,0.0,0.0,0.0,2.50084941474245e-05
8416,0.00010001000100010001,0.00010001000100010001,0.0,0.00013334666800013335,6.433435119424953e-05
8417,0.0,0.0,0.0,0.0,2.50084941474245e-05
8418,0.0,0.00010001000100010001,0.0,0.0,2.50084941474245e-05
8419,0.0,0.0,0.0,0.0,2.50084941474245e-05
8420,0.0,0.00010001000100010001,0.0,0.0,2.50084941474245e-05
8421,0.0,0.0,0.0,0.0,2.50084941474245e-05
8422,0.00010001000100010001,0.00010001000100010001,0.0,0.00023938564069172876,0.00017546733052856465
8423,0.0,0.0,0.0,0.0,2.50084941474245e-05
8424,0.0,0.00010001000100010001,0.0,0.0,2.50084941474245e-05
8425,0.0,0.0,0.0,0.0,2.50084941474245e-05
8426,0.0,0.00010001000100010001,0.0,0.0,2.50084941474245e-05
8427,0.0,0.0,0.0,0.0,2.50084941474245e-05
8428,0.00010001000100010001,0.00010001000100010001,0.0,0.00013334666800013335,6.433435119424953e-05
8429,0.0,0.0,0.0,0.0,2.50084941474245e-05
8430,0.0,0.00010001000100010001,0.0,0.0,2.50084941474245e-05
8431,0.0,0.0,0.0,0.0,2.50084941474245e-05
8432,0.0,0.00010001000100010001,0.0,0.0,2.50084941474245e-05
8433,0.0,0.0,0.0,0.0,2.50084941474245e-05
8434,0.00010001000100010001,0.00010001000100010001,0.0,0.00013334666800013335,6.433435119424953e-05
8435,0.0,0.0,0.0,0.0,2.50084941474245e-05
8436,0.0,0.00010001000100010001,0.0,0.0,2.50084941474245e-05
8437,0.0,0.0,0.0,0.0,2.50084941474245e-05
8438,0.0,0.00010001000100010001,0.0,0.0,2.50084941474245e-05
8439,0.0,0.0,0.0,0.0,2.50084941474245e-05
8440,0.00010001000100010001,0.00010001000100010001,0.0,0.00016668333500016668,0.00010384368462141806
8441,0.0,0.0,0.0,0.0,2.50084941474245e-05
8442,0.0,0.00010001000100010001,0.0,0.0,2.50084941474245e-05
8443,0.0,0.0,0.0,0.0,2.50084941474245e-05
8444,0.0,0.00010001000100010001,0.0,0.0,2.50084941474245e-05
8445,0.0,0.0,0.0,0.0,2.50084941474245e-05
8446,0.00010001000100010001,0.00010001000100010001,0.0,0.00013334666800013335,6.433435119424953e-05
8447,0.0,0.0,0.0,0.0,2.50084941474245e-05
8448,0.0,0.00010001000100010001,0.0,0.0,2.50084941474245e-05
8449,0.0,0.0,0.0,0.0,2.50084941474245e-05
8450,0.0,0.00010001000100010001,0.0,0.0,2.50084941474245e-05
8451,0.0,0.0,0.0,0.0,2.50084941474245e-05
8452,0.00010001000100010001,0.00010001000100010001,0.0,0.00013334666800013335,6.433435119424953e-05
8453,0.0,0.0,0.0,0.0,2.50084941474245e-05
8454,0.0,0.00010001000100010001,0.0,0.0,2.50084941474245e-05
8455,0.0,0.0,0.0,0.0,2.50084941474245e-05
8456,0.0,0.00010001000100010001,0.0,0.0,2.50084941474245e-05
8457,0.0,0.0,0.0,0.0,2.50084941474245e-05
8458,0.00010001000100010001,0.00010001000100010001,1.953515703140628e-07,0.000175017501750175,0.00012129277631170992
8459,0.0,0.0,0.0,0.0,2.50084941474245e-05
8460,0.0,0.00010001000100010001,0.0,0.0,2.50084941474245e-05
8461,0.0,0.0,0.0,0.0,2.50084941474245e-05
8462,0.0,0.00010001000100010001,0.0,0.0,2.50084941474245e-05
8463,0.0,0.0,0.0,0.0,2.50084941474245e-05
8464,0.00010001000100010001,0.00010001000100010001,0.0,0.00013334666800013335,6.433435119424953e-05
8465,0.0,0.0,0.0,0.0,2.50084941474245e-05
8466,0.0,0.00010001000100010001,0.0,0.0,2.50084941474245e-05
8467,0.0,0.0,0.0,0.0,2.50084941474245e-05
8468,0.0,0.00010001000100010001,0.0,0.0,2.50084941474245e-05
8469,0.0,0.0,0.0,0.0,2.50084941474245e-05
8470,0.00010001000100010001,0.00010001000100010001,0.0,0.00013334666800013335,6.433435119424953e-05
8471,0.0,0.0,0.0,0.0,2.50084941474245e-05
8472,0.0,0.00010001000100010001,0.0,0.0,2.50084941474245e-05
8473,0.0,0.0,0.0,0.0,2.50084941474245e-05
8474,0.0,0.00010001000100010001,0.0,0.0,2.50084941474245e-05
8475,0.0,0.0,0.0,0.0,2.50084941474245e-05
8476,0.00010001000100010001,0.00010001000100010001,2.3442188437687538e-06,0.00026771479376349895,0.00019811766546329942
8477,0.0,0.0,0.0,0.0,2.50084941474245e-05
8478,0.0,0.00010001000100010001,0.0,0.0,2.50084941474245e-05
8479,0.0,0.0,0.0,0.0,2.50084941474245e-05
8480,0.0,0.00010001000100010001,0.0,0.0,2.50084941474245e-05
8481,0.0,0.0,0.0,0.0,2.50084941474245e-05
8482,0.00010001000100010001,0.00010001000100010001,1.953515703140628e-07,0.00013334666800013335,6.433435119424953e-05
8483,0.0,0.0,0.0,0.0,2.50084941474245e-05
8484,0.0,0.00010001000100010001,0.0,0.0,2.50084941474245e-05
8485,0.0,0.0,0.0,0.0,2.50084941474245e-05
8486,0.0,0.00010001000100010001,0.0,0.0,2.50084941474245e-05
8487,0.0,0.0,0.0,0.0,2.50084941474245e-05
8488,0.00010001000100010001,0.00010001000100010001,0.0,0.00013334666800013335,6.433435119424953e-05
8489,0.0,0.0,0.0,0.0,2.50084941474245e-05
8490,0.0,0.00010001000100010001,0.0,0.0,2.50084941474245e-05
8491,0.0,0.0,0.0,0.0,2.50084941474245e-05
8492,0.0,0.00010001000100010001,0.0,0.0,2.50084941474245e-05
8493,0.0,0.0,0.0,0.0,2.50084941474245e-05
8494,0.00010001000100010001,0.00010001000100010001,0.0,0.00016668333500016668,0.00010384368462141806
8495,0.0,0.0,0.0,0.0,2.50084941474245e-05
8496,0.0,0.00010001000100010001,0.0,0.0,2.50084941474245e-05
8497,0.0,0.0,0.0,0.0,2.50084941474245e-05
8498,0.0,0.00010001000100010001,0.0,0.0,2.50084941474245e-05
8499,0.0,0.0,0.0,0.0,2.50084941474245e-05
8500,0.00010001000100010001,0.00010001000100010001,0.0,0.00013334666800013335,6.433435119424953e-05
8501,0.0,0.0,0.0,0.0,2.50084941474245e-05
8502,0.0,0.00010001000100010001,0.0,0.0,2.50084941474245e-05
8503,0.0,0.0,0.0,0.0,2.50084941474245e-05
8504,0.0,0.00010001000100010001,0.0,0.0,2.50084941474245e-05
8505,0.0,0.0,0.0,0.0,2.50084941474245e-05
8506,0.00010001000100010001,0.00010001000100010001,0.0,0.00013334666800013335,6.433435119424953e-05
8507,0.0,0.0,0.0,0.0,2.50084941474245e-05
8508,0.0,0.00010001000100010001,0.0,0.0,2.50084941474245e-05
8509,0.0,0.0,0.0,0.0,2.50084941474245e-05
8510,0.0,0.00010001000100010001,0.0,0.0,2.50084941474245e-05
8511,0.0,0.0,0.0,0.0,2.50084941474245e-05
8512,0.00010001000100010001,0.00010001000100010001,0.0,0.000175017501750175,0.00012129277631170992
8513,0.0,0.0,0.0,0.0,2.50084941474245e-05
8514,0.0,0.00010001000100010001,0.0,0.0,2.50084941474245e-05
8515,0.0,0.0,0.0,0.0,2.50084941474245e-05
8516,0.0,0.00010001000100010001,0.0,0.0,2.50084941474245e-05
8517,0.0,0.0,0.0,0.0,2.50084941474245e-05
8518,0.00010001000100010001,0.00010001000100010001,0.0,0.00013334666800013335,6.433435119424953e-05
8519,0.0,0.0,0.0,0.0,2.50084941474245e-05
8520,0.0,0.00010001000100010001,0.0,0.0,2.50084941474245e-05
8521,0.0,0.0,0.0,0.0,2.50084941474245e-05
8522,0.0,0.00010001000100010001,0.0,0.0,2.50084941474245e-05
8523,0.0,0.0,0.0,0.0,2.50084941474245e-05
8524,0.00010001000100010001,0.00010001000100010001,0.0,0.00013334666800013335,6.433435119424953e-05
8525,0.0,0.0,0.0,0.0,2.50084941474245e-05
8526,0.0,0.00010001000100010001,0.0,0.0,2.50084941474245e-05
8527,0.0,0.0,0.0,0.0,2.50084941474245e-05
8528,0.0,0.00010001000100010001,0.0,0.0,2.50084941474245e-05
8529,0.0,0.0,0.0,0.0,2.50084941474245e-05
8530,0.00010001000100010001,0.00010001000100010001,0.0,0.00019395878981837578,0.00013238917802254737
8531,0.0,0.0,0.0,0.0,2.50084941474245e-05
8532,0.0,0.00010001000100010001,0.0,0.0,2.50084941474245e-05
8533,0.0,0.0,0.0,0.0,2.50084941474245e-05
8534,0.0,0.00010001000100010001,0.0,0.0,2.50084941474245e-05
8535,0.0,0.0,0.0,0.0,2.50084941474245e-05
8536,0.00010001000100010001,0.00010001000100010001,0.0,0.00013334666800013335,6.433435119424953e-05
8537,0.0,0.0,0.0,0.0,2.50084941474245e-05
8538,0.0,0.00010001000100010001,0.0,0.0,2.50084941474245e-05
8539,0.0,0.0,0.0,0.0,2.50084941474245e-05
8540,0.0,0.00010001000100010001,0.0,0.0,2.50084941474245e-05
8541,0.0,0.0,0.0,0.0,2.50084941474245e-05
8542,0.00010001000100010001,0.00010001000100010001,0.0,0.00013334666800013335,6.433435119424953e-05
8543,0.0,0.0,0.0,0.0,2.50084941474245e-05
8544,0.0,0.00010001000100010001,0.0,0.0,2.50084941474245e-05
8545,0.0,0.0,0.0,0.0,2.50084941474245e-05
8546,0.0,0.00010001000100010001,0.0,0.0,2.50084941474245e-05
8547,0.0,0.0,0.0,0.0,2.50084941474245e-05
8548,0.00010001000100010001,0.00010001000100010001,0.0,0.00016668333500016668,0.00010384368462141806
8549,0.0,0.0,0.0,0.0,2.50084941474245e-05
8550,0.0,0.00010001000100010001,0.0,0.0,2.50084941474245e-05
8551,0.0,0.0,0.0,0.0,2.50084941474245e-05
8552,0.0,0.00010001000100010001,0.0,0.0,2.50084941474245e-05
8553,0.0,0.0,0.0,0.0,2.50084941474245e-05
8554,0.00010001000100010001,0.00010001000100010001,0.0,0.00013334666800013335,6.433435119424953e-05
8555,0.0,0.0,0.0,0.0,2.50084941474245e-05
8556,0.0,0.00010001000100010001,0.0,0.0,2.50084941474245e-05
8557,0.0,0.0,0.0,0.0,2.50084941474245e-05
8558,0.0,0.00010001000100010001,0.0,0.0,2.50084941474245e-05
8559,0.0,0.0,0.0,0.0,2.50084941474245e-05
8560,0.00010001000100010001,0.00010001000100010001,0.0,0.00013334666800013335,6.433435119424953e-05
8561,0.0,0.0,0.0,0.0,2.50084941474245e-05
8562,0.0,0.00010001000100010001,0.0,0.0,2.50084941474245e-05
8563,0.0,0.0,0.0,0.0,2.50084941474245e-05
8564,0.0,0.00010001000100010001,0.0,0.0,2.50084941474245e-05
8565,0.0,0.0,0.0,0.0,2.50084941474245e-05
8566,0.00010001000100010001,0.00010001000100010001,5.860547109421884e-07,0.00030641066880613164,0.00020003746084391126
8567,0.0,0.0,0.0,0.0,2.50084941474245e-05
8568,0.0,0.00010001000100010001,0.0,0.0,2.50084941474245e-05
8569,0.0,0.0,0.0,0.0,2.50084941474245e-05
8570,0.0,0.00010001000100010001,0.0,0.0,2.50084941474245e-05
8571,0.0,0.0,0.0,0.0,2.50084941474245e-05
8572,0.00010001000100010001,0.00010001000100010001,1.1721094218843769e-06,0.00013334666800013335,6.433435119424953e-05
8573,0.0,0.0,0.0,0.0,2.50084941474245e-05
8574,0.0,0.00010001000100010001,0.0,0.0,2.50084941474245e-05
8575,0.0,0.0,0.0,0.0,2.50084941474245e-05
8576,0.0,0.00010001000100010001,0.0,0.0,2.50084941474245e-05
8577,0.0,0.0,0.0,0.0,2.50084941474245e-05
8578,0.00010001000100010001,0.00010001000100010001,0.0,0.00013334666800013335,6.433435119424953e-05
8579,0.0,0.0,0.0,0.0,2.50084941474245e-05
8580,0.0,0.00010001000100010001,0.0,0.0,2.50084941474245e-05
8581,0.0,0.0,0.0,0.0,2.50084941474245e-05
8582,0.0,0.00010001000100010001,0.0,0.0,2.50084941474245e-05
8583,0.0,0.0,0.0,0.0,2.50084941474245e-05
8584,0.00010001000100010001,0.00010001000100010001,1.0178160876793754e-05,0.00024727747500024726,0.0001949063085790315
8585,0.0,0.0,0.0,0.0,2.50084941474245e-05
8586,0.0,0.00010001000100010001,0.0,0.0,2.50084941474245e-05
8587,0.0,0.0,0.0,0.0,2.50084941474245e-05
8588,0.0,0.00010001000100010001,0.0,0.0,2.50084941474245e-05
8589,0.0,0.0,0.0,0.0,2.50084941474245e-05
8590,0.00010001000100010001,0.00010001000100010001,0.0,0.00013334666800013335,6.433435119424953e-05
8591,0.0,0.0,0.0,0.0,2.50084941474245e-05
8592,0.0,0.00010001000100010001,0.0,0.0,2.50084941474245e-05
8593,0.0,0.0,0.0,0.0,2.50084941474245e-05
8594,0.0,0.00010001000100010001,0.0,0.0,2.50084941474245e-05
8595,0.0,0.0,0.0,0.0,2.50084941474245e-05
8596,0.00010001000100010001,0.00010001000100010001,0.0,0.00013334666800013335,6.433435119424953e-05
8597,0.0,0.0,0.0,0.0,2.50084941474245e-05
8598,0.0,0.00010001000100010001,0.0,0.0,2.50084941474245e-05
8599,0.0,0.0,0.0,0.0,2.50084941474245e-05
8600,0.0,0.00010001000100010001,0.0,0.0,2.50084941474245e-05
8601,0.0,0.0,0.0,0.0,2.50084941474245e-05
8602,0.00010001000100010001,0.00010001000100010001,0.0,0.00016668333500016668,0.00010384368462141806
8603,0.0,0.0,0.0,0.0,2.50084941474245e-05
8604,0.0,0.00010001000100010001,0.0,0.0,2.50084941474245e-05
8605,0.0,0.0,0.0,0.0,2.50084941474245e-05
8606,0.0,0.00010001000100010001,0.0,0.0,2.50084941474245e-05
8607,0.0,0.0,0.0,0.0,2.50084941474245e-05
8608,0.00010001000100010001,0.00010001000100010001,6.641953390678136e-06,0.00013334666800013335,6.433435119424953e-05
8609,0.0,0.0,0.0,0.0,2.50084941474245e-05
8610,0.0,0.00010001000100010001,0.0,0.0,2.50084941474245e-05
8611,0.0,0.0,0.0,0.0,2.50084941474245e-05
8612,0.0,0.00010001000100010001,0.0,0.0,2.50084941474245e-05
8613,0.0,0.0,0.0,0.0,2.50084941474245e-05
8614,0.00010001000100010001,0.00010001000100010001,0.0,0.00013334666800013335,6.433435119424953e-05
8615,0.0,0.0,0.0,0.0,2.50084941474245e-05
8616,0.0,0.00010001000100010001,0.0,0.0,2.50084941474245e-05
8617,0.0,0.0,0.0,0.0,2.50084941474245e-05
8618,0.0,0.00010001000100010001,0.0,0.0,2.50084941474245e-05
8619,0.0,0.0,0.0,0.0,2.50084941474245e-05
8620,0.00010001000100010001,0.00010001000100010001,0.0,0.000175017501750175,0.00012129277631170992
8621,0.0,0.0,0.0,0.0,2.50084941474245e-05
8622,0.0,0.00010001000100010001,0.0,0.0,2.50084941474245e-05
8623,0.0,0.0,0.0,0.0,2.50084941474245e-05
8624,0.0,0.00010001000100010001,0.0,0.0,2.50084941474245e-05
8625,0.0,0.0,0.0,0.0,2.50084941474245e-05
8626,0.00010001000100010001,0.00010001000100010001,0.0,0.00013334666800013335,6.433435119424953e-05
8627,0.0,0.0,0.0,0.0,2.50084941474245e-05
8628,0.0,0.00010001000100010001,0.0,0.0,2.50084941474245e-05
8629,0.0,0.0,0.0,0.0,2.50084941474245e-05
8630,0.0,0.00010001000100010001,0.0,0.0,2.50084941474245e-05
8631,0.0,0.0,0.0,0.0,2.50084941474245e-05
8632,0.00010001000100010001,0.00010001000100010001,0.0,0.00013334666800013335,6.433435119424953e-05
8633,0.0,0.0,0.0,0.0,2.50084941474245e-05
8634,0.0,0.00010001000100010001,0.0,0.0,2.50084941474245e-05
8635,0.0,0.0,0.0,0.0,2.50084941474245e-05
8636,0.0,0.00010001000100010001,0.0,0.0,2.50084941474245e-05
8637,0.0,0.0,0.0,0.0,2.50084941474245e-05
8638,0.00010001000100010001,0.00010001000100010001,0.0,0.00020944123397847032,0.00016846397465140173
8639,0.0,0.0,0.0,0.0,2.50084941474245e-05
8640,0.0,0.00010001000100010001,0.0,0.0,2.50084941474245e-05
8641,0.0,0.0,0.0,0.0,2.50084941474245e-05
8642,0.0,0.00010001000100010001,0.0,0.0,2.50084941474245e-05
8643,0.0,0.0,0.0,0.0,2.50084941474245e-05
8644,0.00010001000100010001,0.00010001000100010001,0.0,0.00013334666800013335,6.433435119424953e-05
8645,0.0,0.0,0.0,0.0,2.50084941474245e-05
8646,0.0,0.00010001000100010001,0.0,0.0,2.50084941474245e-05
8647,0.0,0.0,0.0,0.0,2.50084941474245e-05
8648,0.0,0.00010001000100010001,0.0,0.0,2.50084941474245e-05
8649,0.0,0.0,0.0,0.0,2.50084941474245e-05
8650,0.00010001000100010001,0.00010001000100010001,0.0,0.00013334666800013335,6.433435119424953e-05
8651,0.0,0.0,0.0,0.0,2.50084941474245e-05
8652,0.0,0.00010001000100010001,0.0,0.0,2.50084941474245e-05
8653,0.0,0.0,0.0,0.0,2.50084941474245e-05
8654,0.0,0.00010001000100010001,0.0,0.0,2.50084941474245e-05
8655,0.0,0.0,0.0,0.0,2.50084941474245e-05
8656,0.00010001000100010001,0.00010001000100010001,0.0,0.00016668333500016668,0.00010384368462141806
8657,0.0,0.0,0.0,0.0,2.50084941474245e-05
8658,0.0,0.00010001000100010001,0.0,0.0,2.50084941474245e-05
8659,0.0,0.0,0.0,0.0,2.50084941474245e-05
8660,0.0,0.00010001000100010001,0.0,0.0,2.50084941474245e-05
8661,0.0,0.0,0.0,0.0,2.50084941474245e-05
8662,0.00010001000100010001,0.00010001000100010001,0.0,0.00013334666800013335,6.433435119424953e-05
8663,0.0,0.0,0.0,0.0,2.50084941474245e-05
8664,0.0,0.00010001000100010001,0.0,0.0,2.50084941474245e-05
8665,0.0,0.0,0.0,0.0,2.50084941474245e-05
8666,0.0,0.00010001000100010001,0.0,0.0,2.50084941474245e-05
8667,0.0,0.0,0.0,0.0,2.50084941474245e-05
8668,0.00010001000100010001,0.00010001000100010001,0.0,0.00013334666800013335,6.433435119424953e-05
8669,0.0,0.0,0.0,0.0,2.50084941474245e-05
8670,0.0,0.00010001000100010001,0.0,0.0,2.50084941474245e-05
8671,0.0,0.0,0.0,0.0,2.50084941474245e-05
8672,0.0,0.00010001000100010001,0.0,0.0,2.50084941474245e-05
8673,0.0,0.0,0.0,0.0,2.50084941474245e-05
8674,0.00010001000100010001,0.00010001000100010001,0.0,0.000175017501750175,0.00012129277631170992
8675,0.0,0.0,0.0,0.0,2.50084941474245e-05
8676,0.0,0.00010001000100010001,0.0,0.0,2.50084941474245e-05
8677,0.0,0.0,0.0,0.0,2.50084941474245e-05
8678,0.0,0.00010001000100010001,0.0,0.0,2.50084941474245e-05
8679,0.0,0.0,0.0,0.0,2.50084941474245e-05
8680,0.00010001000100010001,0.00010001000100010001,0.0,0.00013334666800013335,6.433435119424953e-05
8681,0.0,0.0,0.0,0.0,2.50084941474245e-05
8682,0.0,0.00010001000100010001,0.0,0.0,2.50084941474245e-05
8683,0.0,0.0,0.0,0.0,2.50084941474245e-05
8684,0.0,0.00010001000100010001,0.0,0.0,2.50084941474245e-05
8685,0.0,0.0,0.0,0.0,2.50084941474245e-05
8686,0.00010001000100010001,0.00010001000100010001,0.0,0.00013334666800013335,6.433435119424953e-05
8687,0.0,0.0,0.0,0.0,2.50084941474245e-05
8688,0.0,0.00010001000100010001,0.0,0.0,2.50084941474245e-05
8689,0.0,0.0,0.0,0.0,2.50084941474245e-05
8690,0.0,0.00010001000100010001,0.0,0.0,2.50084941474245e-05
8691,0.0,0.0,0.0,0.0,2.50084941474245e-05
8692,0.00010001000100010001,0.00010001000100010001,0.0,0.00019395878981837578,0.00013238917802254737
8693,0.0,0.0,0.0,0.0,2.50084941474245e-05
8694,0.0,0.00010001000100010001,0.0,0.0,2.50084941474245e-05
8695,0.0,0.0,0.0,0.0,2.50084941474245e-05
8696,0.0,0.00010001000100010001,0.0,0.0,2.50084941474245e-05
8697,0.0,0.0,0.0,0.0,2.50084941474245e-05
8698,0.00010001000100010001,0.00010001000100010001,1.953515703140628e-07,0.00013334666800013335,6.433435119424953e-05
8699,0.0,0.0,0.0,0.0,2.50084941474245e-05
8700,0.0,0.00010001000100010001,0.0,0.0,2.50084941474245e-05
8701,0.0,0.0,0.0,0.0,2.50084941474245e-05
8702,0.0,0.00010001000100010001,0.0,0.0,2.50084941474245e-05
8703,0.0,0.0,0.0,0.0,2.50084941474245e-05
8704,0.00010001000100010001,0.00010001000100010001,0.0,0.00013334666800013335,6.433435119424953e-05
8705,0.0,0.0,0.0,0.0,2.50084941474245e-05
8706,0.0,0.00010001000100010001,0.0,0.0,2.50084941474245e-05
8707,0.0,0.0,0.0,0.0,2.50084941474245e-05
8708,0.0,0.00010001000100010001,0.0,0.0,2.50084941474245e-05
8709,0.0,0.0,0.0,0.0,2.50084941474245e-05
8710,0.00010001000100010001,0.00010001000100010001,0.0,0.00016668333500016668,0.00010384368462141806
8711,0.0,0.0,0.0,0.0,2.50084941474245e-05
8712,0.0,0.00010001000100010001,0.0,0.0,2.50084941474245e-05
8713,0.0,0.0,0.0,0.0,2.50084941474245e-05
8714,0.0,0.00010001000100010001,0.0,0.0,2.50084941474245e-05
8715,0.0,0.0,0.0,0.0,2.50084941474245e-05
8716,0.00010001000100010001,0.00010001000100010001,0.0,0.00013334666800013335,6.433435119424953e-05
8717,0.0,0.0,0.0,0.0,2.50084941474245e-05
8718,0.0,0.00010001000100010001,0.0,0.0,2.50084941474245e-05
8719,0.0,0.0,0.0,0.0,2.50084941474245e-05
8720,0.0,0.00010001000100010001,0.0,0.0,2.50084941474245e-05
8721,0.0,0.0,0.0,0.0,2.50084941474245e-05
8722,0.00010001000100010001,0.00010001000100010001,0.0,0.00013334666800013335,6.433435119424953e-05
8723,0.0,0.0,0.0,0.0,2.50084941474245e-05
8724,0.0,0.00010001000100010001,0.0,0.0,2.50084941474245e-05
8725,0.0,0.0,0.0,0.0,2.50084941474245e-05
8726,0.0,0.00010001000100010001,0.0,0.0,2.50084941474245e-05
8727,0.0,0.0,0.0,0.0,2.50084941474245e-05
8728,0.00010001000100010001,0.00010001000100010001,9.181523804760953e-06,0.00019777762529616188,0.00016425415944211908
8729,0.0,0.0,0.0,0.0,2.50084941474245e-05
8730,0.0,0.00010001000100010001,0.0,0.0,2.50084941474245e-05
8731,0.0,0.0,0.0,0.0,2.50084941474245e-05
8732,0.0,0.00010001000100010001,0.0,0.0,2.50084941474245e-05
8733,0.0,0.0,0.0,0.0,2.50084941474245e-05
8734,0.00010001000100010001,0.00010001000100010001,0.0,0.00013334666800013335,6.433435119424953e-05
8735,0.0,0.0,0.0,0.0,2.50084941474245e-05
8736,0.0,0.00010001000100010001,0.0,0.0,2.50084941474245e-05
8737,0.0,0.0,0.0,0.0,2.50084941474245e-05
8738,0.0,0.00010001000100010001,0.0,0.0,2.50084941474245e-05
8739,0.0,0.0,0.0,0.0,2.50084941474245e-05
8740,0.00010001000100010001,0.00010001000100010001,0.0,0.00013334666800013335,6.433435119424953e-05
8741,0.0,0.0,0.0,0.0,2.50084941474245e-05
8742,0.0,0.00010001000100010001,0.0,0.0,2.50084941474245e-05
8743,0.0,0.0,0.0,0.0,2.50084941474245e-05
8744,0.0,0.00010001000100010001,0.0,0.0,2.50084941474245e-05
8745,0.0,0.0,0.0,0.0,2.50084941474245e-05
8746,0.00010001000100010001,0.00010001000100010001,3.907031406281256e-07,0.0003610887404529926,0.00024143746260768764
8747,0.0,0.0,0.0,0.0,2.50084941474245e-05
8748,0.0,0.00010001000100010001,0.0,0.0,2.50084941474245e-05
8749,0.0,0.0,0.0,0.0,2.50084941474245e-05
8750,0.0,0.00010001000100010001,0.0,0.0,2.50084941474245e-05
8751,0.0,0.0,0.0,0.0,2.50084941474245e-05
8752,0.00010001000100010001,0.00010001000100010001,0.0,0.00013334666800013335,6.433435119424953e-05
8753,0.0,0.0,0.0,0.0,2.50084941474245e-05
8754,0.0,0.00010001000100010001,0.0,0.0,2.50084941474245e-05
8755,0.0,0.0,0.0,0.0,2.50084941474245e-05
8756,0.0,0.00010001000100010001,0.0,0.0,2.50084941474245e-05
8757,0.0,0.0,0.0,0.0,2.50084941474245e-05
8758,0.00010001000100010001,0.00010001000100010001,0.0,0.00013334666800013335,6.433435119424953e-05
8759,0.0,0.0,0.0,0.0,2.50084941474245e-05
8760,0.0,0.00010001000100010001,0.0,0.0,2.50084941474245e-05
8761,0.0,0.0,0.0,0.0,2.50084941474245e-05
8762,0.0,0.00010001000100010001,0.0,0.0,2.50084941474245e-05
8763,0.0,0.0,0.0,0.0,2.50084941474245e-05
8764,0.00010001000100010001,0.00010001000100010001,0.0,0.00016668333500016668,0.00010384368462141806
8765,0.0,0.0,0.0,0.0,2.50084941474245e-05
8766,0.0,0.00010001000100010001,0.0,0.0,2.50084941474245e-05
8767,0.0,0.0,0.0,0.0,2.50084941474245e-05
8768,0.0,0.00010001000100010001,0.0,0.0,2.50084941474245e-05
8769,0.0,0.0,0.0,0.0,2.50084941474245e-05
8770,0.00010001000100010001,0.00010001000100010001,0.0,0.00013334666800013335,6.433435119424953e-05
8771,0.0,0.0,0.0,0.0,2.50084941474245e-05
8772,0.0,0.00010001000100010001,0.0,0.0,2.50084941474245e-05
8773,0.0,0.0,0.0,0.0,2.50084941474245e-05
8774,0.0,0.00010001000100010001,0.0,0.0,2.50084941474245e-05
8775,0.0,0.0,0.0,0.0,2.50084941474245e-05
8776,0.00010001000100010001,0.00010001000100010001,0.0,0.00013334666800013335,6.433435119424953e-05
8777,0.0,0.0,0.0,0.0,2.50084941474245e-05
8778,0.0,0.00010001000100010001,0.0,0.0,2.50084941474245e-05
8779,0.0,0.0,0.0,0.0,2.50084941474245e-05
8780,0.0,0.00010001000100010001,0.0,0.0,2.50084941474245e-05
8781,0.0,0.0,0.0,0.0,2.50084941474245e-05
8782,0.00010001000100010001,0.00010001000100010001,0.0,0.000175017501750175,0.00012129277631170992
8783,0.0,0.0,0.0,0.0,2.50084941474245e-05
8784,0.0,0.00010001000100010001,0.0,0.0,2.50084941474245e-05
8785,0.0,0.0,0.0,0.0,2.50084941474245e-05
8786,0.0,0.00010001000100010001,0.0,0.0,2.50084941474245e-05
8787,0.0,0.0,0.0,0.0,2.50084941474245e-05
8788,0.00010001000100010001,0.00010001000100010001,0.0,0.00013334666800013335,6.433435119424953e-05
8789,0.0,0.0,0.0,0.0,2.50084941474245e-05
8790,0.0,0.00010001000100010001,0.0,0.0,2.50084941474245e-05
8791,0.0,0.0,0.0,0.0,2.50084941474245e-05
8792,0.0,0.00010001000100010001,0.0,0.0,2.50084941474245e-05
8793,0.0,0.0,0.0,0.0,2.50084941474245e-05
8794,0.00010001000100010001,0.00010001000100010001,1.953515703140628e-07,0.00013334666800013335,6.433435119424953e-05
8795,0.0,0.0,0.0,0.0,2.50084941474245e-05
8796,0.0,0.00010001000100010001,0.0,0.0,2.50084941474245e-05
8797,0.0,0.0,0.0,0.0,2.50084941474245e-05
8798,0.0,0.00010001000100010001,0.0,0.0,2.50084941474245e-05
8799,0.0,0.0,0.0,0.0,2.50084941474245e-05
8800,0.00010001000100010001,0.00010001000100010001,1.875375075015003e-05,0.00020168683535020166,0.00014991967915751602
8801,0.0,0.0,0.0,0.0,2.50084941474245e-05
8802,0.0,0.00010001000100010001,0.0,0.0,2.50084941474245e-05
8803,0.0,0.0,0.0,0.0,2.50084941474245e-05
8804,0.0,0.00010001000100010001,0.0,0.0,2.50084941474245e-05
8805,0.0,0.0,0.0,0.0,2.50084941474245e-05
8806,0.00010001000100010001,0.00010001000100010001,0.0,0.00013334666800013335,6.433435119424953e-05
8807,0.0,0.0,0.0,0.0,2.50084941474245e-05
8808,0.0,0.00010001000100010001,0.0,0.0,2.50084941474245e-05
8809,0.0,0.0,0.0,0.0,2.50084941474245e-05
8810,0.0,0.00010001000100010001,0.0,0.0,2.50084941474245e-05
8811,0.0,0.0,0.0,0.0,2.50084941474245e-05
8812,0.00010001000100010001,0.00010001000100010001,0.0,0.00013334666800013335,6.433435119424953e-05
8813,0.0,0.0,0.0,0.0,2.50084941474245e-05
8814,0.0,0.00010001000100010001,0.0,0.0,2.50084941474245e-05
8815,0.0,0.0,0.0,0.0,2.50084941474245e-05
8816,0.0,0.00010001000100010001,0.0,0.0,2.50084941474245e-05
8817,0.0,0.0,0.0,0.0,2.50084941474245e-05
8818,0.00010001000100010001,0.00010001000100010001,0.0,0.00016668333500016668,0.00010384368462141806
8819,0.0,0.0,0.0,0.0,2.50084941474245e-05
8820,0.0,0.00010001000100010001,0.0,0.0,2.50084941474245e-05
8821,0.0,0.0,0.0,0.0,2.50084941474245e-05
8822,0.0,0.00010001000100010001,0.0,0.0,2.50084941474245e-05
8823,0.0,0.0,0.0,0.0,2.50084941474245e-05
8824,0.00010001000100010001,0.00010001000100010001,0.0,0.00013334666800013335,6.433435119424953e-05
8825,0.0,0.0,0.0,0.0,2.50084941474245e-05
8826,0.0,0.00010001000100010001,0.0,0.0,2.50084941474245e-05
8827,0.0,0.0,0.0,0.0,2.50084941474245e-05
8828,0.0,0.00010001000100010001,0.0,0.0,2.50084941474245e-05
8829,0.0,0.0,0.0,0.0,2.50084941474245e-05
8830,0.00010001000100010001,0.00010001000100010001,0.0,0.00013334666800013335,6.433435119424953e-05
8831,0.0,0.0,0.0,0.0,2.50084941474245e-05
8832,0.0,0.00010001000100010001,0.0,0.0,2.50084941474245e-05
8833,0.0,0.0,0.0,0.0,2.50084941474245e-05
8834,0.0,0.00010001000100010001,0.0,0.0,2.50084941474245e-05
8835,0.0,0.0,0.0,0.0,2.50084941474245e-05
8836,0.00010001000100010001,0.00010001000100010001,1.5237422484496899e-05,0.000175017501750175,0.00012129277631170992
8837,0.0,0.0,0.0,0.0,2.50084941474245e-05
8838,0.0,0.00010001000100010001,0.0,0.0,2.50084941474245e-05
8839,0.0,0.0,0.0,0.0,2.50084941474245e-05
8840,0.0,0.00010001000100010001,0.0,0.0,2.50084941474245e-05
8841,0.0,0.0,0.0,0.0,2.50084941474245e-05
8842,0.00010001000100010001,0.00010001000100010001,0.0,0.00013334666800013335,6.433435119424953e-05
8843,0.0,0.0,0.0,0.0,2.50084941474245e-05
8844,0.0,0.00010001000100010001,0.0,0.0,2.50084941474245e-05
8845,0.0,0.0,0.0,0.0,2.50084941474245e-05
8846,0.0,0.00010001000100010001,0.0,0.0,2.50084941474245e-05
8847,0.0,0.0,0.0,0.0,2.50084941474245e-05
8848,0.00010001000100010001,0.00010001000100010001,0.0,0.00013334666800013335,6.433435119424953e-05
8849,0.0,0.0,0.0,0.0,2.50084941474245e-05
8850,0.0,0.00010001000100010001,0.0,0.0,2.50084941474245e-05
8851,0.0,0.0,0.0,0.0,2.50084941474245e-05
8852,0.0,0.00010001000100010001,0.0,0.0,2.50084941474245e-05
8853,0.0,0.0,0.0,0.0,2.50084941474245e-05
8854,0.00010001000100010001,0.00010001000100010001,0.0,0.00019395878981837578,0.00013238917802254737
8855,0.0,0.0,0.0,0.0,2.50084941474245e-05
8856,0.0,0.00010001000100010001,0.0,0.0,2.50084941474245e-05
8857,0.0,0.0,0.0,0.0,2.50084941474245e-05
8858,0.0,0.00010001000100010001,0.0,0.0,2.50084941474245e-05
8859,0.0,0.0,0.0,0.0,2.50084941474245e-05
8860,0.00010001000100010001,0.00010001000100010001,0.0,0.00013334666800013335,6.433435119424953e-05
8861,0.0,0.0,0.0,0.0,2.50084941474245e-05
8862,0.0,0.00010001000100010001,0.0,0.0,2.50084941474245e-05
8863,0.0,0.0,0.0,0.0,2.50084941474245e-05
8864,0.0,0.00010001000100010001,0.0,0.0,2.50084941474245e-05
8865,0.0,0.0,0.0,0.0,2.50084941474245e-05
8866,0.00010001000100010001,0.00010001000100010001,0.0,0.00013334666800013335,6.433435119424953e-05
8867,0.0,0.0,0.0,0.0,2.50084941474245e-05
8868,0.0,0.00010001000100010001,0.0,0.0,2.50084941474245e-05
8869,0.0,0.0,0.0,0.0,2.50084941474245e-05
8870,0.0,0.00010001000100010001,0.0,0.0,2.50084941474245e-05
8871,0.0,0.0,0.0,0.0,2.50084941474245e-05
8872,0.00010001000100010001,0.00010001000100010001,0.0,0.00016668333500016668,0.00010384368462141806
8873,0.0,0.0,0.0,0.0,2.50084941474245e-05
8874,0.0,0.00010001000100010001,0.0,0.0,2.50084941474245e-05
8875,0.0,0.0,0.0,0.0,2.50084941474245e-05
8876,0.0,0.00010001000100010001,0.0,0.0,2.50084941474245e-05
8877,0.0,0.0,0.0,0.0,2.50084941474245e-05
8878,0.00010001000100010001,0.00010001000100010001,0.0,0.00013334666800013335,6.433435119424953e-05
8879,0.0,0.0,0.0,0.0,2.50084941474245e-05
8880,0.0,0.00010001000100010001,0.0,0.0,2.50084941474245e-05
8881,0.0,0.0,0.0,0.0,2.50084941474245e-05
8882,0.0,0.00010001000100010001,0.0,0.0,2.50084941474245e-05
8883,0.0,0.0,0.0,0.0,2.50084941474245e-05
8884,0.00010001000100010001,0.00010001000100010001,0.0,0.00013334666800013335,6.433435119424953e-05
8885,0.0,0.0,0.0,0.0,2.50084941474245e-05
8886,0.0,0.00010001000100010001,0.0,0.0,2.50084941474245e-05
8887,0.0,0.0,0.0,0.0,2.50084941474245e-05
8888,0.0,0.00010001000100010001,0.0,0.0,2.50084941474245e-05
8889,0.0,0.0,0.0,0.0,2.50084941474245e-05
8890,0.00010001000100010001,0.00010001000100010001,0.0,0.0001818363654547273,0.00013882327744667856
8891,0.0,0.0,0.0,0.0,2.50084941474245e-05
8892,0.0,0.00010001000100010001,0.0,0.0,2.50084941474245e-05
8893,0.0,0.0,0.0,0.0,2.50084941474245e-05
8894,0.0,0.00010001000100010001,0.0,0.0,2.50084941474245e-05
8895,0.0,0.0,0.0,0.0,2.50084941474245e-05
8896,0.00010001000100010001,0.00010001000100010001,0.0,0.00013334666800013335,6.433435119424953e-05
8897,0.0,0.0,0.0,0.0,2.50084941474245e-05
8898,0.0,0.00010001000100010001,0.0,0.0,2.50084941474245e-05
8899,0.0,0.0,0.0,0.0,2.50084941474245e-05
8900,0.0,0.00010001000100010001,0.0,0.0,2.50084941474245e-05
8901,0.0,0.0,0.0,0.0,2.50084941474245e-05
8902,0.00010001000100010001,0.00010001000100010001,0.0,0.00013334666800013335,6.433435119424953e-05
8903,0.0,0.0,0.0,0.0,2.50084941474245e-05
8904,0.0,0.00010001000100010001,0.0,0.0,2.50084941474245e-05
8905,0.0,0.0,0.0,0.0,2.50084941474245e-05
8906,0.0,0.00010001000100010001,0.0,0.0,2.50084941474245e-05
8907,0.0,0.0,0.0,0.0,2.50084941474245e-05
8908,0.00010001000100010001,0.00010001000100010001,0.0,0.00021494686782111048,0.00015793682939359605
8909,0.0,0.0,0.0,0.0,2.50084941474245e-05
8910,0.0,0.00010001000100010001,0.0,0.0,2.50084941474245e-05
8911,0.0,0.0,0.0,0.0,2.50084941474245e-05
8912,0.0,0.00010001000100010001,0.0,0.0,2.50084941474245e-05
8913,0.0,0.0,0.0,0.0,2.50084941474245e-05
8914,0.00010001000100010001,0.00010001000100010001,0.0,0.00013334666800013335,6.433435119424953e-05
8915,0.0,0.0,0.0,0.0,2.50084941474245e-05
8916,0.0,0.00010001000100010001,0.0,0.0,2.50084941474245e-05
8917,0.0,0.0,0.0,0.0,2.50084941474245e-05
8918,0.0,0.00010001000100010001,0.0,0.0,2.50084941474245e-05
8919,0.0,0.0,0.0,0.0,2.50084941474245e-05
8920,0.00010001000100010001,0.00010001000100010001,0.0,0.00013334666800013335,6.433435119424953e-05
8921,0.0,0.0,0.0,0.0,2.50084941474245e-05
8922,0.0,0.00010001000100010001,0.0,0.0,2.50084941474245e-05
8923,0.0,0.0,0.0,0.0,2.50084941474245e-05
8924,0.0,0.00010001000100010001,0.0,0.0,2.50084941474245e-05
8925,0.0,0.0,0.0,0.0,2.50084941474245e-05
8926,0.00010001000100010001,0.00010001000100010001,0.0,0.00016668333500016668,0.00010384368462141806
8927,0.0,0.0,0.0,0.0,2.50084941474245e-05
8928,0.0,0.00010001000100010001,0.0,0.0,2.50084941474245e-05
8929,0.0,0.0,0.0,0.0,2.50084941474245e-05
8930,0.0,0.00010001000100010001,0.0,0.0,2.50084941474245e-05
8931,0.0,0.0,0.0,0.0,2.50084941474245e-05
8932,0.00010001000100010001,0.00010001000100010001,0.0,0.00013334666800013335,6.433435119424953e-05
8933,0.0,0.0,0.0,0.0,2.50084941474245e-05
8934,0.0,0.00010001000100010001,0.0,0.0,2.50084941474245e-05
8935,0.0,0.0,0.0,0.0,2.50084941474245e-05
8936,0.0,0.00010001000100010001,0.0,0.0,2.50084941474245e-05
8937,0.0,0.0,0.0,0.0,2.50084941474245e-05
8938,0.00010001000100010001,0.00010001000100010001,0.0,0.00013334666800013335,6.433435119424953e-05
8939,0.0,0.0,0.0,0.0,2.50084941474245e-05
8940,0.0,0.00010001000100010001,0.0,0.0,2.50084941474245e-05
8941,0.0,0.0,0.0,0.0,2.50084941474245e-05
8942,0.0,0.00010001000100010001,0.0,0.0,2.50084941474245e-05
8943,0.0,0.0,0.0,0.0,2.50084941474245e-05
8944,0.00010001000100010001,0.00010001000100010001,1.7776992898579717e-05,0.000175017501750175,0.00012129277631170992
8945,0.0,0.0,0.0,0.0,2.50084941474245e-05
8946,0.0,0.00010001000100010001,0.0,0.0,2.50084941474245e-05
8947,0.0,0.0,0.0,0.0,2.50084941474245e-05
8948,0.0,0.00010001000100010001,0.0,0.0,2.50084941474245e-05
8949,0.0,0.0,0.0,0.0,2.50084941474245e-05
8950,0.00010001000100010001,0.00010001000100010001,0.0,0.00013334666800013335,6.433435119424953e-05
8951,0.0,0.0,0.0,0.0,2.50084941474245e-05
8952,0.0,0.00010001000100010001,0.0,0.0,2.50084941474245e-05
8953,0.0,0.0,0.0,0.0,2.50084941474245e-05
8954,0.0,0.00010001000100010001,0.0,0.0,2.50084941474245e-05
8955,0.0,0.0,0.0,0.0,2.50084941474245e-05
8956,0.00010001000100010001,0.00010001000100010001,0.0,0.00013334666800013335,6.433435119424953e-05
8957,0.0,0.0,0.0,0.0,2.50084941474245e-05
8958,0.0,0.00010001000100010001,0.0,0.0,2.50084941474245e-05
8959,0.0,0.0,0.0,0.0,2.50084941474245e-05
8960,0.0,0.00010001000100010001,0.0,0.0,2.50084941474245e-05
8961,0.0,0.0,0.0,0.0,2.50084941474245e-05
8962,0.00010001000100010001,0.00010001000100010001,0.0,0.00021228537948134434,0.0001656091305557614
8963,0.0,0.0,0.0,0.0,2.50084941474245e-05
8964,0.0,0.00010001000100010001,0.0,0.0,2.50084941474245e-05
8965,0.0,0.0,0.0,0.0,2.50084941474245e-05
8966,0.0,0.00010001000100010001,0.0,0.0,2.50084941474245e-05
8967,0.0,0.0,0.0,0.0,2.50084941474245e-05
8968,0.00010001000100010001,0.00010001000100010001,0.0,0.00013334666800013335,6.433435119424953e-05
8969,0.0,0.0,0.0,0.0,2.50084941474245e-05
8970,0.0,0.00010001000100010001,0.0,0.0,2.50084941474245e-05
8971,0.0,0.0,0.0,0.0,2.50084941474245e-05
8972,0.0,0.00010001000100010001,0.0,0.0,2.50084941474245e-05
8973,0.0,0.0,0.0,0.0,2.50084941474245e-05
8974,0.00010001000100010001,0.00010001000100010001,0.0,0.00013334666800013335,6.433435119424953e-05
8975,0.0,0.0,0.0,0.0,2.50084941474245e-05
8976,0.0,0.00010001000100010001,0.0,0.0,2.50084941474245e-05
8977,0.0,0.0,0.0,0.0,2.50084941474245e-05
8978,0.0,0.00010001000100010001,0.0,0.0,2.50084941474245e-05
8979,0.0,0.0,0.0,0.0,2.50084941474245e-05
8980,0.00010001000100010001,0.00010001000100010001,9.199491561717432e-06,0.00016668333500016668,0.00010384368462141806
8981,0.0,0.0,0.0,0.0,2.50084941474245e-05
8982,0.0,0.00010001000100010001,0.0,0.0,2.50084941474245e-05
8983,0.0,0.0,0.0,0.0,2.50084941474245e-05
8984,0.0,0.00010001000100010001,0.0,0.0,2.50084941474245e-05
8985,0.0,0.0,0.0,0.0,2.50084941474245e-05
8986,0.00010001000100010001,0.00010001000100010001,0.0,0.00013334666800013335,6.433435119424953e-05
8987,0.0,0.0,0.0,0.0,2.50084941474245e-05
8988,0.0,0.00010001000100010001,0.0,0.0,2.50084941474245e-05
8989,0.0,0.0,0.0,0.0,2.50084941474245e-05
8990,0.0,0.00010001000100010001,0.0,0.0,2.50084941474245e-05
8991,0.0,0.0,0.0,0.0,2.50084941474245e-05
8992,0.00010001000100010001,0.00010001000100010001,0.0,0.00013334666800013335,6.433435119424953e-05
8993,0.0,0.0,0.0,0.0,2.50084941474245e-05
8994,0.0,0.00010001000100010001,0.0,0.0,2.50084941474245e-05
8995,0.0,0.0,0.0,0.0,2.50084941474245e-05
8996,0.0,0.00010001000100010001,0.0,0.0,2.50084941474245e-05
8997,0.0,0.0,0.0,0.0,2.50084941474245e-05
8998,0.00010001000100010001,0.00010001000100010001,1.953515703140628e-07,0.000175017501750175,0.00012129277631170992
8999,0.0,0.0,0.0,0.0,2.50084941474245e-05
9000,0.0,0.00010001000100010001,0.0,0.0,2.50084941474245e-05
9001,0.0,0.0,0.0,0.0,2.50084941474245e-05
9002,0.0,0.00010001000100010001,0.0,0.0,2.50084941474245e-05
9003,0.0,0.0,0.0,0.0,2.50084941474245e-05
9004,0.00010001000100010001,0.00010001000100010001,0.0,0.00013334666800013335,6.433435119424953e-05
9005,0.0,0.0,0.0,0.0,2.50084941474245e-05
9006,0.0,0.00010001000100010001,0.0,0.0,2.50084941474245e-05
9007,0.0,0.0,0.0,0.0,2.50084941474245e-05
9008,0.0,0.00010001000100010001,0.0,0.0,2.50084941474245e-05
9009,0.0,0.0,0.0,0.0,2.50084941474245e-05
9010,0.00010001000100010001,0.00010001000100010001,1.953515703140628e-07,0.00013334666800013335,6.433435119424953e-05
9011,0.0,0.0,0.0,0.0,2.50084941474245e-05
9012,0.0,0.00010001000100010001,0.0,0.0,2.50084941474245e-05
9013,0.0,0.0,0.0,0.0,2.50084941474245e-05
9014,0.0,0.00010001000100010001,0.0,0.0,2.50084941474245e-05
9015,0.0,0.0,0.0,0.0,2.50084941474245e-05
9016,0.00010001000100010001,0.00010001000100010001,0.0,0.00019395878981837578,0.00013238917802254737
9017,0.0,0.0,0.0,0.0,2.50084941474245e-05
9018,0.0,0.00010001000100010001,0.0,0.0,2.50084941474245e-05
9019,0.0,0.0,0.0,0.0,2.50084941474245e-05
9020,0.0,0.00010001000100010001,0.0,0.0,2.50084941474245e-05
9021,0.0,0.0,0.0,0.0,2.50084941474245e-05
9022,0.00010001000100010001,0.00010001000100010001,0.0,0.00013334666800013335,6.433435119424953e-05
9023,0.0,0.0,0.0,0.0,2.50084941474245e-05
9024,0.0,0.00010001000100010001,0.0,0.0,2.50084941474245e-05
9025,0.0,0.0,0.0,0.0,2.50084941474245e-05
9026,0.0,0.00010001000100010001,0.0,0.0,2.50084941474245e-05
9027,0.0,0.0,0.0,0.0,2.50084941474245e-05
9028,0.00010001000100010001,0.00010001000100010001,0.0,0.00013334666800013335,6.433435119424953e-05
9029,0.0,0.0,0.0,0.0,2.50084941474245e-05
9030,0.0,0.00010001000100010001,0.0,0.0,2.50084941474245e-05
9031,0.0,0.0,0.0,0.0,2.50084941474245e-05
9032,0.0,0.00010001000100010001,0.0,0.0,2.50084941474245e-05
9033,0.0,0.0,0.0,0.0,2.50084941474245e-05
9034,0.00010001000100010001,0.00010001000100010001,0.0,0.00016668333500016668,0.00010384368462141806
9035,0.0,0.0,0.0,0.0,2.50084941474245e-05
9036,0.0,0.00010001000100010001,0.0,0.0,2.50084941474245e-05
9037,0.0,0.0,0.0,0.0,2.50084941474245e-05
9038,0.0,0.00010001000100010001,0.0,0.0,2.50084941474245e-05
9039,0.0,0.0,0.0,0.0,2.50084941474245e-05
9040,0.00010001000100010001,0.00010001000100010001,0.0,0.00013334666800013335,6.433435119424953e-05
9041,0.0,0.0,0.0,0.0,2.50084941474245e-05
9042,0.0,0.00010001000100010001,0.0,0.0,2.50084941474245e-05
9043,0.0,0.0,0.0,0.0,2.50084941474245e-05
9044,0.0,0.00010001000100010001,0.0,0.0,2.50084941474245e-05
9045,0.0,0.0,0.0,0.0,2.50084941474245e-05
9046,0.00010001000100010001,0.00010001000100010001,1.953515703140628e-07,0.00013334666800013335,6.433435119424953e-05
9047,0.0,0.0,0.0,0.0,2.50084941474245e-05
9048,0.0,0.00010001000100010001,0.0,0.0,2.50084941474245e-05
9049,0.0,0.0,0.0,0.0,2.50084941474245e-05
9050,0.0,0.00010001000100010001,0.0,0.0,2.50084941474245e-05
9051,0.0,0.0,0.0,0.0,2.50084941474245e-05
9052,0.00010001000100010001,0.00010001000100010001,0.0,0.00019407881382197626,0.00015451272884492396
9053,0.0,0.0,0.0,0.0,2.50084941474245e-05
9054,0.0,0.00010001000100010001,0.0,0.0,2.50084941474245e-05
9055,0.0,0.0,0.0,0.0,2.50084941474245e-05
9056,0.0,0.00010001000100010001,0.0,0.0,2.50084941474245e-05
9057,0.0,0.0,0.0,0.0,2.50084941474245e-05
9058,0.00010001000100010001,0.00010001000100010001,0.0,0.00013334666800013335,6.433435119424953e-05
9059,0.0,0.0,0.0,0.0,2.50084941474245e-05
9060,0.0,0.00010001000100010001,0.0,0.0,2.50084941474245e-05
9061,0.0,0.0,0.0,0.0,2.50084941474245e-05
9062,0.0,0.00010001000100010001,0.0,0.0,2.50084941474245e-05
9063,0.0,0.0,0.0,0.0,2.50084941474245e-05
9064,0.00010001000100010001,0.00010001000100010001,0.0,0.00013334666800013335,6.433435119424953e-05
9065,0.0,0.0,0.0,0.0,2.50084941474245e-05
9066,0.0,0.00010001000100010001,0.0,0.0,2.50084941474245e-05
9067,0.0,0.0,0.0,0.0,2.50084941474245e-05
9068,0.0,0.00010001000100010001,0.0,0.0,2.50084941474245e-05
9069,0.0,0.0,0.0,0.0,2.50084941474245e-05
9070,0.00010001000100010001,0.00010001000100010001,1.953515703140628e-07,0.0002469634718573898,0.00018971662158321641
9071,0.0,0.0,0.0,0.0,2.50084941474245e-05
9072,0.0,0.00010001000100010001,0.0,0.0,2.50084941474245e-05
9073,0.0,0.0,0.0,0.0,2.50084941474245e-05
9074,0.0,0.00010001000100010001,0.0,0.0,2.50084941474245e-05
9075,0.0,0.0,0.0,0.0,2.50084941474245e-05
9076,0.00010001000100010001,0.00010001000100010001,0.0,0.00013334666800013335,6.433435119424953e-05
9077,0.0,0.0,0.0,0.0,2.50084941474245e-05
9078,0.0,0.00010001000100010001,0.0,0.0,2.50084941474245e-05
9079,0.0,0.0,0.0,0.0,2.50084941474245e-05
9080,0.0,0.00010001000100010001,0.0,0.0,2.50084941474245e-05
9081,0.0,0.0,0.0,0.0,2.50084941474245e-05
9082,0.00010001000100010001,0.00010001000100010001,0.0,0.00013334666800013335,6.433435119424953e-05
9083,0.0,0.0,0.0,0.0,2.50084941474245e-05
9084,0.0,0.00010001000100010001,0.0,0.0,2.50084941474245e-05
9085,0.0,0.0,0.0,0.0,2.50084941474245e-05
9086,0.0,0.00010001000100010001,0.0,0.0,2.50084941474245e-05
9087,0.0,0.0,0.0,0.0,2.50084941474245e-05
9088,0.00010001000100010001,0.00010001000100010001,0.0,0.00016668333500016668,0.00010384368462141806
9089,0.0,0.0,0.0,0.0,2.50084941474245e-05
9090,0.0,0.00010001000100010001,0.0,0.0,2.50084941474245e-05
9091,0.0,0.0,0.0,0.0,2.50084941474245e-05
9092,0.0,0.00010001000100010001,0.0,0.0,2.50084941474245e-05
9093,0.0,0.0,0.0,0.0,2.50084941474245e-05
9094,0.00010001000100010001,0.00010001000100010001,0.0,0.00013334666800013335,6.433435119424953e-05
9095,0.0,0.0,0.0,0.0,2.50084941474245e-05
9096,0.0,0.00010001000100010001,0.0,0.0,2.50084941474245e-05
9097,0.0,0.0,0.0,0.0,2.50084941474245e-05
9098,0.0,0.00010001000100010001,0.0,0.0,2.50084941474245e-05
9099,0.0,0.0,0.0,0.0,2.50084941474245e-05
9100,0.00010001000100010001,0.00010001000100010001,0.0,0.00013334666800013335,6.433435119424953e-05
9101,0.0,0.0,0.0,0.0,2.50084941474245e-05
9102,0.0,0.00010001000100010001,0.0,0.0,2.50084941474245e-05
9103,0.0,0.0,0.0,0.0,2.50084941474245e-05
9104,0.0,0.00010001000100010001,0.0,0.0,2.50084941474245e-05
9105,0.0,0.0,0.0,0.0,2.50084941474245e-05
9106,0.00010001000100010001,0.00010001000100010001,1.953515703140628e-07,0.000175017501750175,0.00012129277631170992
9107,0.0,0.0,0.0,0.0,2.50084941474245e-05
9108,0.0,0.00010001000100010001,0.0,0.0,2.50084941474245e-05
9109,0.0,0.0,0.0,0.0,2.50084941474245e-05
9110,0.0,0.00010001000100010001,0.0,0.0,2.50084941474245e-05
9111,0.0,0.0,0.0,0.0,2.50084941474245e-05
9112,0.00010001000100010001,0.00010001000100010001,0.0,0.00013334666800013335,6.433435119424953e-05
9113,0.0,0.0,0.0,0.0,2.50084941474245e-05
9114,0.0,0.00010001000100010001,0.0,0.0,2.50084941474245e-05
9115,0.0,0.0,0.0,0.0,2.50084941474245e-05
9116,0.0,0.00010001000100010001,0.0,0.0,2.50084941474245e-05
9117,0.0,0.0,0.0,0.0,2.50084941474245e-05
9118,0.00010001000100010001,0.00010001000100010001,0.0,0.00013334666800013335,6.433435119424953e-05
9119,0.0,0.0,0.0,0.0,2.50084941474245e-05
9120,0.0,0.00010001000100010001,0.0,0.0,2.50084941474245e-05
9121,0.0,0.0,0.0,0.0,2.50084941474245e-05
9122,0.0,0.00010001000100010001,0.0,0.0,2.50084941474245e-05
9123,0.0,0.0,0.0,0.0,2.50084941474245e-05
9124,0.00010001000100010001,0.00010001000100010001,1.7581641328265653e-06,0.00020482048204820483,0.00016544031032317123
9125,0.0,0.0,0.0,0.0,2.50084941474245e-05
9126,0.0,0.00010001000100010001,0.0,0.0,2.50084941474245e-05
9127,0.0,0.0,0.0,0.0,2.50084941474245e-05
9128,0.0,0.00010001000100010001,0.0,0.0,2.50084941474245e-05
9129,0.0,0.0,0.0,0.0,2.50084941474245e-05
9130,0.00010001000100010001,0.00010001000100010001,0.0,0.00013334666800013335,6.433435119424953e-05
9131,0.0,0.0,0.0,0.0,2.50084941474245e-05
9132,0.0,0.00010001000100010001,0.0,0.0,2.50084941474245e-05
9133,0.0,0.0,0.0,0.0,2.50084941474245e-05
9134,0.0,0.00010001000100010001,0.0,0.0,2.50084941474245e-05
9135,0.0,0.0,0.0,0.0,2.50084941474245e-05
9136,0.00010001000100010001,0.00010001000100010001,0.0,0.00013334666800013335,6.433435119424953e-05
9137,0.0,0.0,0.0,0.0,2.50084941474245e-05
9138,0.0,0.00010001000100010001,0.0,0.0,2.50084941474245e-05
9139,0.0,0.0,0.0,0.0,2.50084941474245e-05
9140,0.0,0.00010001000100010001,0.0,0.0,2.50084941474245e-05
9141,0.0,0.0,0.0,0.0,2.50084941474245e-05
9142,0.00010001000100010001,0.00010001000100010001,1.953515703140628e-07,0.00016668333500016668,0.00010384368462141806
9143,0.0,0.0,0.0,0.0,2.50084941474245e-05
9144,0.0,0.00010001000100010001,0.0,0.0,2.50084941474245e-05
9145,0.0,0.0,0.0,0.0,2.50084941474245e-05
9146,0.0,0.00010001000100010001,0.0,0.0,2.50084941474245e-05
9147,0.0,0.0,0.0,0.0,2.50084941474245e-05
9148,0.00010001000100010001,0.00010001000100010001,7.814062812562513e-07,0.00013334666800013335,6.433435119424953e-05
9149,0.0,0.0,0.0,0.0,2.50084941474245e-05
9150,0.0,0.00010001000100010001,0.0,0.0,2.50084941474245e-05
9151,0.0,0.0,0.0,0.0,2.50084941474245e-05
9152,0.0,0.00010001000100010001,0.0,0.0,2.50084941474245e-05
9153,0.0,0.0,0.0,0.0,2.50084941474245e-05
9154,0.00010001000100010001,0.00010001000100010001,0.0,0.00013334666800013335,6.433435119424953e-05
9155,0.0,0.0,0.0,0.0,2.50084941474245e-05
9156,0.0,0.00010001000100010001,0.0,0.0,2.50084941474245e-05
9157,0.0,0.0,0.0,0.0,2.50084941474245e-05
9158,0.0,0.00010001000100010001,0.0,0.0,2.50084941474245e-05
9159,0.0,0.0,0.0,0.0,2.50084941474245e-05
9160,0.00010001000100010001,0.00010001000100010001,0.0,0.000175017501750175,0.00012129277631170992
9161,0.0,0.0,0.0,0.0,2.50084941474245e-05
9162,0.0,0.00010001000100010001,0.0,0.0,2.50084941474245e-05
9163,0.0,0.0,0.0,0.0,2.50084941474245e-05
9164,0.0,0.00010001000100010001,0.0,0.0,2.50084941474245e-05
9165,0.0,0.0,0.0,0.0,2.50084941474245e-05
9166,0.00010001000100010001,0.00010001000100010001,0.0,0.00013334666800013335,6.433435119424953e-05
9167,0.0,0.0,0.0,0.0,2.50084941474245e-05
9168,0.0,0.00010001000100010001,0.0,0.0,2.50084941474245e-05
9169,0.0,0.0,0.0,0.0,2.50084941474245e-05
9170,0.0,0.00010001000100010001,0.0,0.0,2.50084941474245e-05
9171,0.0,0.0,0.0,0.0,2.50084941474245e-05
9172,0.00010001000100010001,0.00010001000100010001,2.1293321164232847e-05,0.00013334666800013335,6.433435119424953e-05
9173,0.0,0.0,0.0,0.0,2.50084941474245e-05
9174,0.0,0.00010001000100010001,0.0,0.0,2.50084941474245e-05
9175,0.0,0.0,0.0,0.0,2.50084941474245e-05
9176,0.0,0.00010001000100010001,0.0,0.0,2.50084941474245e-05
9177,0.0,0.0,0.0,0.0,2.50084941474245e-05
9178,0.00010001000100010001,0.00010001000100010001,0.0,0.00019395878981837578,0.00013238917802254737
9179,0.0,0.0,0.0,0.0,2.50084941474245e-05
9180,0.0,0.00010001000100010001,0.0,0.0,2.50084941474245e-05
9181,0.0,0.0,0.0,0.0,2.50084941474245e-05
9182,0.0,0.00010001000100010001,0.0,0.0,2.50084941474245e-05
9183,0.0,0.0,0.0,0.0,2.50084941474245e-05
9184,0.00010001000100010001,0.00010001000100010001,0.0,0.00013334666800013335,6.433435119424953e-05
9185,0.0,0.0,0.0,0.0,2.50084941474245e-05
9186,0.0,0.00010001000100010001,0.0,0.0,2.50084941474245e-05
9187,0.0,0.0,0.0,0.0,2.50084941474245e-05
9188,0.0,0.00010001000100010001,0.0,0.0,2.50084941474245e-05
9189,0.0,0.0,0.0,0.0,2.50084941474245e-05
9190,0.00010001000100010001,0.00010001000100010001,0.0,0.00013334666800013335,6.433435119424953e-05
9191,0.0,0.0,0.0,0.0,2.50084941474245e-05
9192,0.0,0.00010001000100010001,0.0,0.0,2.50084941474245e-05
9193,0.0,0.0,0.0,0.0,2.50084941474245e-05
9194,0.0,0.00010001000100010001,0.0,0.0,2.50084941474245e-05
9195,0.0,0.0,0.0,0.0,2.50084941474245e-05
9196,0.00010001000100010001,0.00010001000100010001,0.0,0.00016668333500016668,0.00010384368462141806
9197,0.0,0.0,0.0,0.0,2.50084941474245e-05
9198,0.0,0.00010001000100010001,0.0,0.0,2.50084941474245e-05
9199,0.0,0.0,0.0,0.0,2.50084941474245e-05
9200,0.0,0.00010001000100010001,0.0,0.0,2.50084941474245e-05
9201,0.0,0.0,0.0,0.0,2.50084941474245e-05
9202,0.00010001000100010001,0.00010001000100010001,0.0,0.00013334666800013335,6.433435119424953e-05
9203,0.0,0.0,0.0,0.0,2.50084941474245e-05
9204,0.0,0.00010001000100010001,0.0,0.0,2.50084941474245e-05
9205,0.0,0.0,0.0,0.0,2.50084941474245e-05
9206,0.0,0.00010001000100010001,0.0,0.0,2.50084941474245e-05
9207,0.0,0.0,0.0,0.0,2.50084941474245e-05
9208,0.00010001000100010001,0.00010001000100010001,0.0,0.00013334666800013335,6.433435119424953e-05
9209,0.0,0.0,0.0,0.0,2.50084941474245e-05
9210,0.0,0.00010001000100010001,0.0,0.0,2.50084941474245e-05
9211,0.0,0.0,0.0,0.0,2.50084941474245e-05
9212,0.0,0.00010001000100010001,0.0,0.0,2.50084941474245e-05
9213,0.0,0.0,0.0,0.0,2.50084941474245e-05
9214,0.00010001000100010001,0.00010001000100010001,1.953515703140628e-07,0.00019232692500019234,0.00016428611012962003
9215,0.0,0.0,0.0,0.0,2.50084941474245e-05
9216,0.0,0.00010001000100010001,0.0,0.0,2.50084941474245e-05
9217,0.0,0.0,0.0,0.0,2.50084941474245e-05
9218,0.0,0.00010001000100010001,0.0,0.0,2.50084941474245e-05
9219,0.0,0.0,0.0,0.0,2.50084941474245e-05
9220,0.00010001000100010001,0.00010001000100010001,0.0,0.00013334666800013335,6.433435119424953e-05
9221,0.0,0.0,0.0,0.0,2.50084941474245e-05
9222,0.0,0.00010001000100010001,0.0,0.0,2.50084941474245e-05
9223,0.0,0.0,0.0,0.0,2.50084941474245e-05
9224,0.0,0.00010001000100010001,0.0,0.0,2.50084941474245e-05
9225,0.0,0.0,0.0,0.0,2.50084941474245e-05
9226,0.00010001000100010001,0.00010001000100010001,0.0,0.00013334666800013335,6.433435119424953e-05
9227,0.0,0.0,0.0,0.0,2.50084941474245e-05
9228,0.0,0.00010001000100010001,0.0,0.0,2.50084941474245e-05
9229,0.0,0.0,0.0,0.0,2.50084941474245e-05
9230,0.0,0.00010001000100010001,0.0,0.0,2.50084941474245e-05
9231,0.0,0.0,0.0,0.0,2.50084941474245e-05
9232,0.00010001000100010001,0.00010001000100010001,0.0006641953390678136,0.002202925814749521,0.00029981779603490414
9233,0.0,0.0,0.0,0.0,2.50084941474245e-05
9234,0.0,0.00010001000100010001,0.0,0.0,2.50084941474245e-05
9235,0.0,0.0,0.0,0.0,2.50084941474245e-05
9236,0.0,0.00010001000100010001,0.0,0.0,2.50084941474245e-05
9237,0.0,0.0,0.0,0.0,2.50084941474245e-05
9238,0.00010001000100010001,0.00010001000100010001,1.953515703140628e-07,0.00013334666800013335,6.433435119424953e-05
9239,0.0,0.0,0.0,0.0,2.50084941474245e-05
9240,0.0,0.00010001000100010001,0.0,0.0,2.50084941474245e-05
9241,0.0,0.0,0.0,0.0,2.50084941474245e-05
9242,0.0,0.00010001000100010001,0.0,0.0,2.50084941474245e-05
9243,0.0,0.0,0.0,0.0,2.50084941474245e-05
9244,0.00010001000100010001,0.00010001000100010001,0.0,0.00013334666800013335,6.433435119424953e-05
9245,0.0,0.0,0.0,0.0,2.50084941474245e-05
9246,0.0,0.00010001000100010001,0.0,0.0,2.50084941474245e-05
9247,0.0,0.0,0.0,0.0,2.50084941474245e-05
9248,0.0,0.00010001000100010001,0.0,0.0,2.50084941474245e-05
9249,0.0,0.0,0.0,0.0,2.50084941474245e-05
9250,0.00010001000100010001,0.00010001000100010001,1.953515703140628e-07,0.00016668333500016668,0.00010384368462141806
9251,0.0,0.0,0.0,0.0,2.50084941474245e-05
9252,0.0,0.00010001000100010001,0.0,0.0,2.50084941474245e-05
9253,0.0,0.0,0.0,0.0,2.50084941474245e-05
9254,0.0,0.00010001000100010001,0.0,0.0,2.50084941474245e-05
9255,0.0,0.0,0.0,0.0,2.50084941474245e-05
9256,0.00010001000100010001,0.00010001000100010001,0.0,0.00013334666800013335,6.433435119424953e-05
9257,0.0,0.0,0.0,0.0,2.50084941474245e-05
9258,0.0,0.00010001000100010001,0.0,0.0,2.50084941474245e-05
9259,0.0,0.0,0.0,0.0,2.50084941474245e-05
9260,0.0,0.00010001000100010001,0.0,0.0,2.50084941474245e-05
9261,0.0,0.0,0.0,0.0,2.50084941474245e-05
9262,0.00010001000100010001,0.00010001000100010001,0.0,0.00013334666800013335,6.433435119424953e-05
9263,0.0,0.0,0.0,0.0,2.50084941474245e-05
9264,0.0,0.00010001000100010001,0.0,0.0,2.50084941474245e-05
9265,0.0,0.0,0.0,0.0,2.50084941474245e-05
9266,0.0,0.00010001000100010001,0.0,0.0,2.50084941474245e-05
9267,0.0,0.0,0.0,0.0,2.50084941474245e-05
9268,0.00010001000100010001,0.00010001000100010001,0.0,0.000175017501750175,0.00012129277631170992
9269,0.0,0.0,0.0,0.0,2.50084941474245e-05
9270,0.0,0.00010001000100010001,0.0,0.0,2.50084941474245e-05
9271,0.0,0.0,0.0,0.0,2.50084941474245e-05
9272,0.0,0.00010001000100010001,0.0,0.0,2.50084941474245e-05
9273,0.0,0.0,0.0,0.0,2.50084941474245e-05
9274,0.00010001000100010001,0.00010001000100010001,0.0,0.00013334666800013335,6.433435119424953e-05
9275,0.0,0.0,0.0,0.0,2.50084941474245e-05
9276,0.0,0.00010001000100010001,0.0,0.0,2.50084941474245e-05
9277,0.0,0.0,0.0,0.0,2.50084941474245e-05
9278,0.0,0.00010001000100010001,0.0,0.0,2.50084941474245e-05
9279,0.0,0.0,0.0,0.0,2.50084941474245e-05
9280,0.00010001000100010001,0.00010001000100010001,0.0,0.00013334666800013335,6.433435119424953e-05
9281,0.0,0.0,0.0,0.0,2.50084941474245e-05
9282,0.0,0.00010001000100010001,0.0,0.0,2.50084941474245e-05
9283,0.0,0.0,0.0,0.0,2.50084941474245e-05
9284,0.0,0.00010001000100010001,0.0,0.0,2.50084941474245e-05
9285,0.0,0.0,0.0,0.0,2.50084941474245e-05
9286,0.00010001000100010001,0.00010001000100010001,0.0,0.00020168683535020166,0.00014991967915751602
9287,0.0,0.0,0.0,0.0,2.50084941474245e-05
9288,0.0,0.00010001000100010001,0.0,0.0,2.50084941474245e-05
9289,0.0,0.0,0.0,0.0,2.50084941474245e-05
9290,0.0,0.00010001000100010001,0.0,0.0,2.50084941474245e-05
9291,0.0,0.0,0.0,0.0,2.50084941474245e-05
9292,0.00010001000100010001,0.00010001000100010001,0.0,0.00013334666800013335,6.433435119424953e-05
9293,0.0,0.0,0.0,0.0,2.50084941474245e-05
9294,0.0,0.00010001000100010001,0.0,0.0,2.50084941474245e-05
9295,0.0,0.0,0.0,0.0,2.50084941474245e-05
9296,0.0,0.00010001000100010001,0.0,0.0,2.50084941474245e-05
9297,0.0,0.0,0.0,0.0,2.50084941474245e-05
9298,0.00010001000100010001,0.00010001000100010001,0.0,0.00013334666800013335,6.433435119424953e-05
9299,0.0,0.0,0.0,0.0,2.50084941474245e-05
9300,0.0,0.00010001000100010001,0.0,0.0,2.50084941474245e-05
9301,0.0,0.0,0.0,0.0,2.50084941474245e-05
9302,0.0,0.00010001000100010001,0.0,0.0,2.50084941474245e-05
9303,0.0,0.0,0.0,0.0,2.50084941474245e-05
9304,0.00010001000100010001,0.00010001000100010001,0.0,0.00016668333500016668,0.00010384368462141806
9305,0.0,0.0,0.0,0.0,2.50084941474245e-05
9306,0.0,0.00010001000100010001,0.0,0.0,2.50084941474245e-05
9307,0.0,0.0,0.0,0.0,2.50084941474245e-05
9308,0.0,0.00010001000100010001,0.0,0.0,2.50084941474245e-05
9309,0.0,0.0,0.0,0.0,2.50084941474245e-05
9310,0.00010001000100010001,0.00010001000100010001,0.0,0.00013334666800013335,6.433435119424953e-05
9311,0.0,0.0,0.0,0.0,2.50084941474245e-05
9312,0.0,0.00010001000100010001,0.0,0.0,2.50084941474245e-05
9313,0.0,0.0,0.0,0.0,2.50084941474245e-05
9314,0.0,0.00010001000100010001,0.0,0.0,2.50084941474245e-05
9315,0.0,0.0,0.0,0.0,2.50084941474245e-05
9316,0.00010001000100010001,0.00010001000100010001,2.988879025805161e-05,0.00013334666800013335,6.433435119424953e-05
9317,0.0,0.0,0.0,0.0,2.50084941474245e-05
9318,0.0,0.00010001000100010001,0.0,0.0,2.50084941474245e-05
9319,0.0,0.0,0.0,0.0,2.50084941474245e-05
9320,0.0,0.00010001000100010001,0.0,0.0,2.50084941474245e-05
9321,0.0,0.0,0.0,0.0,2.50084941474245e-05
9322,0.00010001000100010001,0.00010001000100010001,0.0,0.000175017501750175,0.00012129277631170992
9323,0.0,0.0,0.0,0.0,2.50084941474245e-05
9324,0.0,0.00010001000100010001,0.0,0.0,2.50084941474245e-05
9325,0.0,0.0,0.0,0.0,2.50084941474245e-05
9326,0.0,0.00010001000100010001,0.0,0.0,2.50084941474245e-05
9327,0.0,0.0,0.0,0.0,2.50084941474245e-05
9328,0.00010001000100010001,0.00010001000100010001,0.0,0.00013334666800013335,6.433435119424953e-05
9329,0.0,0.0,0.0,0.0,2.50084941474245e-05
9330,0.0,0.00010001000100010001,0.0,0.0,2.50084941474245e-05
9331,0.0,0.0,0.0,0.0,2.50084941474245e-05
9332,0.0,0.00010001000100010001,0.0,0.0,2.50084941474245e-05
9333,0.0,0.0,0.0,0.0,2.50084941474245e-05
9334,0.00010001000100010001,0.00010001000100010001,0.0,0.00013334666800013335,6.433435119424953e-05
9335,0.0,0.0,0.0,0.0,2.50084941474245e-05
9336,0.0,0.00010001000100010001,0.0,0.0,2.50084941474245e-05
9337,0.0,0.0,0.0,0.0,2.50084941474245e-05
9338,0.0,0.00010001000100010001,0.0,0.0,2.50084941474245e-05
9339,0.0,0.0,0.0,0.0,2.50084941474245e-05
9340,0.00010001000100010001,0.00010001000100010001,1.5628125625125025e-06,0.00019395878981837578,0.00013238917802254737
9341,0.0,0.0,0.0,0.0,2.50084941474245e-05
9342,0.0,0.00010001000100010001,0.0,0.0,2.50084941474245e-05
9343,0.0,0.0,0.0,0.0,2.50084941474245e-05
9344,0.0,0.00010001000100010001,0.0,0.0,2.50084941474245e-05
9345,0.0,0.0,0.0,0.0,2.50084941474245e-05
9346,0.00010001000100010001,0.00010001000100010001,0.0,0.00013334666800013335,6.433435119424953e-05
9347,0.0,0.0,0.0,0.0,2.50084941474245e-05
9348,0.0,0.00010001000100010001,0.0,0.0,2.50084941474245e-05
9349,0.0,0.0,0.0,0.0,2.50084941474245e-05
9350,0.0,0.00010001000100010001,0.0,0.0,2.50084941474245e-05
9351,0.0,0.0,0.0,0.0,2.50084941474245e-05
9352,0.00010001000100010001,0.00010001000100010001,0.0,0.00013334666800013335,6.433435119424953e-05
9353,0.0,0.0,0.0,0.0,2.50084941474245e-05
9354,0.0,0.00010001000100010001,0.0,0.0,2.50084941474245e-05
9355,0.0,0.0,0.0,0.0,2.50084941474245e-05
9356,0.0,0.00010001000100010001,0.0,0.0,2.50084941474245e-05
9357,0.0,0.0,0.0,0.0,2.50084941474245e-05
9358,0.00010001000100010001,0.00010001000100010001,0.0,0.00016668333500016668,0.00010384368462141806
9359,0.0,0.0,0.0,0.0,2.50084941474245e-05
9360,0.0,0.00010001000100010001,0.0,0.0,2.50084941474245e-05
9361,0.0,0.0,0.0,0.0,2.50084941474245e-05
9362,0.0,0.00010001000100010001,0.0,0.0,2.50084941474245e-05
9363,0.0,0.0,0.0,0.0,2.50084941474245e-05
9364,0.00010001000100010001,0.00010001000100010001,0.0,0.00013334666800013335,6.433435119424953e-05
9365,0.0,0.0,0.0,0.0,2.50084941474245e-05
9366,0.0,0.00010001000100010001,0.0,0.0,2.50084941474245e-05
9367,0.0,0.0,0.0,0.0,2.50084941474245e-05
9368,0.0,0.00010001000100010001,0.0,0.0,2.50084941474245e-05
9369,0.0,0.0,0.0,0.0,2.50084941474245e-05
9370,0.00010001000100010001,0.00010001000100010001,0.0,0.00013334666800013335,6.433435119424953e-05
9371,0.0,0.0,0.0,0.0,2.50084941474245e-05
9372,0.0,0.00010001000100010001,0.0,0.0,2.50084941474245e-05
9373,0.0,0.0,0.0,0.0,2.50084941474245e-05
9374,0.0,0.00010001000100010001,0.0,0.0,2.50084941474245e-05
9375,0.0,0.0,0.0,0.0,2.50084941474245e-05
9376,0.00010001000100010001,0.00010001000100010001,0.0,0.0001818363654547273,0.00013882327744667856
9377,0.0,0.0,0.0,0.0,2.50084941474245e-05
9378,0.0,0.00010001000100010001,0.0,0.0,2.50084941474245e-05
9379,0.0,0.0,0.0,0.0,2.50084941474245e-05
9380,0.0,0.00010001000100010001,0.0,0.0,2.50084941474245e-05
9381,0.0,0.0,0.0,0.0,2.50084941474245e-05
9382,0.00010001000100010001,0.00010001000100010001,0.0,0.00013334666800013335,6.433435119424953e-05
9383,0.0,0.0,0.0,0.0,2.50084941474245e-05
9384,0.0,0.00010001000100010001,0.0,0.0,2.50084941474245e-05
9385,0.0,0.0,0.0,0.0,2.50084941474245e-05
9386,0.0,0.00010001000100010001,0.0,0.0,2.50084941474245e-05
9387,0.0,0.0,0.0,0.0,2.50084941474245e-05
9388,0.00010001000100010001,0.00010001000100010001,0.0,0.00013334666800013335,6.433435119424953e-05
9389,0.0,0.0,0.0,0.0,2.50084941474245e-05
9390,0.0,0.00010001000100010001,0.0,0.0,2.50084941474245e-05
9391,0.0,0.0,0.0,0.0,2.50084941474245e-05
9392,0.0,0.00010001000100010001,0.0,0.0,2.50084941474245e-05
9393,0.0,0.0,0.0,0.0,2.50084941474245e-05
9394,0.00010001000100010001,0.00010001000100010001,0.0,0.00021494686782111048,0.00015793682939359605
9395,0.0,0.0,0.0,0.0,2.50084941474245e-05
9396,0.0,0.00010001000100010001,0.0,0.0,2.50084941474245e-05
9397,0.0,0.0,0.0,0.0,2.50084941474245e-05
9398,0.0,0.00010001000100010001,0.0,0.0,2.50084941474245e-05
9399,0.0,0.0,0.0,0.0,2.50084941474245e-05
9400,0.00010001000100010001,0.00010001000100010001,0.0,0.00013334666800013335,6.433435119424953e-05
9401,0.0,0.0,0.0,0.0,2.50084941474245e-05
9402,0.0,0.00010001000100010001,0.0,0.0,2.50084941474245e-05
9403,0.0,0.0,0.0,0.0,2.50084941474245e-05
9404,0.0,0.00010001000100010001,0.0,0.0,2.50084941474245e-05
9405,0.0,0.0,0.0,0.0,2.50084941474245e-05
9406,0.00010001000100010001,0.00010001000100010001,0.0,0.00013334666800013335,6.433435119424953e-05
9407,0.0,0.0,0.0,0.0,2.50084941474245e-05
9408,0.0,0.00010001000100010001,0.0,0.0,2.50084941474245e-05
9409,0.0,0.0,0.0,0.0,2.50084941474245e-05
9410,0.0,0.00010001000100010001,0.0,0.0,2.50084941474245e-05
9411,0.0,0.0,0.0,0.0,2.50084941474245e-05
9412,0.00010001000100010001,0.00010001000100010001,6.641953390678136e-06,0.00016668333500016668,0.00010384368462141806
9413,0.0,0.0,0.0,0.0,2.50084941474245e-05
9414,0.0,0.00010001000100010001,0.0,0.0,2.50084941474245e-05
9415,0.0,0.0,0.0,0.0,2.50084941474245e-05
9416,0.0,0.00010001000100010001,0.0,0.0,2.50084941474245e-05
9417,0.0,0.0,0.0,0.0,2.50084941474245e-05
9418,0.00010001000100010001,0.00010001000100010001,0.0,0.00013334666800013335,6.433435119424953e-05
9419,0.0,0.0,0.0,0.0,2.50084941474245e-05
9420,0.0,0.00010001000100010001,0.0,0.0,2.50084941474245e-05
9421,0.0,0.0,0.0,0.0,2.50084941474245e-05
9422,0.0,0.00010001000100010001,0.0,0.0,2.50084941474245e-05
9423,0.0,0.0,0.0,0.0,2.50084941474245e-05
9424,0.00010001000100010001,0.00010001000100010001,0.0,0.00013334666800013335,6.433435119424953e-05
9425,0.0,0.0,0.0,0.0,2.50084941474245e-05
9426,0.0,0.00010001000100010001,0.0,0.0,2.50084941474245e-05
9427,0.0,0.0,0.0,0.0,2.50084941474245e-05
9428,0.0,0.00010001000100010001,0.0,0.0,2.50084941474245e-05
9429,0.0,0.0,0.0,0.0,2.50084941474245e-05
9430,0.00010001000100010001,0.00010001000100010001,1.953515703140628e-07,0.000175017501750175,0.00012129277631170992
9431,0.0,0.0,0.0,0.0,2.50084941474245e-05
9432,0.0,0.00010001000100010001,0.0,0.0,2.50084941474245e-05
9433,0.0,0.0,0.0,0.0,2.50084941474245e-05
9434,0.0,0.00010001000100010001,0.0,0.0,2.50084941474245e-05
9435,0.0,0.0,0.0,0.0,2.50084941474245e-05
9436,0.00010001000100010001,0.00010001000100010001,7.814062812562513e-07,0.00013334666800013335,6.433435119424953e-05
9437,0.0,0.0,0.0,0.0,2.50084941474245e-05
9438,0.0,0.00010001000100010001,0.0,0.0,2.50084941474245e-05
9439,0.0,0.0,0.0,0.0,2.50084941474245e-05
9440,0.0,0.00010001000100010001,0.0,0.0,2.50084941474245e-05
9441,0.0,0.0,0.0,0.0,2.50084941474245e-05
9442,0.00010001000100010001,0.00010001000100010001,0.0,0.00013334666800013335,6.433435119424953e-05
9443,0.0,0.0,0.0,0.0,2.50084941474245e-05
9444,0.0,0.00010001000100010001,0.0,0.0,2.50084941474245e-05
9445,0.0,0.0,0.0,0.0,2.50084941474245e-05
9446,0.0,0.00010001000100010001,0.0,0.0,2.50084941474245e-05
9447,0.0,0.0,0.0,0.0,2.50084941474245e-05
9448,0.00010001000100010001,0.00010001000100010001,2.3442188437687536e-05,0.0002221185291333666,0.00018332970855742067
9449,0.0,0.0,0.0,0.0,2.50084941474245e-05
9450,0.0,0.00010001000100010001,0.0,0.0,2.50084941474245e-05
9451,0.0,0.0,0.0,0.0,2.50084941474245e-05
9452,0.0,0.00010001000100010001,0.0,0.0,2.50084941474245e-05
9453,0.0,0.0,0.0,0.0,2.50084941474245e-05
9454,0.00010001000100010001,0.00010001000100010001,0.0,0.00013334666800013335,6.433435119424953e-05
9455,0.0,0.0,0.0,0.0,2.50084941474245e-05
9456,0.0,0.00010001000100010001,0.0,0.0,2.50084941474245e-05
9457,0.0,0.0,0.0,0.0,2.50084941474245e-05
9458,0.0,0.00010001000100010001,0.0,0.0,2.50084941474245e-05
9459,0.0,0.0,0.0,0.0,2.50084941474245e-05
9460,0.00010001000100010001,0.00010001000100010001,0.0,0.00013334666800013335,6.433435119424953e-05
9461,0.0,0.0,0.0,0.0,2.50084941474245e-05
9462,0.0,0.00010001000100010001,0.0,0.0,2.50084941474245e-05
9463,0.0,0.0,0.0,0.0,2.50084941474245e-05
9464,0.0,0.00010001000100010001,0.0,0.0,2.50084941474245e-05
9465,0.0,0.0,0.0,0.0,2.50084941474245e-05
9466,0.00010001000100010001,0.00010001000100010001,0.0,0.00016668333500016668,0.00010384368462141806
9467,0.0,0.0,0.0,0.0,2.50084941474245e-05
9468,0.0,0.00010001000100010001,0.0,0.0,2.50084941474245e-05
9469,0.0,0.0,0.0,0.0,2.50084941474245e-05
9470,0.0,0.00010001000100010001,0.0,0.0,2.50084941474245e-05
9471,0.0,0.0,0.0,0.0,2.50084941474245e-05
9472,0.00010001000100010001,0.00010001000100010001,0.0,0.00013334666800013335,6.433435119424953e-05
9473,0.0,0.0,0.0,0.0,2.50084941474245e-05
9474,0.0,0.00010001000100010001,0.0,0.0,2.50084941474245e-05
9475,0.0,0.0,0.0,0.0,2.50084941474245e-05
9476,0.0,0.00010001000100010001,0.0,0.0,2.50084941474245e-05
9477,0.0,0.0,0.0,0.0,2.50084941474245e-05
9478,0.00010001000100010001,0.00010001000100010001,0.0,0.00013334666800013335,6.433435119424953e-05
9479,0.0,0.0,0.0,0.0,2.50084941474245e-05
9480,0.0,0.00010001000100010001,0.0,0.0,2.50084941474245e-05
9481,0.0,0.0,0.0,0.0,2.50084941474245e-05
9482,0.0,0.00010001000100010001,0.0,0.0,2.50084941474245e-05
9483,0.0,0.0,0.0,0.0,2.50084941474245e-05
9484,0.00010001000100010001,0.00010001000100010001,0.0,0.000175017501750175,0.00012129277631170992
9485,0.0,0.0,0.0,0.0,2.50084941474245e-05
9486,0.0,0.00010001000100010001,0.0,0.0,2.50084941474245e-05
9487,0.0,0.0,0.0,0.0,2.50084941474245e-05
9488,0.0,0.00010001000100010001,0.0,0.0,2.50084941474245e-05
9489,0.0,0.0,0.0,0.0,2.50084941474245e-05
9490,0.00010001000100010001,0.00010001000100010001,0.0,0.00013334666800013335,6.433435119424953e-05
9491,0.0,0.0,0.0,0.0,2.50084941474245e-05
9492,0.0,0.00010001000100010001,0.0,0.0,2.50084941474245e-05
9493,0.0,0.0,0.0,0.0,2.50084941474245e-05
9494,0.0,0.00010001000100010001,0.0,0.0,2.50084941474245e-05
9495,0.0,0.0,0.0,0.0,2.50084941474245e-05
9496,0.00010001000100010001,0.00010001000100010001,1.526724131519063e-05,0.00013334666800013335,6.433435119424953e-05
9497,0.0,0.0,0.0,0.0,2.50084941474245e-05
9498,0.0,0.00010001000100010001,0.0,0.0,2.50084941474245e-05
9499,0.0,0.0,0.0,0.0,2.50084941474245e-05
9500,0.0,0.00010001000100010001,0.0,0.0,2.50084941474245e-05
9501,0.0,0.0,0.0,0.0,2.50084941474245e-05
9502,0.00010001000100010001,0.00010001000100010001,0.0,0.00019395878981837578,0.00013238917802254737
9503,0.0,0.0,0.0,0.0,2.50084941474245e-05
9504,0.0,0.00010001000100010001,0.0,0.0,2.50084941474245e-05
9505,0.0,0.0,0.0,0.0,2.50084941474245e-05
9506,0.0,0.00010001000100010001,0.0,0.0,2.50084941474245e-05
9507,0.0,0.0,0.0,0.0,2.50084941474245e-05
9508,0.00010001000100010001,0.00010001000100010001,0.0,0.00013334666800013335,6.433435119424953e-05
9509,0.0,0.0,0.0,0.0,2.50084941474245e-05
9510,0.0,0.00010001000100010001,0.0,0.0,2.50084941474245e-05
9511,0.0,0.0,0.0,0.0,2.50084941474245e-05
9512,0.0,0.00010001000100010001,0.0,0.0,2.50084941474245e-05
9513,0.0,0.0,0.0,0.0,2.50084941474245e-05
9514,0.00010001000100010001,0.00010001000100010001,0.0,0.00013334666800013335,6.433435119424953e-05
9515,0.0,0.0,0.0,0.0,2.50084941474245e-05
9516,0.0,0.00010001000100010001,0.0,0.0,2.50084941474245e-05
9517,0.0,0.0,0.0,0.0,2.50084941474245e-05
9518,0.0,0.00010001000100010001,0.0,0.0,2.50084941474245e-05
9519,0.0,0.0,0.0,0.0,2.50084941474245e-05
9520,0.00010001000100010001,0.00010001000100010001,0.0,0.00016668333500016668,0.00010384368462141806
9521,0.0,0.0,0.0,0.0,2.50084941474245e-05
9522,0.0,0.00010001000100010001,0.0,0.0,2.50084941474245e-05
9523,0.0,0.0,0.0,0.0,2.50084941474245e-05
9524,0.0,0.00010001000100010001,0.0,0.0,2.50084941474245e-05
9525,0.0,0.0,0.0,0.0,2.50084941474245e-05
9526,0.00010001000100010001,0.00010001000100010001,0.0,0.00013334666800013335,6.433435119424953e-05
9527,0.0,0.0,0.0,0.0,2.50084941474245e-05
9528,0.0,0.00010001000100010001,0.0,0.0,2.50084941474245e-05
9529,0.0,0.0,0.0,0.0,2.50084941474245e-05
9530,0.0,0.00010001000100010001,0.0,0.0,2.50084941474245e-05
9531,0.0,0.0,0.0,0.0,2.50084941474245e-05
9532,0.00010001000100010001,0.00010001000100010001,0.0,0.00013334666800013335,6.433435119424953e-05
9533,0.0,0.0,0.0,0.0,2.50084941474245e-05
9534,0.0,0.00010001000100010001,0.0,0.0,2.50084941474245e-05
9535,0.0,0.0,0.0,0.0,2.50084941474245e-05
9536,0.0,0.00010001000100010001,0.0,0.0,2.50084941474245e-05
9537,0.0,0.0,0.0,0.0,2.50084941474245e-05
9538,0.00010001000100010001,0.00010001000100010001,3.907031406281256e-07,0.0002450150497091297,0.00018065314357674725
9539,0.0,0.0,0.0,0.0,2.50084941474245e-05
9540,0.0,0.00010001000100010001,0.0,0.0,2.50084941474245e-05
9541,0.0,0.0,0.0,0.0,2.50084941474245e-05
9542,0.0,0.00010001000100010001,0.0,0.0,2.50084941474245e-05
9543,0.0,0.0,0.0,0.0,2.50084941474245e-05
9544,0.00010001000100010001,0.00010001000100010001,0.0,0.00013334666800013335,6.433435119424953e-05
9545,0.0,0.0,0.0,0.0,2.50084941474245e-05
9546,0.0,0.00010001000100010001,0.0,0.0,2.50084941474245e-05
9547,0.0,0.0,0.0,0.0,2.50084941474245e-05
9548,0.0,0.00010001000100010001,0.0,0.0,2.50084941474245e-05
9549,0.0,0.0,0.0,0.0,2.50084941474245e-05
9550,0.00010001000100010001,0.00010001000100010001,0.0,0.00013334666800013335,6.433435119424953e-05
9551,0.0,0.0,0.0,0.0,2.50084941474245e-05
9552,0.0,0.00010001000100010001,0.0,0.0,2.50084941474245e-05
9553,0.0,0.0,0.0,0.0,2.50084941474245e-05
9554,0.0,0.00010001000100010001,0.0,0.0,2.50084941474245e-05
9555,0.0,0.0,0.0,0.0,2.50084941474245e-05
9556,0.00010001000100010001,0.00010001000100010001,2.2660782156431287e-05,0.00022502250225022499,0.00017060261646361093
9557,0.0,0.0,0.0,0.0,2.50084941474245e-05
9558,0.0,0.00010001000100010001,0.0,0.0,2.50084941474245e-05
9559,0.0,0.0,0.0,0.0,2.50084941474245e-05
9560,0.0,0.00010001000100010001,0.0,0.0,2.50084941474245e-05
9561,0.0,0.0,0.0,0.0,2.50084941474245e-05
9562,0.00010001000100010001,0.00010001000100010001,0.0,0.00013334666800013335,6.433435119424953e-05
9563,0.0,0.0,0.0,0.0,2.50084941474245e-05
9564,0.0,0.00010001000100010001,0.0,0.0,2.50084941474245e-05
9565,0.0,0.0,0.0,0.0,2.50084941474245e-05
9566,0.0,0.00010001000100010001,0.0,0.0,2.50084941474245e-05
9567,0.0,0.0,0.0,0.0,2.50084941474245e-05
9568,0.00010001000100010001,0.00010001000100010001,2.387953128786227e-05,0.00013334666800013335,6.433435119424953e-05
9569,0.0,0.0,0.0,0.0,2.50084941474245e-05
9570,0.0,0.00010001000100010001,0.0,0.0,2.50084941474245e-05
9571,0.0,0.0,0.0,0.0,2.50084941474245e-05
9572,0.0,0.00010001000100010001,0.0,0.0,2.50084941474245e-05
9573,0.0,0.0,0.0,0.0,2.50084941474245e-05
9574,0.00010001000100010001,0.00010001000100010001,0.0,0.00016668333500016668,0.00010384368462141806
9575,0.0,0.0,0.0,0.0,2.50084941474245e-05
9576,0.0,0.00010001000100010001,0.0,0.0,2.50084941474245e-05
9577,0.0,0.0,0.0,0.0,2.50084941474245e-05
9578,0.0,0.00010001000100010001,0.0,0.0,2.50084941474245e-05
9579,0.0,0.0,0.0,0.0,2.50084941474245e-05
9580,0.00010001000100010001,0.00010001000100010001,0.0,0.00013334666800013335,6.433435119424953e-05
9581,0.0,0.0,0.0,0.0,2.50084941474245e-05
9582,0.0,0.00010001000100010001,0.0,0.0,2.50084941474245e-05
9583,0.0,0.0,0.0,0.0,2.50084941474245e-05
9584,0.0,0.00010001000100010001,0.0,0.0,2.50084941474245e-05
9585,0.0,0.0,0.0,0.0,2.50084941474245e-05
9586,0.00010001000100010001,0.00010001000100010001,0.0,0.00013334666800013335,6.433435119424953e-05
9587,0.0,0.0,0.0,0.0,2.50084941474245e-05
9588,0.0,0.00010001000100010001,0.0,0.0,2.50084941474245e-05
9589,0.0,0.0,0.0,0.0,2.50084941474245e-05
9590,0.0,0.00010001000100010001,0.0,0.0,2.50084941474245e-05
9591,0.0,0.0,0.0,0.0,2.50084941474245e-05
9592,0.00010001000100010001,0.00010001000100010001,0.0,0.000175017501750175,0.00012129277631170992
9593,0.0,0.0,0.0,0.0,2.50084941474245e-05
9594,0.0,0.00010001000100010001,0.0,0.0,2.50084941474245e-05
9595,0.0,0.0,0.0,0.0,2.50084941474245e-05
9596,0.0,0.00010001000100010001,0.0,0.0,2.50084941474245e-05
9597,0.0,0.0,0.0,0.0,2.50084941474245e-05
9598,0.00010001000100010001,0.00010001000100010001,0.0,0.00013334666800013335,6.433435119424953e-05
9599,0.0,0.0,0.0,0.0,2.50084941474245e-05
9600,0.0,0.00010001000100010001,0.0,0.0,2.50084941474245e-05
9601,0.0,0.0,0.0,0.0,2.50084941474245e-05
9602,0.0,0.00010001000100010001,0.0,0.0,2.50084941474245e-05
9603,0.0,0.0,0.0,0.0,2.50084941474245e-05
9604,0.00010001000100010001,0.00010001000100010001,0.0,0.00013334666800013335,6.433435119424953e-05
9605,0.0,0.0,0.0,0.0,2.50084941474245e-05
9606,0.0,0.00010001000100010001,0.0,0.0,2.50084941474245e-05
9607,0.0,0.0,0.0,0.0,2.50084941474245e-05
9608,0.0,0.00010001000100010001,0.0,0.0,2.50084941474245e-05
9609,0.0,0.0,0.0,0.0,2.50084941474245e-05
9610,0.00010001000100010001,0.00010001000100010001,0.0,0.00020363482131345665,0.0001576619338387982
9611,0.0,0.0,0.0,0.0,2.50084941474245e-05
9612,0.0,0.00010001000100010001,0.0,0.0,2.50084941474245e-05
9613,0.0,0.0,0.0,0.0,2.50084941474245e-05
9614,0.0,0.00010001000100010001,0.0,0.0,2.50084941474245e-05
9615,0.0,0.0,0.0,0.0,2.50084941474245e-05
9616,0.00010001000100010001,0.00010001000100010001,0.0,0.00013334666800013335,6.433435119424953e-05
9617,0.0,0.0,0.0,0.0,2.50084941474245e-05
9618,0.0,0.00010001000100010001,0.0,0.0,2.50084941474245e-05
9619,0.0,0.0,0.0,0.0,2.50084941474245e-05
9620,0.0,0.00010001000100010001,0.0,0.0,2.50084941474245e-05
9621,0.0,0.0,0.0,0.0,2.50084941474245e-05
9622,0.00010001000100010001,0.00010001000100010001,0.0,0.00013334666800013335,6.433435119424953e-05
9623,0.0,0.0,0.0,0.0,2.50084941474245e-05
9624,0.0,0.00010001000100010001,0.0,0.0,2.50084941474245e-05
9625,0.0,0.0,0.0,0.0,2.50084941474245e-05
9626,0.0,0.00010001000100010001,0.0,0.0,2.50084941474245e-05
9627,0.0,0.0,0.0,0.0,2.50084941474245e-05
9628,0.00010001000100010001,0.00010001000100010001,0.0,0.00016668333500016668,0.00010384368462141806
9629,0.0,0.0,0.0,0.0,2.50084941474245e-05
9630,0.0,0.00010001000100010001,0.0,0.0,2.50084941474245e-05
9631,0.0,0.0,0.0,0.0,2.50084941474245e-05
9632,0.0,0.00010001000100010001,0.0,0.0,2.50084941474245e-05
9633,0.0,0.0,0.0,0.0,2.50084941474245e-05
9634,0.00010001000100010001,0.00010001000100010001,0.0,0.00013334666800013335,6.433435119424953e-05
9635,0.0,0.0,0.0,0.0,2.50084941474245e-05
9636,0.0,0.00010001000100010001,0.0,0.0,2.50084941474245e-05
9637,0.0,0.0,0.0,0.0,2.50084941474245e-05
9638,0.0,0.00010001000100010001,0.0,0.0,2.50084941474245e-05
9639,0.0,0.0,0.0,0.0,2.50084941474245e-05
9640,0.00010001000100010001,0.00010001000100010001,0.0,0.00013334666800013335,6.433435119424953e-05
9641,0.0,0.0,0.0,0.0,2.50084941474245e-05
9642,0.0,0.00010001000100010001,0.0,0.0,2.50084941474245e-05
9643,0.0,0.0,0.0,0.0,2.50084941474245e-05
9644,0.0,0.00010001000100010001,0.0,0.0,2.50084941474245e-05
9645,0.0,0.0,0.0,0.0,2.50084941474245e-05
9646,0.00010001000100010001,0.00010001000100010001,1.953515703140628e-07,0.000175017501750175,0.00012129277631170992
9647,0.0,0.0,0.0,0.0,2.50084941474245e-05
9648,0.0,0.00010001000100010001,0.0,0.0,2.50084941474245e-05
9649,0.0,0.0,0.0,0.0,2.50084941474245e-05
9650,0.0,0.00010001000100010001,0.0,0.0,2.50084941474245e-05
9651,0.0,0.0,0.0,0.0,2.50084941474245e-05
9652,0.00010001000100010001,0.00010001000100010001,0.0,0.00013334666800013335,6.433435119424953e-05
9653,0.0,0.0,0.0,0.0,2.50084941474245e-05
9654,0.0,0.00010001000100010001,0.0,0.0,2.50084941474245e-05
9655,0.0,0.0,0.0,0.0,2.50084941474245e-05
9656,0.0,0.00010001000100010001,0.0,0.0,2.50084941474245e-05
9657,0.0,0.0,0.0,0.0,2.50084941474245e-05
9658,0.00010001000100010001,0.00010001000100010001,0.0,0.00013334666800013335,6.433435119424953e-05
9659,0.0,0.0,0.0,0.0,2.50084941474245e-05
9660,0.0,0.00010001000100010001,0.0,0.0,2.50084941474245e-05
9661,0.0,0.0,0.0,0.0,2.50084941474245e-05
9662,0.0,0.00010001000100010001,0.0,0.0,2.50084941474245e-05
9663,0.0,0.0,0.0,0.0,2.50084941474245e-05
9664,0.00010001000100010001,0.00010001000100010001,8.204765953190639e-06,0.00019395878981837578,0.00013238917802254737
9665,0.0,0.0,0.0,0.0,2.50084941474245e-05
9666,0.0,0.00010001000100010001,0.0,0.0,2.50084941474245e-05
9667,0.0,0.0,0.0,0.0,2.50084941474245e-05
9668,0.0,0.00010001000100010001,0.0,0.0,2.50084941474245e-05
9669,0.0,0.0,0.0,0.0,2.50084941474245e-05
9670,0.00010001000100010001,0.00010001000100010001,0.0,0.00013334666800013335,6.433435119424953e-05
9671,0.0,0.0,0.0,0.0,2.50084941474245e-05
9672,0.0,0.00010001000100010001,0.0,0.0,2.50084941474245e-05
9673,0.0,0.0,0.0,0.0,2.50084941474245e-05
9674,0.0,0.00010001000100010001,0.0,0.0,2.50084941474245e-05
9675,0.0,0.0,0.0,0.0,2.50084941474245e-05
9676,0.00010001000100010001,0.00010001000100010001,0.0,0.00013334666800013335,6.433435119424953e-05
9677,0.0,0.0,0.0,0.0,2.50084941474245e-05
9678,0.0,0.00010001000100010001,0.0,0.0,2.50084941474245e-05
9679,0.0,0.0,0.0,0.0,2.50084941474245e-05
9680,0.0,0.00010001000100010001,0.0,0.0,2.50084941474245e-05
9681,0.0,0.0,0.0,0.0,2.50084941474245e-05
9682,0.00010001000100010001,0.00010001000100010001,1.953515703140628e-07,0.00016668333500016668,0.00010384368462141806
9683,0.0,0.0,0.0,0.0,2.50084941474245e-05
9684,0.0,0.00010001000100010001,0.0,0.0,2.50084941474245e-05
9685,0.0,0.0,0.0,0.0,2.50084941474245e-05
9686,0.0,0.00010001000100010001,0.0,0.0,2.50084941474245e-05
9687,0.0,0.0,0.0,0.0,2.50084941474245e-05
9688,0.00010001000100010001,0.00010001000100010001,0.0,0.00013334666800013335,6.433435119424953e-05
9689,0.0,0.0,0.0,0.0,2.50084941474245e-05
9690,0.0,0.00010001000100010001,0.0,0.0,2.50084941474245e-05
9691,0.0,0.0,0.0,0.0,2.50084941474245e-05
9692,0.0,0.00010001000100010001,0.0,0.0,2.50084941474245e-05
9693,0.0,0.0,0.0,0.0,2.50084941474245e-05
9694,0.00010001000100010001,0.00010001000100010001,0.0,0.00013334666800013335,6.433435119424953e-05
9695,0.0,0.0,0.0,0.0,2.50084941474245e-05
9696,0.0,0.00010001000100010001,0.0,0.0,2.50084941474245e-05
9697,0.0,0.0,0.0,0.0,2.50084941474245e-05
9698,0.0,0.00010001000100010001,0.0,0.0,2.50084941474245e-05
9699,0.0,0.0,0.0,0.0,2.50084941474245e-05
9700,0.00010001000100010001,0.00010001000100010001,0.0,0.00018463384800018466,0.00014656553212796076
9701,0.0,0.0,0.0,0.0,2.50084941474245e-05
9702,0.0,0.00010001000100010001,0.0,0.0,2.50084941474245e-05
9703,0.0,0.0,0.0,0.0,2.50084941474245e-05
9704,0.0,0.00010001000100010001,0.0,0.0,2.50084941474245e-05
9705,0.0,0.0,0.0,0.0,2.50084941474245e-05
9706,0.00010001000100010001,0.00010001000100010001,0.0,0.00013334666800013335,6.433435119424953e-05
9707,0.0,0.0,0.0,0.0,2.50084941474245e-05
9708,0.0,0.00010001000100010001,0.0,0.0,2.50084941474245e-05
9709,0.0,0.0,0.0,0.0,2.50084941474245e-05
9710,0.0,0.00010001000100010001,0.0,0.0,2.50084941474245e-05
9711,0.0,0.0,0.0,0.0,2.50084941474245e-05
9712,0.00010001000100010001,0.00010001000100010001,0.0,0.00013334666800013335,6.433435119424953e-05
9713,0.0,0.0,0.0,0.0,2.50084941474245e-05
9714,0.0,0.00010001000100010001,0.0,0.0,2.50084941474245e-05
9715,0.0,0.0,0.0,0.0,2.50084941474245e-05
9716,0.0,0.00010001000100010001,0.0,0.0,2.50084941474245e-05
9717,0.0,0.0,0.0,0.0,2.50084941474245e-05
9718,0.00010001000100010001,0.00010001000100010001,0.0,0.00024547909336388184,0.000184137262190461
9719,0.0,0.0,0.0,0.0,2.50084941474245e-05
9720,0.0,0.00010001000100010001,0.0,0.0,2.50084941474245e-05
9721,0.0,0.0,0.0,0.0,2.50084941474245e-05
9722,0.0,0.00010001000100010001,0.0,0.0,2.50084941474245e-05
9723,0.0,0.0,0.0,0.0,2.50084941474245e-05
9724,0.00010001000100010001,0.00010001000100010001,0.0,0.00013334666800013335,6.433435119424953e-05
9725,0.0,0.0,0.0,0.0,2.50084941474245e-05
9726,0.0,0.00010001000100010001,0.0,0.0,2.50084941474245e-05
9727,0.0,0.0,0.0,0.0,2.50084941474245e-05
9728,0.0,0.00010001000100010001,0.0,0.0,2.50084941474245e-05
9729,0.0,0.0,0.0,0.0,2.50084941474245e-05
9730,0.00010001000100010001,0.00010001000100010001,0.0,0.00013334666800013335,6.433435119424953e-05
9731,0.0,0.0,0.0,0.0,2.50084941474245e-05
9732,0.0,0.00010001000100010001,0.0,0.0,2.50084941474245e-05
9733,0.0,0.0,0.0,0.0,2.50084941474245e-05
9734,0.0,0.00010001000100010001,0.0,0.0,2.50084941474245e-05
9735,0.0,0.0,0.0,0.0,2.50084941474245e-05
9736,0.00010001000100010001,0.00010001000100010001,2.637246199239848e-05,0.00016668333500016668,0.00010384368462141806
9737,0.0,0.0,0.0,0.0,2.50084941474245e-05
9738,0.0,0.00010001000100010001,0.0,0.0,2.50084941474245e-05
9739,0.0,0.0,0.0,0.0,2.50084941474245e-05
9740,0.0,0.00010001000100010001,0.0,0.0,2.50084941474245e-05
9741,0.0,0.0,0.0,0.0,2.50084941474245e-05
9742,0.00010001000100010001,0.00010001000100010001,0.0,0.00013334666800013335,6.433435119424953e-05
9743,0.0,0.0,0.0,0.0,2.50084941474245e-05
9744,0.0,0.00010001000100010001,0.0,0.0,2.50084941474245e-05
9745,0.0,0.0,0.0,0.0,2.50084941474245e-05
9746,0.0,0.00010001000100010001,0.0,0.0,2.50084941474245e-05
9747,0.0,0.0,0.0,0.0,2.50084941474245e-05
9748,0.00010001000100010001,0.00010001000100010001,0.0,0.00013334666800013335,6.433435119424953e-05
9749,0.0,0.0,0.0,0.0,2.50084941474245e-05
9750,0.0,0.00010001000100010001,0.0,0.0,2.50084941474245e-05
9751,0.0,0.0,0.0,0.0,2.50084941474245e-05
9752,0.0,0.00010001000100010001,0.0,0.0,2.50084941474245e-05
9753,0.0,0.0,0.0,0.0,2.50084941474245e-05
9754,0.00010001000100010001,0.00010001000100010001,0.0,0.000175017501750175,0.00012129277631170992
9755,0.0,0.0,0.0,0.0,2.50084941474245e-05
9756,0.0,0.00010001000100010001,0.0,0.0,2.50084941474245e-05
9757,0.0,0.0,0.0,0.0,2.50084941474245e-05
9758,0.0,0.00010001000100010001,0.0,0.0,2.50084941474245e-05
9759,0.0,0.0,0.0,0.0,2.50084941474245e-05
9760,0.00010001000100010001,0.00010001000100010001,0.0,0.00013334666800013335,6.433435119424953e-05
9761,0.0,0.0,0.0,0.0,2.50084941474245e-05
9762,0.0,0.00010001000100010001,0.0,0.0,2.50084941474245e-05
9763,0.0,0.0,0.0,0.0,2.50084941474245e-05
9764,0.0,0.00010001000100010001,0.0,0.0,2.50084941474245e-05
9765,0.0,0.0,0.0,0.0,2.50084941474245e-05
9766,0.00010001000100010001,0.00010001000100010001,1.953515703140628e-07,0.00013334666800013335,6.433435119424953e-05
9767,0.0,0.0,0.0,0.0,2.50084941474245e-05
9768,0.0,0.00010001000100010001,0.0,0.0,2.50084941474245e-05
9769,0.0,0.0,0.0,0.0,2.50084941474245e-05
9770,0.0,0.00010001000100010001,0.0,0.0,2.50084941474245e-05
9771,0.0,0.0,0.0,0.0,2.50084941474245e-05
9772,0.00010001000100010001,0.00010001000100010001,7.814062812562513e-07,0.00020168683535020166,0.00014991967915751602
9773,0.0,0.0,0.0,0.0,2.50084941474245e-05
9774,0.0,0.00010001000100010001,0.0,0.0,2.50084941474245e-05
9775,0.0,0.0,0.0,0.0,2.50084941474245e-05
9776,0.0,0.00010001000100010001,0.0,0.0,2.50084941474245e-05
9777,0.0,0.0,0.0,0.0,2.50084941474245e-05
9778,0.00010001000100010001,0.00010001000100010001,0.0,0.00013334666800013335,6.433435119424953e-05
9779,0.0,0.0,0.0,0.0,2.50084941474245e-05
9780,0.0,0.00010001000100010001,0.0,0.0,2.50084941474245e-05
9781,0.0,0.0,0.0,0.0,2.50084941474245e-05
9782,0.0,0.00010001000100010001,0.0,0.0,2.50084941474245e-05
9783,0.0,0.0,0.0,0.0,2.50084941474245e-05
9784,0.00010001000100010001,0.00010001000100010001,2.637246199239848e-05,0.00013334666800013335,6.433435119424953e-05
9785,0.0,0.0,0.0,0.0,2.50084941474245e-05
9786,0.0,0.00010001000100010001,0.0,0.0,2.50084941474245e-05
9787,0.0,0.0,0.0,0.0,2.50084941474245e-05
9788,0.0,0.00010001000100010001,0.0,0.0,2.50084941474245e-05
9789,0.0,0.0,0.0,0.0,2.50084941474245e-05
9790,0.00010001000100010001,0.00010001000100010001,1.953515703140628e-07,0.00016668333500016668,0.00010384368462141806
9791,0.0,0.0,0.0,0.0,2.50084941474245e-05
9792,0.0,0.00010001000100010001,0.0,0.0,2.50084941474245e-05
9793,0.0,0.0,0.0,0.0,2.50084941474245e-05
9794,0.0,0.00010001000100010001,0.0,0.0,2.50084941474245e-05
9795,0.0,0.0,0.0,0.0,2.50084941474245e-05
9796,0.00010001000100010001,0.00010001000100010001,0.0,0.00013334666800013335,6.433435119424953e-05
9797,0.0,0.0,0.0,0.0,2.50084941474245e-05
9798,0.0,0.00010001000100010001,0.0,0.0,2.50084941474245e-05
9799,0.0,0.0,0.0,0.0,2.50084941474245e-05
9800,0.0,0.00010001000100010001,0.0,0.0,2.50084941474245e-05
9801,0.0,0.0,0.0,0.0,2.50084941474245e-05
9802,0.00010001000100010001,0.00010001000100010001,0.0,0.00013334666800013335,6.433435119424953e-05
9803,0.0,0.0,0.0,0.0,2.50084941474245e-05
9804,0.0,0.00010001000100010001,0.0,0.0,2.50084941474245e-05
9805,0.0,0.0,0.0,0.0,2.50084941474245e-05
9806,0.0,0.00010001000100010001,0.0,0.0,2.50084941474245e-05
9807,0.0,0.0,0.0,0.0,2.50084941474245e-05
9808,0.00010001000100010001,0.00010001000100010001,0.0,0.000175017501750175,0.00012129277631170992
9809,0.0,0.0,0.0,0.0,2.50084941474245e-05
9810,0.0,0.00010001000100010001,0.0,0.0,2.50084941474245e-05
9811,0.0,0.0,0.0,0.0,2.50084941474245e-05
9812,0.0,0.00010001000100010001,0.0,0.0,2.50084941474245e-05
9813,0.0,0.0,0.0,0.0,2.50084941474245e-05
9814,0.00010001000100010001,0.00010001000100010001,0.0,0.00013334666800013335,6.433435119424953e-05
9815,0.0,0.0,0.0,0.0,2.50084941474245e-05
9816,0.0,0.00010001000100010001,0.0,0.0,2.50084941474245e-05
9817,0.0,0.0,0.0,0.0,2.50084941474245e-05
9818,0.0,0.00010001000100010001,0.0,0.0,2.50084941474245e-05
9819,0.0,0.0,0.0,0.0,2.50084941474245e-05
9820,0.00010001000100010001,0.00010001000100010001,0.0,0.00013334666800013335,6.433435119424953e-05
9821,0.0,0.0,0.0,0.0,2.50084941474245e-05
9822,0.0,0.00010001000100010001,0.0,0.0,2.50084941474245e-05
9823,0.0,0.0,0.0,0.0,2.50084941474245e-05
9824,0.0,0.00010001000100010001,0.0,0.0,2.50084941474245e-05
9825,0.0,0.0,0.0,0.0,2.50084941474245e-05
9826,0.00010001000100010001,0.00010001000100010001,1.953515703140628e-07,0.00019395878981837578,0.00013238917802254737
9827,0.0,0.0,0.0,0.0,2.50084941474245e-05
9828,0.0,0.00010001000100010001,0.0,0.0,2.50084941474245e-05
9829,0.0,0.0,0.0,0.0,2.50084941474245e-05
9830,0.0,0.00010001000100010001,0.0,0.0,2.50084941474245e-05
9831,0.0,0.0,0.0,0.0,2.50084941474245e-05
9832,0.00010001000100010001,0.00010001000100010001,0.0,0.00013334666800013335,6.433435119424953e-05
9833,0.0,0.0,0.0,0.0,2.50084941474245e-05
9834,0.0,0.00010001000100010001,0.0,0.0,2.50084941474245e-05
9835,0.0,0.0,0.0,0.0,2.50084941474245e-05
9836,0.0,0.00010001000100010001,0.0,0.0,2.50084941474245e-05
9837,0.0,0.0,0.0,0.0,2.50084941474245e-05
9838,0.00010001000100010001,0.00010001000100010001,1.953515703140628e-07,0.00013334666800013335,6.433435119424953e-05
9839,0.0,0.0,0.0,0.0,2.50084941474245e-05
9840,0.0,0.00010001000100010001,0.0,0.0,2.50084941474245e-05
9841,0.0,0.0,0.0,0.0,2.50084941474245e-05
9842,0.0,0.00010001000100010001,0.0,0.0,2.50084941474245e-05
9843,0.0,0.0,0.0,0.0,2.50084941474245e-05
9844,0.00010001000100010001,0.00010001000100010001,0.0,0.00016668333500016668,0.00010384368462141806
9845,0.0,0.0,0.0,0.0,2.50084941474245e-05
9846,0.0,0.00010001000100010001,0.0,0.0,2.50084941474245e-05
9847,0.0,0.0,0.0,0.0,2.50084941474245e-05
9848,0.0,0.00010001000100010001,0.0,0.0,2.50084941474245e-05
9849,0.0,0.0,0.0,0.0,2.50084941474245e-05
9850,0.00010001000100010001,0.00010001000100010001,1.953515703140628e-07,0.00013334666800013335,6.433435119424953e-05
9851,0.0,0.0,0.0,0.0,2.50084941474245e-05
9852,0.0,0.00010001000100010001,0.0,0.0,2.50084941474245e-05
9853,0.0,0.0,0.0,0.0,2.50084941474245e-05
9854,0.0,0.00010001000100010001,0.0,0.0,2.50084941474245e-05
9855,0.0,0.0,0.0,0.0,2.50084941474245e-05
9856,0.00010001000100010001,0.00010001000100010001,0.0,0.00013334666800013335,6.433435119424953e-05
9857,0.0,0.0,0.0,0.0,2.50084941474245e-05
9858,0.0,0.00010001000100010001,0.0,0.0,2.50084941474245e-05
9859,0.0,0.0,0.0,0.0,2.50084941474245e-05
9860,0.0,0.00010001000100010001,0.0,0.0,2.50084941474245e-05
9861,0.0,0.0,0.0,0.0,2.50084941474245e-05
9862,0.00010001000100010001,0.00010001000100010001,0.0,0.0001818363654547273,0.00013882327744667856
9863,0.0,0.0,0.0,0.0,2.50084941474245e-05
9864,0.0,0.00010001000100010001,0.0,0.0,2.50084941474245e-05
9865,0.0,0.0,0.0,0.0,2.50084941474245e-05
9866,0.0,0.00010001000100010001,0.0,0.0,2.50084941474245e-05
9867,0.0,0.0,0.0,0.0,2.50084941474245e-05
9868,0.00010001000100010001,0.00010001000100010001,0.0,0.00013334666800013335,6.433435119424953e-05
9869,0.0,0.0,0.0,0.0,2.50084941474245e-05
9870,0.0,0.00010001000100010001,0.0,0.0,2.50084941474245e-05
9871,0.0,0.0,0.0,0.0,2.50084941474245e-05
9872,0.0,0.00010001000100010001,0.0,0.0,2.50084941474245e-05
9873,0.0,0.0,0.0,0.0,2.50084941474245e-05
9874,0.00010001000100010001,0.00010001000100010001,0.0,0.00013334666800013335,6.433435119424953e-05
9875,0.0,0.0,0.0,0.0,2.50084941474245e-05
9876,0.0,0.00010001000100010001,0.0,0.0,2.50084941474245e-05
9877,0.0,0.0,0.0,0.0,2.50084941474245e-05
9878,0.0,0.00010001000100010001,0.0,0.0,2.50084941474245e-05
9879,0.0,0.0,0.0,0.0,2.50084941474245e-05
9880,0.00010001000100010001,0.00010001000100010001,2.637246199239848e-05,0.00021494686782111048,0.00015793682939359605
9881,0.0,0.0,0.0,0.0,2.50084941474245e-05
9882,0.0,0.00010001000100010001,0.0,0.0,2.50084941474245e-05
9883,0.0,0.0,0.0,0.0,2.50084941474245e-05
9884,0.0,0.00010001000100010001,0.0,0.0,2.50084941474245e-05
9885,0.0,0.0,0.0,0.0,2.50084941474245e-05
9886,0.00010001000100010001,0.00010001000100010001,0.0,0.00013334666800013335,6.433435119424953e-05
9887,0.0,0.0,0.0,0.0,2.50084941474245e-05
9888,0.0,0.00010001000100010001,0.0,0.0,2.50084941474245e-05
9889,0.0,0.0,0.0,0.0,2.50084941474245e-05
9890,0.0,0.00010001000100010001,0.0,0.0,2.50084941474245e-05
9891,0.0,0.0,0.0,0.0,2.50084941474245e-05
9892,0.00010001000100010001,0.00010001000100010001,0.0,0.00013334666800013335,6.433435119424953e-05
9893,0.0,0.0,0.0,0.0,2.50084941474245e-05
9894,0.0,0.00010001000100010001,0.0,0.0,2.50084941474245e-05
9895,0.0,0.0,0.0,0.0,2.50084941474245e-05
9896,0.0,0.00010001000100010001,0.0,0.0,2.50084941474245e-05
9897,0.0,0.0,0.0,0.0,2.50084941474245e-05
9898,0.00010001000100010001,0.00010001000100010001,1.953515703140628e-07,0.00016668333500016668,0.00010384368462141806
9899,0.0,0.0,0.0,0.0,2.50084941474245e-05
9900,0.0,0.00010001000100010001,0.0,0.0,2.50084941474245e-05
9901,0.0,0.0,0.0,0.0,2.50084941474245e-05
9902,0.0,0.00010001000100010001,0.0,0.0,2.50084941474245e-05
9903,0.0,0.0,0.0,0.0,2.50084941474245e-05
9904,0.00010001000100010001,0.00010001000100010001,0.0,0.00013334666800013335,6.433435119424953e-05
9905,0.0,0.0,0.0,0.0,2.50084941474245e-05
9906,0.0,0.00010001000100010001,0.0,0.0,2.50084941474245e-05
9907,0.0,0.0,0.0,0.0,2.50084941474245e-05
9908,0.0,0.00010001000100010001,0.0,0.0,2.50084941474245e-05
9909,0.0,0.0,0.0,0.0,2.50084941474245e-05
9910,0.00010001000100010001,0.00010001000100010001,0.0,0.00013334666800013335,6.433435119424953e-05
9911,0.0,0.0,0.0,0.0,2.50084941474245e-05
9912,0.0,0.00010001000100010001,0.0,0.0,2.50084941474245e-05
9913,0.0,0.0,0.0,0.0,2.50084941474245e-05
9914,0.0,0.00010001000100010001,0.0,0.0,2.50084941474245e-05
9915,0.0,0.0,0.0,0.0,2.50084941474245e-05
9916,0.00010001000100010001,0.00010001000100010001,0.0,0.000175017501750175,0.00012129277631170992
9917,0.0,0.0,0.0,0.0,2.50084941474245e-05
9918,0.0,0.00010001000100010001,0.0,0.0,2.50084941474245e-05
9919,0.0,0.0,0.0,0.0,2.50084941474245e-05
9920,0.0,0.00010001000100010001,0.0,0.0,2.50084941474245e-05
9921,0.0,0.0,0.0,0.0,2.50084941474245e-05
9922,0.00010001000100010001,0.00010001000100010001,0.0,0.00013334666800013335,6.433435119424953e-05
9923,0.0,0.0,0.0,0.0,2.50084941474245e-05
9924,0.0,0.00010001000100010001,0.0,0.0,2.50084941474245e-05
9925,0.0,0.0,0.0,0.0,2.50084941474245e-05
9926,0.0,0.00010001000100010001,0.0,0.0,2.50084941474245e-05
9927,0.0,0.0,0.0,0.0,2.50084941474245e-05
9928,0.00010001000100010001,0.00010001000100010001,0.0,0.00013334666800013335,6.433435119424953e-05
9929,0.0,0.0,0.0,0.0,2.50084941474245e-05
9930,0.0,0.00010001000100010001,0.0,0.0,2.50084941474245e-05
9931,0.0,0.0,0.0,0.0,2.50084941474245e-05
9932,0.0,0.00010001000100010001,0.0,0.0,2.50084941474245e-05
9933,0.0,0.0,0.0,0.0,2.50084941474245e-05
9934,0.00010001000100010001,0.00010001000100010001,0.0,0.00022725277222557938,0.0001808825877983757
9935,0.0,0.0,0.0,0.0,2.50084941474245e-05
9936,0.0,0.00010001000100010001,0.0,0.0,2.50084941474245e-05
9937,0.0,0.0,0.0,0.0,2.50084941474245e-05
9938,0.0,0.00010001000100010001,0.0,0.0,2.50084941474245e-05
9939,0.0,0.0,0.0,0.0,2.50084941474245e-05
9940,0.00010001000100010001,0.00010001000100010001,0.0,0.00013334666800013335,6.433435119424953e-05
9941,0.0,0.0,0.0,0.0,2.50084941474245e-05
9942,0.0,0.00010001000100010001,0.0,0.0,2.50084941474245e-05
9943,0.0,0.0,0.0,0.0,2.50084941474245e-05
9944,0.0,0.00010001000100010001,0.0,0.0,2.50084941474245e-05
9945,0.0,0.0,0.0,0.0,2.50084941474245e-05
9946,0.00010001000100010001,0.00010001000100010001,0.0,0.00013334666800013335,6.433435119424953e-05
9947,0.0,0.0,0.0,0.0,2.50084941474245e-05
9948,0.0,0.00010001000100010001,0.0,0.0,2.50084941474245e-05
9949,0.0,0.0,0.0,0.0,2.50084941474245e-05
9950,0.0,0.00010001000100010001,0.0,0.0,2.50084941474245e-05
9951,0.0,0.0,0.0,0.0,2.50084941474245e-05
9952,0.00010001000100010001,0.00010001000100010001,0.0,0.00016668333500016668,0.00010384368462141806
9953,0.0,0.0,0.0,0.0,2.50084941474245e-05
9954,0.0,0.00010001000100010001,0.0,0.0,2.50084941474245e-05
9955,0.0,0.0,0.0,0.0,2.50084941474245e-05
9956,0.0,0.00010001000100010001,0.0,0.0,2.50084941474245e-05
9957,0.0,0.0,0.0,0.0,2.50084941474245e-05
9958,0.00010001000100010001,0.00010001000100010001,1.953515703140628e-07,0.00013334666800013335,6.433435119424953e-05
9959,0.0,0.0,0.0,0.0,2.50084941474245e-05
9960,0.0,0.00010001000100010001,0.0,0.0,2.50084941474245e-05
9961,0.0,0.0,0.0,0.0,2.50084941474245e-05
9962,0.0,0.00010001000100010001,0.0,0.0,2.50084941474245e-05
9963,0.0,0.0,0.0,0.0,2.50084941474245e-05
9964,0.00010001000100010001,0.00010001000100010001,0.0,0.00013334666800013335,6.433435119424953e-05
9965,0.0,0.0,0.0,0.0,2.50084941474245e-05
9966,0.0,0.00010001000100010001,0.0,0.0,2.50084941474245e-05
9967,0.0,0.0,0.0,0.0,2.50084941474245e-05
9968,0.0,0.00010001000100010001,0.0,0.0,2.50084941474245e-05
9969,0.0,0.0,0.0,0.0,2.50084941474245e-05
9970,0.00010001000100010001,0.00010001000100010001,3.907031406281256e-07,0.000175017501750175,0.00012129277631170992
9971,0.0,0.0,0.0,0.0,2.50084941474245e-05
9972,0.0,0.00010001000100010001,0.0,0.0,2.50084941474245e-05
9973,0.0,0.0,0.0,0.0,2.50084941474245e-05
9974,0.0,0.00010001000100010001,0.0,0.0,2.50084941474245e-05
9975,0.0,0.0,0.0,0.0,2.50084941474245e-05
9976,0.00010001000100010001,0.00010001000100010001,0.0,0.00013334666800013335,6.433435119424953e-05
9977,0.0,0.0,0.0,0.0,2.50084941474245e-05
9978,0.0,0.00010001000100010001,0.0,0.0,2.50084941474245e-05
9979,0.0,0.0,0.0,0.0,2.50084941474245e-05
9980,0.0,0.00010001000100010001,0.0,0.0,2.50084941474245e-05
9981,0.0,0.0,0.0,0.0,2.50084941474245e-05
9982,0.00010001000100010001,0.00010001000100010001,0.0,0.00013334666800013335,6.433435119424953e-05
9983,0.0,0.0,0.0,0.0,2.50084941474245e-05
9984,0.0,0.00010001000100010001,0.0,0.0,2.50084941474245e-05
9985,0.0,0.0,0.0,0.0,2.50084941474245e-05
9986,0.0,0.00010001000100010001,0.0,0.0,2.50084941474245e-05
9987,0.0,0.0,0.0,0.0,2.50084941474245e-05
9988,0.00010001000100010001,0.00010001000100010001,0.0,0.00019395878981837578,0.00013238917802254737
9989,0.0,0.0,0.0,0.0,2.50084941474245e-05
9990,0.0,0.00010001000100010001,0.0,0.0,2.50084941474245e-05
9991,0.0,0.0,0.0,0.0,2.50084941474245e-05
9992,0.0,0.00010001000100010001,0.0,0.0,2.50084941474245e-05
9993,0.0,0.0,0.0,0.0,2.50084941474245e-05
9994,0.00010001000100010001,0.00010001000100010001,0.0,0.00013334666800013335,6.433435119424953e-05
9995,0.0,0.0,0.0,0.0,2.50084941474245e-05
9996,0.0,0.00010001000100010001,0.0,0.0,2.50084941474245e-05
9997,0.0,0.0,0.0,0.0,2.50084941474245e-05
9998,0.0,0.00010001000100010001,0.0,0.0,2.50084941474245e-05
9999,0.0,0.0,0.0,0.0,2.50084941474245e-05
10000,0.00010001000100010001,0.00010001000100010001,0.0,0.00013334666800013335,6.433435119424953e-05
