node,kmeans_k2,dbscan_eps_0.05_ms_5,hdbscan_mcs5
1,1,-1,0
2,0,-1,0
3,1,-1,0
4,0,-1,-1
5,1,-1,-1
6,0,-1,-1
7,1,-1,0
8,0,-1,-1
9,1,-1,-1
10,1,-1,0
11,1,-1,0
12,1,-1,0
13,1,-1,0
14,1,-1,0
15,1,-1,0
16,0,-1,0
17,0,-1,-1
18,0,-1,-1
19,1,-1,0
20,1,-1,0
21,0,-1,0
22,1,-1,0
23,1,-1,0
24,0,-1,-1
25,0,-1,-1
26,1,-1,-1
27,1,-1,-1
28,0,-1,-1
29,0,-1,-1
30,0,-1,0
31,1,-1,-1
32,1,-1,-1
33,0,-1,0
34,0,-1,-1
35,0,-1,-1
36,0,-1,-1
37,0,-1,0
38,1,-1,-1
39,1,-1,0
40,1,-1,-1
41,0,-1,0
42,0,-1,-1
43,1,-1,-1
44,0,-1,0
45,0,-1,0
46,1,-1,0
47,1,-1,0
48,1,-1,0
49,1,-1,-1
50,1,-1,-1
51,0,-1,-1
52,0,-1,-1
53,0,-1,-1
54,1,-1,0
55,0,-1,0
56,1,-1,-1
57,0,-1,-1
58,0,-1,0
59,0,-1,-1
60,1,-1,-1
61,1,-1,-1
62,1,-1,0
63,1,-1,-1
64,1,-1,-1
65,1,-1,0
66,1,-1,0
67,0,-1,-1
68,1,-1,0
69,1,-1,0
70,1,-1,0
71,0,-1,0
72,0,-1,-1
73,0,-1,-1
74,0,-1,-1
75,0,-1,0
76,1,-1,0
77,0,-1,-1
78,1,-1,-1
79,1,-1,0
80,0,-1,0
81,1,-1,0
82,0,-1,0
83,0,-1,-1
84,1,-1,-1
85,0,-1,-1
86,1,-1,0
87,1,-1,0
88,0,-1,0
89,1,-1,0
90,1,-1,-1
91,1,-1,-1
92,0,-1,0
93,0,-1,0
94,0,-1,0
95,0,-1,-1
96,0,-1,-1
97,1,-1,-1
98,1,-1,0
99,0,-1,0
100,0,-1,-1
101,1,-1,-1
102,0,-1,0
103,1,-1,0
104,1,-1,-1
105,1,-1,0
106,0,-1,0
107,1,-1,-1
108,0,-1,-1
109,0,-1,0
110,1,-1,-1
111,1,-1,-1
112,1,-1,0
113,1,-1,0
114,1,-1,-1
115,0,-1,0
116,1,-1,0
117,0,-1,-1
118,0,-1,0
119,1,-1,-1
120,0,-1,0
121,1,-1,-1
122,1,-1,-1
123,0,-1,-1
124,0,-1,-1
125,0,-1,0
126,0,-1,0
127,1,-1,0
128,1,-1,0
129,0,-1,-1
130,1,-1,-1
131,0,-1,0
132,1,-1,0
133,0,-1,0
134,0,-1,-1
135,1,-1,0
136,1,-1,0
137,1,-1,0
138,1,-1,-1
139,1,-1,0
140,1,-1,-1
141,1,-1,-1
142,1,-1,0
143,0,-1,0
144,0,-1,-1
145,1,-1,0
146,1,-1,0
147,1,-1,0
148,0,-1,-1
149,1,-1,0
150,0,-1,-1
151,1,-1,-1
152,0,-1,0
153,0,-1,0
154,0,-1,-1
155,0,-1,0
156,0,-1,-1
157,1,-1,0
158,1,-1,0
159,0,-1,-1
160,1,-1,0
161,1,-1,0
162,0,-1,0
163,1,-1,-1
164,1,-1,0
165,1,-1,0
166,0,-1,0
167,1,-1,-1
168,1,-1,-1
169,1,-1,-1
170,0,-1,0
171,1,-1,0
172,0,-1,-1
173,1,-1,0
174,0,-1,0
175,0,-1,-1
176,1,-1,-1
177,0,-1,-1
178,0,-1,0
179,0,-1,-1
180,1,-1,0
181,1,-1,0
182,0,-1,-1
183,1,-1,0
184,0,-1,-1
185,1,-1,-1
186,1,-1,-1
187,0,-1,-1
188,1,-1,-1
189,1,-1,0
190,1,-1,-1
191,1,-1,-1
192,1,-1,0
193,0,-1,0
194,0,-1,-1
195,0,-1,0
196,1,-1,-1
197,0,-1,-1
198,0,-1,-1
199,1,-1,-1
200,0,-1,0
201,0,-1,-1
202,1,-1,0
203,0,-1,0
204,0,-1,-1
205,1,-1,-1
206,1,-1,-1
207,0,-1,0
208,0,-1,-1
209,1,-1,0
210,1,-1,0
211,0,-1,0
212,0,-1,-1
213,0,-1,-1
214,0,-1,0
215,1,-1,0
216,1,-1,-1
217,0,-1,0
218,0,-1,0
219,0,-1,-1
220,1,-1,0
221,1,-1,-1
222,0,-1,0
223,1,-1,-1
224,0,-1,0
225,1,-1,0
226,0,-1,-1
227,0,-1,-1
228,0,-1,-1
229,0,-1,0
230,0,-1,0
231,1,-1,-1
232,1,-1,-1
233,1,-1,-1
234,0,-1,0
235,1,-1,-1
236,1,-1,0
237,1,-1,-1
238,1,-1,0
239,0,-1,0
240,1,-1,-1
241,0,-1,0
242,0,-1,0
243,1,-1,0
244,0,-1,0
245,0,-1,0
246,0,-1,-1
247,1,-1,-1
248,1,-1,0
249,0,-1,0
250,1,-1,-1
251,1,-1,-1
252,1,-1,-1
253,1,-1,-1
254,0,-1,0
255,1,-1,0
256,0,-1,-1
257,0,-1,-1
258,0,-1,-1
259,1,-1,-1
260,0,-1,-1
261,0,-1,-1
262,1,-1,-1
263,0,-1,0
264,1,-1,0
265,0,-1,0
266,1,-1,0
267,1,-1,-1
268,0,-1,0
269,1,-1,0
270,1,-1,0
271,1,-1,-1
272,0,-1,-1
273,1,-1,-1
274,1,-1,0
275,1,-1,0
276,0,-1,0
277,0,-1,0
278,0,-1,0
279,1,-1,-1
280,1,-1,-1
281,0,-1,0
282,1,-1,0
283,1,-1,0
284,1,-1,-1
285,0,-1,0
286,0,-1,0
287,1,-1,0
288,1,-1,0
289,1,-1,-1
290,1,-1,-1
291,1,-1,-1
292,1,-1,0
293,0,-1,0
294,0,-1,0
295,1,-1,0
296,0,-1,-1
297,1,-1,0
298,1,-1,-1
299,0,-1,-1
300,0,-1,0
301,0,-1,0
302,1,-1,0
303,0,-1,-1
304,0,-1,-1
305,1,-1,-1
306,1,-1,0
307,1,-1,0
308,0,-1,-1
309,0,-1,0
310,1,-1,0
311,0,-1,0
312,0,-1,-1
313,0,-1,0
314,1,-1,-1
315,1,-1,-1
316,1,-1,0
317,0,-1,-1
318,1,-1,0
319,1,-1,-1
320,1,-1,-1
321,0,-1,-1
322,1,-1,0
323,0,-1,-1
324,1,-1,0
325,0,-1,0
326,0,-1,-1
327,1,-1,-1
328,0,-1,0
329,0,-1,-1
330,1,-1,0
331,0,-1,-1
332,1,-1,-1
333,0,-1,-1
334,1,-1,0
335,0,-1,0
336,1,-1,0
337,1,-1,-1
338,0,-1,-1
339,1,-1,0
340,1,-1,0
341,0,-1,0
342,0,-1,0
343,1,-1,0
344,1,-1,-1
345,1,-1,0
346,0,-1,0
347,0,-1,0
348,1,-1,-1
349,0,-1,0
350,1,-1,0
351,0,-1,-1
352,0,-1,0
353,0,-1,-1
354,0,-1,0
355,0,-1,0
356,1,-1,0
357,0,-1,-1
358,1,-1,-1
359,1,-1,0
360,1,-1,-1
361,0,-1,0
362,1,-1,0
363,1,-1,-1
364,0,-1,0
365,1,-1,0
366,1,-1,-1
367,0,-1,-1
368,1,-1,0
369,1,-1,-1
370,1,-1,-1
371,1,-1,0
372,1,-1,-1
373,0,-1,0
374,1,-1,0
375,1,-1,0
376,1,-1,0
377,0,-1,-1
378,0,-1,0
379,1,-1,-1
380,0,-1,-1
381,0,-1,0
382,0,-1,0
383,1,-1,0
384,1,-1,-1
385,1,-1,0
386,0,-1,0
387,0,-1,-1
388,0,-1,0
389,0,-1,0
390,1,-1,0
391,0,-1,-1
392,1,-1,0
393,1,-1,-1
394,1,-1,-1
395,1,-1,0
396,1,-1,-1
397,0,-1,0
398,1,-1,-1
399,0,-1,-1
400,0,-1,-1
401,1,-1,0
402,1,-1,-1
403,0,-1,0
404,0,-1,-1
405,1,-1,0
406,1,-1,0
407,1,-1,-1
408,1,-1,-1
409,0,-1,0
410,0,-1,0
411,1,-1,0
412,1,-1,-1
413,0,-1,-1
414,1,-1,0
415,0,-1,0
416,0,-1,0
417,1,-1,0
418,0,-1,-1
419,1,-1,0
420,0,-1,0
421,0,-1,-1
422,1,-1,0
423,1,-1,-1
424,1,-1,-1
425,0,-1,-1
426,1,-1,0
427,1,-1,-1
428,1,-1,0
429,1,-1,-1
430,1,-1,0
431,0,-1,-1
432,1,-1,-1
433,1,-1,-1
434,1,-1,0
435,0,-1,-1
436,1,-1,-1
437,1,-1,0
438,1,-1,-1
439,0,-1,-1
440,0,-1,-1
441,1,-1,-1
442,0,-1,0
443,1,-1,-1
444,1,-1,0
445,0,-1,-1
446,0,-1,-1
447,1,-1,0
448,1,-1,0
449,0,-1,0
450,0,-1,-1
451,0,-1,-1
452,1,-1,-1
453,0,-1,-1
454,0,-1,0
455,0,-1,0
456,0,-1,0
457,1,-1,0
458,0,-1,-1
459,0,-1,0
460,1,-1,-1
461,0,-1,-1
462,1,-1,-1
463,0,-1,0
464,0,-1,0
465,1,-1,-1
466,1,-1,0
467,1,-1,0
468,0,-1,-1
469,0,-1,0
470,0,-1,0
471,0,-1,0
472,1,-1,0
473,1,-1,-1
474,0,-1,-1
475,1,-1,0
476,0,-1,0
477,0,-1,-1
478,1,-1,0
479,1,-1,0
480,1,-1,-1
481,0,-1,0
482,0,-1,-1
483,1,-1,-1
484,1,-1,0
485,0,-1,0
486,1,-1,0
487,1,-1,-1
488,0,-1,-1
489,0,-1,-1
490,1,-1,0
491,0,-1,-1
492,1,-1,-1
493,0,-1,0
494,0,-1,0
495,1,-1,0
496,1,-1,0
497,1,-1,-1
498,0,-1,0
499,1,-1,0
500,0,-1,-1
501,1,-1,-1
502,0,-1,-1
503,0,-1,-1
504,1,-1,-1
505,0,-1,-1
506,1,-1,0
507,1,-1,0
508,1,-1,-1
509,1,-1,0
510,1,-1,0
511,1,-1,-1
512,0,-1,-1
513,0,-1,0
514,0,-1,0
515,0,-1,-1
516,1,-1,0
517,1,-1,0
518,0,-1,-1
519,0,-1,0
520,1,-1,-1
521,0,-1,0
522,0,-1,0
523,0,-1,-1
524,0,-1,0
525,0,-1,-1
526,0,-1,-1
527,1,-1,0
528,0,-1,-1
529,1,-1,-1
530,0,-1,0
531,0,-1,-1
532,0,-1,-1
533,1,-1,0
534,0,-1,0
535,1,-1,0
536,1,-1,-1
537,1,-1,0
538,0,-1,0
539,0,-1,-1
540,0,-1,0
541,0,-1,-1
542,0,-1,-1
543,0,-1,-1
544,1,-1,-1
545,1,-1,0
546,0,-1,0
547,0,-1,0
548,0,-1,-1
549,0,-1,-1
550,0,-1,-1
551,1,-1,-1
552,1,-1,-1
553,0,-1,-1
554,0,-1,-1
555,1,-1,0
556,0,-1,-1
557,1,-1,-1
558,0,-1,-1
559,1,-1,0
560,0,-1,-1
561,1,-1,0
562,1,-1,-1
563,1,-1,-1
564,0,-1,-1
565,1,-1,-1
566,0,-1,0
567,1,-1,0
568,1,-1,-1
569,0,-1,0
570,0,-1,0
571,1,-1,-1
572,0,-1,-1
573,0,-1,-1
574,1,-1,0
575,0,-1,0
576,0,-1,0
577,0,-1,0
578,1,-1,-1
579,0,-1,-1
580,0,-1,0
581,0,-1,-1
582,0,-1,-1
583,1,-1,-1
584,1,-1,-1
585,0,-1,0
586,1,-1,0
587,0,-1,0
588,0,-1,0
589,1,-1,0
590,1,-1,-1
591,1,-1,-1
592,1,-1,-1
593,0,-1,0
594,0,-1,0
595,0,-1,-1
596,0,-1,-1
597,1,-1,-1
598,1,-1,-1
599,1,-1,0
600,1,-1,0
601,0,-1,-1
602,1,-1,0
603,0,-1,-1
604,0,-1,-1
605,1,-1,-1
606,1,-1,-1
607,1,-1,-1
608,0,-1,0
609,1,-1,-1
610,1,-1,0
611,1,-1,-1
612,1,-1,0
613,1,-1,-1
614,0,-1,0
615,0,-1,0
616,1,-1,-1
617,1,-1,-1
618,0,-1,0
619,1,-1,0
620,1,-1,-1
621,1,-1,-1
622,1,-1,0
623,0,-1,-1
624,0,-1,-1
625,1,-1,0
626,0,-1,0
627,1,-1,-1
628,0,-1,-1
629,1,-1,0
630,1,-1,-1
631,1,-1,-1
632,0,-1,-1
633,1,-1,0
634,1,-1,0
635,0,-1,0
636,1,-1,-1
637,0,-1,0
638,1,-1,0
639,1,-1,-1
640,0,-1,0
641,1,-1,-1
642,1,-1,-1
643,0,-1,0
644,0,-1,0
645,1,-1,-1
646,0,-1,0
647,0,-1,-1
648,0,-1,-1
649,1,-1,0
650,1,-1,-1
651,0,-1,-1
652,0,-1,0
653,1,-1,0
654,1,-1,0
655,0,-1,0
656,0,-1,0
657,0,-1,-1
658,1,-1,0
659,1,-1,0
660,0,-1,0
661,0,-1,0
662,1,-1,0
663,0,-1,0
664,1,-1,-1
665,0,-1,0
666,0,-1,0
667,0,-1,0
668,0,-1,-1
669,1,-1,0
670,0,-1,-1
671,0,-1,0
672,0,-1,0
673,0,-1,-1
674,0,-1,0
675,1,-1,0
676,1,-1,-1
677,1,-1,0
678,1,-1,0
679,1,-1,0
680,0,-1,0
681,1,-1,-1
682,1,-1,0
683,0,-1,-1
684,1,-1,0
685,1,-1,-1
686,1,-1,-1
687,1,-1,-1
688,0,-1,-1
689,1,-1,-1
690,0,-1,0
691,1,-1,0
692,0,-1,-1
693,0,-1,-1
694,0,-1,-1
695,1,-1,-1
696,1,-1,0
697,1,-1,0
698,1,-1,0
699,0,-1,0
700,0,-1,-1
701,0,-1,0
702,0,-1,-1
703,0,-1,0
704,1,-1,0
705,0,-1,0
706,1,-1,0
707,0,-1,-1
708,1,-1,-1
709,0,-1,0
710,0,-1,-1
711,1,-1,0
712,1,-1,-1
713,0,-1,0
714,0,-1,0
715,0,-1,0
716,1,-1,0
717,1,-1,-1
718,0,-1,-1
719,1,-1,0
720,0,-1,0
721,0,-1,-1
722,1,-1,-1
723,0,-1,0
724,1,-1,-1
725,1,-1,0
726,1,-1,-1
727,1,-1,0
728,0,-1,0
729,0,-1,0
730,0,-1,0
731,1,-1,0
732,0,-1,-1
733,1,-1,-1
734,1,-1,-1
735,1,-1,-1
736,1,-1,-1
737,1,-1,0
738,0,-1,-1
739,1,-1,0
740,0,-1,0
741,0,-1,0
742,0,-1,0
743,0,-1,-1
744,0,-1,0
745,0,-1,-1
746,0,-1,-1
747,0,-1,0
748,1,-1,-1
749,1,-1,0
750,0,-1,0
751,0,-1,0
752,1,-1,0
753,1,-1,-1
754,1,-1,0
755,1,-1,-1
756,1,-1,-1
757,0,-1,-1
758,0,-1,0
759,0,-1,0
760,0,-1,-1
761,1,-1,0
762,0,-1,0
763,0,-1,-1
764,1,-1,-1
765,0,-1,0
766,1,-1,0
767,0,-1,0
768,0,-1,-1
769,0,-1,-1
770,1,-1,0
771,1,-1,0
772,0,-1,0
773,1,-1,-1
774,0,-1,0
775,1,-1,-1
776,0,-1,-1
777,1,-1,0
778,0,-1,-1
779,1,-1,0
780,1,-1,-1
781,0,-1,0
782,1,-1,-1
783,1,-1,-1
784,1,-1,0
785,1,-1,-1
786,0,-1,-1
787,0,-1,0
788,1,-1,-1
789,1,-1,0
790,0,-1,0
791,1,-1,-1
792,0,-1,0
793,1,-1,-1
794,0,-1,-1
795,1,-1,-1
796,0,-1,-1
797,1,-1,-1
798,1,-1,-1
799,1,-1,0
800,0,-1,-1
801,1,-1,-1
802,0,-1,-1
803,1,-1,-1
804,0,-1,-1
805,0,-1,0
806,1,-1,-1
807,0,-1,-1
808,0,-1,0
809,1,-1,0
810,0,-1,-1
811,1,-1,-1
812,1,-1,-1
813,0,-1,0
814,1,-1,-1
815,0,-1,-1
816,1,-1,-1
817,0,-1,-1
818,0,-1,0
819,1,-1,0
820,1,-1,-1
821,1,-1,0
822,1,-1,0
823,1,-1,0
824,0,-1,-1
825,0,-1,-1
826,0,-1,0
827,1,-1,-1
828,0,-1,-1
829,1,-1,-1
830,1,-1,-1
831,1,-1,-1
832,0,-1,-1
833,0,-1,-1
834,1,-1,-1
835,0,-1,-1
836,1,-1,0
837,0,-1,-1
838,1,-1,-1
839,0,-1,0
840,1,-1,0
841,1,-1,-1
842,1,-1,0
843,1,-1,-1
844,1,-1,-1
845,0,-1,-1
846,1,-1,0
847,0,-1,-1
848,1,-1,-1
849,0,-1,-1
850,1,-1,-1
851,1,-1,0
852,1,-1,-1
853,0,-1,0
854,0,-1,0
855,0,-1,-1
856,0,-1,0
857,0,-1,0
858,0,-1,0
859,0,-1,0
860,1,-1,-1
861,0,-1,0
862,0,-1,0
863,0,-1,-1
864,1,-1,-1
865,1,-1,0
866,0,-1,0
867,0,-1,-1
868,1,-1,0
869,1,-1,0
870,0,-1,-1
871,0,-1,-1
872,0,-1,-1
873,0,-1,-1
874,0,-1,-1
875,0,-1,-1
876,1,-1,-1
877,0,-1,0
878,1,-1,0
879,0,-1,0
880,1,-1,0
881,1,-1,-1
882,1,-1,0
883,0,-1,0
884,1,-1,-1
885,1,-1,-1
886,0,-1,-1
887,0,-1,-1
888,1,-1,0
889,0,-1,0
890,0,-1,0
891,0,-1,0
892,0,-1,0
893,1,-1,-1
894,0,-1,-1
895,0,-1,-1
896,0,-1,0
897,0,-1,0
898,0,-1,-1
899,1,-1,-1
900,0,-1,0
901,1,-1,-1
902,0,-1,-1
903,1,-1,0
904,0,-1,0
905,1,-1,-1
906,1,-1,0
907,0,-1,-1
908,1,-1,-1
909,1,-1,0
910,1,-1,-1
911,0,-1,-1
912,0,-1,-1
913,0,-1,-1
914,0,-1,-1
915,1,-1,-1
916,1,-1,-1
917,0,-1,0
918,1,-1,-1
919,0,-1,0
920,0,-1,-1
921,0,-1,0
922,1,-1,-1
923,1,-1,-1
924,0,-1,0
925,1,-1,0
926,0,-1,-1
927,0,-1,-1
928,0,-1,0
929,1,-1,0
930,1,-1,-1
931,0,-1,0
932,1,-1,-1
933,0,-1,0
934,0,-1,-1
935,1,-1,0
936,0,-1,0
937,1,-1,0
938,1,-1,0
939,0,-1,0
940,1,-1,-1
941,0,-1,-1
942,0,-1,0
943,1,-1,-1
944,1,-1,-1
945,1,-1,-1
946,0,-1,0
947,1,-1,-1
948,1,-1,0
949,0,-1,-1
950,0,-1,-1
951,0,-1,-1
952,0,-1,0
953,0,-1,-1
954,1,-1,-1
955,1,-1,-1
956,0,-1,-1
957,1,-1,0
958,1,-1,-1
959,0,-1,-1
960,1,-1,0
961,0,-1,0
962,0,-1,0
963,0,-1,0
964,0,-1,-1
965,0,-1,0
966,0,-1,0
967,1,-1,-1
968,0,-1,0
969,1,-1,0
970,0,-1,-1
971,0,-1,-1
972,0,-1,0
973,1,-1,-1
974,1,-1,-1
975,0,-1,-1
976,1,-1,0
977,1,-1,-1
978,1,-1,-1
979,1,-1,0
980,1,-1,0
981,1,-1,0
982,0,-1,0
983,1,-1,0
984,1,-1,-1
985,0,-1,-1
986,0,-1,0
987,1,-1,0
988,0,-1,0
989,0,-1,0
990,0,-1,0
991,1,-1,0
992,1,-1,0
993,0,-1,-1
994,0,-1,-1
995,1,-1,0
996,1,-1,-1
997,1,-1,0
998,1,-1,0
999,1,-1,0
1000,0,-1,0
1001,1,-1,-1
1002,0,-1,0
1003,1,-1,0
1004,0,-1,-1
1005,0,-1,-1
1006,0,-1,0
1007,1,-1,0
1008,1,-1,0
1009,0,-1,0
1010,0,-1,0
1011,0,-1,-1
1012,1,-1,0
1013,1,-1,0
1014,0,-1,0
1015,0,-1,-1
1016,1,-1,-1
1017,0,-1,-1
1018,1,-1,-1
1019,0,-1,-1
1020,0,-1,0
1021,0,-1,-1
1022,0,-1,0
1023,1,-1,0
1024,0,-1,0
1025,0,-1,-1
1026,1,-1,0
1027,1,-1,0
1028,0,-1,-1
1029,1,-1,0
1030,1,-1,0
1031,0,-1,-1
1032,1,-1,-1
1033,0,-1,-1
1034,1,-1,0
1035,0,-1,0
1036,0,-1,0
1037,0,-1,0
1038,1,-1,0
1039,1,-1,-1
1040,1,-1,0
1041,1,-1,-1
1042,1,-1,0
1043,0,-1,0
1044,0,-1,0
1045,1,-1,0
1046,0,-1,-1
1047,1,-1,-1
1048,0,-1,0
1049,1,-1,0
1050,0,-1,0
1051,1,-1,0
1052,1,-1,-1
1053,0,-1,0
1054,1,-1,-1
1055,0,-1,-1
1056,1,-1,0
1057,0,-1,-1
1058,1,-1,-1
1059,1,-1,-1
1060,1,-1,0
1061,1,-1,-1
1062,0,-1,-1
1063,1,-1,0
1064,0,-1,-1
1065,0,-1,0
1066,0,-1,0
1067,1,-1,0
1068,1,-1,-1
1069,0,-1,-1
1070,0,-1,-1
1071,0,-1,-1
1072,1,-1,0
1073,1,-1,0
1074,0,-1,-1
1075,0,-1,0
1076,1,-1,0
1077,1,-1,-1
1078,1,-1,-1
1079,0,-1,0
1080,1,-1,-1
1081,0,-1,-1
1082,1,-1,0
1083,0,-1,-1
1084,1,-1,0
1085,0,-1,-1
1086,0,-1,-1
1087,1,-1,-1
1088,1,-1,0
1089,1,-1,-1
1090,0,-1,-1
1091,0,-1,-1
1092,1,-1,-1
1093,1,-1,-1
1094,0,-1,0
1095,1,-1,-1
1096,0,-1,0
1097,0,-1,0
1098,0,-1,-1
1099,0,-1,0
1100,1,-1,0
1101,0,-1,-1
1102,1,-1,0
1103,0,-1,0
1104,1,-1,-1
1105,1,-1,0
1106,0,-1,0
1107,1,-1,0
1108,1,-1,-1
1109,0,-1,0
1110,1,-1,-1
1111,1,-1,-1
1112,0,-1,0
1113,0,-1,-1
1114,0,-1,-1
1115,1,-1,-1
1116,0,-1,0
1117,0,-1,-1
1118,1,-1,0
1119,0,-1,-1
1120,0,-1,0
1121,1,-1,0
1122,0,-1,0
1123,0,-1,-1
1124,1,-1,-1
1125,1,-1,0
1126,0,-1,-1
1127,1,-1,-1
1128,1,-1,0
1129,0,-1,0
1130,1,-1,0
1131,1,-1,0
1132,0,-1,0
1133,1,-1,-1
1134,0,-1,-1
1135,0,-1,0
1136,0,-1,-1
1137,1,-1,-1
1138,1,-1,0
1139,0,-1,0
1140,0,-1,-1
1141,1,-1,0
1142,0,-1,0
1143,0,-1,-1
1144,1,-1,-1
1145,0,-1,-1
1146,0,-1,-1
1147,1,-1,-1
1148,1,-1,0
1149,0,-1,-1
1150,0,-1,0
1151,0,-1,0
1152,1,-1,0
1153,1,-1,-1
1154,1,-1,-1
1155,1,-1,-1
1156,0,-1,0
1157,0,-1,-1
1158,1,-1,-1
1159,1,-1,-1
1160,0,-1,0
1161,0,-1,0
1162,1,-1,-1
1163,0,-1,-1
1164,0,-1,0
1165,1,-1,-1
1166,1,-1,-1
1167,0,-1,0
1168,1,-1,-1
1169,0,-1,-1
1170,0,-1,0
1171,1,-1,0
1172,0,-1,-1
1173,0,-1,-1
1174,0,-1,0
1175,0,-1,-1
1176,0,-1,0
1177,1,-1,-1
1178,1,-1,0
1179,1,-1,0
1180,1,-1,-1
1181,0,-1,0
1182,1,-1,0
1183,1,-1,-1
1184,0,-1,-1
1185,0,-1,-1
1186,0,-1,0
1187,0,-1,1
1188,0,-1,-1
1189,0,-1,-1
1190,0,-1,0
1191,1,-1,-1
1192,0,-1,-1
1193,0,-1,0
1194,0,-1,0
1195,1,-1,0
1196,0,-1,-1
1197,1,-1,0
1198,1,-1,-1
1199,1,-1,0
1200,0,-1,0
1201,1,-1,0
1202,0,-1,0
1203,0,-1,0
1204,1,-1,0
1205,1,-1,0
1206,0,-1,-1
1207,0,-1,0
1208,1,-1,-1
1209,1,-1,0
1210,0,-1,-1
1211,0,-1,-1
1212,1,-1,0
1213,1,-1,0
1214,0,-1,-1
1215,1,-1,-1
1216,0,-1,0
1217,1,-1,0
1218,1,-1,0
1219,1,-1,0
1220,0,-1,-1
1221,1,-1,0
1222,0,-1,-1
1223,0,-1,0
1224,1,-1,-1
1225,1,-1,-1
1226,0,-1,-1
1227,1,-1,-1
1228,0,-1,-1
1229,0,-1,-1
1230,0,-1,-1
1231,0,-1,-1
1232,1,-1,0
1233,1,-1,0
1234,1,-1,0
1235,0,-1,0
1236,0,-1,0
1237,0,-1,-1
1238,0,-1,0
1239,0,-1,-1
1240,1,-1,0
1241,0,-1,-1
1242,0,-1,0
1243,0,-1,0
1244,0,-1,0
1245,1,-1,-1
1246,1,-1,-1
1247,1,-1,0
1248,1,-1,0
1249,0,-1,-1
1250,1,-1,-1
1251,1,-1,0
1252,1,-1,0
1253,0,-1,0
1254,1,-1,0
1255,1,-1,0
1256,1,-1,-1
1257,0,-1,-1
1258,1,-1,0
1259,1,-1,-1
1260,1,-1,0
1261,1,-1,0
1262,1,-1,-1
1263,0,-1,0
1264,0,-1,-1
1265,0,-1,0
1266,1,-1,-1
1267,0,-1,0
1268,1,-1,0
1269,0,-1,-1
1270,1,-1,-1
1271,0,-1,-1
1272,0,-1,-1
1273,0,-1,-1
1274,1,-1,0
1275,1,-1,-1
1276,0,-1,0
1277,1,-1,0
1278,0,-1,0
1279,0,-1,0
1280,0,-1,0
1281,0,-1,0
1282,0,-1,-1
1283,0,-1,-1
1284,0,-1,-1
1285,0,-1,-1
1286,0,-1,0
1287,0,-1,-1
1288,0,-1,0
1289,1,-1,-1
1290,0,-1,-1
1291,0,-1,-1
1292,0,-1,-1
1293,1,-1,-1
1294,1,-1,0
1295,1,-1,0
1296,0,-1,-1
1297,1,-1,-1
1298,0,-1,-1
1299,1,-1,-1
1300,0,-1,0
1301,0,-1,0
1302,0,-1,-1
1303,1,-1,0
1304,1,-1,-1
1305,1,-1,0
1306,0,-1,-1
1307,0,-1,-1
1308,1,-1,0
1309,0,-1,0
1310,1,-1,-1
1311,1,-1,-1
1312,1,-1,0
1313,0,-1,0
1314,1,-1,-1
1315,1,-1,-1
1316,1,-1,-1
1317,1,-1,-1
1318,0,-1,-1
1319,0,-1,-1
1320,0,-1,-1
1321,1,-1,0
1322,0,-1,-1
1323,0,-1,0
1324,0,-1,-1
1325,1,-1,0
1326,1,-1,-1
1327,0,-1,-1
1328,1,-1,0
1329,1,-1,-1
1330,1,-1,-1
1331,1,-1,-1
1332,1,-1,-1
1333,1,-1,0
1334,0,-1,-1
1335,0,-1,-1
1336,1,-1,0
1337,1,-1,0
1338,1,-1,0
1339,1,-1,-1
1340,0,-1,0
1341,1,-1,-1
1342,0,-1,0
1343,0,-1,-1
1344,1,-1,-1
1345,0,-1,0
1346,0,-1,0
1347,1,-1,0
1348,0,-1,-1
1349,1,-1,-1
1350,0,-1,0
1351,1,-1,0
1352,0,-1,-1
1353,0,-1,0
1354,1,-1,0
1355,1,-1,-1
1356,0,-1,-1
1357,1,-1,0
1358,1,-1,0
1359,1,-1,-1
1360,1,-1,-1
1361,1,-1,-1
1362,1,-1,-1
1363,1,-1,-1
1364,0,-1,-1
1365,0,-1,-1
1366,0,-1,0
1367,1,-1,0
1368,1,-1,0
1369,0,-1,0
1370,0,-1,0
1371,0,-1,-1
1372,1,-1,0
1373,1,-1,-1
1374,0,-1,-1
1375,1,-1,0
1376,1,-1,0
1377,0,-1,0
1378,1,-1,0
1379,0,-1,0
1380,0,-1,-1
1381,1,-1,0
1382,0,-1,0
1383,1,-1,-1
1384,0,-1,-1
1385,0,-1,-1
1386,1,-1,0
1387,0,-1,-1
1388,1,-1,0
1389,0,-1,0
1390,1,-1,0
1391,0,-1,0
1392,0,-1,0
1393,0,-1,0
1394,1,-1,-1
1395,0,-1,-1
1396,1,-1,0
1397,1,-1,0
1398,0,-1,0
1399,1,-1,0
1400,0,-1,0
1401,1,-1,0
1402,1,-1,-1
1403,1,-1,-1
1404,1,-1,0
1405,1,-1,-1
1406,0,-1,0
1407,0,-1,-1
1408,1,-1,-1
1409,0,-1,-1
1410,0,-1,0
1411,1,-1,0
1412,1,-1,-1
1413,0,-1,-1
1414,0,-1,-1
1415,0,-1,0
1416,1,-1,-1
1417,1,-1,0
1418,0,-1,-1
1419,0,-1,-1
1420,1,-1,0
1421,1,-1,0
1422,0,-1,0
1423,1,-1,0
1424,1,-1,-1
1425,0,-1,0
1426,0,-1,0
1427,1,-1,0
1428,1,-1,0
1429,1,-1,-1
1430,1,-1,-1
1431,0,-1,-1
1432,0,-1,0
1433,0,-1,0
1434,0,-1,0
1435,1,-1,0
1436,1,-1,-1
1437,1,-1,-1
1438,0,-1,-1
1439,0,-1,0
1440,0,-1,-1
1441,0,-1,-1
1442,0,-1,-1
1443,0,-1,0
1444,0,-1,0
1445,1,-1,-1
1446,0,-1,0
1447,1,-1,0
1448,1,-1,0
1449,1,-1,-1
1450,0,-1,-1
1451,1,-1,-1
1452,1,-1,0
1453,0,-1,0
1454,0,-1,0
1455,0,-1,0
1456,1,-1,-1
1457,1,-1,0
1458,1,-1,0
1459,0,-1,0
1460,1,-1,0
1461,0,-1,-1
1462,0,-1,-1
1463,0,-1,-1
1464,1,-1,0
1465,0,-1,-1
1466,0,-1,-1
1467,1,-1,-1
1468,0,-1,0
1469,0,-1,0
1470,0,-1,-1
1471,0,-1,-1
1472,0,-1,0
1473,1,-1,-1
1474,1,-1,0
1475,1,-1,0
1476,1,-1,-1
1477,0,-1,-1
1478,0,-1,0
1479,1,-1,-1
1480,1,-1,0
1481,1,-1,-1
1482,0,-1,-1
1483,0,-1,-1
1484,1,-1,0
1485,1,-1,-1
1486,0,-1,0
1487,0,-1,0
1488,0,-1,0
1489,0,-1,-1
1490,1,-1,0
1491,0,-1,-1
1492,0,-1,-1
1493,1,-1,-1
1494,1,-1,0
1495,0,-1,0
1496,0,-1,-1
1497,1,-1,0
1498,1,-1,0
1499,0,-1,0
1500,0,-1,-1
1501,0,-1,-1
1502,1,-1,-1
1503,1,-1,0
1504,0,-1,0
1505,0,-1,0
1506,1,-1,0
1507,0,-1,0
1508,0,-1,-1
1509,0,-1,0
1510,1,-1,0
1511,1,-1,0
1512,1,-1,0
1513,0,-1,-1
1514,0,-1,0
1515,1,-1,-1
1516,1,-1,0
1517,1,-1,-1
1518,0,-1,0
1519,1,-1,0
1520,1,-1,0
1521,1,-1,-1
1522,1,-1,-1
1523,1,-1,0
1524,1,-1,-1
1525,1,-1,-1
1526,1,-1,-1
1527,1,-1,-1
1528,1,-1,-1
1529,0,-1,-1
1530,0,-1,-1
1531,0,-1,0
1532,1,-1,-1
1533,0,-1,-1
1534,0,-1,0
1535,1,-1,0
1536,0,-1,-1
1537,0,-1,0
1538,0,-1,-1
1539,0,-1,0
1540,1,-1,-1
1541,1,-1,0
1542,1,-1,0
1543,1,-1,0
1544,0,-1,0
1545,0,-1,-1
1546,0,-1,0
1547,1,-1,-1
1548,0,-1,-1
1549,1,-1,0
1550,1,-1,0
1551,1,-1,0
1552,1,-1,0
1553,1,-1,0
1554,1,-1,0
1555,0,-1,0
1556,0,-1,-1
1557,1,-1,-1
1558,1,-1,0
1559,0,-1,0
1560,0,-1,-1
1561,1,-1,-1
1562,0,-1,0
1563,0,-1,0
1564,0,-1,0
1565,1,-1,0
1566,1,-1,-1
1567,1,-1,0
1568,0,-1,-1
1569,0,-1,-1
1570,0,-1,0
1571,1,-1,0
1572,1,-1,0
1573,0,-1,0
1574,0,-1,-1
1575,1,-1,-1
1576,1,-1,0
1577,1,-1,0
1578,0,-1,0
1579,1,-1,0
1580,0,-1,-1
1581,0,-1,-1
1582,0,-1,-1
1583,1,-1,0
1584,0,-1,0
1585,1,-1,-1
1586,0,-1,0
1587,1,-1,-1
1588,1,-1,-1
1589,0,-1,0
1590,1,-1,-1
1591,0,-1,0
1592,1,-1,-1
1593,1,-1,0
1594,1,-1,0
1595,1,-1,-1
1596,0,-1,-1
1597,0,-1,-1
1598,0,-1,-1
1599,0,-1,0
1600,0,-1,-1
1601,1,-1,-1
1602,0,-1,0
1603,0,-1,0
1604,0,-1,-1
1605,1,-1,0
1606,0,-1,0
1607,0,-1,-1
1608,1,-1,0
1609,1,-1,0
1610,0,-1,-1
1611,1,-1,-1
1612,1,-1,0
1613,0,-1,-1
1614,1,-1,-1
1615,1,-1,-1
1616,1,-1,-1
1617,1,-1,-1
1618,0,-1,-1
1619,1,-1,-1
1620,0,-1,-1
1621,0,-1,0
1622,1,-1,0
1623,1,-1,0
1624,1,-1,-1
1625,1,-1,-1
1626,0,-1,-1
1627,1,-1,-1
1628,1,-1,-1
1629,1,-1,0
1630,1,-1,0
1631,0,-1,0
1632,0,-1,-1
1633,0,-1,0
1634,1,-1,0
1635,0,-1,-1
1636,0,-1,-1
1637,1,-1,0
1638,0,-1,0
1639,0,-1,0
1640,0,-1,0
1641,0,-1,-1
1642,0,-1,0
1643,0,-1,-1
1644,1,-1,0
1645,0,-1,-1
1646,0,-1,-1
1647,1,-1,0
1648,1,-1,0
1649,0,-1,-1
1650,0,-1,0
1651,1,-1,-1
1652,1,-1,-1
1653,0,-1,0
1654,0,-1,0
1655,0,-1,-1
1656,0,-1,0
1657,0,-1,-1
1658,0,-1,-1
1659,1,-1,0
1660,1,-1,0
1661,1,-1,-1
1662,0,-1,-1
1663,1,-1,0
1664,0,-1,-1
1665,1,-1,0
1666,1,-1,0
1667,0,-1,0
1668,1,-1,-1
1669,0,-1,0
1670,0,-1,-1
1671,1,-1,-1
1672,0,-1,-1
1673,0,-1,-1
1674,0,-1,-1
1675,0,-1,0
1676,1,-1,-1
1677,0,-1,-1
1678,1,-1,0
1679,1,-1,-1
1680,1,-1,0
1681,0,-1,-1
1682,0,-1,-1
1683,0,-1,0
1684,1,-1,0
1685,0,-1,-1
1686,0,-1,0
1687,0,-1,0
1688,0,-1,0
1689,1,-1,-1
1690,0,-1,-1
1691,1,-1,0
1692,1,-1,0
1693,1,-1,0
1694,0,-1,0
1695,1,-1,-1
1696,1,-1,-1
1697,0,-1,0
1698,1,-1,-1
1699,1,-1,0
1700,1,-1,-1
1701,1,-1,0
1702,0,-1,0
1703,0,-1,-1
1704,1,-1,0
1705,0,-1,0
1706,0,-1,-1
1707,1,-1,-1
1708,1,-1,-1
1709,1,-1,0
1710,1,-1,-1
1711,1,-1,-1
1712,0,-1,-1
1713,1,-1,-1
1714,1,-1,-1
1715,0,-1,-1
1716,0,-1,-1
1717,1,-1,0
1718,1,-1,-1
1719,0,-1,0
1720,0,-1,-1
1721,1,-1,-1
1722,0,-1,0
1723,0,-1,0
1724,0,-1,0
1725,1,-1,-1
1726,0,-1,-1
1727,0,-1,-1
1728,0,-1,-1
1729,1,-1,-1
1730,1,-1,0
1731,0,-1,-1
1732,1,-1,-1
1733,0,-1,0
1734,0,-1,-1
1735,0,-1,-1
1736,1,-1,-1
1737,1,-1,-1
1738,1,-1,-1
1739,0,-1,0
1740,0,-1,-1
1741,1,-1,0
1742,1,-1,-1
1743,0,-1,-1
1744,1,-1,0
1745,1,-1,0
1746,1,-1,-1
1747,0,-1,-1
1748,1,-1,-1
1749,0,-1,-1
1750,0,-1,-1
1751,1,-1,0
1752,1,-1,-1
1753,0,-1,-1
1754,1,-1,0
1755,0,-1,-1
1756,0,-1,-1
1757,1,-1,0
1758,1,-1,0
1759,0,-1,-1
1760,1,-1,-1
1761,1,-1,0
1762,1,-1,-1
1763,1,-1,-1
1764,1,-1,-1
1765,0,-1,-1
1766,0,-1,-1
1767,1,-1,-1
1768,0,-1,0
1769,0,-1,-1
1770,0,-1,0
1771,1,-1,0
1772,1,-1,0
1773,0,-1,0
1774,1,-1,0
1775,0,-1,0
1776,0,-1,0
1777,1,-1,-1
1778,1,-1,0
1779,0,-1,0
1780,1,-1,0
1781,0,-1,0
1782,1,-1,-1
1783,1,-1,0
1784,0,-1,0
1785,1,-1,0
1786,0,-1,0
1787,1,-1,0
1788,0,-1,-1
1789,1,-1,-1
1790,1,-1,-1
1791,0,-1,-1
1792,0,-1,0
1793,0,-1,0
1794,1,-1,-1
1795,0,-1,0
1796,1,-1,0
1797,0,-1,-1
1798,1,-1,0
1799,1,-1,0
1800,1,-1,-1
1801,1,-1,0
1802,1,-1,-1
1803,1,-1,0
1804,1,-1,0
1805,0,-1,-1
1806,1,-1,0
1807,1,-1,0
1808,0,-1,-1
1809,0,-1,0
1810,1,-1,-1
1811,1,-1,0
1812,1,-1,0
1813,0,-1,0
1814,1,-1,-1
1815,0,-1,-1
1816,0,-1,-1
1817,1,-1,-1
1818,1,-1,-1
1819,1,-1,0
1820,0,-1,-1
1821,0,-1,0
1822,0,-1,0
1823,0,-1,-1
1824,1,-1,-1
1825,0,-1,-1
1826,0,-1,-1
1827,1,-1,0
1828,1,-1,-1
1829,1,-1,-1
1830,1,-1,0
1831,0,-1,0
1832,0,-1,0
1833,0,-1,-1
1834,0,-1,0
1835,0,-1,0
1836,1,-1,-1
1837,0,-1,0
1838,1,-1,0
1839,1,-1,0
1840,0,-1,0
1841,0,-1,0
1842,1,-1,-1
1843,1,-1,-1
1844,0,-1,-1
1845,0,-1,-1
1846,0,-1,0
1847,0,-1,-1
1848,0,-1,-1
1849,1,-1,-1
1850,0,-1,-1
1851,1,-1,-1
1852,1,-1,-1
1853,0,-1,-1
1854,0,-1,-1
1855,0,-1,0
1856,1,-1,-1
1857,1,-1,0
1858,1,-1,0
1859,0,-1,-1
1860,0,-1,-1
1861,1,-1,0
1862,0,-1,0
1863,0,-1,0
1864,0,-1,-1
1865,1,-1,-1
1866,0,-1,0
1867,0,-1,-1
1868,1,-1,0
1869,0,-1,-1
1870,1,-1,0
1871,0,-1,-1
1872,1,-1,0
1873,0,-1,0
1874,0,-1,-1
1875,0,-1,0
1876,0,-1,0
1877,1,-1,-1
1878,0,-1,-1
1879,1,-1,-1
1880,0,-1,-1
1881,0,-1,-1
1882,1,-1,0
1883,0,-1,0
1884,1,-1,-1
1885,1,-1,-1
1886,1,-1,0
1887,1,-1,0
1888,1,-1,0
1889,1,-1,0
1890,0,-1,0
1891,0,-1,-1
1892,1,-1,0
1893,1,-1,0
1894,0,-1,0
1895,0,-1,0
1896,0,-1,-1
1897,1,-1,0
1898,0,-1,-1
1899,1,-1,-1
1900,1,-1,-1
1901,1,-1,-1
1902,1,-1,0
1903,0,-1,0
1904,1,-1,0
1905,0,-1,0
1906,0,-1,0
1907,1,-1,-1
1908,0,-1,-1
1909,1,-1,0
1910,1,-1,0
1911,0,-1,-1
1912,1,-1,-1
1913,1,-1,-1
1914,1,-1,0
1915,1,-1,-1
1916,0,-1,0
1917,1,-1,-1
1918,0,-1,0
1919,1,-1,-1
1920,1,-1,0
1921,1,-1,-1
1922,1,-1,0
1923,1,-1,-1
1924,0,-1,0
1925,1,-1,-1
1926,0,-1,-1
1927,1,-1,-1
1928,1,-1,0
1929,0,-1,0
1930,0,-1,-1
1931,1,-1,-1
1932,1,-1,-1
1933,1,-1,0
1934,1,-1,-1
1935,1,-1,0
1936,1,-1,0
1937,1,-1,0
1938,1,-1,0
1939,0,-1,0
1940,0,-1,-1
1941,0,-1,0
1942,0,-1,-1
1943,0,-1,0
1944,1,-1,0
1945,1,-1,-1
1946,1,-1,0
1947,1,-1,-1
1948,1,-1,0
1949,1,-1,0
1950,0,-1,0
1951,0,-1,0
1952,1,-1,0
1953,0,-1,0
1954,0,-1,0
1955,0,-1,-1
1956,1,-1,0
1957,0,-1,-1
1958,0,-1,-1
1959,1,-1,-1
1960,0,-1,0
1961,1,-1,-1
1962,0,-1,-1
1963,1,-1,0
1964,1,-1,0
1965,0,-1,-1
1966,0,-1,0
1967,0,-1,-1
1968,0,-1,-1
1969,0,-1,-1
1970,0,-1,-1
1971,1,-1,-1
1972,1,-1,0
1973,1,-1,0
1974,1,-1,-1
1975,1,-1,0
1976,0,-1,-1
1977,0,-1,0
1978,0,-1,-1
1979,1,-1,0
1980,1,-1,-1
1981,0,-1,-1
1982,1,-1,0
1983,0,-1,0
1984,0,-1,0
1985,1,-1,0
1986,0,-1,0
1987,1,-1,0
1988,1,-1,-1
1989,0,-1,-1
1990,0,-1,-1
1991,0,-1,0
1992,1,-1,-1
1993,1,-1,-1
1994,1,-1,-1
1995,1,-1,-1
1996,1,-1,-1
1997,1,-1,0
1998,0,-1,-1
1999,1,-1,-1
2000,0,-1,-1
2001,1,-1,-1
2002,0,-1,-1
2003,1,-1,0
2004,0,-1,-1
2005,0,-1,-1
2006,1,-1,-1
2007,1,-1,0
2008,0,-1,-1
2009,0,-1,-1
2010,0,-1,-1
2011,0,-1,0
2012,1,-1,0
2013,1,-1,-1
2014,0,-1,-1
2015,1,-1,0
2016,1,-1,-1
2017,0,-1,-1
2018,1,-1,0
2019,1,-1,0
2020,0,-1,0
2021,0,-1,-1
2022,1,-1,0
2023,0,-1,-1
2024,0,-1,0
2025,0,-1,0
2026,1,-1,0
2027,0,-1,0
2028,1,-1,0
2029,1,-1,-1
2030,1,-1,0
2031,1,-1,0
2032,1,-1,-1
2033,1,-1,0
2034,0,-1,0
2035,0,-1,0
2036,1,-1,0
2037,0,-1,-1
2038,1,-1,0
2039,1,-1,0
2040,1,-1,0
2041,0,-1,-1
2042,0,-1,0
2043,0,-1,-1
2044,1,-1,-1
2045,1,-1,0
2046,0,-1,0
2047,1,-1,-1
2048,0,-1,-1
2049,0,-1,-1
2050,0,-1,-1
2051,0,-1,0
2052,1,-1,0
2053,1,-1,0
2054,0,-1,-1
2055,1,-1,0
2056,1,-1,-1
2057,1,-1,0
2058,0,-1,-1
2059,0,-1,-1
2060,0,-1,0
2061,1,-1,0
2062,0,-1,0
2063,0,-1,0
2064,0,-1,0
2065,0,-1,0
2066,1,-1,0
2067,1,-1,-1
2068,1,-1,0
2069,0,-1,0
2070,0,-1,-1
2071,0,-1,0
2072,1,-1,-1
2073,1,-1,-1
2074,1,-1,0
2075,0,-1,0
2076,0,-1,0
2077,1,-1,-1
2078,1,-1,-1
2079,0,-1,0
2080,0,-1,-1
2081,0,-1,0
2082,0,-1,-1
2083,0,-1,0
2084,1,-1,0
2085,0,-1,-1
2086,1,-1,-1
2087,1,-1,0
2088,1,-1,-1
2089,0,-1,0
2090,1,-1,-1
2091,1,-1,-1
2092,1,-1,0
2093,0,-1,-1
2094,1,-1,0
2095,1,-1,-1
2096,1,-1,-1
2097,1,-1,0
2098,1,-1,-1
2099,1,-1,-1
2100,0,-1,-1
2101,1,-1,-1
2102,1,-1,-1
2103,0,-1,0
2104,0,-1,-1
2105,0,-1,0
2106,1,-1,0
2107,0,-1,-1
2108,1,-1,-1
2109,1,-1,-1
2110,1,-1,0
2111,1,-1,0
2112,1,-1,0
2113,1,-1,-1
2114,0,-1,-1
2115,0,-1,0
2116,1,-1,-1
2117,1,-1,-1
2118,1,-1,-1
2119,0,-1,-1
2120,0,-1,0
2121,1,-1,-1
2122,0,-1,-1
2123,0,-1,0
2124,0,-1,-1
2125,0,-1,-1
2126,0,-1,-1
2127,0,-1,0
2128,0,-1,-1
2129,1,-1,0
2130,1,-1,-1
2131,1,-1,-1
2132,0,-1,0
2133,0,-1,0
2134,1,-1,0
2135,0,-1,-1
2136,1,-1,0
2137,0,-1,0
2138,1,-1,0
2139,1,-1,0
2140,0,-1,-1
2141,0,-1,0
2142,0,-1,0
2143,0,-1,0
2144,0,-1,0
2145,0,-1,-1
2146,0,-1,0
2147,0,-1,0
2148,1,-1,-1
2149,0,-1,0
2150,1,-1,0
2151,0,-1,0
2152,1,-1,-1
2153,0,-1,-1
2154,1,-1,0
2155,0,-1,-1
2156,0,-1,0
2157,1,-1,-1
2158,1,-1,-1
2159,1,-1,-1
2160,0,-1,0
2161,1,-1,0
2162,0,-1,-1
2163,1,-1,0
2164,0,-1,0
2165,0,-1,0
2166,0,-1,0
2167,0,-1,0
2168,1,-1,-1
2169,1,-1,0
2170,1,-1,-1
2171,0,-1,0
2172,0,-1,0
2173,0,-1,0
2174,0,-1,-1
2175,1,-1,-1
2176,0,-1,-1
2177,1,-1,-1
2178,1,-1,-1
2179,0,-1,0
2180,0,-1,-1
2181,1,-1,-1
2182,1,-1,0
2183,1,-1,0
2184,1,-1,0
2185,1,-1,0
2186,1,-1,-1
2187,1,-1,-1
2188,0,-1,-1
2189,1,-1,-1
2190,1,-1,-1
2191,0,-1,0
2192,0,-1,-1
2193,0,-1,0
2194,0,-1,-1
2195,0,-1,0
2196,1,-1,-1
2197,1,-1,-1
2198,0,-1,-1
2199,1,-1,0
2200,0,-1,-1
2201,0,-1,0
2202,1,-1,0
2203,1,-1,0
2204,1,-1,0
2205,1,-1,0
2206,1,-1,-1
2207,0,-1,0
2208,1,-1,-1
2209,0,-1,0
2210,1,-1,0
2211,0,-1,-1
2212,1,-1,0
2213,0,-1,0
2214,0,-1,-1
2215,1,-1,0
2216,0,-1,-1
2217,0,-1,0
2218,0,-1,-1
2219,0,-1,-1
2220,1,-1,-1
2221,1,-1,-1
2222,1,-1,0
2223,0,-1,0
2224,1,-1,0
2225,0,-1,-1
2226,0,-1,-1
2227,0,-1,-1
2228,0,-1,0
2229,1,-1,-1
2230,0,-1,-1
2231,1,-1,-1
2232,1,-1,0
2233,1,-1,-1
2234,0,-1,-1
2235,1,-1,-1
2236,0,-1,0
2237,0,-1,0
2238,1,-1,0
2239,0,-1,0
2240,1,-1,0
2241,1,-1,0
2242,0,-1,-1
2243,0,-1,0
2244,0,-1,0
2245,1,-1,0
2246,1,-1,-1
2247,1,-1,0
2248,1,-1,-1
2249,0,-1,0
2250,1,-1,0
2251,0,-1,-1
2252,1,-1,0
2253,0,-1,0
2254,0,-1,-1
2255,1,-1,0
2256,1,-1,0
2257,0,-1,-1
2258,1,-1,0
2259,0,-1,0
2260,1,-1,0
2261,1,-1,-1
2262,0,-1,0
2263,1,-1,0
2264,1,-1,0
2265,1,-1,0
2266,0,-1,-1
2267,0,-1,-1
2268,1,-1,0
2269,1,-1,-1
2270,1,-1,0
2271,0,-1,-1
2272,1,-1,-1
2273,0,-1,0
2274,1,-1,-1
2275,1,-1,0
2276,0,-1,-1
2277,1,-1,0
2278,1,-1,0
2279,0,-1,-1
2280,0,-1,-1
2281,1,-1,-1
2282,0,-1,0
2283,0,-1,-1
2284,1,-1,0
2285,0,-1,-1
2286,1,-1,-1
2287,1,-1,0
2288,1,-1,-1
2289,1,-1,0
2290,0,-1,0
2291,1,-1,-1
2292,1,-1,0
2293,0,-1,-1
2294,1,-1,-1
2295,1,-1,-1
2296,1,-1,0
2297,0,-1,-1
2298,1,-1,-1
2299,1,-1,0
2300,1,-1,-1
2301,0,-1,0
2302,0,-1,-1
2303,0,-1,-1
2304,1,-1,0
2305,0,-1,-1
2306,1,-1,0
2307,0,-1,-1
2308,1,-1,-1
2309,1,-1,-1
2310,0,-1,0
2311,0,-1,0
2312,0,-1,-1
2313,0,-1,0
2314,1,-1,-1
2315,1,-1,-1
2316,0,-1,-1
2317,1,-1,0
2318,0,-1,0
2319,0,-1,0
2320,0,-1,-1
2321,1,-1,-1
2322,0,-1,-1
2323,0,-1,-1
2324,1,-1,-1
2325,0,-1,0
2326,0,-1,0
2327,1,-1,0
2328,1,-1,-1
2329,0,-1,-1
2330,0,-1,-1
2331,1,-1,0
2332,0,-1,0
2333,0,-1,-1
2334,0,-1,0
2335,1,-1,0
2336,1,-1,-1
2337,1,-1,0
2338,1,-1,0
2339,1,-1,-1
2340,1,-1,0
2341,1,-1,0
2342,1,-1,-1
2343,0,-1,0
2344,1,-1,-1
2345,0,-1,-1
2346,1,-1,-1
2347,0,-1,-1
2348,0,-1,0
2349,1,-1,-1
2350,0,-1,-1
2351,0,-1,-1
2352,1,-1,-1
2353,1,-1,-1
2354,0,-1,0
2355,0,-1,-1
2356,1,-1,0
2357,1,-1,-1
2358,0,-1,0
2359,0,-1,0
2360,1,-1,0
2361,0,-1,0
2362,1,-1,0
2363,0,-1,-1
2364,0,-1,-1
2365,0,-1,0
2366,0,-1,-1
2367,1,-1,0
2368,1,-1,0
2369,0,-1,0
2370,1,-1,0
2371,1,-1,-1
2372,0,-1,0
2373,1,-1,0
2374,0,-1,0
2375,0,-1,-1
2376,1,-1,-1
2377,0,-1,-1
2378,0,-1,0
2379,0,-1,0
2380,1,-1,-1
2381,0,-1,-1
2382,0,-1,-1
2383,0,-1,-1
2384,0,-1,-1
2385,0,-1,-1
2386,0,-1,0
2387,0,-1,0
2388,0,-1,0
2389,0,-1,0
2390,0,-1,-1
2391,1,-1,-1
2392,0,-1,0
2393,0,-1,-1
2394,0,-1,-1
2395,0,-1,-1
2396,1,-1,0
2397,0,-1,0
2398,0,-1,0
2399,1,-1,-1
2400,0,-1,-1
2401,0,-1,0
2402,1,-1,0
2403,1,-1,0
2404,0,-1,0
2405,1,-1,-1
2406,1,-1,-1
2407,1,-1,0
2408,1,-1,-1
2409,1,-1,-1
2410,1,-1,-1
2411,0,-1,0
2412,0,-1,-1
2413,0,-1,-1
2414,1,-1,-1
2415,1,-1,-1
2416,1,-1,-1
2417,0,-1,0
2418,0,-1,0
2419,0,-1,0
2420,0,-1,0
2421,1,-1,-1
2422,0,-1,0
2423,0,-1,0
2424,0,-1,-1
2425,0,-1,0
2426,1,-1,-1
2427,0,-1,-1
2428,1,-1,0
2429,0,-1,-1
2430,0,-1,-1
2431,0,-1,0
2432,1,-1,0
2433,1,-1,0
2434,0,-1,-1
2435,1,-1,-1
2436,1,-1,0
2437,0,-1,-1
2438,1,-1,-1
2439,0,-1,0
2440,1,-1,-1
2441,0,-1,-1
2442,0,-1,-1
2443,0,-1,-1
2444,1,-1,0
2445,1,-1,-1
2446,0,-1,0
2447,0,-1,0
2448,0,-1,-1
2449,1,-1,-1
2450,1,-1,-1
2451,1,-1,-1
2452,1,-1,-1
2453,0,-1,0
2454,0,-1,0
2455,0,-1,-1
2456,0,-1,-1
2457,0,-1,-1
2458,1,-1,-1
2459,0,-1,-1
2460,0,-1,0
2461,1,-1,0
2462,1,-1,0
2463,0,-1,0
2464,1,-1,-1
2465,1,-1,0
2466,1,-1,-1
2467,1,-1,0
2468,0,-1,-1
2469,0,-1,-1
2470,1,-1,0
2471,1,-1,0
2472,1,-1,0
2473,0,-1,0
2474,1,-1,-1
2475,0,-1,0
2476,1,-1,-1
2477,1,-1,0
2478,0,-1,-1
2479,0,-1,0
2480,0,-1,0
2481,0,-1,0
2482,0,-1,0
2483,1,-1,-1
2484,1,-1,-1
2485,1,-1,0
2486,0,-1,-1
2487,0,-1,-1
2488,1,-1,-1
2489,1,-1,0
2490,1,-1,0
2491,0,-1,0
2492,1,-1,-1
2493,0,-1,0
2494,1,-1,0
2495,1,-1,-1
2496,0,-1,-1
2497,1,-1,0
2498,0,-1,0
2499,1,-1,-1
2500,1,-1,-1
2501,0,-1,-1
2502,1,-1,-1
2503,1,-1,-1
2504,0,-1,0
2505,0,-1,0
2506,1,-1,0
2507,1,-1,0
2508,1,-1,0
2509,1,-1,-1
2510,1,-1,-1
2511,0,-1,0
2512,0,-1,-1
2513,1,-1,-1
2514,0,-1,-1
2515,0,-1,0
2516,1,-1,-1
2517,1,-1,0
2518,0,-1,0
2519,0,-1,0
2520,0,-1,0
2521,1,-1,-1
2522,0,-1,-1
2523,1,-1,-1
2524,1,-1,-1
2525,0,-1,0
2526,0,-1,0
2527,1,-1,-1
2528,0,-1,-1
2529,0,-1,-1
2530,0,-1,0
2531,1,-1,-1
2532,0,-1,0
2533,0,-1,-1
2534,0,-1,0
2535,0,-1,-1
2536,1,-1,0
2537,0,-1,-1
2538,1,-1,0
2539,0,-1,0
2540,1,-1,-1
2541,1,-1,-1
2542,0,-1,-1
2543,0,-1,-1
2544,1,-1,-1
2545,0,-1,-1
2546,0,-1,0
2547,0,-1,0
2548,0,-1,-1
2549,0,-1,-1
2550,1,-1,0
2551,0,-1,0
2552,0,-1,0
2553,0,-1,0
2554,1,-1,0
2555,1,-1,-1
2556,0,-1,-1
2557,0,-1,-1
2558,1,-1,-1
2559,1,-1,0
2560,0,-1,-1
2561,0,-1,-1
2562,0,-1,0
2563,1,-1,-1
2564,0,-1,-1
2565,1,-1,-1
2566,1,-1,0
2567,1,-1,-1
2568,1,-1,0
2569,0,-1,0
2570,1,-1,-1
2571,1,-1,0
2572,0,-1,0
2573,1,-1,1
2574,1,-1,0
2575,1,-1,-1
2576,1,-1,0
2577,0,-1,0
2578,0,-1,-1
2579,0,-1,-1
2580,1,-1,0
2581,1,-1,-1
2582,0,-1,-1
2583,1,-1,-1
2584,1,-1,-1
2585,1,-1,0
2586,0,-1,-1
2587,0,-1,0
2588,1,-1,0
2589,0,-1,0
2590,1,-1,0
2591,1,-1,0
2592,0,-1,0
2593,0,-1,0
2594,1,-1,0
2595,1,-1,0
2596,0,-1,0
2597,0,-1,0
2598,1,-1,0
2599,0,-1,0
2600,0,-1,-1
2601,1,-1,0
2602,1,-1,-1
2603,1,-1,0
2604,1,-1,-1
2605,1,-1,-1
2606,1,-1,-1
2607,0,-1,0
2608,0,-1,-1
2609,0,-1,-1
2610,0,-1,-1
2611,1,-1,0
2612,0,-1,-1
2613,0,-1,0
2614,1,-1,0
2615,0,-1,0
2616,0,-1,-1
2617,0,-1,-1
2618,0,-1,0
2619,1,-1,0
2620,1,-1,-1
2621,0,-1,0
2622,0,-1,0
2623,0,-1,-1
2624,1,-1,0
2625,1,-1,-1
2626,0,-1,-1
2627,0,-1,0
2628,0,-1,0
2629,0,-1,-1
2630,1,-1,0
2631,0,-1,-1
2632,1,-1,-1
2633,0,-1,0
2634,0,-1,0
2635,0,-1,-1
2636,0,-1,0
2637,1,-1,0
2638,0,-1,0
2639,0,-1,-1
2640,1,-1,-1
2641,0,-1,0
2642,1,-1,0
2643,1,-1,-1
2644,1,-1,0
2645,0,-1,0
2646,1,-1,0
2647,1,-1,-1
2648,1,-1,-1
2649,1,-1,0
2650,1,-1,-1
2651,1,-1,-1
2652,1,-1,0
2653,1,-1,-1
2654,1,-1,0
2655,1,-1,0
2656,0,-1,0
2657,1,-1,-1
2658,0,-1,-1
2659,1,-1,0
2660,0,-1,0
2661,0,-1,0
2662,1,-1,-1
2663,1,-1,-1
2664,0,-1,0
2665,1,-1,-1
2666,1,-1,-1
2667,0,-1,0
2668,0,-1,0
2669,0,-1,-1
2670,1,-1,0
2671,0,-1,0
2672,1,-1,-1
2673,0,-1,0
2674,1,-1,-1
2675,0,-1,-1
2676,0,-1,-1
2677,1,-1,-1
2678,1,-1,0
2679,0,-1,0
2680,1,-1,0
2681,1,-1,-1
2682,1,-1,0
2683,1,-1,-1
2684,0,-1,0
2685,0,-1,0
2686,0,-1,0
2687,1,-1,0
2688,1,-1,-1
2689,0,-1,0
2690,1,-1,-1
2691,0,-1,0
2692,0,-1,0
2693,1,-1,-1
2694,0,-1,0
2695,0,-1,0
2696,0,-1,-1
2697,0,-1,-1
2698,0,-1,0
2699,1,-1,0
2700,1,-1,0
2701,1,-1,0
2702,1,-1,0
2703,0,-1,0
2704,1,-1,-1
2705,0,-1,0
2706,0,-1,0
2707,1,-1,-1
2708,1,-1,-1
2709,0,-1,0
2710,0,-1,-1
2711,1,-1,0
2712,0,-1,-1
2713,1,-1,0
2714,1,-1,0
2715,0,-1,-1
2716,0,-1,0
2717,0,-1,-1
2718,1,-1,0
2719,1,-1,0
2720,0,-1,-1
2721,0,-1,-1
2722,1,-1,-1
2723,1,-1,0
2724,1,-1,0
2725,1,-1,-1
2726,0,-1,0
2727,1,-1,0
2728,1,-1,0
2729,1,-1,0
2730,1,-1,-1
2731,0,-1,-1
2732,1,-1,0
2733,0,-1,-1
2734,1,-1,0
2735,1,-1,-1
2736,0,-1,-1
2737,0,-1,-1
2738,0,-1,-1
2739,0,-1,0
2740,1,-1,0
2741,0,-1,0
2742,1,-1,-1
2743,0,-1,0
2744,0,-1,0
2745,0,-1,0
2746,0,-1,-1
2747,0,-1,-1
2748,1,-1,0
2749,1,-1,0
2750,0,-1,-1
2751,0,-1,-1
2752,1,-1,-1
2753,0,-1,-1
2754,1,-1,0
2755,1,-1,-1
2756,1,-1,0
2757,1,-1,0
2758,0,-1,-1
2759,0,-1,0
2760,0,-1,0
2761,0,-1,-1
2762,0,-1,-1
2763,1,-1,0
2764,0,-1,0
2765,1,-1,-1
2766,1,-1,0
2767,1,-1,0
2768,0,-1,0
2769,0,-1,-1
2770,0,-1,0
2771,1,-1,0
2772,0,-1,-1
2773,0,-1,-1
2774,0,-1,0
2775,0,-1,-1
2776,0,-1,-1
2777,1,-1,-1
2778,0,-1,-1
2779,1,-1,-1
2780,0,-1,-1
2781,1,-1,-1
2782,1,-1,-1
2783,0,-1,-1
2784,1,-1,-1
2785,0,-1,0
2786,1,-1,0
2787,1,-1,0
2788,1,-1,0
2789,1,-1,0
2790,1,-1,0
2791,0,-1,0
2792,1,-1,0
2793,0,-1,-1
2794,1,-1,0
2795,1,-1,0
2796,0,-1,0
2797,1,-1,0
2798,1,-1,-1
2799,1,-1,0
2800,0,-1,-1
2801,0,-1,-1
2802,0,-1,0
2803,1,-1,-1
2804,1,-1,0
2805,0,-1,0
2806,0,-1,0
2807,1,-1,-1
2808,1,-1,0
2809,0,-1,-1
2810,0,-1,-1
2811,0,-1,-1
2812,0,-1,-1
2813,1,-1,-1
2814,1,-1,0
2815,0,-1,0
2816,1,-1,0
2817,1,-1,0
2818,0,-1,0
2819,0,-1,0
2820,1,-1,0
2821,1,-1,-1
2822,0,-1,-1
2823,1,-1,0
2824,1,-1,0
2825,1,-1,-1
2826,1,-1,0
2827,0,-1,0
2828,0,-1,0
2829,0,-1,0
2830,1,-1,0
2831,1,-1,0
2832,1,-1,-1
2833,0,-1,0
2834,0,-1,0
2835,0,-1,0
2836,1,-1,0
2837,0,-1,0
2838,0,-1,-1
2839,1,-1,-1
2840,0,-1,0
2841,1,-1,0
2842,0,-1,0
2843,1,-1,-1
2844,1,-1,-1
2845,0,-1,0
2846,1,-1,0
2847,0,-1,0
2848,1,-1,-1
2849,0,-1,-1
2850,0,-1,-1
2851,0,-1,-1
2852,1,-1,-1
2853,1,-1,0
2854,0,-1,0
2855,0,-1,0
2856,1,-1,-1
2857,1,-1,0
2858,1,-1,-1
2859,1,-1,0
2860,1,-1,0
2861,0,-1,0
2862,1,-1,0
2863,1,-1,0
2864,1,-1,0
2865,1,-1,-1
2866,1,-1,-1
2867,0,-1,-1
2868,0,-1,0
2869,1,-1,0
2870,1,-1,0
2871,0,-1,-1
2872,0,-1,-1
2873,1,-1,-1
2874,1,-1,0
2875,0,-1,0
2876,0,-1,-1
2877,0,-1,0
2878,1,-1,-1
2879,0,-1,0
2880,1,-1,-1
2881,0,-1,0
2882,0,-1,-1
2883,1,-1,0
2884,1,-1,-1
2885,1,-1,-1
2886,1,-1,-1
2887,1,-1,-1
2888,1,-1,-1
2889,1,-1,0
2890,1,-1,0
2891,0,-1,0
2892,1,-1,0
2893,1,-1,0
2894,1,-1,-1
2895,1,-1,0
2896,0,-1,-1
2897,0,-1,0
2898,0,-1,0
2899,1,-1,-1
2900,1,-1,0
2901,0,-1,0
2902,1,-1,0
2903,1,-1,-1
2904,1,-1,-1
2905,0,-1,0
2906,1,-1,-1
2907,0,-1,0
2908,1,-1,0
2909,1,-1,-1
2910,0,-1,0
2911,0,-1,0
2912,0,-1,-1
2913,1,-1,-1
2914,1,-1,-1
2915,0,-1,-1
2916,1,-1,-1
2917,0,-1,-1
2918,1,-1,-1
2919,1,-1,-1
2920,0,-1,-1
2921,1,-1,0
2922,0,-1,0
2923,1,-1,-1
2924,0,-1,-1
2925,1,-1,0
2926,1,-1,-1
2927,1,-1,0
2928,1,-1,0
2929,1,-1,-1
2930,1,-1,0
2931,0,-1,-1
2932,1,-1,0
2933,1,-1,-1
2934,1,-1,-1
2935,1,-1,-1
2936,1,-1,0
2937,1,-1,-1
2938,1,-1,-1
2939,0,-1,0
2940,1,-1,0
2941,0,-1,0
2942,0,-1,0
2943,1,-1,-1
2944,0,-1,0
2945,0,-1,-1
2946,1,-1,-1
2947,0,-1,-1
2948,1,-1,0
2949,0,-1,-1
2950,0,-1,0
2951,1,-1,0
2952,1,-1,0
2953,0,-1,0
2954,0,-1,-1
2955,0,-1,0
2956,1,-1,-1
2957,1,-1,0
2958,0,-1,-1
2959,1,-1,-1
2960,0,-1,0
2961,1,-1,0
2962,1,-1,-1
2963,1,-1,-1
2964,0,-1,0
2965,0,-1,-1
2966,0,-1,-1
2967,0,-1,-1
2968,0,-1,0
2969,0,-1,0
2970,0,-1,0
2971,0,-1,0
2972,1,-1,-1
2973,1,-1,0
2974,0,-1,0
2975,0,-1,0
2976,0,-1,-1
2977,1,-1,0
2978,0,-1,-1
2979,1,-1,-1
2980,1,-1,0
2981,0,-1,0
2982,0,-1,-1
2983,0,-1,0
2984,0,-1,0
2985,0,-1,-1
2986,1,-1,-1
2987,0,-1,-1
2988,1,-1,0
2989,1,-1,-1
2990,0,-1,0
2991,0,-1,-1
2992,1,-1,-1
2993,1,-1,0
2994,1,-1,-1
2995,1,-1,0
2996,1,-1,0
2997,1,-1,0
2998,0,-1,0
2999,0,-1,0
3000,1,-1,0
3001,0,-1,-1
3002,1,-1,0
3003,1,-1,-1
3004,0,-1,-1
3005,1,-1,-1
3006,1,-1,0
3007,0,-1,-1
3008,0,-1,-1
3009,0,-1,0
3010,0,-1,0
3011,1,-1,-1
3012,0,-1,-1
3013,1,-1,0
3014,1,-1,-1
3015,1,-1,-1
3016,1,-1,-1
3017,0,-1,-1
3018,1,-1,0
3019,1,-1,0
3020,0,-1,-1
3021,0,-1,0
3022,1,-1,0
3023,0,-1,0
3024,1,-1,0
3025,1,-1,-1
3026,1,-1,0
3027,1,-1,0
3028,1,-1,0
3029,1,-1,-1
3030,1,-1,-1
3031,0,-1,0
3032,1,-1,-1
3033,0,-1,0
3034,0,-1,-1
3035,0,-1,0
3036,1,-1,0
3037,1,-1,-1
3038,1,-1,-1
3039,0,-1,-1
3040,1,-1,0
3041,0,-1,-1
3042,0,-1,0
3043,0,-1,0
3044,0,-1,0
3045,0,-1,0
3046,0,-1,0
3047,1,-1,-1
3048,0,-1,-1
3049,0,-1,0
3050,1,-1,0
3051,1,-1,-1
3052,1,-1,-1
3053,1,-1,0
3054,1,-1,-1
3055,0,-1,0
3056,1,-1,0
3057,1,-1,0
3058,0,-1,-1
3059,1,-1,0
3060,0,-1,0
3061,0,-1,-1
3062,0,-1,-1
3063,1,-1,-1
3064,0,-1,-1
3065,0,-1,-1
3066,1,-1,0
3067,1,-1,0
3068,0,-1,-1
3069,0,-1,0
3070,0,-1,0
3071,0,-1,0
3072,1,-1,0
3073,1,-1,0
3074,1,-1,0
3075,0,-1,-1
3076,1,-1,-1
3077,0,-1,0
3078,0,-1,0
3079,1,-1,-1
3080,0,-1,0
3081,1,-1,-1
3082,1,-1,-1
3083,0,-1,0
3084,0,-1,0
3085,0,-1,0
3086,0,-1,0
3087,0,-1,0
3088,0,-1,0
3089,1,-1,0
3090,0,-1,0
3091,0,-1,-1
3092,1,-1,-1
3093,1,-1,0
3094,0,-1,-1
3095,0,-1,0
3096,0,-1,0
3097,0,-1,0
3098,1,-1,0
3099,1,-1,0
3100,0,-1,-1
3101,1,-1,0
3102,0,-1,-1
3103,1,-1,-1
3104,1,-1,-1
3105,0,-1,-1
3106,1,-1,-1
3107,1,-1,-1
3108,0,-1,-1
3109,1,-1,-1
3110,0,-1,0
3111,0,-1,-1
3112,1,-1,0
3113,0,-1,-1
3114,1,-1,0
3115,1,-1,0
3116,0,-1,0
3117,0,-1,0
3118,0,-1,0
3119,0,-1,0
3120,1,-1,0
3121,1,-1,0
3122,0,-1,0
3123,0,-1,-1
3124,1,-1,0
3125,1,-1,0
3126,0,-1,-1
3127,1,-1,0
3128,1,-1,-1
3129,0,-1,0
3130,0,-1,0
3131,1,-1,0
3132,0,-1,-1
3133,1,-1,0
3134,0,-1,0
3135,0,-1,0
3136,1,-1,-1
3137,0,-1,-1
3138,1,-1,0
3139,1,-1,0
3140,0,-1,0
3141,1,-1,-1
3142,1,-1,0
3143,0,-1,0
3144,0,-1,0
3145,1,-1,0
3146,0,-1,0
3147,1,-1,0
3148,0,-1,-1
3149,1,-1,-1
3150,1,-1,0
3151,0,-1,-1
3152,0,-1,-1
3153,0,-1,-1
3154,1,-1,0
3155,1,-1,0
3156,1,-1,-1
3157,1,-1,0
3158,0,-1,-1
3159,0,-1,-1
3160,1,-1,-1
3161,1,-1,-1
3162,0,-1,-1
3163,0,-1,-1
3164,1,-1,-1
3165,0,-1,-1
3166,0,-1,0
3167,1,-1,-1
3168,0,-1,0
3169,0,-1,-1
3170,1,-1,-1
3171,0,-1,-1
3172,1,-1,-1
3173,0,-1,-1
3174,1,-1,0
3175,1,-1,-1
3176,0,-1,0
3177,1,-1,0
3178,1,-1,0
3179,0,-1,0
3180,1,-1,-1
3181,1,-1,0
3182,0,-1,-1
3183,1,-1,-1
3184,1,-1,-1
3185,0,-1,0
3186,1,-1,0
3187,1,-1,0
3188,1,-1,0
3189,0,-1,-1
3190,0,-1,-1
3191,1,-1,0
3192,0,-1,-1
3193,1,-1,0
3194,0,-1,0
3195,0,-1,-1
3196,1,-1,0
3197,1,-1,-1
3198,1,-1,0
3199,1,-1,0
3200,0,-1,-1
3201,1,-1,0
3202,1,-1,0
3203,0,-1,-1
3204,0,-1,-1
3205,0,-1,0
3206,0,-1,0
3207,1,-1,0
3208,0,-1,0
3209,1,-1,0
3210,0,-1,-1
3211,1,-1,0
3212,0,-1,-1
3213,1,-1,-1
3214,0,-1,0
3215,1,-1,0
3216,1,-1,-1
3217,1,-1,-1
3218,1,-1,0
3219,1,-1,-1
3220,0,-1,-1
3221,1,-1,0
3222,0,-1,0
3223,0,-1,-1
3224,1,-1,-1
3225,0,-1,0
3226,0,-1,-1
3227,1,-1,0
3228,0,-1,-1
3229,0,-1,-1
3230,0,-1,0
3231,0,-1,-1
3232,0,-1,0
3233,0,-1,-1
3234,1,-1,0
3235,0,-1,-1
3236,0,-1,0
3237,0,-1,0
3238,0,-1,0
3239,1,-1,0
3240,1,-1,-1
3241,1,-1,0
3242,1,-1,-1
3243,1,-1,-1
3244,1,-1,0
3245,1,-1,0
3246,1,-1,-1
3247,0,-1,0
3248,0,-1,-1
3249,0,-1,0
3250,0,-1,-1
3251,1,-1,0
3252,1,-1,-1
3253,1,-1,0
3254,1,-1,0
3255,1,-1,0
3256,1,-1,0
3257,1,-1,-1
3258,1,-1,0
3259,1,-1,-1
3260,1,-1,-1
3261,1,-1,-1
3262,1,-1,0
3263,1,-1,0
3264,0,-1,-1
3265,1,-1,0
3266,0,-1,0
3267,1,-1,-1
3268,0,-1,-1
3269,0,-1,-1
3270,0,-1,0
3271,1,-1,-1
3272,0,-1,-1
3273,1,-1,0
3274,1,-1,0
3275,1,-1,0
3276,1,-1,-1
3277,0,-1,0
3278,1,-1,-1
3279,0,-1,-1
3280,0,-1,-1
3281,0,-1,0
3282,1,-1,0
3283,1,-1,-1
3284,0,-1,-1
3285,0,-1,0
3286,0,-1,0
3287,1,-1,-1
3288,1,-1,0
3289,0,-1,-1
3290,1,-1,0
3291,1,-1,-1
3292,1,-1,-1
3293,1,-1,0
3294,1,-1,-1
3295,1,-1,0
3296,1,-1,0
3297,1,-1,-1
3298,0,-1,-1
3299,1,-1,0
3300,1,-1,-1
3301,0,-1,0
3302,1,-1,0
3303,1,-1,-1
3304,1,-1,0
3305,1,-1,-1
3306,0,-1,-1
3307,1,-1,-1
3308,1,-1,0
3309,1,-1,-1
3310,0,-1,-1
3311,0,-1,-1
3312,1,-1,0
3313,1,-1,-1
3314,1,-1,-1
3315,0,-1,-1
3316,1,-1,0
3317,1,-1,0
3318,1,-1,-1
3319,1,-1,-1
3320,0,-1,-1
3321,0,-1,-1
3322,1,-1,-1
3323,0,-1,0
3324,0,-1,0
3325,1,-1,-1
3326,1,-1,-1
3327,0,-1,0
3328,1,-1,0
3329,1,-1,-1
3330,1,-1,0
3331,0,-1,0
3332,0,-1,-1
3333,1,-1,-1
3334,0,-1,0
3335,0,-1,-1
3336,0,-1,-1
3337,1,-1,0
3338,1,-1,0
3339,0,-1,-1
3340,1,-1,0
3341,0,-1,-1
3342,0,-1,0
3343,0,-1,-1
3344,1,-1,0
3345,1,-1,-1
3346,0,-1,-1
3347,0,-1,-1
3348,0,-1,0
3349,0,-1,0
3350,1,-1,-1
3351,1,-1,0
3352,1,-1,0
3353,0,-1,-1
3354,1,-1,0
3355,1,-1,0
3356,1,-1,-1
3357,1,-1,-1
3358,0,-1,-1
3359,1,-1,0
3360,0,-1,-1
3361,0,-1,0
3362,0,-1,-1
3363,1,-1,0
3364,1,-1,-1
3365,1,-1,0
3366,0,-1,0
3367,1,-1,0
3368,0,-1,0
3369,1,-1,0
3370,1,-1,0
3371,0,-1,0
3372,1,-1,-1
3373,0,-1,-1
3374,0,-1,0
3375,1,-1,-1
3376,1,-1,0
3377,1,-1,-1
3378,1,-1,0
3379,0,-1,0
3380,1,-1,0
3381,0,-1,-1
3382,0,-1,0
3383,0,-1,-1
3384,0,-1,0
3385,1,-1,0
3386,0,-1,0
3387,1,-1,0
3388,1,-1,0
3389,1,-1,-1
3390,0,-1,-1
3391,1,-1,0
3392,1,-1,0
3393,0,-1,0
3394,0,-1,0
3395,0,-1,0
3396,0,-1,-1
3397,1,-1,0
3398,0,-1,-1
3399,0,-1,-1
3400,1,-1,0
3401,1,-1,-1
3402,1,-1,-1
3403,1,-1,-1
3404,0,-1,0
3405,0,-1,-1
3406,1,-1,0
3407,0,-1,0
3408,0,-1,0
3409,0,-1,0
3410,0,-1,0
3411,1,-1,-1
3412,0,-1,-1
3413,0,-1,-1
3414,1,-1,0
3415,1,-1,0
3416,1,-1,-1
3417,0,-1,-1
3418,0,-1,-1
3419,1,-1,-1
3420,0,-1,-1
3421,0,-1,-1
3422,1,-1,0
3423,1,-1,0
3424,1,-1,-1
3425,0,-1,-1
3426,0,-1,0
3427,0,-1,0
3428,0,-1,-1
3429,0,-1,-1
3430,0,-1,-1
3431,1,-1,-1
3432,0,-1,0
3433,0,-1,-1
3434,0,-1,-1
3435,0,-1,-1
3436,1,-1,-1
3437,1,-1,-1
3438,1,-1,-1
3439,0,-1,0
3440,0,-1,0
3441,0,-1,-1
3442,1,-1,-1
3443,1,-1,-1
3444,1,-1,-1
3445,1,-1,-1
3446,1,-1,-1
3447,1,-1,-1
3448,0,-1,0
3449,1,-1,0
3450,0,-1,-1
3451,1,-1,-1
3452,0,-1,0
3453,0,-1,-1
3454,1,-1,0
3455,0,-1,0
3456,0,-1,0
3457,1,-1,0
3458,1,-1,0
3459,1,-1,0
3460,0,-1,0
3461,1,-1,-1
3462,0,-1,0
3463,1,-1,-1
3464,0,-1,0
3465,1,-1,-1
3466,0,-1,0
3467,0,-1,-1
3468,0,-1,-1
3469,0,-1,-1
3470,0,-1,0
3471,0,-1,0
3472,1,-1,-1
3473,0,-1,-1
3474,0,-1,0
3475,0,-1,0
3476,1,-1,-1
3477,1,-1,-1
3478,0,-1,0
3479,1,-1,-1
3480,0,-1,-1
3481,1,-1,-1
3482,1,-1,-1
3483,1,-1,0
3484,1,-1,0
3485,1,-1,0
3486,1,-1,0
3487,0,-1,0
3488,0,-1,-1
3489,0,-1,-1
3490,0,-1,0
3491,0,-1,0
3492,1,-1,0
3493,1,-1,-1
3494,1,-1,-1
3495,1,-1,0
3496,0,-1,-1
3497,0,-1,-1
3498,0,-1,0
3499,1,-1,0
3500,0,-1,0
3501,1,-1,0
3502,0,-1,-1
3503,0,-1,-1
3504,0,-1,0
3505,0,-1,0
3506,0,-1,0
3507,1,-1,0
3508,0,-1,-1
3509,1,-1,-1
3510,1,-1,-1
3511,1,-1,-1
3512,1,-1,0
3513,1,-1,-1
3514,1,-1,-1
3515,0,-1,-1
3516,1,-1,-1
3517,1,-1,0
3518,0,-1,-1
3519,1,-1,0
3520,1,-1,0
3521,1,-1,-1
3522,1,-1,0
3523,1,-1,-1
3524,0,-1,-1
3525,0,-1,0
3526,1,-1,-1
3527,1,-1,0
3528,1,-1,-1
3529,1,-1,0
3530,0,-1,-1
3531,0,-1,0
3532,0,-1,0
3533,0,-1,-1
3534,0,-1,0
3535,1,-1,0
3536,1,-1,0
3537,0,-1,0
3538,1,-1,-1
3539,0,-1,-1
3540,0,-1,0
3541,1,-1,0
3542,0,-1,0
3543,0,-1,-1
3544,1,-1,-1
3545,1,-1,0
3546,1,-1,0
3547,0,-1,0
3548,1,-1,0
3549,1,-1,0
3550,1,-1,-1
3551,0,-1,0
3552,1,-1,-1
3553,0,-1,0
3554,1,-1,-1
3555,0,-1,0
3556,1,-1,-1
3557,1,-1,0
3558,1,-1,0
3559,1,-1,-1
3560,1,-1,-1
3561,1,-1,-1
3562,1,-1,0
3563,1,-1,-1
3564,1,-1,0
3565,0,-1,-1
3566,1,-1,0
3567,1,-1,0
3568,1,-1,0
3569,1,-1,0
3570,0,-1,0
3571,0,-1,-1
3572,1,-1,0
3573,1,-1,-1
3574,1,-1,-1
3575,1,-1,0
3576,0,-1,0
3577,1,-1,0
3578,1,-1,-1
3579,0,-1,0
3580,1,-1,-1
3581,0,-1,-1
3582,1,-1,-1
3583,0,-1,-1
3584,0,-1,0
3585,0,-1,0
3586,0,-1,0
3587,1,-1,-1
3588,0,-1,0
3589,1,-1,-1
3590,0,-1,0
3591,0,-1,-1
3592,0,-1,0
3593,0,-1,-1
3594,0,-1,-1
3595,1,-1,0
3596,0,-1,-1
3597,1,-1,0
3598,1,-1,0
3599,1,-1,0
3600,0,-1,-1
3601,0,-1,0
3602,0,-1,-1
3603,1,-1,0
3604,1,-1,0
3605,1,-1,0
3606,0,-1,0
3607,1,-1,-1
3608,0,-1,-1
3609,0,-1,0
3610,1,-1,-1
3611,0,-1,-1
3612,0,-1,-1
3613,0,-1,0
3614,1,-1,0
3615,0,-1,-1
3616,1,-1,-1
3617,0,-1,0
3618,1,-1,-1
3619,0,-1,-1
3620,0,-1,-1
3621,0,-1,0
3622,1,-1,-1
3623,0,-1,-1
3624,1,-1,0
3625,1,-1,0
3626,0,-1,0
3627,1,-1,-1
3628,0,-1,-1
3629,1,-1,-1
3630,1,-1,0
3631,0,-1,-1
3632,1,-1,-1
3633,0,-1,0
3634,1,-1,-1
3635,1,-1,0
3636,1,-1,-1
3637,0,-1,-1
3638,0,-1,0
3639,1,-1,-1
3640,0,-1,-1
3641,0,-1,0
3642,0,-1,0
3643,1,-1,0
3644,0,-1,-1
3645,0,-1,-1
3646,0,-1,-1
3647,0,-1,-1
3648,0,-1,0
3649,1,-1,0
3650,0,-1,-1
3651,0,-1,-1
3652,0,-1,0
3653,1,-1,0
3654,0,-1,0
3655,1,-1,-1
3656,0,-1,-1
3657,1,-1,0
3658,0,-1,-1
3659,0,-1,-1
3660,0,-1,0
3661,0,-1,0
3662,1,-1,-1
3663,1,-1,0
3664,1,-1,-1
3665,0,-1,0
3666,1,-1,-1
3667,1,-1,0
3668,1,-1,-1
3669,0,-1,-1
3670,0,-1,-1
3671,1,-1,-1
3672,1,-1,-1
3673,1,-1,0
3674,1,-1,0
3675,0,-1,-1
3676,1,-1,0
3677,1,-1,-1
3678,0,-1,-1
3679,0,-1,-1
3680,0,-1,0
3681,1,-1,-1
3682,1,-1,0
3683,1,-1,-1
3684,1,-1,0
3685,1,-1,0
3686,1,-1,-1
3687,1,-1,0
3688,0,-1,-1
3689,1,-1,-1
3690,0,-1,-1
3691,1,-1,-1
3692,0,-1,-1
3693,1,-1,-1
3694,1,-1,-1
3695,0,-1,0
3696,0,-1,0
3697,0,-1,0
3698,1,-1,0
3699,1,-1,-1
3700,0,-1,-1
3701,0,-1,-1
3702,1,-1,0
3703,1,-1,-1
3704,0,-1,-1
3705,1,-1,-1
3706,1,-1,-1
3707,1,-1,0
3708,0,-1,-1
3709,1,-1,0
3710,0,-1,-1
3711,1,-1,0
3712,1,-1,-1
3713,1,-1,-1
3714,1,-1,0
3715,0,-1,-1
3716,0,-1,-1
3717,1,-1,0
3718,1,-1,0
3719,0,-1,-1
3720,1,-1,-1
3721,1,-1,-1
3722,0,-1,-1
3723,0,-1,0
3724,0,-1,-1
3725,1,-1,0
3726,0,-1,0
3727,0,-1,-1
3728,1,-1,-1
3729,1,-1,0
3730,0,-1,0
3731,0,-1,0
3732,0,-1,0
3733,1,-1,0
3734,1,-1,0
3735,0,-1,-1
3736,0,-1,-1
3737,0,-1,0
3738,1,-1,-1
3739,0,-1,0
3740,1,-1,0
3741,1,-1,0
3742,1,-1,-1
3743,1,-1,0
3744,1,-1,-1
3745,0,-1,-1
3746,1,-1,0
3747,1,-1,-1
3748,1,-1,0
3749,0,-1,-1
3750,0,-1,-1
3751,0,-1,0
3752,1,-1,0
3753,1,-1,-1
3754,1,-1,-1
3755,1,-1,-1
3756,0,-1,0
3757,0,-1,-1
3758,0,-1,-1
3759,0,-1,-1
3760,1,-1,0
3761,0,-1,0
3762,0,-1,-1
3763,0,-1,0
3764,0,-1,0
3765,1,-1,0
3766,0,-1,0
3767,0,-1,-1
3768,1,-1,-1
3769,1,-1,0
3770,1,-1,0
3771,1,-1,-1
3772,1,-1,-1
3773,0,-1,0
3774,1,-1,-1
3775,1,-1,-1
3776,1,-1,-1
3777,1,-1,0
3778,0,-1,-1
3779,1,-1,-1
3780,0,-1,-1
3781,1,-1,0
3782,1,-1,-1
3783,0,-1,-1
3784,0,-1,0
3785,1,-1,-1
3786,1,-1,0
3787,0,-1,0
3788,0,-1,0
3789,0,-1,-1
3790,1,-1,0
3791,1,-1,0
3792,0,-1,0
3793,0,-1,-1
3794,1,-1,0
3795,0,-1,0
3796,1,-1,0
3797,0,-1,-1
3798,0,-1,0
3799,1,-1,0
3800,0,-1,0
3801,1,-1,-1
3802,0,-1,-1
3803,1,-1,-1
3804,0,-1,0
3805,1,-1,0
3806,0,-1,0
3807,0,-1,0
3808,1,-1,-1
3809,0,-1,0
3810,0,-1,0
3811,0,-1,0
3812,0,-1,0
3813,0,-1,-1
3814,0,-1,-1
3815,1,-1,0
3816,0,-1,0
3817,0,-1,-1
3818,1,-1,0
3819,0,-1,0
3820,1,-1,-1
3821,1,-1,0
3822,0,-1,-1
3823,0,-1,-1
3824,0,-1,-1
3825,1,-1,0
3826,0,-1,0
3827,0,-1,-1
3828,0,-1,0
3829,0,-1,0
3830,0,-1,0
3831,0,-1,0
3832,1,-1,0
3833,0,-1,0
3834,1,-1,-1
3835,0,-1,-1
3836,1,-1,0
3837,0,-1,0
3838,1,-1,0
3839,0,-1,0
3840,1,-1,0
3841,0,-1,0
3842,1,-1,-1
3843,1,-1,-1
3844,1,-1,-1
3845,1,-1,0
3846,0,-1,-1
3847,0,-1,0
3848,1,-1,0
3849,1,-1,-1
3850,0,-1,0
3851,1,-1,0
3852,0,-1,-1
3853,0,-1,-1
3854,0,-1,-1
3855,1,-1,-1
3856,1,-1,-1
3857,0,-1,-1
3858,0,-1,-1
3859,1,-1,0
3860,0,-1,0
3861,0,-1,0
3862,0,-1,-1
3863,1,-1,0
3864,0,-1,0
3865,1,-1,-1
3866,1,-1,0
3867,1,-1,-1
3868,1,-1,0
3869,1,-1,0
3870,1,-1,-1
3871,1,-1,0
3872,1,-1,-1
3873,1,-1,0
3874,1,-1,0
3875,0,-1,-1
3876,1,-1,0
3877,1,-1,-1
3878,1,-1,0
3879,0,-1,0
3880,0,-1,-1
3881,0,-1,-1
3882,0,-1,-1
3883,1,-1,-1
3884,0,-1,-1
3885,0,-1,-1
3886,0,-1,0
3887,0,-1,0
3888,1,-1,0
3889,0,-1,-1
3890,1,-1,0
3891,0,-1,0
3892,0,-1,0
3893,1,-1,-1
3894,1,-1,0
3895,0,-1,-1
3896,0,-1,-1
3897,1,-1,-1
3898,1,-1,-1
3899,0,-1,0
3900,0,-1,-1
3901,0,-1,-1
3902,1,-1,0
3903,0,-1,0
3904,1,-1,0
3905,0,-1,0
3906,1,-1,-1
3907,1,-1,-1
3908,1,-1,0
3909,1,-1,-1
3910,1,-1,0
3911,0,-1,0
3912,1,-1,0
3913,1,-1,-1
3914,0,-1,-1
3915,0,-1,0
3916,0,-1,0
3917,1,-1,0
3918,0,-1,-1
3919,0,-1,0
3920,0,-1,-1
3921,1,-1,-1
3922,1,-1,0
3923,1,-1,0
3924,1,-1,0
3925,1,-1,0
3926,1,-1,-1
3927,0,-1,-1
3928,1,-1,0
3929,1,-1,-1
3930,0,-1,0
3931,1,-1,-1
3932,0,-1,-1
3933,1,-1,0
3934,0,-1,0
3935,0,-1,-1
3936,1,-1,0
3937,0,-1,0
3938,1,-1,0
3939,1,-1,-1
3940,0,-1,0
3941,1,-1,0
3942,1,-1,0
3943,1,-1,0
3944,1,-1,0
3945,0,-1,-1
3946,0,-1,0
3947,0,-1,0
3948,0,-1,-1
3949,0,-1,0
3950,0,-1,-1
3951,1,-1,-1
3952,0,-1,-1
3953,1,-1,-1
3954,0,-1,0
3955,0,-1,0
3956,1,-1,0
3957,1,-1,0
3958,0,-1,0
3959,1,-1,0
3960,0,-1,0
3961,0,-1,-1
3962,0,-1,-1
3963,0,-1,0
3964,0,-1,-1
3965,1,-1,0
3966,0,-1,-1
3967,1,-1,-1
3968,0,-1,-1
3969,0,-1,-1
3970,0,-1,0
3971,1,-1,-1
3972,0,-1,-1
3973,1,-1,-1
3974,1,-1,0
3975,0,-1,0
3976,1,-1,0
3977,0,-1,0
3978,0,-1,-1
3979,0,-1,-1
3980,0,-1,-1
3981,1,-1,-1
3982,0,-1,-1
3983,0,-1,0
3984,0,-1,-1
3985,0,-1,-1
3986,0,-1,-1
3987,0,-1,0
3988,0,-1,0
3989,1,-1,-1
3990,1,-1,0
3991,1,-1,-1
3992,0,-1,-1
3993,1,-1,0
3994,1,-1,-1
3995,1,-1,0
3996,0,-1,0
3997,0,-1,-1
3998,1,-1,0
3999,1,-1,-1
4000,0,-1,-1
4001,0,-1,-1
4002,0,-1,0
4003,1,-1,0
4004,0,-1,0
4005,1,-1,0
4006,0,-1,-1
4007,1,-1,-1
4008,0,-1,-1
4009,1,-1,0
4010,1,-1,0
4011,0,-1,-1
4012,0,-1,0
4013,0,-1,0
4014,0,-1,0
4015,1,-1,0
4016,0,-1,-1
4017,1,-1,-1
4018,0,-1,-1
4019,1,-1,0
4020,1,-1,-1
4021,1,-1,0
4022,0,-1,-1
4023,1,-1,-1
4024,0,-1,-1
4025,0,-1,0
4026,1,-1,0
4027,0,-1,0
4028,1,-1,-1
4029,1,-1,-1
4030,0,-1,0
4031,0,-1,-1
4032,1,-1,-1
4033,0,-1,0
4034,0,-1,0
4035,0,-1,0
4036,1,-1,-1
4037,0,-1,0
4038,1,-1,-1
4039,1,-1,0
4040,1,-1,-1
4041,0,-1,-1
4042,0,-1,0
4043,1,-1,-1
4044,1,-1,-1
4045,1,-1,-1
4046,1,-1,0
4047,0,-1,-1
4048,0,-1,-1
4049,1,-1,0
4050,1,-1,-1
4051,0,-1,-1
4052,0,-1,0
4053,1,-1,-1
4054,1,-1,0
4055,1,-1,0
4056,1,-1,0
4057,1,-1,0
4058,0,-1,0
4059,1,-1,0
4060,1,-1,-1
4061,0,-1,-1
4062,0,-1,-1
4063,1,-1,0
4064,0,-1,-1
4065,1,-1,0
4066,0,-1,-1
4067,1,-1,-1
4068,1,-1,0
4069,0,-1,-1
4070,1,-1,-1
4071,0,-1,0
4072,0,-1,0
4073,1,-1,0
4074,0,-1,-1
4075,1,-1,0
4076,0,-1,0
4077,1,-1,0
4078,1,-1,0
4079,1,-1,-1
4080,0,-1,-1
4081,1,-1,0
4082,1,-1,0
4083,1,-1,0
4084,0,-1,-1
4085,0,-1,-1
4086,0,-1,-1
4087,0,-1,0
4088,0,-1,0
4089,1,-1,-1
4090,0,-1,-1
4091,0,-1,-1
4092,0,-1,0
4093,1,-1,-1
4094,1,-1,0
4095,0,-1,0
4096,1,-1,-1
4097,0,-1,-1
4098,0,-1,0
4099,0,-1,-1
4100,1,-1,-1
4101,0,-1,-1
4102,1,-1,-1
4103,0,-1,-1
4104,0,-1,0
4105,1,-1,0
4106,1,-1,0
4107,0,-1,-1
4108,1,-1,0
4109,1,-1,-1
4110,0,-1,0
4111,1,-1,-1
4112,1,-1,-1
4113,0,-1,0
4114,0,-1,-1
4115,0,-1,-1
4116,1,-1,0
4117,1,-1,-1
4118,1,-1,-1
4119,0,-1,0
4120,1,-1,-1
4121,1,-1,0
4122,1,-1,-1
4123,1,-1,0
4124,1,-1,0
4125,1,-1,0
4126,1,-1,-1
4127,0,-1,0
4128,1,-1,-1
4129,1,-1,-1
4130,1,-1,-1
4131,1,-1,-1
4132,1,-1,-1
4133,1,-1,-1
4134,0,-1,0
4135,1,-1,0
4136,0,-1,0
4137,0,-1,-1
4138,1,-1,0
4139,0,-1,-1
4140,1,-1,-1
4141,1,-1,-1
4142,1,-1,0
4143,1,-1,0
4144,0,-1,-1
4145,0,-1,0
4146,1,-1,-1
4147,1,-1,0
4148,1,-1,-1
4149,0,-1,0
4150,0,-1,-1
4151,0,-1,0
4152,0,-1,-1
4153,0,-1,-1
4154,0,-1,0
4155,0,-1,-1
4156,1,-1,0
4157,0,-1,0
4158,0,-1,-1
4159,0,-1,-1
4160,0,-1,-1
4161,1,-1,0
4162,1,-1,-1
4163,0,-1,0
4164,0,-1,-1
4165,0,-1,0
4166,1,-1,-1
4167,1,-1,-1
4168,0,-1,0
4169,1,-1,0
4170,1,-1,-1
4171,0,-1,0
4172,1,-1,0
4173,1,-1,0
4174,1,-1,-1
4175,1,-1,0
4176,1,-1,-1
4177,0,-1,-1
4178,1,-1,-1
4179,1,-1,0
4180,1,-1,0
4181,1,-1,-1
4182,1,-1,-1
4183,0,-1,0
4184,0,-1,0
4185,1,-1,0
4186,1,-1,-1
4187,0,-1,-1
4188,1,-1,-1
4189,0,-1,-1
4190,1,-1,-1
4191,1,-1,-1
4192,0,-1,0
4193,0,-1,0
4194,1,-1,-1
4195,0,-1,-1
4196,0,-1,0
4197,0,-1,-1
4198,0,-1,0
4199,0,-1,-1
4200,0,-1,-1
4201,1,-1,0
4202,0,-1,0
4203,1,-1,-1
4204,1,-1,-1
4205,1,-1,0
4206,0,-1,0
4207,0,-1,0
4208,0,-1,-1
4209,1,-1,-1
4210,0,-1,-1
4211,0,-1,-1
4212,0,-1,0
4213,0,-1,0
4214,0,-1,-1
4215,0,-1,0
4216,1,-1,-1
4217,0,-1,0
4218,0,-1,-1
4219,0,-1,0
4220,1,-1,-1
4221,1,-1,0
4222,1,-1,-1
4223,0,-1,0
4224,0,-1,-1
4225,1,-1,-1
4226,1,-1,-1
4227,1,-1,-1
4228,0,-1,0
4229,1,-1,-1
4230,0,-1,0
4231,1,-1,-1
4232,1,-1,-1
4233,1,-1,0
4234,1,-1,-1
4235,0,-1,0
4236,0,-1,0
4237,0,-1,-1
4238,1,-1,-1
4239,1,-1,0
4240,1,-1,-1
4241,0,-1,0
4242,1,-1,-1
4243,1,-1,0
4244,0,-1,0
4245,1,-1,0
4246,1,-1,0
4247,1,-1,0
4248,1,-1,0
4249,1,-1,-1
4250,0,-1,0
4251,0,-1,-1
4252,0,-1,-1
4253,0,-1,0
4254,0,-1,0
4255,0,-1,-1
4256,0,-1,-1
4257,0,-1,-1
4258,1,-1,-1
4259,1,-1,0
4260,0,-1,-1
4261,0,-1,0
4262,0,-1,-1
4263,1,-1,-1
4264,0,-1,-1
4265,0,-1,-1
4266,1,-1,0
4267,1,-1,-1
4268,1,-1,-1
4269,0,-1,-1
4270,1,-1,0
4271,0,-1,0
4272,0,-1,-1
4273,0,-1,-1
4274,1,-1,-1
4275,0,-1,-1
4276,1,-1,-1
4277,0,-1,0
4278,1,-1,0
4279,1,-1,-1
4280,1,-1,0
4281,1,-1,0
4282,1,-1,-1
4283,0,-1,-1
4284,0,-1,-1
4285,1,-1,0
4286,0,-1,-1
4287,0,-1,0
4288,1,-1,0
4289,0,-1,-1
4290,1,-1,0
4291,1,-1,0
4292,0,-1,-1
4293,0,-1,0
4294,1,-1,-1
4295,0,-1,0
4296,1,-1,-1
4297,0,-1,0
4298,1,-1,0
4299,1,-1,-1
4300,0,-1,0
4301,1,-1,-1
4302,0,-1,0
4303,1,-1,0
4304,1,-1,0
4305,0,-1,-1
4306,0,-1,0
4307,1,-1,-1
4308,0,-1,-1
4309,1,-1,-1
4310,1,-1,-1
4311,0,-1,-1
4312,1,-1,-1
4313,0,-1,-1
4314,0,-1,-1
4315,0,-1,-1
4316,0,-1,0
4317,1,-1,-1
4318,0,-1,-1
4319,0,-1,-1
4320,1,-1,-1
4321,1,-1,0
4322,0,-1,-1
4323,1,-1,-1
4324,0,-1,-1
4325,1,-1,-1
4326,1,-1,0
4327,1,-1,0
4328,0,-1,-1
4329,1,-1,-1
4330,0,-1,-1
4331,1,-1,-1
4332,1,-1,0
4333,1,-1,-1
4334,1,-1,-1
4335,0,-1,-1
4336,1,-1,-1
4337,0,-1,-1
4338,0,-1,0
4339,0,-1,0
4340,1,-1,-1
4341,1,-1,-1
4342,1,-1,0
4343,1,-1,0
4344,0,-1,0
4345,1,-1,0
4346,1,-1,-1
4347,0,-1,-1
4348,0,-1,0
4349,0,-1,0
4350,1,-1,0
4351,1,-1,0
4352,0,-1,0
4353,0,-1,-1
4354,0,-1,0
4355,0,-1,-1
4356,1,-1,-1
4357,1,-1,-1
4358,1,-1,0
4359,0,-1,0
4360,0,-1,-1
4361,0,-1,0
4362,1,-1,-1
4363,0,-1,-1
4364,1,-1,0
4365,1,-1,0
4366,1,-1,-1
4367,1,-1,-1
4368,0,-1,-1
4369,0,-1,0
4370,0,-1,0
4371,1,-1,-1
4372,0,-1,0
4373,1,-1,0
4374,1,-1,-1
4375,0,-1,0
4376,1,-1,0
4377,1,-1,0
4378,0,-1,0
4379,1,-1,-1
4380,0,-1,0
4381,1,-1,-1
4382,0,-1,0
4383,0,-1,-1
4384,0,-1,-1
4385,0,-1,-1
4386,0,-1,-1
4387,1,-1,0
4388,0,-1,-1
4389,1,-1,0
4390,0,-1,0
4391,0,-1,-1
4392,1,-1,0
4393,1,-1,1
4394,1,-1,0
4395,0,-1,0
4396,1,-1,-1
4397,1,-1,-1
4398,1,-1,0
4399,1,-1,0
4400,0,-1,-1
4401,0,-1,-1
4402,1,-1,-1
4403,1,-1,-1
4404,1,-1,0
4405,1,-1,-1
4406,0,-1,-1
4407,1,-1,0
4408,0,-1,-1
4409,0,-1,-1
4410,1,-1,-1
4411,1,-1,0
4412,0,-1,-1
4413,0,-1,-1
4414,0,-1,0
4415,0,-1,0
4416,1,-1,-1
4417,1,-1,-1
4418,0,-1,0
4419,1,-1,0
4420,1,-1,0
4421,1,-1,-1
4422,1,-1,0
4423,0,-1,0
4424,0,-1,0
4425,0,-1,0
4426,0,-1,-1
4427,0,-1,0
4428,1,-1,0
4429,1,-1,0
4430,1,-1,-1
4431,1,-1,-1
4432,1,-1,-1
4433,0,-1,-1
4434,0,-1,-1
4435,1,-1,0
4436,1,-1,0
4437,1,-1,-1
4438,0,-1,0
4439,1,-1,0
4440,1,-1,-1
4441,0,-1,-1
4442,0,-1,0
4443,1,-1,-1
4444,0,-1,-1
4445,1,-1,0
4446,1,-1,0
4447,1,-1,-1
4448,1,-1,-1
4449,1,-1,-1
4450,1,-1,-1
4451,1,-1,-1
4452,1,-1,0
4453,0,-1,0
4454,1,-1,-1
4455,0,-1,-1
4456,0,-1,0
4457,1,-1,-1
4458,0,-1,-1
4459,0,-1,-1
4460,1,-1,-1
4461,1,-1,0
4462,0,-1,-1
4463,1,-1,-1
4464,0,-1,0
4465,0,-1,0
4466,1,-1,-1
4467,1,-1,-1
4468,1,-1,0
4469,0,-1,0
4470,1,-1,0
4471,1,-1,0
4472,0,-1,-1
4473,1,-1,-1
4474,1,-1,0
4475,0,-1,0
4476,1,-1,0
4477,1,-1,0
4478,0,-1,0
4479,1,-1,0
4480,1,-1,-1
4481,1,-1,0
4482,0,-1,0
4483,1,-1,0
4484,1,-1,-1
4485,1,-1,0
4486,1,-1,0
4487,0,-1,-1
4488,1,-1,-1
4489,1,-1,-1
4490,1,-1,-1
4491,1,-1,-1
4492,1,-1,-1
4493,0,-1,-1
4494,1,-1,0
4495,0,-1,-1
4496,0,-1,-1
4497,0,-1,-1
4498,1,-1,-1
4499,1,-1,0
4500,1,-1,-1
4501,1,-1,-1
4502,0,-1,0
4503,0,-1,-1
4504,1,-1,-1
4505,0,-1,0
4506,1,-1,0
4507,0,-1,0
4508,1,-1,0
4509,1,-1,-1
4510,1,-1,0
4511,0,-1,0
4512,1,-1,-1
4513,0,-1,0
4514,0,-1,-1
4515,1,-1,0
4516,1,-1,-1
4517,0,-1,-1
4518,1,-1,-1
4519,0,-1,-1
4520,1,-1,0
4521,1,-1,0
4522,0,-1,0
4523,0,-1,-1
4524,0,-1,-1
4525,1,-1,0
4526,0,-1,-1
4527,1,-1,0
4528,1,-1,0
4529,0,-1,-1
4530,1,-1,0
4531,1,-1,0
4532,1,-1,0
4533,0,-1,0
4534,1,-1,0
4535,0,-1,0
4536,0,-1,-1
4537,1,-1,-1
4538,0,-1,-1
4539,0,-1,0
4540,0,-1,-1
4541,1,-1,0
4542,1,-1,0
4543,1,-1,0
4544,0,-1,-1
4545,1,-1,0
4546,1,-1,-1
4547,0,-1,-1
4548,0,-1,0
4549,1,-1,-1
4550,1,-1,0
4551,0,-1,-1
4552,0,-1,0
4553,1,-1,-1
4554,1,-1,-1
4555,1,-1,0
4556,0,-1,-1
4557,0,-1,-1
4558,0,-1,0
4559,1,-1,0
4560,1,-1,-1
4561,1,-1,0
4562,1,-1,-1
4563,1,-1,0
4564,1,-1,-1
4565,1,-1,-1
4566,0,-1,-1
4567,0,-1,0
4568,0,-1,-1
4569,1,-1,-1
4570,1,-1,-1
4571,1,-1,0
4572,1,-1,-1
4573,0,-1,0
4574,0,-1,-1
4575,1,-1,0
4576,1,-1,-1
4577,1,-1,0
4578,1,-1,0
4579,0,-1,0
4580,0,-1,-1
4581,1,-1,-1
4582,1,-1,0
4583,0,-1,-1
4584,0,-1,-1
4585,1,-1,-1
4586,1,-1,-1
4587,0,-1,-1
4588,0,-1,-1
4589,1,-1,0
4590,1,-1,0
4591,1,-1,0
4592,0,-1,-1
4593,0,-1,0
4594,0,-1,-1
4595,0,-1,-1
4596,0,-1,-1
4597,1,-1,-1
4598,1,-1,0
4599,1,-1,-1
4600,1,-1,0
4601,1,-1,-1
4602,0,-1,0
4603,1,-1,-1
4604,0,-1,0
4605,1,-1,0
4606,1,-1,0
4607,1,-1,-1
4608,1,-1,0
4609,1,-1,0
4610,1,-1,0
4611,0,-1,-1
4612,1,-1,0
4613,1,-1,0
4614,0,-1,0
4615,1,-1,0
4616,0,-1,0
4617,1,-1,0
4618,0,-1,0
4619,0,-1,-1
4620,1,-1,0
4621,1,-1,0
4622,0,-1,0
4623,0,-1,0
4624,1,-1,0
4625,0,-1,-1
4626,1,-1,0
4627,0,-1,-1
4628,1,-1,-1
4629,1,-1,-1
4630,1,-1,-1
4631,1,-1,0
4632,0,-1,-1
4633,0,-1,0
4634,1,-1,-1
4635,0,-1,0
4636,1,-1,0
4637,1,-1,-1
4638,1,-1,0
4639,1,-1,0
4640,0,-1,-1
4641,1,-1,-1
4642,1,-1,-1
4643,1,-1,-1
4644,1,-1,-1
4645,0,-1,0
4646,1,-1,0
4647,0,-1,-1
4648,0,-1,0
4649,1,-1,0
4650,0,-1,0
4651,0,-1,0
4652,0,-1,-1
4653,0,-1,0
4654,1,-1,-1
4655,1,-1,0
4656,1,-1,-1
4657,1,-1,-1
4658,1,-1,-1
4659,0,-1,-1
4660,0,-1,0
4661,1,-1,-1
4662,1,-1,0
4663,0,-1,0
4664,0,-1,-1
4665,0,-1,-1
4666,1,-1,0
4667,1,-1,0
4668,0,-1,0
4669,0,-1,-1
4670,0,-1,0
4671,1,-1,0
4672,1,-1,0
4673,1,-1,0
4674,1,-1,-1
4675,1,-1,-1
4676,0,-1,0
4677,0,-1,-1
4678,1,-1,-1
4679,1,-1,0
4680,0,-1,0
4681,0,-1,0
4682,1,-1,-1
4683,1,-1,-1
4684,0,-1,0
4685,0,-1,0
4686,0,-1,0
4687,1,-1,-1
4688,0,-1,0
4689,0,-1,0
4690,0,-1,0
4691,0,-1,0
4692,0,-1,0
4693,0,-1,0
4694,1,-1,0
4695,1,-1,0
4696,1,-1,0
4697,0,-1,0
4698,1,-1,0
4699,1,-1,-1
4700,0,-1,0
4701,0,-1,0
4702,0,-1,0
4703,0,-1,-1
4704,1,-1,-1
4705,1,-1,0
4706,0,-1,-1
4707,0,-1,0
4708,1,-1,0
4709,1,-1,0
4710,1,-1,-1
4711,0,-1,-1
4712,1,-1,0
4713,1,-1,0
4714,0,-1,-1
4715,1,-1,0
4716,0,-1,0
4717,1,-1,0
4718,1,-1,0
4719,1,-1,-1
4720,1,-1,-1
4721,1,-1,-1
4722,0,-1,-1
4723,0,-1,0
4724,1,-1,0
4725,1,-1,-1
4726,0,-1,0
4727,0,-1,-1
4728,1,-1,-1
4729,0,-1,0
4730,1,-1,0
4731,0,-1,0
4732,1,-1,-1
4733,0,-1,0
4734,1,-1,0
4735,1,-1,0
4736,1,-1,0
4737,1,-1,0
4738,1,-1,0
4739,0,-1,0
4740,1,-1,-1
4741,1,-1,0
4742,0,-1,-1
4743,0,-1,-1
4744,1,-1,-1
4745,1,-1,0
4746,1,-1,0
4747,1,-1,0
4748,0,-1,-1
4749,0,-1,-1
4750,1,-1,0
4751,1,-1,0
4752,1,-1,-1
4753,1,-1,-1
4754,0,-1,-1
4755,1,-1,0
4756,0,-1,-1
4757,0,-1,-1
4758,0,-1,0
4759,1,-1,-1
4760,1,-1,0
4761,0,-1,-1
4762,0,-1,0
4763,1,-1,0
4764,0,-1,-1
4765,1,-1,0
4766,0,-1,0
4767,0,-1,0
4768,1,-1,0
4769,1,-1,-1
4770,1,-1,-1
4771,1,-1,0
4772,1,-1,0
4773,1,-1,0
4774,1,-1,0
4775,0,-1,-1
4776,1,-1,0
4777,1,-1,-1
4778,1,-1,-1
4779,0,-1,0
4780,0,-1,-1
4781,1,-1,0
4782,1,-1,0
4783,1,-1,0
4784,0,-1,-1
4785,0,-1,0
4786,0,-1,0
4787,0,-1,0
4788,0,-1,-1
4789,1,-1,0
4790,1,-1,-1
4791,1,-1,-1
4792,1,-1,-1
4793,1,-1,0
4794,0,-1,0
4795,1,-1,0
4796,1,-1,-1
4797,0,-1,0
4798,0,-1,-1
4799,1,-1,0
4800,1,-1,-1
4801,0,-1,-1
4802,1,-1,0
4803,0,-1,0
4804,0,-1,0
4805,0,-1,0
4806,0,-1,-1
4807,1,-1,-1
4808,0,-1,0
4809,1,-1,0
4810,0,-1,0
4811,1,-1,0
4812,0,-1,0
4813,0,-1,-1
4814,1,-1,0
4815,0,-1,-1
4816,0,-1,-1
4817,0,-1,-1
4818,0,-1,-1
4819,0,-1,0
4820,1,-1,-1
4821,0,-1,0
4822,0,-1,-1
4823,1,-1,-1
4824,1,-1,0
4825,1,-1,-1
4826,0,-1,0
4827,0,-1,-1
4828,1,-1,-1
4829,1,-1,-1
4830,0,-1,0
4831,1,-1,0
4832,0,-1,0
4833,1,-1,0
4834,0,-1,-1
4835,0,-1,0
4836,0,-1,0
4837,0,-1,0
4838,1,-1,-1
4839,1,-1,0
4840,1,-1,0
4841,1,-1,0
4842,0,-1,0
4843,1,-1,-1
4844,1,-1,0
4845,1,-1,0
4846,1,-1,0
4847,1,-1,0
4848,1,-1,-1
4849,1,-1,0
4850,1,-1,0
4851,1,-1,-1
4852,0,-1,-1
4853,1,-1,0
4854,0,-1,0
4855,0,-1,-1
4856,1,-1,-1
4857,1,-1,0
4858,0,-1,0
4859,0,-1,0
4860,0,-1,0
4861,0,-1,0
4862,1,-1,0
4863,1,-1,0
4864,0,-1,0
4865,0,-1,-1
4866,1,-1,0
4867,0,-1,0
4868,1,-1,0
4869,0,-1,0
4870,1,-1,-1
4871,1,-1,0
4872,1,-1,-1
4873,0,-1,0
4874,1,-1,0
4875,1,-1,0
4876,0,-1,-1
4877,0,-1,0
4878,1,-1,0
4879,1,-1,-1
4880,1,-1,0
4881,1,-1,-1
4882,1,-1,-1
4883,0,-1,-1
4884,1,-1,0
4885,1,-1,0
4886,0,-1,0
4887,1,-1,0
4888,0,-1,-1
4889,0,-1,-1
4890,0,-1,-1
4891,1,-1,0
4892,0,-1,-1
4893,0,-1,0
4894,0,-1,0
4895,1,-1,0
4896,1,-1,0
4897,1,-1,0
4898,0,-1,0
4899,0,-1,0
4900,0,-1,-1
4901,0,-1,-1
4902,0,-1,0
4903,1,-1,-1
4904,0,-1,-1
4905,0,-1,-1
4906,1,-1,-1
4907,1,-1,0
4908,0,-1,-1
4909,1,-1,0
4910,1,-1,-1
4911,0,-1,-1
4912,0,-1,0
4913,1,-1,0
4914,0,-1,-1
4915,1,-1,0
4916,1,-1,-1
4917,1,-1,-1
4918,1,-1,0
4919,1,-1,-1
4920,0,-1,0
4921,1,-1,-1
4922,0,-1,0
4923,1,-1,-1
4924,1,-1,0
4925,1,-1,0
4926,1,-1,0
4927,0,-1,0
4928,1,-1,-1
4929,1,-1,0
4930,1,-1,-1
4931,1,-1,-1
4932,1,-1,-1
4933,1,-1,-1
4934,1,-1,0
4935,0,-1,-1
4936,1,-1,0
4937,1,-1,-1
4938,0,-1,-1
4939,1,-1,-1
4940,0,-1,0
4941,0,-1,-1
4942,0,-1,0
4943,1,-1,-1
4944,0,-1,0
4945,0,-1,-1
4946,1,-1,-1
4947,0,-1,0
4948,1,-1,-1
4949,1,-1,-1
4950,1,-1,-1
4951,1,-1,0
4952,1,-1,-1
4953,1,-1,-1
4954,0,-1,-1
4955,0,-1,0
4956,1,-1,-1
4957,1,-1,-1
4958,0,-1,-1
4959,1,-1,0
4960,0,-1,0
4961,1,-1,0
4962,0,-1,0
4963,0,-1,0
4964,0,-1,0
4965,0,-1,0
4966,1,-1,0
4967,0,-1,-1
4968,1,-1,-1
4969,0,-1,0
4970,1,-1,0
4971,1,-1,0
4972,1,-1,-1
4973,0,-1,0
4974,1,-1,0
4975,0,-1,0
4976,0,-1,0
4977,0,-1,0
4978,0,-1,-1
4979,0,-1,-1
4980,1,-1,-1
4981,0,-1,0
4982,1,-1,-1
4983,1,-1,0
4984,0,-1,-1
4985,1,-1,-1
4986,0,-1,-1
4987,0,-1,0
4988,0,-1,0
4989,1,-1,-1
4990,0,-1,0
4991,0,-1,-1
4992,0,-1,-1
4993,1,-1,-1
4994,1,-1,0
4995,0,-1,0
4996,0,-1,0
4997,0,-1,-1
4998,1,-1,0
4999,0,-1,0
5000,0,-1,-1
5001,0,-1,0
5002,1,-1,-1
5003,0,-1,0
5004,1,-1,-1
5005,1,-1,-1
5006,0,-1,-1
5007,1,-1,0
5008,0,-1,-1
5009,0,-1,-1
5010,1,-1,-1
5011,0,-1,0
5012,1,-1,0
5013,1,-1,-1
5014,1,-1,-1
5015,0,-1,0
5016,0,-1,-1
5017,1,-1,0
5018,1,-1,-1
5019,0,-1,-1
5020,0,-1,-1
5021,0,-1,0
5022,1,-1,-1
5023,1,-1,0
5024,0,-1,0
5025,0,-1,0
5026,1,-1,0
5027,0,-1,-1
5028,0,-1,0
5029,1,-1,-1
5030,1,-1,0
5031,0,-1,0
5032,0,-1,-1
5033,0,-1,0
5034,1,-1,-1
5035,1,-1,-1
5036,0,-1,-1
5037,0,-1,0
5038,1,-1,0
5039,1,-1,-1
5040,0,-1,-1
5041,1,-1,-1
5042,0,-1,0
5043,0,-1,0
5044,1,-1,0
5045,0,-1,0
5046,0,-1,0
5047,1,-1,0
5048,1,-1,-1
5049,0,-1,0
5050,1,-1,-1
5051,1,-1,-1
5052,1,-1,-1
5053,1,-1,-1
5054,0,-1,0
5055,1,-1,0
5056,0,-1,-1
5057,0,-1,-1
5058,0,-1,-1
5059,1,-1,0
5060,0,-1,0
5061,0,-1,-1
5062,0,-1,-1
5063,1,-1,-1
5064,1,-1,0
5065,1,-1,0
5066,0,-1,0
5067,0,-1,-1
5068,0,-1,-1
5069,1,-1,0
5070,0,-1,0
5071,1,-1,0
5072,0,-1,-1
5073,0,-1,-1
5074,0,-1,-1
5075,0,-1,-1
5076,0,-1,0
5077,0,-1,-1
5078,0,-1,-1
5079,0,-1,0
5080,1,-1,-1
5081,0,-1,-1
5082,0,-1,0
5083,0,-1,0
5084,1,-1,0
5085,1,-1,0
5086,1,-1,-1
5087,0,-1,-1
5088,0,-1,-1
5089,1,-1,0
5090,1,-1,-1
5091,1,-1,-1
5092,0,-1,0
5093,0,-1,-1
5094,1,-1,0
5095,1,-1,-1
5096,1,-1,0
5097,1,-1,-1
5098,1,-1,-1
5099,0,-1,-1
5100,1,-1,-1
5101,1,-1,-1
5102,0,-1,0
5103,1,-1,0
5104,1,-1,0
5105,0,-1,-1
5106,1,-1,0
5107,0,-1,-1
5108,0,-1,-1
5109,0,-1,0
5110,0,-1,-1
5111,1,-1,-1
5112,0,-1,0
5113,0,-1,-1
5114,1,-1,0
5115,1,-1,0
5116,1,-1,0
5117,0,-1,0
5118,0,-1,0
5119,0,-1,0
5120,0,-1,-1
5121,0,-1,0
5122,1,-1,-1
5123,1,-1,0
5124,0,-1,0
5125,1,-1,-1
5126,1,-1,0
5127,0,-1,-1
5128,1,-1,0
5129,1,-1,-1
5130,1,-1,0
5131,1,-1,-1
5132,1,-1,-1
5133,0,-1,0
5134,1,-1,0
5135,0,-1,0
5136,1,-1,0
5137,0,-1,-1
5138,1,-1,-1
5139,1,-1,-1
5140,1,-1,0
5141,0,-1,0
5142,1,-1,0
5143,0,-1,0
5144,1,-1,0
5145,0,-1,0
5146,1,-1,-1
5147,0,-1,0
5148,0,-1,0
5149,1,-1,0
5150,1,-1,-1
5151,0,-1,0
5152,0,-1,-1
5153,0,-1,-1
5154,0,-1,-1
5155,0,-1,0
5156,0,-1,-1
5157,0,-1,0
5158,1,-1,0
5159,0,-1,-1
5160,0,-1,0
5161,0,-1,-1
5162,1,-1,-1
5163,1,-1,0
5164,0,-1,-1
5165,1,-1,-1
5166,1,-1,0
5167,1,-1,-1
5168,1,-1,-1
5169,0,-1,-1
5170,0,-1,-1
5171,1,-1,0
5172,1,-1,0
5173,1,-1,-1
5174,0,-1,-1
5175,0,-1,-1
5176,1,-1,-1
5177,1,-1,-1
5178,0,-1,0
5179,1,-1,0
5180,1,-1,-1
5181,1,-1,0
5182,1,-1,0
5183,0,-1,0
5184,1,-1,0
5185,0,-1,-1
5186,0,-1,0
5187,0,-1,0
5188,0,-1,0
5189,0,-1,0
5190,0,-1,-1
5191,0,-1,-1
5192,1,-1,-1
5193,1,-1,-1
5194,1,-1,0
5195,0,-1,-1
5196,0,-1,0
5197,1,-1,0
5198,1,-1,-1
5199,0,-1,0
5200,0,-1,-1
5201,1,-1,0
5202,0,-1,-1
5203,1,-1,-1
5204,0,-1,-1
5205,1,-1,0
5206,1,-1,0
5207,1,-1,-1
5208,0,-1,0
5209,0,-1,-1
5210,1,-1,-1
5211,0,-1,0
5212,1,-1,0
5213,1,-1,-1
5214,1,-1,-1
5215,0,-1,-1
5216,1,-1,-1
5217,1,-1,-1
5218,1,-1,0
5219,0,-1,0
5220,1,-1,-1
5221,1,-1,-1
5222,1,-1,-1
5223,1,-1,0
5224,0,-1,0
5225,1,-1,0
5226,1,-1,-1
5227,1,-1,0
5228,0,-1,0
5229,0,-1,-1
5230,1,-1,-1
5231,1,-1,0
5232,0,-1,-1
5233,0,-1,0
5234,0,-1,-1
5235,0,-1,0
5236,0,-1,-1
5237,1,-1,0
5238,0,-1,0
5239,0,-1,0
5240,1,-1,-1
5241,1,-1,0
5242,0,-1,0
5243,1,-1,-1
5244,0,-1,0
5245,0,-1,0
5246,1,-1,-1
5247,1,-1,-1
5248,1,-1,-1
5249,1,-1,0
5250,1,-1,0
5251,1,-1,-1
5252,0,-1,0
5253,0,-1,0
5254,1,-1,-1
5255,0,-1,0
5256,1,-1,0
5257,0,-1,-1
5258,0,-1,0
5259,1,-1,0
5260,1,-1,0
5261,1,-1,0
5262,0,-1,0
5263,0,-1,-1
5264,1,-1,-1
5265,1,-1,0
5266,1,-1,0
5267,1,-1,-1
5268,0,-1,0
5269,1,-1,-1
5270,0,-1,-1
5271,1,-1,0
5272,0,-1,0
5273,0,-1,0
5274,0,-1,-1
5275,0,-1,0
5276,0,-1,0
5277,0,-1,-1
5278,1,-1,0
5279,1,-1,0
5280,0,-1,0
5281,1,-1,-1
5282,1,-1,0
5283,1,-1,0
5284,0,-1,0
5285,1,-1,-1
5286,0,-1,-1
5287,0,-1,-1
5288,0,-1,-1
5289,1,-1,0
5290,0,-1,-1
5291,1,-1,-1
5292,1,-1,0
5293,1,-1,-1
5294,1,-1,0
5295,0,-1,-1
5296,0,-1,0
5297,1,-1,-1
5298,0,-1,-1
5299,1,-1,-1
5300,0,-1,0
5301,0,-1,-1
5302,1,-1,0
5303,0,-1,-1
5304,1,-1,-1
5305,0,-1,-1
5306,1,-1,0
5307,0,-1,-1
5308,0,-1,0
5309,0,-1,-1
5310,1,-1,-1
5311,0,-1,0
5312,1,-1,0
5313,0,-1,0
5314,0,-1,0
5315,1,-1,-1
5316,0,-1,-1
5317,0,-1,-1
5318,0,-1,-1
5319,1,-1,0
5320,1,-1,-1
5321,0,-1,0
5322,0,-1,0
5323,1,-1,0
5324,0,-1,0
5325,0,-1,0
5326,1,-1,-1
5327,1,-1,-1
5328,1,-1,-1
5329,1,-1,-1
5330,0,-1,0
5331,0,-1,-1
5332,0,-1,0
5333,1,-1,0
5334,1,-1,-1
5335,1,-1,-1
5336,1,-1,0
5337,1,-1,0
5338,0,-1,0
5339,1,-1,-1
5340,1,-1,-1
5341,1,-1,-1
5342,0,-1,0
5343,1,-1,0
5344,1,-1,0
5345,1,-1,-1
5346,0,-1,-1
5347,1,-1,-1
5348,0,-1,-1
5349,0,-1,0
5350,0,-1,-1
5351,1,-1,-1
5352,1,-1,-1
5353,0,-1,0
5354,0,-1,-1
5355,1,-1,-1
5356,1,-1,0
5357,0,-1,-1
5358,1,-1,-1
5359,0,-1,-1
5360,0,-1,-1
5361,1,-1,-1
5362,0,-1,0
5363,1,-1,0
5364,1,-1,-1
5365,0,-1,0
5366,0,-1,-1
5367,1,-1,-1
5368,0,-1,-1
5369,1,-1,0
5370,0,-1,-1
5371,0,-1,0
5372,0,-1,0
5373,1,-1,-1
5374,0,-1,-1
5375,0,-1,0
5376,0,-1,-1
5377,0,-1,0
5378,0,-1,-1
5379,1,-1,0
5380,1,-1,0
5381,0,-1,0
5382,0,-1,0
5383,0,-1,0
5384,0,-1,0
5385,1,-1,-1
5386,1,-1,-1
5387,1,-1,0
5388,0,-1,0
5389,1,-1,0
5390,0,-1,0
5391,1,-1,-1
5392,0,-1,-1
5393,1,-1,0
5394,0,-1,0
5395,0,-1,-1
5396,1,-1,-1
5397,0,-1,-1
5398,1,-1,-1
5399,1,-1,-1
5400,1,-1,0
5401,1,-1,0
5402,1,-1,0
5403,1,-1,0
5404,1,-1,-1
5405,1,-1,-1
5406,1,-1,-1
5407,1,-1,0
5408,1,-1,0
5409,1,-1,0
5410,0,-1,0
5411,0,-1,-1
5412,0,-1,-1
5413,0,-1,0
5414,1,-1,0
5415,1,-1,-1
5416,0,-1,-1
5417,1,-1,-1
5418,0,-1,0
5419,0,-1,-1
5420,0,-1,0
5421,0,-1,-1
5422,0,-1,0
5423,1,-1,0
5424,1,-1,0
5425,1,-1,0
5426,0,-1,0
5427,0,-1,-1
5428,0,-1,-1
5429,0,-1,0
5430,0,-1,-1
5431,1,-1,-1
5432,0,-1,0
5433,1,-1,-1
5434,0,-1,-1
5435,0,-1,0
5436,0,-1,0
5437,0,-1,0
5438,0,-1,-1
5439,0,-1,-1
5440,0,-1,0
5441,0,-1,0
5442,1,-1,-1
5443,1,-1,0
5444,0,-1,-1
5445,0,-1,0
5446,0,-1,-1
5447,0,-1,0
5448,1,-1,0
5449,1,-1,0
5450,0,-1,-1
5451,0,-1,0
5452,0,-1,-1
5453,0,-1,0
5454,1,-1,-1
5455,0,-1,0
5456,1,-1,-1
5457,1,-1,0
5458,0,-1,-1
5459,1,-1,0
5460,0,-1,0
5461,0,-1,0
5462,1,-1,-1
5463,1,-1,0
5464,0,-1,-1
5465,0,-1,-1
5466,1,-1,0
5467,1,-1,0
5468,0,-1,-1
5469,0,-1,-1
5470,0,-1,0
5471,1,-1,-1
5472,0,-1,-1
5473,1,-1,-1
5474,1,-1,0
5475,1,-1,0
5476,1,-1,0
5477,0,-1,-1
5478,1,-1,0
5479,1,-1,0
5480,1,-1,-1
5481,1,-1,-1
5482,1,-1,-1
5483,0,-1,-1
5484,1,-1,-1
5485,1,-1,-1
5486,0,-1,0
5487,1,-1,0
5488,1,-1,-1
5489,0,-1,-1
5490,1,-1,0
5491,1,-1,0
5492,1,-1,-1
5493,0,-1,0
5494,1,-1,-1
5495,0,-1,-1
5496,1,-1,0
5497,0,-1,-1
5498,1,-1,-1
5499,1,-1,0
5500,0,-1,0
5501,1,-1,-1
5502,1,-1,0
5503,1,-1,-1
5504,1,-1,0
5505,1,-1,-1
5506,0,-1,-1
5507,1,-1,0
5508,1,-1,-1
5509,1,-1,-1
5510,0,-1,0
5511,0,-1,-1
5512,1,-1,0
5513,1,-1,0
5514,1,-1,0
5515,0,-1,0
5516,0,-1,-1
5517,0,-1,-1
5518,1,-1,-1
5519,1,-1,0
5520,1,-1,0
5521,0,-1,0
5522,0,-1,-1
5523,1,-1,0
5524,0,-1,0
5525,1,-1,0
5526,0,-1,0
5527,0,-1,-1
5528,0,-1,-1
5529,0,-1,0
5530,1,-1,0
5531,1,-1,-1
5532,0,-1,0
5533,0,-1,0
5534,1,-1,0
5535,1,-1,0
5536,0,-1,-1
5537,0,-1,0
5538,0,-1,-1
5539,0,-1,-1
5540,0,-1,-1
5541,1,-1,-1
5542,1,-1,-1
5543,1,-1,-1
5544,0,-1,-1
5545,1,-1,0
5546,0,-1,-1
5547,0,-1,0
5548,1,-1,-1
5549,1,-1,0
5550,1,-1,-1
5551,0,-1,-1
5552,0,-1,0
5553,0,-1,0
5554,1,-1,-1
5555,0,-1,0
5556,1,-1,-1
5557,0,-1,-1
5558,1,-1,-1
5559,0,-1,-1
5560,1,-1,0
5561,1,-1,-1
5562,0,-1,-1
5563,1,-1,0
5564,1,-1,-1
5565,1,-1,-1
5566,0,-1,-1
5567,1,-1,-1
5568,0,-1,-1
5569,1,-1,-1
5570,1,-1,-1
5571,0,-1,-1
5572,0,-1,-1
5573,0,-1,0
5574,0,-1,-1
5575,1,-1,-1
5576,0,-1,0
5577,1,-1,0
5578,1,-1,-1
5579,0,-1,0
5580,1,-1,0
5581,0,-1,-1
5582,1,-1,0
5583,1,-1,0
5584,1,-1,-1
5585,1,-1,0
5586,0,-1,0
5587,1,-1,0
5588,1,-1,0
5589,0,-1,-1
5590,0,-1,0
5591,0,-1,-1
5592,1,-1,0
5593,0,-1,-1
5594,0,-1,-1
5595,1,-1,0
5596,0,-1,0
5597,1,-1,0
5598,0,-1,0
5599,0,-1,0
5600,1,-1,0
5601,0,-1,-1
5602,0,-1,0
5603,0,-1,-1
5604,1,-1,-1
5605,1,-1,0
5606,1,-1,-1
5607,0,-1,-1
5608,1,-1,-1
5609,0,-1,0
5610,1,-1,0
5611,0,-1,0
5612,1,-1,-1
5613,1,-1,0
5614,1,-1,-1
5615,0,-1,0
5616,0,-1,0
5617,0,-1,-1
5618,1,-1,-1
5619,1,-1,0
5620,1,-1,-1
5621,1,-1,-1
5622,1,-1,0
5623,0,-1,0
5624,1,-1,0
5625,0,-1,-1
5626,1,-1,0
5627,1,-1,0
5628,0,-1,-1
5629,0,-1,-1
5630,0,-1,-1
5631,1,-1,-1
5632,0,-1,-1
5633,1,-1,-1
5634,1,-1,-1
5635,1,-1,-1
5636,1,-1,0
5637,1,-1,0
5638,1,-1,0
5639,1,-1,-1
5640,1,-1,0
5641,1,-1,0
5642,0,-1,0
5643,1,-1,-1
5644,1,-1,-1
5645,0,-1,0
5646,1,-1,-1
5647,1,-1,0
5648,0,-1,0
5649,1,-1,0
5650,0,-1,0
5651,0,-1,-1
5652,1,-1,-1
5653,0,-1,0
5654,1,-1,-1
5655,1,-1,0
5656,0,-1,0
5657,0,-1,0
5658,1,-1,0
5659,1,-1,-1
5660,1,-1,-1
5661,1,-1,-1
5662,0,-1,-1
5663,1,-1,0
5664,0,-1,0
5665,1,-1,-1
5666,1,-1,0
5667,0,-1,0
5668,1,-1,0
5669,0,-1,-1
5670,1,-1,0
5671,1,-1,0
5672,1,-1,0
5673,1,-1,0
5674,0,-1,0
5675,1,-1,0
5676,1,-1,0
5677,1,-1,-1
5678,0,-1,-1
5679,1,-1,0
5680,0,-1,-1
5681,1,-1,0
5682,1,-1,0
5683,1,-1,-1
5684,0,-1,-1
5685,0,-1,0
5686,0,-1,0
5687,1,-1,-1
5688,0,-1,-1
5689,0,-1,0
5690,1,-1,0
5691,0,-1,0
5692,1,-1,0
5693,1,-1,-1
5694,1,-1,0
5695,0,-1,-1
5696,1,-1,0
5697,0,-1,-1
5698,0,-1,-1
5699,0,-1,0
5700,1,-1,-1
5701,1,-1,0
5702,0,-1,-1
5703,1,-1,-1
5704,0,-1,-1
5705,0,-1,0
5706,0,-1,0
5707,0,-1,0
5708,1,-1,-1
5709,0,-1,0
5710,0,-1,0
5711,1,-1,0
5712,0,-1,-1
5713,0,-1,0
5714,1,-1,0
5715,1,-1,-1
5716,0,-1,-1
5717,1,-1,0
5718,1,-1,-1
5719,0,-1,-1
5720,0,-1,-1
5721,1,-1,-1
5722,0,-1,0
5723,0,-1,-1
5724,0,-1,-1
5725,1,-1,0
5726,0,-1,-1
5727,1,-1,-1
5728,0,-1,0
5729,1,-1,0
5730,1,-1,0
5731,1,-1,0
5732,0,-1,-1
5733,1,-1,-1
5734,1,-1,0
5735,1,-1,0
5736,1,-1,-1
5737,1,-1,0
5738,1,-1,0
5739,0,-1,-1
5740,0,-1,0
5741,0,-1,-1
5742,1,-1,0
5743,1,-1,-1
5744,0,-1,-1
5745,1,-1,0
5746,1,-1,-1
5747,1,-1,0
5748,0,-1,0
5749,1,-1,-1
5750,0,-1,-1
5751,1,-1,0
5752,1,-1,-1
5753,1,-1,0
5754,1,-1,-1
5755,0,-1,0
5756,1,-1,0
5757,1,-1,0
5758,0,-1,0
5759,1,-1,0
5760,0,-1,-1
5761,0,-1,-1
5762,0,-1,0
5763,1,-1,0
5764,0,-1,-1
5765,1,-1,0
5766,0,-1,-1
5767,0,-1,-1
5768,1,-1,-1
5769,1,-1,-1
5770,1,-1,-1
5771,0,-1,-1
5772,1,-1,0
5773,0,-1,0
5774,0,-1,0
5775,1,-1,0
5776,1,-1,0
5777,0,-1,0
5778,1,-1,-1
5779,0,-1,-1
5780,1,-1,-1
5781,0,-1,-1
5782,1,-1,0
5783,0,-1,-1
5784,1,-1,0
5785,0,-1,0
5786,0,-1,0
5787,0,-1,-1
5788,1,-1,0
5789,1,-1,-1
5790,0,-1,-1
5791,1,-1,-1
5792,0,-1,-1
5793,0,-1,0
5794,0,-1,0
5795,1,-1,0
5796,1,-1,0
5797,1,-1,-1
5798,1,-1,0
5799,1,-1,0
5800,1,-1,-1
5801,1,-1,-1
5802,0,-1,-1
5803,1,-1,-1
5804,0,-1,-1
5805,1,-1,0
5806,0,-1,-1
5807,1,-1,-1
5808,0,-1,-1
5809,1,-1,-1
5810,0,-1,-1
5811,1,-1,0
5812,1,-1,-1
5813,1,-1,0
5814,1,-1,0
5815,1,-1,-1
5816,0,-1,0
5817,1,-1,-1
5818,1,-1,-1
5819,0,-1,-1
5820,1,-1,-1
5821,0,-1,0
5822,1,-1,0
5823,1,-1,-1
5824,0,-1,-1
5825,0,-1,0
5826,1,-1,0
5827,1,-1,0
5828,1,-1,0
5829,0,-1,0
5830,1,-1,0
5831,1,-1,0
5832,1,-1,-1
5833,1,-1,0
5834,1,-1,-1
5835,0,-1,0
5836,1,-1,-1
5837,0,-1,-1
5838,1,-1,0
5839,0,-1,0
5840,1,-1,0
5841,0,-1,-1
5842,1,-1,0
5843,0,-1,-1
5844,1,-1,-1
5845,1,-1,0
5846,1,-1,-1
5847,0,-1,-1
5848,1,-1,0
5849,1,-1,-1
5850,1,-1,-1
5851,1,-1,-1
5852,0,-1,0
5853,0,-1,-1
5854,0,-1,-1
5855,1,-1,0
5856,0,-1,-1
5857,0,-1,-1
5858,0,-1,0
5859,1,-1,0
5860,1,-1,0
5861,1,-1,0
5862,1,-1,0
5863,1,-1,0
5864,0,-1,-1
5865,1,-1,-1
5866,0,-1,0
5867,1,-1,-1
5868,1,-1,-1
5869,0,-1,-1
5870,0,-1,-1
5871,1,-1,-1
5872,0,-1,-1
5873,0,-1,-1
5874,1,-1,0
5875,1,-1,-1
5876,0,-1,0
5877,0,-1,-1
5878,0,-1,-1
5879,0,-1,-1
5880,0,-1,0
5881,1,-1,-1
5882,0,-1,0
5883,0,-1,-1
5884,1,-1,0
5885,1,-1,-1
5886,1,-1,0
5887,1,-1,0
5888,1,-1,0
5889,1,-1,-1
5890,0,-1,0
5891,0,-1,-1
5892,1,-1,-1
5893,1,-1,0
5894,1,-1,0
5895,1,-1,-1
5896,0,-1,-1
5897,1,-1,0
5898,0,-1,0
5899,1,-1,0
5900,1,-1,-1
5901,0,-1,0
5902,1,-1,-1
5903,1,-1,-1
5904,0,-1,0
5905,1,-1,0
5906,0,-1,-1
5907,0,-1,0
5908,1,-1,0
5909,0,-1,-1
5910,0,-1,0
5911,0,-1,-1
5912,0,-1,0
5913,0,-1,0
5914,0,-1,-1
5915,0,-1,0
5916,1,-1,-1
5917,0,-1,-1
5918,1,-1,0
5919,0,-1,-1
5920,1,-1,-1
5921,0,-1,0
5922,0,-1,-1
5923,1,-1,0
5924,0,-1,0
5925,1,-1,0
5926,1,-1,0
5927,0,-1,0
5928,0,-1,0
5929,1,-1,-1
5930,0,-1,-1
5931,0,-1,0
5932,0,-1,0
5933,1,-1,-1
5934,1,-1,0
5935,1,-1,-1
5936,1,-1,-1
5937,0,-1,0
5938,0,-1,-1
5939,1,-1,0
5940,0,-1,0
5941,0,-1,-1
5942,0,-1,-1
5943,1,-1,-1
5944,0,-1,0
5945,1,-1,-1
5946,0,-1,-1
5947,0,-1,-1
5948,1,-1,0
5949,1,-1,0
5950,1,-1,0
5951,0,-1,0
5952,1,-1,0
5953,1,-1,-1
5954,1,-1,-1
5955,1,-1,0
5956,0,-1,-1
5957,0,-1,-1
5958,0,-1,-1
5959,1,-1,0
5960,0,-1,-1
5961,1,-1,0
5962,0,-1,-1
5963,0,-1,0
5964,0,-1,0
5965,0,-1,-1
5966,0,-1,0
5967,1,-1,0
5968,0,-1,-1
5969,0,-1,0
5970,1,-1,-1
5971,0,-1,0
5972,0,-1,-1
5973,0,-1,-1
5974,0,-1,-1
5975,0,-1,-1
5976,0,-1,-1
5977,1,-1,0
5978,1,-1,-1
5979,1,-1,-1
5980,0,-1,0
5981,0,-1,-1
5982,1,-1,-1
5983,0,-1,-1
5984,1,-1,-1
5985,0,-1,-1
5986,1,-1,0
5987,0,-1,0
5988,1,-1,-1
5989,0,-1,-1
5990,0,-1,0
5991,1,-1,-1
5992,1,-1,-1
5993,0,-1,0
5994,0,-1,-1
5995,0,-1,-1
5996,0,-1,-1
5997,0,-1,0
5998,1,-1,-1
5999,1,-1,0
6000,0,-1,0
6001,0,-1,0
6002,0,-1,0
6003,0,-1,-1
6004,0,-1,-1
6005,1,-1,0
6006,1,-1,0
6007,0,-1,0
6008,1,-1,0
6009,0,-1,-1
6010,0,-1,0
6011,1,-1,-1
6012,0,-1,0
6013,1,-1,-1
6014,0,-1,-1
6015,0,-1,0
6016,1,-1,-1
6017,0,-1,0
6018,1,-1,0
6019,0,-1,0
6020,1,-1,0
6021,0,-1,-1
6022,1,-1,0
6023,0,-1,-1
6024,0,-1,-1
6025,0,-1,0
6026,0,-1,0
6027,0,-1,-1
6028,1,-1,-1
6029,0,-1,-1
6030,0,-1,-1
6031,1,-1,-1
6032,1,-1,-1
6033,1,-1,-1
6034,0,-1,-1
6035,0,-1,0
6036,1,-1,0
6037,0,-1,-1
6038,0,-1,0
6039,0,-1,-1
6040,0,-1,0
6041,1,-1,-1
6042,1,-1,0
6043,0,-1,-1
6044,1,-1,-1
6045,1,-1,0
6046,1,-1,-1
6047,0,-1,0
6048,1,-1,0
6049,0,-1,0
6050,1,-1,0
6051,0,-1,0
6052,0,-1,0
6053,1,-1,-1
6054,1,-1,-1
6055,0,-1,0
6056,1,-1,-1
6057,0,-1,0
6058,0,-1,0
6059,1,-1,-1
6060,1,-1,0
6061,0,-1,-1
6062,1,-1,-1
6063,1,-1,-1
6064,1,-1,-1
6065,1,-1,-1
6066,0,-1,0
6067,0,-1,0
6068,1,-1,-1
6069,0,-1,0
6070,0,-1,-1
6071,1,-1,-1
6072,1,-1,-1
6073,0,-1,-1
6074,0,-1,-1
6075,0,-1,-1
6076,0,-1,0
6077,0,-1,0
6078,0,-1,0
6079,1,-1,0
6080,1,-1,0
6081,1,-1,-1
6082,1,-1,-1
6083,1,-1,0
6084,1,-1,0
6085,0,-1,0
6086,1,-1,0
6087,0,-1,0
6088,1,-1,0
6089,0,-1,0
6090,1,-1,0
6091,1,-1,0
6092,0,-1,-1
6093,1,-1,-1
6094,0,-1,0
6095,0,-1,0
6096,0,-1,-1
6097,1,-1,0
6098,0,-1,0
6099,1,-1,-1
6100,0,-1,-1
6101,0,-1,0
6102,0,-1,-1
6103,0,-1,0
6104,0,-1,-1
6105,0,-1,0
6106,0,-1,0
6107,1,-1,0
6108,1,-1,0
6109,0,-1,0
6110,0,-1,0
6111,1,-1,0
6112,0,-1,0
6113,1,-1,-1
6114,1,-1,-1
6115,1,-1,0
6116,0,-1,0
6117,1,-1,0
6118,0,-1,-1
6119,0,-1,0
6120,1,-1,-1
6121,0,-1,0
6122,0,-1,0
6123,1,-1,0
6124,1,-1,0
6125,1,-1,-1
6126,0,-1,0
6127,1,-1,0
6128,0,-1,-1
6129,1,-1,0
6130,1,-1,-1
6131,1,-1,-1
6132,0,-1,0
6133,0,-1,-1
6134,1,-1,-1
6135,1,-1,-1
6136,1,-1,0
6137,1,-1,0
6138,1,-1,0
6139,0,-1,0
6140,0,-1,0
6141,0,-1,-1
6142,0,-1,0
6143,0,-1,0
6144,0,-1,0
6145,0,-1,-1
6146,0,-1,-1
6147,1,-1,-1
6148,1,-1,0
6149,1,-1,0
6150,1,-1,-1
6151,1,-1,0
6152,0,-1,0
6153,0,-1,-1
6154,1,-1,-1
6155,0,-1,-1
6156,1,-1,0
6157,1,-1,0
6158,0,-1,0
6159,1,-1,-1
6160,1,-1,0
6161,1,-1,-1
6162,0,-1,-1
6163,0,-1,0
6164,0,-1,-1
6165,1,-1,0
6166,1,-1,-1
6167,0,-1,0
6168,1,-1,-1
6169,1,-1,-1
6170,0,-1,-1
6171,1,-1,0
6172,1,-1,0
6173,0,-1,0
6174,0,-1,0
6175,0,-1,-1
6176,0,-1,0
6177,0,-1,0
6178,0,-1,-1
6179,0,-1,0
6180,0,-1,0
6181,1,-1,0
6182,1,-1,-1
6183,0,-1,0
6184,0,-1,0
6185,0,-1,0
6186,1,-1,-1
6187,1,-1,-1
6188,0,-1,-1
6189,0,-1,-1
6190,1,-1,-1
6191,1,-1,0
6192,0,-1,-1
6193,1,-1,-1
6194,0,-1,0
6195,1,-1,-1
6196,1,-1,-1
6197,1,-1,0
6198,0,-1,-1
6199,1,-1,-1
6200,1,-1,-1
6201,1,-1,0
6202,1,-1,-1
6203,1,-1,-1
6204,0,-1,-1
6205,1,-1,0
6206,0,-1,-1
6207,1,-1,0
6208,0,-1,-1
6209,1,-1,-1
6210,1,-1,0
6211,1,-1,0
6212,0,-1,0
6213,0,-1,-1
6214,0,-1,-1
6215,0,-1,-1
6216,1,-1,0
6217,1,-1,-1
6218,1,-1,0
6219,1,-1,0
6220,1,-1,0
6221,1,-1,-1
6222,0,-1,-1
6223,1,-1,-1
6224,1,-1,-1
6225,1,-1,-1
6226,1,-1,0
6227,1,-1,0
6228,0,-1,0
6229,1,-1,0
6230,1,-1,-1
6231,0,-1,0
6232,0,-1,0
6233,1,-1,0
6234,1,-1,0
6235,1,-1,-1
6236,1,-1,-1
6237,0,-1,0
6238,1,-1,-1
6239,0,-1,0
6240,0,-1,-1
6241,1,-1,0
6242,0,-1,-1
6243,0,-1,-1
6244,0,-1,0
6245,0,-1,0
6246,1,-1,-1
6247,0,-1,-1
6248,0,-1,0
6249,1,-1,0
6250,0,-1,0
6251,0,-1,0
6252,0,-1,0
6253,0,-1,-1
6254,0,-1,-1
6255,0,-1,0
6256,1,-1,0
6257,1,-1,0
6258,0,-1,-1
6259,0,-1,0
6260,1,-1,-1
6261,0,-1,-1
6262,1,-1,-1
6263,1,-1,0
6264,1,-1,0
6265,0,-1,0
6266,0,-1,-1
6267,1,-1,-1
6268,0,-1,0
6269,1,-1,0
6270,1,-1,-1
6271,0,-1,0
6272,1,-1,-1
6273,0,-1,-1
6274,1,-1,0
6275,0,-1,0
6276,0,-1,-1
6277,0,-1,0
6278,1,-1,0
6279,0,-1,-1
6280,1,-1,0
6281,1,-1,0
6282,0,-1,-1
6283,0,-1,-1
6284,0,-1,-1
6285,0,-1,0
6286,0,-1,-1
6287,0,-1,-1
6288,1,-1,0
6289,0,-1,0
6290,0,-1,0
6291,0,-1,0
6292,0,-1,-1
6293,0,-1,0
6294,0,-1,-1
6295,1,-1,0
6296,0,-1,0
6297,1,-1,0
6298,1,-1,0
6299,1,-1,-1
6300,1,-1,0
6301,0,-1,-1
6302,0,-1,0
6303,1,-1,0
6304,1,-1,0
6305,1,-1,0
6306,0,-1,-1
6307,0,-1,0
6308,0,-1,-1
6309,0,-1,-1
6310,1,-1,-1
6311,1,-1,-1
6312,0,-1,0
6313,1,-1,-1
6314,1,-1,-1
6315,1,-1,0
6316,0,-1,0
6317,1,-1,-1
6318,0,-1,0
6319,0,-1,-1
6320,1,-1,-1
6321,1,-1,-1
6322,0,-1,0
6323,0,-1,0
6324,1,-1,-1
6325,1,-1,-1
6326,1,-1,-1
6327,0,-1,-1
6328,0,-1,0
6329,0,-1,0
6330,0,-1,-1
6331,0,-1,-1
6332,0,-1,0
6333,1,-1,0
6334,0,-1,0
6335,0,-1,-1
6336,1,-1,0
6337,1,-1,-1
6338,1,-1,0
6339,1,-1,0
6340,0,-1,0
6341,1,-1,-1
6342,1,-1,-1
6343,0,-1,0
6344,0,-1,0
6345,0,-1,-1
6346,0,-1,-1
6347,0,-1,-1
6348,0,-1,0
6349,0,-1,0
6350,1,-1,-1
6351,0,-1,0
6352,1,-1,0
6353,0,-1,-1
6354,1,-1,-1
6355,1,-1,-1
6356,0,-1,-1
6357,1,-1,-1
6358,0,-1,-1
6359,1,-1,0
6360,0,-1,-1
6361,1,-1,-1
6362,1,-1,0
6363,1,-1,-1
6364,1,-1,0
6365,1,-1,-1
6366,1,-1,0
6367,1,-1,0
6368,1,-1,-1
6369,1,-1,-1
6370,1,-1,-1
6371,0,-1,0
6372,1,-1,0
6373,1,-1,0
6374,0,-1,0
6375,1,-1,-1
6376,1,-1,0
6377,1,-1,0
6378,0,-1,-1
6379,1,-1,-1
6380,1,-1,0
6381,0,-1,0
6382,1,-1,0
6383,1,-1,-1
6384,0,-1,0
6385,0,-1,0
6386,0,-1,-1
6387,0,-1,0
6388,1,-1,-1
6389,0,-1,0
6390,1,-1,-1
6391,0,-1,-1
6392,0,-1,0
6393,1,-1,-1
6394,0,-1,-1
6395,0,-1,0
6396,0,-1,-1
6397,1,-1,-1
6398,0,-1,0
6399,1,-1,-1
6400,0,-1,0
6401,1,-1,-1
6402,0,-1,-1
6403,0,-1,-1
6404,1,-1,0
6405,0,-1,-1
6406,0,-1,-1
6407,1,-1,-1
6408,0,-1,0
6409,0,-1,0
6410,1,-1,-1
6411,0,-1,-1
6412,0,-1,0
6413,1,-1,-1
6414,0,-1,0
6415,0,-1,-1
6416,0,-1,-1
6417,1,-1,0
6418,0,-1,-1
6419,1,-1,0
6420,1,-1,-1
6421,0,-1,-1
6422,1,-1,-1
6423,1,-1,-1
6424,0,-1,-1
6425,1,-1,0
6426,0,-1,0
6427,1,-1,-1
6428,1,-1,-1
6429,1,-1,-1
6430,1,-1,0
6431,0,-1,0
6432,1,-1,-1
6433,0,-1,0
6434,1,-1,-1
6435,1,-1,0
6436,1,-1,0
6437,1,-1,-1
6438,0,-1,-1
6439,1,-1,-1
6440,0,-1,-1
6441,0,-1,0
6442,0,-1,-1
6443,1,-1,0
6444,1,-1,0
6445,1,-1,-1
6446,0,-1,-1
6447,0,-1,0
6448,1,-1,-1
6449,1,-1,-1
6450,0,-1,0
6451,1,-1,-1
6452,1,-1,0
6453,0,-1,0
6454,0,-1,-1
6455,1,-1,-1
6456,0,-1,-1
6457,0,-1,0
6458,1,-1,-1
6459,1,-1,0
6460,0,-1,0
6461,0,-1,0
6462,1,-1,-1
6463,0,-1,-1
6464,1,-1,-1
6465,0,-1,-1
6466,0,-1,0
6467,0,-1,0
6468,1,-1,0
6469,0,-1,0
6470,1,-1,-1
6471,0,-1,-1
6472,0,-1,0
6473,0,-1,-1
6474,0,-1,0
6475,0,-1,-1
6476,1,-1,-1
6477,0,-1,0
6478,1,-1,0
6479,1,-1,-1
6480,0,-1,-1
6481,1,-1,-1
6482,0,-1,-1
6483,0,-1,0
6484,1,-1,-1
6485,0,-1,-1
6486,0,-1,0
6487,1,-1,0
6488,1,-1,-1
6489,0,-1,-1
6490,1,-1,0
6491,0,-1,-1
6492,1,-1,-1
6493,1,-1,-1
6494,0,-1,0
6495,1,-1,0
6496,0,-1,0
6497,1,-1,0
6498,0,-1,-1
6499,0,-1,0
6500,0,-1,-1
6501,1,-1,-1
6502,0,-1,0
6503,1,-1,-1
6504,1,-1,-1
6505,1,-1,0
6506,1,-1,0
6507,1,-1,0
6508,1,-1,-1
6509,0,-1,0
6510,1,-1,-1
6511,1,-1,0
6512,0,-1,0
6513,1,-1,-1
6514,0,-1,-1
6515,0,-1,0
6516,1,-1,0
6517,1,-1,-1
6518,1,-1,0
6519,0,-1,0
6520,1,-1,0
6521,0,-1,0
6522,0,-1,0
6523,0,-1,-1
6524,0,-1,0
6525,1,-1,-1
6526,0,-1,-1
6527,0,-1,-1
6528,1,-1,0
6529,0,-1,0
6530,1,-1,-1
6531,1,-1,0
6532,0,-1,-1
6533,1,-1,0
6534,0,-1,-1
6535,1,-1,0
6536,1,-1,-1
6537,0,-1,-1
6538,0,-1,0
6539,0,-1,0
6540,0,-1,0
6541,0,-1,-1
6542,0,-1,0
6543,0,-1,-1
6544,1,-1,-1
6545,0,-1,0
6546,1,-1,-1
6547,1,-1,0
6548,1,-1,0
6549,0,-1,0
6550,0,-1,0
6551,1,-1,0
6552,0,-1,-1
6553,1,-1,0
6554,1,-1,0
6555,1,-1,-1
6556,1,-1,-1
6557,1,-1,0
6558,1,-1,0
6559,1,-1,0
6560,0,-1,0
6561,0,-1,0
6562,1,-1,0
6563,0,-1,0
6564,0,-1,0
6565,0,-1,-1
6566,1,-1,0
6567,0,-1,0
6568,1,-1,0
6569,0,-1,0
6570,0,-1,0
6571,1,-1,0
6572,1,-1,-1
6573,0,-1,-1
6574,1,-1,0
6575,0,-1,0
6576,0,-1,-1
6577,0,-1,-1
6578,1,-1,0
6579,0,-1,0
6580,1,-1,-1
6581,0,-1,0
6582,0,-1,-1
6583,0,-1,-1
6584,0,-1,0
6585,0,-1,-1
6586,0,-1,0
6587,1,-1,-1
6588,1,-1,0
6589,0,-1,-1
6590,1,-1,-1
6591,1,-1,-1
6592,1,-1,0
6593,1,-1,-1
6594,0,-1,-1
6595,0,-1,-1
6596,0,-1,-1
6597,1,-1,-1
6598,0,-1,0
6599,1,-1,-1
6600,0,-1,-1
6601,1,-1,0
6602,1,-1,0
6603,1,-1,0
6604,1,-1,0
6605,0,-1,0
6606,1,-1,0
6607,1,-1,-1
6608,1,-1,-1
6609,1,-1,0
6610,0,-1,-1
6611,1,-1,-1
6612,1,-1,0
6613,0,-1,-1
6614,0,-1,0
6615,0,-1,-1
6616,1,-1,0
6617,1,-1,0
6618,0,-1,0
6619,1,-1,0
6620,1,-1,-1
6621,1,-1,0
6622,0,-1,0
6623,1,-1,-1
6624,0,-1,0
6625,1,-1,-1
6626,0,-1,-1
6627,1,-1,0
6628,0,-1,0
6629,1,-1,0
6630,0,-1,0
6631,0,-1,0
6632,1,-1,-1
6633,1,-1,0
6634,1,-1,-1
6635,1,-1,-1
6636,0,-1,-1
6637,1,-1,0
6638,0,-1,0
6639,0,-1,-1
6640,1,-1,0
6641,0,-1,0
6642,1,-1,-1
6643,1,-1,-1
6644,1,-1,-1
6645,1,-1,-1
6646,0,-1,0
6647,1,-1,-1
6648,1,-1,-1
6649,0,-1,-1
6650,1,-1,0
6651,0,-1,-1
6652,1,-1,0
6653,0,-1,-1
6654,1,-1,0
6655,0,-1,0
6656,1,-1,-1
6657,1,-1,0
6658,0,-1,0
6659,0,-1,-1
6660,1,-1,-1
6661,1,-1,-1
6662,1,-1,-1
6663,0,-1,-1
6664,1,-1,-1
6665,1,-1,0
6666,0,-1,0
6667,0,-1,-1
6668,1,-1,0
6669,1,-1,0
6670,1,-1,0
6671,0,-1,-1
6672,0,-1,-1
6673,0,-1,0
6674,0,-1,0
6675,0,-1,0
6676,1,-1,0
6677,1,-1,0
6678,1,-1,0
6679,1,-1,0
6680,0,-1,-1
6681,0,-1,0
6682,1,-1,-1
6683,1,-1,0
6684,0,-1,-1
6685,1,-1,0
6686,1,-1,0
6687,1,-1,-1
6688,1,-1,-1
6689,0,-1,-1
6690,0,-1,-1
6691,0,-1,-1
6692,1,-1,0
6693,0,-1,0
6694,0,-1,-1
6695,1,-1,-1
6696,1,-1,0
6697,0,-1,0
6698,0,-1,-1
6699,1,-1,-1
6700,1,-1,-1
6701,1,-1,0
6702,1,-1,0
6703,1,-1,-1
6704,0,-1,0
6705,0,-1,0
6706,0,-1,-1
6707,0,-1,0
6708,1,-1,0
6709,0,-1,-1
6710,1,-1,0
6711,1,-1,-1
6712,1,-1,0
6713,1,-1,0
6714,1,-1,0
6715,1,-1,0
6716,1,-1,0
6717,1,-1,0
6718,1,-1,-1
6719,0,-1,-1
6720,0,-1,-1
6721,0,-1,-1
6722,1,-1,-1
6723,1,-1,-1
6724,0,-1,0
6725,1,-1,-1
6726,0,-1,0
6727,0,-1,0
6728,0,-1,0
6729,1,-1,-1
6730,0,-1,0
6731,0,-1,-1
6732,0,-1,-1
6733,0,-1,0
6734,0,-1,0
6735,0,-1,-1
6736,1,-1,-1
6737,1,-1,-1
6738,0,-1,-1
6739,0,-1,0
6740,1,-1,-1
6741,0,-1,0
6742,1,-1,-1
6743,0,-1,0
6744,0,-1,0
6745,0,-1,0
6746,0,-1,0
6747,0,-1,-1
6748,1,-1,-1
6749,1,-1,-1
6750,1,-1,-1
6751,1,-1,-1
6752,0,-1,-1
6753,0,-1,-1
6754,0,-1,0
6755,1,-1,0
6756,0,-1,-1
6757,0,-1,0
6758,0,-1,0
6759,0,-1,0
6760,1,-1,0
6761,1,-1,-1
6762,1,-1,-1
6763,1,-1,0
6764,0,-1,0
6765,0,-1,0
6766,0,-1,-1
6767,0,-1,0
6768,0,-1,0
6769,1,-1,-1
6770,0,-1,-1
6771,0,-1,-1
6772,0,-1,0
6773,0,-1,-1
6774,0,-1,0
6775,1,-1,0
6776,1,-1,-1
6777,0,-1,-1
6778,1,-1,-1
6779,0,-1,0
6780,0,-1,-1
6781,1,-1,0
6782,1,-1,0
6783,0,-1,0
6784,1,-1,-1
6785,0,-1,-1
6786,0,-1,0
6787,1,-1,0
6788,0,-1,0
6789,0,-1,-1
6790,1,-1,0
6791,1,-1,0
6792,0,-1,0
6793,1,-1,0
6794,1,-1,-1
6795,1,-1,0
6796,1,-1,-1
6797,1,-1,-1
6798,0,-1,-1
6799,1,-1,-1
6800,1,-1,0
6801,0,-1,0
6802,1,-1,0
6803,1,-1,-1
6804,0,-1,0
6805,1,-1,0
6806,1,-1,0
6807,1,-1,-1
6808,1,-1,0
6809,0,-1,0
6810,0,-1,0
6811,1,-1,0
6812,0,-1,0
6813,1,-1,-1
6814,0,-1,-1
6815,0,-1,0
6816,0,-1,-1
6817,0,-1,0
6818,0,-1,0
6819,1,-1,0
6820,1,-1,-1
6821,0,-1,-1
6822,1,-1,0
6823,0,-1,0
6824,1,-1,0
6825,1,-1,0
6826,1,-1,-1
6827,0,-1,-1
6828,1,-1,-1
6829,0,-1,-1
6830,0,-1,-1
6831,0,-1,-1
6832,1,-1,-1
6833,0,-1,-1
6834,1,-1,-1
6835,0,-1,-1
6836,1,-1,-1
6837,0,-1,-1
6838,1,-1,-1
6839,0,-1,-1
6840,0,-1,0
6841,1,-1,0
6842,0,-1,0
6843,1,-1,-1
6844,1,-1,-1
6845,0,-1,0
6846,1,-1,0
6847,1,-1,0
6848,0,-1,0
6849,0,-1,0
6850,0,-1,-1
6851,1,-1,-1
6852,0,-1,0
6853,1,-1,0
6854,0,-1,0
6855,1,-1,0
6856,0,-1,0
6857,1,-1,0
6858,0,-1,-1
6859,1,-1,0
6860,1,-1,-1
6861,1,-1,-1
6862,1,-1,-1
6863,0,-1,-1
6864,0,-1,-1
6865,1,-1,0
6866,0,-1,-1
6867,1,-1,0
6868,0,-1,0
6869,0,-1,0
6870,0,-1,-1
6871,0,-1,-1
6872,1,-1,-1
6873,0,-1,0
6874,1,-1,0
6875,1,-1,-1
6876,0,-1,-1
6877,1,-1,-1
6878,0,-1,-1
6879,1,-1,-1
6880,1,-1,-1
6881,0,-1,-1
6882,1,-1,0
6883,1,-1,-1
6884,1,-1,0
6885,1,-1,-1
6886,0,-1,0
6887,1,-1,-1
6888,1,-1,-1
6889,1,-1,0
6890,0,-1,0
6891,0,-1,0
6892,1,-1,-1
6893,1,-1,0
6894,1,-1,-1
6895,0,-1,0
6896,0,-1,0
6897,1,-1,-1
6898,0,-1,-1
6899,0,-1,0
6900,1,-1,0
6901,0,-1,0
6902,1,-1,0
6903,0,-1,0
6904,1,-1,0
6905,0,-1,-1
6906,1,-1,0
6907,1,-1,0
6908,1,-1,0
6909,1,-1,0
6910,0,-1,0
6911,0,-1,-1
6912,1,-1,0
6913,0,-1,-1
6914,0,-1,0
6915,1,-1,0
6916,1,-1,-1
6917,1,-1,0
6918,1,-1,0
6919,0,-1,0
6920,1,-1,0
6921,0,-1,0
6922,1,-1,0
6923,0,-1,-1
6924,0,-1,0
6925,1,-1,-1
6926,0,-1,-1
6927,1,-1,0
6928,0,-1,0
6929,1,-1,0
6930,1,-1,0
6931,0,-1,-1
6932,1,-1,-1
6933,0,-1,-1
6934,0,-1,-1
6935,1,-1,-1
6936,1,-1,-1
6937,0,-1,0
6938,1,-1,-1
6939,1,-1,-1
6940,0,-1,0
6941,1,-1,0
6942,1,-1,-1
6943,0,-1,0
6944,1,-1,-1
6945,0,-1,-1
6946,1,-1,0
6947,1,-1,0
6948,1,-1,0
6949,0,-1,-1
6950,0,-1,0
6951,0,-1,-1
6952,1,-1,-1
6953,1,-1,0
6954,0,-1,-1
6955,0,-1,0
6956,0,-1,-1
6957,1,-1,0
6958,0,-1,-1
6959,0,-1,0
6960,1,-1,-1
6961,0,-1,0
6962,0,-1,0
6963,1,-1,0
6964,1,-1,-1
6965,1,-1,0
6966,0,-1,-1
6967,0,-1,0
6968,1,-1,-1
6969,0,-1,0
6970,1,-1,0
6971,0,-1,0
6972,1,-1,-1
6973,1,-1,-1
6974,1,-1,0
6975,0,-1,0
6976,0,-1,-1
6977,0,-1,0
6978,1,-1,-1
6979,1,-1,-1
6980,1,-1,-1
6981,0,-1,0
6982,0,-1,-1
6983,0,-1,0
6984,0,-1,-1
6985,0,-1,0
6986,0,-1,-1
6987,0,-1,-1
6988,1,-1,-1
6989,0,-1,-1
6990,0,-1,-1
6991,1,-1,0
6992,0,-1,-1
6993,0,-1,0
6994,0,-1,0
6995,1,-1,0
6996,0,-1,0
6997,0,-1,-1
6998,0,-1,-1
6999,0,-1,0
7000,1,-1,0
7001,0,-1,0
7002,1,-1,-1
7003,0,-1,0
7004,1,-1,-1
7005,0,-1,-1
7006,0,-1,0
7007,1,-1,0
7008,1,-1,-1
7009,1,-1,0
7010,0,-1,0
7011,1,-1,-1
7012,0,-1,0
7013,0,-1,-1
7014,0,-1,0
7015,1,-1,-1
7016,1,-1,-1
7017,0,-1,-1
7018,0,-1,0
7019,1,-1,-1
7020,0,-1,-1
7021,0,-1,-1
7022,0,-1,0
7023,1,-1,-1
7024,0,-1,0
7025,1,-1,-1
7026,1,-1,0
7027,1,-1,-1
7028,0,-1,0
7029,0,-1,-1
7030,0,-1,0
7031,0,-1,-1
7032,0,-1,0
7033,1,-1,-1
7034,1,-1,-1
7035,1,-1,0
7036,0,-1,-1
7037,0,-1,0
7038,1,-1,0
7039,1,-1,-1
7040,1,-1,0
7041,0,-1,0
7042,0,-1,0
7043,0,-1,-1
7044,1,-1,-1
7045,1,-1,0
7046,0,-1,0
7047,0,-1,0
7048,1,-1,0
7049,1,-1,-1
7050,1,-1,0
7051,1,-1,-1
7052,0,-1,0
7053,1,-1,0
7054,1,-1,-1
7055,0,-1,0
7056,1,-1,-1
7057,1,-1,0
7058,1,-1,-1
7059,0,-1,-1
7060,0,-1,0
7061,0,-1,0
7062,1,-1,0
7063,0,-1,-1
7064,1,-1,0
7065,1,-1,-1
7066,0,-1,-1
7067,1,-1,-1
7068,1,-1,0
7069,0,-1,-1
7070,1,-1,-1
7071,1,-1,0
7072,1,-1,-1
7073,0,-1,0
7074,0,-1,-1
7075,0,-1,-1
7076,0,-1,0
7077,0,-1,-1
7078,1,-1,-1
7079,0,-1,-1
7080,0,-1,-1
7081,0,-1,0
7082,1,-1,-1
7083,1,-1,-1
7084,0,-1,-1
7085,0,-1,0
7086,0,-1,0
7087,1,-1,0
7088,0,-1,-1
7089,0,-1,0
7090,1,-1,-1
7091,1,-1,0
7092,1,-1,-1
7093,1,-1,-1
7094,0,-1,0
7095,0,-1,0
7096,0,-1,0
7097,0,-1,0
7098,0,-1,-1
7099,0,-1,0
7100,1,-1,0
7101,1,-1,-1
7102,0,-1,0
7103,1,-1,0
7104,0,-1,0
7105,1,-1,-1
7106,1,-1,0
7107,0,-1,0
7108,1,-1,-1
7109,0,-1,0
7110,0,-1,-1
7111,0,-1,0
7112,1,-1,-1
7113,0,-1,-1
7114,1,-1,-1
7115,0,-1,-1
7116,0,-1,-1
7117,0,-1,-1
7118,0,-1,-1
7119,1,-1,-1
7120,0,-1,-1
7121,1,-1,-1
7122,1,-1,-1
7123,1,-1,-1
7124,0,-1,-1
7125,1,-1,-1
7126,1,-1,0
7127,1,-1,0
7128,0,-1,-1
7129,1,-1,0
7130,0,-1,0
7131,0,-1,0
7132,0,-1,0
7133,1,-1,-1
7134,0,-1,0
7135,0,-1,-1
7136,1,-1,0
7137,1,-1,0
7138,1,-1,0
7139,1,-1,0
7140,1,-1,-1
7141,0,-1,0
7142,0,-1,-1
7143,1,-1,0
7144,1,-1,0
7145,1,-1,0
7146,1,-1,0
7147,0,-1,0
7148,1,-1,-1
7149,1,-1,-1
7150,1,-1,0
7151,1,-1,-1
7152,0,-1,0
7153,1,-1,0
7154,0,-1,0
7155,0,-1,-1
7156,0,-1,-1
7157,1,-1,-1
7158,1,-1,0
7159,0,-1,-1
7160,0,-1,-1
7161,1,-1,0
7162,0,-1,0
7163,1,-1,-1
7164,1,-1,0
7165,1,-1,-1
7166,0,-1,0
7167,1,-1,-1
7168,0,-1,-1
7169,0,-1,0
7170,1,-1,-1
7171,0,-1,-1
7172,0,-1,-1
7173,1,-1,0
7174,0,-1,0
7175,1,-1,-1
7176,1,-1,0
7177,0,-1,-1
7178,0,-1,0
7179,1,-1,-1
7180,0,-1,-1
7181,1,-1,0
7182,1,-1,-1
7183,1,-1,-1
7184,1,-1,0
7185,1,-1,0
7186,0,-1,0
7187,1,-1,-1
7188,1,-1,-1
7189,0,-1,0
7190,0,-1,0
7191,0,-1,-1
7192,1,-1,0
7193,1,-1,0
7194,1,-1,-1
7195,1,-1,-1
7196,0,-1,0
7197,1,-1,0
7198,0,-1,0
7199,1,-1,0
7200,0,-1,0
7201,0,-1,-1
7202,1,-1,0
7203,0,-1,0
7204,0,-1,-1
7205,0,-1,-1
7206,1,-1,-1
7207,1,-1,0
7208,0,-1,0
7209,0,-1,-1
7210,0,-1,-1
7211,1,-1,0
7212,1,-1,-1
7213,0,-1,-1
7214,1,-1,0
7215,0,-1,-1
7216,1,-1,0
7217,0,-1,-1
7218,1,-1,0
7219,1,-1,0
7220,1,-1,-1
7221,1,-1,0
7222,1,-1,0
7223,1,-1,0
7224,0,-1,0
7225,1,-1,0
7226,0,-1,0
7227,0,-1,0
7228,1,-1,-1
7229,1,-1,-1
7230,0,-1,-1
7231,1,-1,0
7232,0,-1,-1
7233,0,-1,0
7234,0,-1,-1
7235,1,-1,0
7236,0,-1,0
7237,1,-1,-1
7238,1,-1,0
7239,1,-1,0
7240,1,-1,-1
7241,1,-1,0
7242,0,-1,-1
7243,1,-1,-1
7244,1,-1,-1
7245,1,-1,-1
7246,0,-1,0
7247,1,-1,-1
7248,1,-1,-1
7249,1,-1,-1
7250,0,-1,-1
7251,1,-1,-1
7252,1,-1,0
7253,0,-1,-1
7254,1,-1,0
7255,0,-1,-1
7256,0,-1,0
7257,0,-1,-1
7258,1,-1,-1
7259,1,-1,-1
7260,1,-1,-1
7261,0,-1,0
7262,1,-1,0
7263,0,-1,-1
7264,0,-1,-1
7265,0,-1,0
7266,1,-1,-1
7267,0,-1,0
7268,0,-1,0
7269,0,-1,-1
7270,1,-1,0
7271,1,-1,-1
7272,0,-1,0
7273,0,-1,-1
7274,0,-1,0
7275,1,-1,-1
7276,0,-1,0
7277,1,-1,-1
7278,0,-1,-1
7279,1,-1,-1
7280,1,-1,0
7281,0,-1,-1
7282,0,-1,0
7283,0,-1,-1
7284,0,-1,-1
7285,1,-1,0
7286,1,-1,0
7287,0,-1,-1
7288,1,-1,0
7289,1,-1,-1
7290,1,-1,-1
7291,0,-1,0
7292,0,-1,-1
7293,1,-1,-1
7294,1,-1,-1
7295,0,-1,-1
7296,0,-1,0
7297,0,-1,-1
7298,1,-1,-1
7299,0,-1,0
7300,1,-1,-1
7301,0,-1,1
7302,0,-1,-1
7303,0,-1,-1
7304,1,-1,-1
7305,0,-1,0
7306,0,-1,-1
7307,1,-1,-1
7308,0,-1,0
7309,1,-1,-1
7310,0,-1,-1
7311,0,-1,0
7312,0,-1,0
7313,1,-1,0
7314,0,-1,-1
7315,0,-1,0
7316,1,-1,-1
7317,0,-1,0
7318,0,-1,-1
7319,1,-1,0
7320,0,-1,-1
7321,1,-1,0
7322,0,-1,-1
7323,1,-1,-1
7324,0,-1,0
7325,0,-1,-1
7326,0,-1,0
7327,1,-1,-1
7328,1,-1,0
7329,0,-1,-1
7330,0,-1,-1
7331,0,-1,0
7332,1,-1,0
7333,1,-1,-1
7334,1,-1,0
7335,0,-1,0
7336,0,-1,0
7337,1,-1,0
7338,0,-1,-1
7339,1,-1,-1
7340,1,-1,-1
7341,1,-1,0
7342,1,-1,0
7343,0,-1,-1
7344,1,-1,-1
7345,1,-1,0
7346,0,-1,-1
7347,0,-1,-1
7348,1,-1,-1
7349,0,-1,0
7350,0,-1,0
7351,1,-1,-1
7352,1,-1,0
7353,0,-1,0
7354,1,-1,0
7355,1,-1,0
7356,1,-1,0
7357,0,-1,-1
7358,1,-1,-1
7359,0,-1,0
7360,0,-1,0
7361,1,-1,0
7362,1,-1,0
7363,1,-1,-1
7364,0,-1,0
7365,1,-1,-1
7366,0,-1,0
7367,1,-1,0
7368,0,-1,0
7369,1,-1,-1
7370,0,-1,0
7371,1,-1,0
7372,1,-1,-1
7373,1,-1,0
7374,0,-1,0
7375,1,-1,-1
7376,0,-1,-1
7377,0,-1,0
7378,0,-1,0
7379,0,-1,-1
7380,0,-1,-1
7381,1,-1,-1
7382,0,-1,-1
7383,1,-1,-1
7384,0,-1,0
7385,1,-1,0
7386,1,-1,-1
7387,1,-1,0
7388,0,-1,-1
7389,0,-1,-1
7390,0,-1,-1
7391,1,-1,0
7392,0,-1,-1
7393,0,-1,-1
7394,1,-1,0
7395,1,-1,0
7396,0,-1,-1
7397,0,-1,0
7398,0,-1,0
7399,1,-1,-1
7400,1,-1,-1
7401,0,-1,0
7402,1,-1,0
7403,1,-1,0
7404,0,-1,-1
7405,0,-1,-1
7406,1,-1,0
7407,1,-1,0
7408,0,-1,0
7409,0,-1,0
7410,0,-1,-1
7411,1,-1,-1
7412,0,-1,-1
7413,0,-1,0
7414,1,-1,-1
7415,1,-1,0
7416,0,-1,0
7417,1,-1,-1
7418,1,-1,-1
7419,0,-1,0
7420,1,-1,-1
7421,0,-1,-1
7422,1,-1,0
7423,0,-1,0
7424,0,-1,-1
7425,1,-1,-1
7426,0,-1,-1
7427,0,-1,0
7428,1,-1,0
7429,1,-1,-1
7430,1,-1,0
7431,1,-1,0
7432,0,-1,-1
7433,1,-1,-1
7434,1,-1,-1
7435,1,-1,0
7436,1,-1,0
7437,0,-1,0
7438,1,-1,0
7439,0,-1,-1
7440,1,-1,0
7441,0,-1,0
7442,1,-1,-1
7443,0,-1,0
7444,0,-1,0
7445,0,-1,0
7446,0,-1,-1
7447,1,-1,0
7448,1,-1,0
7449,0,-1,-1
7450,0,-1,-1
7451,0,-1,-1
7452,0,-1,0
7453,0,-1,0
7454,0,-1,-1
7455,1,-1,0
7456,1,-1,0
7457,1,-1,-1
7458,1,-1,0
7459,1,-1,0
7460,0,-1,0
7461,1,-1,0
7462,0,-1,0
7463,0,-1,-1
7464,1,-1,-1
7465,0,-1,-1
7466,0,-1,-1
7467,0,-1,0
7468,1,-1,-1
7469,1,-1,-1
7470,1,-1,-1
7471,0,-1,-1
7472,1,-1,0
7473,1,-1,-1
7474,1,-1,0
7475,1,-1,0
7476,0,-1,0
7477,0,-1,-1
7478,1,-1,0
7479,1,-1,-1
7480,0,-1,0
7481,1,-1,0
7482,0,-1,0
7483,1,-1,0
7484,1,-1,0
7485,0,-1,0
7486,0,-1,-1
7487,1,-1,0
7488,1,-1,0
7489,1,-1,0
7490,1,-1,-1
7491,1,-1,0
7492,0,-1,0
7493,1,-1,-1
7494,1,-1,0
7495,1,-1,-1
7496,0,-1,0
7497,0,-1,0
7498,1,-1,-1
7499,0,-1,0
7500,0,-1,-1
7501,1,-1,0
7502,0,-1,0
7503,1,-1,-1
7504,0,-1,0
7505,0,-1,0
7506,0,-1,0
7507,0,-1,0
7508,1,-1,-1
7509,1,-1,0
7510,0,-1,0
7511,1,-1,-1
7512,0,-1,0
7513,1,-1,0
7514,1,-1,-1
7515,1,-1,0
7516,0,-1,-1
7517,1,-1,0
7518,0,-1,-1
7519,1,-1,-1
7520,1,-1,0
7521,0,-1,0
7522,1,-1,-1
7523,1,-1,-1
7524,1,-1,-1
7525,0,-1,-1
7526,0,-1,0
7527,1,-1,0
7528,0,-1,-1
7529,1,-1,0
7530,1,-1,0
7531,1,-1,0
7532,1,-1,0
7533,1,-1,0
7534,0,-1,0
7535,1,-1,0
7536,1,-1,0
7537,1,-1,-1
7538,0,-1,-1
7539,1,-1,0
7540,0,-1,0
7541,0,-1,-1
7542,1,-1,-1
7543,1,-1,-1
7544,0,-1,-1
7545,1,-1,0
7546,0,-1,0
7547,1,-1,0
7548,1,-1,0
7549,1,-1,-1
7550,1,-1,-1
7551,1,-1,0
7552,0,-1,-1
7553,1,-1,0
7554,1,-1,0
7555,1,-1,-1
7556,0,-1,0
7557,0,-1,-1
7558,0,-1,-1
7559,0,-1,0
7560,0,-1,0
7561,1,-1,0
7562,1,-1,-1
7563,1,-1,0
7564,0,-1,0
7565,0,-1,-1
7566,1,-1,0
7567,1,-1,-1
7568,1,-1,-1
7569,0,-1,-1
7570,0,-1,0
7571,1,-1,0
7572,0,-1,-1
7573,1,-1,-1
7574,1,-1,-1
7575,1,-1,-1
7576,0,-1,-1
7577,1,-1,-1
7578,0,-1,-1
7579,1,-1,0
7580,0,-1,0
7581,1,-1,-1
7582,0,-1,0
7583,1,-1,0
7584,0,-1,-1
7585,1,-1,0
7586,0,-1,0
7587,0,-1,0
7588,0,-1,0
7589,0,-1,-1
7590,0,-1,-1
7591,0,-1,-1
7592,0,-1,-1
7593,0,-1,-1
7594,0,-1,0
7595,1,-1,0
7596,1,-1,0
7597,1,-1,-1
7598,1,-1,-1
7599,1,-1,-1
7600,1,-1,-1
7601,1,-1,0
7602,0,-1,0
7603,0,-1,-1
7604,0,-1,-1
7605,0,-1,0
7606,0,-1,-1
7607,0,-1,-1
7608,1,-1,-1
7609,0,-1,0
7610,1,-1,-1
7611,1,-1,-1
7612,0,-1,-1
7613,1,-1,-1
7614,1,-1,-1
7615,1,-1,0
7616,0,-1,0
7617,1,-1,0
7618,1,-1,-1
7619,0,-1,-1
7620,0,-1,-1
7621,1,-1,0
7622,1,-1,-1
7623,1,-1,-1
7624,0,-1,0
7625,1,-1,-1
7626,1,-1,0
7627,1,-1,-1
7628,1,-1,-1
7629,0,-1,-1
7630,1,-1,0
7631,0,-1,-1
7632,1,-1,-1
7633,1,-1,0
7634,0,-1,0
7635,0,-1,-1
7636,1,-1,0
7637,1,-1,-1
7638,0,-1,0
7639,1,-1,-1
7640,0,-1,0
7641,0,-1,-1
7642,1,-1,-1
7643,0,-1,-1
7644,0,-1,-1
7645,1,-1,0
7646,1,-1,-1
7647,0,-1,-1
7648,0,-1,0
7649,1,-1,-1
7650,0,-1,-1
7651,0,-1,0
7652,1,-1,0
7653,1,-1,-1
7654,1,-1,0
7655,1,-1,-1
7656,1,-1,-1
7657,1,-1,-1
7658,1,-1,-1
7659,0,-1,-1
7660,0,-1,0
7661,0,-1,0
7662,1,-1,0
7663,0,-1,0
7664,0,-1,-1
7665,1,-1,-1
7666,1,-1,-1
7667,0,-1,-1
7668,1,-1,0
7669,1,-1,0
7670,1,-1,-1
7671,0,-1,0
7672,1,-1,0
7673,0,-1,0
7674,0,-1,0
7675,1,-1,-1
7676,1,-1,0
7677,1,-1,0
7678,1,-1,-1
7679,1,-1,0
7680,0,-1,0
7681,0,-1,0
7682,1,-1,-1
7683,1,-1,0
7684,1,-1,-1
7685,1,-1,-1
7686,0,-1,0
7687,0,-1,-1
7688,0,-1,0
7689,0,-1,0
7690,0,-1,0
7691,1,-1,-1
7692,1,-1,0
7693,0,-1,-1
7694,1,-1,0
7695,0,-1,0
7696,1,-1,-1
7697,0,-1,-1
7698,0,-1,0
7699,1,-1,-1
7700,1,-1,0
7701,1,-1,-1
7702,1,-1,-1
7703,0,-1,0
7704,0,-1,-1
7705,1,-1,0
7706,0,-1,-1
7707,1,-1,0
7708,0,-1,-1
7709,1,-1,-1
7710,1,-1,-1
7711,1,-1,0
7712,1,-1,0
7713,1,-1,-1
7714,1,-1,0
7715,0,-1,0
7716,0,-1,-1
7717,0,-1,0
7718,1,-1,-1
7719,0,-1,0
7720,0,-1,-1
7721,0,-1,-1
7722,0,-1,0
7723,1,-1,0
7724,0,-1,0
7725,1,-1,0
7726,0,-1,-1
7727,1,-1,-1
7728,0,-1,-1
7729,1,-1,-1
7730,0,-1,0
7731,1,-1,-1
7732,1,-1,-1
7733,0,-1,0
7734,1,-1,-1
7735,1,-1,-1
7736,0,-1,0
7737,0,-1,0
7738,1,-1,0
7739,0,-1,-1
7740,0,-1,0
7741,0,-1,-1
7742,0,-1,0
7743,0,-1,-1
7744,1,-1,0
7745,1,-1,-1
7746,0,-1,-1
7747,0,-1,-1
7748,1,-1,0
7749,1,-1,-1
7750,1,-1,0
7751,1,-1,-1
7752,1,-1,0
7753,0,-1,0
7754,1,-1,0
7755,1,-1,0
7756,0,-1,-1
7757,0,-1,-1
7758,0,-1,-1
7759,0,-1,0
7760,0,-1,0
7761,1,-1,0
7762,1,-1,0
7763,1,-1,-1
7764,1,-1,-1
7765,0,-1,0
7766,0,-1,0
7767,1,-1,0
7768,0,-1,0
7769,1,-1,0
7770,0,-1,0
7771,0,-1,-1
7772,0,-1,0
7773,0,-1,-1
7774,1,-1,-1
7775,0,-1,-1
7776,0,-1,0
7777,1,-1,-1
7778,1,-1,-1
7779,1,-1,-1
7780,0,-1,0
7781,0,-1,-1
7782,1,-1,0
7783,1,-1,-1
7784,1,-1,0
7785,1,-1,0
7786,1,-1,0
7787,0,-1,0
7788,1,-1,0
7789,1,-1,-1
7790,0,-1,0
7791,1,-1,0
7792,1,-1,-1
7793,1,-1,0
7794,1,-1,-1
7795,0,-1,0
7796,1,-1,-1
7797,1,-1,-1
7798,1,-1,0
7799,0,-1,-1
7800,1,-1,-1
7801,0,-1,-1
7802,0,-1,-1
7803,1,-1,-1
7804,1,-1,-1
7805,0,-1,0
7806,0,-1,-1
7807,0,-1,0
7808,0,-1,0
7809,0,-1,-1
7810,0,-1,0
7811,0,-1,0
7812,1,-1,-1
7813,0,-1,0
7814,1,-1,0
7815,1,-1,0
7816,0,-1,0
7817,1,-1,-1
7818,0,-1,0
7819,0,-1,0
7820,1,-1,0
7821,0,-1,0
7822,0,-1,0
7823,1,-1,0
7824,0,-1,0
7825,1,-1,-1
7826,0,-1,0
7827,1,-1,0
7828,1,-1,-1
7829,0,-1,0
7830,0,-1,-1
7831,0,-1,0
7832,0,-1,0
7833,1,-1,-1
7834,1,-1,0
7835,1,-1,-1
7836,1,-1,-1
7837,1,-1,0
7838,0,-1,-1
7839,1,-1,-1
7840,0,-1,0
7841,0,-1,0
7842,1,-1,-1
7843,0,-1,-1
7844,1,-1,0
7845,0,-1,0
7846,0,-1,0
7847,1,-1,-1
7848,1,-1,0
7849,1,-1,-1
7850,0,-1,0
7851,1,-1,0
7852,0,-1,-1
7853,0,-1,0
7854,1,-1,-1
7855,1,-1,0
7856,0,-1,0
7857,0,-1,-1
7858,1,-1,-1
7859,0,-1,-1
7860,0,-1,-1
7861,1,-1,0
7862,0,-1,0
7863,1,-1,-1
7864,0,-1,0
7865,0,-1,0
7866,1,-1,0
7867,1,-1,-1
7868,0,-1,-1
7869,0,-1,0
7870,0,-1,-1
7871,0,-1,-1
7872,0,-1,0
7873,1,-1,-1
7874,1,-1,-1
7875,1,-1,0
7876,1,-1,0
7877,0,-1,-1
7878,0,-1,0
7879,0,-1,0
7880,1,-1,0
7881,0,-1,0
7882,0,-1,-1
7883,0,-1,0
7884,0,-1,0
7885,0,-1,0
7886,0,-1,-1
7887,1,-1,0
7888,1,-1,-1
7889,0,-1,-1
7890,1,-1,0
7891,0,-1,-1
7892,0,-1,-1
7893,0,-1,0
7894,1,-1,0
7895,0,-1,0
7896,0,-1,0
7897,0,-1,-1
7898,1,-1,0
7899,0,-1,-1
7900,1,-1,0
7901,1,-1,0
7902,0,-1,-1
7903,1,-1,-1
7904,1,-1,-1
7905,1,-1,-1
7906,0,-1,0
7907,1,-1,0
7908,0,-1,0
7909,1,-1,0
7910,1,-1,0
7911,1,-1,-1
7912,1,-1,-1
7913,1,-1,0
7914,0,-1,0
7915,1,-1,-1
7916,0,-1,0
7917,0,-1,0
7918,0,-1,-1
7919,1,-1,-1
7920,0,-1,0
7921,0,-1,0
7922,1,-1,0
7923,1,-1,-1
7924,1,-1,-1
7925,1,-1,0
7926,0,-1,-1
7927,0,-1,0
7928,0,-1,-1
7929,1,-1,0
7930,0,-1,0
7931,0,-1,-1
7932,1,-1,-1
7933,0,-1,0
7934,0,-1,-1
7935,1,-1,-1
7936,0,-1,-1
7937,0,-1,-1
7938,0,-1,-1
7939,0,-1,-1
7940,0,-1,-1
7941,1,-1,-1
7942,1,-1,0
7943,0,-1,-1
7944,1,-1,-1
7945,0,-1,-1
7946,1,-1,0
7947,0,-1,-1
7948,1,-1,0
7949,0,-1,-1
7950,0,-1,0
7951,0,-1,0
7952,0,-1,0
7953,1,-1,-1
7954,0,-1,-1
7955,0,-1,-1
7956,0,-1,0
7957,1,-1,-1
7958,0,-1,0
7959,0,-1,0
7960,0,-1,0
7961,0,-1,-1
7962,1,-1,0
7963,0,-1,-1
7964,0,-1,-1
7965,0,-1,-1
7966,0,-1,-1
7967,1,-1,0
7968,0,-1,0
7969,0,-1,-1
7970,0,-1,0
7971,0,-1,-1
7972,0,-1,0
7973,1,-1,-1
7974,1,-1,-1
7975,1,-1,-1
7976,0,-1,0
7977,1,-1,0
7978,1,-1,-1
7979,1,-1,0
7980,0,-1,-1
7981,1,-1,0
7982,1,-1,0
7983,0,-1,-1
7984,1,-1,0
7985,0,-1,0
7986,1,-1,-1
7987,0,-1,0
7988,1,-1,0
7989,0,-1,0
7990,1,-1,0
7991,1,-1,-1
7992,1,-1,0
7993,1,-1,0
7994,1,-1,-1
7995,1,-1,-1
7996,0,-1,-1
7997,0,-1,-1
7998,0,-1,-1
7999,1,-1,-1
8000,1,-1,0
8001,1,-1,-1
8002,0,-1,-1
8003,1,-1,-1
8004,1,-1,-1
8005,1,-1,0
8006,1,-1,-1
8007,0,-1,0
8008,0,-1,-1
8009,0,-1,0
8010,0,-1,-1
8011,1,-1,0
8012,0,-1,-1
8013,0,-1,-1
8014,1,-1,-1
8015,1,-1,-1
8016,1,-1,-1
8017,0,-1,-1
8018,0,-1,0
8019,1,-1,0
8020,1,-1,-1
8021,0,-1,0
8022,0,-1,-1
8023,1,-1,0
8024,1,-1,-1
8025,1,-1,-1
8026,0,-1,-1
8027,1,-1,0
8028,0,-1,0
8029,1,-1,0
8030,1,-1,-1
8031,1,-1,-1
8032,1,-1,0
8033,1,-1,-1
8034,0,-1,0
8035,1,-1,0
8036,0,-1,0
8037,0,-1,0
8038,1,-1,0
8039,1,-1,0
8040,0,-1,-1
8041,1,-1,0
8042,0,-1,0
8043,0,-1,-1
8044,0,-1,-1
8045,0,-1,0
8046,0,-1,-1
8047,1,-1,0
8048,1,-1,-1
8049,1,-1,-1
8050,0,-1,0
8051,1,-1,-1
8052,1,-1,0
8053,0,-1,-1
8054,0,-1,-1
8055,1,-1,-1
8056,1,-1,0
8057,1,-1,0
8058,1,-1,0
8059,0,-1,0
8060,1,-1,-1
8061,0,-1,0
8062,1,-1,-1
8063,1,-1,-1
8064,1,-1,0
8065,1,-1,-1
8066,1,-1,0
8067,0,-1,0
8068,1,-1,0
8069,1,-1,-1
8070,1,-1,0
8071,0,-1,0
8072,1,-1,-1
8073,1,-1,-1
8074,1,-1,-1
8075,1,-1,-1
8076,1,-1,-1
8077,0,-1,0
8078,0,-1,-1
8079,0,-1,0
8080,1,-1,0
8081,0,-1,0
8082,1,-1,-1
8083,1,-1,0
8084,1,-1,0
8085,1,-1,-1
8086,1,-1,-1
8087,1,-1,-1
8088,1,-1,-1
8089,0,-1,-1
8090,1,-1,0
8091,1,-1,-1
8092,0,-1,0
8093,0,-1,-1
8094,1,-1,-1
8095,1,-1,-1
8096,1,-1,0
8097,0,-1,0
8098,1,-1,-1
8099,1,-1,-1
8100,0,-1,-1
8101,0,-1,-1
8102,0,-1,0
8103,0,-1,-1
8104,1,-1,0
8105,1,-1,-1
8106,1,-1,0
8107,1,-1,0
8108,0,-1,-1
8109,1,-1,0
8110,1,-1,0
8111,1,-1,-1
8112,0,-1,0
8113,1,-1,-1
8114,0,-1,-1
8115,1,-1,0
8116,0,-1,-1
8117,1,-1,-1
8118,1,-1,-1
8119,1,-1,0
8120,0,-1,0
8121,0,-1,-1
8122,1,-1,-1
8123,1,-1,0
8124,1,-1,-1
8125,1,-1,-1
8126,0,-1,0
8127,1,-1,-1
8128,1,-1,0
8129,0,-1,0
8130,0,-1,0
8131,1,-1,-1
8132,0,-1,-1
8133,1,-1,-1
8134,0,-1,-1
8135,0,-1,0
8136,0,-1,-1
8137,0,-1,-1
8138,1,-1,-1
8139,0,-1,-1
8140,0,-1,-1
8141,1,-1,0
8142,0,-1,0
8143,1,-1,-1
8144,0,-1,0
8145,0,-1,-1
8146,0,-1,0
8147,0,-1,0
8148,0,-1,0
8149,0,-1,-1
8150,1,-1,0
8151,1,-1,0
8152,1,-1,0
8153,0,-1,-1
8154,0,-1,0
8155,0,-1,0
8156,0,-1,0
8157,0,-1,0
8158,0,-1,-1
8159,1,-1,0
8160,0,-1,-1
8161,1,-1,-1
8162,0,-1,0
8163,0,-1,-1
8164,1,-1,-1
8165,1,-1,0
8166,1,-1,0
8167,0,-1,0
8168,0,-1,-1
8169,0,-1,0
8170,0,-1,0
8171,1,-1,0
8172,1,-1,-1
8173,1,-1,0
8174,0,-1,-1
8175,0,-1,-1
8176,0,-1,-1
8177,0,-1,-1
8178,0,-1,0
8179,1,-1,-1
8180,0,-1,0
8181,0,-1,-1
8182,1,-1,0
8183,1,-1,0
8184,0,-1,-1
8185,1,-1,-1
8186,1,-1,0
8187,0,-1,-1
8188,1,-1,-1
8189,1,-1,0
8190,0,-1,0
8191,0,-1,0
8192,0,-1,0
8193,0,-1,-1
8194,0,-1,0
8195,0,-1,0
8196,0,-1,-1
8197,1,-1,-1
8198,0,-1,-1
8199,0,-1,0
8200,0,-1,-1
8201,0,-1,-1
8202,1,-1,0
8203,1,-1,-1
8204,0,-1,0
8205,0,-1,0
8206,0,-1,0
8207,0,-1,-1
8208,0,-1,0
8209,0,-1,0
8210,0,-1,0
8211,0,-1,0
8212,1,-1,0
8213,0,-1,0
8214,1,-1,-1
8215,0,-1,-1
8216,0,-1,0
8217,1,-1,0
8218,1,-1,-1
8219,1,-1,-1
8220,1,-1,-1
8221,1,-1,-1
8222,1,-1,-1
8223,0,-1,-1
8224,0,-1,0
8225,1,-1,-1
8226,1,-1,0
8227,0,-1,-1
8228,0,-1,-1
8229,0,-1,0
8230,0,-1,-1
8231,0,-1,0
8232,0,-1,0
8233,1,-1,-1
8234,1,-1,0
8235,0,-1,-1
8236,1,-1,0
8237,1,-1,0
8238,0,-1,0
8239,0,-1,-1
8240,0,-1,0
8241,0,-1,-1
8242,1,-1,-1
8243,1,-1,0
8244,0,-1,-1
8245,1,-1,-1
8246,1,-1,0
8247,0,-1,0
8248,0,-1,-1
8249,0,-1,-1
8250,1,-1,-1
8251,0,-1,-1
8252,0,-1,0
8253,0,-1,0
8254,0,-1,-1
8255,0,-1,-1
8256,0,-1,0
8257,1,-1,-1
8258,1,-1,0
8259,0,-1,-1
8260,1,-1,-1
8261,1,-1,0
8262,0,-1,0
8263,1,-1,-1
8264,0,-1,0
8265,1,-1,0
8266,1,-1,-1
8267,1,-1,0
8268,1,-1,0
8269,0,-1,0
8270,1,-1,-1
8271,0,-1,-1
8272,1,-1,0
8273,1,-1,-1
8274,0,-1,-1
8275,1,-1,0
8276,1,-1,0
8277,1,-1,-1
8278,1,-1,-1
8279,0,-1,-1
8280,1,-1,0
8281,0,-1,0
8282,1,-1,-1
8283,0,-1,-1
8284,0,-1,-1
8285,1,-1,0
8286,1,-1,0
8287,0,-1,-1
8288,0,-1,0
8289,0,-1,-1
8290,1,-1,-1
8291,0,-1,0
8292,0,-1,0
8293,1,-1,-1
8294,1,-1,0
8295,0,-1,0
8296,1,-1,0
8297,1,-1,-1
8298,0,-1,0
8299,0,-1,0
8300,1,-1,0
8301,1,-1,0
8302,0,-1,-1
8303,0,-1,0
8304,1,-1,-1
8305,0,-1,-1
8306,1,-1,-1
8307,0,-1,0
8308,0,-1,0
8309,1,-1,0
8310,1,-1,0
8311,1,-1,0
8312,1,-1,0
8313,1,-1,0
8314,1,-1,0
8315,1,-1,-1
8316,0,-1,-1
8317,1,-1,0
8318,0,-1,0
8319,0,-1,0
8320,0,-1,0
8321,1,-1,0
8322,0,-1,0
8323,1,-1,-1
8324,0,-1,0
8325,0,-1,-1
8326,1,-1,-1
8327,1,-1,-1
8328,0,-1,-1
8329,1,-1,0
8330,0,-1,0
8331,1,-1,0
8332,0,-1,0
8333,0,-1,-1
8334,1,-1,0
8335,1,-1,0
8336,0,-1,0
8337,0,-1,0
8338,0,-1,-1
8339,1,-1,0
8340,0,-1,-1
8341,0,-1,0
8342,1,-1,0
8343,1,-1,0
8344,0,-1,-1
8345,0,-1,-1
8346,0,-1,-1
8347,1,-1,-1
8348,1,-1,0
8349,0,-1,0
8350,1,-1,-1
8351,1,-1,0
8352,0,-1,0
8353,0,-1,-1
8354,1,-1,0
8355,0,-1,0
8356,0,-1,0
8357,1,-1,0
8358,0,-1,0
8359,0,-1,0
8360,1,-1,-1
8361,0,-1,-1
8362,0,-1,-1
8363,0,-1,-1
8364,0,-1,-1
8365,0,-1,0
8366,1,-1,0
8367,0,-1,0
8368,0,-1,0
8369,1,-1,-1
8370,0,-1,-1
8371,1,-1,0
8372,0,-1,-1
8373,1,-1,0
8374,1,-1,-1
8375,1,-1,0
8376,1,-1,0
8377,1,-1,-1
8378,0,-1,-1
8379,0,-1,-1
8380,0,-1,0
8381,1,-1,0
8382,1,-1,-1
8383,1,-1,-1
8384,0,-1,-1
8385,0,-1,-1
8386,1,-1,0
8387,0,-1,0
8388,0,-1,-1
8389,1,-1,-1
8390,1,-1,-1
8391,0,-1,0
8392,0,-1,0
8393,1,-1,-1
8394,0,-1,-1
8395,0,-1,0
8396,1,-1,-1
8397,1,-1,0
8398,0,-1,0
8399,1,-1,-1
8400,0,-1,-1
8401,0,-1,-1
8402,0,-1,-1
8403,0,-1,0
8404,1,-1,-1
8405,1,-1,0
8406,1,-1,-1
8407,1,-1,-1
8408,1,-1,0
8409,0,-1,0
8410,0,-1,-1
8411,1,-1,-1
8412,0,-1,0
8413,1,-1,0
8414,1,-1,0
8415,1,-1,0
8416,1,-1,0
8417,1,-1,-1
8418,1,-1,-1
8419,0,-1,0
8420,1,-1,-1
8421,1,-1,0
8422,0,-1,0
8423,1,-1,-1
8424,0,-1,0
8425,0,-1,0
8426,0,-1,0
8427,0,-1,-1
8428,1,-1,-1
8429,1,-1,0
8430,1,-1,0
8431,1,-1,0
8432,0,-1,-1
8433,1,-1,0
8434,0,-1,-1
8435,0,-1,0
8436,1,-1,-1
8437,0,-1,0
8438,0,-1,0
8439,0,-1,-1
8440,0,-1,0
8441,1,-1,0
8442,0,-1,0
8443,1,-1,-1
8444,0,-1,-1
8445,1,-1,-1
8446,1,-1,0
8447,0,-1,-1
8448,1,-1,0
8449,0,-1,-1
8450,0,-1,0
8451,1,-1,-1
8452,1,-1,0
8453,0,-1,0
8454,0,-1,-1
8455,1,-1,0
8456,1,-1,-1
8457,0,-1,-1
8458,0,-1,-1
8459,0,-1,0
8460,1,-1,0
8461,1,-1,-1
8462,0,-1,-1
8463,0,-1,0
8464,1,-1,-1
8465,0,-1,0
8466,1,-1,0
8467,0,-1,0
8468,1,-1,-1
8469,1,-1,0
8470,1,-1,-1
8471,1,-1,0
8472,0,-1,-1
8473,0,-1,0
8474,1,-1,-1
8475,1,-1,0
8476,0,-1,-1
8477,0,-1,-1
8478,0,-1,-1
8479,0,-1,-1
8480,1,-1,0
8481,0,-1,0
8482,1,-1,-1
8483,0,-1,-1
8484,1,-1,-1
8485,0,-1,-1
8486,0,-1,0
8487,1,-1,0
8488,1,-1,0
8489,0,-1,0
8490,0,-1,-1
8491,0,-1,0
8492,1,-1,0
8493,0,-1,-1
8494,1,-1,-1
8495,0,-1,-1
8496,0,-1,0
8497,1,-1,0
8498,1,-1,0
8499,1,-1,-1
8500,1,-1,-1
8501,0,-1,0
8502,0,-1,0
8503,0,-1,0
8504,0,-1,0
8505,0,-1,0
8506,0,-1,0
8507,1,-1,-1
8508,1,-1,0
8509,0,-1,-1
8510,0,-1,-1
8511,0,-1,-1
8512,0,-1,-1
8513,0,-1,-1
8514,1,-1,-1
8515,1,-1,0
8516,0,-1,0
8517,0,-1,0
8518,1,-1,-1
8519,0,-1,0
8520,0,-1,-1
8521,1,-1,-1
8522,1,-1,0
8523,0,-1,-1
8524,1,-1,0
8525,0,-1,0
8526,1,-1,0
8527,1,-1,-1
8528,0,-1,-1
8529,0,-1,0
8530,1,-1,-1
8531,1,-1,0
8532,0,-1,0
8533,1,-1,0
8534,1,-1,-1
8535,0,-1,0
8536,1,-1,-1
8537,0,-1,0
8538,1,-1,0
8539,1,-1,0
8540,1,-1,-1
8541,0,-1,0
8542,1,-1,0
8543,1,-1,0
8544,0,-1,0
8545,1,-1,-1
8546,1,-1,0
8547,0,-1,-1
8548,0,-1,-1
8549,1,-1,0
8550,1,-1,-1
8551,0,-1,-1
8552,0,-1,0
8553,1,-1,-1
8554,0,-1,-1
8555,0,-1,-1
8556,0,-1,0
8557,1,-1,-1
8558,1,-1,0
8559,1,-1,0
8560,0,-1,-1
8561,0,-1,-1
8562,0,-1,-1
8563,0,-1,-1
8564,1,-1,-1
8565,1,-1,-1
8566,0,-1,0
8567,1,-1,-1
8568,0,-1,-1
8569,0,-1,0
8570,0,-1,-1
8571,0,-1,0
8572,1,-1,-1
8573,1,-1,-1
8574,0,-1,0
8575,0,-1,-1
8576,1,-1,0
8577,0,-1,0
8578,1,-1,0
8579,0,-1,0
8580,1,-1,-1
8581,0,-1,-1
8582,0,-1,-1
8583,0,-1,0
8584,0,-1,-1
8585,1,-1,0
8586,0,-1,0
8587,1,-1,-1
8588,1,-1,0
8589,1,-1,-1
8590,1,-1,0
8591,0,-1,0
8592,0,-1,-1
8593,0,-1,-1
8594,0,-1,0
8595,0,-1,0
8596,0,-1,-1
8597,1,-1,0
8598,1,-1,0
8599,0,-1,-1
8600,1,-1,-1
8601,1,-1,0
8602,1,-1,-1
8603,1,-1,-1
8604,0,-1,0
8605,0,-1,-1
8606,0,-1,-1
8607,0,-1,0
8608,0,-1,-1
8609,0,-1,-1
8610,0,-1,-1
8611,0,-1,0
8612,0,-1,-1
8613,1,-1,-1
8614,0,-1,-1
8615,1,-1,0
8616,0,-1,-1
8617,1,-1,0
8618,0,-1,-1
8619,1,-1,-1
8620,0,-1,-1
8621,0,-1,0
8622,0,-1,-1
8623,0,-1,-1
8624,1,-1,0
8625,0,-1,0
8626,0,-1,-1
8627,0,-1,-1
8628,1,-1,-1
8629,1,-1,0
8630,1,-1,0
8631,0,-1,-1
8632,0,-1,0
8633,1,-1,-1
8634,1,-1,0
8635,1,-1,0
8636,0,-1,0
8637,0,-1,0
8638,1,-1,-1
8639,1,-1,0
8640,1,-1,-1
8641,0,-1,-1
8642,0,-1,0
8643,0,-1,-1
8644,1,-1,0
8645,0,-1,0
8646,0,-1,0
8647,1,-1,0
8648,0,-1,0
8649,1,-1,-1
8650,0,-1,-1
8651,0,-1,-1
8652,1,-1,-1
8653,0,-1,-1
8654,0,-1,-1
8655,1,-1,0
8656,0,-1,0
8657,1,-1,0
8658,0,-1,-1
8659,1,-1,0
8660,1,-1,0
8661,1,-1,0
8662,0,-1,0
8663,1,-1,0
8664,1,-1,-1
8665,0,-1,-1
8666,1,-1,0
8667,1,-1,-1
8668,1,-1,0
8669,0,-1,-1
8670,0,-1,0
8671,1,-1,-1
8672,1,-1,-1
8673,0,-1,-1
8674,1,-1,-1
8675,1,-1,0
8676,1,-1,-1
8677,1,-1,0
8678,0,-1,-1
8679,0,-1,-1
8680,1,-1,0
8681,1,-1,0
8682,0,-1,0
8683,0,-1,0
8684,0,-1,-1
8685,0,-1,0
8686,0,-1,-1
8687,1,-1,0
8688,1,-1,0
8689,1,-1,0
8690,1,-1,-1
8691,0,-1,0
8692,0,-1,0
8693,1,-1,0
8694,0,-1,-1
8695,0,-1,0
8696,0,-1,0
8697,0,-1,0
8698,1,-1,0
8699,1,-1,-1
8700,0,-1,0
8701,0,-1,-1
8702,0,-1,0
8703,1,-1,0
8704,1,-1,0
8705,0,-1,-1
8706,1,-1,0
8707,1,-1,0
8708,1,-1,0
8709,1,-1,-1
8710,1,-1,-1
8711,0,-1,-1
8712,0,-1,0
8713,1,-1,-1
8714,0,-1,0
8715,1,-1,-1
8716,0,-1,-1
8717,1,-1,0
8718,1,-1,0
8719,1,-1,0
8720,0,-1,0
8721,0,-1,-1
8722,0,-1,-1
8723,0,-1,0
8724,1,-1,0
8725,1,-1,-1
8726,0,-1,-1
8727,1,-1,0
8728,0,-1,-1
8729,0,-1,-1
8730,0,-1,0
8731,1,-1,-1
8732,1,-1,-1
8733,0,-1,0
8734,1,-1,-1
8735,1,-1,0
8736,1,-1,-1
8737,1,-1,-1
8738,1,-1,-1
8739,0,-1,-1
8740,0,-1,-1
8741,1,-1,0
8742,1,-1,0
8743,1,-1,-1
8744,0,-1,-1
8745,1,-1,-1
8746,1,-1,-1
8747,1,-1,0
8748,0,-1,-1
8749,0,-1,0
8750,1,-1,0
8751,0,-1,0
8752,1,-1,0
8753,1,-1,-1
8754,0,-1,-1
8755,1,-1,-1
8756,0,-1,0
8757,0,-1,-1
8758,0,-1,0
8759,0,-1,-1
8760,1,-1,-1
8761,0,-1,0
8762,1,-1,-1
8763,1,-1,-1
8764,1,-1,-1
8765,1,-1,0
8766,0,-1,0
8767,1,-1,-1
8768,1,-1,-1
8769,1,-1,0
8770,0,-1,-1
8771,0,-1,-1
8772,1,-1,0
8773,1,-1,0
8774,0,-1,0
8775,1,-1,-1
8776,1,-1,-1
8777,1,-1,0
8778,1,-1,0
8779,1,-1,-1
8780,1,-1,0
8781,0,-1,0
8782,1,-1,-1
8783,0,-1,0
8784,1,-1,0
8785,1,-1,-1
8786,0,-1,0
8787,1,-1,0
8788,1,-1,-1
8789,0,-1,0
8790,1,-1,0
8791,1,-1,-1
8792,0,-1,-1
8793,1,-1,-1
8794,0,-1,0
8795,0,-1,-1
8796,0,-1,-1
8797,1,-1,-1
8798,0,-1,0
8799,1,-1,0
8800,1,-1,-1
8801,0,-1,0
8802,0,-1,0
8803,0,-1,-1
8804,0,-1,-1
8805,1,-1,0
8806,1,-1,0
8807,0,-1,-1
8808,1,-1,-1
8809,0,-1,-1
8810,1,-1,-1
8811,0,-1,-1
8812,0,-1,0
8813,0,-1,-1
8814,0,-1,-1
8815,1,-1,0
8816,1,-1,-1
8817,1,-1,0
8818,1,-1,-1
8819,0,-1,0
8820,0,-1,-1
8821,0,-1,0
8822,0,-1,-1
8823,1,-1,0
8824,0,-1,0
8825,1,-1,-1
8826,1,-1,0
8827,1,-1,-1
8828,1,-1,0
8829,1,-1,0
8830,0,-1,0
8831,0,-1,-1
8832,1,-1,-1
8833,0,-1,-1
8834,1,-1,0
8835,1,-1,0
8836,0,-1,0
8837,0,-1,-1
8838,1,-1,0
8839,0,-1,-1
8840,1,-1,-1
8841,1,-1,-1
8842,0,-1,-1
8843,1,-1,-1
8844,0,-1,-1
8845,1,-1,-1
8846,1,-1,0
8847,0,-1,0
8848,0,-1,-1
8849,0,-1,-1
8850,1,-1,0
8851,1,-1,-1
8852,0,-1,0
8853,1,-1,0
8854,1,-1,0
8855,1,-1,0
8856,1,-1,-1
8857,0,-1,-1
8858,1,-1,0
8859,0,-1,-1
8860,0,-1,-1
8861,0,-1,0
8862,1,-1,-1
8863,1,-1,-1
8864,1,-1,0
8865,1,-1,-1
8866,0,-1,-1
8867,0,-1,0
8868,1,-1,-1
8869,1,-1,0
8870,0,-1,-1
8871,1,-1,0
8872,1,-1,-1
8873,1,-1,-1
8874,0,-1,0
8875,1,-1,-1
8876,1,-1,-1
8877,1,-1,0
8878,0,-1,0
8879,1,-1,0
8880,1,-1,0
8881,0,-1,0
8882,0,-1,-1
8883,1,-1,0
8884,0,-1,-1
8885,0,-1,-1
8886,0,-1,0
8887,0,-1,-1
8888,1,-1,-1
8889,1,-1,-1
8890,0,-1,-1
8891,0,-1,-1
8892,1,-1,0
8893,0,-1,0
8894,0,-1,-1
8895,0,-1,-1
8896,0,-1,-1
8897,0,-1,-1
8898,1,-1,0
8899,0,-1,0
8900,1,-1,0
8901,0,-1,0
8902,0,-1,0
8903,1,-1,0
8904,1,-1,-1
8905,1,-1,0
8906,0,-1,-1
8907,1,-1,-1
8908,0,-1,-1
8909,1,-1,0
8910,0,-1,0
8911,1,-1,0
8912,1,-1,-1
8913,0,-1,0
8914,1,-1,0
8915,0,-1,-1
8916,1,-1,-1
8917,1,-1,0
8918,0,-1,-1
8919,0,-1,-1
8920,1,-1,-1
8921,0,-1,0
8922,1,-1,-1
8923,1,-1,-1
8924,0,-1,-1
8925,1,-1,0
8926,1,-1,0
8927,0,-1,-1
8928,0,-1,-1
8929,0,-1,0
8930,0,-1,0
8931,0,-1,-1
8932,0,-1,0
8933,0,-1,-1
8934,1,-1,-1
8935,0,-1,0
8936,1,-1,0
8937,1,-1,-1
8938,1,-1,0
8939,0,-1,-1
8940,1,-1,0
8941,0,-1,0
8942,1,-1,-1
8943,0,-1,0
8944,0,-1,0
8945,0,-1,-1
8946,0,-1,0
8947,0,-1,0
8948,0,-1,0
8949,0,-1,-1
8950,0,-1,-1
8951,0,-1,-1
8952,0,-1,0
8953,1,-1,-1
8954,1,-1,0
8955,0,-1,0
8956,0,-1,-1
8957,0,-1,0
8958,1,-1,-1
8959,0,-1,0
8960,1,-1,-1
8961,0,-1,-1
8962,0,-1,0
8963,1,-1,-1
8964,0,-1,-1
8965,0,-1,0
8966,1,-1,0
8967,0,-1,-1
8968,1,-1,0
8969,1,-1,0
8970,0,-1,0
8971,0,-1,-1
8972,1,-1,0
8973,0,-1,-1
8974,1,-1,0
8975,0,-1,0
8976,0,-1,-1
8977,1,-1,0
8978,0,-1,0
8979,0,-1,0
8980,1,-1,0
8981,1,-1,-1
8982,1,-1,0
8983,1,-1,0
8984,0,-1,-1
8985,0,-1,-1
8986,0,-1,-1
8987,0,-1,-1
8988,1,-1,0
8989,0,-1,0
8990,1,-1,0
8991,0,-1,0
8992,0,-1,0
8993,0,-1,0
8994,1,-1,0
8995,1,-1,-1
8996,1,-1,0
8997,0,-1,-1
8998,1,-1,-1
8999,1,-1,0
9000,1,-1,0
9001,0,-1,-1
9002,1,-1,0
9003,0,-1,0
9004,0,-1,-1
9005,1,-1,-1
9006,1,-1,0
9007,0,-1,-1
9008,0,-1,0
9009,0,-1,-1
9010,1,-1,0
9011,1,-1,-1
9012,0,-1,-1
9013,1,-1,0
9014,0,-1,-1
9015,0,-1,0
9016,1,-1,0
9017,0,-1,-1
9018,0,-1,-1
9019,0,-1,0
9020,1,-1,0
9021,0,-1,0
9022,0,-1,0
9023,1,-1,-1
9024,1,-1,0
9025,0,-1,0
9026,1,-1,0
9027,0,-1,0
9028,1,-1,0
9029,0,-1,0
9030,1,-1,0
9031,1,-1,-1
9032,1,-1,-1
9033,1,-1,0
9034,0,-1,-1
9035,1,-1,0
9036,0,-1,-1
9037,1,-1,-1
9038,1,-1,0
9039,1,-1,-1
9040,0,-1,-1
9041,0,-1,-1
9042,0,-1,1
9043,0,-1,-1
9044,1,-1,0
9045,0,-1,-1
9046,1,-1,-1
9047,1,-1,-1
9048,0,-1,0
9049,0,-1,0
9050,0,-1,0
9051,1,-1,-1
9052,0,-1,-1
9053,0,-1,-1
9054,0,-1,0
9055,1,-1,0
9056,1,-1,0
9057,0,-1,-1
9058,1,-1,-1
9059,1,-1,0
9060,0,-1,0
9061,1,-1,0
9062,0,-1,0
9063,1,-1,-1
9064,0,-1,-1
9065,0,-1,-1
9066,1,-1,-1
9067,1,-1,-1
9068,1,-1,0
9069,1,-1,-1
9070,1,-1,-1
9071,1,-1,0
9072,0,-1,0
9073,0,-1,-1
9074,0,-1,-1
9075,1,-1,0
9076,0,-1,-1
9077,1,-1,0
9078,1,-1,0
9079,0,-1,0
9080,0,-1,0
9081,0,-1,-1
9082,1,-1,0
9083,0,-1,0
9084,1,-1,0
9085,0,-1,0
9086,1,-1,0
9087,0,-1,-1
9088,1,-1,0
9089,1,-1,-1
9090,1,-1,0
9091,0,-1,0
9092,1,-1,0
9093,1,-1,-1
9094,1,-1,0
9095,1,-1,-1
9096,0,-1,-1
9097,0,-1,-1
9098,0,-1,0
9099,1,-1,-1
9100,0,-1,0
9101,1,-1,-1
9102,1,-1,-1
9103,1,-1,0
9104,1,-1,0
9105,0,-1,-1
9106,1,-1,0
9107,0,-1,-1
9108,1,-1,-1
9109,1,-1,-1
9110,0,-1,-1
9111,0,-1,-1
9112,0,-1,0
9113,0,-1,0
9114,0,-1,-1
9115,1,-1,-1
9116,1,-1,-1
9117,0,-1,-1
9118,0,-1,-1
9119,1,-1,-1
9120,0,-1,-1
9121,0,-1,0
9122,1,-1,-1
9123,1,-1,-1
9124,1,-1,-1
9125,0,-1,-1
9126,1,-1,0
9127,0,-1,0
9128,0,-1,0
9129,0,-1,-1
9130,0,-1,-1
9131,1,-1,0
9132,1,-1,0
9133,0,-1,0
9134,0,-1,-1
9135,1,-1,0
9136,1,-1,-1
9137,1,-1,-1
9138,0,-1,0
9139,1,-1,0
9140,1,-1,-1
9141,1,-1,0
9142,1,-1,0
9143,1,-1,-1
9144,1,-1,-1
9145,0,-1,-1
9146,0,-1,-1
9147,0,-1,0
9148,0,-1,-1
9149,1,-1,0
9150,1,-1,0
9151,0,-1,-1
9152,1,-1,-1
9153,0,-1,-1
9154,1,-1,-1
9155,1,-1,-1
9156,0,-1,-1
9157,0,-1,-1
9158,1,-1,-1
9159,0,-1,-1
9160,1,-1,-1
9161,1,-1,0
9162,1,-1,0
9163,0,-1,0
9164,1,-1,0
9165,0,-1,-1
9166,0,-1,0
9167,0,-1,-1
9168,1,-1,-1
9169,0,-1,-1
9170,1,-1,0
9171,1,-1,0
9172,1,-1,-1
9173,0,-1,-1
9174,0,-1,-1
9175,1,-1,-1
9176,1,-1,0
9177,1,-1,-1
9178,1,-1,0
9179,1,-1,-1
9180,0,-1,-1
9181,0,-1,-1
9182,1,-1,-1
9183,0,-1,-1
9184,0,-1,0
9185,1,-1,-1
9186,0,-1,0
9187,0,-1,0
9188,1,-1,-1
9189,0,-1,-1
9190,0,-1,0
9191,1,-1,-1
9192,1,-1,0
9193,0,-1,0
9194,0,-1,0
9195,0,-1,-1
9196,1,-1,0
9197,0,-1,-1
9198,1,-1,0
9199,0,-1,0
9200,1,-1,-1
9201,0,-1,-1
9202,1,-1,-1
9203,1,-1,0
9204,0,-1,0
9205,0,-1,0
9206,0,-1,-1
9207,0,-1,-1
9208,0,-1,0
9209,1,-1,-1
9210,1,-1,0
9211,0,-1,-1
9212,0,-1,-1
9213,1,-1,-1
9214,1,-1,-1
9215,1,-1,0
9216,0,-1,-1
9217,1,-1,0
9218,0,-1,0
9219,0,-1,0
9220,1,-1,0
9221,0,-1,-1
9222,0,-1,-1
9223,0,-1,0
9224,0,-1,-1
9225,1,-1,-1
9226,1,-1,-1
9227,0,-1,0
9228,1,-1,-1
9229,1,-1,0
9230,0,-1,0
9231,1,-1,0
9232,0,-1,0
9233,1,-1,-1
9234,1,-1,-1
9235,0,-1,-1
9236,0,-1,0
9237,1,-1,0
9238,0,-1,0
9239,1,-1,0
9240,1,-1,-1
9241,1,-1,-1
9242,0,-1,0
9243,0,-1,-1
9244,1,-1,-1
9245,0,-1,-1
9246,0,-1,-1
9247,0,-1,-1
9248,0,-1,0
9249,1,-1,0
9250,1,-1,0
9251,1,-1,-1
9252,0,-1,-1
9253,1,-1,-1
9254,1,-1,0
9255,0,-1,-1
9256,0,-1,0
9257,0,-1,-1
9258,0,-1,-1
9259,1,-1,-1
9260,1,-1,0
9261,0,-1,-1
9262,1,-1,-1
9263,0,-1,-1
9264,1,-1,0
9265,0,-1,0
9266,1,-1,-1
9267,1,-1,-1
9268,1,-1,-1
9269,0,-1,-1
9270,1,-1,0
9271,0,-1,-1
9272,0,-1,-1
9273,0,-1,-1
9274,0,-1,-1
9275,1,-1,0
9276,1,-1,0
9277,0,-1,0
9278,1,-1,0
9279,0,-1,-1
9280,0,-1,-1
9281,0,-1,-1
9282,0,-1,-1
9283,1,-1,-1
9284,1,-1,0
9285,1,-1,0
9286,0,-1,0
9287,0,-1,0
9288,0,-1,0
9289,1,-1,-1
9290,1,-1,0
9291,0,-1,-1
9292,0,-1,-1
9293,1,-1,0
9294,1,-1,0
9295,0,-1,-1
9296,1,-1,0
9297,1,-1,-1
9298,1,-1,0
9299,0,-1,0
9300,1,-1,-1
9301,1,-1,-1
9302,0,-1,-1
9303,1,-1,-1
9304,0,-1,0
9305,1,-1,-1
9306,1,-1,0
9307,0,-1,-1
9308,1,-1,0
9309,0,-1,0
9310,0,-1,0
9311,0,-1,0
9312,1,-1,0
9313,0,-1,0
9314,0,-1,-1
9315,0,-1,-1
9316,0,-1,-1
9317,1,-1,0
9318,0,-1,-1
9319,1,-1,-1
9320,0,-1,0
9321,1,-1,-1
9322,1,-1,-1
9323,0,-1,0
9324,1,-1,-1
9325,0,-1,0
9326,0,-1,0
9327,0,-1,0
9328,1,-1,-1
9329,1,-1,-1
9330,0,-1,0
9331,0,-1,-1
9332,0,-1,-1
9333,1,-1,0
9334,0,-1,-1
9335,1,-1,-1
9336,1,-1,0
9337,1,-1,0
9338,1,-1,-1
9339,1,-1,0
9340,1,-1,0
9341,0,-1,-1
9342,1,-1,0
9343,1,-1,-1
9344,0,-1,0
9345,1,-1,0
9346,0,-1,-1
9347,1,-1,-1
9348,1,-1,0
9349,1,-1,0
9350,1,-1,-1
9351,0,-1,-1
9352,0,-1,0
9353,0,-1,0
9354,0,-1,-1
9355,0,-1,0
9356,0,-1,-1
9357,0,-1,-1
9358,1,-1,0
9359,1,-1,-1
9360,0,-1,0
9361,0,-1,-1
9362,0,-1,-1
9363,1,-1,-1
9364,0,-1,-1
9365,1,-1,-1
9366,0,-1,0
9367,1,-1,0
9368,0,-1,0
9369,0,-1,-1
9370,0,-1,0
9371,1,-1,-1
9372,1,-1,-1
9373,1,-1,0
9374,1,-1,-1
9375,1,-1,-1
9376,0,-1,-1
9377,0,-1,-1
9378,1,-1,-1
9379,0,-1,0
9380,0,-1,0
9381,1,-1,0
9382,0,-1,0
9383,1,-1,0
9384,1,-1,-1
9385,0,-1,-1
9386,0,-1,-1
9387,0,-1,0
9388,0,-1,0
9389,0,-1,-1
9390,0,-1,-1
9391,0,-1,-1
9392,1,-1,-1
9393,1,-1,0
9394,1,-1,0
9395,1,-1,0
9396,1,-1,-1
9397,0,-1,0
9398,0,-1,0
9399,0,-1,-1
9400,0,-1,0
9401,0,-1,-1
9402,0,-1,0
9403,1,-1,-1
9404,0,-1,0
9405,1,-1,0
9406,1,-1,-1
9407,1,-1,-1
9408,0,-1,0
9409,0,-1,-1
9410,1,-1,0
9411,0,-1,0
9412,0,-1,0
9413,0,-1,-1
9414,0,-1,-1
9415,1,-1,0
9416,1,-1,-1
9417,1,-1,0
9418,1,-1,-1
9419,0,-1,-1
9420,0,-1,-1
9421,1,-1,0
9422,0,-1,0
9423,1,-1,-1
9424,1,-1,-1
9425,0,-1,0
9426,0,-1,0
9427,0,-1,-1
9428,0,-1,-1
9429,1,-1,-1
9430,1,-1,-1
9431,0,-1,-1
9432,0,-1,-1
9433,0,-1,0
9434,1,-1,0
9435,0,-1,-1
9436,1,-1,-1
9437,1,-1,0
9438,0,-1,-1
9439,1,-1,0
9440,1,-1,-1
9441,0,-1,0
9442,0,-1,-1
9443,0,-1,-1
9444,1,-1,-1
9445,1,-1,0
9446,1,-1,-1
9447,0,-1,0
9448,1,-1,0
9449,0,-1,0
9450,0,-1,-1
9451,1,-1,-1
9452,0,-1,0
9453,0,-1,0
9454,0,-1,0
9455,1,-1,-1
9456,1,-1,-1
9457,1,-1,-1
9458,0,-1,-1
9459,0,-1,0
9460,1,-1,0
9461,1,-1,-1
9462,0,-1,0
9463,1,-1,0
9464,1,-1,-1
9465,0,-1,-1
9466,0,-1,-1
9467,0,-1,-1
9468,1,-1,-1
9469,1,-1,-1
9470,1,-1,0
9471,0,-1,0
9472,0,-1,-1
9473,1,-1,0
9474,1,-1,-1
9475,1,-1,0
9476,0,-1,-1
9477,0,-1,0
9478,1,-1,-1
9479,1,-1,-1
9480,1,-1,0
9481,1,-1,0
9482,0,-1,0
9483,0,-1,0
9484,0,-1,-1
9485,0,-1,-1
9486,0,-1,0
9487,0,-1,0
9488,0,-1,-1
9489,1,-1,0
9490,0,-1,0
9491,0,-1,-1
9492,1,-1,-1
9493,0,-1,0
9494,0,-1,0
9495,0,-1,-1
9496,1,-1,0
9497,1,-1,-1
9498,1,-1,0
9499,1,-1,-1
9500,1,-1,0
9501,1,-1,0
9502,1,-1,0
9503,0,-1,0
9504,1,-1,0
9505,1,-1,-1
9506,1,-1,0
9507,1,-1,0
9508,0,-1,0
9509,1,-1,0
9510,0,-1,0
9511,0,-1,0
9512,1,-1,0
9513,1,-1,0
9514,0,-1,0
9515,1,-1,0
9516,1,-1,-1
9517,1,-1,0
9518,0,-1,0
9519,1,-1,0
9520,1,-1,-1
9521,0,-1,-1
9522,0,-1,0
9523,0,-1,0
9524,1,-1,0
9525,1,-1,0
9526,0,-1,0
9527,0,-1,0
9528,1,-1,0
9529,1,-1,-1
9530,0,-1,-1
9531,0,-1,-1
9532,0,-1,0
9533,1,-1,0
9534,1,-1,-1
9535,0,-1,-1
9536,1,-1,-1
9537,1,-1,0
9538,0,-1,-1
9539,1,-1,0
9540,0,-1,0
9541,0,-1,0
9542,0,-1,0
9543,1,-1,-1
9544,0,-1,-1
9545,0,-1,0
9546,1,-1,-1
9547,0,-1,0
9548,0,-1,-1
9549,1,-1,-1
9550,1,-1,-1
9551,0,-1,0
9552,1,-1,-1
9553,1,-1,0
9554,1,-1,0
9555,1,-1,-1
9556,1,-1,0
9557,0,-1,0
9558,0,-1,0
9559,0,-1,0
9560,1,-1,0
9561,0,-1,0
9562,0,-1,0
9563,1,-1,0
9564,0,-1,0
9565,0,-1,0
9566,1,-1,-1
9567,0,-1,0
9568,1,-1,0
9569,1,-1,-1
9570,1,-1,-1
9571,1,-1,-1
9572,1,-1,-1
9573,0,-1,-1
9574,1,-1,-1
9575,0,-1,0
9576,0,-1,-1
9577,0,-1,-1
9578,1,-1,-1
9579,0,-1,0
9580,0,-1,-1
9581,0,-1,-1
9582,0,-1,-1
9583,0,-1,0
9584,0,-1,-1
9585,0,-1,0
9586,1,-1,0
9587,1,-1,0
9588,0,-1,-1
9589,1,-1,0
9590,0,-1,-1
9591,0,-1,0
9592,0,-1,0
9593,0,-1,0
9594,0,-1,-1
9595,0,-1,0
9596,1,-1,-1
9597,0,-1,-1
9598,1,-1,0
9599,1,-1,-1
9600,0,-1,-1
9601,1,-1,0
9602,1,-1,0
9603,0,-1,0
9604,1,-1,-1
9605,0,-1,0
9606,0,-1,-1
9607,0,-1,-1
9608,1,-1,0
9609,1,-1,-1
9610,0,-1,-1
9611,0,-1,0
9612,0,-1,0
9613,0,-1,-1
9614,1,-1,0
9615,1,-1,-1
9616,0,-1,-1
9617,0,-1,0
9618,0,-1,-1
9619,1,-1,-1
9620,1,-1,-1
9621,1,-1,-1
9622,1,-1,0
9623,0,-1,0
9624,0,-1,0
9625,0,-1,-1
9626,0,-1,-1
9627,0,-1,0
9628,0,-1,-1
9629,1,-1,-1
9630,1,-1,-1
9631,0,-1,-1
9632,1,-1,-1
9633,0,-1,0
9634,0,-1,0
9635,0,-1,0
9636,1,-1,0
9637,0,-1,-1
9638,1,-1,0
9639,0,-1,0
9640,1,-1,-1
9641,1,-1,-1
9642,0,-1,0
9643,1,-1,0
9644,1,-1,0
9645,1,-1,-1
9646,0,-1,-1
9647,1,-1,0
9648,1,-1,-1
9649,0,-1,0
9650,0,-1,0
9651,0,-1,-1
9652,1,-1,0
9653,0,-1,-1
9654,1,-1,0
9655,1,-1,-1
9656,0,-1,0
9657,0,-1,0
9658,0,-1,-1
9659,0,-1,-1
9660,0,-1,0
9661,1,-1,0
9662,0,-1,0
9663,0,-1,-1
9664,1,-1,-1
9665,1,-1,0
9666,1,-1,0
9667,0,-1,0
9668,1,-1,0
9669,0,-1,0
9670,1,-1,0
9671,1,-1,-1
9672,1,-1,0
9673,1,-1,0
9674,0,-1,-1
9675,0,-1,-1
9676,1,-1,0
9677,0,-1,-1
9678,0,-1,-1
9679,1,-1,0
9680,0,-1,0
9681,0,-1,0
9682,0,-1,0
9683,1,-1,-1
9684,1,-1,-1
9685,0,-1,-1
9686,1,-1,-1
9687,0,-1,-1
9688,0,-1,-1
9689,0,-1,-1
9690,1,-1,0
9691,1,-1,0
9692,0,-1,-1
9693,1,-1,0
9694,0,-1,-1
9695,0,-1,-1
9696,1,-1,-1
9697,0,-1,0
9698,1,-1,0
9699,1,-1,-1
9700,1,-1,0
9701,0,-1,0
9702,1,-1,0
9703,0,-1,0
9704,1,-1,-1
9705,0,-1,-1
9706,0,-1,0
9707,1,-1,-1
9708,1,-1,-1
9709,0,-1,0
9710,0,-1,0
9711,0,-1,0
9712,1,-1,-1
9713,0,-1,0
9714,0,-1,-1
9715,1,-1,-1
9716,0,-1,0
9717,1,-1,-1
9718,0,-1,-1
9719,1,-1,-1
9720,0,-1,0
9721,0,-1,-1
9722,1,-1,0
9723,1,-1,-1
9724,1,-1,0
9725,1,-1,-1
9726,1,-1,0
9727,0,-1,0
9728,0,-1,-1
9729,1,-1,0
9730,0,-1,0
9731,1,-1,0
9732,1,-1,-1
9733,0,-1,0
9734,0,-1,-1
9735,0,-1,-1
9736,1,-1,-1
9737,0,-1,0
9738,1,-1,-1
9739,1,-1,0
9740,0,-1,0
9741,0,-1,0
9742,0,-1,-1
9743,1,-1,0
9744,1,-1,0
9745,1,-1,-1
9746,1,-1,-1
9747,1,-1,0
9748,1,-1,0
9749,1,-1,0
9750,0,-1,-1
9751,0,-1,-1
9752,1,-1,-1
9753,0,-1,-1
9754,0,-1,0
9755,1,-1,-1
9756,0,-1,-1
9757,0,-1,-1
9758,1,-1,0
9759,0,-1,-1
9760,0,-1,-1
9761,1,-1,-1
9762,0,-1,-1
9763,1,-1,0
9764,0,-1,-1
9765,1,-1,-1
9766,1,-1,-1
9767,1,-1,-1
9768,1,-1,0
9769,0,-1,0
9770,0,-1,0
9771,0,-1,-1
9772,1,-1,0
9773,1,-1,0
9774,0,-1,-1
9775,1,-1,-1
9776,1,-1,0
9777,1,-1,-1
9778,1,-1,0
9779,1,-1,0
9780,0,-1,0
9781,1,-1,0
9782,0,-1,0
9783,1,-1,0
9784,1,-1,0
9785,0,-1,0
9786,0,-1,-1
9787,0,-1,-1
9788,1,-1,0
9789,1,-1,0
9790,0,-1,-1
9791,1,-1,-1
9792,1,-1,-1
9793,0,-1,-1
9794,0,-1,-1
9795,1,-1,-1
9796,0,-1,0
9797,1,-1,-1
9798,1,-1,-1
9799,1,-1,-1
9800,0,-1,0
9801,0,-1,-1
9802,1,-1,0
9803,0,-1,0
9804,1,-1,-1
9805,0,-1,0
9806,1,-1,-1
9807,1,-1,-1
9808,1,-1,0
9809,0,-1,-1
9810,0,-1,0
9811,1,-1,0
9812,1,-1,-1
9813,0,-1,0
9814,0,-1,-1
9815,0,-1,0
9816,0,-1,0
9817,1,-1,-1
9818,1,-1,-1
9819,0,-1,-1
9820,1,-1,-1
9821,0,-1,-1
9822,1,-1,0
9823,0,-1,0
9824,0,-1,-1
9825,0,-1,0
9826,1,-1,-1
9827,1,-1,0
9828,0,-1,0
9829,1,-1,0
9830,0,-1,0
9831,1,-1,0
9832,1,-1,0
9833,1,-1,-1
9834,1,-1,0
9835,0,-1,-1
9836,0,-1,-1
9837,0,-1,0
9838,1,-1,0
9839,1,-1,0
9840,0,-1,-1
9841,0,-1,0
9842,1,-1,0
9843,1,-1,-1
9844,1,-1,0
9845,1,-1,0
9846,0,-1,-1
9847,1,-1,-1
9848,0,-1,0
9849,1,-1,-1
9850,0,-1,0
9851,0,-1,0
9852,0,-1,-1
9853,0,-1,0
9854,0,-1,-1
9855,1,-1,-1
9856,0,-1,-1
9857,1,-1,0
9858,0,-1,0
9859,1,-1,0
9860,0,-1,-1
9861,1,-1,-1
9862,0,-1,-1
9863,0,-1,0
9864,0,-1,0
9865,1,-1,0
9866,1,-1,0
9867,1,-1,-1
9868,1,-1,0
9869,0,-1,-1
9870,0,-1,-1
9871,1,-1,-1
9872,0,-1,0
9873,1,-1,-1
9874,1,-1,0
9875,1,-1,0
9876,1,-1,-1
9877,0,-1,-1
9878,1,-1,0
9879,1,-1,0
9880,0,-1,0
9881,0,-1,0
9882,1,-1,0
9883,1,-1,0
9884,1,-1,-1
9885,0,-1,-1
9886,0,-1,-1
9887,1,-1,-1
9888,0,-1,-1
9889,1,-1,-1
9890,0,-1,-1
9891,0,-1,-1
9892,0,-1,0
9893,0,-1,0
9894,1,-1,0
9895,0,-1,-1
9896,1,-1,0
9897,1,-1,-1
9898,0,-1,-1
9899,0,-1,-1
9900,0,-1,0
9901,0,-1,0
9902,0,-1,-1
9903,0,-1,-1
9904,1,-1,-1
9905,1,-1,0
9906,1,-1,0
9907,1,-1,0
9908,0,-1,0
9909,0,-1,0
9910,0,-1,0
9911,1,-1,-1
9912,0,-1,0
9913,1,-1,-1
9914,1,-1,0
9915,1,-1,0
9916,0,-1,0
9917,0,-1,-1
9918,0,-1,-1
9919,0,-1,-1
9920,1,-1,-1
9921,1,-1,0
9922,0,-1,0
9923,0,-1,-1
9924,1,-1,-1
9925,1,-1,0
9926,1,-1,0
9927,0,-1,-1
9928,1,-1,0
9929,1,-1,-1
9930,1,-1,0
9931,0,-1,0
9932,0,-1,-1
9933,0,-1,0
9934,0,-1,-1
9935,1,-1,0
9936,0,-1,-1
9937,1,-1,0
9938,1,-1,0
9939,1,-1,0
9940,0,-1,0
9941,1,-1,0
9942,0,-1,0
9943,0,-1,-1
9944,1,-1,0
9945,1,-1,0
9946,1,-1,-1
9947,1,-1,-1
9948,0,-1,0
9949,0,-1,0
9950,1,-1,0
9951,0,-1,0
9952,1,-1,-1
9953,0,-1,-1
9954,0,-1,-1
9955,0,-1,0
9956,1,-1,-1
9957,1,-1,-1
9958,0,-1,-1
9959,0,-1,0
9960,0,-1,0
9961,0,-1,0
9962,0,-1,-1
9963,0,-1,-1
9964,1,-1,0
9965,1,-1,-1
9966,1,-1,0
9967,0,-1,-1
9968,1,-1,-1
9969,1,-1,0
9970,1,-1,0
9971,0,-1,0
9972,1,-1,-1
9973,0,-1,0
9974,1,-1,0
9975,1,-1,0
9976,0,-1,0
9977,1,-1,-1
9978,1,-1,-1
9979,1,-1,0
9980,1,-1,0
9981,1,-1,0
9982,1,-1,-1
9983,1,-1,0
9984,1,-1,-1
9985,0,-1,-1
9986,1,-1,-1
9987,0,-1,0
9988,0,-1,0
9989,1,-1,0
9990,0,-1,0
9991,0,-1,0
9992,0,-1,-1
9993,0,-1,-1
9994,1,-1,-1
9995,1,-1,0
9996,1,-1,-1
9997,0,-1,-1
9998,0,-1,-1
9999,1,-1,-1
10000,1,-1,-1
