node,stopping_time,total_stopping_time,maximum_excursion,binary_length,parity_vector_length,in_degree,out_degree,distance_from_root,ancestor_count,branching_factor,ollivier_ricci,branching_entropy,ancestor_density_k2,local_potential,flow_energy
1,0,0,1,1,0,1,1,0,4,1,0.9285714285714286,0.0,1.3333333333333333,0.0,2.5902903939802346
2,1,1,2,2,1,1,1,1,4,1,0.9285714285714286,0.0,1.0,1.6094379124341003,2.5902903939802346
3,6,7,16,2,7,1,1,7,2,1,0.6190476190476191,0.0,0.6666666666666666,9.287301413112312,1.2069489608125807
4,1,2,4,3,2,2,1,2,4,2,0.7619047619047619,0.6365141682928128,0.8,3.2188758248682006,11.56811053673352
5,3,5,16,3,5,1,1,5,2,1,0.5714285714285714,0.0,0.5,6.802394763324311,1.9218120556728038
6,1,8,16,3,8,1,1,8,2,1,0.6666666666666666,0.0,0.6666666666666666,10.38591370178042,1.2069489608125807
7,11,16,52,3,16,1,1,16,2,1,0.6190476190476191,0.0,0.6666666666666666,20.32554030093242,1.2069489608125767
8,1,3,8,4,3,1,1,3,2,1,0.5714285714285714,0.0,0.5,4.31748811353631,1.9218120556728062
9,3,19,52,4,19,1,1,19,2,1,0.6190476190476191,0.0,0.6666666666666666,23.90905923938853,1.2069489608125925
10,1,6,16,4,6,2,1,6,3,2,0.5714285714285714,0.6931471805579453,0.6,8.1886891244442,2.413897921625169
11,8,14,52,4,14,1,1,14,2,1,0.5714285714285714,0.0,0.5,17.84063365114442,1.9218120556728062
12,1,9,16,4,9,1,1,9,2,1,0.6666666666666666,0.0,0.6666666666666666,11.48452599044853,1.2069489608125807
13,3,9,40,4,9,1,1,9,2,1,0.6190476190476191,0.0,0.6666666666666666,11.77220806290031,1.2069489608125807
14,1,17,52,4,17,1,1,17,2,1,0.6190476190476191,0.0,0.5,21.424152589600528,1.921812055672816
15,11,17,160,4,17,1,1,17,2,1,0.6190476190476191,0.0,0.6666666666666666,21.71183466205231,1.2069489608125845
16,1,4,16,5,4,2,1,4,3,2,0.5714285714285714,0.6931471805579453,0.6,5.703782474656201,2.4138979216251655
17,3,12,52,5,12,1,1,12,2,1,0.5714285714285714,0.0,0.5,15.355727001356419,1.921812055672811
18,1,20,52,5,20,1,1,20,2,1,0.6666666666666666,0.0,0.6666666666666666,25.007671528056644,1.2069489608125767
19,6,20,88,5,20,1,1,20,2,1,0.6190476190476191,0.0,0.6666666666666666,25.295353600508424,1.2069489608125767
20,1,7,20,5,7,1,1,7,2,1,0.5714285714285714,0.0,0.5,9.287301413112312,1.9218120556728013
21,3,7,64,5,7,1,1,7,2,1,0.6190476190476191,0.0,0.6666666666666666,9.287301413112312,1.2069489608125807
22,1,15,52,5,15,2,1,15,3,2,0.5714285714285714,0.6931471805579453,0.6,19.22692801226431,2.413897921625169
23,8,15,160,5,15,1,1,15,2,1,0.5714285714285714,0.0,0.5,19.22692801226431,1.9218120556728062
24,1,10,24,5,10,1,1,10,2,1,0.6666666666666666,0.0,0.6666666666666666,12.583138279116639,1.2069489608125807
25,3,23,88,5,23,1,1,23,2,1,0.6190476190476191,0.0,0.6666666666666666,28.878872538964536,1.2069489608125845
26,1,10,40,5,10,1,1,10,2,1,0.6190476190476191,0.0,0.5,12.870820351568419,1.9218120556728062
27,96,111,9232,5,111,1,1,111,2,1,0.6190476190476191,0.0,0.6666666666666666,135.9133085500222,1.2069489608126394
28,1,18,52,5,18,2,1,18,3,2,0.5714285714285714,0.6931471805579453,0.6,22.810446950720422,2.4138979216251535
29,3,18,88,5,18,1,1,18,2,1,0.5714285714285714,0.0,0.5,22.810446950720422,1.9218120556728062
30,1,18,160,5,18,1,1,18,2,1,0.6666666666666666,0.0,0.6666666666666666,22.810446950720422,1.2069489608125845
31,91,106,9232,5,106,1,1,106,2,1,0.6190476190476191,0.0,0.6666666666666666,129.84488296177813,1.2069489608125767
32,1,5,32,6,5,1,1,5,2,1,0.5714285714285714,0.0,0.5,6.802394763324311,1.9218120556728038
33,3,26,100,6,26,1,1,26,2,1,0.6190476190476191,0.0,0.6666666666666666,32.46239147742065,1.2069489608125767
34,1,13,52,6,13,2,1,13,3,2,0.5714285714285714,0.6931471805579453,0.6,16.74202136247631,2.4138979216251535
35,6,13,160,6,13,1,1,13,2,1,0.5714285714285714,0.0,0.5,16.74202136247631,1.9218120556728062
36,1,21,52,6,21,1,1,21,2,1,0.6666666666666666,0.0,0.6666666666666666,26.10628381672475,1.2069489608125845
37,3,21,112,6,21,1,1,21,2,1,0.6190476190476191,0.0,0.6666666666666666,26.39396588917653,1.2069489608125925
38,1,21,88,6,21,1,1,21,2,1,0.6190476190476191,0.0,0.5,26.39396588917653,1.921812055672816
39,13,34,304,6,34,1,1,34,2,1,0.6190476190476191,0.0,0.6666666666666666,42.402018076572645,1.2069489608125612
40,1,8,40,6,8,2,1,8,3,2,0.5714285714285714,0.6931471805579453,0.6,10.6735957742322,2.4138979216251615
41,3,109,9232,6,109,1,1,109,2,1,0.5714285714285714,0.0,0.5,133.4284019002342,1.921812055672816
42,1,8,64,6,8,1,1,8,2,1,0.6666666666666666,0.0,0.6666666666666666,10.38591370178042,1.2069489608125807
43,8,29,196,6,29,1,1,29,2,1,0.6190476190476191,0.0,0.6666666666666666,36.04591041587676,1.2069489608125925
44,1,16,52,6,16,1,1,16,2,1,0.5714285714285714,0.0,0.5,20.32554030093242,1.9218120556728062
45,3,16,136,6,16,1,1,16,2,1,0.6190476190476191,0.0,0.6666666666666666,20.32554030093242,1.2069489608125767
46,1,16,160,6,16,2,1,16,3,2,0.5714285714285714,0.6931471805579453,0.6,20.6132223733842,2.413897921625169
47,88,104,9232,6,104,1,1,104,2,1,0.5714285714285714,0.0,0.5,127.35997631199012,1.921812055672816
48,1,11,48,6,11,1,1,11,2,1,0.6666666666666666,0.0,0.6666666666666666,13.681750567784748,1.2069489608125845
49,3,24,148,6,24,1,1,24,2,1,0.6190476190476191,0.0,0.6666666666666666,29.977484827632644,1.2069489608125925
50,1,24,88,6,24,1,1,24,2,1,0.6190476190476191,0.0,0.5,29.977484827632647,1.9218120556728062
51,6,24,232,6,24,1,1,24,2,1,0.6190476190476191,0.0,0.6666666666666666,30.265166900084427,1.2069489608125845
52,1,11,52,6,11,2,1,11,3,2,0.5714285714285714,0.6931471805579453,0.6,14.25711471268831,2.4138979216251615
53,3,11,160,6,11,1,1,11,2,1,0.5714285714285714,0.0,0.5,14.25711471268831,1.9218120556728062
54,1,112,9232,6,112,1,1,112,2,1,0.6666666666666666,0.0,0.6666666666666666,137.01192083869034,1.2069489608125143
55,8,112,9232,6,112,1,1,112,2,1,0.6190476190476191,0.0,0.6666666666666666,137.2996029111421,1.2069489608125767
56,1,19,56,6,19,1,1,19,2,1,0.5714285714285714,0.0,0.5,23.90905923938853,1.921812055672816
57,3,32,196,6,32,1,1,32,2,1,0.6190476190476191,0.0,0.6666666666666666,39.62942935433286,1.2069489608125767
58,1,19,88,6,19,2,1,19,3,2,0.5714285714285714,0.6931471805579453,0.6,24.196741311840313,2.413897921625169
59,11,32,304,6,32,1,1,32,2,1,0.5714285714285714,0.0,0.5,39.91711142678464,1.9218120556727962
60,1,19,160,6,19,1,1,19,2,1,0.6666666666666666,0.0,0.6666666666666666,23.909059239388533,1.2069489608125845
61,3,19,184,6,19,1,1,19,2,1,0.6190476190476191,0.0,0.6666666666666666,24.196741311840313,1.2069489608125845
62,1,107,9232,6,107,1,1,107,2,1,0.6190476190476191,0.0,0.5,130.94349525044623,1.9218120556727372
63,88,107,9232,6,107,1,1,107,2,1,0.6190476190476191,0.0,0.6666666666666666,131.231177322898,1.2069489608125767
64,1,6,64,7,6,2,1,6,3,2,0.5714285714285714,0.6931471805579453,0.6,8.1886891244442,2.413897921625169
65,3,27,196,7,27,1,1,27,2,1,0.5714285714285714,0.0,0.5,33.56100376608876,1.921812055672816
66,1,27,100,7,27,1,1,27,2,1,0.6666666666666666,0.0,0.6666666666666666,33.56100376608876,1.2069489608125925
67,6,27,304,7,27,1,1,27,2,1,0.6190476190476191,0.0,0.6666666666666666,33.84868583854055,1.2069489608125767
68,1,14,68,7,14,1,1,14,2,1,0.5714285714285714,0.0,0.5,17.84063365114442,1.9218120556728062
69,3,14,208,7,14,1,1,14,2,1,0.6190476190476191,0.0,0.6666666666666666,17.84063365114442,1.2069489608125845
70,1,14,160,7,14,2,1,14,3,2,0.5714285714285714,0.6931471805579453,0.6,18.128315723596202,2.4138979216251535
71,83,102,9232,7,102,1,1,102,2,1,0.5714285714285714,0.0,0.5,124.87506966220212,1.9218120556728555
72,1,22,72,7,22,1,1,22,2,1,0.6666666666666666,0.0,0.6666666666666666,27.204896105392862,1.2069489608125925
73,3,115,9232,7,115,1,1,115,2,1,0.6190476190476191,0.0,0.6666666666666666,140.8831218495982,1.2069489608126394
74,1,22,112,7,22,1,1,22,2,1,0.6190476190476191,0.0,0.5,27.492578177844646,1.9218120556728062
75,8,14,340,7,14,1,1,14,2,1,0.6190476190476191,0.0,0.6666666666666666,17.84063365114442,1.2069489608125845
76,1,22,88,7,22,2,1,22,3,2,0.5714285714285714,0.6931471805579453,0.6,27.780260250296426,2.413897921625169
77,3,22,232,7,22,1,1,22,2,1,0.5714285714285714,0.0,0.5,27.780260250296426,1.9218120556728062
78,1,35,304,7,35,1,1,35,2,1,0.6666666666666666,0.0,0.6666666666666666,43.500630365240745,1.2069489608125925
79,13,35,808,7,35,1,1,35,2,1,0.6190476190476191,0.0,0.6666666666666666,43.788312437692525,1.2069489608125767
80,1,9,80,7,9,1,1,9,2,1,0.5714285714285714,0.0,0.5,11.77220806290031,1.9218120556728062
81,3,22,244,7,22,1,1,22,2,1,0.6190476190476191,0.0,0.6666666666666666,27.780260250296426,1.2069489608125845
82,1,110,9232,7,110,2,1,110,3,2,0.5714285714285714,0.6931471805579453,0.6,134.8146962613541,2.4138979216251535
83,6,110,9232,7,110,1,1,110,2,1,0.5714285714285714,0.0,0.5,134.8146962613541,1.921812055672816
84,1,9,84,7,9,1,1,9,2,1,0.6666666666666666,0.0,0.6666666666666666,11.48452599044853,1.2069489608125807
85,3,9,256,7,9,1,1,9,2,1,0.6190476190476191,0.0,0.6666666666666666,11.77220806290031,1.2069489608125807
86,1,30,196,7,30,1,1,30,2,1,0.6190476190476191,0.0,0.5,37.144522704544876,1.9218120556727767
87,8,30,592,7,30,1,1,30,2,1,0.6190476190476191,0.0,0.6666666666666666,37.432204776996656,1.2069489608125612
88,1,17,88,7,17,2,1,17,3,2,0.5714285714285714,0.6931471805579453,0.6,21.71183466205231,2.413897921625169
89,3,30,304,7,30,1,1,30,2,1,0.5714285714285714,0.0,0.5,37.43220477699665,1.9218120556727962
90,1,17,136,7,17,1,1,17,2,1,0.6666666666666666,0.0,0.6666666666666666,21.424152589600528,1.2069489608125925
91,73,92,9232,7,92,1,1,92,2,1,0.6190476190476191,0.0,0.6666666666666666,112.7382184857139,1.206948960812608
92,1,17,160,7,17,1,1,17,2,1,0.5714285714285714,0.0,0.5,21.71183466205231,1.9218120556728062
93,3,17,280,7,17,1,1,17,2,1,0.6190476190476191,0.0,0.6666666666666666,21.71183466205231,1.2069489608125845
94,1,105,9232,7,105,2,1,105,3,2,0.5714285714285714,0.6931471805579453,0.6,128.74627067311002,2.4138979216251535
95,13,105,9232,7,105,1,1,105,2,1,0.5714285714285714,0.0,0.5,128.74627067311002,1.9218120556727372
96,1,12,96,7,12,1,1,12,2,1,0.6666666666666666,0.0,0.6666666666666666,14.780362856452859,1.2069489608125807
97,3,118,9232,7,118,1,1,118,2,1,0.6190476190476191,0.0,0.6666666666666666,144.46664078805435,1.2069489608125143
98,1,25,148,7,25,1,1,25,2,1,0.6190476190476191,0.0,0.5,31.076097116300758,1.9218120556727962
99,6,25,448,7,25,1,1,25,2,1,0.6190476190476191,0.0,0.6666666666666666,31.363779188752538,1.2069489608125767
100,1,25,100,7,25,2,1,25,3,2,0.5714285714285714,0.6931471805579453,0.6,31.363779188752538,2.413897921625185
101,3,25,304,7,25,1,1,25,2,1,0.5714285714285714,0.0,0.5,31.363779188752538,1.921812055672816
102,1,25,232,7,25,1,1,25,2,1,0.6666666666666666,0.0,0.6666666666666666,31.363779188752538,1.2069489608125925
103,68,87,9232,7,87,1,1,87,2,1,0.6190476190476191,0.0,0.6666666666666666,106.6697928974698,1.2069489608125767
104,1,12,104,7,12,1,1,12,2,1,0.5714285714285714,0.0,0.5,15.355727001356419,1.921812055672811
105,3,38,808,7,38,1,1,38,2,1,0.6190476190476191,0.0,0.6666666666666666,47.37183137614863,1.2069489608125925
106,1,12,160,7,12,2,1,12,3,2,0.5714285714285714,0.6931471805579453,0.6,15.6434090738082,2.413897921625169
107,8,100,9232,7,100,1,1,100,2,1,0.5714285714285714,0.0,0.5,122.39016301241412,1.9218120556728555
108,1,113,9232,7,113,1,1,113,2,1,0.6666666666666666,0.0,0.6666666666666666,138.11053312735842,1.2069489608126394
109,3,113,9232,7,113,1,1,113,2,1,0.6190476190476191,0.0,0.6666666666666666,138.3982151998102,1.2069489608125767
110,1,113,9232,7,113,1,1,113,2,1,0.6190476190476191,0.0,0.5,138.3982151998102,1.921812055672816
111,50,69,9232,7,69,1,1,69,2,1,0.6190476190476191,0.0,0.6666666666666666,84.59331512182959,1.2069489608125767
112,1,20,112,7,20,2,1,20,3,2,0.5714285714285714,0.6931471805579453,0.6,25.295353600508424,2.4138979216251535
113,3,12,340,7,12,1,1,12,2,1,0.5714285714285714,0.0,0.5,15.355727001356419,1.921812055672811
114,1,33,196,7,33,1,1,33,2,1,0.6666666666666666,0.0,0.6666666666666666,40.72804164300097,1.2069489608125767
115,6,33,520,7,33,1,1,33,2,1,0.6190476190476191,0.0,0.6666666666666666,41.01572371545275,1.2069489608125767
116,1,20,116,7,20,1,1,20,2,1,0.5714285714285714,0.0,0.5,25.295353600508424,1.9218120556728062
117,3,20,352,7,20,1,1,20,2,1,0.6190476190476191,0.0,0.6666666666666666,25.295353600508424,1.2069489608125767
118,1,33,304,7,33,2,1,33,3,2,0.5714285714285714,0.6931471805579453,0.6,41.30340578790453,2.413897921625185
119,8,33,808,7,33,1,1,33,2,1,0.5714285714285714,0.0,0.5,41.30340578790453,1.9218120556727962
120,1,20,160,7,20,1,1,20,2,1,0.6666666666666666,0.0,0.6666666666666666,25.007671528056644,1.2069489608125767
121,3,95,9232,7,95,1,1,95,2,1,0.6190476190476191,0.0,0.6666666666666666,116.32173742417002,1.2069489608125767
122,1,20,184,7,20,1,1,20,2,1,0.6190476190476191,0.0,0.5,25.295353600508424,1.9218120556728062
123,13,46,628,7,46,1,1,46,2,1,0.6190476190476191,0.0,0.6666666666666666,57.023775902848826,1.2069489608125925
124,1,108,9232,7,108,2,1,108,3,2,0.5714285714285714,0.6931471805579453,0.6,132.3297896115661,2.4138979216251535
125,3,108,9232,7,108,1,1,108,2,1,0.5714285714285714,0.0,0.5,132.3297896115661,1.921812055672816
126,1,108,9232,7,108,1,1,108,2,1,0.6666666666666666,0.0,0.6666666666666666,132.3297896115661,1.2069489608125767
127,24,46,4372,7,46,1,1,46,2,1,0.6190476190476191,0.0,0.6666666666666666,57.311457975300605,1.2069489608125925
128,1,7,128,8,7,1,1,7,2,1,0.5714285714285714,0.0,0.5,9.287301413112312,1.9218120556728013
129,3,121,9232,8,121,1,1,121,2,1,0.6190476190476191,0.0,0.6666666666666666,148.05015972651043,1.2069489608126394
130,1,28,196,8,28,2,1,28,3,2,0.5714285714285714,0.6931471805579453,0.6,34.947298127208654,2.4138979216251535
131,6,28,592,8,28,1,1,28,2,1,0.5714285714285714,0.0,0.5,34.947298127208654,1.9218120556727962
132,1,28,132,8,28,1,1,28,2,1,0.6666666666666666,0.0,0.6666666666666666,34.659616054756874,1.2069489608125767
133,3,28,400,8,28,1,1,28,2,1,0.6190476190476191,0.0,0.6666666666666666,34.947298127208654,1.2069489608125925
134,1,28,304,8,28,1,1,28,2,1,0.6190476190476191,0.0,0.5,34.947298127208654,1.9218120556727962
135,11,41,916,8,41,1,1,41,2,1,0.6190476190476191,0.0,0.6666666666666666,50.66766824215295,1.2069489608125767
136,1,15,136,8,15,2,1,15,3,2,0.5714285714285714,0.6931471805579453,0.6,19.22692801226431,2.413897921625169
137,3,90,9232,8,90,1,1,90,2,1,0.5714285714285714,0.0,0.5,110.2533118359259,1.921812055672816
138,1,15,208,8,15,1,1,15,2,1,0.6666666666666666,0.0,0.6666666666666666,18.93924593981253,1.2069489608125845
139,8,41,628,8,41,1,1,41,2,1,0.6190476190476191,0.0,0.6666666666666666,50.955350314604736,1.2069489608125767
140,1,15,160,8,15,1,1,15,2,1,0.5714285714285714,0.0,0.5,19.22692801226431,1.9218120556728062
141,3,15,424,8,15,1,1,15,2,1,0.6190476190476191,0.0,0.6666666666666666,19.22692801226431,1.2069489608125845
142,1,103,9232,8,103,2,1,103,3,2,0.5714285714285714,0.6931471805579453,0.6,126.26136402332203,2.4138979216250913
143,11,103,9232,8,103,1,1,103,2,1,0.5714285714285714,0.0,0.5,126.26136402332203,1.9218120556727767
144,1,23,144,8,23,1,1,23,2,1,0.6666666666666666,0.0,0.6666666666666666,28.303508394060977,1.2069489608125767
145,3,116,9232,8,116,1,1,116,2,1,0.6190476190476191,0.0,0.6666666666666666,141.98173413826632,1.2069489608125767
146,1,116,9232,8,116,1,1,116,2,1,0.6190476190476191,0.0,0.5,141.98173413826635,1.9218120556727372
147,6,116,9232,8,116,1,1,116,2,1,0.6190476190476191,0.0,0.6666666666666666,142.2694162107181,1.2069489608125767
148,1,23,148,8,23,2,1,23,3,2,0.5714285714285714,0.6931471805579453,0.6,28.878872538964536,2.4138979216251535
149,3,23,448,8,23,1,1,23,2,1,0.5714285714285714,0.0,0.5,28.878872538964536,1.9218120556728062
150,1,15,340,8,15,1,1,15,2,1,0.6666666666666666,0.0,0.6666666666666666,18.93924593981253,1.2069489608125845
151,8,15,1024,8,15,1,1,15,2,1,0.6190476190476191,0.0,0.6666666666666666,19.22692801226431,1.2069489608125845
152,1,23,152,8,23,1,1,23,2,1,0.5714285714285714,0.0,0.5,28.878872538964536,1.9218120556728062
153,3,36,520,8,36,1,1,36,2,1,0.6190476190476191,0.0,0.6666666666666666,44.59924265390885,1.2069489608125925
154,1,23,232,8,23,2,1,23,3,2,0.5714285714285714,0.6931471805579453,0.6,29.166554611416316,2.413897921625169
155,65,85,9232,8,85,1,1,85,2,1,0.5714285714285714,0.0,0.5,104.18488624768182,1.9218120556727767
156,1,36,304,8,36,1,1,36,2,1,0.6666666666666666,0.0,0.6666666666666666,44.59924265390886,1.2069489608125612
157,3,36,472,8,36,1,1,36,2,1,0.6190476190476191,0.0,0.6666666666666666,44.88692472636063,1.2069489608125767
158,1,36,808,8,36,1,1,36,2,1,0.6190476190476191,0.0,0.5,44.88692472636063,1.9218120556727962
159,34,54,9232,8,54,1,1,54,2,1,0.6190476190476191,0.0,0.6666666666666666,66.38803835709724,1.2069489608125767
160,1,10,160,8,10,2,1,10,3,2,0.5714285714285714,0.6931471805579453,0.6,13.1585024240202,2.4138979216251615
161,3,98,9232,8,98,1,1,98,2,1,0.5714285714285714,0.0,0.5,119.90525636262613,1.9218120556727767
162,1,23,244,8,23,1,1,23,2,1,0.6666666666666666,0.0,0.6666666666666666,28.878872538964536,1.2069489608125845
163,6,23,736,8,23,1,1,23,2,1,0.6190476190476191,0.0,0.6666666666666666,29.166554611416316,1.2069489608125845
164,1,111,9232,8,111,1,1,111,2,1,0.5714285714285714,0.0,0.5,135.9133085500222,1.921812055672816
165,3,111,9232,8,111,1,1,111,2,1,0.6190476190476191,0.0,0.6666666666666666,135.9133085500222,1.2069489608126394
166,1,111,9232,8,111,2,1,111,3,2,0.5714285714285714,0.6931471805579453,0.6,136.200990622474,2.4138979216251535
167,47,67,9232,8,67,1,1,67,2,1,0.5714285714285714,0.0,0.5,82.10840847204157,1.9218120556728555
168,1,10,168,8,10,1,1,10,2,1,0.6666666666666666,0.0,0.6666666666666666,12.583138279116639,1.2069489608125807
169,3,49,4372,8,49,1,1,49,2,1,0.6190476190476191,0.0,0.6666666666666666,60.894976913756715,1.2069489608125767
170,1,10,256,8,10,1,1,10,2,1,0.6190476190476191,0.0,0.5,12.870820351568419,1.9218120556728062
171,8,124,9232,8,124,1,1,124,2,1,0.6190476190476191,0.0,0.6666666666666666,151.63367866496657,1.2069489608125767
172,1,31,196,8,31,2,1,31,3,2,0.5714285714285714,0.6931471805579453,0.6,38.530817065664756,2.4138979216251535
173,3,31,520,8,31,1,1,31,2,1,0.5714285714285714,0.0,0.5,38.530817065664756,1.921812055672816
174,1,31,592,8,31,1,1,31,2,1,0.6666666666666666,0.0,0.6666666666666666,38.530817065664756,1.2069489608125925
175,13,80,9232,8,80,1,1,80,2,1,0.6190476190476191,0.0,0.6666666666666666,98.1164606594377,1.2069489608125457
176,1,18,176,8,18,1,1,18,2,1,0.5714285714285714,0.0,0.5,22.810446950720422,1.9218120556728062
177,3,31,532,8,31,1,1,31,2,1,0.6190476190476191,0.0,0.6666666666666666,38.530817065664756,1.2069489608125767
178,1,31,304,8,31,2,1,31,3,2,0.5714285714285714,0.6931471805579453,0.6,38.818499138116536,2.4138979216251535
179,6,31,808,8,31,1,1,31,2,1,0.5714285714285714,0.0,0.5,38.818499138116536,1.9218120556727962
180,1,18,180,8,18,1,1,18,2,1,0.6666666666666666,0.0,0.6666666666666666,22.522764878268642,1.2069489608125767
181,3,18,544,8,18,1,1,18,2,1,0.6190476190476191,0.0,0.6666666666666666,22.810446950720422,1.2069489608125767
182,1,93,9232,8,93,1,1,93,2,1,0.6190476190476191,0.0,0.5,113.83683077438202,1.921812055672816
183,8,93,9232,8,93,1,1,93,2,1,0.6190476190476191,0.0,0.6666666666666666,114.1245128468338,1.206948960812608
184,1,18,184,8,18,2,1,18,3,2,0.5714285714285714,0.6931471805579453,0.6,23.098129023172202,2.413897921625169
185,3,44,628,8,44,1,1,44,2,1,0.5714285714285714,0.0,0.5,54.53886925306083,1.921812055672816
186,1,18,280,8,18,1,1,18,2,1,0.6666666666666666,0.0,0.6666666666666666,22.810446950720422,1.2069489608125845
187,11,44,952,8,44,1,1,44,2,1,0.6190476190476191,0.0,0.6666666666666666,54.82655132551261,1.2069489608125925
188,1,106,9232,8,106,1,1,106,2,1,0.5714285714285714,0.0,0.5,129.84488296177813,1.9218120556727372
189,3,106,9232,8,106,1,1,106,2,1,0.6190476190476191,0.0,0.6666666666666666,129.84488296177813,1.2069489608125767
190,1,106,9232,8,106,2,1,106,3,2,0.5714285714285714,0.6931471805579453,0.6,130.13256503422988,2.4138979216251535
191,21,44,4372,8,44,1,1,44,2,1,0.5714285714285714,0.0,0.5,54.82655132551261,1.9218120556727962
192,1,13,192,8,13,1,1,13,2,1,0.6666666666666666,0.0,0.6666666666666666,15.878975145120968,1.2069489608125845
193,3,119,9232,8,119,1,1,119,2,1,0.6190476190476191,0.0,0.6666666666666666,145.56525307672243,1.2069489608126394
194,1,119,9232,8,119,1,1,119,2,1,0.6190476190476191,0.0,0.5,145.56525307672243,1.921812055672816
195,6,119,9232,8,119,1,1,119,2,1,0.6190476190476191,0.0,0.6666666666666666,145.85293514917421,1.2069489608125767
196,1,26,196,8,26,2,1,26,3,2,0.5714285714285714,0.6931471805579453,0.6,32.462391477420645,2.413897921625185
197,3,26,592,8,26,1,1,26,2,1,0.5714285714285714,0.0,0.5,32.462391477420645,1.9218120556728358
198,1,26,448,8,26,1,1,26,2,1,0.6666666666666666,0.0,0.6666666666666666,32.462391477420645,1.2069489608125925
199,13,119,9232,8,119,1,1,119,2,1,0.6190476190476191,0.0,0.6666666666666666,145.85293514917421,1.2069489608125767
200,1,26,200,8,26,1,1,26,2,1,0.5714285714285714,0.0,0.5,32.46239147742065,1.921812055672816
201,3,18,1024,8,18,1,1,18,2,1,0.6190476190476191,0.0,0.6666666666666666,22.810446950720422,1.2069489608125845
202,1,26,304,8,26,2,1,26,3,2,0.5714285714285714,0.6931471805579453,0.6,32.75007354987243,2.413897921625185
203,8,39,916,8,39,1,1,39,2,1,0.5714285714285714,0.0,0.5,48.182761592364955,1.921812055672816
204,1,26,232,8,26,1,1,26,2,1,0.6666666666666666,0.0,0.6666666666666666,32.46239147742065,1.2069489608125767
205,3,26,616,8,26,1,1,26,2,1,0.6190476190476191,0.0,0.6666666666666666,32.75007354987243,1.2069489608125925
206,1,88,9232,8,88,1,1,88,2,1,0.6190476190476191,0.0,0.5,107.76840518613791,1.9218120556727767
207,21,88,9232,8,88,1,1,88,2,1,0.6190476190476191,0.0,0.6666666666666666,108.05608725858968,1.2069489608125767
208,1,13,208,8,13,2,1,13,3,2,0.5714285714285714,0.6931471805579453,0.6,16.74202136247631,2.4138979216251535
209,3,39,628,8,39,1,1,39,2,1,0.5714285714285714,0.0,0.5,48.470443664816734,1.9218120556727962
210,1,39,808,8,39,1,1,39,2,1,0.6666666666666666,0.0,0.6666666666666666,48.47044366481674,1.2069489608125767
211,6,39,952,8,39,1,1,39,2,1,0.6190476190476191,0.0,0.6666666666666666,48.758125737268514,1.2069489608125767
212,1,13,212,8,13,1,1,13,2,1,0.5714285714285714,0.0,0.5,16.74202136247631,1.9218120556728062
213,3,13,640,8,13,1,1,13,2,1,0.6190476190476191,0.0,0.6666666666666666,16.74202136247631,1.2069489608125767
214,1,101,9232,8,101,2,1,101,3,2,0.5714285714285714,0.6931471805579453,0.6,123.77645737353403,2.4138979216250913
215,8,101,9232,8,101,1,1,101,2,1,0.5714285714285714,0.0,0.5,123.77645737353403,1.9218120556727767
216,1,114,9232,8,114,1,1,114,2,1,0.6666666666666666,0.0,0.6666666666666666,139.20914541602656,1.2069489608125143
217,3,26,736,8,26,1,1,26,2,1,0.6190476190476191,0.0,0.6666666666666666,32.75007354987243,1.2069489608125925
218,1,114,9232,8,114,1,1,114,2,1,0.6190476190476191,0.0,0.5,139.49682748847832,1.921812055672816
219,13,52,1672,8,52,1,1,52,2,1,0.6190476190476191,0.0,0.6666666666666666,64.47849585221282,1.2069489608125767
220,1,114,9232,8,114,2,1,114,3,2,0.5714285714285714,0.6931471805579453,0.6,139.7845095609301,2.4138979216251535
221,3,114,9232,8,114,1,1,114,2,1,0.5714285714285714,0.0,0.5,139.7845095609301,1.921812055672816
222,1,70,9232,8,70,1,1,70,2,1,0.6666666666666666,0.0,0.6666666666666666,85.6919274104977,1.2069489608125767
223,50,70,9232,8,70,1,1,70,2,1,0.6190476190476191,0.0,0.6666666666666666,85.97960948294947,1.2069489608125767
224,1,21,224,8,21,1,1,21,2,1,0.5714285714285714,0.0,0.5,26.39396588917653,1.921812055672816
225,3,52,4372,8,52,1,1,52,2,1,0.6190476190476191,0.0,0.6666666666666666,64.47849585221282,1.2069489608125767
226,1,13,340,8,13,2,1,13,3,2,0.5714285714285714,0.6931471805579453,0.6,16.74202136247631,2.4138979216251535
227,6,13,1024,8,13,1,1,13,2,1,0.5714285714285714,0.0,0.5,16.74202136247631,1.9218120556728062
228,1,34,228,8,34,1,1,34,2,1,0.6666666666666666,0.0,0.6666666666666666,41.82665393166908,1.2069489608125767
229,3,34,688,8,34,1,1,34,2,1,0.6190476190476191,0.0,0.6666666666666666,42.11433600412086,1.2069489608125925
230,1,34,520,8,34,1,1,34,2,1,0.6190476190476191,0.0,0.5,42.11433600412086,1.921812055672816
231,19,127,9232,8,127,1,1,127,2,1,0.6190476190476191,0.0,0.6666666666666666,155.50487967587446,1.2069489608125143
232,1,21,232,8,21,2,1,21,3,2,0.5714285714285714,0.6931471805579453,0.6,26.681647961628315,2.413897921625169
233,3,83,9232,8,83,1,1,83,2,1,0.5714285714285714,0.0,0.5,101.6999795978938,1.921812055672816
234,1,21,352,8,21,1,1,21,2,1,0.6666666666666666,0.0,0.6666666666666666,26.39396588917653,1.2069489608125925
235,8,127,9232,8,127,1,1,127,2,1,0.6190476190476191,0.0,0.6666666666666666,155.50487967587443,1.2069489608125767
236,1,34,304,8,34,1,1,34,2,1,0.5714285714285714,0.0,0.5,42.402018076572645,1.9218120556727767
237,3,34,712,8,34,1,1,34,2,1,0.6190476190476191,0.0,0.6666666666666666,42.402018076572645,1.2069489608125612
238,1,34,808,8,34,2,1,34,3,2,0.5714285714285714,0.6931471805579453,0.6,42.68970014902442,2.4138979216251535
239,32,52,9232,8,52,1,1,52,2,1,0.5714285714285714,0.0,0.5,63.90313170730926,1.9218120556727767
240,1,21,240,8,21,1,1,21,2,1,0.6666666666666666,0.0,0.6666666666666666,26.10628381672475,1.2069489608125925
241,3,21,724,8,21,1,1,21,2,1,0.6190476190476191,0.0,0.6666666666666666,26.39396588917653,1.2069489608125925
242,1,96,9232,8,96,1,1,96,2,1,0.6190476190476191,0.0,0.5,117.42034971283813,1.9218120556727767
243,6,96,9232,8,96,1,1,96,2,1,0.6190476190476191,0.0,0.6666666666666666,117.70803178528992,1.2069489608125457
244,1,21,244,8,21,2,1,21,3,2,0.5714285714285714,0.6931471805579453,0.6,26.681647961628315,2.413897921625169
245,3,21,736,8,21,1,1,21,2,1,0.5714285714285714,0.0,0.5,26.681647961628315,1.9218120556728062
246,1,47,628,8,47,1,1,47,2,1,0.6666666666666666,0.0,0.6666666666666666,58.12238819151694,1.2069489608125612
247,8,47,1672,8,47,1,1,47,2,1,0.6190476190476191,0.0,0.6666666666666666,58.41007026396871,1.2069489608125767
248,1,109,9232,8,109,1,1,109,2,1,0.5714285714285714,0.0,0.5,133.4284019002342,1.921812055672816
249,3,47,952,8,47,1,1,47,2,1,0.6190476190476191,0.0,0.6666666666666666,58.41007026396871,1.2069489608125925
250,1,109,9232,8,109,2,1,109,3,2,0.5714285714285714,0.6931471805579453,0.6,133.716083972686,2.4138979216251535
251,44,65,9232,8,65,1,1,65,2,1,0.5714285714285714,0.0,0.5,79.62350182225357,1.9218120556728555
252,1,109,9232,8,109,1,1,109,2,1,0.6666666666666666,0.0,0.6666666666666666,133.4284019002342,1.2069489608126394
253,3,109,9232,8,109,1,1,109,2,1,0.6190476190476191,0.0,0.6666666666666666,133.716083972686,1.2069489608125767
254,1,47,4372,8,47,1,1,47,2,1,0.6190476190476191,0.0,0.5,58.41007026396872,1.9218120556727767
255,21,47,13120,8,47,1,1,-1,2,1,0.6190476190476191,0.0,0.6666666666666666,16.818982403612438,1.2069489608125845
256,1,8,256,9,8,2,1,8,3,2,0.5714285714285714,0.6931471805579453,0.6,10.6735957742322,2.4138979216251615
257,3,122,9232,9,122,1,1,122,2,1,0.5714285714285714,0.0,0.5,149.14877201517857,1.9218120556727372
258,1,122,9232,9,122,1,1,122,2,1,0.6666666666666666,0.0,0.6666666666666666,149.14877201517857,1.2069489608125143
259,6,122,9232,9,122,1,1,122,2,1,0.6190476190476191,0.0,0.6666666666666666,149.43645408763032,1.2069489608125767
260,1,29,260,9,29,1,1,29,2,1,0.5714285714285714,0.0,0.5,36.04591041587676,1.921812055672816
261,3,29,784,9,29,1,1,29,2,1,0.6190476190476191,0.0,0.6666666666666666,36.04591041587676,1.2069489608125925
262,1,29,592,9,29,2,1,29,3,2,0.5714285714285714,0.6931471805579453,0.6,36.33359248832854,2.413897921625185
263,11,78,9232,9,78,1,1,78,2,1,0.5714285714285714,0.0,0.5,95.6315540096497,1.9218120556727767
264,1,29,264,9,29,1,1,29,2,1,0.6666666666666666,0.0,0.6666666666666666,35.75822834342498,1.2069489608125767
265,3,122,9232,9,122,1,1,122,2,1,0.6190476190476191,0.0,0.6666666666666666,149.43645408763032,1.2069489608125767
266,1,29,400,9,29,1,1,29,2,1,0.6190476190476191,0.0,0.5,36.04591041587677,1.9218120556727767
267,8,21,1204,9,21,1,1,21,2,1,0.6190476190476191,0.0,0.6666666666666666,26.39396588917653,1.2069489608125925
268,1,29,304,9,29,2,1,29,3,2,0.5714285714285714,0.6931471805579453,0.6,36.33359248832854,2.4138979216251535
269,3,29,808,9,29,1,1,29,2,1,0.5714285714285714,0.0,0.5,36.33359248832854,1.9218120556727962
270,1,42,916,9,42,1,1,42,2,1,0.6666666666666666,0.0,0.6666666666666666,51.76628053082106,1.2069489608125925
271,11,42,2752,9,42,1,1,42,2,1,0.6190476190476191,0.0,0.6666666666666666,52.05396260327284,1.2069489608125767
272,1,16,272,9,16,1,1,16,2,1,0.5714285714285714,0.0,0.5,20.32554030093242,1.9218120556728062
273,3,29,820,9,29,1,1,29,2,1,0.6190476190476191,0.0,0.6666666666666666,36.33359248832854,1.2069489608125925
274,1,91,9232,9,91,2,1,91,3,2,0.5714285714285714,0.6931471805579453,0.6,111.6396061970458,2.4138979216251535
275,6,91,9232,9,91,1,1,91,2,1,0.5714285714285714,0.0,0.5,111.6396061970458,1.921812055672816
276,1,16,276,9,16,1,1,16,2,1,0.6666666666666666,0.0,0.6666666666666666,20.03785822848064,1.2069489608125767
277,3,16,832,9,16,1,1,16,2,1,0.6190476190476191,0.0,0.6666666666666666,20.32554030093242,1.2069489608125767
278,1,42,628,9,42,1,1,42,2,1,0.6190476190476191,0.0,0.5,52.05396260327284,1.9218120556727962
279,8,42,1888,9,42,1,1,42,2,1,0.6190476190476191,0.0,0.6666666666666666,52.341644675724616,1.2069489608125925
280,1,16,280,9,16,2,1,16,3,2,0.5714285714285714,0.6931471805579453,0.6,20.6132223733842,2.413897921625169
281,3,42,952,9,42,1,1,42,2,1,0.5714285714285714,0.0,0.5,52.341644675724616,1.9218120556727962
282,1,16,424,9,16,1,1,16,2,1,0.6666666666666666,0.0,0.6666666666666666,20.32554030093242,1.2069489608125845
283,39,60,9232,9,60,1,1,60,2,1,0.6190476190476191,0.0,0.6666666666666666,73.55507623400948,1.2069489608125767
284,1,104,9232,9,104,1,1,104,2,1,0.5714285714285714,0.0,0.5,127.35997631199012,1.921812055672816
285,3,104,9232,9,104,1,1,104,2,1,0.6190476190476191,0.0,0.6666666666666666,127.35997631199012,1.2069489608125767
286,1,104,9232,9,104,2,1,104,3,2,0.5714285714285714,0.6931471805579453,0.6,127.64765838444191,2.4138979216251535
287,16,42,4372,9,42,1,1,42,2,1,0.5714285714285714,0.0,0.5,52.341644675724616,1.9218120556727962
288,1,24,288,9,24,1,1,24,2,1,0.6666666666666666,0.0,0.6666666666666666,29.402120682729084,1.2069489608125845
289,3,29,868,9,29,1,1,29,2,1,0.6190476190476191,0.0,0.6666666666666666,36.33359248832854,1.2069489608125925
290,1,117,9232,9,117,1,1,117,2,1,0.6190476190476191,0.0,0.5,143.08034642693443,1.921812055672816
291,6,117,9232,9,117,1,1,117,2,1,0.6190476190476191,0.0,0.6666666666666666,143.3680284993862,1.2069489608125767
292,1,117,9232,9,117,2,1,117,3,2,0.5714285714285714,0.6931471805579453,0.6,143.3680284993862,2.4138979216252787
293,3,117,9232,9,117,1,1,117,2,1,0.5714285714285714,0.0,0.5,143.3680284993862,1.921812055672816
294,1,117,9232,9,117,1,1,117,2,1,0.6666666666666666,0.0,0.6666666666666666,143.3680284993862,1.2069489608126394
295,13,55,2248,9,55,1,1,55,2,1,0.6190476190476191,0.0,0.6666666666666666,68.3496968631207,1.2069489608125767
296,1,24,296,9,24,1,1,24,2,1,0.5714285714285714,0.0,0.5,29.977484827632644,1.921812055672816
297,3,73,9232,9,73,1,1,73,2,1,0.6190476190476191,0.0,0.6666666666666666,89.56312842140558,1.206948960812608
298,1,24,448,9,24,2,1,24,3,2,0.5714285714285714,0.6931471805579453,0.6,30.265166900084427,2.413897921625169
299,8,117,9232,9,117,1,1,117,2,1,0.5714285714285714,0.0,0.5,143.3680284993862,1.921812055672816
300,1,16,340,9,16,1,1,16,2,1,0.6666666666666666,0.0,0.6666666666666666,20.03785822848064,1.2069489608125767
301,3,16,904,9,16,1,1,16,2,1,0.6190476190476191,0.0,0.6666666666666666,20.32554030093242,1.2069489608125767
302,1,16,1024,9,16,1,1,16,2,1,0.6190476190476191,0.0,0.5,20.32554030093242,1.9218120556728062
303,21,42,3076,9,42,1,1,42,2,1,0.6190476190476191,0.0,0.6666666666666666,52.053962603272836,1.2069489608125767
304,1,24,304,9,24,2,1,24,3,2,0.5714285714285714,0.6931471805579453,0.6,30.265166900084427,2.413897921625169
305,3,37,916,9,37,1,1,37,2,1,0.5714285714285714,0.0,0.5,45.69785494257696,1.921812055672816
306,1,37,520,9,37,1,1,37,2,1,0.6666666666666666,0.0,0.6666666666666666,45.69785494257697,1.2069489608125767
307,6,37,1384,9,37,1,1,37,2,1,0.6190476190476191,0.0,0.6666666666666666,45.98553701502875,1.2069489608125767
308,1,24,308,9,24,1,1,24,2,1,0.5714285714285714,0.0,0.5,30.265166900084427,1.9218120556728062
309,3,24,928,9,24,1,1,24,2,1,0.6190476190476191,0.0,0.6666666666666666,30.265166900084427,1.2069489608125845
310,1,86,9232,9,86,2,1,86,3,2,0.5714285714285714,0.6931471805579453,0.6,105.5711806088017,2.4138979216251535
311,8,86,9232,9,86,1,1,86,2,1,0.5714285714285714,0.0,0.5,105.5711806088017,1.9218120556727767
312,1,37,312,9,37,1,1,37,2,1,0.6666666666666666,0.0,0.6666666666666666,45.69785494257696,1.2069489608125767
313,3,130,9232,9,130,1,1,130,2,1,0.6190476190476191,0.0,0.6666666666666666,159.08839861433057,1.2069489608125143
314,1,37,472,9,37,1,1,37,2,1,0.6190476190476191,0.0,0.5,45.98553701502874,1.9218120556727962
315,11,37,1600,9,37,1,1,37,2,1,0.6190476190476191,0.0,0.6666666666666666,45.98553701502875,1.2069489608125767
316,1,37,808,9,37,2,1,37,3,2,0.5714285714285714,0.6931471805579453,0.6,46.27321908748052,2.4138979216251535
317,3,37,952,9,37,1,1,37,2,1,0.5714285714285714,0.0,0.5,46.27321908748052,1.9218120556727962
318,1,55,9232,9,55,1,1,55,2,1,0.6666666666666666,0.0,0.6666666666666666,67.48665064576535,1.206948960812608
319,34,55,9232,9,55,1,1,55,2,1,0.6190476190476191,0.0,0.6666666666666666,67.48665064576535,1.2069489608125767
320,1,11,320,9,11,1,1,11,2,1,0.5714285714285714,0.0,0.5,14.25711471268831,1.9218120556728062
321,3,24,964,9,24,1,1,24,2,1,0.6190476190476191,0.0,0.6666666666666666,29.977484827632647,1.2069489608125845
322,1,99,9232,9,99,2,1,99,3,2,0.5714285714285714,0.6931471805579453,0.6,121.29155072374601,2.4138979216251535
323,6,99,9232,9,99,1,1,99,2,1,0.5714285714285714,0.0,0.5,121.29155072374601,1.921812055672816
324,1,24,324,9,24,1,1,24,2,1,0.6666666666666666,0.0,0.6666666666666666,29.977484827632647,1.2069489608125767
325,3,24,976,9,24,1,1,24,2,1,0.6190476190476191,0.0,0.6666666666666666,30.265166900084427,1.2069489608125845
326,1,24,736,9,24,1,1,24,2,1,0.6190476190476191,0.0,0.5,30.265166900084427,1.9218120556728062
327,34,143,9232,9,143,1,1,143,2,1,0.6190476190476191,0.0,0.6666666666666666,174.23340458437133,1.2069489608125767
328,1,112,9232,9,112,2,1,112,3,2,0.5714285714285714,0.6931471805579453,0.6,137.2996029111421,2.4138979216251535
329,3,50,1672,9,50,1,1,50,2,1,0.5714285714285714,0.0,0.5,61.99358920242482,1.9218120556727767
330,1,112,9232,9,112,1,1,112,2,1,0.6666666666666666,0.0,0.6666666666666666,137.01192083869034,1.2069489608125143
331,8,24,1492,9,24,1,1,24,2,1,0.6190476190476191,0.0,0.6666666666666666,30.265166900084427,1.2069489608125845
332,1,112,9232,9,112,1,1,112,2,1,0.5714285714285714,0.0,0.5,137.2996029111421,1.921812055672816
333,3,112,9232,9,112,1,1,112,2,1,0.6190476190476191,0.0,0.6666666666666666,137.2996029111421,1.2069489608125767
334,1,68,9232,9,68,2,1,68,3,2,0.5714285714285714,0.6931471805579453,0.6,83.49470283316148,2.4138979216251535
335,13,68,9232,9,68,1,1,68,2,1,0.5714285714285714,0.0,0.5,83.49470283316148,1.9218120556727767
336,1,11,336,9,11,1,1,11,2,1,0.6666666666666666,0.0,0.6666666666666666,13.681750567784748,1.2069489608125845
337,3,112,9232,9,112,1,1,112,2,1,0.6190476190476191,0.0,0.6666666666666666,137.2996029111421,1.2069489608125767
338,1,50,4372,9,50,1,1,50,2,1,0.6190476190476191,0.0,0.5,61.99358920242482,1.9218120556727962
339,6,50,4372,9,50,1,1,50,2,1,0.6190476190476191,0.0,0.6666666666666666,62.281271274876595,1.2069489608125925
340,1,11,340,9,11,2,1,11,3,2,0.5714285714285714,0.6931471805579453,0.6,14.25711471268831,2.4138979216251615
341,3,11,1024,9,11,1,1,11,2,1,0.5714285714285714,0.0,0.5,14.25711471268831,1.9218120556728062
342,1,125,9232,9,125,1,1,125,2,1,0.6666666666666666,0.0,0.6666666666666666,152.73229095363467,1.2069489608125143
343,8,125,9232,9,125,1,1,125,2,1,0.6190476190476191,0.0,0.6666666666666666,153.01997302608643,1.2069489608125767
344,1,32,344,9,32,1,1,32,2,1,0.5714285714285714,0.0,0.5,39.62942935433286,1.9218120556727962
345,3,125,9232,9,125,1,1,125,2,1,0.6190476190476191,0.0,0.6666666666666666,153.01997302608643,1.2069489608125767
346,1,32,520,9,32,2,1,32,3,2,0.5714285714285714,0.6931471805579453,0.6,39.91711142678465,2.4138979216251224
347,16,125,9232,9,125,1,1,125,2,1,0.5714285714285714,0.0,0.5,153.01997302608643,1.921812055672816
348,1,32,592,9,32,1,1,32,2,1,0.6666666666666666,0.0,0.6666666666666666,39.62942935433287,1.2069489608125612
349,3,32,1048,9,32,1,1,32,2,1,0.6190476190476191,0.0,0.6666666666666666,39.91711142678465,1.2069489608125612
350,1,81,9232,9,81,1,1,81,2,1,0.6190476190476191,0.0,0.5,99.2150729481058,1.921812055672816
351,13,81,9232,9,81,1,1,81,2,1,0.6190476190476191,0.0,0.6666666666666666,99.2150729481058,1.2069489608125767
352,1,19,352,9,19,2,1,19,3,2,0.5714285714285714,0.6931471805579453,0.6,24.196741311840313,2.413897921625169
353,3,125,9232,9,125,1,1,125,2,1,0.5714285714285714,0.0,0.5,153.01997302608646,1.9218120556727372
354,1,32,532,9,32,1,1,32,2,1,0.6666666666666666,0.0,0.6666666666666666,39.62942935433286,1.2069489608125767
355,6,32,1600,9,32,1,1,32,2,1,0.6190476190476191,0.0,0.6666666666666666,39.91711142678464,1.2069489608125767
356,1,32,356,9,32,1,1,32,2,1,0.5714285714285714,0.0,0.5,39.91711142678464,1.9218120556727962
357,3,32,1072,9,32,1,1,32,2,1,0.6190476190476191,0.0,0.6666666666666666,39.91711142678464,1.2069489608125925
358,1,32,808,9,32,2,1,32,3,2,0.5714285714285714,0.6931471805579453,0.6,40.20479349923642,2.4138979216251535
359,26,50,9232,9,50,1,1,50,2,1,0.5714285714285714,0.0,0.5,61.41822505752126,1.9218120556727962
360,1,19,360,9,19,1,1,19,2,1,0.6666666666666666,0.0,0.6666666666666666,23.62137716693675,1.2069489608125845
361,3,45,2752,9,45,1,1,45,2,1,0.6190476190476191,0.0,0.6666666666666666,55.637481541728945,1.2069489608125767
362,1,19,544,9,19,1,1,19,2,1,0.6190476190476191,0.0,0.5,23.90905923938853,1.921812055672816
363,8,45,1636,9,45,1,1,45,2,1,0.6190476190476191,0.0,0.6666666666666666,55.63748154172894,1.2069489608125925
364,1,94,9232,9,94,2,1,94,3,2,0.5714285714285714,0.6931471805579453,0.6,115.22312513550192,2.4138979216251535
365,3,94,9232,9,94,1,1,94,2,1,0.5714285714285714,0.0,0.5,115.22312513550192,1.9218120556727767
366,1,94,9232,9,94,1,1,94,2,1,0.6666666666666666,0.0,0.6666666666666666,115.22312513550192,1.2069489608125767
367,16,45,4192,9,45,1,1,45,2,1,0.6190476190476191,0.0,0.6666666666666666,55.92516361418072,1.2069489608125767
368,1,19,368,9,19,1,1,19,2,1,0.5714285714285714,0.0,0.5,24.196741311840313,1.9218120556728062
369,3,19,1108,9,19,1,1,19,2,1,0.6190476190476191,0.0,0.6666666666666666,23.90905923938853,1.2069489608125925
370,1,45,628,9,45,2,1,45,3,2,0.5714285714285714,0.6931471805579453,0.6,55.925163614180725,2.4138979216251224
371,6,45,1672,9,45,1,1,45,2,1,0.5714285714285714,0.0,0.5,55.925163614180725,1.9218120556727767
372,1,19,372,9,19,1,1,19,2,1,0.6666666666666666,0.0,0.6666666666666666,23.909059239388533,1.2069489608125845
373,3,19,1120,9,19,1,1,19,2,1,0.6190476190476191,0.0,0.6666666666666666,24.196741311840313,1.2069489608125845
374,1,45,952,9,45,1,1,45,2,1,0.6190476190476191,0.0,0.5,55.925163614180725,1.9218120556727767
375,8,45,2536,9,45,1,1,45,2,1,0.6190476190476191,0.0,0.6666666666666666,56.2128456866325,1.2069489608125767
376,1,107,9232,9,107,2,1,107,3,2,0.5714285714285714,0.6931471805579453,0.6,131.231177322898,2.4138979216251535
377,3,63,9232,9,63,1,1,63,2,1,0.5714285714285714,0.0,0.5,77.13859517246557,1.9218120556728555
378,1,107,9232,9,107,1,1,107,2,1,0.6666666666666666,0.0,0.6666666666666666,130.94349525044623,1.2069489608125767
379,13,58,2752,9,58,1,1,58,2,1,0.6190476190476191,0.0,0.6666666666666666,71.35785165667325,1.206948960812608
380,1,107,9232,9,107,1,1,107,2,1,0.5714285714285714,0.0,0.5,131.231177322898,1.921812055672816
381,3,107,9232,9,107,1,1,107,2,1,0.6190476190476191,0.0,0.6666666666666666,131.231177322898,1.2069489608125767
382,1,45,4372,9,45,2,1,45,3,2,0.5714285714285714,0.6931471805579453,0.6,56.2128456866325,2.4138979216251535
383,19,45,13120,9,45,1,1,-1,2,1,0.5714285714285714,0.0,0.5,14.334075753824438,1.9218120556728062
384,1,14,384,9,14,1,1,14,2,1,0.6666666666666666,0.0,0.6666666666666666,16.97758743378908,1.2069489608125767
385,3,32,1156,9,32,1,1,32,2,1,0.6190476190476191,0.0,0.6666666666666666,39.91711142678465,1.2069489608125612
386,1,120,9232,9,120,1,1,120,2,1,0.6190476190476191,0.0,0.5,146.66386536539056,1.9218120556727372
387,6,120,9232,9,120,1,1,120,2,1,0.6190476190476191,0.0,0.6666666666666666,146.95154743784235,1.2069489608125143
388,1,120,9232,9,120,2,1,120,3,2,0.5714285714285714,0.6931471805579453,0.6,146.95154743784232,2.4138979216251535
389,3,120,9232,9,120,1,1,120,2,1,0.5714285714285714,0.0,0.5,146.95154743784232,1.921812055672816
390,1,120,9232,9,120,1,1,120,2,1,0.6666666666666666,0.0,0.6666666666666666,146.95154743784232,1.2069489608125767
391,11,120,9232,9,120,1,1,120,2,1,0.6190476190476191,0.0,0.6666666666666666,146.95154743784235,1.2069489608125143
392,1,27,392,9,27,1,1,27,2,1,0.5714285714285714,0.0,0.5,33.56100376608876,1.921812055672816
393,3,58,2248,9,58,1,1,58,2,1,0.6190476190476191,0.0,0.6666666666666666,71.93321580157681,1.206948960812608
394,1,27,592,9,27,2,1,27,3,2,0.5714285714285714,0.6931471805579453,0.6,33.84868583854055,2.4138979216251535
395,8,76,9232,9,76,1,1,76,2,1,0.5714285714285714,0.0,0.5,93.1466473598617,1.9218120556727767
396,1,27,448,9,27,1,1,27,2,1,0.6666666666666666,0.0,0.6666666666666666,33.56100376608876,1.2069489608125925
397,3,27,1192,9,27,1,1,27,2,1,0.6190476190476191,0.0,0.6666666666666666,33.84868583854055,1.2069489608125767
398,1,120,9232,9,120,1,1,120,2,1,0.6190476190476191,0.0,0.5,146.95154743784232,1.921812055672816
399,11,120,9232,9,120,1,1,120,2,1,0.6190476190476191,0.0,0.6666666666666666,147.2392295102941,1.2069489608125767
400,1,27,400,9,27,2,1,27,3,2,0.5714285714285714,0.6931471805579453,0.6,33.84868583854055,2.4138979216251535
401,3,19,1204,9,19,1,1,19,2,1,0.5714285714285714,0.0,0.5,23.90905923938853,1.921812055672816
402,1,19,1024,9,19,1,1,19,2,1,0.6666666666666666,0.0,0.6666666666666666,23.909059239388533,1.2069489608125845
403,6,19,1816,9,19,1,1,19,2,1,0.6190476190476191,0.0,0.6666666666666666,24.196741311840313,1.2069489608125845
404,1,27,404,9,27,1,1,27,2,1,0.5714285714285714,0.0,0.5,33.84868583854055,1.9218120556727962
405,3,27,1216,9,27,1,1,27,2,1,0.6190476190476191,0.0,0.6666666666666666,33.84868583854055,1.2069489608125767
406,1,40,916,9,40,2,1,40,3,2,0.5714285714285714,0.6931471805579453,0.6,49.56905595348485,2.4138979216251224
407,8,40,2752,9,40,1,1,40,2,1,0.5714285714285714,0.0,0.5,49.56905595348485,1.9218120556727962
408,1,27,408,9,27,1,1,27,2,1,0.6666666666666666,0.0,0.6666666666666666,33.56100376608876,1.2069489608125925
409,3,40,1384,9,40,1,1,40,2,1,0.6190476190476191,0.0,0.6666666666666666,49.56905595348485,1.2069489608125767
410,1,27,616,9,27,1,1,27,2,1,0.6190476190476191,0.0,0.5,33.84868583854055,1.9218120556727962
411,24,133,9232,9,133,1,1,133,2,1,0.6190476190476191,0.0,0.6666666666666666,162.95959962523844,1.2069489608125767
412,1,89,9232,9,89,2,1,89,3,2,0.5714285714285714,0.6931471805579453,0.6,109.15469954725779,2.4138979216251535
413,3,89,9232,9,89,1,1,89,2,1,0.5714285714285714,0.0,0.5,109.15469954725779,1.921812055672816
414,1,89,9232,9,89,1,1,89,2,1,0.6666666666666666,0.0,0.6666666666666666,109.15469954725779,1.206948960812608
415,24,133,9232,9,133,1,1,133,2,1,0.6190476190476191,0.0,0.6666666666666666,162.0965534078831,1.2069489608125767
416,1,14,416,9,14,1,1,14,2,1,0.5714285714285714,0.0,0.5,17.84063365114442,1.9218120556728062
417,3,133,9232,9,133,1,1,133,2,1,0.6190476190476191,0.0,0.6666666666666666,162.67191755278668,1.2069489608125143
418,1,40,628,9,40,2,1,40,3,2,0.5714285714285714,0.6931471805579453,0.6,49.85673802593662,2.413897921625185
419,6,40,1888,9,40,1,1,40,2,1,0.5714285714285714,0.0,0.5,49.85673802593662,1.9218120556727962
420,1,40,808,9,40,1,1,40,2,1,0.6666666666666666,0.0,0.6666666666666666,49.56905595348485,1.2069489608125612
421,3,40,1264,9,40,1,1,40,2,1,0.6190476190476191,0.0,0.6666666666666666,49.85673802593662,1.2069489608125925
422,1,40,952,9,40,1,1,40,2,1,0.6190476190476191,0.0,0.5,49.85673802593662,1.9218120556727962
423,16,32,3220,9,32,1,1,32,2,1,0.6190476190476191,0.0,0.6666666666666666,39.91711142678464,1.2069489608125767
424,1,14,424,9,14,2,1,14,3,2,0.5714285714285714,0.6931471805579453,0.6,18.128315723596202,2.4138979216251535
425,3,58,9232,9,58,1,1,58,2,1,0.5714285714285714,0.0,0.5,71.07016958422147,1.921812055672816
426,1,14,640,9,14,1,1,14,2,1,0.6666666666666666,0.0,0.6666666666666666,17.84063365114442,1.2069489608125845
427,8,53,2752,9,53,1,1,53,2,1,0.6190476190476191,0.0,0.6666666666666666,65.28942606842914,1.2069489608125767
428,1,102,9232,9,102,1,1,102,2,1,0.5714285714285714,0.0,0.5,124.87506966220212,1.9218120556728555
429,3,102,9232,9,102,1,1,102,2,1,0.6190476190476191,0.0,0.6666666666666666,124.87506966220212,1.206948960812608
430,1,102,9232,9,102,2,1,102,3,2,0.5714285714285714,0.6931471805579453,0.6,125.16275173465391,2.413897921625216
431,13,40,4372,9,40,1,1,40,2,1,0.5714285714285714,0.0,0.5,49.85673802593662,1.9218120556727962
432,1,115,9232,9,115,1,1,115,2,1,0.6666666666666666,0.0,0.6666666666666666,140.30775770469464,1.2069489608126394
433,3,27,1300,9,27,1,1,27,2,1,0.6190476190476191,0.0,0.6666666666666666,33.84868583854054,1.2069489608125925
434,1,27,736,9,27,1,1,27,2,1,0.6190476190476191,0.0,0.5,33.84868583854055,1.9218120556727962
435,6,27,1960,9,27,1,1,27,2,1,0.6190476190476191,0.0,0.6666666666666666,34.13636791099233,1.2069489608125767
436,1,115,9232,9,115,2,1,115,3,2,0.5714285714285714,0.6931471805579453,0.6,140.8831218495982,2.4138979216251535
437,3,115,9232,9,115,1,1,115,2,1,0.5714285714285714,0.0,0.5,140.8831218495982,1.921812055672816
438,1,53,1672,9,53,1,1,53,2,1,0.6666666666666666,0.0,0.6666666666666666,65.57710814088092,1.2069489608125767
439,8,53,2968,9,53,1,1,53,2,1,0.6190476190476191,0.0,0.6666666666666666,65.8647902133327,1.2069489608125767
440,1,115,9232,9,115,1,1,115,2,1,0.5714285714285714,0.0,0.5,140.8831218495982,1.921812055672816
441,3,27,1492,9,27,1,1,27,2,1,0.6190476190476191,0.0,0.6666666666666666,33.84868583854054,1.2069489608125925
442,1,115,9232,9,115,2,1,115,3,2,0.5714285714285714,0.6931471805579453,0.6,141.17080392205,2.4138979216251535
443,11,53,2248,9,53,1,1,53,2,1,0.5714285714285714,0.0,0.5,65.8647902133327,1.921812055672816
444,1,71,9232,9,71,1,1,71,2,1,0.6666666666666666,0.0,0.6666666666666666,86.7905396991658,1.2069489608125767
445,3,71,9232,9,71,1,1,71,2,1,0.6190476190476191,0.0,0.6666666666666666,87.07822177161758,1.206948960812608
446,1,71,9232,9,71,1,1,71,2,1,0.6190476190476191,0.0,0.5,87.07822177161758,1.921812055672816
447,65,97,39364,9,97,1,1,-1,2,1,0.6190476190476191,0.0,0.6666666666666666,12.13685117648822,1.2069489608125807
448,1,22,448,9,22,2,1,22,3,2,0.5714285714285714,0.6931471805579453,0.6,27.780260250296426,2.413897921625169
449,3,115,9232,9,115,1,1,115,2,1,0.5714285714285714,0.0,0.5,140.8831218495982,1.921812055672816
450,1,53,4372,9,53,1,1,53,2,1,0.6666666666666666,0.0,0.6666666666666666,65.57710814088092,1.2069489608125457
451,6,53,4372,9,53,1,1,53,2,1,0.6190476190476191,0.0,0.6666666666666666,65.8647902133327,1.2069489608125767
452,1,14,452,9,14,1,1,14,2,1,0.5714285714285714,0.0,0.5,17.84063365114442,1.9218120556728062
453,3,14,1360,9,14,1,1,14,2,1,0.6190476190476191,0.0,0.6666666666666666,17.84063365114442,1.2069489608125845
454,1,14,1024,9,14,2,1,14,3,2,0.5714285714285714,0.6931471805579453,0.6,18.128315723596202,2.4138979216251535
455,13,40,3076,9,40,1,1,40,2,1,0.5714285714285714,0.0,0.5,49.56905595348484,1.921812055672816
456,1,35,456,9,35,1,1,35,2,1,0.6666666666666666,0.0,0.6666666666666666,42.925266220337186,1.2069489608125767
457,3,128,9232,9,128,1,1,128,2,1,0.6190476190476191,0.0,0.6666666666666666,156.60349196454254,1.2069489608126394
458,1,35,688,9,35,1,1,35,2,1,0.6190476190476191,0.0,0.5,43.21294829278897,1.9218120556727767
459,8,128,9232,9,128,1,1,128,2,1,0.6190476190476191,0.0,0.6666666666666666,156.60349196454254,1.2069489608126394
460,1,35,520,9,35,2,1,35,3,2,0.5714285714285714,0.6931471805579453,0.6,43.50063036524075,2.4138979216251224
461,3,35,1384,9,35,1,1,35,2,1,0.5714285714285714,0.0,0.5,43.50063036524075,1.9218120556727767
462,1,128,9232,9,128,1,1,128,2,1,0.6666666666666666,0.0,0.6666666666666666,156.60349196454254,1.2069489608126394
463,19,128,9232,9,128,1,1,128,2,1,0.6190476190476191,0.0,0.6666666666666666,156.89117403699433,1.2069489608126394
464,1,22,464,9,22,1,1,22,2,1,0.5714285714285714,0.0,0.5,27.780260250296426,1.9218120556728062
465,3,35,1396,9,35,1,1,35,2,1,0.6190476190476191,0.0,0.6666666666666666,43.50063036524075,1.2069489608125767
466,1,84,9232,9,84,2,1,84,3,2,0.5714285714285714,0.6931471805579453,0.6,103.0862739590137,2.413897921625216
467,6,84,9232,9,84,1,1,84,2,1,0.5714285714285714,0.0,0.5,103.0862739590137,1.921812055672816
468,1,22,468,9,22,1,1,22,2,1,0.6666666666666666,0.0,0.6666666666666666,27.492578177844646,1.2069489608125845
469,3,22,1408,9,22,1,1,22,2,1,0.6190476190476191,0.0,0.6666666666666666,27.780260250296426,1.2069489608125845
470,1,128,9232,9,128,1,1,128,2,1,0.6190476190476191,0.0,0.5,156.60349196454254,1.921812055672816
471,8,128,9232,9,128,1,1,128,2,1,0.6190476190476191,0.0,0.6666666666666666,156.89117403699433,1.2069489608125767
472,1,35,472,9,35,2,1,35,3,2,0.5714285714285714,0.6931471805579453,0.6,43.788312437692525,2.4138979216251535
473,3,35,1600,9,35,1,1,35,2,1,0.5714285714285714,0.0,0.5,43.500630365240745,1.9218120556727962
474,1,35,712,9,35,1,1,35,2,1,0.6666666666666666,0.0,0.6666666666666666,43.500630365240745,1.2069489608125925
475,13,27,3616,9,27,1,1,27,2,1,0.6190476190476191,0.0,0.6666666666666666,33.84868583854055,1.2069489608125767
476,1,35,808,9,35,1,1,35,2,1,0.5714285714285714,0.0,0.5,43.788312437692525,1.9218120556727962
477,3,35,1432,9,35,1,1,35,2,1,0.6190476190476191,0.0,0.6666666666666666,43.788312437692525,1.2069489608125767
478,1,53,9232,9,53,2,1,53,3,2,0.5714285714285714,0.6931471805579453,0.6,65.28942606842914,2.4138979216251535
479,26,53,9232,9,53,1,1,53,2,1,0.5714285714285714,0.0,0.5,65.00174399597735,1.921812055672816
480,1,22,480,9,22,1,1,22,2,1,0.6666666666666666,0.0,0.6666666666666666,27.204896105392866,1.2069489608125767
481,3,48,2752,9,48,1,1,48,2,1,0.6190476190476191,0.0,0.6666666666666666,59.22100048018505,1.2069489608125767
482,1,22,724,9,22,1,1,22,2,1,0.6190476190476191,0.0,0.5,27.492578177844646,1.9218120556728062
483,6,22,2176,9,22,1,1,22,2,1,0.6190476190476191,0.0,0.6666666666666666,27.780260250296426,1.2069489608125845
484,1,97,9232,9,97,2,1,97,3,2,0.5714285714285714,0.6931471805579453,0.6,118.80664407395801,2.413897921625216
485,3,97,9232,9,97,1,1,97,2,1,0.5714285714285714,0.0,0.5,118.80664407395801,1.921812055672816
486,1,97,9232,9,97,1,1,97,2,1,0.6666666666666666,0.0,0.6666666666666666,118.80664407395801,1.206948960812608
487,32,141,9232,9,141,1,1,141,2,1,0.6190476190476191,0.0,0.6666666666666666,172.61154415193866,1.2069489608125767
488,1,22,488,9,22,1,1,22,2,1,0.5714285714285714,0.0,0.5,27.780260250296426,1.9218120556728062
489,3,48,4192,9,48,1,1,48,2,1,0.6190476190476191,0.0,0.6666666666666666,59.50868255263682,1.2069489608125925
490,1,22,736,9,22,2,1,22,3,2,0.5714285714285714,0.6931471805579453,0.6,28.067942322748205,2.413897921625169
491,8,141,9232,9,141,1,1,141,2,1,0.5714285714285714,0.0,0.5,171.74849793458333,1.921812055672816
492,1,48,628,9,48,1,1,48,2,1,0.6666666666666666,0.0,0.6666666666666666,59.22100048018504,1.2069489608125767
493,3,48,1480,9,48,1,1,48,2,1,0.6190476190476191,0.0,0.6666666666666666,59.50868255263682,1.2069489608125767
494,1,48,1672,9,48,1,1,48,2,1,0.6190476190476191,0.0,0.5,59.50868255263682,1.9218120556727962
495,44,97,14308,9,97,1,1,-1,2,1,0.6190476190476191,0.0,0.6666666666666666,23.122974063169323,1.2069489608125845
496,1,110,9232,9,110,2,1,110,3,2,0.5714285714285714,0.6931471805579453,0.6,134.8146962613541,2.4138979216251535
497,3,22,1492,9,22,1,1,22,2,1,0.5714285714285714,0.0,0.5,27.780260250296426,1.9218120556728062
498,1,48,952,9,48,1,1,48,2,1,0.6666666666666666,0.0,0.6666666666666666,59.50868255263683,1.2069489608125612
499,6,48,2248,9,48,1,1,48,2,1,0.6190476190476191,0.0,0.6666666666666666,59.7963646250886,1.2069489608125767
500,1,110,9232,9,110,1,1,110,2,1,0.5714285714285714,0.0,0.5,134.8146962613541,1.921812055672816
501,3,110,9232,9,110,1,1,110,2,1,0.6190476190476191,0.0,0.6666666666666666,134.8146962613541,1.2069489608125767
502,1,66,9232,9,66,2,1,66,3,2,0.5714285714285714,0.6931471805579453,0.6,81.00979618337348,2.4138979216250913
503,8,66,9232,9,66,1,1,66,2,1,0.5714285714285714,0.0,0.5,81.00979618337348,1.9218120556727767
504,1,110,9232,9,110,1,1,110,2,1,0.6666666666666666,0.0,0.6666666666666666,134.52701418890234,1.2069489608125143
505,3,61,2752,9,61,1,1,61,2,1,0.6190476190476191,0.0,0.6666666666666666,74.94137059512936,1.206948960812608
506,1,110,9232,9,110,1,1,110,2,1,0.6190476190476191,0.0,0.5,134.8146962613541,1.921812055672816
507,16,35,2896,9,35,1,1,35,2,1,0.6190476190476191,0.0,0.6666666666666666,43.500630365240745,1.2069489608125925
508,1,48,4372,9,48,2,1,48,3,2,0.5714285714285714,0.6931471805579453,0.6,59.7963646250886,2.413897921625185
509,3,48,4372,9,48,1,1,48,2,1,0.5714285714285714,0.0,0.5,59.7963646250886,1.9218120556727962
510,1,48,13120,9,48,1,1,-1,2,1,0.6666666666666666,0.0,0.6666666666666666,17.91759469228055,1.2069489608125925
511,29,61,39364,9,61,1,1,-1,2,1,0.6190476190476191,0.0,0.6666666666666666,11.849169104036438,1.2069489608125807
512,1,9,512,10,9,1,1,9,2,1,0.5714285714285714,0.0,0.5,11.77220806290031,1.9218120556728062
513,3,35,1540,10,35,1,1,35,2,1,0.6190476190476191,0.0,0.6666666666666666,43.500630365240745,1.2069489608125767
514,1,123,9232,10,123,2,1,123,3,2,0.5714285714285714,0.6931471805579453,0.6,150.53506637629843,2.4138979216252787
515,6,123,9232,10,123,1,1,123,2,1,0.5714285714285714,0.0,0.5,150.53506637629843,1.921812055672816
516,1,123,9232,10,123,1,1,123,2,1,0.6666666666666666,0.0,0.6666666666666666,150.24738430384664,1.2069489608126394
517,3,123,9232,10,123,1,1,123,2,1,0.6190476190476191,0.0,0.6666666666666666,150.53506637629843,1.2069489608126394
518,1,123,9232,10,123,1,1,123,2,1,0.6190476190476191,0.0,0.5,150.53506637629843,1.921812055672816
519,11,61,3508,10,61,1,1,61,2,1,0.6190476190476191,0.0,0.6666666666666666,75.51673474003293,1.2069489608125457
520,1,30,520,10,30,2,1,30,3,2,0.5714285714285714,0.6931471805579453,0.6,37.432204776996656,2.4138979216251224
521,3,123,9232,10,123,1,1,123,2,1,0.5714285714285714,0.0,0.5,150.53506637629843,1.921812055672816
522,1,30,784,10,30,1,1,30,2,1,0.6666666666666666,0.0,0.6666666666666666,37.144522704544876,1.2069489608125612
523,8,123,9232,10,123,1,1,123,2,1,0.6190476190476191,0.0,0.6666666666666666,150.82274844875022,1.2069489608125767
524,1,30,592,10,30,1,1,30,2,1,0.5714285714285714,0.0,0.5,37.432204776996656,1.9218120556727767
525,3,30,1576,10,30,1,1,30,2,1,0.6190476190476191,0.0,0.6666666666666666,37.432204776996656,1.2069489608125612
526,1,79,9232,10,79,2,1,79,3,2,0.5714285714285714,0.6931471805579453,0.6,97.01784837076958,2.413897921625216
527,11,79,9232,10,79,1,1,79,2,1,0.5714285714285714,0.0,0.5,96.7301662983178,1.9218120556728555
528,1,30,528,10,30,1,1,30,2,1,0.6666666666666666,0.0,0.6666666666666666,36.85684063209309,1.2069489608125767
529,3,30,1588,10,30,1,1,30,2,1,0.6190476190476191,0.0,0.6666666666666666,37.432204776996656,1.2069489608125767
530,1,123,9232,10,123,1,1,123,2,1,0.6190476190476191,0.0,0.5,150.53506637629843,1.921812055672816
531,6,123,9232,10,123,1,1,123,2,1,0.6190476190476191,0.0,0.6666666666666666,150.82274844875022,1.2069489608125767
532,1,30,532,10,30,2,1,30,3,2,0.5714285714285714,0.6931471805579453,0.6,37.43220477699665,2.4138979216251535
533,3,30,1600,10,30,1,1,30,2,1,0.5714285714285714,0.0,0.5,37.43220477699665,1.9218120556727962
534,1,22,1204,10,22,1,1,22,2,1,0.6666666666666666,0.0,0.6666666666666666,27.492578177844646,1.2069489608125845
535,8,22,3616,10,22,1,1,22,2,1,0.6190476190476191,0.0,0.6666666666666666,27.780260250296426,1.2069489608125845
536,1,30,536,10,30,1,1,30,2,1,0.5714285714285714,0.0,0.5,37.43220477699665,1.9218120556727962
537,3,22,1816,10,22,1,1,22,2,1,0.6190476190476191,0.0,0.6666666666666666,27.780260250296426,1.2069489608125845
538,1,30,808,10,30,2,1,30,3,2,0.5714285714285714,0.6931471805579453,0.6,37.71988684944843,2.4138979216251535
539,21,48,9232,10,48,1,1,48,2,1,0.5714285714285714,0.0,0.5,58.93331840773326,1.921812055672816
540,1,43,916,10,43,1,1,43,2,1,0.6666666666666666,0.0,0.6666666666666666,52.86489281948917,1.2069489608125612
541,3,43,1624,10,43,1,1,43,2,1,0.6190476190476191,0.0,0.6666666666666666,53.15257489194095,1.2069489608125612
542,1,43,2752,10,43,1,1,43,2,1,0.6190476190476191,0.0,0.5,53.15257489194095,1.9218120556727962
543,21,136,9232,10,136,1,1,136,2,1,0.6190476190476191,0.0,0.6666666666666666,165.68007234633922,1.2069489608125767
544,1,17,544,10,17,2,1,17,3,2,0.5714285714285714,0.6931471805579453,0.6,21.71183466205231,2.413897921625169
545,3,43,1636,10,43,1,1,43,2,1,0.5714285714285714,0.0,0.5,53.15257489194095,1.9218120556727962
546,1,30,820,10,30,1,1,30,2,1,0.6666666666666666,0.0,0.6666666666666666,37.432204776996656,1.2069489608125767
547,6,30,2464,10,30,1,1,30,2,1,0.6190476190476191,0.0,0.6666666666666666,37.71988684944843,1.2069489608125767
548,1,92,9232,10,92,1,1,92,2,1,0.5714285714285714,0.0,0.5,112.7382184857139,1.921812055672816
549,3,92,9232,10,92,1,1,92,2,1,0.6190476190476191,0.0,0.6666666666666666,112.7382184857139,1.206948960812608
550,1,92,9232,10,92,2,1,92,3,2,0.5714285714285714,0.6931471805579453,0.6,113.02590055816569,2.4138979216251535
551,13,43,4192,10,43,1,1,43,2,1,0.5714285714285714,0.0,0.5,53.440256964392724,1.9218120556727962
552,1,17,552,10,17,1,1,17,2,1,0.6666666666666666,0.0,0.6666666666666666,21.136470517148748,1.2069489608125845
553,3,136,9232,10,136,1,1,136,2,1,0.6190476190476191,0.0,0.6666666666666666,165.68007234633922,1.2069489608125767
554,1,17,832,10,17,1,1,17,2,1,0.6190476190476191,0.0,0.5,21.424152589600528,1.921812055672816
555,8,30,2500,10,30,1,1,30,2,1,0.6190476190476191,0.0,0.6666666666666666,37.43220477699665,1.2069489608125925
556,1,43,628,10,43,2,1,43,3,2,0.5714285714285714,0.6931471805579453,0.6,53.44025696439273,2.4138979216251224
557,3,43,1672,10,43,1,1,43,2,1,0.5714285714285714,0.0,0.5,53.44025696439273,1.9218120556727767
558,1,43,1888,10,43,1,1,43,2,1,0.6666666666666666,0.0,0.6666666666666666,53.44025696439273,1.2069489608125767
559,26,87,8080,10,87,1,1,87,2,1,0.6190476190476191,0.0,0.6666666666666666,105.51906460766268,1.2069489608125767
560,1,17,560,10,17,1,1,17,2,1,0.5714285714285714,0.0,0.5,21.71183466205231,1.9218120556728062
561,3,43,1684,10,43,1,1,43,2,1,0.6190476190476191,0.0,0.6666666666666666,53.440256964392724,1.2069489608125925
562,1,43,952,10,43,2,1,43,3,2,0.5714285714285714,0.6931471805579453,0.6,53.727939036844504,2.4138979216251535
563,6,43,2536,10,43,1,1,43,2,1,0.5714285714285714,0.0,0.5,53.727939036844504,1.9218120556727962
564,1,17,564,10,17,1,1,17,2,1,0.6666666666666666,0.0,0.6666666666666666,21.42415258960053,1.2069489608125845
565,3,17,1696,10,17,1,1,17,2,1,0.6190476190476191,0.0,0.6666666666666666,21.71183466205231,1.2069489608125845
566,1,61,9232,10,61,1,1,61,2,1,0.6190476190476191,0.0,0.5,74.65368852267758,1.921812055672816
567,8,61,9232,10,61,1,1,61,2,1,0.6190476190476191,0.0,0.6666666666666666,74.94137059512937,1.2069489608125767
568,1,105,9232,10,105,2,1,105,3,2,0.5714285714285714,0.6931471805579453,0.6,128.74627067311002,2.4138979216251535
569,3,56,2752,10,56,1,1,56,2,1,0.5714285714285714,0.0,0.5,68.87294500688525,1.921812055672816
570,1,105,9232,10,105,1,1,105,2,1,0.6666666666666666,0.0,0.6666666666666666,128.45858860065823,1.2069489608125767
571,11,30,2896,10,30,1,1,30,2,1,0.6190476190476191,0.0,0.6666666666666666,37.43220477699665,1.2069489608125925
572,1,105,9232,10,105,1,1,105,2,1,0.5714285714285714,0.0,0.5,128.74627067311002,1.9218120556727372
573,3,105,9232,10,105,1,1,105,2,1,0.6190476190476191,0.0,0.6666666666666666,128.74627067311002,1.2069489608125767
574,1,43,4372,10,43,2,1,43,3,2,0.5714285714285714,0.6931471805579453,0.6,53.727939036844504,2.4138979216251535
575,16,43,13120,10,43,1,1,-1,2,1,0.5714285714285714,0.0,0.5,11.849169104036438,1.9218120556728062
576,1,25,576,10,25,1,1,25,2,1,0.6666666666666666,0.0,0.6666666666666666,30.500732971397195,1.2069489608125845
577,3,30,1732,10,30,1,1,30,2,1,0.6190476190476191,0.0,0.6666666666666666,37.432204776996656,1.2069489608125612
578,1,30,868,10,30,1,1,30,2,1,0.6190476190476191,0.0,0.5,37.432204776996656,1.9218120556727767
579,6,30,2608,10,30,1,1,30,2,1,0.6190476190476191,0.0,0.6666666666666666,37.71988684944843,1.2069489608125767
580,1,118,9232,10,118,2,1,118,3,2,0.5714285714285714,0.6931471805579453,0.6,144.46664078805432,2.4138979216251535
581,3,118,9232,10,118,1,1,118,2,1,0.5714285714285714,0.0,0.5,144.46664078805432,1.921812055672816
582,1,118,9232,10,118,1,1,118,2,1,0.6666666666666666,0.0,0.6666666666666666,144.46664078805432,1.2069489608125767
583,16,30,3940,10,30,1,1,30,2,1,0.6190476190476191,0.0,0.6666666666666666,37.43220477699665,1.2069489608125767
584,1,118,9232,10,118,1,1,118,2,1,0.5714285714285714,0.0,0.5,144.46664078805435,1.9218120556727372
585,3,56,2968,10,56,1,1,56,2,1,0.6190476190476191,0.0,0.6666666666666666,69.4483091517888,1.206948960812608
586,1,118,9232,10,118,2,1,118,3,2,0.5714285714285714,0.6931471805579453,0.6,144.7543228605061,2.4138979216251535
587,8,118,9232,10,118,1,1,118,2,1,0.5714285714285714,0.0,0.5,144.46664078805432,1.921812055672816
588,1,118,9232,10,118,1,1,118,2,1,0.6666666666666666,0.0,0.6666666666666666,144.46664078805435,1.2069489608125143
589,3,118,9232,10,118,1,1,118,2,1,0.6190476190476191,0.0,0.6666666666666666,144.7543228605061,1.2069489608125767
590,1,56,2248,10,56,1,1,56,2,1,0.6190476190476191,0.0,0.5,69.4483091517888,1.921812055672816
591,13,56,5992,10,56,1,1,56,2,1,0.6190476190476191,0.0,0.6666666666666666,69.4483091517888,1.2069489608125767
592,1,25,592,10,25,2,1,25,3,2,0.5714285714285714,0.6931471805579453,0.6,31.363779188752538,2.4138979216251535
593,3,74,9232,10,74,1,1,74,2,1,0.5714285714285714,0.0,0.5,90.6617407100737,1.9218120556727767
594,1,74,9232,10,74,1,1,74,2,1,0.6666666666666666,0.0,0.6666666666666666,90.6617407100737,1.2069489608125767
595,6,74,9232,10,74,1,1,74,2,1,0.6190476190476191,0.0,0.6666666666666666,90.94942278252547,1.2069489608125767
596,1,25,596,10,25,1,1,25,2,1,0.5714285714285714,0.0,0.5,31.363779188752538,1.921812055672816
597,3,25,1792,10,25,1,1,25,2,1,0.6190476190476191,0.0,0.6666666666666666,31.363779188752538,1.2069489608125767
598,1,118,9232,10,118,2,1,118,3,2,0.5714285714285714,0.6931471805579453,0.6,144.7543228605061,2.4138979216251535
599,8,118,9232,10,118,1,1,118,2,1,0.5714285714285714,0.0,0.5,144.7543228605061,1.921812055672816
600,1,17,600,10,17,1,1,17,2,1,0.6666666666666666,0.0,0.6666666666666666,21.136470517148748,1.2069489608125845
601,3,56,4372,10,56,1,1,56,2,1,0.6190476190476191,0.0,0.6666666666666666,69.4483091517888,1.206948960812608
602,1,17,904,10,17,1,1,17,2,1,0.6190476190476191,0.0,0.5,21.424152589600528,1.921812055672816
603,26,69,5812,10,69,1,1,69,2,1,0.6190476190476191,0.0,0.6666666666666666,84.3056330493778,1.2069489608125767
604,1,17,1024,10,17,2,1,17,3,2,0.5714285714285714,0.6931471805579453,0.6,21.71183466205231,2.413897921625169
605,3,17,1816,10,17,1,1,17,2,1,0.5714285714285714,0.0,0.5,21.71183466205231,1.9218120556728062
606,1,43,3076,10,43,1,1,43,2,1,0.6666666666666666,0.0,0.6666666666666666,53.152574891940944,1.2069489608125925
607,13,43,9232,10,43,1,1,43,2,1,0.6190476190476191,0.0,0.6666666666666666,52.864892819489164,1.2069489608125767
608,1,25,608,10,25,1,1,25,2,1,0.5714285714285714,0.0,0.5,31.363779188752538,1.921812055672816
609,3,131,9232,10,131,1,1,131,2,1,0.6190476190476191,0.0,0.6666666666666666,160.18701090299865,1.2069489608126394
610,1,38,916,10,38,2,1,38,3,2,0.5714285714285714,0.6931471805579453,0.6,47.084149303696854,2.4138979216251224
611,6,38,2752,10,38,1,1,38,2,1,0.5714285714285714,0.0,0.5,47.084149303696854,1.9218120556727962
612,1,38,612,10,38,1,1,38,2,1,0.6666666666666666,0.0,0.6666666666666666,46.796467231245074,1.2069489608125612
613,3,38,1840,10,38,1,1,38,2,1,0.6190476190476191,0.0,0.6666666666666666,47.084149303696854,1.2069489608125767
614,1,38,1384,10,38,1,1,38,2,1,0.6190476190476191,0.0,0.5,47.084149303696854,1.9218120556727962
615,19,69,10528,10,69,1,1,-1,2,1,0.6190476190476191,0.0,0.6666666666666666,15.720370114944329,1.2069489608125807
616,1,25,616,10,25,2,1,25,3,2,0.5714285714285714,0.6931471805579453,0.6,31.651461261204318,2.413897921625185
617,3,131,9232,10,131,1,1,131,2,1,0.5714285714285714,0.0,0.5,160.47469297545044,1.921812055672816
618,1,25,928,10,25,1,1,25,2,1,0.6666666666666666,0.0,0.6666666666666666,31.363779188752538,1.2069489608125925
619,8,131,9232,10,131,1,1,131,2,1,0.6190476190476191,0.0,0.6666666666666666,160.47469297545044,1.2069489608126394
620,1,87,9232,10,87,1,1,87,2,1,0.5714285714285714,0.0,0.5,106.6697928974698,1.9218120556727767
621,3,87,9232,10,87,1,1,87,2,1,0.6190476190476191,0.0,0.6666666666666666,106.6697928974698,1.2069489608125767
622,1,87,9232,10,87,2,1,87,3,2,0.5714285714285714,0.6931471805579453,0.6,106.95747496992158,2.4138979216251535
623,21,131,9232,10,131,1,1,131,2,1,0.5714285714285714,0.0,0.5,159.6116467580951,1.921812055672816
624,1,38,624,10,38,1,1,38,2,1,0.6666666666666666,0.0,0.6666666666666666,46.79646723124507,1.2069489608125767
625,3,25,1876,10,25,1,1,25,2,1,0.6190476190476191,0.0,0.6666666666666666,31.363779188752538,1.2069489608125925
626,1,131,9232,10,131,1,1,131,2,1,0.6190476190476191,0.0,0.5,160.18701090299865,1.9218120556728948
627,6,131,9232,10,131,1,1,131,2,1,0.6190476190476191,0.0,0.6666666666666666,160.47469297545044,1.2069489608126394
628,1,38,628,10,38,2,1,38,3,2,0.5714285714285714,0.6931471805579453,0.6,47.37183137614863,2.4138979216251535
629,3,38,1888,10,38,1,1,38,2,1,0.5714285714285714,0.0,0.5,47.37183137614863,1.9218120556727962
630,1,38,1600,10,38,1,1,38,2,1,0.6666666666666666,0.0,0.6666666666666666,47.084149303696854,1.2069489608125767
631,8,38,4264,10,38,1,1,38,2,1,0.6190476190476191,0.0,0.6666666666666666,47.37183137614863,1.2069489608125925
632,1,38,808,10,38,1,1,38,2,1,0.5714285714285714,0.0,0.5,47.37183137614863,1.9218120556727962
633,3,30,3616,10,30,1,1,30,2,1,0.6190476190476191,0.0,0.6666666666666666,37.43220477699665,1.2069489608125925
634,1,38,952,10,38,2,1,38,3,2,0.5714285714285714,0.6931471805579453,0.6,47.65951344860041,2.4138979216251535
635,13,30,3220,10,30,1,1,30,2,1,0.5714285714285714,0.0,0.5,37.43220477699665,1.9218120556727962
636,1,56,9232,10,56,1,1,56,2,1,0.6666666666666666,0.0,0.6666666666666666,68.58526293443347,1.2069489608125767
637,3,56,9232,10,56,1,1,56,2,1,0.6190476190476191,0.0,0.6666666666666666,68.87294500688525,1.206948960812608
638,1,56,9232,10,56,1,1,56,2,1,0.6190476190476191,0.0,0.5,68.58526293443346,1.9218120556728555
639,37,131,41524,10,131,1,1,-1,2,1,0.6190476190476191,0.0,0.6666666666666666,11.849169104036438,1.2069489608125807
640,1,12,640,10,12,2,1,12,3,2,0.5714285714285714,0.6931471805579453,0.6,15.6434090738082,2.413897921625169
641,3,51,2752,10,51,1,1,51,2,1,0.5714285714285714,0.0,0.5,62.80451941864115,1.9218120556727767
642,1,25,964,10,25,1,1,25,2,1,0.6666666666666666,0.0,0.6666666666666666,31.076097116300758,1.2069489608125767
643,6,25,2896,10,25,1,1,25,2,1,0.6190476190476191,0.0,0.6666666666666666,31.363779188752538,1.2069489608125767
644,1,100,9232,10,100,1,1,100,2,1,0.5714285714285714,0.0,0.5,122.39016301241412,1.9218120556728555
645,3,100,9232,10,100,1,1,100,2,1,0.6190476190476191,0.0,0.6666666666666666,122.39016301241412,1.206948960812608
646,1,100,9232,10,100,2,1,100,3,2,0.5714285714285714,0.6931471805579453,0.6,122.67784508486591,2.413897921625216
647,11,38,4372,10,38,1,1,38,2,1,0.5714285714285714,0.0,0.5,47.37183137614863,1.9218120556727962
648,1,25,648,10,25,1,1,25,2,1,0.6666666666666666,0.0,0.6666666666666666,31.076097116300755,1.2069489608126003
649,3,144,9232,10,144,1,1,144,2,1,0.6190476190476191,0.0,0.6666666666666666,176.19506309039477,1.2069489608126394
650,1,25,976,10,25,1,1,25,2,1,0.6190476190476191,0.0,0.5,31.363779188752538,1.921812055672816
651,8,100,9232,10,100,1,1,100,2,1,0.6190476190476191,0.0,0.6666666666666666,122.67784508486591,1.206948960812608
652,1,25,736,10,25,2,1,25,3,2,0.5714285714285714,0.6931471805579453,0.6,31.651461261204318,2.413897921625185
653,3,25,1960,10,25,1,1,25,2,1,0.5714285714285714,0.0,0.5,31.651461261204318,1.921812055672816
654,1,144,9232,10,144,1,1,144,2,1,0.6666666666666666,0.0,0.6666666666666666,175.33201687303944,1.2069489608125767
655,11,144,9232,10,144,1,1,144,2,1,0.6190476190476191,0.0,0.6666666666666666,175.33201687303944,1.2069489608125767
656,1,113,9232,10,113,1,1,113,2,1,0.5714285714285714,0.0,0.5,138.3982151998102,1.921812055672816
657,3,51,1972,10,51,1,1,51,2,1,0.6190476190476191,0.0,0.6666666666666666,63.09220149109292,1.2069489608125767
658,1,51,1672,10,51,2,1,51,3,2,0.5714285714285714,0.6931471805579453,0.6,63.3798835635447,2.413897921625185
659,6,51,2968,10,51,1,1,51,2,1,0.5714285714285714,0.0,0.5,63.3798835635447,1.9218120556727962
660,1,113,9232,10,113,1,1,113,2,1,0.6666666666666666,0.0,0.6666666666666666,138.11053312735842,1.2069489608126394
661,3,113,9232,10,113,1,1,113,2,1,0.6190476190476191,0.0,0.6666666666666666,138.3982151998102,1.2069489608125767
662,1,25,1492,10,25,1,1,25,2,1,0.6190476190476191,0.0,0.5,31.363779188752538,1.921812055672816
663,8,25,4480,10,25,1,1,25,2,1,0.6190476190476191,0.0,0.6666666666666666,31.651461261204318,1.2069489608125925
664,1,113,9232,10,113,2,1,113,3,2,0.5714285714285714,0.6931471805579453,0.6,138.685897272262,2.4138979216251535
665,3,51,2248,10,51,1,1,51,2,1,0.5714285714285714,0.0,0.5,63.3798835635447,1.9218120556727962
666,1,113,9232,10,113,1,1,113,2,1,0.6666666666666666,0.0,0.6666666666666666,138.3982151998102,1.2069489608126394
667,39,144,21688,10,144,1,1,-1,2,1,0.6190476190476191,0.0,0.6666666666666666,20.9257494858331,1.2069489608125845
668,1,69,9232,10,69,1,1,69,2,1,0.5714285714285714,0.0,0.5,84.59331512182959,1.9218120556727767
669,3,69,9232,10,69,1,1,69,2,1,0.6190476190476191,0.0,0.6666666666666666,84.59331512182959,1.2069489608125767
670,1,69,9232,10,69,2,1,69,3,2,0.5714285714285714,0.6931471805579453,0.6,84.88099719428136,2.4138979216251535
671,63,95,39364,10,95,1,1,-1,2,1,0.5714285714285714,0.0,0.5,9.65194452670022,1.9218120556728062
672,1,12,672,10,12,1,1,12,2,1,0.6666666666666666,0.0,0.6666666666666666,14.780362856452859,1.2069489608125807
673,3,64,2752,10,64,1,1,64,2,1,0.6190476190476191,0.0,0.6666666666666666,78.52488953358548,1.2069489608125457
674,1,113,9232,10,113,1,1,113,2,1,0.6190476190476191,0.0,0.5,138.3982151998102,1.921812055672816
675,6,113,9232,10,113,1,1,113,2,1,0.6190476190476191,0.0,0.6666666666666666,138.685897272262,1.2069489608125767
676,1,51,4372,10,51,2,1,51,3,2,0.5714285714285714,0.6931471805579453,0.6,63.37988356354471,2.4138979216251535
677,3,51,4372,10,51,1,1,51,2,1,0.5714285714285714,0.0,0.5,63.37988356354471,1.9218120556727767
678,1,51,4372,10,51,1,1,51,2,1,0.6666666666666666,0.0,0.6666666666666666,63.37988356354471,1.2069489608125767
679,21,64,5812,10,64,1,1,64,2,1,0.6190476190476191,0.0,0.6666666666666666,78.23720746113368,1.206948960812608
680,1,12,680,10,12,1,1,12,2,1,0.5714285714285714,0.0,0.5,15.355727001356419,1.921812055672811
681,3,64,39364,10,64,1,1,-1,2,1,0.6190476190476191,0.0,0.6666666666666666,15.432688042492547,1.2069489608125845
682,1,12,1024,10,12,2,1,12,3,2,0.5714285714285714,0.6931471805579453,0.6,15.6434090738082,2.413897921625169
683,8,38,3076,10,38,1,1,38,2,1,0.5714285714285714,0.0,0.5,47.08414930369685,1.9218120556727962
684,1,126,9232,10,126,1,1,126,2,1,0.6666666666666666,0.0,0.6666666666666666,153.83090324230275,1.2069489608126394
685,3,126,9232,10,126,1,1,126,2,1,0.6190476190476191,0.0,0.6666666666666666,154.11858531475454,1.2069489608126394
686,1,126,9232,10,126,1,1,126,2,1,0.6190476190476191,0.0,0.5,154.11858531475454,1.9218120556728948
687,13,38,6964,10,38,1,1,38,2,1,0.6190476190476191,0.0,0.6666666666666666,47.08414930369685,1.2069489608125767
688,1,33,688,10,33,2,1,33,3,2,0.5714285714285714,0.6931471805579453,0.6,41.01572371545275,2.4138979216251535
689,3,126,9232,10,126,1,1,126,2,1,0.5714285714285714,0.0,0.5,154.11858531475454,1.921812055672816
690,1,126,9232,10,126,1,1,126,2,1,0.6666666666666666,0.0,0.6666666666666666,154.11858531475454,1.2069489608126394
691,6,126,9232,10,126,1,1,126,2,1,0.6190476190476191,0.0,0.6666666666666666,154.40626738720633,1.2069489608125767
692,1,33,692,10,33,1,1,33,2,1,0.5714285714285714,0.0,0.5,41.01572371545275,1.921812055672816
693,3,33,2080,10,33,1,1,33,2,1,0.6190476190476191,0.0,0.6666666666666666,41.01572371545275,1.2069489608125767
694,1,126,9232,10,126,2,1,126,3,2,0.5714285714285714,0.6931471805579453,0.6,154.40626738720633,2.4138979216252787
695,8,126,9232,10,126,1,1,126,2,1,0.5714285714285714,0.0,0.5,154.40626738720633,1.921812055672816
696,1,33,696,10,33,1,1,33,2,1,0.6666666666666666,0.0,0.6666666666666666,40.72804164300097,1.2069489608125767
697,3,126,9232,10,126,1,1,126,2,1,0.6190476190476191,0.0,0.6666666666666666,154.40626738720633,1.2069489608126394
698,1,33,1048,10,33,1,1,33,2,1,0.6190476190476191,0.0,0.5,41.01572371545275,1.921812055672816
699,11,64,3544,10,64,1,1,64,2,1,0.6190476190476191,0.0,0.6666666666666666,79.38793575094081,1.2069489608125767
700,1,82,9232,10,82,2,1,82,3,2,0.5714285714285714,0.6931471805579453,0.6,100.6013673092257,2.4138979216251535
701,3,82,9232,10,82,1,1,82,2,1,0.5714285714285714,0.0,0.5,100.6013673092257,1.921812055672816
702,1,82,9232,10,82,1,1,82,2,1,0.6666666666666666,0.0,0.6666666666666666,100.3136852367739,1.206948960812608
703,132,170,250504,10,170,1,1,-1,2,1,0.6190476190476191,0.0,0.6666666666666666,9.65194452670022,1.2069489608125807
704,1,20,704,10,20,1,1,20,2,1,0.5714285714285714,0.0,0.5,25.295353600508424,1.9218120556728062
705,3,33,2116,10,33,1,1,33,2,1,0.6190476190476191,0.0,0.6666666666666666,41.01572371545276,1.2069489608125767
706,1,126,9232,10,126,2,1,126,3,2,0.5714285714285714,0.6931471805579453,0.6,154.40626738720633,2.4138979216251535
707,6,126,9232,10,126,1,1,126,2,1,0.5714285714285714,0.0,0.5,154.40626738720633,1.921812055672816
708,1,33,708,10,33,1,1,33,2,1,0.6666666666666666,0.0,0.6666666666666666,40.72804164300097,1.2069489608125767
709,3,33,2128,10,33,1,1,33,2,1,0.6190476190476191,0.0,0.6666666666666666,41.01572371545275,1.2069489608125925
710,1,33,1600,10,33,1,1,33,2,1,0.6190476190476191,0.0,0.5,41.01572371545275,1.921812055672816
711,13,64,4804,10,64,1,1,64,2,1,0.6190476190476191,0.0,0.6666666666666666,79.10025367848903,1.2069489608125767
712,1,33,712,10,33,2,1,33,3,2,0.5714285714285714,0.6931471805579453,0.6,41.30340578790453,2.413897921625185
713,3,25,3616,10,25,1,1,25,2,1,0.5714285714285714,0.0,0.5,31.363779188752538,1.921812055672816
714,1,33,1072,10,33,1,1,33,2,1,0.6666666666666666,0.0,0.6666666666666666,41.01572371545276,1.2069489608125767
715,8,25,3220,10,25,1,1,25,2,1,0.6190476190476191,0.0,0.6666666666666666,31.363779188752535,1.2069489608126003
716,1,33,808,10,33,1,1,33,2,1,0.5714285714285714,0.0,0.5,41.30340578790453,1.9218120556727962
717,3,33,2152,10,33,1,1,33,2,1,0.6190476190476191,0.0,0.6666666666666666,41.30340578790453,1.2069489608125925
718,1,51,9232,10,51,2,1,51,3,2,0.5714285714285714,0.6931471805579453,0.6,62.80451941864115,2.4138979216251535
719,21,51,9232,10,51,1,1,51,2,1,0.5714285714285714,0.0,0.5,62.51683734618936,1.921812055672816
720,1,20,720,10,20,1,1,20,2,1,0.6666666666666666,0.0,0.6666666666666666,24.71998945560486,1.2069489608125845
721,3,46,2164,10,46,1,1,46,2,1,0.6190476190476191,0.0,0.6666666666666666,56.736093830397046,1.2069489608125925
722,1,46,2752,10,46,1,1,46,2,1,0.6190476190476191,0.0,0.5,56.73609383039705,1.9218120556727962
723,6,46,3256,10,46,1,1,46,2,1,0.6190476190476191,0.0,0.6666666666666666,57.02377590284883,1.2069489608125767
724,1,20,724,10,20,2,1,20,3,2,0.5714285714285714,0.6931471805579453,0.6,25.295353600508424,2.4138979216251535
725,3,20,2176,10,20,1,1,20,2,1,0.5714285714285714,0.0,0.5,25.295353600508424,1.9218120556728062
726,1,46,1636,10,46,1,1,46,2,1,0.6666666666666666,0.0,0.6666666666666666,56.73609383039705,1.2069489608125612
727,8,46,4912,10,46,1,1,46,2,1,0.6190476190476191,0.0,0.6666666666666666,57.02377590284883,1.2069489608125612
728,1,95,9232,10,95,1,1,95,2,1,0.5714285714285714,0.0,0.5,116.32173742417002,1.921812055672816
729,3,33,2464,10,33,1,1,33,2,1,0.6190476190476191,0.0,0.6666666666666666,41.30340578790453,1.2069489608125925
730,1,95,9232,10,95,2,1,95,3,2,0.5714285714285714,0.6931471805579453,0.6,116.6094194966218,2.413897921625216
731,13,139,9232,10,139,1,1,139,2,1,0.5714285714285714,0.0,0.5,170.1266375021507,1.9218120556727372
732,1,95,9232,10,95,1,1,95,2,1,0.6666666666666666,0.0,0.6666666666666666,116.32173742417002,1.2069489608125767
733,3,95,9232,10,95,1,1,95,2,1,0.6190476190476191,0.0,0.6666666666666666,116.6094194966218,1.206948960812608
734,1,46,4192,10,46,1,1,46,2,1,0.6190476190476191,0.0,0.5,57.023775902848826,1.9218120556727962
735,16,46,11176,10,46,1,1,-1,2,1,0.6190476190476191,0.0,0.6666666666666666,9.65194452670022,1.2069489608125807
736,1,20,736,10,20,2,1,20,3,2,0.5714285714285714,0.6931471805579453,0.6,25.583035672960204,2.413897921625169
737,3,139,9232,10,139,1,1,139,2,1,0.5714285714285714,0.0,0.5,169.26359128479533,1.921812055672816
738,1,20,1108,10,20,1,1,20,2,1,0.6666666666666666,0.0,0.6666666666666666,25.007671528056644,1.2069489608125767
739,6,20,3328,10,20,1,1,20,2,1,0.6190476190476191,0.0,0.6666666666666666,25.295353600508424,1.2069489608125767
740,1,46,740,10,46,1,1,46,2,1,0.5714285714285714,0.0,0.5,57.023775902848826,1.9218120556727962
741,3,46,2224,10,46,1,1,46,2,1,0.6190476190476191,0.0,0.6666666666666666,57.023775902848826,1.2069489608125925
742,1,46,1672,10,46,2,1,46,3,2,0.5714285714285714,0.6931471805579453,0.6,57.311457975300605,2.4138979216251535
743,39,95,14308,10,95,1,1,-1,2,1,0.5714285714285714,0.0,0.5,20.63806741338132,1.9218120556728062
744,1,20,744,10,20,1,1,20,2,1,0.6666666666666666,0.0,0.6666666666666666,25.007671528056644,1.2069489608125767
745,3,90,8080,10,90,1,1,90,2,1,0.6190476190476191,0.0,0.6666666666666666,109.1025835461188,1.206948960812608
746,1,20,1120,10,20,1,1,20,2,1,0.6190476190476191,0.0,0.5,25.295353600508424,1.9218120556728062
747,8,46,4264,10,46,1,1,46,2,1,0.6190476190476191,0.0,0.6666666666666666,57.023775902848826,1.2069489608125925
748,1,46,952,10,46,2,1,46,3,2,0.5714285714285714,0.6931471805579453,0.6,57.311457975300605,2.4138979216251535
749,3,46,2248,10,46,1,1,46,2,1,0.5714285714285714,0.0,0.5,57.311457975300605,1.9218120556727962
750,1,46,2536,10,46,1,1,46,2,1,0.6666666666666666,0.0,0.6666666666666666,57.311457975300605,1.2069489608125767
751,34,139,21688,10,139,1,1,-1,2,1,0.6190476190476191,0.0,0.6666666666666666,14.857323897588985,1.2069489608125807
752,1,108,9232,10,108,1,1,108,2,1,0.5714285714285714,0.0,0.5,132.3297896115661,1.921812055672816
753,3,20,2260,10,20,1,1,20,2,1,0.6190476190476191,0.0,0.6666666666666666,25.295353600508424,1.2069489608125845
754,1,64,9232,10,64,2,1,64,3,2,0.5714285714285714,0.6931471805579453,0.6,78.52488953358548,2.4138979216250913
755,6,64,9232,10,64,1,1,64,2,1,0.5714285714285714,0.0,0.5,78.52488953358548,1.9218120556727767
756,1,108,9232,10,108,1,1,108,2,1,0.6666666666666666,0.0,0.6666666666666666,132.04210753911434,1.2069489608125143
757,3,108,9232,10,108,1,1,108,2,1,0.6190476190476191,0.0,0.6666666666666666,132.3297896115661,1.2069489608125767
758,1,59,2752,10,59,1,1,59,2,1,0.6190476190476191,0.0,0.5,72.45646394534137,1.9218120556727767
759,8,59,5128,10,59,1,1,59,2,1,0.6190476190476191,0.0,0.6666666666666666,72.45646394534137,1.2069489608125457
760,1,108,9232,10,108,2,1,108,3,2,0.5714285714285714,0.6931471805579453,0.6,132.6174716840179,2.4138979216251535
761,3,33,2896,10,33,1,1,33,2,1,0.5714285714285714,0.0,0.5,41.01572371545275,1.921812055672816
762,1,108,9232,10,108,1,1,108,2,1,0.6666666666666666,0.0,0.6666666666666666,132.3297896115661,1.2069489608125767
763,32,152,9232,10,152,1,1,152,2,1,0.6190476190476191,0.0,0.6666666666666666,185.27164347219144,1.2069489608125767
764,1,46,4372,10,46,1,1,46,2,1,0.5714285714285714,0.0,0.5,57.311457975300605,1.9218120556727962
765,3,46,4372,10,46,1,1,46,2,1,0.6190476190476191,0.0,0.6666666666666666,57.311457975300605,1.2069489608125925
766,1,46,13120,10,46,2,1,-1,3,2,0.5714285714285714,0.6931471805579453,0.6,15.720370114944329,2.4138979216251615
767,26,59,39364,10,59,1,1,-1,2,1,0.5714285714285714,0.0,0.5,9.36426245424844,1.9218120556728013
768,1,15,768,10,15,1,1,15,2,1,0.6666666666666666,0.0,0.6666666666666666,18.076199722457186,1.2069489608125845
769,3,33,2308,10,33,1,1,33,2,1,0.6190476190476191,0.0,0.6666666666666666,41.01572371545276,1.2069489608125612
770,1,33,1156,10,33,1,1,33,2,1,0.6190476190476191,0.0,0.5,41.01572371545275,1.9218120556727962
771,6,33,3472,10,33,1,1,33,2,1,0.6190476190476191,0.0,0.6666666666666666,41.30340578790453,1.2069489608125767
772,1,121,9232,10,121,2,1,121,3,2,0.5714285714285714,0.6931471805579453,0.6,148.05015972651043,2.4138979216252787
773,3,121,9232,10,121,1,1,121,2,1,0.5714285714285714,0.0,0.5,148.05015972651043,1.921812055672816
774,1,121,9232,10,121,1,1,121,2,1,0.6666666666666666,0.0,0.6666666666666666,148.05015972651043,1.2069489608126394
775,11,152,9232,10,152,1,1,152,2,1,0.6190476190476191,0.0,0.6666666666666666,184.98396139973966,1.2069489608125767
776,1,121,9232,10,121,1,1,121,2,1,0.5714285714285714,0.0,0.5,148.05015972651043,1.921812055672816
777,3,33,3940,10,33,1,1,33,2,1,0.6190476190476191,0.0,0.6666666666666666,41.01572371545275,1.2069489608125925
778,1,121,9232,10,121,2,1,121,3,2,0.5714285714285714,0.6931471805579453,0.6,148.33784179896222,2.4138979216251535
779,8,59,3508,10,59,1,1,59,2,1,0.5714285714285714,0.0,0.5,73.03182809024491,1.921812055672816
780,1,121,9232,10,121,1,1,121,2,1,0.6666666666666666,0.0,0.6666666666666666,148.05015972651043,1.2069489608126394
781,3,121,9232,10,121,1,1,121,2,1,0.6190476190476191,0.0,0.6666666666666666,148.33784179896222,1.2069489608125767
782,1,121,9232,10,121,1,1,121,2,1,0.6190476190476191,0.0,0.5,148.05015972651043,1.921812055672816
783,11,121,9232,10,121,1,1,121,2,1,0.6190476190476191,0.0,0.6666666666666666,147.76247765405864,1.2069489608126394
784,1,28,784,10,28,2,1,28,3,2,0.5714285714285714,0.6931471805579453,0.6,34.947298127208654,2.4138979216251535
785,3,121,9232,10,121,1,1,121,2,1,0.5714285714285714,0.0,0.5,148.33784179896222,1.921812055672816
786,1,59,2248,10,59,1,1,59,2,1,0.6666666666666666,0.0,0.6666666666666666,73.03182809024493,1.2069489608125457
787,6,59,3544,10,59,1,1,59,2,1,0.6190476190476191,0.0,0.6666666666666666,73.3195101626967,1.2069489608125767
788,1,28,788,10,28,1,1,28,2,1,0.5714285714285714,0.0,0.5,34.947298127208654,1.9218120556727962
789,3,28,2368,10,28,1,1,28,2,1,0.6190476190476191,0.0,0.6666666666666666,34.947298127208654,1.2069489608125767
790,1,77,9232,10,77,2,1,77,3,2,0.5714285714285714,0.6931471805579453,0.6,94.53294172098158,2.413897921625216
791,8,77,9232,10,77,1,1,77,2,1,0.5714285714285714,0.0,0.5,94.24525964852981,1.921812055672816
792,1,28,792,10,28,1,1,28,2,1,0.6666666666666666,0.0,0.6666666666666666,34.659616054756874,1.2069489608125767
793,3,77,9232,10,77,1,1,77,2,1,0.6190476190476191,0.0,0.6666666666666666,94.53294172098158,1.206948960812608
794,1,28,1192,10,28,1,1,28,2,1,0.6190476190476191,0.0,0.5,34.947298127208654,1.9218120556727962
795,44,103,39364,10,103,1,1,-1,2,1,0.6190476190476191,0.0,0.6666666666666666,15.432688042492547,1.2069489608125845
796,1,121,9232,10,121,2,1,121,3,2,0.5714285714285714,0.6931471805579453,0.6,148.33784179896222,2.4138979216251535
797,3,121,9232,10,121,1,1,121,2,1,0.5714285714285714,0.0,0.5,148.33784179896222,1.921812055672816
798,1,121,9232,10,121,1,1,121,2,1,0.6666666666666666,0.0,0.6666666666666666,148.33784179896222,1.2069489608126394
799,21,72,12148,10,72,1,1,-1,2,1,0.6190476190476191,0.0,0.6666666666666666,9.36426245424844,1.2069489608125807
800,1,28,800,10,28,1,1,28,2,1,0.5714285714285714,0.0,0.5,34.947298127208654,1.9218120556727962
801,3,59,4372,10,59,1,1,59,2,1,0.6190476190476191,0.0,0.6666666666666666,73.03182809024493,1.2069489608125767
802,1,20,1204,10,20,2,1,20,3,2,0.5714285714285714,0.6931471805579453,0.6,25.295353600508424,2.4138979216251535
803,6,20,3616,10,20,1,1,20,2,1,0.5714285714285714,0.0,0.5,25.295353600508424,1.9218120556728062
804,1,20,1024,10,20,1,1,20,2,1,0.6666666666666666,0.0,0.6666666666666666,25.007671528056644,1.2069489608125767
805,3,20,2416,10,20,1,1,20,2,1,0.6190476190476191,0.0,0.6666666666666666,25.295353600508424,1.2069489608125845
806,1,20,1816,10,20,1,1,20,2,1,0.6190476190476191,0.0,0.5,25.295353600508424,1.9218120556728062
807,13,72,39364,10,72,1,1,-1,2,1,0.6190476190476191,0.0,0.6666666666666666,24.796950496740994,1.2069489608125845
808,1,28,808,10,28,2,1,28,3,2,0.5714285714285714,0.6931471805579453,0.6,35.234980199660434,2.4138979216251535
809,3,46,9232,10,46,1,1,46,2,1,0.5714285714285714,0.0,0.5,56.448411757945266,1.9218120556727962
810,1,28,1216,10,28,1,1,28,2,1,0.6666666666666666,0.0,0.6666666666666666,34.947298127208654,1.2069489608125925
811,8,134,9232,10,134,1,1,134,2,1,0.6190476190476191,0.0,0.6666666666666666,163.77052984145476,1.2069489608126394
812,1,41,916,10,41,1,1,41,2,1,0.5714285714285714,0.0,0.5,50.66766824215295,1.921812055672816
813,3,41,2440,10,41,1,1,41,2,1,0.6190476190476191,0.0,0.6666666666666666,50.66766824215295,1.2069489608125767
814,1,41,2752,10,41,2,1,41,3,2,0.5714285714285714,0.6931471805579453,0.6,50.955350314604736,2.4138979216251535
815,16,134,9232,10,134,1,1,134,2,1,0.5714285714285714,0.0,0.5,163.19516569655121,1.921812055672816
816,1,28,816,10,28,1,1,28,2,1,0.6666666666666666,0.0,0.6666666666666666,34.659616054756874,1.2069489608125925
817,3,41,2452,10,41,1,1,41,2,1,0.6190476190476191,0.0,0.6666666666666666,50.66766824215295,1.2069489608125925
818,1,41,1384,10,41,1,1,41,2,1,0.6190476190476191,0.0,0.5,50.667668242152956,1.9218120556727962
819,6,41,3688,10,41,1,1,41,2,1,0.6190476190476191,0.0,0.6666666666666666,50.955350314604736,1.2069489608125767
820,1,28,820,10,28,2,1,28,3,2,0.5714285714285714,0.6931471805579453,0.6,35.234980199660434,2.4138979216251535
821,3,28,2464,10,28,1,1,28,2,1,0.5714285714285714,0.0,0.5,35.234980199660434,1.9218120556727962
822,1,134,9232,10,134,1,1,134,2,1,0.6666666666666666,0.0,0.6666666666666666,164.05821191390655,1.2069489608126394
823,8,134,9232,10,134,1,1,134,2,1,0.6190476190476191,0.0,0.6666666666666666,164.05821191390655,1.2069489608126394
824,1,90,9232,10,90,1,1,90,2,1,0.5714285714285714,0.0,0.5,110.2533118359259,1.921812055672816
825,3,134,9232,10,134,1,1,134,2,1,0.6190476190476191,0.0,0.6666666666666666,164.05821191390655,1.2069489608126394
826,1,90,9232,10,90,2,1,90,3,2,0.5714285714285714,0.6931471805579453,0.6,110.54099390837769,2.4138979216251535
827,11,41,4192,10,41,1,1,41,2,1,0.5714285714285714,0.0,0.5,50.955350314604736,1.9218120556727767
828,1,90,9232,10,90,1,1,90,2,1,0.6666666666666666,0.0,0.6666666666666666,110.25331183592591,1.2069489608125767
829,3,90,9232,10,90,1,1,90,2,1,0.6190476190476191,0.0,0.6666666666666666,110.54099390837769,1.2069489608125767
830,1,134,9232,10,134,1,1,134,2,1,0.6190476190476191,0.0,0.5,163.19516569655121,1.921812055672816
831,24,134,18952,10,134,1,1,-1,2,1,0.6190476190476191,0.0,0.6666666666666666,9.36426245424844,1.2069489608125807
832,1,15,832,10,15,2,1,15,3,2,0.5714285714285714,0.6931471805579453,0.6,19.22692801226431,2.413897921625169
833,3,28,2500,10,28,1,1,28,2,1,0.5714285714285714,0.0,0.5,34.947298127208654,1.9218120556727962
834,1,134,9232,10,134,1,1,134,2,1,0.6666666666666666,0.0,0.6666666666666666,163.77052984145476,1.2069489608126394
835,6,134,9232,10,134,1,1,134,2,1,0.6190476190476191,0.0,0.6666666666666666,164.05821191390655,1.2069489608126394
836,1,41,836,10,41,1,1,41,2,1,0.5714285714285714,0.0,0.5,50.955350314604736,1.9218120556727767
837,3,41,2512,10,41,1,1,41,2,1,0.6190476190476191,0.0,0.6666666666666666,50.955350314604736,1.2069489608125767
838,1,41,1888,10,41,2,1,41,3,2,0.5714285714285714,0.6931471805579453,0.6,51.24303238705651,2.4138979216251535
839,24,85,8080,10,85,1,1,85,2,1,0.5714285714285714,0.0,0.5,103.03415795787468,1.921812055672816
840,1,41,840,10,41,1,1,41,2,1,0.6666666666666666,0.0,0.6666666666666666,50.66766824215295,1.2069489608125925
841,3,41,4264,10,41,1,1,41,2,1,0.6190476190476191,0.0,0.6666666666666666,50.955350314604736,1.2069489608125767
842,1,41,1264,10,41,1,1,41,2,1,0.6190476190476191,0.0,0.5,50.955350314604736,1.9218120556727767
843,8,41,3796,10,41,1,1,41,2,1,0.6190476190476191,0.0,0.6666666666666666,50.955350314604736,1.2069489608125767
844,1,41,952,10,41,2,1,41,3,2,0.5714285714285714,0.6931471805579453,0.6,51.24303238705651,2.4138979216251535
845,3,41,2536,10,41,1,1,41,2,1,0.5714285714285714,0.0,0.5,51.24303238705651,1.9218120556727962
846,1,33,3220,10,33,1,1,33,2,1,0.6666666666666666,0.0,0.6666666666666666,41.01572371545275,1.2069489608125925
847,13,33,8584,10,33,1,1,33,2,1,0.6190476190476191,0.0,0.6666666666666666,40.72804164300097,1.2069489608125767
848,1,15,848,10,15,1,1,15,2,1,0.5714285714285714,0.0,0.5,19.22692801226431,1.9218120556728062
849,3,59,9232,10,59,1,1,59,2,1,0.6190476190476191,0.0,0.6666666666666666,72.45646394534137,1.2069489608125767
850,1,59,9232,10,59,2,1,59,3,2,0.5714285714285714,0.6931471805579453,0.6,72.45646394534137,2.4138979216251535
851,6,59,9232,10,59,1,1,59,2,1,0.5714285714285714,0.0,0.5,72.45646394534137,1.9218120556727767
852,1,15,852,10,15,1,1,15,2,1,0.6666666666666666,0.0,0.6666666666666666,18.93924593981253,1.2069489608125845
853,3,15,2560,10,15,1,1,15,2,1,0.6190476190476191,0.0,0.6666666666666666,19.22692801226431,1.2069489608125845
854,1,54,2752,10,54,1,1,54,2,1,0.6190476190476191,0.0,0.5,66.38803835709724,1.921812055672816
855,8,54,5776,10,54,1,1,54,2,1,0.6190476190476191,0.0,0.6666666666666666,66.38803835709724,1.2069489608125767
856,1,103,9232,10,103,2,1,103,3,2,0.5714285714285714,0.6931471805579453,0.6,126.26136402332203,2.4138979216250913
857,3,28,2896,10,28,1,1,28,2,1,0.5714285714285714,0.0,0.5,34.947298127208654,1.9218120556727962
858,1,103,9232,10,103,1,1,103,2,1,0.6666666666666666,0.0,0.6666666666666666,125.97368195087024,1.2069489608125767
859,26,147,9232,10,147,1,1,147,2,1,0.6190476190476191,0.0,0.6666666666666666,179.2032178839473,1.2069489608126394
860,1,103,9232,10,103,1,1,103,2,1,0.5714285714285714,0.0,0.5,126.26136402332203,1.9218120556727767
861,3,103,9232,10,103,1,1,103,2,1,0.6190476190476191,0.0,0.6666666666666666,126.26136402332203,1.2069489608125457
862,1,41,4372,10,41,2,1,41,3,2,0.5714285714285714,0.6931471805579453,0.6,51.24303238705651,2.4138979216251535
863,13,41,13120,10,41,1,1,-1,2,1,0.5714285714285714,0.0,0.5,9.36426245424844,1.9218120556728013
864,1,116,9232,10,116,1,1,116,2,1,0.6666666666666666,0.0,0.6666666666666666,141.40636999336277,1.2069489608125143
865,3,147,9232,10,147,1,1,147,2,1,0.6190476190476191,0.0,0.6666666666666666,179.7785820288509,1.2069489608125767
866,1,28,1300,10,28,1,1,28,2,1,0.6190476190476191,0.0,0.5,34.947298127208654,1.9218120556727962
867,6,28,3904,10,28,1,1,28,2,1,0.6190476190476191,0.0,0.6666666666666666,35.234980199660434,1.2069489608125767
868,1,28,868,10,28,2,1,28,3,2,0.5714285714285714,0.6931471805579453,0.6,35.234980199660434,2.4138979216251535
869,3,28,2608,10,28,1,1,28,2,1,0.5714285714285714,0.0,0.5,35.234980199660434,1.9218120556727962
870,1,28,1960,10,28,1,1,28,2,1,0.6666666666666666,0.0,0.6666666666666666,35.234980199660434,1.2069489608125767
871,57,178,190996,10,178,1,1,-1,2,1,0.6190476190476191,0.0,0.6666666666666666,15.145005970040767,1.2069489608125845
872,1,116,9232,10,116,1,1,116,2,1,0.5714285714285714,0.0,0.5,141.98173413826632,1.921812055672816
873,3,147,9232,10,147,1,1,147,2,1,0.6190476190476191,0.0,0.6666666666666666,178.91553581149554,1.2069489608125767
874,1,116,9232,10,116,2,1,116,3,2,0.5714285714285714,0.6931471805579453,0.6,142.2694162107181,2.4138979216251535
875,8,28,3940,10,28,1,1,28,2,1,0.5714285714285714,0.0,0.5,34.947298127208654,1.9218120556727962
876,1,54,1672,10,54,1,1,54,2,1,0.6666666666666666,0.0,0.6666666666666666,66.67572042954903,1.2069489608125767
877,3,54,2632,10,54,1,1,54,2,1,0.6190476190476191,0.0,0.6666666666666666,66.9634025020008,1.2069489608125767
878,1,54,2968,10,54,1,1,54,2,1,0.6190476190476191,0.0,0.5,66.9634025020008,1.921812055672816
879,19,147,10024,10,147,1,1,-1,2,1,0.6190476190476191,0.0,0.6666666666666666,12.660099320252767,1.2069489608125807
880,1,116,9232,10,116,2,1,116,3,2,0.5714285714285714,0.6931471805579453,0.6,142.2694162107181,2.4138979216251535
881,3,116,9232,10,116,1,1,116,2,1,0.5714285714285714,0.0,0.5,141.98173413826632,1.921812055672816
882,1,28,1492,10,28,1,1,28,2,1,0.6666666666666666,0.0,0.6666666666666666,34.947298127208654,1.2069489608125767
883,6,28,3976,10,28,1,1,28,2,1,0.6190476190476191,0.0,0.6666666666666666,35.234980199660434,1.2069489608125767
884,1,116,9232,10,116,1,1,116,2,1,0.5714285714285714,0.0,0.5,142.2694162107181,1.921812055672816
885,3,116,9232,10,116,1,1,116,2,1,0.6190476190476191,0.0,0.6666666666666666,142.2694162107181,1.2069489608125767
886,1,54,2248,10,54,2,1,54,3,2,0.5714285714285714,0.6931471805579453,0.6,67.25108457445259,2.4138979216251535
887,8,54,5992,10,54,1,1,54,2,1,0.5714285714285714,0.0,0.5,66.9634025020008,1.921812055672816
888,1,72,9232,10,72,1,1,72,2,1,0.6666666666666666,0.0,0.6666666666666666,87.88915198783391,1.2069489608125767
889,3,147,21688,10,147,1,1,-1,2,1,0.6190476190476191,0.0,0.6666666666666666,24.509268424289214,1.2069489608125925
890,1,72,9232,10,72,1,1,72,2,1,0.6190476190476191,0.0,0.5,88.1768340602857,1.9218120556727767
891,13,46,8584,10,46,1,1,46,2,1,0.6190476190476191,0.0,0.6666666666666666,56.448411757945266,1.2069489608125925
892,1,72,9232,10,72,2,1,72,3,2,0.5714285714285714,0.6931471805579453,0.6,88.46451613273747,2.4138979216251535
893,3,72,9232,10,72,1,1,72,2,1,0.5714285714285714,0.0,0.5,88.46451613273747,1.921812055672816
894,1,98,39364,10,98,1,1,-1,2,1,0.6666666666666666,0.0,0.6666666666666666,13.235463465156329,1.2069489608125845
895,39,98,39364,10,98,1,1,-1,2,1,0.6190476190476191,0.0,0.6666666666666666,9.36426245424844,1.2069489608125807
896,1,23,896,10,23,1,1,23,2,1,0.5714285714285714,0.0,0.5,28.878872538964536,1.9218120556728062
897,3,67,2752,10,67,1,1,67,2,1,0.6190476190476191,0.0,0.6666666666666666,82.10840847204159,1.2069489608125457
898,1,116,9232,10,116,2,1,116,3,2,0.5714285714285714,0.6931471805579453,0.6,142.2694162107181,2.4138979216251535
899,6,116,9232,10,116,1,1,116,2,1,0.5714285714285714,0.0,0.5,142.2694162107181,1.921812055672816
900,1,54,4372,10,54,1,1,54,2,1,0.6666666666666666,0.0,0.6666666666666666,66.67572042954902,1.206948960812608
901,3,54,4372,10,54,1,1,54,2,1,0.6190476190476191,0.0,0.6666666666666666,66.9634025020008,1.206948960812608
902,1,54,4372,10,54,1,1,54,2,1,0.6190476190476191,0.0,0.5,66.9634025020008,1.921812055672816
903,11,116,9232,10,116,1,1,116,2,1,0.6190476190476191,0.0,0.6666666666666666,141.98173413826635,1.2069489608125143
904,1,15,904,10,15,2,1,15,3,2,0.5714285714285714,0.6931471805579453,0.6,19.22692801226431,2.413897921625169
905,3,67,5812,10,67,1,1,67,2,1,0.5714285714285714,0.0,0.5,81.8207263995898,1.921812055672816
906,1,15,1360,10,15,1,1,15,2,1,0.6666666666666666,0.0,0.6666666666666666,18.93924593981253,1.2069489608125845
907,8,54,13120,10,54,1,1,-1,2,1,0.6190476190476191,0.0,0.6666666666666666,25.372314641644557,1.2069489608125845
908,1,15,1024,10,15,1,1,15,2,1,0.5714285714285714,0.0,0.5,19.22692801226431,1.9218120556728062
909,3,15,2728,10,15,1,1,15,2,1,0.6190476190476191,0.0,0.6666666666666666,19.22692801226431,1.2069489608125845
910,1,41,3076,10,41,2,1,41,3,2,0.5714285714285714,0.6931471805579453,0.6,50.955350314604736,2.4138979216251224
911,11,41,9232,10,41,1,1,41,2,1,0.5714285714285714,0.0,0.5,50.37998616970117,1.9218120556727962
912,1,36,912,10,36,1,1,36,2,1,0.6666666666666666,0.0,0.6666666666666666,44.02387850900529,1.2069489608125767
913,3,129,9232,10,129,1,1,129,2,1,0.6190476190476191,0.0,0.6666666666666666,157.70210425321068,1.2069489608125767
914,1,129,9232,10,129,1,1,129,2,1,0.6190476190476191,0.0,0.5,157.70210425321068,1.921812055672816
915,6,129,9232,10,129,1,1,129,2,1,0.6190476190476191,0.0,0.6666666666666666,157.98978632566246,1.2069489608125767
916,1,36,916,10,36,2,1,36,3,2,0.5714285714285714,0.6931471805579453,0.6,44.59924265390885,2.4138979216251535
917,3,36,2752,10,36,1,1,36,2,1,0.5714285714285714,0.0,0.5,44.59924265390885,1.921812055672816
918,1,129,9232,10,129,1,1,129,2,1,0.6666666666666666,0.0,0.6666666666666666,157.70210425321068,1.2069489608125767
919,8,129,9232,10,129,1,1,129,2,1,0.6190476190476191,0.0,0.6666666666666666,157.70210425321068,1.2069489608125767
920,1,36,920,10,36,1,1,36,2,1,0.5714285714285714,0.0,0.5,44.59924265390885,1.921812055672816
921,3,129,9232,10,129,1,1,129,2,1,0.6190476190476191,0.0,0.6666666666666666,157.98978632566246,1.2069489608125767
922,1,36,1384,10,36,2,1,36,3,2,0.5714285714285714,0.6931471805579453,0.6,44.88692472636063,2.413897921625185
923,16,67,10528,10,67,1,1,-1,2,1,0.5714285714285714,0.0,0.5,13.235463465156329,1.9218120556728062
924,1,129,9232,10,129,1,1,129,2,1,0.6666666666666666,0.0,0.6666666666666666,157.70210425321068,1.2069489608125767
925,3,129,9232,10,129,1,1,129,2,1,0.6190476190476191,0.0,0.6666666666666666,157.98978632566246,1.2069489608125767
926,1,129,9232,10,129,1,1,129,2,1,0.6190476190476191,0.0,0.5,157.98978632566246,1.9218120556727372
927,60,116,15856,10,116,1,1,-1,2,1,0.6190476190476191,0.0,0.6666666666666666,9.36426245424844,1.2069489608125807
928,1,23,928,10,23,2,1,23,3,2,0.5714285714285714,0.6931471805579453,0.6,29.166554611416316,2.413897921625169
929,3,129,9232,10,129,1,1,129,2,1,0.5714285714285714,0.0,0.5,157.98978632566246,1.9218120556727372
930,1,36,1396,10,36,1,1,36,2,1,0.6666666666666666,0.0,0.6666666666666666,44.59924265390886,1.2069489608125767
931,6,36,4192,10,36,1,1,36,2,1,0.6190476190476191,0.0,0.6666666666666666,44.88692472636063,1.2069489608125925
932,1,85,9232,10,85,1,1,85,2,1,0.5714285714285714,0.0,0.5,104.18488624768182,1.9218120556727767
933,3,85,9232,10,85,1,1,85,2,1,0.6190476190476191,0.0,0.6666666666666666,104.18488624768182,1.2069489608125767
934,1,85,9232,10,85,2,1,85,3,2,0.5714285714285714,0.6931471805579453,0.6,104.47256832013359,2.4138979216251535
935,19,129,9232,10,129,1,1,129,2,1,0.5714285714285714,0.0,0.5,157.1267401083071,1.921812055672816
936,1,23,936,10,23,1,1,23,2,1,0.6666666666666666,0.0,0.6666666666666666,28.591190466512757,1.2069489608125767
937,3,173,250504,10,173,1,1,-1,2,1,0.6190476190476191,0.0,0.6666666666666666,13.235463465156329,1.2069489608125845
938,1,23,1408,10,23,1,1,23,2,1,0.6190476190476191,0.0,0.5,28.878872538964536,1.9218120556728062
939,8,85,9232,10,85,1,1,85,2,1,0.6190476190476191,0.0,0.6666666666666666,104.1848862476818,1.2069489608125767
940,1,129,9232,10,129,2,1,129,3,2,0.5714285714285714,0.6931471805579453,0.6,157.98978632566244,2.4138979216252787
941,3,129,9232,10,129,1,1,129,2,1,0.5714285714285714,0.0,0.5,157.98978632566244,1.921812055672816
942,1,129,9232,10,129,1,1,129,2,1,0.6666666666666666,0.0,0.6666666666666666,157.98978632566244,1.2069489608126394
943,13,36,9556,10,36,1,1,36,2,1,0.6190476190476191,0.0,0.6666666666666666,44.02387850900529,1.2069489608125767
944,1,36,944,10,36,1,1,36,2,1,0.5714285714285714,0.0,0.5,44.88692472636063,1.9218120556727962
945,3,36,2836,10,36,1,1,36,2,1,0.6190476190476191,0.0,0.6666666666666666,44.59924265390885,1.2069489608125925
946,1,36,1600,10,36,2,1,36,3,2,0.5714285714285714,0.6931471805579453,0.6,44.88692472636063,2.413897921625185
947,6,36,4264,10,36,1,1,36,2,1,0.5714285714285714,0.0,0.5,44.88692472636063,1.9218120556727962
948,1,36,948,10,36,1,1,36,2,1,0.6666666666666666,0.0,0.6666666666666666,44.59924265390886,1.2069489608125612
949,3,36,2848,10,36,1,1,36,2,1,0.6190476190476191,0.0,0.6666666666666666,44.88692472636063,1.2069489608125767
950,1,28,3616,10,28,1,1,28,2,1,0.6190476190476191,0.0,0.5,34.947298127208654,1.9218120556727962
951,8,28,6424,10,28,1,1,28,2,1,0.6190476190476191,0.0,0.6666666666666666,34.947298127208654,1.2069489608125925
952,1,36,952,10,36,2,1,36,3,2,0.5714285714285714,0.6931471805579453,0.6,45.17460679881241,2.4138979216251535
953,3,28,3220,10,28,1,1,28,2,1,0.5714285714285714,0.0,0.5,34.947298127208654,1.9218120556727962
954,1,36,1432,10,36,1,1,36,2,1,0.6666666666666666,0.0,0.6666666666666666,44.88692472636063,1.2069489608125925
955,11,28,4840,10,28,1,1,28,2,1,0.6190476190476191,0.0,0.6666666666666666,35.234980199660434,1.2069489608125767
956,1,54,9232,10,54,1,1,54,2,1,0.5714285714285714,0.0,0.5,66.38803835709724,1.921812055672816
957,3,54,9232,10,54,1,1,54,2,1,0.6190476190476191,0.0,0.6666666666666666,66.38803835709724,1.2069489608125767
958,1,54,9232,10,54,2,1,54,3,2,0.5714285714285714,0.6931471805579453,0.6,66.38803835709724,2.4138979216251535
959,34,129,41524,10,129,1,1,-1,2,1,0.5714285714285714,0.0,0.5,9.36426245424844,1.9218120556728013
960,1,23,960,10,23,1,1,23,2,1,0.6666666666666666,0.0,0.6666666666666666,28.303508394060973,1.2069489608125845
961,3,49,2884,10,49,1,1,49,2,1,0.6190476190476191,0.0,0.6666666666666666,60.319612768853155,1.2069489608125767
962,1,49,2752,10,49,1,1,49,2,1,0.6190476190476191,0.0,0.5,60.319612768853155,1.9218120556727767
963,6,49,4336,10,49,1,1,49,2,1,0.6190476190476191,0.0,0.6666666666666666,60.607294841304935,1.2069489608125612
964,1,23,964,10,23,2,1,23,3,2,0.5714285714285714,0.6931471805579453,0.6,28.878872538964536,2.413897921625169
965,3,23,2896,10,23,1,1,23,2,1,0.5714285714285714,0.0,0.5,28.878872538964536,1.9218120556728062
966,1,23,2176,10,23,1,1,23,2,1,0.6666666666666666,0.0,0.6666666666666666,28.878872538964536,1.2069489608125845
967,13,142,9232,10,142,1,1,142,2,1,0.6190476190476191,0.0,0.6666666666666666,173.13479229570322,1.2069489608125767
968,1,98,9232,10,98,1,1,98,2,1,0.5714285714285714,0.0,0.5,119.90525636262613,1.9218120556727767
969,3,49,4912,10,49,1,1,49,2,1,0.6190476190476191,0.0,0.6666666666666666,60.60729484130493,1.2069489608125925
970,1,98,9232,10,98,2,1,98,3,2,0.5714285714285714,0.6931471805579453,0.6,120.1929384350779,2.4138979216251535
971,8,36,4372,10,36,1,1,36,2,1,0.5714285714285714,0.0,0.5,44.88692472636063,1.9218120556727962
972,1,98,9232,10,98,1,1,98,2,1,0.6666666666666666,0.0,0.6666666666666666,119.90525636262613,1.2069489608125767
973,3,98,9232,10,98,1,1,98,2,1,0.6190476190476191,0.0,0.6666666666666666,120.1929384350779,1.2069489608125767
974,1,142,9232,10,142,1,1,142,2,1,0.6190476190476191,0.0,0.5,173.71015644060677,1.9218120556728948
975,16,142,9880,10,142,1,1,142,2,1,0.6190476190476191,0.0,0.6666666666666666,173.42247436815498,1.2069489608125767
976,1,23,976,10,23,2,1,23,3,2,0.5714285714285714,0.6931471805579453,0.6,29.166554611416316,2.413897921625169
977,3,98,9232,10,98,1,1,98,2,1,0.5714285714285714,0.0,0.5,120.1929384350779,1.921812055672816
978,1,49,4192,10,49,1,1,49,2,1,0.6666666666666666,0.0,0.6666666666666666,60.607294841304935,1.2069489608125767
979,6,49,4408,10,49,1,1,49,2,1,0.6190476190476191,0.0,0.6666666666666666,60.89497691375671,1.2069489608125767
980,1,23,980,10,23,1,1,23,2,1,0.5714285714285714,0.0,0.5,29.166554611416316,1.9218120556728062
981,3,23,2944,10,23,1,1,23,2,1,0.6190476190476191,0.0,0.6666666666666666,29.166554611416316,1.2069489608125845
982,1,142,9232,10,142,2,1,142,3,2,0.5714285714285714,0.6931471805579453,0.6,173.13479229570322,2.4138979216251535
983,8,142,9232,10,142,1,1,142,2,1,0.5714285714285714,0.0,0.5,172.84711022325143,1.921812055672816
984,1,49,984,10,49,1,1,49,2,1,0.6666666666666666,0.0,0.6666666666666666,60.31961276885315,1.2069489608125767
985,3,23,3328,10,23,1,1,23,2,1,0.6190476190476191,0.0,0.6666666666666666,28.878872538964536,1.2069489608125845
986,1,49,1480,10,49,1,1,49,2,1,0.6190476190476191,0.0,0.5,60.60729484130493,1.921812055672816
987,13,36,7504,10,36,1,1,36,2,1,0.6190476190476191,0.0,0.6666666666666666,44.31156058145707,1.2069489608125767
988,1,49,1672,10,49,2,1,49,3,2,0.5714285714285714,0.6931471805579453,0.6,60.89497691375671,2.413897921625185
989,3,49,2968,10,49,1,1,49,2,1,0.5714285714285714,0.0,0.5,60.89497691375671,1.9218120556727962
990,1,98,14308,10,98,1,1,-1,2,1,0.6666666666666666,0.0,0.6666666666666666,24.221586351837434,1.2069489608125845
991,42,98,15064,10,98,1,1,-1,2,1,0.6190476190476191,0.0,0.6666666666666666,7.167037876912221,1.2069489608125827
992,1,111,9232,10,111,1,1,111,2,1,0.5714285714285714,0.0,0.5,135.9133085500222,1.921812055672816
993,3,93,8080,10,93,1,1,93,2,1,0.6190476190476191,0.0,0.6666666666666666,112.68610248457492,1.2069489608125767
994,1,23,1492,10,23,2,1,23,3,2,0.5714285714285714,0.6931471805579453,0.6,29.166554611416316,2.413897921625169
995,6,23,4480,10,23,1,1,23,2,1,0.5714285714285714,0.0,0.5,29.166554611416316,1.9218120556728062
996,1,49,996,10,49,1,1,49,2,1,0.6666666666666666,0.0,0.6666666666666666,60.60729484130493,1.2069489608125767
997,3,49,2992,10,49,1,1,49,2,1,0.6190476190476191,0.0,0.6666666666666666,60.89497691375671,1.2069489608125925
998,1,49,2248,10,49,1,1,49,2,1,0.6190476190476191,0.0,0.5,60.89497691375671,1.9218120556727962
999,16,49,11392,10,49,1,1,-1,2,1,0.6190476190476191,0.0,0.6666666666666666,12.660099320252767,1.2069489608125807
1000,1,111,9232,10,111,2,1,111,3,2,0.5714285714285714,0.6931471805579453,0.6,136.200990622474,2.4138979216251535
1001,3,142,21688,10,142,1,1,-1,2,1,0.5714285714285714,0.0,0.5,18.440842836045096,1.921812055672816
1002,1,111,9232,10,111,1,1,111,2,1,0.6666666666666666,0.0,0.6666666666666666,135.9133085500222,1.2069489608126394
1003,8,41,8584,10,41,1,1,41,2,1,0.6190476190476191,0.0,0.6666666666666666,50.37998616970117,1.2069489608125925
1004,1,67,9232,10,67,1,1,67,2,1,0.5714285714285714,0.0,0.5,82.10840847204157,1.9218120556728555
1005,3,67,9232,10,67,1,1,67,2,1,0.6190476190476191,0.0,0.6666666666666666,82.10840847204157,1.206948960812608
1006,1,67,9232,10,67,2,1,67,3,2,0.5714285714285714,0.6931471805579453,0.6,82.39609054449336,2.413897921625216
1007,34,93,39364,10,93,1,1,-1,2,1,0.5714285714285714,0.0,0.5,7.167037876912221,1.9218120556728038
1008,1,111,9232,10,111,1,1,111,2,1,0.6666666666666666,0.0,0.6666666666666666,135.62562647757042,1.2069489608126394
1009,3,111,9232,10,111,1,1,111,2,1,0.6190476190476191,0.0,0.6666666666666666,135.9133085500222,1.2069489608126394
1010,1,62,2752,10,62,1,1,62,2,1,0.6190476190476191,0.0,0.5,76.03998288379748,1.9218120556727767
1011,6,62,4552,10,62,1,1,62,2,1,0.6190476190476191,0.0,0.6666666666666666,76.32766495624925,1.2069489608125767
1012,1,111,9232,10,111,2,1,111,3,2,0.5714285714285714,0.6931471805579453,0.6,136.200990622474,2.4138979216251535
1013,3,111,9232,10,111,1,1,111,2,1,0.5714285714285714,0.0,0.5,136.200990622474,1.921812055672816
1014,1,36,2896,10,36,1,1,36,2,1,0.6666666666666666,0.0,0.6666666666666666,44.59924265390886,1.2069489608125612
1015,8,36,6856,10,36,1,1,36,2,1,0.6190476190476191,0.0,0.6666666666666666,44.59924265390886,1.2069489608125612
1016,1,49,4372,10,49,1,1,49,2,1,0.5714285714285714,0.0,0.5,60.894976913756715,1.9218120556727767
1017,3,155,9232,10,155,1,1,155,2,1,0.6190476190476191,0.0,0.6666666666666666,188.85516241064755,1.2069489608125767
1018,1,49,4372,10,49,2,1,49,3,2,0.5714285714285714,0.6931471805579453,0.6,61.18265898620849,2.4138979216251535
1019,19,62,5812,10,62,1,1,62,2,1,0.5714285714285714,0.0,0.5,75.75230081134569,1.9218120556727767
1020,1,49,13120,10,49,1,1,-1,2,1,0.6666666666666666,0.0,0.6666666666666666,19.016206980948663,1.2069489608125845
1021,3,49,13120,10,49,1,1,-1,2,1,0.6190476190476191,0.0,0.6666666666666666,19.303889053400443,1.2069489608125845
1022,1,62,39364,10,62,1,1,-1,2,1,0.6190476190476191,0.0,0.5,12.947781392704547,1.9218120556728062
1023,29,62,118096,10,62,1,1,-1,2,1,0.6190476190476191,0.0,0.6666666666666666,7.167037876912221,1.2069489608125827
1024,1,10,1024,11,10,2,1,10,3,2,0.5714285714285714,0.6931471805579453,0.6,13.1585024240202,2.4138979216251615
1025,3,36,3076,11,36,1,1,36,2,1,0.5714285714285714,0.0,0.5,44.59924265390885,1.9218120556727962
1026,1,36,1540,11,36,1,1,36,2,1,0.6666666666666666,0.0,0.6666666666666666,44.59924265390885,1.2069489608125767
1027,6,36,4624,11,36,1,1,36,2,1,0.6190476190476191,0.0,0.6666666666666666,44.88692472636063,1.2069489608125767
1028,1,124,9232,11,124,1,1,124,2,1,0.5714285714285714,0.0,0.5,151.63367866496657,1.9218120556727372
1029,3,124,9232,11,124,1,1,124,2,1,0.6190476190476191,0.0,0.6666666666666666,151.63367866496657,1.2069489608125767
1030,1,124,9232,11,124,2,1,124,3,2,0.5714285714285714,0.6931471805579453,0.6,151.92136073741833,2.4138979216251535
1031,11,36,6964,11,36,1,1,36,2,1,0.5714285714285714,0.0,0.5,44.59924265390885,1.9218120556727962
1032,1,124,9232,11,124,1,1,124,2,1,0.6666666666666666,0.0,0.6666666666666666,151.34599659251478,1.2069489608125767
1033,3,155,9232,11,155,1,1,155,2,1,0.6190476190476191,0.0,0.6666666666666666,188.56748033819576,1.2069489608125767
1034,1,124,9232,11,124,1,1,124,2,1,0.6190476190476191,0.0,0.5,151.63367866496657,1.9218120556727372
1035,8,124,9232,11,124,1,1,124,2,1,0.6190476190476191,0.0,0.6666666666666666,151.92136073741833,1.2069489608126394
1036,1,124,9232,11,124,2,1,124,3,2,0.5714285714285714,0.6931471805579453,0.6,151.92136073741833,2.4138979216251535
1037,3,124,9232,11,124,1,1,124,2,1,0.5714285714285714,0.0,0.5,151.92136073741833,1.921812055672816
1038,1,62,3508,11,62,1,1,62,2,1,0.6666666666666666,0.0,0.6666666666666666,76.61534702870102,1.206948960812608
1039,11,62,10528,11,62,1,1,-1,2,1,0.6190476190476191,0.0,0.6666666666666666,7.167037876912221,1.2069489608125827
1040,1,31,1040,11,31,1,1,31,2,1,0.5714285714285714,0.0,0.5,38.530817065664756,1.921812055672816
1041,3,124,9232,11,124,1,1,124,2,1,0.6190476190476191,0.0,0.6666666666666666,151.92136073741833,1.2069489608126394
1042,1,124,9232,11,124,2,1,124,3,2,0.5714285714285714,0.6931471805579453,0.6,151.92136073741833,2.4138979216251535
1043,6,124,9232,11,124,1,1,124,2,1,0.5714285714285714,0.0,0.5,151.92136073741833,1.921812055672816
1044,1,31,1044,11,31,1,1,31,2,1,0.6666666666666666,0.0,0.6666666666666666,38.243134993212976,1.2069489608125767
1045,3,31,3136,11,31,1,1,31,2,1,0.6190476190476191,0.0,0.6666666666666666,38.530817065664756,1.2069489608125767
1046,1,124,9232,11,124,1,1,124,2,1,0.6190476190476191,0.0,0.5,151.92136073741833,1.921812055672816
1047,8,124,9232,11,124,1,1,124,2,1,0.6190476190476191,0.0,0.6666666666666666,151.92136073741833,1.2069489608126394
1048,1,31,1048,11,31,2,1,31,3,2,0.5714285714285714,0.6931471805579453,0.6,38.818499138116536,2.413897921625185
1049,3,62,3544,11,62,1,1,62,2,1,0.5714285714285714,0.0,0.5,76.90302910115281,1.921812055672816
1050,1,31,1576,11,31,1,1,31,2,1,0.6666666666666666,0.0,0.6666666666666666,38.530817065664756,1.2069489608125925
1051,39,93,45520,11,93,1,1,-1,2,1,0.6190476190476191,0.0,0.6666666666666666,12.947781392704547,1.2069489608125845
1052,1,80,9232,11,80,1,1,80,2,1,0.5714285714285714,0.0,0.5,98.1164606594377,1.9218120556727767
1053,3,80,9232,11,80,1,1,80,2,1,0.6190476190476191,0.0,0.6666666666666666,98.1164606594377,1.2069489608125457
1054,1,80,9232,11,80,2,1,80,3,2,0.5714285714285714,0.6931471805579453,0.6,98.1164606594377,2.4138979216250913
1055,130,168,250504,11,168,1,1,-1,2,1,0.5714285714285714,0.0,0.5,7.167037876912221,1.9218120556728038
1056,1,31,1056,11,31,1,1,31,2,1,0.6666666666666666,0.0,0.6666666666666666,37.955452920761196,1.2069489608125767
1057,3,80,9232,11,80,1,1,80,2,1,0.6190476190476191,0.0,0.6666666666666666,98.1164606594377,1.2069489608125767
1058,1,31,1588,11,31,1,1,31,2,1,0.6190476190476191,0.0,0.5,38.53081706566476,1.9218120556727962
1059,6,31,4768,11,31,1,1,31,2,1,0.6190476190476191,0.0,0.6666666666666666,38.818499138116536,1.2069489608125925
1060,1,124,9232,11,124,2,1,124,3,2,0.5714285714285714,0.6931471805579453,0.6,151.92136073741833,2.4138979216252787
1061,3,124,9232,11,124,1,1,124,2,1,0.5714285714285714,0.0,0.5,151.92136073741833,1.921812055672816
1062,1,124,9232,11,124,1,1,124,2,1,0.6666666666666666,0.0,0.6666666666666666,151.92136073741833,1.2069489608126394
1063,13,75,8080,11,75,1,1,75,2,1,0.6190476190476191,0.0,0.6666666666666666,91.18498885383825,1.2069489608125457
1064,1,31,1064,11,31,1,1,31,2,1,0.5714285714285714,0.0,0.5,38.530817065664756,1.9218120556727962
1065,3,75,12148,11,75,1,1,-1,2,1,0.6190476190476191,0.0,0.6666666666666666,12.947781392704547,1.2069489608125845
1066,1,31,1600,11,31,2,1,31,3,2,0.5714285714285714,0.6931471805579453,0.6,38.818499138116536,2.4138979216251535
1067,8,62,4804,11,62,1,1,62,2,1,0.5714285714285714,0.0,0.5,76.61534702870102,1.921812055672816
1068,1,23,1204,11,23,1,1,23,2,1,0.6666666666666666,0.0,0.6666666666666666,28.591190466512757,1.2069489608125767
1069,3,23,3208,11,23,1,1,23,2,1,0.6190476190476191,0.0,0.6666666666666666,28.878872538964536,1.2069489608125767
1070,1,23,3616,11,23,1,1,23,2,1,0.6190476190476191,0.0,0.5,28.878872538964536,1.9218120556728062
1071,21,168,10852,11,168,1,1,-1,2,1,0.6190476190476191,0.0,0.6666666666666666,7.167037876912221,1.2069489608125827
1072,1,31,1072,11,31,2,1,31,3,2,0.5714285714285714,0.6931471805579453,0.6,38.818499138116536,2.4138979216251535
1073,3,23,3220,11,23,1,1,23,2,1,0.5714285714285714,0.0,0.5,28.878872538964533,1.921812055672816
1074,1,23,1816,11,23,1,1,23,2,1,0.6666666666666666,0.0,0.6666666666666666,28.878872538964536,1.2069489608125845
1075,6,23,4840,11,23,1,1,23,2,1,0.6190476190476191,0.0,0.6666666666666666,29.166554611416316,1.2069489608125845
1076,1,31,1076,11,31,1,1,31,2,1,0.5714285714285714,0.0,0.5,38.818499138116536,1.9218120556727962
1077,3,31,3232,11,31,1,1,31,2,1,0.6190476190476191,0.0,0.6666666666666666,38.818499138116536,1.2069489608125767
1078,1,49,9232,11,49,2,1,49,3,2,0.5714285714285714,0.6931471805579453,0.6,60.319612768853155,2.4138979216251535
1079,8,49,9232,11,49,1,1,49,2,1,0.5714285714285714,0.0,0.5,60.031930696401375,1.9218120556727962
1080,1,44,1080,11,44,1,1,44,2,1,0.6666666666666666,0.0,0.6666666666666666,53.96350510815727,1.2069489608125767
1081,3,137,9232,11,137,1,1,137,2,1,0.6190476190476191,0.0,0.6666666666666666,167.35404877991087,1.2069489608126394
1082,1,44,1624,11,44,1,1,44,2,1,0.6190476190476191,0.0,0.5,54.25118718060905,1.921812055672816
1083,11,137,9232,11,137,1,1,137,2,1,0.6190476190476191,0.0,0.6666666666666666,167.35404877991087,1.2069489608126394
1084,1,44,2752,11,44,2,1,44,3,2,0.5714285714285714,0.6931471805579453,0.6,54.53886925306084,2.4138979216251535
1085,3,44,3256,11,44,1,1,44,2,1,0.5714285714285714,0.0,0.5,54.53886925306084,1.9218120556727767
1086,1,137,9232,11,137,1,1,137,2,1,0.6666666666666666,0.0,0.6666666666666666,166.77868463500732,1.2069489608125767
1087,19,137,24784,11,137,1,1,-1,2,1,0.6190476190476191,0.0,0.6666666666666666,7.167037876912221,1.2069489608125827
1088,1,18,1088,11,18,1,1,18,2,1,0.5714285714285714,0.0,0.5,22.810446950720422,1.9218120556728062
1089,3,44,3268,11,44,1,1,44,2,1,0.6190476190476191,0.0,0.6666666666666666,54.25118718060906,1.2069489608125612
1090,1,44,1636,11,44,2,1,44,3,2,0.5714285714285714,0.6931471805579453,0.6,54.53886925306084,2.4138979216251224
1091,6,44,4912,11,44,1,1,44,2,1,0.5714285714285714,0.0,0.5,54.53886925306084,1.9218120556727767
1092,1,31,1092,11,31,1,1,31,2,1,0.6666666666666666,0.0,0.6666666666666666,38.53081706566476,1.2069489608125612
1093,3,31,3280,11,31,1,1,31,2,1,0.6190476190476191,0.0,0.6666666666666666,38.818499138116536,1.2069489608125925
1094,1,31,2464,11,31,1,1,31,2,1,0.6190476190476191,0.0,0.5,38.818499138116536,1.9218120556727962
1095,24,75,7396,11,75,1,1,75,2,1,0.6190476190476191,0.0,0.6666666666666666,91.47267092629002,1.206948960812608
1096,1,93,9232,11,93,2,1,93,3,2,0.5714285714285714,0.6931471805579453,0.6,114.1245128468338,2.413897921625216
1097,3,137,9232,11,137,1,1,137,2,1,0.5714285714285714,0.0,0.5,167.64173085236266,1.921812055672816
1098,1,93,9232,11,93,1,1,93,2,1,0.6666666666666666,0.0,0.6666666666666666,113.83683077438202,1.2069489608125767
1099,8,31,4948,11,31,1,1,31,2,1,0.6190476190476191,0.0,0.6666666666666666,38.818499138116536,1.2069489608125925
1100,1,93,9232,11,93,1,1,93,2,1,0.5714285714285714,0.0,0.5,114.1245128468338,1.921812055672816
1101,3,93,9232,11,93,1,1,93,2,1,0.6190476190476191,0.0,0.6666666666666666,114.1245128468338,1.206948960812608
1102,1,44,4192,11,44,2,1,44,3,2,0.5714285714285714,0.6931471805579453,0.6,54.82655132551261,2.4138979216251535
1103,13,44,11176,11,44,1,1,-1,2,1,0.5714285714285714,0.0,0.5,7.167037876912221,1.9218120556728038
1104,1,18,1104,11,18,1,1,18,2,1,0.6666666666666666,0.0,0.6666666666666666,22.23508280581686,1.2069489608125845
1105,3,93,9232,11,93,1,1,93,2,1,0.6190476190476191,0.0,0.6666666666666666,114.1245128468338,1.206948960812608
1106,1,137,9232,11,137,1,1,137,2,1,0.6190476190476191,0.0,0.5,166.77868463500732,1.921812055672816
1107,6,137,9232,11,137,1,1,137,2,1,0.6190476190476191,0.0,0.6666666666666666,167.0663667074591,1.2069489608125767
1108,1,18,1108,11,18,2,1,18,3,2,0.5714285714285714,0.6931471805579453,0.6,22.810446950720422,2.4138979216251535
1109,3,18,3328,11,18,1,1,18,2,1,0.5714285714285714,0.0,0.5,22.810446950720422,1.9218120556728062
1110,1,31,2500,11,31,1,1,31,2,1,0.6666666666666666,0.0,0.6666666666666666,38.53081706566476,1.2069489608125612
1111,8,31,7504,11,31,1,1,31,2,1,0.6190476190476191,0.0,0.6666666666666666,38.243134993212976,1.2069489608125767
1112,1,44,1112,11,44,1,1,44,2,1,0.5714285714285714,0.0,0.5,54.53886925306083,1.921812055672816
1113,3,137,9232,11,137,1,1,137,2,1,0.6190476190476191,0.0,0.6666666666666666,167.64173085236266,1.2069489608126394
1114,1,44,1672,11,44,2,1,44,3,2,0.5714285714285714,0.6931471805579453,0.6,54.82655132551261,2.413897921625185
1115,37,93,14308,11,93,1,1,-1,2,1,0.5714285714285714,0.0,0.5,18.153160763593316,1.921812055672816
1116,1,44,1888,11,44,1,1,44,2,1,0.6666666666666666,0.0,0.6666666666666666,54.53886925306084,1.2069489608125767
1117,3,44,3352,11,44,1,1,44,2,1,0.6190476190476191,0.0,0.6666666666666666,54.82655132551261,1.2069489608125925
1118,1,88,8080,11,88,1,1,88,2,1,0.6190476190476191,0.0,0.5,106.61767689633079,1.921812055672816
1119,13,88,17008,11,88,1,1,-1,2,1,0.6190476190476191,0.0,0.6666666666666666,6.87935580446044,1.2069489608125827
1120,1,18,1120,11,18,2,1,18,3,2,0.5714285714285714,0.6931471805579453,0.6,23.098129023172202,2.413897921625169
1121,3,44,4264,11,44,1,1,44,2,1,0.5714285714285714,0.0,0.5,54.53886925306084,1.9218120556727962
1122,1,44,1684,11,44,1,1,44,2,1,0.6666666666666666,0.0,0.6666666666666666,54.53886925306084,1.2069489608125612
1123,6,44,5056,11,44,1,1,44,2,1,0.6190476190476191,0.0,0.6666666666666666,54.53886925306084,1.2069489608125612
1124,1,44,1124,11,44,1,1,44,2,1,0.5714285714285714,0.0,0.5,54.82655132551261,1.9218120556727962
1125,3,44,3376,11,44,1,1,44,2,1,0.6190476190476191,0.0,0.6666666666666666,54.82655132551261,1.2069489608125925
1126,1,44,2536,11,44,2,1,44,3,2,0.5714285714285714,0.6931471805579453,0.6,55.11423339796439,2.4138979216251535
1127,32,137,21688,11,137,1,1,-1,2,1,0.5714285714285714,0.0,0.5,12.372417247800987,1.9218120556728013
1128,1,18,1128,11,18,1,1,18,2,1,0.6666666666666666,0.0,0.6666666666666666,22.522764878268642,1.2069489608125767
1129,3,36,8584,11,36,1,1,36,2,1,0.6190476190476191,0.0,0.6666666666666666,44.31156058145707,1.2069489608125767
1130,1,18,1696,11,18,1,1,18,2,1,0.6190476190476191,0.0,0.5,22.810446950720422,1.9218120556728062
1131,8,36,5092,11,36,1,1,36,2,1,0.6190476190476191,0.0,0.6666666666666666,44.59924265390885,1.2069489608125767
1132,1,62,9232,11,62,2,1,62,3,2,0.5714285714285714,0.6931471805579453,0.6,76.03998288379748,2.4138979216250913
1133,3,62,9232,11,62,1,1,62,2,1,0.5714285714285714,0.0,0.5,76.03998288379748,1.9218120556727767
1134,1,62,9232,11,62,1,1,62,2,1,0.6666666666666666,0.0,0.6666666666666666,76.03998288379748,1.2069489608125767
1135,21,62,14560,11,62,1,1,-1,2,1,0.6190476190476191,0.0,0.6666666666666666,6.87935580446044,1.2069489608125827
1136,1,106,9232,11,106,1,1,106,2,1,0.5714285714285714,0.0,0.5,129.84488296177813,1.9218120556727372
1137,3,18,3412,11,18,1,1,18,2,1,0.6190476190476191,0.0,0.6666666666666666,22.810446950720422,1.2069489608125845
1138,1,57,2752,11,57,2,1,57,3,2,0.5714285714285714,0.6931471805579453,0.6,70.25923936800514,2.4138979216251535
1139,6,57,5128,11,57,1,1,57,2,1,0.5714285714285714,0.0,0.5,69.97155729555335,1.921812055672816
1140,1,106,9232,11,106,1,1,106,2,1,0.6666666666666666,0.0,0.6666666666666666,129.55720088932634,1.2069489608125767
1141,3,106,9232,11,106,1,1,106,2,1,0.6190476190476191,0.0,0.6666666666666666,129.84488296177813,1.2069489608125767
1142,1,31,2896,11,31,1,1,31,2,1,0.6190476190476191,0.0,0.5,38.53081706566476,1.9218120556727962
1143,8,31,7720,11,31,1,1,31,2,1,0.6190476190476191,0.0,0.6666666666666666,38.243134993212976,1.2069489608125925
1144,1,106,9232,11,106,2,1,106,3,2,0.5714285714285714,0.6931471805579453,0.6,130.13256503422988,2.4138979216251535
1145,3,150,9232,11,150,1,1,150,2,1,0.5714285714285714,0.0,0.5,182.78673682240344,1.921812055672816
1146,1,106,9232,11,106,1,1,106,2,1,0.6666666666666666,0.0,0.6666666666666666,129.84488296177813,1.2069489608125767
1147,13,57,5812,11,57,1,1,57,2,1,0.6190476190476191,0.0,0.6666666666666666,69.68387522310157,1.206948960812608
1148,1,44,4372,11,44,1,1,44,2,1,0.5714285714285714,0.0,0.5,54.82655132551261,1.9218120556727962
1149,3,44,4372,11,44,1,1,44,2,1,0.6190476190476191,0.0,0.6666666666666666,54.82655132551261,1.2069489608125925
1150,1,44,13120,11,44,2,1,-1,3,2,0.5714285714285714,0.6931471805579453,0.6,13.235463465156329,2.4138979216251615
1151,24,57,39364,11,57,1,1,-1,2,1,0.5714285714285714,0.0,0.5,6.87935580446044,1.9218120556728062
1152,1,26,1152,11,26,1,1,26,2,1,0.6666666666666666,0.0,0.6666666666666666,31.599345260065306,1.2069489608125767
1153,3,150,9232,11,150,1,1,150,2,1,0.6190476190476191,0.0,0.6666666666666666,183.362100967307,1.2069489608126394
1154,1,31,1732,11,31,1,1,31,2,1,0.6190476190476191,0.0,0.5,38.530817065664756,1.9218120556727962
1155,6,31,5200,11,31,1,1,31,2,1,0.6190476190476191,0.0,0.6666666666666666,38.530817065664756,1.2069489608125767
1156,1,31,1156,11,31,2,1,31,3,2,0.5714285714285714,0.6931471805579453,0.6,38.818499138116536,2.413897921625185
1157,3,31,3472,11,31,1,1,31,2,1,0.5714285714285714,0.0,0.5,38.818499138116536,1.9218120556727962
1158,1,31,2608,11,31,1,1,31,2,1,0.6666666666666666,0.0,0.6666666666666666,38.818499138116536,1.2069489608125925
1159,11,57,7828,11,57,1,1,57,2,1,0.6190476190476191,0.0,0.6666666666666666,69.68387522310157,1.206948960812608
1160,1,119,9232,11,119,1,1,119,2,1,0.5714285714285714,0.0,0.5,145.56525307672243,1.9218120556728948
1161,3,181,190996,11,181,1,1,-1,2,1,0.6190476190476191,0.0,0.6666666666666666,18.72852490849688,1.2069489608125845
1162,1,119,9232,11,119,2,1,119,3,2,0.5714285714285714,0.6931471805579453,0.6,145.85293514917421,2.4138979216252787
1163,8,150,9232,11,150,1,1,150,2,1,0.5714285714285714,0.0,0.5,182.49905474995165,1.921812055672816
1164,1,119,9232,11,119,1,1,119,2,1,0.6666666666666666,0.0,0.6666666666666666,145.56525307672243,1.2069489608126394
1165,3,119,9232,11,119,1,1,119,2,1,0.6190476190476191,0.0,0.6666666666666666,145.85293514917421,1.2069489608126394
1166,1,31,3940,11,31,1,1,31,2,1,0.6190476190476191,0.0,0.5,38.530817065664756,1.9218120556727962
1167,11,31,11824,11,31,1,1,-1,2,1,0.6190476190476191,0.0,0.6666666666666666,6.87935580446044,1.2069489608125827
1168,1,119,9232,11,119,2,1,119,3,2,0.5714285714285714,0.6931471805579453,0.6,145.85293514917421,2.4138979216251535
1169,3,57,3508,11,57,1,1,57,2,1,0.5714285714285714,0.0,0.5,70.54692144045691,1.921812055672816
1170,1,57,2968,11,57,1,1,57,2,1,0.6666666666666666,0.0,0.6666666666666666,70.54692144045693,1.2069489608125767
1171,6,57,5272,11,57,1,1,57,2,1,0.6190476190476191,0.0,0.6666666666666666,70.54692144045693,1.2069489608125767
1172,1,119,9232,11,119,1,1,119,2,1,0.5714285714285714,0.0,0.5,145.85293514917421,1.921812055672816
1173,3,119,9232,11,119,1,1,119,2,1,0.6190476190476191,0.0,0.6666666666666666,145.85293514917421,1.2069489608125767
1174,1,119,9232,11,119,2,1,119,3,2,0.5714285714285714,0.6931471805579453,0.6,145.85293514917421,2.4138979216252787
1175,8,119,9232,11,119,1,1,119,2,1,0.5714285714285714,0.0,0.5,145.27757100427064,1.9218120556728948
1176,1,119,9232,11,119,1,1,119,2,1,0.6666666666666666,0.0,0.6666666666666666,145.56525307672243,1.2069489608126394
1177,3,31,3976,11,31,1,1,31,2,1,0.6190476190476191,0.0,0.6666666666666666,38.818499138116536,1.2069489608125925
1178,1,119,9232,11,119,1,1,119,2,1,0.6190476190476191,0.0,0.5,145.85293514917421,1.921812055672816
1179,26,57,13444,11,57,1,1,-1,2,1,0.6190476190476191,0.0,0.6666666666666666,12.660099320252767,1.2069489608125807
1180,1,57,2248,11,57,2,1,57,3,2,0.5714285714285714,0.6931471805579453,0.6,70.8346035129087,2.4138979216251535
1181,3,57,3544,11,57,1,1,57,2,1,0.5714285714285714,0.0,0.5,70.8346035129087,1.921812055672816
1182,1,57,5992,11,57,1,1,57,2,1,0.6666666666666666,0.0,0.6666666666666666,70.54692144045691,1.2069489608125767
1183,26,88,45520,11,88,1,1,-1,2,1,0.6190476190476191,0.0,0.6666666666666666,6.87935580446044,1.2069489608125827
1184,1,26,1184,11,26,1,1,26,2,1,0.5714285714285714,0.0,0.5,32.462391477420645,1.9218120556728358
1185,3,150,21688,11,150,1,1,-1,2,1,0.6190476190476191,0.0,0.6666666666666666,28.09278736274533,1.2069489608125767
1186,1,75,9232,11,75,2,1,75,3,2,0.5714285714285714,0.6931471805579453,0.6,92.04803507119358,2.413897921625216
1187,6,75,9232,11,75,1,1,75,2,1,0.5714285714285714,0.0,0.5,91.76035299874181,1.921812055672816
1188,1,75,9232,11,75,1,1,75,2,1,0.6666666666666666,0.0,0.6666666666666666,91.76035299874181,1.2069489608125767
1189,3,75,9232,11,75,1,1,75,2,1,0.6190476190476191,0.0,0.6666666666666666,92.04803507119358,1.206948960812608
1190,1,75,9232,11,75,1,1,75,2,1,0.6190476190476191,0.0,0.5,92.04803507119358,1.921812055672816
1191,21,49,15280,11,49,1,1,-1,2,1,0.6190476190476191,0.0,0.6666666666666666,15.668254113805315,1.2069489608125845
1192,1,26,1192,11,26,2,1,26,3,2,0.5714285714285714,0.6931471805579453,0.6,32.75007354987243,2.413897921625185
1193,3,101,39364,11,101,1,1,-1,2,1,0.5714285714285714,0.0,0.5,12.947781392704547,1.9218120556728062
1194,1,26,1792,11,26,1,1,26,2,1,0.6666666666666666,0.0,0.6666666666666666,32.462391477420645,1.2069489608125925
1195,8,119,9232,11,119,1,1,119,2,1,0.6190476190476191,0.0,0.6666666666666666,145.27757100427064,1.2069489608126394
1196,1,119,9232,11,119,1,1,119,2,1,0.5714285714285714,0.0,0.5,145.85293514917421,1.921812055672816
1197,3,119,9232,11,119,1,1,119,2,1,0.6190476190476191,0.0,0.6666666666666666,145.85293514917421,1.2069489608125767
1198,1,119,9232,11,119,2,1,119,3,2,0.5714285714285714,0.6931471805579453,0.6,146.140617221626,2.4138979216251535
1199,13,70,12148,11,70,1,1,-1,2,1,0.5714285714285714,0.0,0.5,6.87935580446044,1.9218120556728062
1200,1,18,1200,11,18,1,1,18,2,1,0.6666666666666666,0.0,0.6666666666666666,22.23508280581686,1.2069489608125845
1201,3,57,4372,11,57,1,1,57,2,1,0.6190476190476191,0.0,0.6666666666666666,70.54692144045691,1.2069489608125767
1202,1,57,4372,11,57,1,1,57,2,1,0.6190476190476191,0.0,0.5,70.54692144045693,1.9218120556727767
1203,6,57,5416,11,57,1,1,57,2,1,0.6190476190476191,0.0,0.6666666666666666,70.54692144045693,1.2069489608125457
1204,1,18,1204,11,18,2,1,18,3,2,0.5714285714285714,0.6931471805579453,0.6,22.810446950720422,2.4138979216251535
1205,3,18,3616,11,18,1,1,18,2,1,0.5714285714285714,0.0,0.5,22.810446950720422,1.9218120556728062
1206,1,70,5812,11,70,1,1,70,2,1,0.6666666666666666,0.0,0.6666666666666666,85.40424533804591,1.2069489608125767
1207,8,70,8152,11,70,1,1,70,2,1,0.6190476190476191,0.0,0.6666666666666666,85.11656326559414,1.2069489608125767
1208,1,18,1208,11,18,1,1,18,2,1,0.5714285714285714,0.0,0.5,22.810446950720422,1.9218120556728062
1209,3,57,13120,11,57,1,1,-1,2,1,0.6190476190476191,0.0,0.6666666666666666,28.955833580100666,1.2069489608125925
1210,1,18,1816,11,18,2,1,18,3,2,0.5714285714285714,0.6931471805579453,0.6,23.098129023172202,2.413897921625169
1211,11,70,39364,11,70,1,1,-1,2,1,0.5714285714285714,0.0,0.5,22.312043846952992,1.9218120556728062
1212,1,44,3076,11,44,1,1,44,2,1,0.6666666666666666,0.0,0.6666666666666666,54.25118718060906,1.2069489608125612
1213,3,44,3640,11,44,1,1,44,2,1,0.6190476190476191,0.0,0.6666666666666666,54.53886925306084,1.2069489608125612
1214,1,44,9232,11,44,1,1,44,2,1,0.6190476190476191,0.0,0.5,53.96350510815727,1.9218120556727962
1215,21,163,27700,11,163,1,1,-1,2,1,0.6190476190476191,0.0,0.6666666666666666,6.87935580446044,1.2069489608125827
1216,1,26,1216,11,26,2,1,26,3,2,0.5714285714285714,0.6931471805579453,0.6,32.75007354987243,2.413897921625185
1217,3,132,9232,11,132,1,1,132,2,1,0.5714285714285714,0.0,0.5,161.2856231916668,1.921812055672816
1218,1,132,9232,11,132,1,1,132,2,1,0.6666666666666666,0.0,0.6666666666666666,161.2856231916668,1.2069489608125767
1219,6,132,9232,11,132,1,1,132,2,1,0.6190476190476191,0.0,0.6666666666666666,161.2856231916668,1.2069489608125767
1220,1,39,1220,11,39,1,1,39,2,1,0.5714285714285714,0.0,0.5,48.182761592364955,1.921812055672816
1221,3,39,3664,11,39,1,1,39,2,1,0.6190476190476191,0.0,0.6666666666666666,48.182761592364955,1.2069489608125925
1222,1,39,2752,11,39,2,1,39,3,2,0.5714285714285714,0.6931471805579453,0.6,48.47044366481674,2.4138979216251535
1223,13,132,9232,11,132,1,1,132,2,1,0.5714285714285714,0.0,0.5,160.7102590467632,1.921812055672816
1224,1,39,1224,11,39,1,1,39,2,1,0.6666666666666666,0.0,0.6666666666666666,47.895079519913175,1.2069489608125925
1225,3,132,9232,11,132,1,1,132,2,1,0.6190476190476191,0.0,0.6666666666666666,161.2856231916668,1.2069489608125767
1226,1,39,1840,11,39,1,1,39,2,1,0.6190476190476191,0.0,0.5,48.18276159236496,1.9218120556727962
1227,8,132,9232,11,132,1,1,132,2,1,0.6190476190476191,0.0,0.6666666666666666,161.2856231916668,1.2069489608125767
1228,1,39,1384,11,39,2,1,39,3,2,0.5714285714285714,0.6931471805579453,0.6,48.47044366481674,2.4138979216251535
1229,3,39,3688,11,39,1,1,39,2,1,0.5714285714285714,0.0,0.5,48.47044366481674,1.9218120556727767
1230,1,70,10528,11,70,1,1,-1,2,1,0.6666666666666666,0.0,0.6666666666666666,16.818982403612438,1.2069489608125925
1231,19,70,12472,11,70,1,1,-1,2,1,0.6190476190476191,0.0,0.6666666666666666,6.87935580446044,1.2069489608125827
1232,1,26,1232,11,26,1,1,26,2,1,0.5714285714285714,0.0,0.5,32.75007354987243,1.921812055672816
1233,3,132,9232,11,132,1,1,132,2,1,0.6190476190476191,0.0,0.6666666666666666,161.57330526411857,1.2069489608125767
1234,1,132,9232,11,132,2,1,132,3,2,0.5714285714285714,0.6931471805579453,0.6,161.86098733657033,2.4138979216251535
1235,6,132,9232,11,132,1,1,132,2,1,0.5714285714285714,0.0,0.5,161.57330526411857,1.9218120556727372
1236,1,26,1236,11,26,1,1,26,2,1,0.6666666666666666,0.0,0.6666666666666666,32.46239147742065,1.2069489608125767
1237,3,26,3712,11,26,1,1,26,2,1,0.6190476190476191,0.0,0.6666666666666666,32.75007354987243,1.2069489608125925
1238,1,132,9232,11,132,1,1,132,2,1,0.6190476190476191,0.0,0.5,161.57330526411857,1.9218120556727372
1239,8,132,9232,11,132,1,1,132,2,1,0.6190476190476191,0.0,0.6666666666666666,161.2856231916668,1.2069489608125767
1240,1,88,9232,11,88,2,1,88,3,2,0.5714285714285714,0.6931471805579453,0.6,108.05608725858968,2.4138979216251535
1241,3,39,4192,11,39,1,1,39,2,1,0.5714285714285714,0.0,0.5,48.47044366481674,1.9218120556727767
1242,1,88,9232,11,88,1,1,88,2,1,0.6666666666666666,0.0,0.6666666666666666,107.76840518613791,1.2069489608125767
1243,13,70,9448,11,70,1,1,70,2,1,0.6190476190476191,0.0,0.6666666666666666,85.97960948294947,1.2069489608125767
1244,1,88,9232,11,88,1,1,88,2,1,0.5714285714285714,0.0,0.5,108.05608725858968,1.921812055672816
1245,3,88,9232,11,88,1,1,88,2,1,0.6190476190476191,0.0,0.6666666666666666,108.05608725858968,1.2069489608125767
1246,1,132,9232,11,132,2,1,132,3,2,0.5714285714285714,0.6931471805579453,0.6,160.997941119215,2.4138979216251535
1247,21,132,18952,11,132,1,1,-1,2,1,0.5714285714285714,0.0,0.5,6.87935580446044,1.9218120556728062
1248,1,39,1248,11,39,1,1,39,2,1,0.6666666666666666,0.0,0.6666666666666666,47.895079519913175,1.2069489608125767
1249,3,176,250504,11,176,1,1,-1,2,1,0.6190476190476191,0.0,0.6666666666666666,16.81898240361244,1.2069489608125845
1250,1,26,1876,11,26,1,1,26,2,1,0.6190476190476191,0.0,0.5,32.46239147742065,1.921812055672816
1251,6,26,5632,11,26,1,1,26,2,1,0.6190476190476191,0.0,0.6666666666666666,32.46239147742065,1.2069489608125767
1252,1,132,9232,11,132,2,1,132,3,2,0.5714285714285714,0.6931471805579453,0.6,161.57330526411857,2.4138979216251535
1253,3,132,9232,11,132,1,1,132,2,1,0.5714285714285714,0.0,0.5,161.57330526411857,1.9218120556727372
1254,1,132,9232,11,132,1,1,132,2,1,0.6666666666666666,0.0,0.6666666666666666,161.57330526411857,1.2069489608125767
1255,32,88,14308,11,88,1,1,-1,2,1,0.6190476190476191,0.0,0.6666666666666666,12.372417247800987,1.2069489608125807
1256,1,39,1256,11,39,1,1,39,2,1,0.5714285714285714,0.0,0.5,48.470443664816734,1.9218120556727962
1257,3,39,9556,11,39,1,1,39,2,1,0.6190476190476191,0.0,0.6666666666666666,47.607397447461395,1.2069489608125925
1258,1,39,1888,11,39,2,1,39,3,2,0.5714285714285714,0.6931471805579453,0.6,48.758125737268514,2.4138979216251535
1259,8,83,8080,11,83,1,1,83,2,1,0.5714285714285714,0.0,0.5,100.54925130808668,1.921812055672816
1260,1,39,1600,11,39,1,1,39,2,1,0.6666666666666666,0.0,0.6666666666666666,48.18276159236496,1.2069489608125612
1261,3,39,3784,11,39,1,1,39,2,1,0.6190476190476191,0.0,0.6666666666666666,48.47044366481674,1.2069489608125612
1262,1,39,4264,11,39,1,1,39,2,1,0.6190476190476191,0.0,0.5,48.47044366481674,1.9218120556727767
1263,42,176,138400,11,176,1,1,-1,2,1,0.6190476190476191,0.0,0.6666666666666666,6.87935580446044,1.2069489608125827
1264,1,39,1264,11,39,2,1,39,3,2,0.5714285714285714,0.6931471805579453,0.6,48.758125737268514,2.4138979216251535
1265,3,39,3796,11,39,1,1,39,2,1,0.5714285714285714,0.0,0.5,48.470443664816734,1.9218120556727962
1266,1,31,3616,11,31,1,1,31,2,1,0.6666666666666666,0.0,0.6666666666666666,38.53081706566476,1.2069489608125612
1267,6,31,5704,11,31,1,1,31,2,1,0.6190476190476191,0.0,0.6666666666666666,38.53081706566476,1.2069489608125612
1268,1,39,1268,11,39,1,1,39,2,1,0.5714285714285714,0.0,0.5,48.758125737268514,1.9218120556727962
1269,3,39,3808,11,39,1,1,39,2,1,0.6190476190476191,0.0,0.6666666666666666,48.758125737268514,1.2069489608125767
1270,1,31,3220,11,31,2,1,31,3,2,0.5714285714285714,0.6931471805579453,0.6,38.818499138116536,2.4138979216251535
1271,8,31,8584,11,31,1,1,31,2,1,0.5714285714285714,0.0,0.5,38.243134993212976,1.9218120556727962
1272,1,57,9232,11,57,1,1,57,2,1,0.6666666666666666,0.0,0.6666666666666666,69.68387522310158,1.2069489608125767
1273,3,31,4840,11,31,1,1,31,2,1,0.6190476190476191,0.0,0.6666666666666666,38.818499138116536,1.2069489608125925
1274,1,57,9232,11,57,1,1,57,2,1,0.6190476190476191,0.0,0.5,69.97155729555337,1.9218120556727767
1275,24,83,39364,11,83,1,1,-1,2,1,0.6190476190476191,0.0,0.6666666666666666,16.243618258708878,1.2069489608125845
1276,1,57,9232,11,57,2,1,57,3,2,0.5714285714285714,0.6931471805579453,0.6,69.97155729555337,2.4138979216251535
1277,3,57,9232,11,57,1,1,57,2,1,0.5714285714285714,0.0,0.5,69.97155729555337,1.9218120556727767
1278,1,132,41524,11,132,1,1,-1,2,1,0.6666666666666666,0.0,0.6666666666666666,12.947781392704547,1.2069489608125845
1279,37,132,65608,11,132,1,1,-1,2,1,0.6190476190476191,0.0,0.6666666666666666,6.87935580446044,1.2069489608125827
1280,1,13,1280,11,13,1,1,13,2,1,0.5714285714285714,0.0,0.5,16.74202136247631,1.9218120556728062
1281,3,52,3844,11,52,1,1,52,2,1,0.6190476190476191,0.0,0.6666666666666666,63.90313170730926,1.2069489608125457
1282,1,52,2752,11,52,2,1,52,3,2,0.5714285714285714,0.6931471805579453,0.6,64.19081377976103,2.4138979216251535
1283,6,52,5776,11,52,1,1,52,2,1,0.5714285714285714,0.0,0.5,63.90313170730925,1.9218120556727962
1284,1,26,1284,11,26,1,1,26,2,1,0.6666666666666666,0.0,0.6666666666666666,32.174709404968866,1.2069489608125925
1285,3,26,3856,11,26,1,1,26,2,1,0.6190476190476191,0.0,0.6666666666666666,32.462391477420645,1.2069489608125925
1286,1,26,2896,11,26,1,1,26,2,1,0.6190476190476191,0.0,0.5,32.462391477420645,1.9218120556728358
1287,11,145,9232,11,145,1,1,145,2,1,0.6190476190476191,0.0,0.6666666666666666,175.855265016804,1.2069489608125767
1288,1,101,9232,11,101,2,1,101,3,2,0.5714285714285714,0.6931471805579453,0.6,123.77645737353403,2.4138979216250913
1289,3,145,9232,11,145,1,1,145,2,1,0.5714285714285714,0.0,0.5,176.71831123415933,1.921812055672816
1290,1,101,9232,11,101,1,1,101,2,1,0.6666666666666666,0.0,0.6666666666666666,123.48877530108224,1.2069489608125767
1291,8,52,5812,11,52,1,1,52,2,1,0.6190476190476191,0.0,0.6666666666666666,63.90313170730925,1.2069489608125612
1292,1,101,9232,11,101,1,1,101,2,1,0.5714285714285714,0.0,0.5,123.77645737353403,1.9218120556727767
1293,3,101,9232,11,101,1,1,101,2,1,0.6190476190476191,0.0,0.6666666666666666,123.77645737353403,1.2069489608125457
1294,1,39,4372,11,39,2,1,39,3,2,0.5714285714285714,0.6931471805579453,0.6,48.758125737268514,2.4138979216251535
1295,11,39,13120,11,39,1,1,-1,2,1,0.5714285714285714,0.0,0.5,6.87935580446044,1.9218120556728062
1296,1,26,1296,11,26,1,1,26,2,1,0.6666666666666666,0.0,0.6666666666666666,32.17470940496887,1.2069489608125767
1297,3,101,9232,11,101,1,1,101,2,1,0.6190476190476191,0.0,0.6666666666666666,123.77645737353403,1.2069489608125767
1298,1,145,9232,11,145,1,1,145,2,1,0.6190476190476191,0.0,0.5,177.2936753790629,1.9218120556727372
1299,6,145,9232,11,145,1,1,145,2,1,0.6190476190476191,0.0,0.6666666666666666,177.2936753790629,1.2069489608125143
1300,1,26,1300,11,26,2,1,26,3,2,0.5714285714285714,0.6931471805579453,0.6,32.75007354987243,2.4138979216251535
1301,3,26,3904,11,26,1,1,26,2,1,0.5714285714285714,0.0,0.5,32.75007354987243,1.921812055672816
1302,1,101,9232,11,101,1,1,101,2,1,0.6666666666666666,0.0,0.6666666666666666,123.77645737353403,1.2069489608125767
1303,8,101,9232,11,101,1,1,101,2,1,0.6190476190476191,0.0,0.6666666666666666,123.48877530108224,1.2069489608125767
1304,1,26,1304,11,26,1,1,26,2,1,0.5714285714285714,0.0,0.5,32.75007354987243,1.921812055672816
1305,3,52,4408,11,52,1,1,52,2,1,0.6190476190476191,0.0,0.6666666666666666,64.4784958522128,1.206948960812608
1306,1,26,1960,11,26,2,1,26,3,2,0.5714285714285714,0.6931471805579453,0.6,33.03775562232421,2.413897921625185
1307,55,176,190996,11,176,1,1,-1,2,1,0.5714285714285714,0.0,0.5,12.660099320252767,1.9218120556728062
1308,1,145,9232,11,145,1,1,145,2,1,0.6666666666666666,0.0,0.6666666666666666,176.43062916170754,1.2069489608125767
1309,3,145,9232,11,145,1,1,145,2,1,0.6190476190476191,0.0,0.6666666666666666,176.71831123415933,1.2069489608125767
1310,1,145,9232,11,145,1,1,145,2,1,0.6190476190476191,0.0,0.5,176.43062916170754,1.921812055672816
1311,16,101,19924,11,101,1,1,-1,2,1,0.6190476190476191,0.0,0.6666666666666666,6.87935580446044,1.2069489608125827
1312,1,114,9232,11,114,2,1,114,3,2,0.5714285714285714,0.6931471805579453,0.6,139.7845095609301,2.4138979216251535
1313,3,26,3940,11,26,1,1,26,2,1,0.5714285714285714,0.0,0.5,32.46239147742065,1.921812055672816
1314,1,52,1972,11,52,1,1,52,2,1,0.6666666666666666,0.0,0.6666666666666666,64.19081377976103,1.2069489608125767
1315,6,52,5920,11,52,1,1,52,2,1,0.6190476190476191,0.0,0.6666666666666666,64.19081377976103,1.2069489608125767
1316,1,52,1672,11,52,1,1,52,2,1,0.5714285714285714,0.0,0.5,64.47849585221282,1.9218120556727767
1317,3,52,3952,11,52,1,1,52,2,1,0.6190476190476191,0.0,0.6666666666666666,64.47849585221282,1.2069489608125767
1318,1,52,2968,11,52,2,1,52,3,2,0.5714285714285714,0.6931471805579453,0.6,64.76617792466459,2.4138979216251535
1319,13,145,10024,11,145,1,1,-1,2,1,0.5714285714285714,0.0,0.5,10.175192670464769,1.9218120556728013
1320,1,114,9232,11,114,1,1,114,2,1,0.6666666666666666,0.0,0.6666666666666666,139.20914541602656,1.2069489608125143
1321,3,101,15064,11,101,1,1,-1,2,1,0.6190476190476191,0.0,0.6666666666666666,10.750556815368329,1.2069489608125845
1322,1,114,9232,11,114,1,1,114,2,1,0.6190476190476191,0.0,0.5,139.49682748847832,1.921812055672816
1323,8,52,5956,11,52,1,1,52,2,1,0.6190476190476191,0.0,0.6666666666666666,64.19081377976103,1.2069489608125767
1324,1,26,1492,11,26,2,1,26,3,2,0.5714285714285714,0.6931471805579453,0.6,32.75007354987243,2.4138979216251535
1325,3,26,3976,11,26,1,1,26,2,1,0.5714285714285714,0.0,0.5,32.75007354987243,1.921812055672816
1326,1,26,4480,11,26,1,1,26,2,1,0.6666666666666666,0.0,0.6666666666666666,32.75007354987243,1.2069489608125925
1327,21,52,13444,11,52,1,1,-1,2,1,0.6190476190476191,0.0,0.6666666666666666,6.87935580446044,1.2069489608125827
1328,1,114,9232,11,114,1,1,114,2,1,0.5714285714285714,0.0,0.5,139.7845095609301,1.921812055672816
1329,3,52,3988,11,52,1,1,52,2,1,0.6190476190476191,0.0,0.6666666666666666,64.4784958522128,1.206948960812608
1330,1,52,2248,11,52,2,1,52,3,2,0.5714285714285714,0.6931471805579453,0.6,64.76617792466459,2.4138979216251535
1331,6,52,5992,11,52,1,1,52,2,1,0.5714285714285714,0.0,0.5,64.47849585221282,1.9218120556727767
1332,1,114,9232,11,114,1,1,114,2,1,0.6666666666666666,0.0,0.6666666666666666,139.49682748847835,1.2069489608125143
1333,3,114,9232,11,114,1,1,114,2,1,0.6190476190476191,0.0,0.6666666666666666,139.7845095609301,1.2069489608125767
1334,1,145,21688,11,145,1,1,-1,2,1,0.6190476190476191,0.0,0.5,22.024361774501212,1.9218120556728062
1335,8,145,21688,11,145,1,1,-1,2,1,0.6190476190476191,0.0,0.6666666666666666,21.736679702049432,1.2069489608125845
1336,1,70,9232,11,70,2,1,70,3,2,0.5714285714285714,0.6931471805579453,0.6,85.97960948294947,2.4138979216251535
1337,3,44,8584,11,44,1,1,44,2,1,0.5714285714285714,0.0,0.5,53.96350510815727,1.9218120556727962
1338,1,70,9232,11,70,1,1,70,2,1,0.6666666666666666,0.0,0.6666666666666666,85.6919274104977,1.2069489608125767
1339,11,26,6784,11,26,1,1,26,2,1,0.6190476190476191,0.0,0.6666666666666666,32.174709404968866,1.2069489608125925
1340,1,70,9232,11,70,1,1,70,2,1,0.5714285714285714,0.0,0.5,85.97960948294947,1.921812055672816
1341,3,70,9232,11,70,1,1,70,2,1,0.6190476190476191,0.0,0.6666666666666666,85.97960948294947,1.2069489608125767
1342,1,96,39364,11,96,2,1,-1,3,2,0.5714285714285714,0.6931471805579453,0.6,11.03823888782011,2.4138979216251615
1343,37,96,39364,11,96,1,1,-1,2,1,0.5714285714285714,0.0,0.5,6.87935580446044,1.9218120556728062
1344,1,13,1344,11,13,1,1,13,2,1,0.6666666666666666,0.0,0.6666666666666666,15.878975145120968,1.2069489608125845
1345,3,114,9232,11,114,1,1,114,2,1,0.6190476190476191,0.0,0.6666666666666666,139.49682748847835,1.2069489608125143
1346,1,65,2752,11,65,1,1,65,2,1,0.6190476190476191,0.0,0.5,79.62350182225357,1.921812055672816
1347,6,65,6064,11,65,1,1,65,2,1,0.6190476190476191,0.0,0.6666666666666666,79.62350182225357,1.2069489608125767
1348,1,114,9232,11,114,2,1,114,3,2,0.5714285714285714,0.6931471805579453,0.6,139.7845095609301,2.4138979216251535
1349,3,114,9232,11,114,1,1,114,2,1,0.5714285714285714,0.0,0.5,139.7845095609301,1.921812055672816
1350,1,114,9232,11,114,1,1,114,2,1,0.6666666666666666,0.0,0.6666666666666666,139.7845095609301,1.2069489608125767
1351,26,158,17332,11,158,1,1,-1,2,1,0.6190476190476191,0.0,0.6666666666666666,15.668254113805315,1.2069489608125845
1352,1,52,4372,11,52,1,1,52,2,1,0.5714285714285714,0.0,0.5,64.47849585221282,1.9218120556727767
1353,3,39,6856,11,39,1,1,39,2,1,0.6190476190476191,0.0,0.6666666666666666,48.182761592364955,1.2069489608125767
1354,1,52,4372,11,52,2,1,52,3,2,0.5714285714285714,0.6931471805579453,0.6,64.76617792466459,2.4138979216251535
1355,8,114,9232,11,114,1,1,114,2,1,0.5714285714285714,0.0,0.5,139.49682748847835,1.9218120556727372
1356,1,52,4372,11,52,1,1,52,2,1,0.6666666666666666,0.0,0.6666666666666666,64.47849585221282,1.2069489608125767
1357,3,52,4372,11,52,1,1,52,2,1,0.6190476190476191,0.0,0.6666666666666666,64.76617792466459,1.2069489608125767
1358,1,65,5812,11,65,1,1,65,2,1,0.6190476190476191,0.0,0.5,79.3358197498018,1.9218120556727767
1359,13,65,13768,11,65,1,1,-1,2,1,0.6190476190476191,0.0,0.6666666666666666,6.87935580446044,1.2069489608125827
1360,1,13,1360,11,13,2,1,13,3,2,0.5714285714285714,0.6931471805579453,0.6,16.74202136247631,2.4138979216251535
1361,3,52,13120,11,52,1,1,-1,2,1,0.5714285714285714,0.0,0.5,22.887407991856556,1.9218120556728062
1362,1,65,39364,11,65,1,1,-1,2,1,0.6666666666666666,0.0,0.6666666666666666,16.531300331160658,1.2069489608125845
1363,6,65,39364,11,65,1,1,-1,2,1,0.6190476190476191,0.0,0.6666666666666666,16.531300331160658,1.2069489608125845
1364,1,13,1364,11,13,1,1,13,2,1,0.5714285714285714,0.0,0.5,16.74202136247631,1.9218120556728062
1365,3,13,4096,11,13,1,1,13,2,1,0.6190476190476191,0.0,0.6666666666666666,16.74202136247631,1.2069489608125767
1366,1,39,3076,11,39,2,1,39,3,2,0.5714285714285714,0.6931471805579453,0.6,48.470443664816734,2.4138979216251535
1367,8,39,9232,11,39,1,1,39,2,1,0.5714285714285714,0.0,0.5,47.895079519913175,1.9218120556727962
1368,1,127,9232,11,127,1,1,127,2,1,0.6666666666666666,0.0,0.6666666666666666,154.9295155309709,1.2069489608125143
1369,3,39,4624,11,39,1,1,39,2,1,0.6190476190476191,0.0,0.6666666666666666,48.470443664816734,1.2069489608125925
1370,1,127,9232,11,127,1,1,127,2,1,0.6190476190476191,0.0,0.5,155.21719760342268,1.9218120556727372
1371,16,114,10420,11,114,1,1,-1,2,1,0.6190476190476191,0.0,0.6666666666666666,10.462874742916549,1.2069489608125807
1372,1,127,9232,11,127,2,1,127,3,2,0.5714285714285714,0.6931471805579453,0.6,155.50487967587446,2.4138979216250287
1373,3,127,9232,11,127,1,1,127,2,1,0.5714285714285714,0.0,0.5,155.50487967587446,1.9218120556727372
1374,1,39,6964,11,39,1,1,39,2,1,0.6666666666666666,0.0,0.6666666666666666,48.182761592364955,1.2069489608125767
1375,13,39,20896,11,39,1,1,-1,2,1,0.6190476190476191,0.0,0.6666666666666666,6.87935580446044,1.2069489608125827
1376,1,34,1376,11,34,1,1,34,2,1,0.5714285714285714,0.0,0.5,42.11433600412086,1.921812055672816
1377,3,158,9232,11,158,1,1,158,2,1,0.6190476190476191,0.0,0.6666666666666666,192.15099927665187,1.2069489608125767
1378,1,127,9232,11,127,2,1,127,3,2,0.5714285714285714,0.6931471805579453,0.6,155.50487967587443,2.4138979216251535
1379,6,127,9232,11,127,1,1,127,2,1,0.5714285714285714,0.0,0.5,155.21719760342268,1.9218120556727372
1380,1,127,9232,11,127,1,1,127,2,1,0.6666666666666666,0.0,0.6666666666666666,155.21719760342268,1.2069489608125143
1381,3,127,9232,11,127,1,1,127,2,1,0.6190476190476191,0.0,0.6666666666666666,155.50487967587443,1.2069489608125767
1382,1,127,9232,11,127,1,1,127,2,1,0.6190476190476191,0.0,0.5,155.50487967587443,1.921812055672816
1383,63,96,95956,11,96,1,1,-1,2,1,0.6190476190476191,0.0,0.6666666666666666,10.175192670464769,1.2069489608125807
1384,1,34,1384,11,34,2,1,34,3,2,0.5714285714285714,0.6931471805579453,0.6,42.402018076572645,2.4138979216251535
1385,3,65,10528,11,65,1,1,-1,2,1,0.5714285714285714,0.0,0.5,10.750556815368329,1.9218120556728062
1386,1,34,2080,11,34,1,1,34,2,1,0.6666666666666666,0.0,0.6666666666666666,42.11433600412086,1.2069489608125925
1387,8,65,6244,11,65,1,1,65,2,1,0.6190476190476191,0.0,0.6666666666666666,79.91118389470536,1.2069489608125767
1388,1,127,9232,11,127,1,1,127,2,1,0.5714285714285714,0.0,0.5,155.50487967587446,1.9218120556727372
1389,3,127,9232,11,127,1,1,127,2,1,0.6190476190476191,0.0,0.6666666666666666,155.50487967587446,1.2069489608125143
1390,1,127,9232,11,127,2,1,127,3,2,0.5714285714285714,0.6931471805579453,0.6,155.79256174832622,2.4138979216251535
1391,16,114,15856,11,114,1,1,-1,2,1,0.5714285714285714,0.0,0.5,6.87935580446044,1.9218120556728062
1392,1,34,1392,11,34,1,1,34,2,1,0.6666666666666666,0.0,0.6666666666666666,41.82665393166908,1.2069489608125925
1393,3,34,4180,11,34,1,1,34,2,1,0.6190476190476191,0.0,0.6666666666666666,42.11433600412086,1.2069489608125925
1394,1,127,9232,11,127,1,1,127,2,1,0.6190476190476191,0.0,0.5,155.50487967587446,1.9218120556727372
1395,6,127,9232,11,127,1,1,127,2,1,0.6190476190476191,0.0,0.6666666666666666,155.50487967587446,1.2069489608125143
1396,1,34,1396,11,34,2,1,34,3,2,0.5714285714285714,0.6931471805579453,0.6,42.402018076572645,2.4138979216251535
1397,3,34,4192,11,34,1,1,34,2,1,0.5714285714285714,0.0,0.5,42.402018076572645,1.9218120556727767
1398,1,65,3544,11,65,1,1,65,2,1,0.6666666666666666,0.0,0.6666666666666666,80.48654803960892,1.206948960812608
1399,8,65,9448,11,65,1,1,65,2,1,0.6190476190476191,0.0,0.6666666666666666,80.19886596715713,1.206948960812608
1400,1,83,9232,11,83,1,1,83,2,1,0.5714285714285714,0.0,0.5,101.6999795978938,1.921812055672816
1401,3,96,45520,11,96,1,1,-1,2,1,0.6190476190476191,0.0,0.6666666666666666,16.531300331160658,1.2069489608125845
1402,1,83,9232,11,83,2,1,83,3,2,0.5714285714285714,0.6931471805579453,0.6,101.98766167034559,2.4138979216251535
1403,13,127,9232,11,127,1,1,127,2,1,0.5714285714285714,0.0,0.5,154.6418334585191,1.9218120556727372
1404,1,83,9232,11,83,1,1,83,2,1,0.6666666666666666,0.0,0.6666666666666666,101.41229752544203,1.2069489608125767
1405,3,83,9232,11,83,1,1,83,2,1,0.6190476190476191,0.0,0.6666666666666666,101.6999795978938,1.2069489608125767
1406,1,171,250504,11,171,1,1,-1,2,1,0.6190476190476191,0.0,0.5,10.750556815368329,1.9218120556728062
1407,132,171,250504,11,171,1,1,-1,2,1,0.6190476190476191,0.0,0.6666666666666666,6.87935580446044,1.2069489608125827
1408,1,21,1408,11,21,2,1,21,3,2,0.5714285714285714,0.6931471805579453,0.6,26.681647961628315,2.413897921625169
1409,3,83,9232,11,83,1,1,83,2,1,0.5714285714285714,0.0,0.5,101.69997959789382,1.9218120556727767
1410,1,34,2116,11,34,1,1,34,2,1,0.6666666666666666,0.0,0.6666666666666666,42.114336004120865,1.2069489608125612
1411,6,34,6352,11,34,1,1,34,2,1,0.6190476190476191,0.0,0.6666666666666666,42.114336004120865,1.2069489608125612
1412,1,127,9232,11,127,1,1,127,2,1,0.5714285714285714,0.0,0.5,155.50487967587443,1.921812055672816
1413,3,127,9232,11,127,1,1,127,2,1,0.6190476190476191,0.0,0.6666666666666666,155.50487967587443,1.2069489608125767
1414,1,127,9232,11,127,2,1,127,3,2,0.5714285714285714,0.6931471805579453,0.6,155.79256174832622,2.4138979216251535
1415,11,34,9556,11,34,1,1,34,2,1,0.5714285714285714,0.0,0.5,41.5389718592173,1.9218120556727962
1416,1,34,1416,11,34,1,1,34,2,1,0.6666666666666666,0.0,0.6666666666666666,41.82665393166908,1.2069489608125767
1417,3,78,8080,11,78,1,1,78,2,1,0.6190476190476191,0.0,0.6666666666666666,94.76850779229434,1.206948960812608
1418,1,34,2128,11,34,1,1,34,2,1,0.6190476190476191,0.0,0.5,42.114336004120865,1.9218120556727767
1419,8,127,9232,11,127,1,1,127,2,1,0.6190476190476191,0.0,0.6666666666666666,155.50487967587446,1.2069489608125143
1420,1,34,1600,11,34,2,1,34,3,2,0.5714285714285714,0.6931471805579453,0.6,42.402018076572645,2.4138979216251224
1421,3,34,4264,11,34,1,1,34,2,1,0.5714285714285714,0.0,0.5,42.402018076572645,1.9218120556727767
1422,1,65,4804,11,65,1,1,65,2,1,0.6666666666666666,0.0,0.6666666666666666,80.19886596715713,1.206948960812608
1423,11,65,14416,11,65,1,1,-1,2,1,0.6190476190476191,0.0,0.6666666666666666,6.87935580446044,1.2069489608125827
1424,1,34,1424,11,34,1,1,34,2,1,0.5714285714285714,0.0,0.5,42.402018076572645,1.9218120556727767
1425,3,26,4276,11,26,1,1,26,2,1,0.6190476190476191,0.0,0.6666666666666666,32.462391477420645,1.2069489608125925
1426,1,26,3616,11,26,2,1,26,3,2,0.5714285714285714,0.6931471805579453,0.6,32.75007354987243,2.413897921625185
1427,6,26,6424,11,26,1,1,26,2,1,0.5714285714285714,0.0,0.5,32.46239147742065,1.921812055672816
1428,1,34,1428,11,34,1,1,34,2,1,0.6666666666666666,0.0,0.6666666666666666,42.114336004120865,1.2069489608125612
1429,3,34,4288,11,34,1,1,34,2,1,0.6190476190476191,0.0,0.6666666666666666,42.402018076572645,1.2069489608125612
1430,1,26,3220,11,26,1,1,26,2,1,0.6190476190476191,0.0,0.5,32.46239147742065,1.9218120556727962
1431,8,26,9664,11,26,1,1,26,2,1,0.6190476190476191,0.0,0.6666666666666666,32.174709404968866,1.2069489608125925
1432,1,34,1432,11,34,2,1,34,3,2,0.5714285714285714,0.6931471805579453,0.6,42.68970014902442,2.4138979216251535
1433,3,26,4840,11,26,1,1,26,2,1,0.5714285714285714,0.0,0.5,32.75007354987243,1.921812055672816
1434,1,34,2152,11,34,1,1,34,2,1,0.6666666666666666,0.0,0.6666666666666666,42.402018076572645,1.2069489608125767
1435,19,78,39364,11,78,1,1,-1,2,1,0.6190476190476191,0.0,0.6666666666666666,10.462874742916549,1.2069489608125807
1436,1,52,9232,11,52,1,1,52,2,1,0.5714285714285714,0.0,0.5,63.90313170730926,1.9218120556727767
1437,3,52,9232,11,52,1,1,52,2,1,0.6190476190476191,0.0,0.6666666666666666,63.90313170730926,1.2069489608125457
1438,1,52,9232,11,52,2,1,52,3,2,0.5714285714285714,0.6931471805579453,0.6,63.90313170730926,2.4138979216250913
1439,32,127,41524,11,127,1,1,-1,2,1,0.5714285714285714,0.0,0.5,6.87935580446044,1.9218120556728062
1440,1,21,1440,11,21,1,1,21,2,1,0.6666666666666666,0.0,0.6666666666666666,25.81860174427297,1.2069489608125845
1441,3,140,9232,11,140,1,1,140,2,1,0.6190476190476191,0.0,0.6666666666666666,170.937567718367,1.2069489608125767
1442,1,47,2164,11,47,1,1,47,2,1,0.6190476190476191,0.0,0.5,57.83470611906516,1.9218120556727962
1443,6,47,6496,11,47,1,1,47,2,1,0.6190476190476191,0.0,0.6666666666666666,57.83470611906516,1.2069489608125767
1444,1,47,2752,11,47,2,1,47,3,2,0.5714285714285714,0.6931471805579453,0.6,58.12238819151694,2.4138979216251535
1445,3,47,4336,11,47,1,1,47,2,1,0.5714285714285714,0.0,0.5,58.12238819151694,1.9218120556727767
1446,1,47,3256,11,47,1,1,47,2,1,0.6666666666666666,0.0,0.6666666666666666,58.12238819151694,1.2069489608125767
1447,16,52,10996,11,52,1,1,-1,2,1,0.6190476190476191,0.0,0.6666666666666666,10.175192670464769,1.2069489608125807
1448,1,21,1448,11,21,1,1,21,2,1,0.5714285714285714,0.0,0.5,26.39396588917653,1.921812055672816
1449,3,140,24784,11,140,1,1,-1,2,1,0.6190476190476191,0.0,0.6666666666666666,10.750556815368329,1.2069489608125845
1450,1,21,2176,11,21,2,1,21,3,2,0.5714285714285714,0.6931471805579453,0.6,26.681647961628315,2.413897921625169
1451,8,140,9232,11,140,1,1,140,2,1,0.5714285714285714,0.0,0.5,170.64988564591522,1.921812055672816
1452,1,47,1636,11,47,1,1,47,2,1,0.6666666666666666,0.0,0.6666666666666666,57.83470611906515,1.2069489608125767
1453,3,47,4360,11,47,1,1,47,2,1,0.6190476190476191,0.0,0.6666666666666666,58.12238819151693,1.2069489608125767
1454,1,47,4912,11,47,1,1,47,2,1,0.6190476190476191,0.0,0.5,58.12238819151693,1.9218120556727962
1455,13,140,14740,11,140,1,1,-1,2,1,0.6190476190476191,0.0,0.6666666666666666,6.87935580446044,1.2069489608125827
1456,1,96,9232,11,96,2,1,96,3,2,0.5714285714285714,0.6931471805579453,0.6,117.70803178528992,2.4138979216250913
1457,3,34,4372,11,34,1,1,34,2,1,0.5714285714285714,0.0,0.5,42.40201807657264,1.9218120556727962
1458,1,34,2464,11,34,1,1,34,2,1,0.6666666666666666,0.0,0.6666666666666666,42.402018076572645,1.2069489608125767
1459,6,34,6568,11,34,1,1,34,2,1,0.6190476190476191,0.0,0.6666666666666666,42.402018076572645,1.2069489608125767
1460,1,96,9232,11,96,1,1,96,2,1,0.5714285714285714,0.0,0.5,117.70803178528992,1.9218120556727767
1461,3,96,9232,11,96,1,1,96,2,1,0.6190476190476191,0.0,0.6666666666666666,117.70803178528992,1.2069489608125457
1462,1,140,9232,11,140,2,1,140,3,2,0.5714285714285714,0.6931471805579453,0.6,171.51293186327055,2.4138979216251535
1463,8,140,9880,11,140,1,1,140,2,1,0.5714285714285714,0.0,0.5,170.937567718367,1.921812055672816
1464,1,96,9232,11,96,1,1,96,2,1,0.6666666666666666,0.0,0.6666666666666666,117.42034971283813,1.2069489608125767
1465,3,34,4948,11,34,1,1,34,2,1,0.6190476190476191,0.0,0.6666666666666666,42.40201807657264,1.2069489608125925
1466,1,96,9232,11,96,1,1,96,2,1,0.6190476190476191,0.0,0.5,117.70803178528992,1.9218120556727767
1467,11,140,9232,11,140,1,1,140,2,1,0.6190476190476191,0.0,0.6666666666666666,170.937567718367,1.2069489608125767
1468,1,47,4192,11,47,2,1,47,3,2,0.5714285714285714,0.6931471805579453,0.6,58.41007026396871,2.4138979216251535
1469,3,47,4408,11,47,1,1,47,2,1,0.5714285714285714,0.0,0.5,58.41007026396871,1.9218120556727962
1470,1,47,11176,11,47,1,1,-1,2,1,0.6666666666666666,0.0,0.6666666666666666,10.750556815368329,1.2069489608125845
1471,50,171,190996,11,171,1,1,-1,2,1,0.6190476190476191,0.0,0.6666666666666666,6.87935580446044,1.2069489608125827
1472,1,21,1472,11,21,1,1,21,2,1,0.5714285714285714,0.0,0.5,26.681647961628315,1.9218120556728062
1473,3,96,9232,11,96,1,1,96,2,1,0.6190476190476191,0.0,0.6666666666666666,117.70803178528992,1.2069489608125767
1474,1,140,9232,11,140,2,1,140,3,2,0.5714285714285714,0.6931471805579453,0.6,170.64988564591522,2.4138979216251535
1475,6,140,9232,11,140,1,1,140,2,1,0.5714285714285714,0.0,0.5,170.36220357346346,1.9218120556727372
1476,1,21,1476,11,21,1,1,21,2,1,0.6666666666666666,0.0,0.6666666666666666,26.10628381672475,1.2069489608125845
1477,3,21,4432,11,21,1,1,21,2,1,0.6190476190476191,0.0,0.6666666666666666,26.39396588917653,1.2069489608125925
1478,1,21,3328,11,21,1,1,21,2,1,0.6190476190476191,0.0,0.5,26.39396588917653,1.921812055672816
1479,13,96,9988,11,96,1,1,96,2,1,0.6190476190476191,0.0,0.6666666666666666,116.26962142303101,1.2069489608125767
1480,1,47,1480,11,47,2,1,47,3,2,0.5714285714285714,0.6931471805579453,0.6,58.41007026396871,2.4138979216251535
1481,3,34,7504,11,34,1,1,34,2,1,0.5714285714285714,0.0,0.5,41.82665393166908,1.9218120556727962
1482,1,47,2224,11,47,1,1,47,2,1,0.6666666666666666,0.0,0.6666666666666666,58.12238819151694,1.2069489608125612
1483,8,140,9232,11,140,1,1,140,2,1,0.6190476190476191,0.0,0.6666666666666666,170.64988564591522,1.2069489608125767
1484,1,47,1672,11,47,1,1,47,2,1,0.5714285714285714,0.0,0.5,58.41007026396871,1.9218120556727962
1485,3,47,4456,11,47,1,1,47,2,1,0.6190476190476191,0.0,0.6666666666666666,58.41007026396871,1.2069489608125767
1486,1,96,14308,11,96,2,1,-1,3,2,0.5714285714285714,0.6931471805579453,0.6,22.024361774501212,2.413897921625169
1487,39,96,15064,11,96,1,1,-1,2,1,0.5714285714285714,0.0,0.5,4.68213122712422,1.9218120556728062
1488,1,21,1488,11,21,1,1,21,2,1,0.6666666666666666,0.0,0.6666666666666666,26.10628381672475,1.2069489608125925
1489,3,47,4468,11,47,1,1,47,2,1,0.6190476190476191,0.0,0.6666666666666666,58.41007026396871,1.2069489608125925
1490,1,91,8080,11,91,1,1,91,2,1,0.6190476190476191,0.0,0.5,110.20119583478692,1.9218120556727767
1491,6,91,8080,11,91,1,1,91,2,1,0.6190476190476191,0.0,0.6666666666666666,110.20119583478692,1.2069489608125767
1492,1,21,1492,11,21,2,1,21,3,2,0.5714285714285714,0.6931471805579453,0.6,26.681647961628315,2.413897921625169
1493,3,21,4480,11,21,1,1,21,2,1,0.5714285714285714,0.0,0.5,26.681647961628315,1.9218120556728062
1494,1,47,4264,11,47,1,1,47,2,1,0.6666666666666666,0.0,0.6666666666666666,58.12238819151694,1.2069489608125612
1495,8,47,10096,11,47,1,1,-1,2,1,0.6190476190476191,0.0,0.6666666666666666,4.68213122712422,1.2069489608125827
1496,1,47,1496,11,47,1,1,47,2,1,0.5714285714285714,0.0,0.5,58.41007026396871,1.9218120556727962
1497,3,47,5056,11,47,1,1,47,2,1,0.6190476190476191,0.0,0.6666666666666666,58.12238819151693,1.2069489608125767
1498,1,47,2248,11,47,2,1,47,3,2,0.5714285714285714,0.6931471805579453,0.6,58.69775233642049,2.4138979216251535
1499,13,47,11392,11,47,1,1,-1,2,1,0.5714285714285714,0.0,0.5,10.175192670464769,1.9218120556728013
1500,1,47,2536,11,47,1,1,47,2,1,0.6666666666666666,0.0,0.6666666666666666,58.41007026396871,1.2069489608125925
1501,3,47,4504,11,47,1,1,47,2,1,0.6190476190476191,0.0,0.6666666666666666,58.69775233642049,1.2069489608125767
1502,1,140,21688,11,140,1,1,-1,2,1,0.6190476190476191,0.0,0.5,15.955936186257095,1.9218120556728062
1503,34,140,22840,11,140,1,1,-1,2,1,0.6190476190476191,0.0,0.6666666666666666,4.68213122712422,1.2069489608125827
1504,1,109,9232,11,109,2,1,109,3,2,0.5714285714285714,0.6931471805579453,0.6,133.716083972686,2.4138979216251535
1505,3,39,8584,11,39,1,1,39,2,1,0.5714285714285714,0.0,0.5,47.895079519913175,1.9218120556727962
1506,1,21,2260,11,21,1,1,21,2,1,0.6666666666666666,0.0,0.6666666666666666,26.393965889176535,1.2069489608125845
1507,6,21,6784,11,21,1,1,21,2,1,0.6190476190476191,0.0,0.6666666666666666,26.393965889176535,1.2069489608125845
1508,1,65,9232,11,65,1,1,65,2,1,0.5714285714285714,0.0,0.5,79.62350182225357,1.9218120556728555
1509,3,65,9232,11,65,1,1,65,2,1,0.6190476190476191,0.0,0.6666666666666666,79.62350182225357,1.206948960812608
1510,1,65,9232,11,65,2,1,65,3,2,0.5714285714285714,0.6931471805579453,0.6,79.91118389470536,2.413897921625216
1511,32,91,39364,11,91,1,1,-1,2,1,0.5714285714285714,0.0,0.5,4.68213122712422,1.9218120556728062
1512,1,109,9232,11,109,1,1,109,2,1,0.6666666666666666,0.0,0.6666666666666666,133.14071982778242,1.2069489608126394
1513,3,65,14560,11,65,1,1,-1,2,1,0.6190476190476191,0.0,0.6666666666666666,10.462874742916549,1.2069489608125807
1514,1,109,9232,11,109,1,1,109,2,1,0.6190476190476191,0.0,0.5,133.4284019002342,1.921812055672816
1515,8,140,65608,11,140,1,1,-1,2,1,0.6190476190476191,0.0,0.6666666666666666,15.955936186257096,1.2069489608125807
1516,1,60,2752,11,60,2,1,60,3,2,0.5714285714285714,0.6931471805579453,0.6,73.84275830646125,2.4138979216251535
1517,3,60,4552,11,60,1,1,60,2,1,0.5714285714285714,0.0,0.5,73.84275830646125,1.921812055672816
1518,1,60,5128,11,60,1,1,60,2,1,0.6666666666666666,0.0,0.6666666666666666,73.55507623400946,1.2069489608125767
1519,26,153,25972,11,153,1,1,-1,2,1,0.6190476190476191,0.0,0.6666666666666666,4.68213122712422,1.2069489608125827
1520,1,109,9232,11,109,1,1,109,2,1,0.5714285714285714,0.0,0.5,133.716083972686,1.921812055672816
1521,3,109,9232,11,109,1,1,109,2,1,0.6190476190476191,0.0,0.6666666666666666,133.4284019002342,1.2069489608126394
1522,1,34,2896,11,34,2,1,34,3,2,0.5714285714285714,0.6931471805579453,0.6,42.402018076572645,2.4138979216251224
1523,6,34,6856,11,34,1,1,34,2,1,0.5714285714285714,0.0,0.5,42.114336004120865,1.9218120556727767
1524,1,109,9232,11,109,1,1,109,2,1,0.6666666666666666,0.0,0.6666666666666666,133.4284019002342,1.2069489608126394
1525,3,109,9232,11,109,1,1,109,2,1,0.6190476190476191,0.0,0.6666666666666666,133.716083972686,1.2069489608125767
1526,1,153,9232,11,153,1,1,153,2,1,0.6190476190476191,0.0,0.5,186.37025576085955,1.921812055672816
1527,8,153,10312,11,153,1,1,-1,2,1,0.6190476190476191,0.0,0.6666666666666666,4.68213122712422,1.2069489608125827
1528,1,47,4372,11,47,2,1,47,3,2,0.5714285714285714,0.6931471805579453,0.6,58.69775233642049,2.4138979216251535
1529,3,60,5812,11,60,1,1,60,2,1,0.5714285714285714,0.0,0.5,73.26739416155769,1.9218120556727767
1530,1,47,4372,11,47,1,1,47,2,1,0.6666666666666666,0.0,0.6666666666666666,58.41007026396872,1.2069489608125767
1531,16,60,8728,11,60,1,1,60,2,1,0.6190476190476191,0.0,0.6666666666666666,72.69203001665413,1.2069489608125767
1532,1,47,13120,11,47,1,1,-1,2,1,0.5714285714285714,0.0,0.5,16.818982403612438,1.921812055672816
1533,3,47,13120,11,47,1,1,-1,2,1,0.6190476190476191,0.0,0.6666666666666666,16.818982403612438,1.2069489608125845
1534,1,60,39364,11,60,2,1,-1,3,2,0.5714285714285714,0.6931471805579453,0.6,10.750556815368329,2.4138979216251615
1535,26,60,118096,11,60,1,1,-1,2,1,0.5714285714285714,0.0,0.5,4.68213122712422,1.9218120556728062
1536,1,16,1536,11,16,1,1,16,2,1,0.6666666666666666,0.0,0.6666666666666666,19.174812011125297,1.2069489608125767
1537,3,153,9232,11,153,1,1,153,2,1,0.6190476190476191,0.0,0.6666666666666666,186.94561990576312,1.2069489608125143
1538,1,34,2308,11,34,1,1,34,2,1,0.6190476190476191,0.0,0.5,42.11433600412086,1.9218120556727962
1539,6,34,6928,11,34,1,1,34,2,1,0.6190476190476191,0.0,0.6666666666666666,42.11433600412086,1.2069489608125767
1540,1,34,1540,11,34,2,1,34,3,2,0.5714285714285714,0.6931471805579453,0.6,42.40201807657264,2.4138979216251535
1541,3,34,4624,11,34,1,1,34,2,1,0.5714285714285714,0.0,0.5,42.40201807657264,1.9218120556727962
1542,1,34,3472,11,34,1,1,34,2,1,0.6666666666666666,0.0,0.6666666666666666,42.40201807657264,1.2069489608125767
1543,11,109,10420,11,109,1,1,-1,2,1,0.6190476190476191,0.0,0.6666666666666666,4.68213122712422,1.2069489608125827
1544,1,122,9232,11,122,1,1,122,2,1,0.5714285714285714,0.0,0.5,149.14877201517857,1.9218120556727372
1545,3,60,7828,11,60,1,1,60,2,1,0.6190476190476191,0.0,0.6666666666666666,73.26739416155769,1.2069489608125767
1546,1,122,9232,11,122,2,1,122,3,2,0.5714285714285714,0.6931471805579453,0.6,149.43645408763032,2.4138979216251535
1547,8,34,6964,11,34,1,1,34,2,1,0.5714285714285714,0.0,0.5,42.114336004120865,1.9218120556727767
1548,1,122,9232,11,122,1,1,122,2,1,0.6666666666666666,0.0,0.6666666666666666,149.14877201517857,1.2069489608125143
1549,3,122,9232,11,122,1,1,122,2,1,0.6190476190476191,0.0,0.6666666666666666,149.43645408763032,1.2069489608125767
1550,1,153,9232,11,153,1,1,153,2,1,0.6190476190476191,0.0,0.5,186.08257368840776,1.921812055672816
1551,11,153,15712,11,153,1,1,-1,2,1,0.6190476190476191,0.0,0.6666666666666666,4.68213122712422,1.2069489608125827
1552,1,122,9232,11,122,2,1,122,3,2,0.5714285714285714,0.6931471805579453,0.6,149.43645408763032,2.4138979216251535
1553,3,122,9232,11,122,1,1,122,2,1,0.5714285714285714,0.0,0.5,149.43645408763032,1.921812055672816
1554,1,34,3940,11,34,1,1,34,2,1,0.6666666666666666,0.0,0.6666666666666666,42.114336004120865,1.2069489608125612
1555,6,34,7000,11,34,1,1,34,2,1,0.6190476190476191,0.0,0.6666666666666666,42.114336004120865,1.2069489608125612
1556,1,122,9232,11,122,1,1,122,2,1,0.5714285714285714,0.0,0.5,149.43645408763032,1.921812055672816
1557,3,122,9232,11,122,1,1,122,2,1,0.6190476190476191,0.0,0.6666666666666666,149.43645408763032,1.2069489608125767
1558,1,60,3508,11,60,2,1,60,3,2,0.5714285714285714,0.6931471805579453,0.6,74.41812245136481,2.413897921625216
1559,8,60,10528,11,60,1,1,-1,2,1,0.5714285714285714,0.0,0.5,4.68213122712422,1.9218120556728062
1560,1,122,9232,11,122,1,1,122,2,1,0.6666666666666666,0.0,0.6666666666666666,149.14877201517857,1.2069489608125143
1561,3,60,5272,11,60,1,1,60,2,1,0.6190476190476191,0.0,0.6666666666666666,74.13044037891304,1.2069489608125767
1562,1,122,9232,11,122,1,1,122,2,1,0.6190476190476191,0.0,0.5,149.43645408763032,1.921812055672816
1563,21,153,26728,11,153,1,1,-1,2,1,0.6190476190476191,0.0,0.6666666666666666,10.175192670464769,1.2069489608125807
1564,1,122,9232,11,122,2,1,122,3,2,0.5714285714285714,0.6931471805579453,0.6,149.43645408763032,2.4138979216251535
1565,3,122,9232,11,122,1,1,122,2,1,0.5714285714285714,0.0,0.5,149.43645408763032,1.921812055672816
1566,1,122,9232,11,122,1,1,122,2,1,0.6666666666666666,0.0,0.6666666666666666,148.86108994272678,1.2069489608125143
1567,21,60,23812,11,60,1,1,-1,2,1,0.6190476190476191,0.0,0.6666666666666666,4.68213122712422,1.2069489608125827
1568,1,29,1568,11,29,1,1,29,2,1,0.5714285714285714,0.0,0.5,36.04591041587676,1.921812055672816
1569,3,34,4708,11,34,1,1,34,2,1,0.6190476190476191,0.0,0.6666666666666666,42.402018076572645,1.2069489608125767
1570,1,122,9232,11,122,2,1,122,3,2,0.5714285714285714,0.6931471805579453,0.6,149.7241361600821,2.4138979216251535
1571,6,122,9232,11,122,1,1,122,2,1,0.5714285714285714,0.0,0.5,149.43645408763032,1.921812055672816
1572,1,60,2248,11,60,1,1,60,2,1,0.6666666666666666,0.0,0.6666666666666666,74.13044037891302,1.206948960812608
1573,3,60,4720,11,60,1,1,60,2,1,0.6190476190476191,0.0,0.6666666666666666,74.41812245136481,1.206948960812608
1574,1,60,3544,11,60,1,1,60,2,1,0.6190476190476191,0.0,0.5,74.41812245136481,1.921812055672816
1575,13,60,11968,11,60,1,1,-1,2,1,0.6190476190476191,0.0,0.6666666666666666,4.68213122712422,1.2069489608125827
1576,1,29,1576,11,29,2,1,29,3,2,0.5714285714285714,0.6931471805579453,0.6,36.33359248832854,2.413897921625185
1577,3,91,45520,11,91,1,1,-1,2,1,0.5714285714285714,0.0,0.5,10.462874742916549,1.9218120556728013
1578,1,29,2368,11,29,1,1,29,2,1,0.6666666666666666,0.0,0.6666666666666666,36.04591041587676,1.2069489608125925
1579,8,122,9232,11,122,1,1,122,2,1,0.6190476190476191,0.0,0.6666666666666666,148.86108994272678,1.2069489608125143
1580,1,78,9232,11,78,1,1,78,2,1,0.5714285714285714,0.0,0.5,95.6315540096497,1.9218120556727767
1581,3,78,9232,11,78,1,1,78,2,1,0.6190476190476191,0.0,0.6666666666666666,95.6315540096497,1.2069489608125457
1582,1,78,9232,11,78,2,1,78,3,2,0.5714285714285714,0.6931471805579453,0.6,95.6315540096497,2.4138979216250913
1583,127,166,250504,11,166,1,1,-1,2,1,0.5714285714285714,0.0,0.5,4.68213122712422,1.9218120556728062
1584,1,29,1584,11,29,1,1,29,2,1,0.6666666666666666,0.0,0.6666666666666666,35.75822834342498,1.2069489608125925
1585,3,78,9232,11,78,1,1,78,2,1,0.6190476190476191,0.0,0.6666666666666666,95.63155400964969,1.206948960812608
1586,1,78,9232,11,78,1,1,78,2,1,0.6190476190476191,0.0,0.5,95.6315540096497,1.9218120556727767
1587,6,78,9232,11,78,1,1,78,2,1,0.6190476190476191,0.0,0.6666666666666666,95.6315540096497,1.2069489608125767
1588,1,29,1588,11,29,2,1,29,3,2,0.5714285714285714,0.6931471805579453,0.6,36.33359248832854,2.413897921625185
1589,3,29,4768,11,29,1,1,29,2,1,0.5714285714285714,0.0,0.5,36.33359248832854,1.9218120556727962
1590,1,104,39364,11,104,1,1,-1,2,1,0.6666666666666666,0.0,0.6666666666666666,16.531300331160658,1.2069489608125845
1591,8,104,39364,11,104,1,1,-1,2,1,0.6190476190476191,0.0,0.6666666666666666,4.68213122712422,1.2069489608125827
1592,1,122,9232,11,122,1,1,122,2,1,0.5714285714285714,0.0,0.5,149.43645408763032,1.921812055672816
1593,3,122,9232,11,122,1,1,122,2,1,0.6190476190476191,0.0,0.6666666666666666,148.86108994272678,1.2069489608125143
1594,1,122,9232,11,122,2,1,122,3,2,0.5714285714285714,0.6931471805579453,0.6,149.7241361600821,2.4138979216251535
1595,11,73,8080,11,73,1,1,73,2,1,0.5714285714285714,0.0,0.5,88.70008220405025,1.921812055672816
1596,1,122,9232,11,122,1,1,122,2,1,0.6666666666666666,0.0,0.6666666666666666,149.43645408763035,1.2069489608125143
1597,3,122,9232,11,122,1,1,122,2,1,0.6190476190476191,0.0,0.6666666666666666,149.7241361600821,1.2069489608125767
1598,1,73,12148,11,73,1,1,-1,2,1,0.6190476190476191,0.0,0.5,10.462874742916549,1.9218120556728013
1599,16,73,36448,11,73,1,1,-1,2,1,0.6190476190476191,0.0,0.6666666666666666,4.68213122712422,1.2069489608125827
1600,1,29,1600,11,29,2,1,29,3,2,0.5714285714285714,0.6931471805579453,0.6,36.33359248832854,2.4138979216251535
1601,3,60,4804,11,60,1,1,60,2,1,0.5714285714285714,0.0,0.5,74.13044037891304,1.9218120556727767
1602,1,60,4372,11,60,1,1,60,2,1,0.6666666666666666,0.0,0.6666666666666666,74.13044037891304,1.2069489608125767
1603,6,60,7216,11,60,1,1,60,2,1,0.6190476190476191,0.0,0.6666666666666666,74.13044037891304,1.2069489608125767
1604,1,21,1604,11,21,1,1,21,2,1,0.5714285714285714,0.0,0.5,26.39396588917653,1.921812055672816
1605,3,21,4816,11,21,1,1,21,2,1,0.6190476190476191,0.0,0.6666666666666666,26.39396588917653,1.2069489608125925
1606,1,21,3616,11,21,2,1,21,3,2,0.5714285714285714,0.6931471805579453,0.6,26.681647961628315,2.413897921625169
1607,16,166,10852,11,166,1,1,-1,2,1,0.5714285714285714,0.0,0.5,4.68213122712422,1.9218120556728062
1608,1,21,1608,11,21,1,1,21,2,1,0.6666666666666666,0.0,0.6666666666666666,26.10628381672475,1.2069489608125925
1609,3,73,8152,11,73,1,1,73,2,1,0.6190476190476191,0.0,0.6666666666666666,88.70008220405025,1.2069489608125767
1610,1,21,2416,11,21,1,1,21,2,1,0.6190476190476191,0.0,0.5,26.393965889176535,1.9218120556728062
1611,8,21,7252,11,21,1,1,21,2,1,0.6190476190476191,0.0,0.6666666666666666,25.81860174427297,1.2069489608125845
1612,1,21,1816,11,21,2,1,21,3,2,0.5714285714285714,0.6931471805579453,0.6,26.681647961628315,2.413897921625169
1613,3,21,4840,11,21,1,1,21,2,1,0.5714285714285714,0.0,0.5,26.681647961628315,1.9218120556728062
1614,1,73,39364,11,73,1,1,-1,2,1,0.6666666666666666,0.0,0.6666666666666666,25.895562785409105,1.2069489608125845
1615,13,73,39364,11,73,1,1,-1,2,1,0.6190476190476191,0.0,0.6666666666666666,4.68213122712422,1.2069489608125827
1616,1,29,1616,11,29,1,1,29,2,1,0.5714285714285714,0.0,0.5,36.33359248832854,1.9218120556727962
1617,3,47,4852,11,47,1,1,47,2,1,0.6190476190476191,0.0,0.6666666666666666,58.12238819151694,1.2069489608125767
1618,1,47,9232,11,47,2,1,47,3,2,0.5714285714285714,0.6931471805579453,0.6,57.83470611906515,2.4138979216251535
1619,6,47,9232,11,47,1,1,47,2,1,0.5714285714285714,0.0,0.5,57.54702404661337,1.9218120556727962
1620,1,29,1620,11,29,1,1,29,2,1,0.6666666666666666,0.0,0.6666666666666666,36.04591041587677,1.2069489608125612
1621,3,29,4864,11,29,1,1,29,2,1,0.6190476190476191,0.0,0.6666666666666666,36.33359248832854,1.2069489608125767
1622,1,135,9232,11,135,1,1,135,2,1,0.6190476190476191,0.0,0.5,164.8691421301229,1.921812055672816
1623,8,135,10960,11,135,1,1,-1,2,1,0.6190476190476191,0.0,0.6666666666666666,4.68213122712422,1.2069489608125827
1624,1,42,1624,11,42,2,1,42,3,2,0.5714285714285714,0.6931471805579453,0.6,52.05396260327284,2.4138979216251535
1625,3,135,9232,11,135,1,1,135,2,1,0.5714285714285714,0.0,0.5,164.8691421301229,1.921812055672816
1626,1,42,2440,11,42,1,1,42,2,1,0.6666666666666666,0.0,0.6666666666666666,51.76628053082106,1.2069489608125925
1627,26,73,13912,11,73,1,1,-1,2,1,0.6190476190476191,0.0,0.6666666666666666,10.175192670464769,1.2069489608125807
1628,1,42,2752,11,42,1,1,42,2,1,0.5714285714285714,0.0,0.5,52.05396260327284,1.9218120556727767
1629,3,42,4888,11,42,1,1,42,2,1,0.6190476190476191,0.0,0.6666666666666666,52.05396260327284,1.2069489608125767
1630,1,135,9232,11,135,2,1,135,3,2,0.5714285714285714,0.6931471805579453,0.6,164.5814600576711,2.4138979216251535
1631,13,135,24784,11,135,1,1,-1,2,1,0.5714285714285714,0.0,0.5,4.68213122712422,1.9218120556728062
1632,1,29,1632,11,29,1,1,29,2,1,0.6666666666666666,0.0,0.6666666666666666,35.75822834342499,1.2069489608125612
1633,3,135,9232,11,135,1,1,135,2,1,0.6190476190476191,0.0,0.6666666666666666,164.8691421301229,1.2069489608125767
1634,1,42,2452,11,42,1,1,42,2,1,0.6190476190476191,0.0,0.5,51.766280530821064,1.9218120556727767
1635,6,42,7360,11,42,1,1,42,2,1,0.6190476190476191,0.0,0.6666666666666666,51.766280530821064,1.2069489608125612
1636,1,42,1636,11,42,2,1,42,3,2,0.5714285714285714,0.6931471805579453,0.6,52.05396260327284,2.4138979216251535
1637,3,42,4912,11,42,1,1,42,2,1,0.5714285714285714,0.0,0.5,52.05396260327284,1.9218120556727767
1638,1,42,3688,11,42,1,1,42,2,1,0.6666666666666666,0.0,0.6666666666666666,52.05396260327284,1.2069489608125767
1639,70,104,95956,11,104,1,1,-1,2,1,0.6190476190476191,0.0,0.6666666666666666,4.68213122712422,1.2069489608125827
1640,1,29,1640,11,29,1,1,29,2,1,0.5714285714285714,0.0,0.5,36.33359248832854,1.9218120556727962
1641,3,73,12472,11,73,1,1,-1,2,1,0.6190476190476191,0.0,0.6666666666666666,10.462874742916549,1.2069489608125807
1642,1,29,2464,11,29,2,1,29,3,2,0.5714285714285714,0.6931471805579453,0.6,36.62127456078032,2.4138979216251535
1643,8,73,7396,11,73,1,1,73,2,1,0.5714285714285714,0.0,0.5,88.98776427650202,1.921812055672816
1644,1,135,9232,11,135,1,1,135,2,1,0.6666666666666666,0.0,0.6666666666666666,165.15682420257468,1.2069489608125767
1645,3,135,9232,11,135,1,1,135,2,1,0.6190476190476191,0.0,0.6666666666666666,165.44450627502644,1.2069489608125767
1646,1,135,9232,11,135,1,1,135,2,1,0.6190476190476191,0.0,0.5,165.15682420257468,1.9218120556727372
1647,19,135,18772,11,135,1,1,-1,2,1,0.6190476190476191,0.0,0.6666666666666666,4.68213122712422,1.2069489608125827
1648,1,91,9232,11,91,2,1,91,3,2,0.5714285714285714,0.6931471805579453,0.6,111.6396061970458,2.4138979216251535
1649,3,29,4948,11,29,1,1,29,2,1,0.5714285714285714,0.0,0.5,36.33359248832854,1.9218120556727962
1650,1,135,9232,11,135,1,1,135,2,1,0.6666666666666666,0.0,0.6666666666666666,165.15682420257468,1.2069489608125767
1651,6,135,9232,11,135,1,1,135,2,1,0.6190476190476191,0.0,0.6666666666666666,165.15682420257468,1.2069489608125767
1652,1,91,9232,11,91,1,1,91,2,1,0.5714285714285714,0.0,0.5,111.6396061970458,1.921812055672816
1653,3,91,9232,11,91,1,1,91,2,1,0.6190476190476191,0.0,0.6666666666666666,111.6396061970458,1.2069489608125767
1654,1,42,4192,11,42,2,1,42,3,2,0.5714285714285714,0.6931471805579453,0.6,52.341644675724616,2.4138979216251535
1655,8,42,11176,11,42,1,1,-1,2,1,0.5714285714285714,0.0,0.5,4.68213122712422,1.9218120556728062
1656,1,91,9232,11,91,1,1,91,2,1,0.6666666666666666,0.0,0.6666666666666666,111.35192412459402,1.2069489608125767
1657,3,73,9448,11,73,1,1,73,2,1,0.6190476190476191,0.0,0.6666666666666666,89.56312842140558,1.206948960812608
1658,1,91,9232,11,91,1,1,91,2,1,0.6190476190476191,0.0,0.5,111.6396061970458,1.921812055672816
1659,13,42,8404,11,42,1,1,42,2,1,0.6190476190476191,0.0,0.6666666666666666,50.90323431346572,1.2069489608125767
1660,1,135,9232,11,135,2,1,135,3,2,0.5714285714285714,0.6931471805579453,0.6,164.5814600576711,2.4138979216251535
1661,3,135,9232,11,135,1,1,135,2,1,0.5714285714285714,0.0,0.5,164.5814600576711,1.921812055672816
1662,1,135,18952,11,135,1,1,-1,2,1,0.6666666666666666,0.0,0.6666666666666666,10.462874742916549,1.2069489608125807
1663,39,73,95956,11,73,1,1,-1,2,1,0.6190476190476191,0.0,0.6666666666666666,4.68213122712422,1.2069489608125827
1664,1,16,1664,11,16,1,1,16,2,1,0.5714285714285714,0.0,0.5,20.32554030093242,1.9218120556728062
1665,3,179,250504,11,179,1,1,-1,2,1,0.6190476190476191,0.0,0.6666666666666666,20.402501342068554,1.2069489608125767
1666,1,29,2500,11,29,2,1,29,3,2,0.5714285714285714,0.6931471805579453,0.6,36.33359248832854,2.4138979216251535
1667,6,29,7504,11,29,1,1,29,2,1,0.6190476190476191,0.0,0.5,35.75822834342499,1.9218120556727767
1668,1,135,9232,11,135,1,1,135,2,1,0.6666666666666666,0.0,0.6666666666666666,164.8691421301229,1.2069489608125767
1669,3,135,9232,11,135,1,1,135,2,1,0.6666666666666666,0.0,0.6666666666666666,164.8691421301229,1.2069489608125767
1670,1,135,9232,11,135,1,1,135,2,1,0.6190476190476191,0.0,0.5,165.15682420257468,1.9218120556727372
1671,11,42,11284,11,42,1,1,-1,2,1,0.6666666666666666,0.0,0.6666666666666666,4.394449154672439,1.2069489608125827
1672,1,42,1672,11,42,2,1,42,3,2,0.5714285714285714,0.6931471805579453,0.6,52.341644675724616,2.413897921625185
1673,3,91,14308,11,91,1,1,-1,2,1,0.6190476190476191,0.0,0.5,15.668254113805315,1.9218120556728062
1674,1,42,2512,11,42,1,1,42,2,1,0.6666666666666666,0.0,0.6666666666666666,52.05396260327284,1.2069489608125767
1675,8,135,9232,11,135,1,1,135,2,1,0.6666666666666666,0.0,0.6666666666666666,164.5814600576711,1.2069489608125767
1676,1,42,1888,11,42,1,1,42,2,1,0.5714285714285714,0.0,0.5,52.341644675724616,1.9218120556727962
1677,3,42,5032,11,42,1,1,42,2,1,0.6666666666666666,0.0,0.6666666666666666,52.05396260327284,1.2069489608125767
1678,1,86,8080,11,86,2,1,86,3,2,0.5714285714285714,0.6931471805579453,0.6,104.42045231899458,2.4138979216251535
1679,11,86,17008,11,86,1,1,-1,2,1,0.6190476190476191,0.0,0.5,4.394449154672439,1.9218120556728062
1680,1,42,1680,11,42,1,1,42,2,1,0.6666666666666666,0.0,0.6666666666666666,51.766280530821064,1.2069489608125612
1681,3,42,5044,11,42,1,1,42,2,1,0.6666666666666666,0.0,0.6666666666666666,51.76628053082106,1.2069489608125767
1682,1,42,4264,11,42,1,1,42,2,1,0.6190476190476191,0.0,0.5,52.05396260327284,1.9218120556727962
1683,6,42,7576,11,42,1,1,42,2,1,0.6666666666666666,0.0,0.6666666666666666,51.76628053082106,1.2069489608125925
1684,1,42,1684,11,42,2,1,42,3,2,0.5714285714285714,0.6931471805579453,0.6,52.341644675724616,2.4138979216251535
1685,3,42,5056,11,42,1,1,42,2,1,0.6190476190476191,0.0,0.5,52.05396260327284,1.9218120556727767
1686,1,42,3796,11,42,1,1,42,2,1,0.6666666666666666,0.0,0.6666666666666666,52.05396260327284,1.2069489608125767
1687,8,42,11392,11,42,1,1,-1,2,1,0.6666666666666666,0.0,0.6666666666666666,4.394449154672439,1.2069489608125827
1688,1,42,1688,11,42,1,1,42,2,1,0.5714285714285714,0.0,0.5,52.341644675724616,1.9218120556727962
1689,3,34,5704,11,34,1,1,34,2,1,0.6666666666666666,0.0,0.6666666666666666,41.82665393166908,1.2069489608125767
1690,1,42,2536,11,42,2,1,42,3,2,0.5714285714285714,0.6931471805579453,0.6,52.629326748176396,2.4138979216251535
1691,29,135,21688,11,135,1,1,-1,2,1,0.6190476190476191,0.0,0.5,9.887510598012987,1.9218120556728062
1692,1,34,3220,11,34,1,1,34,2,1,0.6666666666666666,0.0,0.6666666666666666,42.114336004120865,1.2069489608125612
1693,3,34,5080,11,34,1,1,34,2,1,0.6666666666666666,0.0,0.6666666666666666,42.114336004120865,1.2069489608125612
1694,1,34,8584,11,34,1,1,34,2,1,0.6190476190476191,0.0,0.5,41.82665393166908,1.9218120556727962
1695,52,179,48904,11,179,1,1,-1,2,1,0.6666666666666666,0.0,0.6666666666666666,4.394449154672439,1.2069489608125827
1696,1,16,1696,11,16,2,1,16,3,2,0.5714285714285714,0.6931471805579453,0.6,20.6132223733842,2.413897921625169
1697,3,34,5092,11,34,1,1,34,2,1,0.6190476190476191,0.0,0.5,42.11433600412086,1.9218120556727962
1698,1,60,9232,11,60,1,1,60,2,1,0.6666666666666666,0.0,0.6666666666666666,73.55507623400948,1.2069489608125767
1699,6,60,9232,11,60,1,1,60,2,1,0.6666666666666666,0.0,0.6666666666666666,73.26739416155769,1.2069489608125767
1700,1,60,9232,11,60,1,1,60,2,1,0.5714285714285714,0.0,0.5,73.55507623400948,1.921812055672816
1701,3,60,9232,11,60,1,1,60,2,1,0.6666666666666666,0.0,0.6666666666666666,73.26739416155769,1.2069489608125767
1702,1,60,9232,11,60,2,1,60,3,2,0.5714285714285714,0.6931471805579453,0.6,73.84275830646125,2.413897921625216
1703,19,60,14560,11,60,1,1,-1,2,1,0.6190476190476191,0.0,0.5,4.394449154672439,1.9218120556728062
1704,1,16,1704,11,16,1,1,16,2,1,0.6666666666666666,0.0,0.6666666666666666,20.03785822848064,1.2069489608125767
1705,3,135,65608,11,135,1,1,-1,2,1,0.6666666666666666,0.0,0.6666666666666666,10.175192670464769,1.2069489608125807
1706,1,16,2560,11,16,1,1,16,2,1,0.6190476190476191,0.0,0.5,20.32554030093242,1.9218120556728062
1707,8,148,9232,11,148,1,1,148,2,1,0.6666666666666666,0.0,0.6666666666666666,179.72646602771187,1.2069489608126394
1708,1,55,2752,11,55,2,1,55,3,2,0.5714285714285714,0.6931471805579453,0.6,67.77433271821714,2.4138979216251535
1709,3,55,5128,11,55,1,1,55,2,1,0.6190476190476191,0.0,0.5,67.48665064576535,1.921812055672816
1710,1,55,5776,11,55,1,1,55,2,1,0.6666666666666666,0.0,0.6666666666666666,67.48665064576535,1.2069489608125767
1711,13,148,17332,11,148,1,1,-1,2,1,0.6666666666666666,0.0,0.6666666666666666,4.394449154672439,1.2069489608125827
1712,1,104,9232,11,104,1,1,104,2,1,0.5714285714285714,0.0,0.5,127.35997631199012,1.921812055672816
1713,3,29,5140,11,29,1,1,29,2,1,0.6666666666666666,0.0,0.6666666666666666,35.75822834342498,1.2069489608125767
1714,1,29,2896,11,29,2,1,29,3,2,0.5714285714285714,0.6931471805579453,0.6,36.33359248832854,2.4138979216251535
1715,6,29,7720,11,29,1,1,29,2,1,0.6190476190476191,0.0,0.5,35.75822834342498,1.9218120556727962
1716,1,104,9232,11,104,1,1,104,2,1,0.6666666666666666,0.0,0.6666666666666666,127.07229423953835,1.2069489608125457
1717,3,104,9232,11,104,1,1,104,2,1,0.6666666666666666,0.0,0.6666666666666666,127.07229423953835,1.2069489608125457
1718,1,148,9232,11,148,1,1,148,2,1,0.6190476190476191,0.0,0.5,180.30183017261544,1.921812055672816
1719,8,148,11608,11,148,1,1,-1,2,1,0.6666666666666666,0.0,0.6666666666666666,4.394449154672439,1.2069489608125827
1720,1,104,9232,11,104,2,1,104,3,2,0.5714285714285714,0.6931471805579453,0.6,127.64765838444191,2.4138979216251535
1721,3,55,5812,11,55,1,1,55,2,1,0.6190476190476191,0.0,0.5,67.19896857331356,1.921812055672816
1722,1,104,9232,11,104,1,1,104,2,1,0.6666666666666666,0.0,0.6666666666666666,127.35997631199012,1.2069489608125767
1723,11,55,8728,11,55,1,1,55,2,1,0.6666666666666666,0.0,0.6666666666666666,66.91128650086179,1.2069489608125767
1724,1,42,4372,11,42,1,1,42,2,1,0.5714285714285714,0.0,0.5,52.341644675724616,1.9218120556727962
1725,3,42,5176,11,42,1,1,42,2,1,0.6666666666666666,0.0,0.6666666666666666,52.05396260327284,1.2069489608125612
1726,1,42,13120,11,42,2,1,-1,3,2,0.5714285714285714,0.6931471805579453,0.6,10.750556815368329,2.4138979216251615
1727,21,55,39364,11,55,1,1,-1,2,1,0.6190476190476191,0.0,0.5,4.394449154672439,1.9218120556728062
1728,1,117,9232,11,117,1,1,117,2,1,0.6666666666666666,0.0,0.6666666666666666,142.50498228203085,1.2069489608126394
1729,3,104,9232,11,104,1,1,104,2,1,0.6666666666666666,0.0,0.6666666666666666,127.07229423953835,1.206948960812608
1730,1,148,9232,11,148,1,1,148,2,1,0.6190476190476191,0.0,0.5,180.877194317519,1.9218120556727372
1731,6,148,9232,11,148,1,1,148,2,1,0.6666666666666666,0.0,0.6666666666666666,180.58951224506723,1.2069489608125767
1732,1,29,1732,11,29,2,1,29,3,2,0.5714285714285714,0.6931471805579453,0.6,36.33359248832854,2.413897921625185
1733,3,29,5200,11,29,1,1,29,2,1,0.6190476190476191,0.0,0.5,36.04591041587676,1.921812055672816
1734,1,29,3904,11,29,1,1,29,2,1,0.6666666666666666,0.0,0.6666666666666666,36.33359248832854,1.2069489608125925
1735,13,104,11716,11,104,1,1,-1,2,1,0.6666666666666666,0.0,0.6666666666666666,4.394449154672439,1.2069489608125827
1736,1,29,1736,11,29,1,1,29,2,1,0.5714285714285714,0.0,0.5,36.33359248832854,1.9218120556727962
1737,3,104,9232,11,104,1,1,104,2,1,0.6666666666666666,0.0,0.6666666666666666,126.78461216708656,1.2069489608125767
1738,1,29,2608,11,29,2,1,29,3,2,0.5714285714285714,0.6931471805579453,0.6,36.62127456078032,2.4138979216251535
1739,8,55,7828,11,55,1,1,55,2,1,0.6190476190476191,0.0,0.5,67.19896857331356,1.921812055672816
1740,1,29,1960,11,29,1,1,29,2,1,0.6666666666666666,0.0,0.6666666666666666,36.33359248832854,1.2069489608125925
1741,3,29,5224,11,29,1,1,29,2,1,0.6666666666666666,0.0,0.6666666666666666,36.33359248832854,1.2069489608125925
1742,1,179,190996,11,179,1,1,-1,2,1,0.6190476190476191,0.0,0.5,16.243618258708878,1.9218120556728062
1743,57,179,190996,11,179,1,1,-1,2,1,0.6666666666666666,0.0,0.6666666666666666,4.394449154672439,1.2069489608125827
1744,1,117,9232,11,117,2,1,117,3,2,0.5714285714285714,0.6931471805579453,0.6,143.3680284993862,2.4138979216251535
1745,3,148,9232,11,148,1,1,148,2,1,0.6190476190476191,0.0,0.5,180.01414810016365,1.921812055672816
1746,1,148,9232,11,148,1,1,148,2,1,0.6666666666666666,0.0,0.6666666666666666,180.01414810016365,1.2069489608125767
1747,6,148,9232,11,148,1,1,148,2,1,0.6666666666666666,0.0,0.6666666666666666,179.72646602771187,1.2069489608126394
1748,1,117,9232,11,117,1,1,117,2,1,0.5714285714285714,0.0,0.5,143.3680284993862,1.921812055672816
1749,3,117,9232,11,117,1,1,117,2,1,0.6666666666666666,0.0,0.6666666666666666,143.08034642693443,1.2069489608126394
1750,1,29,3940,11,29,2,1,29,3,2,0.5714285714285714,0.6931471805579453,0.6,36.33359248832854,2.4138979216251535
1751,8,29,11824,11,29,1,1,-1,2,1,0.6190476190476191,0.0,0.5,4.394449154672439,1.9218120556728062
1752,1,55,1752,11,55,1,1,55,2,1,0.6666666666666666,0.0,0.6666666666666666,67.77433271821714,1.2069489608125767
1753,3,55,5920,11,55,1,1,55,2,1,0.6666666666666666,0.0,0.6666666666666666,67.48665064576537,1.2069489608125457
1754,1,55,2632,11,55,1,1,55,2,1,0.6190476190476191,0.0,0.5,68.06201479066891,1.921812055672816
1755,13,42,13336,11,42,1,1,-1,2,1,0.6666666666666666,0.0,0.6666666666666666,9.887510598012987,1.2069489608125807
1756,1,55,2968,11,55,2,1,55,3,2,0.5714285714285714,0.6931471805579453,0.6,68.3496968631207,2.4138979216251535
1757,3,55,5272,11,55,1,1,55,2,1,0.6190476190476191,0.0,0.5,68.06201479066893,1.9218120556727767
1758,1,148,10024,11,148,1,1,-1,2,1,0.6666666666666666,0.0,0.6666666666666666,13.758711608920876,1.2069489608125807
1759,16,148,26728,11,148,1,1,-1,2,1,0.6666666666666666,0.0,0.6666666666666666,4.394449154672439,1.2069489608125827
1760,1,117,9232,11,117,1,1,117,2,1,0.5714285714285714,0.0,0.5,143.3680284993862,1.921812055672816
1761,3,104,15064,11,104,1,1,-1,2,1,0.6666666666666666,0.0,0.6666666666666666,14.046393681372658,1.2069489608125845
1762,1,117,9232,11,117,2,1,117,3,2,0.5714285714285714,0.6931471805579453,0.6,143.3680284993862,2.4138979216251535
1763,6,117,9232,11,117,1,1,117,2,1,0.6190476190476191,0.0,0.5,142.79266435448264,1.9218120556728948
1764,1,29,1764,11,29,1,1,29,2,1,0.6666666666666666,0.0,0.6666666666666666,36.04591041587676,1.2069489608125767
1765,3,29,5296,11,29,1,1,29,2,1,0.6666666666666666,0.0,0.6666666666666666,36.04591041587676,1.2069489608125767
1766,1,29,3976,11,29,1,1,29,2,1,0.6190476190476191,0.0,0.5,36.33359248832854,1.9218120556727962
1767,34,148,22660,11,148,1,1,-1,2,1,0.6666666666666666,0.0,0.6666666666666666,4.394449154672439,1.2069489608125827
1768,1,117,9232,11,117,2,1,117,3,2,0.5714285714285714,0.6931471805579453,0.6,143.655710571838,2.4138979216251535
1769,3,55,13444,11,55,1,1,-1,2,1,0.6190476190476191,0.0,0.5,10.175192670464769,1.9218120556728013
1770,1,117,9232,11,117,1,1,117,2,1,0.6666666666666666,0.0,0.6666666666666666,143.3680284993862,1.2069489608126394
1771,8,55,10096,11,55,1,1,-1,2,1,0.6666666666666666,0.0,0.6666666666666666,13.471029536469096,1.2069489608125807
1772,1,55,2248,11,55,1,1,55,2,1,0.5714285714285714,0.0,0.5,68.3496968631207,1.921812055672816
1773,3,55,5320,11,55,1,1,55,2,1,0.6666666666666666,0.0,0.6666666666666666,68.06201479066893,1.2069489608125457
1774,1,55,5992,11,55,2,1,55,3,2,0.5714285714285714,0.6931471805579453,0.6,68.3496968631207,2.4138979216251535
1775,24,86,45520,11,86,1,1,-1,2,1,0.6190476190476191,0.0,0.5,4.394449154672439,1.9218120556728062
1776,1,73,9232,11,73,1,1,73,2,1,0.6666666666666666,0.0,0.6666666666666666,88.98776427650202,1.206948960812608
1777,3,117,9232,11,117,1,1,117,2,1,0.6666666666666666,0.0,0.6666666666666666,143.08034642693443,1.2069489608126394
1778,1,148,21688,11,148,1,1,-1,2,1,0.6190476190476191,0.0,0.5,25.60788071295733,1.9218120556727962
1779,6,148,21688,11,148,1,1,-1,2,1,0.6666666666666666,0.0,0.6666666666666666,25.320198640505545,1.2069489608125845
1780,1,73,9232,11,73,2,1,73,3,2,0.5714285714285714,0.6931471805579453,0.6,89.56312842140558,2.413897921625216
1781,3,73,9232,11,73,1,1,73,2,1,0.6190476190476191,0.0,0.5,89.2754463489538,1.921812055672816
1782,1,47,8584,11,47,1,1,47,2,1,0.6666666666666666,0.0,0.6666666666666666,57.54702404661338,1.2069489608125612
1783,8,47,12040,11,47,1,1,-1,2,1,0.6666666666666666,0.0,0.6666666666666666,4.394449154672439,1.2069489608125827
1784,1,73,9232,11,73,1,1,73,2,1,0.5714285714285714,0.0,0.5,89.56312842140558,1.921812055672816
1785,3,29,6784,11,29,1,1,29,2,1,0.6666666666666666,0.0,0.6666666666666666,35.4705462709732,1.2069489608125767
1786,1,73,9232,11,73,2,1,73,3,2,0.5714285714285714,0.6931471805579453,0.6,89.85081049385737,2.4138979216251535
1787,19,47,15280,11,47,1,1,-1,2,1,0.6190476190476191,0.0,0.5,13.183347464017315,1.9218120556728062
1788,1,99,39364,11,99,1,1,-1,2,1,0.6666666666666666,0.0,0.6666666666666666,14.33407575382444,1.2069489608125807
1789,3,99,39364,11,99,1,1,-1,2,1,0.6666666666666666,0.0,0.6666666666666666,14.33407575382444,1.2069489608125807
1790,1,99,39364,11,99,1,1,-1,2,1,0.6190476190476191,0.0,0.5,10.462874742916549,1.9218120556728013
1791,29,99,103336,11,99,1,1,-1,2,1,0.6666666666666666,0.0,0.6666666666666666,4.394449154672439,1.2069489608125827
1792,1,24,1792,11,24,2,1,24,3,2,0.5714285714285714,0.6931471805579453,0.6,30.265166900084427,2.413897921625169
1793,3,117,9232,11,117,1,1,117,2,1,0.6190476190476191,0.0,0.5,142.79266435448264,1.9218120556728948
1794,1,68,2752,11,68,1,1,68,2,1,0.6666666666666666,0.0,0.6666666666666666,83.20702076070968,1.206948960812608
1795,6,68,8080,11,68,1,1,68,2,1,0.6666666666666666,0.0,0.6666666666666666,82.91933868825791,1.206948960812608
1796,1,117,9232,11,117,1,1,117,2,1,0.5714285714285714,0.0,0.5,143.3680284993862,1.921812055672816
1797,3,117,9232,11,117,1,1,117,2,1,0.6666666666666666,0.0,0.6666666666666666,143.08034642693443,1.2069489608126394
1798,1,117,9232,11,117,2,1,117,3,2,0.5714285714285714,0.6931471805579453,0.6,143.655710571838,2.4138979216251535
1799,11,68,12148,11,68,1,1,-1,2,1,0.6190476190476191,0.0,0.5,4.394449154672439,1.9218120556728062
1800,1,55,4372,11,55,1,1,55,2,1,0.6666666666666666,0.0,0.6666666666666666,67.77433271821714,1.2069489608125767
1801,3,161,17332,11,161,1,1,-1,2,1,0.6666666666666666,0.0,0.6666666666666666,18.964090979809647,1.2069489608125845
1802,1,55,4372,11,55,1,1,55,2,1,0.6190476190476191,0.0,0.5,68.06201479066893,1.9218120556727767
1803,8,42,8116,11,42,1,1,42,2,1,0.6666666666666666,0.0,0.6666666666666666,51.190916385917504,1.2069489608125612
1804,1,55,4372,11,55,2,1,55,3,2,0.5714285714285714,0.6931471805579453,0.6,68.3496968631207,2.4138979216251535
1805,3,55,5416,11,55,1,1,55,2,1,0.6190476190476191,0.0,0.5,68.06201479066893,1.9218120556727767
1806,1,117,9232,11,117,1,1,117,2,1,0.6666666666666666,0.0,0.6666666666666666,143.08034642693443,1.2069489608126394
1807,11,117,18304,11,117,1,1,-1,2,1,0.6666666666666666,0.0,0.6666666666666666,4.394449154672439,1.2069489608125827
1808,1,16,1808,11,16,1,1,16,2,1,0.5714285714285714,0.0,0.5,20.32554030093242,1.9218120556728062
1809,3,55,5428,11,55,1,1,55,2,1,0.6666666666666666,0.0,0.6666666666666666,68.06201479066893,1.2069489608125457
1810,1,68,5812,11,68,2,1,68,3,2,0.5714285714285714,0.6931471805579453,0.6,83.2070207607097,2.4138979216251535
1811,6,68,8152,11,68,1,1,68,2,1,0.6190476190476191,0.0,0.5,82.63165661580614,1.921812055672816
1812,1,16,1812,11,16,1,1,16,2,1,0.6666666666666666,0.0,0.6666666666666666,20.03785822848064,1.2069489608125767
1813,3,16,5440,11,16,1,1,16,2,1,0.6666666666666666,0.0,0.6666666666666666,20.03785822848064,1.2069489608125767
1814,1,55,13120,11,55,1,1,-1,2,1,0.6190476190476191,0.0,0.5,26.470926930312668,1.9218120556728062
1815,8,55,13120,11,55,1,1,-1,2,1,0.6666666666666666,0.0,0.6666666666666666,4.394449154672439,1.2069489608125827
1816,1,16,1816,11,16,2,1,16,3,2,0.5714285714285714,0.6931471805579453,0.6,20.6132223733842,2.413897921625169
1817,3,68,39364,11,68,1,1,-1,2,1,0.6190476190476191,0.0,0.5,19.827137197164994,1.9218120556727962
1818,1,16,2728,11,16,1,1,16,2,1,0.6666666666666666,0.0,0.6666666666666666,20.32554030093242,1.2069489608125845
1819,99,161,1276936,11,161,1,1,-1,2,1,0.6666666666666666,0.0,0.6666666666666666,9.887510598012987,1.2069489608125807
1820,1,42,3076,11,42,1,1,42,2,1,0.5714285714285714,0.0,0.5,52.053962603272836,1.921812055672816
1821,3,42,5464,11,42,1,1,42,2,1,0.6666666666666666,0.0,0.6666666666666666,51.76628053082106,1.2069489608125767
1822,1,42,9232,11,42,2,1,42,3,2,0.5714285714285714,0.6931471805579453,0.6,51.76628053082106,2.4138979216251535
1823,19,161,27700,11,161,1,1,-1,2,1,0.6190476190476191,0.0,0.5,4.394449154672439,1.9218120556728062
1824,1,37,1824,11,37,1,1,37,2,1,0.6666666666666666,0.0,0.6666666666666666,45.1224907976734,1.2069489608125925
1825,3,42,5476,11,42,1,1,42,2,1,0.6666666666666666,0.0,0.6666666666666666,51.76628053082106,1.2069489608125925
1826,1,130,9232,11,130,1,1,130,2,1,0.6190476190476191,0.0,0.5,158.80071654187878,1.9218120556727372
1827,6,130,9232,11,130,1,1,130,2,1,0.6666666666666666,0.0,0.6666666666666666,158.513034469427,1.2069489608125767
1828,1,130,9232,11,130,2,1,130,3,2,0.5714285714285714,0.6931471805579453,0.6,159.08839861433057,2.4138979216250287
1829,3,130,9232,11,130,1,1,130,2,1,0.6190476190476191,0.0,0.5,158.80071654187878,1.9218120556727372
1830,1,130,9232,11,130,1,1,130,2,1,0.6666666666666666,0.0,0.6666666666666666,159.08839861433057,1.2069489608125143
1831,13,68,13912,11,68,1,1,-1,2,1,0.6666666666666666,0.0,0.6666666666666666,4.394449154672439,1.2069489608125827
1832,1,37,1832,11,37,1,1,37,2,1,0.5714285714285714,0.0,0.5,45.69785494257696,1.921812055672816
1833,3,42,20896,11,42,1,1,-1,2,1,0.6666666666666666,0.0,0.6666666666666666,10.175192670464769,1.2069489608125807
1834,1,37,2752,11,37,2,1,37,3,2,0.5714285714285714,0.6931471805579453,0.6,45.98553701502875,2.4138979216251535
1835,8,130,9232,11,130,1,1,130,2,1,0.6190476190476191,0.0,0.5,158.2253523969752,1.921812055672816
1836,1,130,9232,11,130,1,1,130,2,1,0.6666666666666666,0.0,0.6666666666666666,158.80071654187878,1.2069489608125143
1837,3,130,9232,11,130,1,1,130,2,1,0.6666666666666666,0.0,0.6666666666666666,158.80071654187878,1.2069489608125143
1838,1,130,9232,11,130,1,1,130,2,1,0.6190476190476191,0.0,0.5,158.80071654187878,1.9218120556727372
1839,16,161,18628,11,161,1,1,-1,2,1,0.6666666666666666,0.0,0.6666666666666666,4.394449154672439,1.2069489608125827
1840,1,37,1840,11,37,2,1,37,3,2,0.5714285714285714,0.6931471805579453,0.6,45.98553701502875,2.4138979216251535
1841,3,130,9232,11,130,1,1,130,2,1,0.6190476190476191,0.0,0.5,158.80071654187878,1.9218120556727372
1842,1,130,9232,11,130,1,1,130,2,1,0.6666666666666666,0.0,0.6666666666666666,159.08839861433057,1.2069489608125143
1843,6,130,9232,11,130,1,1,130,2,1,0.6666666666666666,0.0,0.6666666666666666,158.80071654187878,1.2069489608125767
1844,1,37,1844,11,37,1,1,37,2,1,0.5714285714285714,0.0,0.5,45.98553701502875,1.9218120556727767
1845,3,37,5536,11,37,1,1,37,2,1,0.6666666666666666,0.0,0.6666666666666666,45.69785494257697,1.2069489608125767
1846,1,68,10528,11,68,2,1,-1,3,2,0.5714285714285714,0.6931471805579453,0.6,14.62175782627622,2.4138979216251615
1847,8,68,12472,11,68,1,1,-1,2,1,0.6190476190476191,0.0,0.5,4.394449154672439,1.9218120556728062
1848,1,130,9232,11,130,1,1,130,2,1,0.6666666666666666,0.0,0.6666666666666666,158.80071654187878,1.2069489608125143
1849,3,68,6244,11,68,1,1,68,2,1,0.6666666666666666,0.0,0.6666666666666666,83.20702076070968,1.206948960812608
1850,1,130,9232,11,130,1,1,130,2,1,0.6190476190476191,0.0,0.5,159.08839861433057,1.9218120556727372
1851,11,130,9376,11,130,1,1,130,2,1,0.6666666666666666,0.0,0.6666666666666666,158.2253523969752,1.2069489608125767
1852,1,130,9232,11,130,2,1,130,3,2,0.5714285714285714,0.6931471805579453,0.6,159.37608068678233,2.4138979216251535
1853,3,130,9232,11,130,1,1,130,2,1,0.6190476190476191,0.0,0.5,159.08839861433057,1.9218120556727372
1854,1,117,15856,11,117,1,1,-1,2,1,0.6666666666666666,0.0,0.6666666666666666,10.462874742916549,1.2069489608125807
1855,19,117,42280,11,117,1,1,-1,2,1,0.6666666666666666,0.0,0.6666666666666666,4.394449154672439,1.2069489608125827
1856,1,24,1856,11,24,1,1,24,2,1,0.5714285714285714,0.0,0.5,30.265166900084427,1.9218120556728062
1857,3,37,5572,11,37,1,1,37,2,1,0.6666666666666666,0.0,0.6666666666666666,45.41017287012518,1.2069489608125925
1858,1,130,9232,11,130,2,1,130,3,2,0.5714285714285714,0.6931471805579453,0.6,159.37608068678233,2.4138979216251535
1859,6,130,9232,11,130,1,1,130,2,1,0.6190476190476191,0.0,0.5,158.80071654187878,1.9218120556727372
1860,1,37,1860,11,37,1,1,37,2,1,0.6666666666666666,0.0,0.6666666666666666,45.69785494257697,1.2069489608125612
1861,3,37,5584,11,37,1,1,37,2,1,0.6666666666666666,0.0,0.6666666666666666,45.69785494257697,1.2069489608125612
1862,1,37,4192,11,37,1,1,37,2,1,0.6190476190476191,0.0,0.5,45.98553701502875,1.9218120556727767
1863,37,68,15928,11,68,1,1,-1,2,1,0.6666666666666666,0.0,0.6666666666666666,4.394449154672439,1.2069489608125827
1864,1,86,9232,11,86,2,1,86,3,2,0.5714285714285714,0.6931471805579453,0.6,105.5711806088017,2.4138979216251535
1865,3,68,9448,11,68,1,1,68,2,1,0.6190476190476191,0.0,0.5,83.49470283316147,1.921812055672816
1866,1,86,9232,11,86,1,1,86,2,1,0.6666666666666666,0.0,0.6666666666666666,105.28349853634992,1.2069489608125767
1867,8,37,8404,11,37,1,1,37,2,1,0.6666666666666666,0.0,0.6666666666666666,45.1224907976734,1.2069489608125925
1868,1,86,9232,11,86,1,1,86,2,1,0.5714285714285714,0.0,0.5,105.5711806088017,1.9218120556727767
1869,3,86,9232,11,86,1,1,86,2,1,0.6666666666666666,0.0,0.6666666666666666,105.28349853634992,1.2069489608125767
1870,1,130,9232,11,130,2,1,130,3,2,0.5714285714285714,0.6931471805579453,0.6,158.513034469427,2.4138979216251535
1871,13,130,18952,11,130,1,1,-1,2,1,0.6190476190476191,0.0,0.5,4.394449154672439,1.9218120556728062
1872,1,24,1872,11,24,1,1,24,2,1,0.6666666666666666,0.0,0.6666666666666666,29.689802755180864,1.2069489608125925
1873,3,86,9232,11,86,1,1,86,2,1,0.6666666666666666,0.0,0.6666666666666666,104.99581646389814,1.2069489608125767
1874,1,174,250504,11,174,1,1,-1,2,1,0.6190476190476191,0.0,0.5,14.33407575382444,1.9218120556728013
1875,6,174,250504,11,174,1,1,-1,2,1,0.6666666666666666,0.0,0.6666666666666666,14.046393681372658,1.2069489608125845
1876,1,24,1876,11,24,2,1,24,3,2,0.5714285714285714,0.6931471805579453,0.6,30.265166900084427,2.413897921625169
1877,3,24,5632,11,24,1,1,24,2,1,0.6190476190476191,0.0,0.5,29.977484827632647,1.9218120556728062
1878,1,86,9232,11,86,1,1,86,2,1,0.6666666666666666,0.0,0.6666666666666666,105.28349853634991,1.2069489608125767
1879,8,86,12688,11,86,1,1,-1,2,1,0.6666666666666666,0.0,0.6666666666666666,4.394449154672439,1.2069489608125827
1880,1,130,9232,11,130,1,1,130,2,1,0.5714285714285714,0.0,0.5,159.08839861433057,1.9218120556727372
1881,3,37,6352,11,37,1,1,37,2,1,0.6666666666666666,0.0,0.6666666666666666,45.41017287012518,1.2069489608125767
1882,1,130,9232,11,130,2,1,130,3,2,0.5714285714285714,0.6931471805579453,0.6,159.37608068678233,2.4138979216251535
1883,29,86,14308,11,86,1,1,-1,2,1,0.6190476190476191,0.0,0.5,9.887510598012987,1.9218120556728062
1884,1,130,9232,11,130,1,1,130,2,1,0.6666666666666666,0.0,0.6666666666666666,159.08839861433057,1.2069489608125143
1885,3,130,9232,11,130,1,1,130,2,1,0.6666666666666666,0.0,0.6666666666666666,159.08839861433057,1.2069489608125143
1886,1,37,9556,11,37,1,1,37,2,1,0.6190476190476191,0.0,0.5,45.1224907976734,1.9218120556727962
1887,13,37,28672,11,37,1,1,-1,2,1,0.6666666666666666,0.0,0.6666666666666666,4.394449154672439,1.2069489608125827
1888,1,37,1888,11,37,2,1,37,3,2,0.5714285714285714,0.6931471805579453,0.6,46.27321908748052,2.4138979216251535
1889,3,81,8080,11,81,1,1,81,2,1,0.6190476190476191,0.0,0.5,98.06434465829868,1.921812055672816
1890,1,37,2836,11,37,1,1,37,2,1,0.6666666666666666,0.0,0.6666666666666666,45.69785494257697,1.2069489608125612
1891,6,37,8512,11,37,1,1,37,2,1,0.6666666666666666,0.0,0.6666666666666666,45.41017287012518,1.2069489608125767
1892,1,37,1892,11,37,1,1,37,2,1,0.5714285714285714,0.0,0.5,45.98553701502875,1.9218120556727767
1893,3,37,5680,11,37,1,1,37,2,1,0.6666666666666666,0.0,0.6666666666666666,45.69785494257697,1.2069489608125612
1894,1,37,4264,11,37,2,1,37,3,2,0.5714285714285714,0.6931471805579453,0.6,46.27321908748052,2.4138979216251535
1895,39,174,138400,11,174,1,1,-1,2,1,0.6190476190476191,0.0,0.5,4.394449154672439,1.9218120556728062
1896,1,37,1896,11,37,1,1,37,2,1,0.6666666666666666,0.0,0.6666666666666666,45.69785494257696,1.2069489608125767
1897,3,68,14416,11,68,1,1,-1,2,1,0.6666666666666666,0.0,0.6666666666666666,10.175192670464769,1.2069489608125807
1898,1,37,2848,11,37,1,1,37,2,1,0.6190476190476191,0.0,0.5,45.98553701502874,1.9218120556727962
1899,8,68,8548,11,68,1,1,68,2,1,0.6666666666666666,0.0,0.6666666666666666,82.91933868825791,1.2069489608125767
1900,1,29,3616,11,29,2,1,29,3,2,0.5714285714285714,0.6931471805579453,0.6,36.33359248832854,2.4138979216251535
1901,3,29,5704,11,29,1,1,29,2,1,0.6190476190476191,0.0,0.5,36.04591041587677,1.9218120556727767
1902,1,29,6424,11,29,1,1,29,2,1,0.6666666666666666,0.0,0.6666666666666666,36.04591041587677,1.2069489608125612
1903,24,130,21688,11,130,1,1,-1,2,1,0.6666666666666666,0.0,0.6666666666666666,4.394449154672439,1.2069489608125827
1904,1,37,1904,11,37,1,1,37,2,1,0.5714285714285714,0.0,0.5,46.27321908748052,1.9218120556727962
1905,3,37,5716,11,37,1,1,37,2,1,0.6666666666666666,0.0,0.6666666666666666,45.69785494257696,1.2069489608125767
1906,1,29,3220,11,29,2,1,29,3,2,0.5714285714285714,0.6931471805579453,0.6,36.33359248832854,2.4138979216251535
1907,6,29,8584,11,29,1,1,29,2,1,0.6190476190476191,0.0,0.5,35.75822834342498,1.9218120556727962
1908,1,37,1908,11,37,1,1,37,2,1,0.6666666666666666,0.0,0.6666666666666666,45.98553701502875,1.2069489608125767
1909,3,37,5728,11,37,1,1,37,2,1,0.6666666666666666,0.0,0.6666666666666666,45.98553701502875,1.2069489608125767
1910,1,29,4840,11,29,1,1,29,2,1,0.6190476190476191,0.0,0.5,36.33359248832854,1.9218120556727962
1911,8,29,12904,11,29,1,1,-1,2,1,0.6666666666666666,0.0,0.6666666666666666,4.394449154672439,1.2069489608125827
1912,1,55,9232,11,55,2,1,55,3,2,0.5714285714285714,0.6931471805579453,0.6,67.77433271821714,2.4138979216251535
1913,3,81,39364,11,81,1,1,-1,2,1,0.6190476190476191,0.0,0.5,13.758711608920878,1.9218120556728013
1914,1,55,9232,11,55,1,1,55,2,1,0.6666666666666666,0.0,0.6666666666666666,67.48665064576535,1.206948960812608
1915,13,174,1276936,11,174,1,1,-1,2,1,0.6666666666666666,0.0,0.6666666666666666,24.16947035069842,1.2069489608125845
1916,1,55,9232,11,55,1,1,55,2,1,0.5714285714285714,0.0,0.5,67.48665064576535,1.921812055672816
1917,3,55,9232,11,55,1,1,55,2,1,0.6666666666666666,0.0,0.6666666666666666,67.19896857331356,1.206948960812608
1918,1,130,41524,11,130,2,1,-1,3,2,0.5714285714285714,0.6931471805579453,0.6,10.750556815368329,2.4138979216251615
1919,34,130,65608,11,130,1,1,-1,2,1,0.6190476190476191,0.0,0.5,4.394449154672439,1.9218120556728062
1920,1,24,1920,11,24,1,1,24,2,1,0.6666666666666666,0.0,0.6666666666666666,29.402120682729084,1.2069489608125845
1921,3,143,9232,11,143,1,1,143,2,1,0.6666666666666666,0.0,0.6666666666666666,174.23340458437133,1.2069489608125767
1922,1,50,2884,11,50,1,1,50,2,1,0.6190476190476191,0.0,0.5,61.41822505752126,1.9218120556727767
1923,6,50,8656,11,50,1,1,50,2,1,0.6666666666666666,0.0,0.6666666666666666,61.13054298506948,1.2069489608125612
1924,1,50,2752,11,50,2,1,50,3,2,0.5714285714285714,0.6931471805579453,0.6,61.705907129973035,2.413897921625185
1925,3,50,5776,11,50,1,1,50,2,1,0.6190476190476191,0.0,0.5,61.418225057521255,1.921812055672816
1926,1,50,4336,11,50,1,1,50,2,1,0.6666666666666666,0.0,0.6666666666666666,61.705907129973035,1.2069489608125925
1927,11,50,13012,11,50,1,1,-1,2,1,0.6666666666666666,0.0,0.6666666666666666,4.394449154672439,1.2069489608125827
1928,1,24,1928,11,24,1,1,24,2,1,0.5714285714285714,0.0,0.5,29.977484827632647,1.9218120556728062
1929,3,55,10996,11,55,1,1,-1,2,1,0.6666666666666666,0.0,0.6666666666666666,13.471029536469096,1.2069489608125807
1930,1,24,2896,11,24,2,1,24,3,2,0.5714285714285714,0.6931471805579453,0.6,30.265166900084427,2.413897921625169
1931,8,143,9232,11,143,1,1,143,2,1,0.6190476190476191,0.0,0.5,173.370358367016,1.9218120556727372
1932,1,24,2176,11,24,1,1,24,2,1,0.6666666666666666,0.0,0.6666666666666666,29.977484827632647,1.2069489608125845
1933,3,24,5800,11,24,1,1,24,2,1,0.6666666666666666,0.0,0.6666666666666666,29.977484827632647,1.2069489608125845
1934,1,143,9232,11,143,1,1,143,2,1,0.6190476190476191,0.0,0.5,174.23340458437133,1.921812055672816
1935,11,143,19600,11,143,1,1,-1,2,1,0.6666666666666666,0.0,0.6666666666666666,4.394449154672439,1.2069489608125827
1936,1,99,9232,11,99,2,1,99,3,2,0.5714285714285714,0.6931471805579453,0.6,121.29155072374601,2.4138979216251535
1937,3,50,5812,11,50,1,1,50,2,1,0.6190476190476191,0.0,0.5,61.418225057521255,1.921812055672816
1938,1,50,4912,11,50,1,1,50,2,1,0.6666666666666666,0.0,0.6666666666666666,61.70590712997304,1.2069489608125767
1939,6,50,8728,11,50,1,1,50,2,1,0.6666666666666666,0.0,0.6666666666666666,61.418225057521255,1.2069489608125925
1940,1,99,9232,11,99,1,1,99,2,1,0.5714285714285714,0.0,0.5,121.29155072374601,1.921812055672816
1941,3,99,9232,11,99,1,1,99,2,1,0.6666666666666666,0.0,0.6666666666666666,121.00386865129424,1.2069489608125767
1942,1,37,4372,11,37,2,1,37,3,2,0.5714285714285714,0.6931471805579453,0.6,46.27321908748052,2.4138979216251535
1943,8,37,13120,11,37,1,1,-1,2,1,0.6190476190476191,0.0,0.5,4.394449154672439,1.9218120556728062
1944,1,99,9232,11,99,1,1,99,2,1,0.6666666666666666,0.0,0.6666666666666666,121.00386865129424,1.2069489608125767
1945,3,37,6568,11,37,1,1,37,2,1,0.6666666666666666,0.0,0.6666666666666666,45.69785494257697,1.2069489608125612
1946,1,99,9232,11,99,1,1,99,2,1,0.6190476190476191,0.0,0.5,121.29155072374601,1.921812055672816
1947,16,81,22192,11,81,1,1,-1,2,1,0.6666666666666666,0.0,0.6666666666666666,9.887510598012987,1.2069489608125807
1948,1,143,9232,11,143,2,1,143,3,2,0.5714285714285714,0.6931471805579453,0.6,175.0964508017267,2.4138979216250287
1949,3,143,9232,11,143,1,1,143,2,1,0.6190476190476191,0.0,0.5,174.8087687292749,1.9218120556727372
1950,1,143,9880,11,143,1,1,143,2,1,0.6666666666666666,0.0,0.6666666666666666,174.5210866568231,1.2069489608126394
1951,42,174,33352,11,174,1,1,-1,2,1,0.6666666666666666,0.0,0.6666666666666666,4.394449154672439,1.2069489608125827
1952,1,24,1952,11,24,1,1,24,2,1,0.5714285714285714,0.0,0.5,30.265166900084427,1.9218120556728062
1953,3,37,5860,11,37,1,1,37,2,1,0.6666666666666666,0.0,0.6666666666666666,45.69785494257696,1.2069489608125767
1954,1,99,9232,11,99,2,1,99,3,2,0.5714285714285714,0.6931471805579453,0.6,121.5792327961978,2.4138979216251535
1955,6,99,9232,11,99,1,1,99,2,1,0.6190476190476191,0.0,0.5,121.00386865129424,1.921812055672816
1956,1,50,4192,11,50,1,1,50,2,1,0.6666666666666666,0.0,0.6666666666666666,61.70590712997304,1.2069489608125612
1957,3,50,5872,11,50,1,1,50,2,1,0.6666666666666666,0.0,0.6666666666666666,61.70590712997304,1.2069489608125612
1958,1,50,4408,11,50,1,1,50,2,1,0.6190476190476191,0.0,0.5,61.993589202424815,1.9218120556727962
1959,42,81,80512,11,81,1,1,-1,2,1,0.6666666666666666,0.0,0.6666666666666666,4.394449154672439,1.2069489608125827
1960,1,24,1960,11,24,2,1,24,3,2,0.5714285714285714,0.6931471805579453,0.6,30.552848972536207,2.413897921625169
1961,3,174,190996,11,174,1,1,-1,2,1,0.6190476190476191,0.0,0.5,10.175192670464769,1.9218120556728013
1962,1,24,2944,11,24,1,1,24,2,1,0.6666666666666666,0.0,0.6666666666666666,30.265166900084427,1.2069489608125845
1963,8,81,9448,11,81,1,1,81,2,1,0.6666666666666666,0.0,0.6666666666666666,98.35202673075047,1.2069489608125767
1964,1,143,9232,11,143,1,1,143,2,1,0.5714285714285714,0.0,0.5,174.23340458437133,1.921812055672816
1965,3,143,9232,11,143,1,1,143,2,1,0.6666666666666666,0.0,0.6666666666666666,173.94572251191954,1.2069489608126394
1966,1,143,9232,11,143,2,1,143,3,2,0.5714285714285714,0.6931471805579453,0.6,174.23340458437133,2.4138979216251535
1967,13,99,19924,11,99,1,1,-1,2,1,0.6190476190476191,0.0,0.5,4.394449154672439,1.9218120556728062
1968,1,50,1968,11,50,1,1,50,2,1,0.6666666666666666,0.0,0.6666666666666666,61.418225057521255,1.2069489608125767
1969,3,24,5908,11,24,1,1,24,2,1,0.6666666666666666,0.0,0.6666666666666666,29.689802755180864,1.2069489608125845
1970,1,24,3328,11,24,1,1,24,2,1,0.6190476190476191,0.0,0.5,29.977484827632647,1.9218120556728062
1971,6,24,8872,11,24,1,1,24,2,1,0.6666666666666666,0.0,0.6666666666666666,29.689802755180864,1.2069489608125925
1972,1,50,1972,11,50,2,1,50,3,2,0.5714285714285714,0.6931471805579453,0.6,61.99358920242482,2.4138979216251224
1973,3,50,5920,11,50,1,1,50,2,1,0.6190476190476191,0.0,0.5,61.70590712997304,1.9218120556727767
1974,1,37,7504,11,37,1,1,37,2,1,0.6666666666666666,0.0,0.6666666666666666,45.41017287012518,1.2069489608125767
1975,8,37,13336,11,37,1,1,-1,2,1,0.6666666666666666,0.0,0.6666666666666666,4.394449154672439,1.2069489608125827
1976,1,50,1976,11,50,1,1,50,2,1,0.5714285714285714,0.0,0.5,61.99358920242482,1.9218120556727767
1977,3,143,9232,11,143,1,1,143,2,1,0.6666666666666666,0.0,0.6666666666666666,173.94572251191954,1.2069489608125767
1978,1,50,2968,11,50,2,1,50,3,2,0.5714285714285714,0.6931471805579453,0.6,62.281271274876595,2.4138979216251535
1979,11,143,10024,11,143,1,1,-1,2,1,0.6190476190476191,0.0,0.5,7.690286020676769,1.9218120556728062
1980,1,99,14308,11,99,1,1,-1,2,1,0.6666666666666666,0.0,0.6666666666666666,25.320198640505545,1.2069489608125845
1981,3,99,14308,11,99,1,1,-1,2,1,0.6666666666666666,0.0,0.6666666666666666,25.320198640505545,1.2069489608125845
1982,1,99,15064,11,99,1,1,-1,2,1,0.6190476190476191,0.0,0.5,8.26565016558033,1.9218120556728013
1983,21,50,50848,11,50,1,1,-1,2,1,0.6666666666666666,0.0,0.6666666666666666,4.394449154672439,1.2069489608125827
1984,1,112,9232,11,112,2,1,112,3,2,0.5714285714285714,0.6931471805579453,0.6,137.2996029111421,2.4138979216251535
1985,3,50,5956,11,50,1,1,50,2,1,0.6190476190476191,0.0,0.5,61.705907129973035,1.921812055672816
1986,1,94,8080,11,94,1,1,94,2,1,0.6666666666666666,0.0,0.6666666666666666,113.78471477324302,1.2069489608125767
1987,6,94,8944,11,94,1,1,94,2,1,0.6666666666666666,0.0,0.6666666666666666,113.49703270079124,1.2069489608125767
1988,1,24,1988,11,24,1,1,24,2,1,0.5714285714285714,0.0,0.5,30.265166900084427,1.9218120556728062
1989,3,24,5968,11,24,1,1,24,2,1,0.6666666666666666,0.0,0.6666666666666666,29.977484827632647,1.2069489608125767
1990,1,24,4480,11,24,2,1,24,3,2,0.5714285714285714,0.6931471805579453,0.6,30.552848972536207,2.413897921625169
1991,13,50,13444,11,50,1,1,-1,2,1,0.6190476190476191,0.0,0.5,4.394449154672439,1.9218120556728062
1992,1,50,1992,11,50,1,1,50,2,1,0.6666666666666666,0.0,0.6666666666666666,61.705907129973035,1.2069489608125767
1993,3,50,10096,11,50,1,1,-1,2,1,0.6666666666666666,0.0,0.6666666666666666,7.97796809312855,1.2069489608125827
1994,1,50,2992,11,50,1,1,50,2,1,0.6190476190476191,0.0,0.5,61.99358920242482,1.9218120556727767
1995,8,50,8980,11,50,1,1,50,2,1,0.6666666666666666,0.0,0.6666666666666666,61.130542985069475,1.2069489608125767
1996,1,50,2248,11,50,2,1,50,3,2,0.5714285714285714,0.6931471805579453,0.6,62.281271274876595,2.4138979216251535
1997,3,50,5992,11,50,1,1,50,2,1,0.6190476190476191,0.0,0.5,61.99358920242482,1.9218120556727767
1998,1,50,11392,11,50,1,1,-1,2,1,0.6666666666666666,0.0,0.6666666666666666,13.758711608920876,1.2069489608125807
1999,16,50,20248,11,50,1,1,-1,2,1,0.6666666666666666,0.0,0.6666666666666666,4.394449154672439,1.2069489608125827
2000,1,112,9232,11,112,1,1,112,2,1,0.5714285714285714,0.0,0.5,137.2996029111421,1.921812055672816
2001,3,50,6004,11,50,1,1,50,2,1,0.6666666666666666,0.0,0.6666666666666666,61.99358920242482,1.2069489608125612
2002,1,143,21688,11,143,2,1,-1,3,2,0.5714285714285714,0.6931471805579453,0.6,19.82713719716499,2.413897921625169
2003,6,143,21688,11,143,1,1,-1,2,1,0.6190476190476191,0.0,0.5,19.251773052261427,1.921812055672816
2004,1,112,9232,11,112,1,1,112,2,1,0.6666666666666666,0.0,0.6666666666666666,137.01192083869034,1.2069489608125143
2005,3,112,9232,11,112,1,1,112,2,1,0.6666666666666666,0.0,0.6666666666666666,137.01192083869034,1.2069489608125143
2006,1,42,8584,11,42,1,1,42,2,1,0.6190476190476191,0.0,0.5,51.478598458369284,1.9218120556727767
2007,8,42,13552,11,42,1,1,-1,2,1,0.6666666666666666,0.0,0.6666666666666666,4.394449154672439,1.2069489608125827
2008,1,68,9232,11,68,2,1,68,3,2,0.5714285714285714,0.6931471805579453,0.6,83.49470283316148,2.4138979216251535
2009,3,24,6784,11,24,1,1,24,2,1,0.6190476190476191,0.0,0.5,29.689802755180867,1.9218120556727962
2010,1,68,9232,11,68,1,1,68,2,1,0.6666666666666666,0.0,0.6666666666666666,83.2070207607097,1.2069489608125767
2011,13,42,15280,11,42,1,1,-1,2,1,0.6666666666666666,0.0,0.6666666666666666,7.690286020676769,1.2069489608125807
2012,1,68,9232,11,68,1,1,68,2,1,0.5714285714285714,0.0,0.5,83.49470283316148,1.9218120556727767
2013,3,68,9232,11,68,1,1,68,2,1,0.6666666666666666,0.0,0.6666666666666666,83.2070207607097,1.2069489608125767
2014,1,94,39364,11,94,2,1,-1,3,2,0.5714285714285714,0.6931471805579453,0.6,8.55333223803211,2.4138979216251615
2015,21,94,39364,11,94,1,1,-1,2,1,0.6190476190476191,0.0,0.5,4.394449154672439,1.9218120556728062
2016,1,112,9232,11,112,1,1,112,2,1,0.6666666666666666,0.0,0.6666666666666666,136.72423876623856,1.2069489608125143
2017,3,68,14560,11,68,1,1,-1,2,1,0.6666666666666666,0.0,0.6666666666666666,13.758711608920876,1.2069489608125845
2018,1,112,9232,11,112,1,1,112,2,1,0.6190476190476191,0.0,0.5,137.01192083869034,1.9218120556727372
2019,6,112,9232,11,112,1,1,112,2,1,0.6666666666666666,0.0,0.6666666666666666,136.72423876623856,1.2069489608125767
2020,1,63,2752,11,63,2,1,63,3,2,0.5714285714285714,0.6931471805579453,0.6,77.42627724491736,2.413897921625216
2021,3,63,6064,11,63,1,1,63,2,1,0.6190476190476191,0.0,0.5,77.13859517246557,1.9218120556728555
2022,1,63,4552,11,63,1,1,63,2,1,0.6666666666666666,0.0,0.6666666666666666,77.42627724491736,1.206948960812608
2023,16,156,23056,11,156,1,1,-1,2,1,0.6666666666666666,0.0,0.6666666666666666,4.394449154672439,1.2069489608125827
2024,1,112,9232,11,112,1,1,112,2,1,0.5714285714285714,0.0,0.5,137.2996029111421,1.921812055672816
2025,3,156,25972,11,156,1,1,-1,2,1,0.6666666666666666,0.0,0.6666666666666666,7.97796809312855,1.2069489608125827
2026,1,112,9232,11,112,2,1,112,3,2,0.5714285714285714,0.6931471805579453,0.6,137.5872849835939,2.4138979216251535
2027,8,156,17332,11,156,1,1,-1,2,1,0.6190476190476191,0.0,0.5,13.183347464017315,1.9218120556728062
2028,1,37,2896,11,37,1,1,37,2,1,0.6666666666666666,0.0,0.6666666666666666,45.69785494257696,1.2069489608125767
2029,3,37,6088,11,37,1,1,37,2,1,0.6666666666666666,0.0,0.6666666666666666,45.69785494257696,1.2069489608125767
2030,1,37,6856,11,37,1,1,37,2,1,0.6190476190476191,0.0,0.5,45.69785494257696,1.9218120556727962
2031,19,63,34720,11,63,1,1,-1,2,1,0.6666666666666666,0.0,0.6666666666666666,4.394449154672439,1.2069489608125827
2032,1,50,4372,11,50,2,1,50,3,2,0.5714285714285714,0.6931471805579453,0.6,62.281271274876595,2.413897921625185
2033,3,112,9232,11,112,1,1,112,2,1,0.6190476190476191,0.0,0.5,137.01192083869034,1.9218120556727372
2034,1,156,9232,11,156,1,1,156,2,1,0.6666666666666666,0.0,0.6666666666666666,189.95377469931566,1.2069489608125767
2035,6,156,9232,11,156,1,1,156,2,1,0.6666666666666666,0.0,0.6666666666666666,189.6660926268639,1.2069489608125143
2036,1,50,4372,11,50,1,1,50,2,1,0.5714285714285714,0.0,0.5,62.281271274876595,1.9218120556727962
2037,3,50,6112,11,50,1,1,50,2,1,0.6666666666666666,0.0,0.6666666666666666,61.99358920242482,1.2069489608125767
2038,1,63,5812,11,63,2,1,63,3,2,0.5714285714285714,0.6931471805579453,0.6,77.13859517246557,2.4138979216251535
2039,8,63,13768,11,63,1,1,-1,2,1,0.6190476190476191,0.0,0.5,4.394449154672439,1.9218120556728062
2040,1,50,13120,11,50,1,1,-1,2,1,0.6666666666666666,0.0,0.6666666666666666,20.114819269616774,1.2069489608125767
2041,3,63,8728,11,63,1,1,63,2,1,0.6666666666666666,0.0,0.6666666666666666,75.98786688265845,1.2069489608125767
2042,1,50,13120,11,50,1,1,-1,2,1,0.6190476190476191,0.0,0.5,20.402501342068554,1.9218120556728062
2043,29,156,44224,11,156,1,1,-1,2,1,0.6666666666666666,0.0,0.6666666666666666,7.690286020676769,1.2069489608125807
2044,1,63,39364,11,63,2,1,-1,3,2,0.5714285714285714,0.6931471805579453,0.6,14.334075753824438,2.4138979216251615
2045,3,63,39364,11,63,1,1,-1,2,1,0.6190476190476191,0.0,0.5,14.046393681372658,1.9218120556728013
2046,1,63,118096,11,63,1,1,-1,2,1,0.6666666666666666,0.0,0.6666666666666666,8.26565016558033,1.2069489608125807
2047,94,156,1276936,11,156,1,1,-1,2,1,0.6666666666666666,0.0,0.6666666666666666,4.394449154672439,1.2069489608125827
2048,1,11,2048,12,11,1,1,11,2,1,0.5714285714285714,0.0,0.5,14.25711471268831,1.9218120556728062
2049,3,156,9232,12,156,1,1,156,2,1,0.6666666666666666,0.0,0.6666666666666666,190.24145677176745,1.2069489608125767
2050,1,37,3076,12,37,2,1,37,3,2,0.5714285714285714,0.6931471805579453,0.6,45.98553701502874,2.4138979216251535
2051,6,37,9232,12,37,1,1,37,2,1,0.6190476190476191,0.0,0.5,45.41017287012518,1.9218120556727962
2052,1,37,2052,12,37,1,1,37,2,1,0.6666666666666666,0.0,0.6666666666666666,45.69785494257696,1.2069489608125767
2053,3,37,6160,12,37,1,1,37,2,1,0.6666666666666666,0.0,0.6666666666666666,45.69785494257696,1.2069489608125767
2054,1,37,4624,12,37,1,1,37,2,1,0.6190476190476191,0.0,0.5,45.98553701502874,1.9218120556727962
2055,11,37,13876,12,37,1,1,-1,2,1,0.6666666666666666,0.0,0.6666666666666666,4.394449154672439,1.2069489608125827
2056,1,125,9232,12,125,2,1,125,3,2,0.5714285714285714,0.6931471805579453,0.6,153.01997302608643,2.4138979216251535
2057,3,112,10420,12,112,1,1,-1,2,1,0.6190476190476191,0.0,0.5,7.97796809312855,1.9218120556728038
2058,1,125,9232,12,125,1,1,125,2,1,0.6666666666666666,0.0,0.6666666666666666,152.73229095363467,1.2069489608125143
2059,8,37,9268,12,37,1,1,37,2,1,0.6666666666666666,0.0,0.6666666666666666,45.41017287012518,1.2069489608125767
2060,1,125,9232,12,125,1,1,125,2,1,0.5714285714285714,0.0,0.5,153.01997302608643,1.921812055672816
2061,3,125,9232,12,125,1,1,125,2,1,0.6666666666666666,0.0,0.6666666666666666,152.73229095363467,1.2069489608125143
2062,1,37,6964,12,37,2,1,37,3,2,0.5714285714285714,0.6931471805579453,0.6,45.98553701502874,2.4138979216251535
2063,11,37,20896,12,37,1,1,-1,2,1,0.6190476190476191,0.0,0.5,4.394449154672439,1.9218120556728062
2064,1,125,9232,12,125,1,1,125,2,1,0.6666666666666666,0.0,0.6666666666666666,152.4446088811829,1.2069489608125143
2065,3,125,9232,12,125,1,1,125,2,1,0.6666666666666666,0.0,0.6666666666666666,152.73229095363467,1.2069489608125143
2066,1,156,9232,12,156,1,1,156,2,1,0.6190476190476191,0.0,0.5,189.66609262686387,1.921812055672816
2067,6,156,9304,12,156,1,1,156,2,1,0.6666666666666666,0.0,0.6666666666666666,189.37841055441208,1.2069489608126394
2068,1,125,9232,12,125,2,1,125,3,2,0.5714285714285714,0.6931471805579453,0.6,153.01997302608643,2.4138979216251535
2069,3,125,9232,12,125,1,1,125,2,1,0.6190476190476191,0.0,0.5,152.73229095363467,1.9218120556727372
2070,1,125,9232,12,125,1,1,125,2,1,0.6666666666666666,0.0,0.6666666666666666,153.01997302608646,1.2069489608125143
2071,8,125,13984,12,125,1,1,-1,2,1,0.6666666666666666,0.0,0.6666666666666666,4.394449154672439,1.2069489608125827
2072,1,125,9232,12,125,1,1,125,2,1,0.5714285714285714,0.0,0.5,153.01997302608643,1.921812055672816
2073,3,37,7000,12,37,1,1,37,2,1,0.6666666666666666,0.0,0.6666666666666666,45.41017287012519,1.2069489608125612
2074,1,125,9232,12,125,2,1,125,3,2,0.5714285714285714,0.6931471805579453,0.6,153.30765509853822,2.4138979216251535
2075,21,94,95956,12,94,1,1,-1,2,1,0.6190476190476191,0.0,0.5,7.690286020676769,1.9218120556728062
2076,1,63,3508,12,63,1,1,63,2,1,0.6666666666666666,0.0,0.6666666666666666,77.71395931736915,1.2069489608125767
2077,3,63,6232,12,63,1,1,63,2,1,0.6666666666666666,0.0,0.6666666666666666,77.71395931736915,1.2069489608125767
2078,1,63,10528,12,63,1,1,-1,2,1,0.6190476190476191,0.0,0.5,8.26565016558033,1.9218120556728013
2079,21,50,31588,12,50,1,1,-1,2,1,0.6666666666666666,0.0,0.6666666666666666,4.394449154672439,1.2069489608125827
2080,1,32,2080,12,32,2,1,32,3,2,0.5714285714285714,0.6931471805579453,0.6,39.91711142678465,2.4138979216251224
2081,3,63,6244,12,63,1,1,63,2,1,0.6190476190476191,0.0,0.5,77.42627724491736,1.921812055672816
2082,1,125,9232,12,125,1,1,125,2,1,0.6666666666666666,0.0,0.6666666666666666,153.01997302608646,1.2069489608125143
2083,6,125,9376,12,125,1,1,125,2,1,0.6666666666666666,0.0,0.6666666666666666,152.73229095363467,1.2069489608125767
2084,1,125,9232,12,125,1,1,125,2,1,0.5714285714285714,0.0,0.5,153.01997302608643,1.921812055672816
2085,3,125,9232,12,125,1,1,125,2,1,0.6666666666666666,0.0,0.6666666666666666,152.73229095363467,1.2069489608125143
2086,1,125,9232,12,125,2,1,125,3,2,0.5714285714285714,0.6931471805579453,0.6,153.30765509853822,2.4138979216251535
2087,13,112,15856,12,112,1,1,-1,2,1,0.6190476190476191,0.0,0.5,4.394449154672439,1.9218120556728062
2088,1,32,2088,12,32,1,1,32,2,1,0.6666666666666666,0.0,0.6666666666666666,39.341747281881084,1.2069489608125767
2089,3,63,23812,12,63,1,1,-1,2,1,0.6666666666666666,0.0,0.6666666666666666,7.97796809312855,1.2069489608125827
2090,1,32,3136,12,32,1,1,32,2,1,0.6190476190476191,0.0,0.5,39.62942935433286,1.9218120556727962
2091,8,37,9412,12,37,1,1,37,2,1,0.6666666666666666,0.0,0.6666666666666666,44.83480872522162,1.2069489608125767
2092,1,125,9232,12,125,2,1,125,3,2,0.5714285714285714,0.6931471805579453,0.6,153.30765509853822,2.4138979216251535
2093,3,125,9232,12,125,1,1,125,2,1,0.6190476190476191,0.0,0.5,153.01997302608646,1.9218120556727372
2094,1,125,9232,12,125,1,1,125,2,1,0.6666666666666666,0.0,0.6666666666666666,153.01997302608646,1.2069489608125143
2095,21,107,21220,12,107,1,1,-1,2,1,0.6666666666666666,0.0,0.6666666666666666,4.394449154672439,1.2069489608125827
2096,1,32,2096,12,32,1,1,32,2,1,0.5714285714285714,0.0,0.5,39.91711142678465,1.9218120556727767
2097,3,63,6292,12,63,1,1,63,2,1,0.6666666666666666,0.0,0.6666666666666666,77.71395931736913,1.206948960812608
2098,1,63,3544,12,63,2,1,63,3,2,0.5714285714285714,0.6931471805579453,0.6,78.2893234622727,2.4138979216251535
2099,6,63,9448,12,63,1,1,63,2,1,0.6190476190476191,0.0,0.5,77.71395931736913,1.9218120556728555
2100,1,32,2100,12,32,1,1,32,2,1,0.6666666666666666,0.0,0.6666666666666666,39.62942935433287,1.2069489608125612
2101,3,32,6304,12,32,1,1,32,2,1,0.6666666666666666,0.0,0.6666666666666666,39.62942935433287,1.2069489608125612
2102,1,94,45520,12,94,1,1,-1,2,1,0.6190476190476191,0.0,0.5,14.046393681372658,1.9218120556728013
2103,8,94,45520,12,94,1,1,-1,2,1,0.6666666666666666,0.0,0.6666666666666666,4.394449154672439,1.2069489608125827
2104,1,81,9232,12,81,2,1,81,3,2,0.5714285714285714,0.6931471805579453,0.6,99.50275502055759,2.4138979216251535
2105,3,125,9232,12,125,1,1,125,2,1,0.6190476190476191,0.0,0.5,152.1569268087311,1.9218120556727372
2106,1,81,9232,12,81,1,1,81,2,1,0.6666666666666666,0.0,0.6666666666666666,99.2150729481058,1.206948960812608
2107,11,156,21688,12,156,1,1,-1,2,1,0.6666666666666666,0.0,0.6666666666666666,7.690286020676769,1.2069489608125807
2108,1,81,9232,12,81,1,1,81,2,1,0.5714285714285714,0.0,0.5,99.2150729481058,1.921812055672816
2109,3,81,9232,12,81,1,1,81,2,1,0.6666666666666666,0.0,0.6666666666666666,98.92739087565403,1.2069489608125767
2110,1,169,250504,12,169,2,1,-1,3,2,0.5714285714285714,0.6931471805579453,0.6,8.55333223803211,2.4138979216251615
2111,130,169,250504,12,169,1,1,-1,2,1,0.6190476190476191,0.0,0.5,4.394449154672439,1.9218120556728062
2112,1,32,2112,12,32,1,1,32,2,1,0.6666666666666666,0.0,0.6666666666666666,39.054065209429304,1.2069489608125767
2113,3,81,9232,12,81,1,1,81,2,1,0.6666666666666666,0.0,0.6666666666666666,98.92739087565403,1.2069489608125767
2114,1,81,9232,12,81,1,1,81,2,1,0.6190476190476191,0.0,0.5,99.21507294810581,1.9218120556727767
2115,6,81,9520,12,81,1,1,81,2,1,0.6666666666666666,0.0,0.6666666666666666,98.92739087565403,1.2069489608125767
2116,1,32,2116,12,32,2,1,32,3,2,0.5714285714285714,0.6931471805579453,0.6,39.91711142678465,2.4138979216251535
2117,3,32,6352,12,32,1,1,32,2,1,0.6190476190476191,0.0,0.5,39.62942935433287,1.9218120556727962
2118,1,32,4768,12,32,1,1,32,2,1,0.6666666666666666,0.0,0.6666666666666666,39.91711142678465,1.2069489608125767
2119,24,81,14308,12,81,1,1,-1,2,1,0.6666666666666666,0.0,0.6666666666666666,4.394449154672439,1.2069489608125827
2120,1,125,9232,12,125,1,1,125,2,1,0.5714285714285714,0.0,0.5,153.01997302608646,1.9218120556727372
2121,3,107,39364,12,107,1,1,-1,2,1,0.6666666666666666,0.0,0.6666666666666666,7.97796809312855,1.2069489608125827
2122,1,125,9232,12,125,2,1,125,3,2,0.5714285714285714,0.6931471805579453,0.6,153.30765509853822,2.4138979216251535
2123,8,32,9556,12,32,1,1,32,2,1,0.6190476190476191,0.0,0.5,39.054065209429304,1.9218120556727962
2124,1,125,9232,12,125,1,1,125,2,1,0.6666666666666666,0.0,0.6666666666666666,153.01997302608646,1.2069489608125143
2125,3,125,9232,12,125,1,1,125,2,1,0.6666666666666666,0.0,0.6666666666666666,153.01997302608646,1.2069489608125143
2126,1,76,8080,12,76,1,1,76,2,1,0.6190476190476191,0.0,0.5,92.28360114250634,1.921812055672816
2127,13,76,21544,12,76,1,1,-1,2,1,0.6666666666666666,0.0,0.6666666666666666,4.394449154672439,1.2069489608125827
2128,1,32,2128,12,32,2,1,32,3,2,0.5714285714285714,0.6931471805579453,0.6,39.91711142678464,2.4138979216251535
2129,3,125,9232,12,125,1,1,125,2,1,0.6190476190476191,0.0,0.5,153.01997302608646,1.9218120556727372
2130,1,76,12148,12,76,1,1,-1,2,1,0.6666666666666666,0.0,0.6666666666666666,14.046393681372658,1.2069489608125807
2131,6,76,12148,12,76,1,1,-1,2,1,0.6666666666666666,0.0,0.6666666666666666,13.758711608920876,1.2069489608125845
2132,1,32,2132,12,32,1,1,32,2,1,0.5714285714285714,0.0,0.5,39.91711142678464,1.9218120556727962
2133,3,32,6400,12,32,1,1,32,2,1,0.6666666666666666,0.0,0.6666666666666666,39.62942935433286,1.2069489608125767
2134,1,63,4804,12,63,2,1,63,3,2,0.5714285714285714,0.6931471805579453,0.6,78.00164138982092,2.4138979216251535
2135,8,63,14416,12,63,1,1,-1,2,1,0.6190476190476191,0.0,0.5,4.394449154672439,1.9218120556728062
2136,1,24,2136,12,24,1,1,24,2,1,0.6666666666666666,0.0,0.6666666666666666,29.689802755180864,1.2069489608125845
2137,3,63,7216,12,63,1,1,63,2,1,0.6666666666666666,0.0,0.6666666666666666,77.42627724491736,1.2069489608125767
2138,1,24,3208,12,24,1,1,24,2,1,0.6190476190476191,0.0,0.5,29.977484827632644,1.921812055672816
2139,32,76,61720,12,76,1,1,-1,2,1,0.6666666666666666,0.0,0.6666666666666666,7.690286020676769,1.2069489608125807
2140,1,24,3616,12,24,2,1,24,3,2,0.5714285714285714,0.6931471805579453,0.6,30.265166900084427,2.413897921625169
2141,3,24,6424,12,24,1,1,24,2,1,0.6190476190476191,0.0,0.5,29.977484827632647,1.9218120556728062
2142,1,169,10852,12,169,1,1,-1,2,1,0.6666666666666666,0.0,0.6666666666666666,8.26565016558033,1.2069489608125807
2143,13,169,32560,12,169,1,1,-1,2,1,0.6666666666666666,0.0,0.6666666666666666,4.394449154672439,1.2069489608125827
2144,1,32,2144,12,32,1,1,32,2,1,0.5714285714285714,0.0,0.5,39.91711142678464,1.9218120556727962
2145,3,76,8152,12,76,1,1,76,2,1,0.6666666666666666,0.0,0.6666666666666666,91.99591907005457,1.2069489608125767
2146,1,24,3220,12,24,2,1,24,3,2,0.5714285714285714,0.6931471805579453,0.6,30.265166900084427,2.4138979216251535
2147,6,24,9664,12,24,1,1,24,2,1,0.6190476190476191,0.0,0.5,29.689802755180864,1.9218120556728062
2148,1,24,2148,12,24,1,1,24,2,1,0.6666666666666666,0.0,0.6666666666666666,29.977484827632647,1.2069489608125767
2149,3,24,6448,12,24,1,1,24,2,1,0.6666666666666666,0.0,0.6666666666666666,29.977484827632647,1.2069489608125767
2150,1,24,4840,12,24,1,1,24,2,1,0.6190476190476191,0.0,0.5,30.265166900084427,1.9218120556728062
2151,70,107,176740,12,107,1,1,-1,2,1,0.6666666666666666,0.0,0.6666666666666666,4.394449154672439,1.2069489608125827
2152,1,32,2152,12,32,2,1,32,3,2,0.5714285714285714,0.6931471805579453,0.6,40.20479349923642,2.4138979216251535
2153,3,76,39364,12,76,1,1,-1,2,1,0.6190476190476191,0.0,0.5,7.97796809312855,1.9218120556728038
2154,1,32,3232,12,32,1,1,32,2,1,0.6666666666666666,0.0,0.6666666666666666,39.91711142678464,1.2069489608125925
2155,8,169,1276936,12,169,1,1,-1,2,1,0.6666666666666666,0.0,0.6666666666666666,18.676408907357864,1.2069489608125845
2156,1,50,9232,12,50,1,1,50,2,1,0.5714285714285714,0.0,0.5,61.41822505752126,1.9218120556727962
2157,3,50,9232,12,50,1,1,50,2,1,0.6666666666666666,0.0,0.6666666666666666,61.13054298506948,1.2069489608125767
2158,1,50,9232,12,50,2,1,50,3,2,0.5714285714285714,0.6931471805579453,0.6,61.41822505752126,2.4138979216251224
2159,29,125,41524,12,125,1,1,-1,2,1,0.6190476190476191,0.0,0.5,4.394449154672439,1.9218120556728062
2160,1,45,2160,12,45,1,1,45,2,1,0.6666666666666666,0.0,0.6666666666666666,55.06211739682538,1.2069489608125767
2161,3,32,6484,12,32,1,1,32,2,1,0.6666666666666666,0.0,0.6666666666666666,39.62942935433286,1.2069489608125767
2162,1,138,9232,12,138,1,1,138,2,1,0.6190476190476191,0.0,0.5,168.452661068579,1.921812055672816
2163,6,138,9736,12,138,1,1,138,2,1,0.6666666666666666,0.0,0.6666666666666666,168.16497899612722,1.2069489608125767
2164,1,45,2164,12,45,2,1,45,3,2,0.5714285714285714,0.6931471805579453,0.6,55.637481541728945,2.4138979216251224
2165,3,45,6496,12,45,1,1,45,2,1,0.6190476190476191,0.0,0.5,55.349799469277166,1.9218120556727767
2166,1,138,9232,12,138,1,1,138,2,1,0.6666666666666666,0.0,0.6666666666666666,168.452661068579,1.2069489608125767
2167,8,138,14632,12,138,1,1,-1,2,1,0.6666666666666666,0.0,0.6666666666666666,4.394449154672439,1.2069489608125827
2168,1,45,2752,12,45,1,1,45,2,1,0.5714285714285714,0.0,0.5,55.637481541728945,1.9218120556727962
2169,3,76,13912,12,76,1,1,-1,2,1,0.6666666666666666,0.0,0.6666666666666666,13.471029536469096,1.2069489608125807
2170,1,45,3256,12,45,2,1,45,3,2,0.5714285714285714,0.6931471805579453,0.6,55.92516361418072,2.413897921625185
2171,13,50,10996,12,50,1,1,-1,2,1,0.6190476190476191,0.0,0.5,7.690286020676769,1.9218120556728062
2172,1,138,9232,12,138,1,1,138,2,1,0.6666666666666666,0.0,0.6666666666666666,167.87729692367543,1.2069489608126394
2173,3,138,9232,12,138,1,1,138,2,1,0.6666666666666666,0.0,0.6666666666666666,167.87729692367543,1.2069489608126394
2174,1,138,24784,12,138,1,1,-1,2,1,0.6190476190476191,0.0,0.5,8.26565016558033,1.9218120556728013
2175,32,76,74356,12,76,1,1,-1,2,1,0.6666666666666666,0.0,0.6666666666666666,4.394449154672439,1.2069489608125827
2176,1,19,2176,12,19,2,1,19,3,2,0.5714285714285714,0.6931471805579453,0.6,24.196741311840313,2.413897921625169
2177,3,138,9232,12,138,1,1,138,2,1,0.6190476190476191,0.0,0.5,168.16497899612722,1.921812055672816
2178,1,45,3268,12,45,1,1,45,2,1,0.6666666666666666,0.0,0.6666666666666666,55.34979946927716,1.2069489608125767
2179,6,45,9808,12,45,1,1,45,2,1,0.6666666666666666,0.0,0.6666666666666666,55.06211739682538,1.2069489608125767
2180,1,45,2180,12,45,1,1,45,2,1,0.5714285714285714,0.0,0.5,55.63748154172894,1.921812055672816
2181,3,45,6544,12,45,1,1,45,2,1,0.6666666666666666,0.0,0.6666666666666666,55.34979946927716,1.2069489608125767
2182,1,45,4912,12,45,2,1,45,3,2,0.5714285714285714,0.6931471805579453,0.6,55.92516361418072,2.413897921625185
2183,11,138,14740,12,138,1,1,-1,2,1,0.6190476190476191,0.0,0.5,4.394449154672439,1.9218120556728062
2184,1,32,2184,12,32,1,1,32,2,1,0.6666666666666666,0.0,0.6666666666666666,39.62942935433286,1.2069489608125925
2185,3,107,95956,12,107,1,1,-1,2,1,0.6666666666666666,0.0,0.6666666666666666,7.97796809312855,1.2069489608125827
2186,1,32,3280,12,32,1,1,32,2,1,0.6190476190476191,0.0,0.5,39.91711142678465,1.9218120556727767
2187,8,76,10528,12,76,1,1,-1,2,1,0.6666666666666666,0.0,0.6666666666666666,23.410656135621103,1.2069489608125845
2188,1,32,2464,12,32,2,1,32,3,2,0.5714285714285714,0.6931471805579453,0.6,40.20479349923642,2.4138979216251535
2189,3,32,6568,12,32,1,1,32,2,1,0.6190476190476191,0.0,0.5,39.91711142678465,1.9218120556727767
2190,1,76,7396,12,76,1,1,76,2,1,0.6666666666666666,0.0,0.6666666666666666,92.57128321495814,1.2069489608125457
2191,11,76,22192,12,76,1,1,-1,2,1,0.6666666666666666,0.0,0.6666666666666666,4.394449154672439,1.2069489608125827
2192,1,94,9232,12,94,1,1,94,2,1,0.5714285714285714,0.0,0.5,115.22312513550192,1.9218120556727767
2193,3,138,9232,12,138,1,1,138,2,1,0.6666666666666666,0.0,0.6666666666666666,168.7403431410308,1.2069489608125767
2194,1,138,9232,12,138,2,1,138,3,2,0.5714285714285714,0.6931471805579453,0.6,169.02802521348255,2.4138979216252787
2195,6,138,9880,12,138,1,1,138,2,1,0.6190476190476191,0.0,0.5,168.452661068579,1.921812055672816
2196,1,94,9232,12,94,1,1,94,2,1,0.6666666666666666,0.0,0.6666666666666666,114.93544306305013,1.2069489608125767
2197,3,94,9232,12,94,1,1,94,2,1,0.6666666666666666,0.0,0.6666666666666666,114.93544306305013,1.2069489608125767
2198,1,32,4948,12,32,1,1,32,2,1,0.6190476190476191,0.0,0.5,39.91711142678465,1.9218120556727767
2199,8,32,14848,12,32,1,1,-1,2,1,0.6666666666666666,0.0,0.6666666666666666,4.394449154672439,1.2069489608125827
2200,1,94,9232,12,94,2,1,94,3,2,0.5714285714285714,0.6931471805579453,0.6,115.51080720795369,2.4138979216251535
2201,3,138,9232,12,138,1,1,138,2,1,0.6190476190476191,0.0,0.5,168.452661068579,1.921812055672816
2202,1,94,9232,12,94,1,1,94,2,1,0.6666666666666666,0.0,0.6666666666666666,115.22312513550192,1.2069489608125767
2203,19,50,25108,12,50,1,1,-1,2,1,0.6666666666666666,0.0,0.6666666666666666,7.690286020676769,1.2069489608125807
2204,1,45,4192,12,45,1,1,45,2,1,0.5714285714285714,0.0,0.5,55.92516361418072,1.9218120556727962
2205,3,45,6616,12,45,1,1,45,2,1,0.6666666666666666,0.0,0.6666666666666666,55.637481541728945,1.2069489608125612
2206,1,45,11176,12,45,2,1,-1,3,2,0.5714285714285714,0.6931471805579453,0.6,8.55333223803211,2.4138979216251615
2207,44,169,190996,12,169,1,1,-1,2,1,0.6190476190476191,0.0,0.5,4.394449154672439,1.9218120556728062
2208,1,19,2208,12,19,1,1,19,2,1,0.6666666666666666,0.0,0.6666666666666666,23.33369509448497,1.2069489608125845
2209,3,76,9448,12,76,1,1,76,2,1,0.6666666666666666,0.0,0.6666666666666666,92.85896528740992,1.2069489608125767
2210,1,94,9232,12,94,1,1,94,2,1,0.6190476190476191,0.0,0.5,115.22312513550192,1.9218120556727767
2211,6,94,9952,12,94,1,1,94,2,1,0.6666666666666666,0.0,0.6666666666666666,114.93544306305013,1.206948960812608
2212,1,138,9232,12,138,2,1,138,3,2,0.5714285714285714,0.6931471805579453,0.6,168.16497899612722,2.4138979216251535
2213,3,138,9232,12,138,1,1,138,2,1,0.6190476190476191,0.0,0.5,167.87729692367543,1.921812055672816
2214,1,138,9232,12,138,1,1,138,2,1,0.6666666666666666,0.0,0.6666666666666666,168.16497899612722,1.2069489608125767
2215,70,120,345544,12,120,1,1,-1,2,1,0.6666666666666666,0.0,0.6666666666666666,4.394449154672439,1.2069489608125827
2216,1,19,2216,12,19,1,1,19,2,1,0.5714285714285714,0.0,0.5,23.90905923938853,1.921812055672816
2217,3,76,95956,12,76,1,1,-1,2,1,0.6666666666666666,0.0,0.6666666666666666,7.97796809312855,1.2069489608125827
2218,1,19,3328,12,19,2,1,19,3,2,0.5714285714285714,0.6931471805579453,0.6,24.196741311840313,2.413897921625169
2219,8,94,9988,12,94,1,1,94,2,1,0.6190476190476191,0.0,0.5,113.78471477324301,1.9218120556727767
2220,1,32,2500,12,32,1,1,32,2,1,0.6666666666666666,0.0,0.6666666666666666,39.62942935433286,1.2069489608125767
2221,3,32,6664,12,32,1,1,32,2,1,0.6666666666666666,0.0,0.6666666666666666,39.62942935433286,1.2069489608125767
2222,1,32,7504,12,32,1,1,32,2,1,0.6190476190476191,0.0,0.5,39.341747281881084,1.9218120556727962
2223,13,182,250504,12,182,1,1,-1,2,1,0.6666666666666666,0.0,0.6666666666666666,2.1972245773362196,1.2069489608125816
2224,1,45,2224,12,45,2,1,45,3,2,0.5714285714285714,0.6931471805579453,0.6,55.925163614180725,2.4138979216251224
2225,3,138,9232,12,138,1,1,138,2,1,0.6190476190476191,0.0,0.5,168.16497899612722,1.921812055672816
2226,1,138,9232,12,138,1,1,138,2,1,0.6666666666666666,0.0,0.6666666666666666,168.7403431410308,1.2069489608125767
2227,6,138,10024,12,138,1,1,-1,2,1,0.6666666666666666,0.0,0.6666666666666666,2.1972245773362196,1.2069489608125816
2228,1,45,2228,12,45,1,1,45,2,1,0.5714285714285714,0.0,0.5,55.925163614180725,1.9218120556727767
2229,3,45,6688,12,45,1,1,45,2,1,0.6666666666666666,0.0,0.6666666666666666,55.637481541728945,1.2069489608125612
2230,1,94,14308,12,94,2,1,-1,3,2,0.5714285714285714,0.6931471805579453,0.6,19.53945512471321,2.413897921625169
2231,8,94,15064,12,94,1,1,-1,2,1,0.6190476190476191,0.0,0.5,2.1972245773362196,1.9218120556728049
2232,1,45,2232,12,45,1,1,45,2,1,0.6666666666666666,0.0,0.6666666666666666,55.637481541728945,1.2069489608125612
2233,3,138,9232,12,138,1,1,138,2,1,0.6666666666666666,0.0,0.6666666666666666,167.87729692367543,1.2069489608125767
2234,1,45,3352,12,45,1,1,45,2,1,0.6190476190476191,0.0,0.5,55.925163614180725,1.9218120556727767
2235,11,45,11320,12,45,1,1,-1,2,1,0.6666666666666666,0.0,0.6666666666666666,2.1972245773362196,1.2069489608125816
2236,1,89,8080,12,89,2,1,89,3,2,0.5714285714285714,0.6931471805579453,0.6,108.00397125745069,2.4138979216251535
2237,3,89,8080,12,89,1,1,89,2,1,0.6190476190476191,0.0,0.5,107.71628918499891,1.9218120556727767
2238,1,89,17008,12,89,1,1,-1,2,1,0.6666666666666666,0.0,0.6666666666666666,7.97796809312855,1.2069489608125827
2239,19,138,51028,12,138,1,1,-1,2,1,0.6666666666666666,0.0,0.6666666666666666,2.1972245773362196,1.2069489608125816
2240,1,19,2240,12,19,1,1,19,2,1,0.5714285714285714,0.0,0.5,24.196741311840313,1.9218120556728062
2241,3,45,6724,12,45,1,1,45,2,1,0.6666666666666666,0.0,0.6666666666666666,55.06211739682538,1.2069489608125925
2242,1,45,4264,12,45,2,1,45,3,2,0.5714285714285714,0.6931471805579453,0.6,55.925163614180725,2.4138979216251224
2243,6,45,10096,12,45,1,1,-1,2,1,0.6190476190476191,0.0,0.5,2.1972245773362196,1.9218120556728049
2244,1,45,2244,12,45,1,1,45,2,1,0.6666666666666666,0.0,0.6666666666666666,55.63748154172894,1.2069489608125767
2245,3,45,6736,12,45,1,1,45,2,1,0.6666666666666666,0.0,0.6666666666666666,55.63748154172894,1.2069489608125767
2246,1,45,5056,12,45,1,1,45,2,1,0.6190476190476191,0.0,0.5,55.63748154172894,1.921812055672816
2247,13,76,15172,12,76,1,1,-1,2,1,0.6666666666666666,0.0,0.6666666666666666,2.1972245773362196,1.2069489608125816
2248,1,45,2248,12,45,2,1,45,3,2,0.5714285714285714,0.6931471805579453,0.6,56.2128456866325,2.4138979216251535
2249,3,45,11392,12,45,1,1,-1,2,1,0.6190476190476191,0.0,0.5,7.690286020676769,1.9218120556728062
2250,1,45,3376,12,45,1,1,45,2,1,0.6666666666666666,0.0,0.6666666666666666,55.925163614180725,1.2069489608125767
2251,8,37,10132,12,37,1,1,-1,2,1,0.6666666666666666,0.0,0.6666666666666666,2.1972245773362196,1.2069489608125816
2252,1,45,2536,12,45,1,1,45,2,1,0.5714285714285714,0.0,0.5,56.2128456866325,1.9218120556727962
2253,3,45,6760,12,45,1,1,45,2,1,0.6666666666666666,0.0,0.6666666666666666,55.925163614180725,1.2069489608125767
2254,1,138,21688,12,138,2,1,-1,3,2,0.5714285714285714,0.6931471805579453,0.6,13.758711608920876,2.4138979216251615
2255,32,138,22840,12,138,1,1,-1,2,1,0.6190476190476191,0.0,0.5,2.1972245773362196,1.9218120556728049
2256,1,19,2256,12,19,1,1,19,2,1,0.6666666666666666,0.0,0.6666666666666666,23.62137716693675,1.2069489608125925
2257,3,37,6772,12,37,1,1,37,2,1,0.6666666666666666,0.0,0.6666666666666666,45.41017287012518,1.2069489608125767
2258,1,37,8584,12,37,1,1,37,2,1,0.6190476190476191,0.0,0.5,45.41017287012518,1.9218120556727962
2259,6,37,10168,12,37,1,1,-1,2,1,0.6666666666666666,0.0,0.6666666666666666,2.1972245773362196,1.2069489608125816
2260,1,19,2260,12,19,2,1,19,3,2,0.5714285714285714,0.6931471805579453,0.6,24.196741311840313,2.413897921625169
2261,3,19,6784,12,19,1,1,19,2,1,0.6190476190476191,0.0,0.5,23.909059239388533,1.9218120556728062
2262,1,37,5092,12,37,1,1,37,2,1,0.6666666666666666,0.0,0.6666666666666666,45.69785494257696,1.2069489608125767
2263,8,37,15280,12,37,1,1,-1,2,1,0.6666666666666666,0.0,0.6666666666666666,2.1972245773362196,1.2069489608125816
2264,1,63,9232,12,63,1,1,63,2,1,0.5714285714285714,0.0,0.5,77.13859517246557,1.9218120556728555
2265,3,63,9232,12,63,1,1,63,2,1,0.6666666666666666,0.0,0.6666666666666666,76.56323102756201,1.206948960812608
2266,1,63,9232,12,63,2,1,63,3,2,0.5714285714285714,0.6931471805579453,0.6,77.42627724491736,2.413897921625216
2267,13,89,39364,12,89,1,1,-1,2,1,0.6190476190476191,0.0,0.5,2.1972245773362196,1.9218120556728049
2268,1,63,9232,12,63,1,1,63,2,1,0.6666666666666666,0.0,0.6666666666666666,77.13859517246559,1.2069489608125767
2269,3,63,9232,12,63,1,1,63,2,1,0.6666666666666666,0.0,0.6666666666666666,77.13859517246559,1.2069489608125767
2270,1,63,14560,12,63,1,1,-1,2,1,0.6190476190476191,0.0,0.5,7.97796809312855,1.9218120556728038
2271,21,63,34504,12,63,1,1,-1,2,1,0.6666666666666666,0.0,0.6666666666666666,2.1972245773362196,1.2069489608125816
2272,1,107,9232,12,107,2,1,107,3,2,0.5714285714285714,0.6931471805579453,0.6,131.231177322898,2.4138979216251535
2273,3,138,65608,12,138,1,1,-1,2,1,0.6190476190476191,0.0,0.5,13.471029536469096,1.9218120556728062
2274,1,19,3412,12,19,1,1,19,2,1,0.6666666666666666,0.0,0.6666666666666666,23.909059239388533,1.2069489608125845
2275,6,19,10240,12,19,1,1,-1,2,1,0.6666666666666666,0.0,0.6666666666666666,2.1972245773362196,1.2069489608125816
2276,1,58,2752,12,58,1,1,58,2,1,0.5714285714285714,0.0,0.5,71.35785165667325,1.921812055672816
2277,3,58,6832,12,58,1,1,58,2,1,0.6666666666666666,0.0,0.6666666666666666,71.07016958422146,1.2069489608125767
2278,1,58,5128,12,58,2,1,58,3,2,0.5714285714285714,0.6931471805579453,0.6,71.35785165667325,2.413897921625216
2279,24,151,25972,12,151,1,1,-1,2,1,0.6190476190476191,0.0,0.5,2.1972245773362196,1.9218120556728049
2280,1,107,9232,12,107,1,1,107,2,1,0.6666666666666666,0.0,0.6666666666666666,130.65581317799445,1.2069489608125767
2281,3,151,17332,12,151,1,1,-1,2,1,0.6666666666666666,0.0,0.6666666666666666,7.690286020676769,1.2069489608125807
2282,1,107,9232,12,107,1,1,107,2,1,0.6190476190476191,0.0,0.5,130.94349525044623,1.9218120556727372
2283,8,58,13012,12,58,1,1,-1,2,1,0.6666666666666666,0.0,0.6666666666666666,2.1972245773362196,1.2069489608125816
2284,1,32,2896,12,32,2,1,32,3,2,0.5714285714285714,0.6931471805579453,0.6,39.91711142678465,2.4138979216251224
2285,3,32,6856,12,32,1,1,32,2,1,0.6190476190476191,0.0,0.5,39.62942935433287,1.9218120556727767
2286,1,32,7720,12,32,1,1,32,2,1,0.6666666666666666,0.0,0.6666666666666666,39.34174728188109,1.2069489608125612
2287,81,120,250504,12,120,1,1,-1,2,1,0.6666666666666666,0.0,0.6666666666666666,2.1972245773362196,1.2069489608125816
2288,1,107,9232,12,107,1,1,107,2,1,0.5714285714285714,0.0,0.5,131.231177322898,1.921812055672816
2289,3,107,9232,12,107,1,1,107,2,1,0.6666666666666666,0.0,0.6666666666666666,130.36813110554266,1.2069489608125767
2290,1,151,9232,12,151,2,1,151,3,2,0.5714285714285714,0.6931471805579453,0.6,184.17303118352334,2.4138979216251535
2291,6,151,10312,12,151,1,1,-1,2,1,0.6190476190476191,0.0,0.5,2.1972245773362196,1.9218120556728049
2292,1,107,9232,12,107,1,1,107,2,1,0.6666666666666666,0.0,0.6666666666666666,130.94349525044623,1.2069489608125767
2293,3,107,9232,12,107,1,1,107,2,1,0.6666666666666666,0.0,0.6666666666666666,130.94349525044623,1.2069489608125767
2294,1,58,5812,12,58,1,1,58,2,1,0.6190476190476191,0.0,0.5,70.78248751176969,1.9218120556727767
2295,8,58,15496,12,58,1,1,-1,2,1,0.6666666666666666,0.0,0.6666666666666666,2.1972245773362196,1.2069489608125816
2296,1,45,4372,12,45,2,1,45,3,2,0.5714285714285714,0.6931471805579453,0.6,56.2128456866325,2.4138979216251535
2297,3,58,8728,12,58,1,1,58,2,1,0.6190476190476191,0.0,0.5,70.20712336686613,1.9218120556727767
2298,1,45,4372,12,45,1,1,45,2,1,0.6666666666666666,0.0,0.6666666666666666,55.925163614180725,1.2069489608125767
2299,24,151,44224,12,151,1,1,-1,2,1,0.6666666666666666,0.0,0.6666666666666666,2.1972245773362196,1.2069489608125816
2300,1,45,13120,12,45,1,1,-1,2,1,0.5714285714285714,0.0,0.5,14.334075753824438,1.9218120556728062
2301,3,45,13120,12,45,1,1,-1,2,1,0.6666666666666666,0.0,0.6666666666666666,14.046393681372658,1.2069489608125807
2302,1,58,39364,12,58,2,1,-1,3,2,0.5714285714285714,0.6931471805579453,0.6,8.26565016558033,2.4138979216251615
2303,24,58,118096,12,58,1,1,-1,2,1,0.6190476190476191,0.0,0.5,2.1972245773362196,1.9218120556728049
2304,1,27,2304,12,27,1,1,27,2,1,0.6666666666666666,0.0,0.6666666666666666,32.69795754873341,1.2069489608125925
2305,3,107,9232,12,107,1,1,107,2,1,0.6666666666666666,0.0,0.6666666666666666,130.36813110554266,1.2069489608125767
2306,1,151,9232,12,151,1,1,151,2,1,0.6190476190476191,0.0,0.5,184.46071325597512,1.9218120556727372
2307,6,151,10384,12,151,1,1,-1,2,1,0.6666666666666666,0.0,0.6666666666666666,2.1972245773362196,1.2069489608125816
2308,1,32,2308,12,32,2,1,32,3,2,0.5714285714285714,0.6931471805579453,0.6,39.91711142678464,2.413897921625185
2309,3,32,6928,12,32,1,1,32,2,1,0.6190476190476191,0.0,0.5,39.62942935433286,1.921812055672816
2310,1,32,5200,12,32,1,1,32,2,1,0.6666666666666666,0.0,0.6666666666666666,39.62942935433286,1.2069489608125767
2311,11,151,15604,12,151,1,1,-1,2,1,0.6666666666666666,0.0,0.6666666666666666,2.1972245773362196,1.2069489608125816
2312,1,32,2312,12,32,1,1,32,2,1,0.5714285714285714,0.0,0.5,39.91711142678465,1.9218120556727767
2313,3,107,11716,12,107,1,1,-1,2,1,0.6666666666666666,0.0,0.6666666666666666,7.690286020676769,1.2069489608125807
2314,1,32,3472,12,32,2,1,32,3,2,0.5714285714285714,0.6931471805579453,0.6,40.20479349923642,2.4138979216251535
2315,8,107,10420,12,107,1,1,-1,2,1,0.6190476190476191,0.0,0.5,2.1972245773362196,1.9218120556728049
2316,1,32,2608,12,32,1,1,32,2,1,0.6666666666666666,0.0,0.6666666666666666,39.91711142678465,1.2069489608125612
2317,3,32,6952,12,32,1,1,32,2,1,0.6666666666666666,0.0,0.6666666666666666,39.91711142678465,1.2069489608125612
2318,1,58,7828,12,58,1,1,58,2,1,0.6190476190476191,0.0,0.5,70.78248751176969,1.9218120556727767
2319,11,58,23488,12,58,1,1,-1,2,1,0.6666666666666666,0.0,0.6666666666666666,2.1972245773362196,1.2069489608125816
2320,1,120,9232,12,120,2,1,120,3,2,0.5714285714285714,0.6931471805579453,0.6,146.95154743784235,2.4138979216250287
2321,3,32,6964,12,32,1,1,32,2,1,0.6190476190476191,0.0,0.5,39.62942935433287,1.9218120556727767
2322,1,182,190996,12,182,1,1,-1,2,1,0.6666666666666666,0.0,0.6666666666666666,19.82713719716499,1.2069489608125845
2323,6,182,190996,12,182,1,1,-1,2,1,0.6666666666666666,0.0,0.6666666666666666,2.1972245773362196,1.2069489608125816
2324,1,120,9232,12,120,1,1,120,2,1,0.5714285714285714,0.0,0.5,146.95154743784235,1.9218120556727372
2325,3,120,9232,12,120,1,1,120,2,1,0.6666666666666666,0.0,0.6666666666666666,146.66386536539056,1.2069489608125143
2326,1,151,9232,12,151,2,1,151,3,2,0.5714285714285714,0.6931471805579453,0.6,183.88534911107155,2.4138979216251535
2327,8,151,15712,12,151,1,1,-1,2,1,0.6190476190476191,0.0,0.5,2.1972245773362196,1.9218120556728049
2328,1,120,9232,12,120,1,1,120,2,1,0.6666666666666666,0.0,0.6666666666666666,146.66386536539056,1.2069489608125143
2329,3,151,9232,12,151,1,1,151,2,1,0.6666666666666666,0.0,0.6666666666666666,183.02230289371622,1.2069489608125767
2330,1,120,9232,12,120,1,1,120,2,1,0.6190476190476191,0.0,0.5,146.95154743784235,1.9218120556727372
2331,21,107,59776,12,107,1,1,-1,2,1,0.6666666666666666,0.0,0.6666666666666666,2.1972245773362196,1.2069489608125816
2332,1,32,3940,12,32,2,1,32,3,2,0.5714285714285714,0.6931471805579453,0.6,39.91711142678464,2.4138979216251535
2333,3,32,7000,12,32,1,1,32,2,1,0.6190476190476191,0.0,0.5,39.62942935433286,1.9218120556727962
2334,1,32,11824,12,32,1,1,-1,2,1,0.6666666666666666,0.0,0.6666666666666666,7.97796809312855,1.2069489608125827
2335,16,89,95956,12,89,1,1,-1,2,1,0.6666666666666666,0.0,0.6666666666666666,2.1972245773362196,1.2069489608125816
2336,1,120,9232,12,120,1,1,120,2,1,0.5714285714285714,0.0,0.5,146.95154743784232,1.921812055672816
2337,3,58,7012,12,58,1,1,58,2,1,0.6666666666666666,0.0,0.6666666666666666,70.78248751176969,1.2069489608125767
2338,1,58,3508,12,58,2,1,58,3,2,0.5714285714285714,0.6931471805579453,0.6,71.93321580157681,2.4138979216251535
2339,6,58,10528,12,58,1,1,-1,2,1,0.6190476190476191,0.0,0.5,2.1972245773362196,1.9218120556728049
2340,1,58,2968,12,58,1,1,58,2,1,0.6666666666666666,0.0,0.6666666666666666,71.64553372912503,1.2069489608125767
2341,3,58,7024,12,58,1,1,58,2,1,0.6666666666666666,0.0,0.6666666666666666,71.64553372912503,1.2069489608125767
2342,1,58,5272,12,58,1,1,58,2,1,0.6190476190476191,0.0,0.5,71.64553372912503,1.921812055672816
2343,13,151,17800,12,151,1,1,-1,2,1,0.6666666666666666,0.0,0.6666666666666666,2.1972245773362196,1.2069489608125816
2344,1,120,9232,12,120,2,1,120,3,2,0.5714285714285714,0.6931471805579453,0.6,147.2392295102941,2.4138979216251535
2345,3,151,26728,12,151,1,1,-1,2,1,0.6190476190476191,0.0,0.5,7.690286020676769,1.9218120556728062
2346,1,120,9232,12,120,1,1,120,2,1,0.6666666666666666,0.0,0.6666666666666666,146.95154743784232,1.2069489608125767
2347,8,107,14308,12,107,1,1,-1,2,1,0.6666666666666666,0.0,0.6666666666666666,2.1972245773362196,1.2069489608125816
2348,1,120,9232,12,120,1,1,120,2,1,0.5714285714285714,0.0,0.5,146.95154743784235,1.9218120556727372
2349,3,120,9232,12,120,1,1,120,2,1,0.6666666666666666,0.0,0.6666666666666666,146.66386536539056,1.2069489608125143
2350,1,120,9232,12,120,2,1,120,3,2,0.5714285714285714,0.6931471805579453,0.6,146.66386536539056,2.4138979216250287
2351,19,58,23812,12,58,1,1,-1,2,1,0.6190476190476191,0.0,0.5,2.1972245773362196,1.9218120556728049
2352,1,120,9232,12,120,1,1,120,2,1,0.6666666666666666,0.0,0.6666666666666666,146.66386536539056,1.2069489608125767
2353,3,32,7060,12,32,1,1,32,2,1,0.6666666666666666,0.0,0.6666666666666666,39.341747281881084,1.2069489608125767
2354,1,32,3976,12,32,1,1,32,2,1,0.6190476190476191,0.0,0.5,39.91711142678465,1.9218120556727767
2355,6,32,10600,12,32,1,1,-1,2,1,0.6666666666666666,0.0,0.6666666666666666,2.1972245773362196,1.2069489608125816
2356,1,120,9232,12,120,2,1,120,3,2,0.5714285714285714,0.6931471805579453,0.6,147.2392295102941,2.4138979216251535
2357,3,120,9232,12,120,1,1,120,2,1,0.6190476190476191,0.0,0.5,146.95154743784235,1.9218120556727372
2358,1,58,13444,12,58,1,1,-1,2,1,0.6666666666666666,0.0,0.6666666666666666,13.758711608920876,1.2069489608125845
2359,8,58,15928,12,58,1,1,-1,2,1,0.6666666666666666,0.0,0.6666666666666666,2.1972245773362196,1.2069489608125816
2360,1,58,2360,12,58,1,1,58,2,1,0.5714285714285714,0.0,0.5,71.93321580157681,1.921812055672816
2361,3,58,10096,12,58,1,1,-1,2,1,0.6666666666666666,0.0,0.6666666666666666,16.766866402473426,1.2069489608125845
2362,1,58,3544,12,58,2,1,58,3,2,0.5714285714285714,0.6931471805579453,0.6,72.2208978740286,2.4138979216251535
2363,11,58,11968,12,58,1,1,-1,2,1,0.6190476190476191,0.0,0.5,2.1972245773362196,1.9218120556728049
2364,1,58,5992,12,58,1,1,58,2,1,0.6666666666666666,0.0,0.6666666666666666,71.64553372912502,1.206948960812608
2365,3,58,7096,12,58,1,1,58,2,1,0.6666666666666666,0.0,0.6666666666666666,71.64553372912502,1.206948960812608
2366,1,89,45520,12,89,1,1,-1,2,1,0.6190476190476191,0.0,0.5,7.97796809312855,1.9218120556728038
2367,26,89,53944,12,89,1,1,-1,2,1,0.6666666666666666,0.0,0.6666666666666666,2.1972245773362196,1.2069489608125816
2368,1,27,2368,12,27,2,1,27,3,2,0.5714285714285714,0.6931471805579453,0.6,33.84868583854055,2.4138979216251535
2369,3,120,9232,12,120,1,1,120,2,1,0.6190476190476191,0.0,0.5,146.37618329293878,1.921812055672816
2370,1,151,21688,12,151,1,1,-1,2,1,0.6666666666666666,0.0,0.6666666666666666,29.191399651413438,1.2069489608125845
2371,6,151,21688,12,151,1,1,-1,2,1,0.6666666666666666,0.0,0.6666666666666666,2.1972245773362196,1.2069489608125816
2372,1,76,9232,12,76,1,1,76,2,1,0.5714285714285714,0.0,0.5,93.1466473598617,1.9218120556727767
2373,3,76,9232,12,76,1,1,76,2,1,0.6666666666666666,0.0,0.6666666666666666,92.85896528740992,1.2069489608125767
2374,1,76,9232,12,76,2,1,76,3,2,0.5714285714285714,0.6931471805579453,0.6,93.1466473598617,2.4138979216251535
2375,44,164,250504,12,164,1,1,-1,2,1,0.6190476190476191,0.0,0.5,2.1972245773362196,1.9218120556728049
2376,1,76,9232,12,76,1,1,76,2,1,0.6666666666666666,0.0,0.6666666666666666,92.85896528740992,1.206948960812608
2377,3,50,12040,12,50,1,1,-1,2,1,0.6666666666666666,0.0,0.6666666666666666,7.690286020676769,1.2069489608125807
2378,1,76,9232,12,76,1,1,76,2,1,0.6190476190476191,0.0,0.5,93.1466473598617,1.9218120556727767
2379,8,76,10708,12,76,1,1,-1,2,1,0.6666666666666666,0.0,0.6666666666666666,2.1972245773362196,1.2069489608125816
2380,1,76,9232,12,76,2,1,76,3,2,0.5714285714285714,0.6931471805579453,0.6,93.43432943231348,2.4138979216251535
2381,3,76,9232,12,76,1,1,76,2,1,0.6190476190476191,0.0,0.5,93.1466473598617,1.9218120556727767
2382,1,50,15280,12,50,1,1,-1,2,1,0.6666666666666666,0.0,0.6666666666666666,16.766866402473426,1.2069489608125845
2383,13,50,24136,12,50,1,1,-1,2,1,0.6666666666666666,0.0,0.6666666666666666,2.1972245773362196,1.2069489608125816
2384,1,27,2384,12,27,1,1,27,2,1,0.5714285714285714,0.0,0.5,33.84868583854055,1.9218120556727962
2385,3,102,39364,12,102,1,1,-1,2,1,0.6666666666666666,0.0,0.6666666666666666,17.629912619828772,1.2069489608125767
2386,1,102,39364,12,102,2,1,-1,3,2,0.5714285714285714,0.6931471805579453,0.6,14.334075753824438,2.4138979216251615
2387,6,102,39364,12,102,1,1,-1,2,1,0.6190476190476191,0.0,0.5,2.1972245773362196,1.9218120556728049
2388,1,27,2388,12,27,1,1,27,2,1,0.6666666666666666,0.0,0.6666666666666666,33.56100376608876,1.2069489608125925
2389,3,27,7168,12,27,1,1,27,2,1,0.6666666666666666,0.0,0.6666666666666666,33.56100376608876,1.2069489608125925
2390,1,120,9232,12,120,1,1,120,2,1,0.6190476190476191,0.0,0.5,146.37618329293878,1.9218120556727372
2391,8,120,16144,12,120,1,1,-1,2,1,0.6666666666666666,0.0,0.6666666666666666,2.1972245773362196,1.2069489608125816
2392,1,120,9232,12,120,2,1,120,3,2,0.5714285714285714,0.6931471805579453,0.6,147.2392295102941,2.4138979216251535
2393,3,71,8080,12,71,1,1,71,2,1,0.6190476190476191,0.0,0.5,86.21517555426223,1.9218120556728555
2394,1,120,9232,12,120,1,1,120,2,1,0.6666666666666666,0.0,0.6666666666666666,146.95154743784232,1.2069489608125767
2395,16,32,18196,12,32,1,1,-1,2,1,0.6666666666666666,0.0,0.6666666666666666,2.1972245773362196,1.2069489608125816
2396,1,120,9232,12,120,1,1,120,2,1,0.5714285714285714,0.0,0.5,147.2392295102941,1.921812055672816
2397,3,120,9232,12,120,1,1,120,2,1,0.6666666666666666,0.0,0.6666666666666666,146.95154743784235,1.2069489608125143
2398,1,71,12148,12,71,2,1,-1,3,2,0.5714285714285714,0.6931471805579453,0.6,8.26565016558033,2.4138979216251615
2399,13,71,36448,12,71,1,1,-1,2,1,0.6190476190476191,0.0,0.5,2.1972245773362196,1.9218120556728049
2400,1,19,2400,12,19,1,1,19,2,1,0.6666666666666666,0.0,0.6666666666666666,23.33369509448497,1.2069489608125845
2401,3,164,17332,12,164,1,1,-1,2,1,0.6666666666666666,0.0,0.6666666666666666,22.25992784581398,1.2069489608125845
2402,1,58,4372,12,58,1,1,58,2,1,0.6190476190476191,0.0,0.5,71.64553372912502,1.921812055672816
2403,6,58,10816,12,58,1,1,-1,2,1,0.6666666666666666,0.0,0.6666666666666666,2.1972245773362196,1.2069489608125816
2404,1,58,4372,12,58,2,1,58,3,2,0.5714285714285714,0.6931471805579453,0.6,71.93321580157681,2.413897921625216
2405,3,58,7216,12,58,1,1,58,2,1,0.6190476190476191,0.0,0.5,71.64553372912502,1.9218120556728555
2406,1,58,5416,12,58,1,1,58,2,1,0.6666666666666666,0.0,0.6666666666666666,71.64553372912502,1.206948960812608
2407,26,71,61720,12,71,1,1,-1,2,1,0.6666666666666666,0.0,0.6666666666666666,2.1972245773362196,1.2069489608125816
2408,1,19,2408,12,19,1,1,19,2,1,0.5714285714285714,0.0,0.5,23.90905923938853,1.921812055672816
2409,3,120,18304,12,120,1,1,-1,2,1,0.6666666666666666,0.0,0.6666666666666666,7.690286020676769,1.2069489608125807
2410,1,19,3616,12,19,2,1,19,3,2,0.5714285714285714,0.6931471805579453,0.6,24.196741311840313,2.413897921625169
2411,8,164,10852,12,164,1,1,-1,2,1,0.6190476190476191,0.0,0.5,2.1972245773362196,1.9218120556728049
2412,1,71,5812,12,71,1,1,71,2,1,0.6666666666666666,0.0,0.6666666666666666,86.50285762671402,1.206948960812608
2413,3,71,7240,12,71,1,1,71,2,1,0.6666666666666666,0.0,0.6666666666666666,86.50285762671402,1.206948960812608
2414,1,71,8152,12,71,1,1,71,2,1,0.6190476190476191,0.0,0.5,86.21517555426225,1.921812055672816
2415,16,120,27520,12,120,1,1,-1,2,1,0.6666666666666666,0.0,0.6666666666666666,2.1972245773362196,1.2069489608125816
2416,1,19,2416,12,19,2,1,19,3,2,0.5714285714285714,0.6931471805579453,0.6,24.196741311840313,2.413897921625169
2417,3,19,7252,12,19,1,1,19,2,1,0.6190476190476191,0.0,0.5,23.33369509448497,1.9218120556728062
2418,1,58,13120,12,58,1,1,-1,2,1,0.6666666666666666,0.0,0.6666666666666666,30.05444586876878,1.2069489608125767
2419,6,58,13120,12,58,1,1,-1,2,1,0.6666666666666666,0.0,0.6666666666666666,2.1972245773362196,1.2069489608125816
2420,1,19,2420,12,19,1,1,19,2,1,0.5714285714285714,0.0,0.5,24.196741311840313,1.9218120556728062
2421,3,19,7264,12,19,1,1,19,2,1,0.6666666666666666,0.0,0.6666666666666666,23.909059239388533,1.2069489608125845
2422,1,71,39364,12,71,2,1,-1,3,2,0.5714285714285714,0.6931471805579453,0.6,23.698338208072883,2.413897921625169
2423,8,71,39364,12,71,1,1,-1,2,1,0.6190476190476191,0.0,0.5,2.1972245773362196,1.9218120556728049
2424,1,45,3076,12,45,1,1,45,2,1,0.6666666666666666,0.0,0.6666666666666666,55.34979946927716,1.2069489608125767
2425,3,164,1276936,12,164,1,1,-1,2,1,0.6666666666666666,0.0,0.6666666666666666,13.183347464017315,1.2069489608125807
2426,1,45,3640,12,45,1,1,45,2,1,0.6190476190476191,0.0,0.5,55.63748154172894,1.921812055672816
2427,13,120,12292,12,120,1,1,-1,2,1,0.6666666666666666,0.0,0.6666666666666666,2.1972245773362196,1.2069489608125816
2428,1,45,9232,12,45,2,1,45,3,2,0.5714285714285714,0.6931471805579453,0.6,55.34979946927716,2.4138979216251535
2429,3,45,9232,12,45,1,1,45,2,1,0.6190476190476191,0.0,0.5,55.062117396825386,1.9218120556727767
2430,1,164,27700,12,164,1,1,-1,2,1,0.6666666666666666,0.0,0.6666666666666666,7.97796809312855,1.2069489608125827
2431,21,164,83104,12,164,1,1,-1,2,1,0.6666666666666666,0.0,0.6666666666666666,2.1972245773362196,1.2069489608125816
2432,1,27,2432,12,27,1,1,27,2,1,0.5714285714285714,0.0,0.5,33.84868583854055,1.9218120556727962
2433,3,45,7300,12,45,1,1,45,2,1,0.6666666666666666,0.0,0.6666666666666666,55.062117396825386,1.2069489608125767
2434,1,133,9232,12,133,2,1,133,3,2,0.5714285714285714,0.6931471805579453,0.6,162.67191755278668,2.4138979216250287
2435,6,133,10960,12,133,1,1,-1,2,1,0.6190476190476191,0.0,0.5,2.1972245773362196,1.9218120556728049
2436,1,133,9232,12,133,1,1,133,2,1,0.6666666666666666,0.0,0.6666666666666666,162.3842354803349,1.2069489608125143
2437,3,133,9232,12,133,1,1,133,2,1,0.6666666666666666,0.0,0.6666666666666666,162.3842354803349,1.2069489608125143
2438,1,133,9232,12,133,1,1,133,2,1,0.6190476190476191,0.0,0.5,162.3842354803349,1.9218120556727372
2439,11,133,16468,12,133,1,1,-1,2,1,0.6666666666666666,0.0,0.6666666666666666,2.1972245773362196,1.2069489608125816
2440,1,40,2440,12,40,2,1,40,3,2,0.5714285714285714,0.6931471805579453,0.6,49.56905595348485,2.4138979216251224
2441,3,71,13912,12,71,1,1,-1,2,1,0.6190476190476191,0.0,0.5,7.690286020676769,1.9218120556728062
2442,1,40,3664,12,40,1,1,40,2,1,0.6666666666666666,0.0,0.6666666666666666,49.28137388103307,1.2069489608125612
2443,8,45,10996,12,45,1,1,-1,2,1,0.6666666666666666,0.0,0.6666666666666666,2.1972245773362196,1.2069489608125816
2444,1,40,2752,12,40,1,1,40,2,1,0.5714285714285714,0.0,0.5,49.56905595348485,1.9218120556727962
2445,3,40,7336,12,40,1,1,40,2,1,0.6666666666666666,0.0,0.6666666666666666,49.28137388103307,1.2069489608125612
2446,1,133,9232,12,133,2,1,133,3,2,0.5714285714285714,0.6931471805579453,0.6,162.0965534078831,2.4138979216251535
2447,11,133,24784,12,133,1,1,-1,2,1,0.6190476190476191,0.0,0.5,2.1972245773362196,1.9218120556728049
2448,1,40,2448,12,40,1,1,40,2,1,0.6666666666666666,0.0,0.6666666666666666,48.99369180858129,1.2069489608125612
2449,3,133,9232,12,133,1,1,133,2,1,0.6666666666666666,0.0,0.6666666666666666,162.0965534078831,1.2069489608125767
2450,1,133,9232,12,133,1,1,133,2,1,0.6190476190476191,0.0,0.5,162.3842354803349,1.9218120556727372
2451,6,133,11032,12,133,1,1,-1,2,1,0.6666666666666666,0.0,0.6666666666666666,2.1972245773362196,1.2069489608125816
2452,1,40,2452,12,40,2,1,40,3,2,0.5714285714285714,0.6931471805579453,0.6,49.56905595348485,2.4138979216251224
2453,3,40,7360,12,40,1,1,40,2,1,0.6190476190476191,0.0,0.5,49.28137388103307,1.9218120556727767
2454,1,133,9232,12,133,1,1,133,2,1,0.6666666666666666,0.0,0.6666666666666666,162.3842354803349,1.2069489608125143
2455,8,133,16576,12,133,1,1,-1,2,1,0.6666666666666666,0.0,0.6666666666666666,2.1972245773362196,1.2069489608125816
2456,1,40,2456,12,40,1,1,40,2,1,0.5714285714285714,0.0,0.5,49.56905595348485,1.9218120556727962
2457,3,133,9232,12,133,1,1,133,2,1,0.6666666666666666,0.0,0.6666666666666666,162.0965534078831,1.2069489608125767
2458,1,40,3688,12,40,2,1,40,3,2,0.5714285714285714,0.6931471805579453,0.6,49.85673802593662,2.413897921625185
2459,29,102,95956,12,102,1,1,-1,2,1,0.6190476190476191,0.0,0.5,2.1972245773362196,1.9218120556728049
2460,1,71,10528,12,71,1,1,-1,2,1,0.6666666666666666,0.0,0.6666666666666666,17.917594692280552,1.2069489608125767
2461,3,71,10528,12,71,1,1,-1,2,1,0.6666666666666666,0.0,0.6666666666666666,17.917594692280552,1.2069489608125767
2462,1,71,12472,12,71,1,1,-1,2,1,0.6190476190476191,0.0,0.5,7.97796809312855,1.9218120556728038
2463,34,208,250504,12,208,1,1,-1,2,1,0.6666666666666666,0.0,0.6666666666666666,2.1972245773362196,1.2069489608125816
2464,1,27,2464,12,27,2,1,27,3,2,0.5714285714285714,0.6931471805579453,0.6,34.13636791099233,2.4138979216251535
2465,3,71,7396,12,71,1,1,71,2,1,0.6190476190476191,0.0,0.5,86.50285762671402,1.921812055672816
2466,1,133,9232,12,133,1,1,133,2,1,0.6666666666666666,0.0,0.6666666666666666,162.67191755278668,1.2069489608125143
2467,6,133,11104,12,133,1,1,-1,2,1,0.6666666666666666,0.0,0.6666666666666666,2.1972245773362196,1.2069489608125816
2468,1,133,9232,12,133,1,1,133,2,1,0.5714285714285714,0.0,0.5,162.95959962523844,1.921812055672816
2469,3,133,9232,12,133,1,1,133,2,1,0.6666666666666666,0.0,0.6666666666666666,162.67191755278668,1.2069489608125143
2470,1,133,9232,12,133,2,1,133,3,2,0.5714285714285714,0.6931471805579453,0.6,162.95959962523844,2.4138979216251535
2471,16,133,18772,12,133,1,1,-1,2,1,0.6190476190476191,0.0,0.5,2.1972245773362196,1.9218120556728049
2472,1,27,2472,12,27,1,1,27,2,1,0.6666666666666666,0.0,0.6666666666666666,33.56100376608876,1.2069489608125925
2473,3,120,42280,12,120,1,1,-1,2,1,0.6666666666666666,0.0,0.6666666666666666,7.690286020676769,1.2069489608125807
2474,1,27,3712,12,27,1,1,27,2,1,0.6190476190476191,0.0,0.5,33.84868583854055,1.9218120556727962
2475,8,71,23812,12,71,1,1,-1,2,1,0.6666666666666666,0.0,0.6666666666666666,2.1972245773362196,1.2069489608125816
2476,1,133,9232,12,133,2,1,133,3,2,0.5714285714285714,0.6931471805579453,0.6,162.95959962523844,2.4138979216251535
2477,3,133,9232,12,133,1,1,133,2,1,0.6190476190476191,0.0,0.5,162.67191755278668,1.9218120556727372
2478,1,133,9232,12,133,1,1,133,2,1,0.6666666666666666,0.0,0.6666666666666666,162.3842354803349,1.2069489608125143
2479,13,45,25108,12,45,1,1,-1,2,1,0.6666666666666666,0.0,0.6666666666666666,2.1972245773362196,1.2069489608125816
2480,1,89,9232,12,89,1,1,89,2,1,0.5714285714285714,0.0,0.5,109.15469954725779,1.921812055672816
2481,3,40,7444,12,40,1,1,40,2,1,0.6666666666666666,0.0,0.6666666666666666,48.99369180858128,1.2069489608125767
2482,1,40,4192,12,40,2,1,40,3,2,0.5714285714285714,0.6931471805579453,0.6,49.85673802593662,2.413897921625185
2483,6,40,11176,12,40,1,1,-1,2,1,0.6190476190476191,0.0,0.5,2.1972245773362196,1.9218120556728049
2484,1,89,9232,12,89,1,1,89,2,1,0.6666666666666666,0.0,0.6666666666666666,108.86701747480602,1.2069489608125767
2485,3,89,9232,12,89,1,1,89,2,1,0.6666666666666666,0.0,0.6666666666666666,108.86701747480602,1.2069489608125767
2486,1,71,9448,12,71,1,1,71,2,1,0.6190476190476191,0.0,0.5,87.07822177161758,1.921812055672816
2487,8,71,16792,12,71,1,1,-1,2,1,0.6666666666666666,0.0,0.6666666666666666,2.1972245773362196,1.2069489608125816
2488,1,89,9232,12,89,2,1,89,3,2,0.5714285714285714,0.6931471805579453,0.6,109.44238161970958,2.4138979216251535
2489,3,40,8404,12,40,1,1,40,2,1,0.6190476190476191,0.0,0.5,48.41832766367772,1.9218120556727962
2490,1,89,9232,12,89,1,1,89,2,1,0.6666666666666666,0.0,0.6666666666666666,109.15469954725779,1.206948960812608
2491,11,102,45520,12,102,1,1,-1,2,1,0.6666666666666666,0.0,0.6666666666666666,2.1972245773362196,1.2069489608125816
2492,1,133,9232,12,133,1,1,133,2,1,0.5714285714285714,0.0,0.5,162.0965534078831,1.9218120556727372
2493,3,133,9232,12,133,1,1,133,2,1,0.6666666666666666,0.0,0.6666666666666666,161.80887133543135,1.2069489608125767
2494,1,133,18952,12,133,2,1,-1,3,2,0.5714285714285714,0.6931471805579453,0.6,8.26565016558033,2.4138979216251615
2495,26,71,95956,12,71,1,1,-1,2,1,0.6190476190476191,0.0,0.5,2.1972245773362196,1.9218120556728049
2496,1,40,2496,12,40,1,1,40,2,1,0.6666666666666666,0.0,0.6666666666666666,48.99369180858128,1.2069489608125767
2497,3,89,9232,12,89,1,1,89,2,1,0.6666666666666666,0.0,0.6666666666666666,108.29165332990246,1.2069489608125767
2498,1,177,250504,12,177,1,1,-1,2,1,0.6190476190476191,0.0,0.5,17.917594692280552,1.9218120556727962
2499,6,177,250504,12,177,1,1,-1,2,1,0.6666666666666666,0.0,0.6666666666666666,2.1972245773362196,1.2069489608125816
2500,1,27,2500,12,27,2,1,27,3,2,0.5714285714285714,0.6931471805579453,0.6,33.84868583854055,2.4138979216251535
2501,3,27,7504,12,27,1,1,27,2,1,0.6666666666666666,0.0,0.6666666666666666,33.56100376608876,1.2069489608125925
2502,1,27,5632,12,27,1,1,27,2,1,0.7333333333333334,0.0,1.0,33.56100376608876,0.480453013918204
2503,13,63,16900,12,63,1,1,-1,2,1,0.7333333333333334,0.0,1.0,2.1972245773362196,0.48045301391820094
2504,1,133,9232,12,133,1,1,133,2,1,0.6190476190476191,0.0,0.6666666666666666,162.67191755278668,1.2069489608125143
2505,3,89,12688,12,89,1,1,-1,2,1,0.7333333333333334,0.0,1.0,7.690286020676769,0.48045301391820155
2506,1,133,9232,12,133,2,1,133,3,2,0.6031746031746031,0.6365141682928128,0.75,162.95959962523844,1.6874019747307807
2507,8,40,11284,12,40,1,1,-1,2,1,0.6666666666666666,0.0,0.6666666666666666,2.1972245773362196,1.2069489608125816
2508,1,133,9232,12,133,1,1,133,2,1,0.7333333333333334,0.0,1.0,162.67191755278668,0.4804530139181646
2509,3,133,9232,12,133,1,1,133,2,1,0.7333333333333334,0.0,1.0,162.67191755278668,0.4804530139181646
2510,1,89,14308,12,89,1,1,-1,2,1,0.6666666666666666,0.0,0.6666666666666666,13.471029536469096,1.2069489608125807
2511,32,89,25432,12,89,1,1,-1,2,1,0.7333333333333334,0.0,1.0,2.1972245773362196,0.48045301391820094
2512,1,40,2512,12,40,2,1,40,3,2,0.6031746031746031,0.6365141682928128,0.75,49.85673802593662,1.6874019747307965
2513,3,133,9232,12,133,1,1,133,2,1,0.6666666666666666,0.0,0.6666666666666666,162.3842354803349,1.2069489608125143
2514,1,40,9556,12,40,1,1,40,2,1,0.7333333333333334,0.0,1.0,48.70600973612951,0.48045301391819417
2515,6,40,11320,12,40,1,1,-1,2,1,0.7333333333333334,0.0,1.0,2.1972245773362196,0.48045301391820094
2516,1,40,2516,12,40,1,1,40,2,1,0.6190476190476191,0.0,0.6666666666666666,49.85673802593662,1.2069489608125925
2517,3,40,7552,12,40,1,1,40,2,1,0.7333333333333334,0.0,1.0,49.56905595348485,0.48045301391819417
2518,1,84,8080,12,84,2,1,84,3,2,0.6031746031746031,0.6365141682928128,0.75,101.93554566920658,1.6874019747307807
2519,8,84,17008,12,84,1,1,-1,2,1,0.6666666666666666,0.0,0.6666666666666666,2.1972245773362196,1.2069489608125816
2520,1,40,2520,12,40,1,1,40,2,1,0.7333333333333334,0.0,1.0,49.28137388103306,0.480453013918204
2521,3,40,8512,12,40,1,1,40,2,1,0.7333333333333334,0.0,1.0,48.70600973612951,0.48045301391819417
2522,1,40,3784,12,40,1,1,40,2,1,0.6666666666666666,0.0,0.6666666666666666,49.56905595348484,1.2069489608125925
2523,13,133,19168,12,133,1,1,-1,2,1,0.7333333333333334,0.0,1.0,2.1972245773362196,0.48045301391820094
2524,1,40,4264,12,40,2,1,40,3,2,0.6031746031746031,0.6365141682928128,0.75,49.85673802593662,1.6874019747307965
2525,3,40,7576,12,40,1,1,40,2,1,0.6666666666666666,0.0,0.6666666666666666,49.56905595348485,1.2069489608125767
2526,1,177,138400,12,177,1,1,-1,2,1,0.7333333333333334,0.0,1.0,7.97796809312855,0.48045301391820033
2527,42,177,138400,12,177,1,1,-1,2,1,0.7333333333333334,0.0,1.0,2.1972245773362196,0.48045301391820094
2528,1,40,2528,12,40,1,1,40,2,1,0.6190476190476191,0.0,0.6666666666666666,49.85673802593662,1.2069489608125925
2529,3,71,14416,12,71,1,1,-1,2,1,0.7333333333333334,0.0,1.0,13.471029536469096,0.48045301391820155
2530,1,40,3796,12,40,2,1,40,3,2,0.6031746031746031,0.6365141682928128,0.75,49.85673802593662,1.6874019747307965
2531,6,40,11392,12,40,1,1,-1,2,1,0.6666666666666666,0.0,0.6666666666666666,2.1972245773362196,1.2069489608125816
2532,1,32,3616,12,32,1,1,32,2,1,0.7333333333333334,0.0,1.0,39.62942935433286,0.480453013918204
2533,3,32,7600,12,32,1,1,32,2,1,0.7333333333333334,0.0,1.0,39.62942935433286,0.480453013918204
2534,1,32,5704,12,32,1,1,32,2,1,0.6666666666666666,0.0,0.6666666666666666,39.62942935433286,1.2069489608125767
2535,39,84,61720,12,84,1,1,-1,2,1,0.7333333333333334,0.0,1.0,2.1972245773362196,0.48045301391820094
2536,1,40,2536,12,40,2,1,40,3,2,0.6031746031746031,0.6365141682928128,0.75,50.1444200983884,1.6874019747307807
2537,3,133,21688,12,133,1,1,-1,2,1,0.6666666666666666,0.0,0.6666666666666666,7.690286020676769,1.2069489608125807
2538,1,40,3808,12,40,1,1,40,2,1,0.7333333333333334,0.0,1.0,49.85673802593662,0.480453013918204
2539,8,177,32560,12,177,1,1,-1,2,1,0.7333333333333334,0.0,1.0,2.1972245773362196,0.48045301391820094
2540,1,32,3220,12,32,1,1,32,2,1,0.6190476190476191,0.0,0.6666666666666666,39.91711142678464,1.2069489608125767
2541,3,32,7624,12,32,1,1,32,2,1,0.7333333333333334,0.0,1.0,39.62942935433286,0.480453013918204
2542,1,32,8584,12,32,2,1,32,3,2,0.6031746031746031,0.6365141682928128,0.75,39.62942935433286,1.6874019747307807
2543,44,177,48904,12,177,1,1,-1,2,1,0.6666666666666666,0.0,0.6666666666666666,2.1972245773362196,1.2069489608125816
2544,1,58,9232,12,58,1,1,58,2,1,0.7333333333333334,0.0,1.0,70.78248751176969,0.480453013918204
2545,3,40,7636,12,40,1,1,40,2,1,0.7333333333333334,0.0,1.0,49.28137388103307,0.48045301391819417
2546,1,32,4840,12,32,1,1,32,2,1,0.6666666666666666,0.0,0.6666666666666666,39.91711142678465,1.2069489608125612
2547,6,32,11464,12,32,1,1,-1,2,1,0.7333333333333334,0.0,1.0,2.1972245773362196,0.48045301391820094
2548,1,58,9232,12,58,2,1,58,3,2,0.6031746031746031,0.6365141682928128,0.75,71.35785165667325,1.687401974730812
2549,3,58,9232,12,58,1,1,58,2,1,0.6666666666666666,0.0,0.6666666666666666,71.07016958422147,1.2069489608125767
2550,1,84,39364,12,84,1,1,-1,2,1,0.7333333333333334,0.0,1.0,17.34223054737699,0.48045301391819906
2551,8,84,39364,12,84,1,1,-1,2,1,0.7333333333333334,0.0,1.0,2.1972245773362196,0.48045301391820094
2552,1,58,9232,12,58,1,1,58,2,1,0.6190476190476191,0.0,0.6666666666666666,71.07016958422147,1.2069489608125767
2553,3,177,1276936,12,177,1,1,-1,2,1,0.7333333333333334,0.0,1.0,27.46530721670275,0.480453013918204
2554,1,58,9232,12,58,2,1,58,3,2,0.6031746031746031,0.6365141682928128,0.75,71.35785165667325,1.687401974730812
2555,16,58,14560,12,58,1,1,-1,2,1,0.6666666666666666,0.0,0.6666666666666666,2.1972245773362196,1.2069489608125816
2556,1,133,41524,12,133,1,1,-1,2,1,0.7333333333333334,0.0,1.0,14.046393681372658,0.48045301391820155
2557,3,133,41524,12,133,1,1,-1,2,1,0.7333333333333334,0.0,1.0,14.046393681372658,0.48045301391820155
2558,1,133,65608,12,133,1,1,-1,2,1,0.6666666666666666,0.0,0.6666666666666666,7.97796809312855,1.2069489608125827
2559,65,115,897856,12,115,1,1,-1,2,1,0.7333333333333334,0.0,1.0,2.1972245773362196,0.48045301391820094
2560,1,14,2560,12,14,2,1,14,3,2,0.6031746031746031,0.6365141682928128,0.75,18.128315723596202,1.6874019747307758
2561,3,146,9232,12,146,1,1,146,2,1,0.6666666666666666,0.0,0.6666666666666666,177.52924145037568,1.2069489608125143
2562,1,53,3844,12,53,1,1,53,2,1,0.7333333333333334,0.0,1.0,65.00174399597735,0.480453013918204
2563,6,53,11536,12,53,1,1,-1,2,1,0.7333333333333334,0.0,1.0,2.1972245773362196,0.48045301391820094
2564,1,53,2752,12,53,1,1,53,2,1,0.6190476190476191,0.0,0.6666666666666666,65.28942606842914,1.2069489608125767
2565,3,53,7696,12,53,1,1,53,2,1,0.7333333333333334,0.0,1.0,65.00174399597735,0.480453013918204
2566,1,53,5776,12,53,2,1,53,3,2,0.6031746031746031,0.6365141682928128,0.75,65.28942606842914,1.6874019747307807
2567,11,146,17332,12,146,1,1,-1,2,1,0.6666666666666666,0.0,0.6666666666666666,2.1972245773362196,1.2069489608125816
2568,1,27,2568,12,27,1,1,27,2,1,0.7333333333333334,0.0,1.0,33.27332169363698,0.480453013918204
2569,3,53,13012,12,53,1,1,-1,2,1,0.7333333333333334,0.0,1.0,7.690286020676769,0.48045301391820155
2570,1,27,3856,12,27,1,1,27,2,1,0.6666666666666666,0.0,0.6666666666666666,33.56100376608876,1.2069489608125925
2571,8,53,11572,12,53,1,1,-1,2,1,0.7333333333333334,0.0,1.0,2.1972245773362196,0.48045301391820094
2572,1,27,2896,12,27,2,1,27,3,2,0.6031746031746031,0.6365141682928128,0.75,33.84868583854055,1.687401974730771
2573,3,27,7720,12,27,1,1,27,2,1,0.6666666666666666,0.0,0.6666666666666666,33.56100376608876,1.2069489608125925
2574,1,146,9232,12,146,1,1,146,2,1,0.7333333333333334,0.0,1.0,176.9538773054721,0.480453013918204
2575,11,146,26080,12,146,1,1,-1,2,1,0.7333333333333334,0.0,1.0,2.1972245773362196,0.48045301391820094
2576,1,102,9232,12,102,1,1,102,2,1,0.6190476190476191,0.0,0.6666666666666666,124.87506966220212,1.206948960812608
2577,3,27,7732,12,27,1,1,27,2,1,0.7333333333333334,0.0,1.0,33.27332169363698,0.480453013918204
2578,1,146,9232,12,146,2,1,146,3,2,0.6031746031746031,0.6365141682928128,0.75,178.10460559527922,1.687401974730679
2579,6,146,11608,12,146,1,1,-1,2,1,0.6666666666666666,0.0,0.6666666666666666,2.1972245773362196,1.2069489608125816
2580,1,102,9232,12,102,1,1,102,2,1,0.7333333333333334,0.0,1.0,124.58738758975035,0.480453013918204
2581,3,102,9232,12,102,1,1,102,2,1,0.7333333333333334,0.0,1.0,124.58738758975035,0.480453013918204
2582,1,53,5812,12,53,1,1,53,2,1,0.6666666666666666,0.0,0.6666666666666666,65.00174399597735,1.206948960812608
2583,8,53,17440,12,53,1,1,-1,2,1,0.7333333333333334,0.0,1.0,2.1972245773362196,0.48045301391820094
2584,1,102,9232,12,102,2,1,102,3,2,0.6031746031746031,0.6365141682928128,0.75,125.16275173465391,1.687401974730812
2585,3,53,8728,12,53,1,1,53,2,1,0.6666666666666666,0.0,0.6666666666666666,64.71406192352558,1.2069489608125767
2586,1,102,9232,12,102,1,1,102,2,1,0.7333333333333334,0.0,1.0,124.87506966220212,0.4804530139182237
2587,19,146,44224,12,146,1,1,-1,2,1,0.7333333333333334,0.0,1.0,2.1972245773362196,0.48045301391820094
2588,1,40,4372,12,40,1,1,40,2,1,0.6190476190476191,0.0,0.6666666666666666,49.85673802593662,1.2069489608125767
2589,3,40,7768,12,40,1,1,40,2,1,0.7333333333333334,0.0,1.0,49.56905595348485,0.48045301391819417
2590,1,40,13120,12,40,2,1,-1,3,2,0.6031746031746031,0.6365141682928128,0.75,8.26565016558033,1.6874019747307822
2591,19,53,39364,12,53,1,1,-1,2,1,0.6666666666666666,0.0,0.6666666666666666,2.1972245773362196,1.2069489608125816
2592,1,27,2592,12,27,1,1,27,2,1,0.7333333333333334,0.0,1.0,33.27332169363698,0.480453013918204
2593,3,40,7780,12,40,1,1,40,2,1,0.7333333333333334,0.0,1.0,48.99369180858128,0.480453013918204
2594,1,102,9232,12,102,1,1,102,2,1,0.6666666666666666,0.0,0.6666666666666666,124.87506966220214,1.2069489608125767
2595,6,102,11680,12,102,1,1,-1,2,1,0.7333333333333334,0.0,1.0,2.1972245773362196,0.48045301391820094
2596,1,146,9232,12,146,2,1,146,3,2,0.6031746031746031,0.6365141682928128,0.75,178.67996974018277,1.6874019747308433
2597,3,146,9232,12,146,1,1,146,2,1,0.6666666666666666,0.0,0.6666666666666666,178.39228766773098,1.2069489608125767
2598,1,146,9232,12,146,1,1,146,2,1,0.7333333333333334,0.0,1.0,178.39228766773098,0.480453013918204
2599,13,146,19744,12,146,1,1,-1,2,1,0.7333333333333334,0.0,1.0,2.1972245773362196,0.48045301391820094
2600,1,27,2600,12,27,1,1,27,2,1,0.6190476190476191,0.0,0.6666666666666666,33.84868583854054,1.2069489608125925
2601,3,177,33352,12,177,1,1,-1,2,1,0.7333333333333334,0.0,1.0,7.690286020676769,0.48045301391820155
2602,1,27,3904,12,27,2,1,27,3,2,0.6031746031746031,0.6365141682928128,0.75,34.13636791099233,1.6874019747307807
2603,8,102,11716,12,102,1,1,-1,2,1,0.6666666666666666,0.0,0.6666666666666666,2.1972245773362196,1.2069489608125816
2604,1,102,9232,12,102,1,1,102,2,1,0.7333333333333334,0.0,1.0,124.87506966220214,0.480453013918204
2605,3,102,9232,12,102,1,1,102,2,1,0.7333333333333334,0.0,1.0,124.87506966220214,0.480453013918204
2606,1,102,9232,12,102,1,1,102,2,1,0.6666666666666666,0.0,0.6666666666666666,124.58738758975035,1.2069489608125767
2607,21,84,33424,12,84,1,1,-1,2,1,0.7333333333333334,0.0,1.0,2.1972245773362196,0.48045301391820094
2608,1,27,2608,12,27,2,1,27,3,2,0.6031746031746031,0.6365141682928128,0.75,34.13636791099233,1.6874019747307807
2609,3,53,7828,12,53,1,1,53,2,1,0.6666666666666666,0.0,0.6666666666666666,65.00174399597735,1.2069489608125767
2610,1,53,4408,12,53,1,1,53,2,1,0.7333333333333334,0.0,1.0,65.57710814088092,0.4804530139181843
2611,6,53,11752,12,53,1,1,-1,2,1,0.7333333333333334,0.0,1.0,2.1972245773362196,0.48045301391820094
2612,1,27,2612,12,27,1,1,27,2,1,0.6190476190476191,0.0,0.6666666666666666,34.13636791099233,1.2069489608125767
2613,3,27,7840,12,27,1,1,27,2,1,0.7333333333333334,0.0,1.0,33.84868583854055,0.480453013918204
2614,1,177,190996,12,177,2,1,-1,3,2,0.6031746031746031,0.6365141682928128,0.75,14.046393681372658,1.6874019747307822
2615,8,177,190996,12,177,1,1,-1,2,1,0.6666666666666666,0.0,0.6666666666666666,2.1972245773362196,1.2069489608125816
2616,1,146,9232,12,146,1,1,146,2,1,0.7333333333333334,0.0,1.0,177.52924145037565,0.480453013918204
2617,3,84,9448,12,84,1,1,84,2,1,0.7333333333333334,0.0,1.0,101.6478635967548,0.480453013918204
2618,1,146,9232,12,146,1,1,146,2,1,0.6666666666666666,0.0,0.6666666666666666,177.81692352282744,1.2069489608125767
2619,11,102,13264,12,102,1,1,-1,2,1,0.7333333333333334,0.0,1.0,2.1972245773362196,0.48045301391820094
2620,1,146,9232,12,146,2,1,146,3,2,0.6031746031746031,0.6365141682928128,0.75,177.81692352282744,1.6874019747307807
2621,3,146,9232,12,146,1,1,146,2,1,0.6666666666666666,0.0,0.6666666666666666,177.52924145037565,1.2069489608125767
2622,1,102,19924,12,102,1,1,-1,2,1,0.7333333333333334,0.0,1.0,7.97796809312855,0.48045301391820033
2623,16,102,59776,12,102,1,1,-1,2,1,0.7333333333333334,0.0,1.0,2.1972245773362196,0.48045301391820094
2624,1,115,9232,12,115,1,1,115,2,1,0.6190476190476191,0.0,0.6666666666666666,140.8831218495982,1.2069489608125767
2625,3,27,7876,12,27,1,1,27,2,1,0.7333333333333334,0.0,1.0,32.9856396211852,0.480453013918204
2626,1,27,3940,12,27,2,1,27,3,2,0.6031746031746031,0.6365141682928128,0.75,33.84868583854055,1.687401974730771
2627,6,27,11824,12,27,1,1,-1,2,1,0.6666666666666666,0.0,0.6666666666666666,2.1972245773362196,1.2069489608125816
2628,1,53,2628,12,53,1,1,53,2,1,0.7333333333333334,0.0,1.0,65.28942606842914,0.480453013918204
2629,3,53,7888,12,53,1,1,53,2,1,0.7333333333333334,0.0,1.0,65.28942606842914,0.480453013918204
2630,1,53,5920,12,53,1,1,53,2,1,0.6666666666666666,0.0,0.6666666666666666,65.28942606842914,1.2069489608125767
2631,16,190,250504,12,190,1,1,-1,2,1,0.7333333333333334,0.0,1.0,2.1972245773362196,0.48045301391820094
2632,1,53,2632,12,53,2,1,53,3,2,0.6031746031746031,0.6365141682928128,0.75,65.8647902133327,1.6874019747307807
2633,3,40,13336,12,40,1,1,-1,2,1,0.6666666666666666,0.0,0.6666666666666666,7.690286020676769,1.2069489608125807
2634,1,53,3952,12,53,1,1,53,2,1,0.7333333333333334,0.0,1.0,65.57710814088092,0.4804530139181843
2635,8,53,11860,12,53,1,1,-1,2,1,0.7333333333333334,0.0,1.0,2.1972245773362196,0.48045301391820094
2636,1,53,2968,12,53,1,1,53,2,1,0.6190476190476191,0.0,0.6666666666666666,65.8647902133327,1.2069489608125767
2637,3,53,7912,12,53,1,1,53,2,1,0.7333333333333334,0.0,1.0,65.57710814088092,0.4804530139181843
2638,1,146,10024,12,146,2,1,-1,3,2,0.6031746031746031,0.6365141682928128,0.75,11.561487031584658,1.6874019747307822
2639,13,146,26728,12,146,1,1,-1,2,1,0.6666666666666666,0.0,0.6666666666666666,2.1972245773362196,1.2069489608125816
2640,1,115,9232,12,115,1,1,115,2,1,0.7333333333333334,0.0,1.0,140.30775770469464,0.480453013918204
2641,3,102,14308,12,102,1,1,-1,2,1,0.7333333333333334,0.0,1.0,28.616035506509878,0.48045301391819906
2642,1,102,15064,12,102,1,1,-1,2,1,0.6666666666666666,0.0,0.6666666666666666,11.84916910403644,1.2069489608125807
2643,6,102,15064,12,102,1,1,-1,2,1,0.7333333333333334,0.0,1.0,2.1972245773362196,0.48045301391820094
2644,1,115,9232,12,115,2,1,115,3,2,0.6031746031746031,0.6365141682928128,0.75,140.8831218495982,1.6874019747307807
2645,3,115,9232,12,115,1,1,115,2,1,0.6666666666666666,0.0,0.6666666666666666,140.59543977714642,1.2069489608126394
2646,1,53,5956,12,53,1,1,53,2,1,0.7333333333333334,0.0,1.0,65.28942606842914,0.480453013918204
2647,8,53,17872,12,53,1,1,-1,2,1,0.7333333333333334,0.0,1.0,2.1972245773362196,0.48045301391820094
2648,1,27,2648,12,27,1,1,27,2,1,0.6190476190476191,0.0,0.6666666666666666,33.84868583854054,1.2069489608125925
2649,3,97,8944,12,97,1,1,97,2,1,0.7333333333333334,0.0,1.0,116.79286956679557,0.4804530139181843
2650,1,27,3976,12,27,2,1,27,3,2,0.6031746031746031,0.6365141682928128,0.75,34.13636791099233,1.6874019747307807
2651,29,146,22660,12,146,1,1,-1,2,1,0.6666666666666666,0.0,0.6666666666666666,2.1972245773362196,1.2069489608125816
2652,1,27,4480,12,27,1,1,27,2,1,0.7333333333333334,0.0,1.0,33.84868583854055,0.480453013918204
2653,3,27,7960,12,27,1,1,27,2,1,0.7333333333333334,0.0,1.0,33.84868583854055,0.480453013918204
2654,1,53,13444,12,53,1,1,-1,2,1,0.6666666666666666,0.0,0.6666666666666666,7.97796809312855,1.2069489608125827
2655,13,53,40336,12,53,1,1,-1,2,1,0.7333333333333334,0.0,1.0,2.1972245773362196,0.48045301391820094
2656,1,115,9232,12,115,2,1,115,3,2,0.6031746031746031,0.6365141682928128,0.75,141.17080392205,1.6874019747307807
2657,3,53,10096,12,53,1,1,-1,2,1,0.6666666666666666,0.0,0.6666666666666666,11.273804959132878,1.2069489608125807
2658,1,53,3988,12,53,1,1,53,2,1,0.7333333333333334,0.0,1.0,65.57710814088092,0.4804530139181843
2659,6,53,11968,12,53,1,1,-1,2,1,0.7333333333333334,0.0,1.0,2.1972245773362196,0.48045301391820094
2660,1,53,2660,12,53,1,1,53,2,1,0.6190476190476191,0.0,0.6666666666666666,65.8647902133327,1.2069489608125767
2661,3,53,7984,12,53,1,1,53,2,1,0.7333333333333334,0.0,1.0,65.57710814088092,0.4804530139181843
2662,1,53,5992,12,53,2,1,53,3,2,0.6031746031746031,0.6365141682928128,0.75,65.8647902133327,1.6874019747307807
2663,21,84,45520,12,84,1,1,-1,2,1,0.6666666666666666,0.0,0.6666666666666666,2.1972245773362196,1.2069489608125816
2664,1,115,9232,12,115,1,1,115,2,1,0.7333333333333334,0.0,1.0,140.59543977714642,0.4804530139182434
2665,3,53,20248,12,53,1,1,-1,2,1,0.7333333333333334,0.0,1.0,7.690286020676769,0.48045301391820155
2666,1,115,9232,12,115,1,1,115,2,1,0.6666666666666666,0.0,0.6666666666666666,140.8831218495982,1.2069489608126394
2667,8,45,12004,12,45,1,1,-1,2,1,0.7333333333333334,0.0,1.0,2.1972245773362196,0.48045301391820094
2668,1,146,21688,12,146,2,1,-1,3,2,0.6031746031746031,0.6365141682928128,0.75,23.410656135621103,1.6874019747307885
2669,3,146,21688,12,146,1,1,-1,2,1,0.6666666666666666,0.0,0.6666666666666666,23.122974063169323,1.2069489608125845
2670,1,146,21688,12,146,1,1,-1,2,1,0.7333333333333334,0.0,1.0,22.835291990717543,0.48045301391819906
2671,26,45,30436,12,45,1,1,-1,2,1,0.7333333333333334,0.0,1.0,2.1972245773362196,0.48045301391820094
2672,1,71,9232,12,71,1,1,71,2,1,0.6190476190476191,0.0,0.6666666666666666,87.07822177161758,1.206948960812608
2673,3,115,9232,12,115,1,1,115,2,1,0.7333333333333334,0.0,1.0,140.30775770469467,0.4804530139181646
2674,1,45,8584,12,45,2,1,45,3,2,0.6031746031746031,0.6365141682928128,0.75,55.34979946927716,1.6874019747307807
2675,6,45,12040,12,45,1,1,-1,2,1,0.6666666666666666,0.0,0.6666666666666666,2.1972245773362196,1.2069489608125816
2676,1,71,9232,12,71,1,1,71,2,1,0.7333333333333334,0.0,1.0,86.7905396991658,0.480453013918204
2677,3,71,9232,12,71,1,1,71,2,1,0.7333333333333334,0.0,1.0,86.7905396991658,0.480453013918204
2678,1,27,6784,12,27,1,1,27,2,1,0.6666666666666666,0.0,0.6666666666666666,33.27332169363698,1.2069489608125925
2679,8,27,18088,12,27,1,1,-1,2,1,0.7333333333333334,0.0,1.0,2.1972245773362196,0.48045301391820094
2680,1,71,9232,12,71,2,1,71,3,2,0.6031746031746031,0.6365141682928128,0.75,87.36590384406936,1.6874019747307807
2681,3,45,15280,12,45,1,1,-1,2,1,0.6666666666666666,0.0,0.6666666666666666,10.986122886681096,1.2069489608125807
2682,1,71,9232,12,71,1,1,71,2,1,0.7333333333333334,0.0,1.0,87.07822177161758,0.4804530139182237
2683,13,71,13588,12,71,1,1,-1,2,1,0.7333333333333334,0.0,1.0,2.1972245773362196,0.48045301391820094
2684,1,97,39364,12,97,1,1,-1,2,1,0.6190476190476191,0.0,0.6666666666666666,12.13685117648822,1.2069489608125807
2685,3,97,39364,12,97,1,1,-1,2,1,0.7333333333333334,0.0,1.0,11.84916910403644,0.48045301391820155
2686,1,97,39364,12,97,2,1,-1,3,2,0.6031746031746031,0.6365141682928128,0.75,8.26565016558033,1.6874019747307822
2687,26,97,103336,12,97,1,1,-1,2,1,0.6666666666666666,0.0,0.6666666666666666,2.1972245773362196,1.2069489608125816
2688,1,14,2688,12,14,1,1,14,2,1,0.7333333333333334,0.0,1.0,16.97758743378908,0.48045301391819906
2689,3,71,14560,12,71,1,1,-1,2,1,0.7333333333333334,0.0,1.0,17.054548474925205,0.480453013918204
2690,1,115,9232,12,115,1,1,115,2,1,0.6666666666666666,0.0,0.6666666666666666,140.59543977714642,1.2069489608126394
2691,6,115,12112,12,115,1,1,-1,2,1,0.7333333333333334,0.0,1.0,2.1972245773362196,0.48045301391820094
2692,1,66,2752,12,66,2,1,66,3,2,0.6031746031746031,0.6365141682928128,0.75,81.00979618337347,1.687401974730812
2693,3,66,8080,12,66,1,1,66,2,1,0.6666666666666666,0.0,0.6666666666666666,80.72211411092168,1.206948960812608
2694,1,66,6064,12,66,1,1,66,2,1,0.7333333333333334,0.0,1.0,80.72211411092168,0.4804530139182237
2695,11,27,18196,12,27,1,1,-1,2,1,0.7333333333333334,0.0,1.0,2.1972245773362196,0.48045301391820094
2696,1,115,9232,12,115,1,1,115,2,1,0.6190476190476191,0.0,0.6666666666666666,140.8831218495982,1.2069489608126394
2697,3,159,23056,12,159,1,1,-1,2,1,0.7333333333333334,0.0,1.0,7.690286020676769,0.48045301391820155
2698,1,115,9232,12,115,2,1,115,3,2,0.6031746031746031,0.6365141682928128,0.75,141.17080392205,1.6874019747307807
2699,8,66,12148,12,66,1,1,-1,2,1,0.6666666666666666,0.0,0.6666666666666666,2.1972245773362196,1.2069489608125816
2700,1,115,9232,12,115,1,1,115,2,1,0.7333333333333334,0.0,1.0,140.8831218495982,0.480453013918204
2701,3,115,9232,12,115,1,1,115,2,1,0.7333333333333334,0.0,1.0,140.8831218495982,0.480453013918204
2702,1,159,17332,12,159,1,1,-1,2,1,0.6666666666666666,0.0,0.6666666666666666,16.766866402473426,1.2069489608125845
2703,11,159,27376,12,159,1,1,-1,2,1,0.7333333333333334,0.0,1.0,2.1972245773362196,0.48045301391820094
2704,1,53,4372,12,53,2,1,53,3,2,0.6031746031746031,0.6365141682928128,0.75,65.8647902133327,1.6874019747307807
2705,3,40,8116,12,40,1,1,40,2,1,0.6666666666666666,0.0,0.6666666666666666,48.99369180858128,1.2069489608125767
2706,1,40,6856,12,40,1,1,40,2,1,0.7333333333333334,0.0,1.0,49.28137388103306,0.480453013918204
2707,6,40,12184,12,40,1,1,-1,2,1,0.7333333333333334,0.0,1.0,2.1972245773362196,0.48045301391820094
2708,1,53,4372,12,53,1,1,53,2,1,0.6190476190476191,0.0,0.6666666666666666,65.8647902133327,1.2069489608125767
2709,3,53,8128,12,53,1,1,53,2,1,0.7333333333333334,0.0,1.0,65.57710814088092,0.4804530139181843
2710,1,115,9232,12,115,2,1,115,3,2,0.6031746031746031,0.6365141682928128,0.75,140.8831218495982,1.6874019747308433
2711,8,115,18304,12,115,1,1,-1,2,1,0.6666666666666666,0.0,0.6666666666666666,2.1972245773362196,1.2069489608125816
2712,1,53,4372,12,53,1,1,53,2,1,0.7333333333333334,0.0,1.0,65.57710814088092,0.4804530139181843
2713,3,159,9232,12,159,1,1,159,2,1,0.7333333333333334,0.0,1.0,192.96192949286822,0.4804530139181646
2714,1,53,4372,12,53,1,1,53,2,1,0.6666666666666666,0.0,0.6666666666666666,65.8647902133327,1.2069489608125767
2715,52,97,223072,12,97,1,1,-1,2,1,0.7333333333333334,0.0,1.0,2.1972245773362196,0.48045301391820094
2716,1,66,5812,12,66,2,1,66,3,2,0.6031746031746031,0.6365141682928128,0.75,80.72211411092168,1.6874019747308318
2717,3,66,8152,12,66,1,1,66,2,1,0.6666666666666666,0.0,0.6666666666666666,80.43443203846991,1.206948960812608
2718,1,66,13768,12,66,1,1,-1,2,1,0.7333333333333334,0.0,1.0,7.97796809312855,0.48045301391820033
2719,24,66,69712,12,66,1,1,-1,2,1,0.7333333333333334,0.0,1.0,2.1972245773362196,0.48045301391820094
2720,1,14,2720,12,14,1,1,14,2,1,0.6190476190476191,0.0,0.6666666666666666,17.84063365114442,1.2069489608125845
2721,3,66,8728,12,66,1,1,66,2,1,0.7333333333333334,0.0,1.0,79.28370374866279,0.480453013918204
2722,1,53,13120,12,53,2,1,-1,3,2,0.6031746031746031,0.6365141682928128,0.75,24.273702352976446,1.6874019747307885
2723,6,53,13120,12,53,1,1,-1,2,1,0.6666666666666666,0.0,0.6666666666666666,2.1972245773362196,1.2069489608125816
2724,1,66,39364,12,66,1,1,-1,2,1,0.7333333333333334,0.0,1.0,17.62991261982877,0.480453013918204
2725,3,66,39364,12,66,1,1,-1,2,1,0.7333333333333334,0.0,1.0,17.62991261982877,0.480453013918204
2726,1,66,39364,12,66,1,1,-1,2,1,0.6666666666666666,0.0,0.6666666666666666,17.62991261982877,1.2069489608125845
2727,24,128,95956,12,128,1,1,-1,2,1,0.7333333333333334,0.0,1.0,2.1972245773362196,0.48045301391820094
2728,1,14,2728,12,14,2,1,14,3,2,0.6031746031746031,0.6365141682928128,0.75,18.128315723596202,1.6874019747307758
2729,3,159,1276936,12,159,1,1,-1,2,1,0.6666666666666666,0.0,0.6666666666666666,7.690286020676769,1.2069489608125807
2730,1,14,4096,12,14,1,1,14,2,1,0.7333333333333334,0.0,1.0,17.84063365114442,0.480453013918204
2731,8,115,12292,12,115,1,1,-1,2,1,0.7333333333333334,0.0,1.0,2.1972245773362196,0.48045301391820094
2732,1,40,3076,12,40,1,1,40,2,1,0.6190476190476191,0.0,0.6666666666666666,49.56905595348484,1.2069489608125767
2733,3,40,8200,12,40,1,1,40,2,1,0.7333333333333334,0.0,1.0,49.28137388103306,0.480453013918204
2734,1,40,9232,12,40,2,1,40,3,2,0.6031746031746031,0.6365141682928128,0.75,49.28137388103306,1.6874019747307807
2735,13,159,27700,12,159,1,1,-1,2,1,0.6666666666666666,0.0,0.6666666666666666,2.1972245773362196,1.2069489608125816
2736,1,128,9232,12,128,1,1,128,2,1,0.7333333333333334,0.0,1.0,156.02812781963897,0.4804530139182434
2737,3,40,8212,12,40,1,1,40,2,1,0.7333333333333334,0.0,1.0,48.99369180858128,0.480453013918204
2738,1,40,4624,12,40,1,1,40,2,1,0.6666666666666666,0.0,0.6666666666666666,49.56905595348485,1.2069489608125612
2739,6,40,12328,12,40,1,1,-1,2,1,0.7333333333333334,0.0,1.0,2.1972245773362196,0.48045301391820094
2740,1,128,9232,12,128,2,1,128,3,2,0.6031746031746031,0.6365141682928128,0.75,156.60349196454254,1.6874019747308828
2741,3,128,9232,12,128,1,1,128,2,1,0.6666666666666666,0.0,0.6666666666666666,156.31580989209075,1.2069489608126394
2742,1,115,10420,12,115,1,1,-1,2,1,0.7333333333333334,0.0,1.0,11.561487031584658,0.48045301391820155
2743,8,115,18520,12,115,1,1,-1,2,1,0.7333333333333334,0.0,1.0,2.1972245773362196,0.48045301391820094
2744,1,128,9232,12,128,1,1,128,2,1,0.6190476190476191,0.0,0.6666666666666666,156.60349196454254,1.2069489608126394
2745,3,40,9268,12,40,1,1,40,2,1,0.7333333333333334,0.0,1.0,48.7060097361295,0.480453013918204
2746,1,128,9232,12,128,2,1,128,3,2,0.6031746031746031,0.6365141682928128,0.75,156.89117403699433,1.6874019747308433
2747,11,66,13912,12,66,1,1,-1,2,1,0.6666666666666666,0.0,0.6666666666666666,2.1972245773362196,1.2069489608125816
2748,1,40,6964,12,40,1,1,40,2,1,0.7333333333333334,0.0,1.0,49.28137388103306,0.480453013918204
2749,3,40,8248,12,40,1,1,40,2,1,0.7333333333333334,0.0,1.0,49.28137388103306,0.480453013918204
2750,1,40,20896,12,40,1,1,-1,2,1,0.6666666666666666,0.0,0.6666666666666666,7.97796809312855,1.2069489608125827
2751,70,172,225988,12,172,1,1,-1,2,1,0.7333333333333334,0.0,1.0,2.1972245773362196,0.48045301391820094
2752,1,35,2752,12,35,2,1,35,3,2,0.6031746031746031,0.6365141682928128,0.75,43.50063036524075,1.6874019747307554
2753,3,128,9232,12,128,1,1,128,2,1,0.6666666666666666,0.0,0.6666666666666666,156.02812781963897,1.2069489608126394
2754,1,159,9232,12,159,1,1,159,2,1,0.7333333333333334,0.0,1.0,193.24961156531998,0.480453013918204
2755,6,159,12400,12,159,1,1,-1,2,1,0.7333333333333334,0.0,1.0,2.1972245773362196,0.48045301391820094
2756,1,128,9232,12,128,1,1,128,2,1,0.6190476190476191,0.0,0.6666666666666666,156.60349196454254,1.2069489608126394
2757,3,128,9232,12,128,1,1,128,2,1,0.7333333333333334,0.0,1.0,156.31580989209075,0.480453013918204
2758,1,128,9232,12,128,2,1,128,3,2,0.6031746031746031,0.6365141682928128,0.75,156.60349196454254,1.6874019747308828
2759,13,159,18628,12,159,1,1,-1,2,1,0.6666666666666666,0.0,0.6666666666666666,2.1972245773362196,1.2069489608125816
2760,1,128,9232,12,128,1,1,128,2,1,0.7333333333333334,0.0,1.0,156.31580989209075,0.480453013918204
2761,3,128,13984,12,128,1,1,-1,2,1,0.7333333333333334,0.0,1.0,7.690286020676769,0.48045301391820155
2762,1,128,9232,12,128,1,1,128,2,1,0.6666666666666666,0.0,0.6666666666666666,156.60349196454254,1.2069489608126394
2763,8,40,12436,12,40,1,1,-1,2,1,0.7333333333333334,0.0,1.0,2.1972245773362196,0.48045301391820094
2764,1,128,9232,12,128,2,1,128,3,2,0.6031746031746031,0.6365141682928128,0.75,156.89117403699433,1.6874019747308433
2765,3,128,9232,12,128,1,1,128,2,1,0.6666666666666666,0.0,0.6666666666666666,156.60349196454254,1.2069489608126394
2766,1,97,95956,12,97,1,1,-1,2,1,0.7333333333333334,0.0,1.0,11.273804959132878,0.48045301391819906
2767,24,97,95956,12,97,1,1,-1,2,1,0.7333333333333334,0.0,1.0,2.1972245773362196,0.48045301391820094
2768,1,35,2768,12,35,1,1,35,2,1,0.6190476190476191,0.0,0.6666666666666666,43.50063036524075,1.2069489608125612
2769,3,66,8308,12,66,1,1,66,2,1,0.7333333333333334,0.0,1.0,81.00979618337347,0.480453013918204
2770,1,66,10528,12,66,2,1,-1,3,2,0.6031746031746031,0.6365141682928128,0.75,12.13685117648822,1.6874019747307822
2771,6,66,12472,12,66,1,1,-1,2,1,0.6666666666666666,0.0,0.6666666666666666,2.1972245773362196,1.2069489608125816
2772,1,35,2772,12,35,1,1,35,2,1,0.7333333333333334,0.0,1.0,43.21294829278897,0.48045301391819417
2773,3,35,8320,12,35,1,1,35,2,1,0.7333333333333334,0.0,1.0,43.21294829278897,0.48045301391819417
2774,1,66,6244,12,66,1,1,66,2,1,0.6666666666666666,0.0,0.6666666666666666,81.00979618337347,1.2069489608125767
2775,8,66,18736,12,66,1,1,-1,2,1,0.7333333333333334,0.0,1.0,2.1972245773362196,0.48045301391820094
2776,1,128,9232,12,128,2,1,128,3,2,0.6031746031746031,0.6365141682928128,0.75,156.89117403699433,1.6874019747308433
2777,3,128,9376,12,128,1,1,128,2,1,0.6666666666666666,0.0,0.6666666666666666,156.02812781963897,1.2069489608126394
2778,1,128,9232,12,128,1,1,128,2,1,0.7333333333333334,0.0,1.0,156.60349196454254,0.4804530139182434
2779,13,159,26728,12,159,1,1,-1,2,1,0.7333333333333334,0.0,1.0,2.1972245773362196,0.48045301391820094
2780,1,128,9232,12,128,1,1,128,2,1,0.6190476190476191,0.0,0.6666666666666666,156.89117403699433,1.2069489608126394
2781,3,128,9232,12,128,1,1,128,2,1,0.7333333333333334,0.0,1.0,156.60349196454254,0.4804530139182434
2782,1,115,15856,12,115,2,1,-1,3,2,0.6031746031746031,0.6365141682928128,0.75,8.26565016558033,1.6874019747307822
2783,16,115,42280,12,115,1,1,-1,2,1,0.6666666666666666,0.0,0.6666666666666666,2.1972245773362196,1.2069489608125816
2784,1,35,2784,12,35,1,1,35,2,1,0.7333333333333334,0.0,1.0,42.92526622033719,0.48045301391819417
2785,3,66,23812,12,66,1,1,-1,2,1,0.7333333333333334,0.0,1.0,11.273804959132878,0.48045301391820155
2786,1,35,4180,12,35,1,1,35,2,1,0.6666666666666666,0.0,0.6666666666666666,43.21294829278897,1.2069489608125612
2787,6,35,12544,12,35,1,1,-1,2,1,0.7333333333333334,0.0,1.0,2.1972245773362196,0.48045301391820094
2788,1,128,9232,12,128,2,1,128,3,2,0.6031746031746031,0.6365141682928128,0.75,156.89117403699433,1.6874019747308433
2789,3,128,9232,12,128,1,1,128,2,1,0.6666666666666666,0.0,0.6666666666666666,156.60349196454254,1.2069489608126394
2790,1,128,9232,12,128,1,1,128,2,1,0.7333333333333334,0.0,1.0,156.60349196454254,0.4804530139182434
2791,26,66,80512,12,66,1,1,-1,2,1,0.7333333333333334,0.0,1.0,2.1972245773362196,0.48045301391820094
2792,1,35,2792,12,35,1,1,35,2,1,0.6190476190476191,0.0,0.6666666666666666,43.50063036524075,1.2069489608125767
2793,3,110,21220,12,110,1,1,-1,2,1,0.7333333333333334,0.0,1.0,7.690286020676769,0.48045301391820155
2794,1,35,4192,12,35,2,1,35,3,2,0.6031746031746031,0.6365141682928128,0.75,43.788312437692525,1.6874019747307807
2795,8,66,15928,12,66,1,1,-1,2,1,0.6666666666666666,0.0,0.6666666666666666,2.1972245773362196,1.2069489608125816
2796,1,66,3544,12,66,1,1,66,2,1,0.7333333333333334,0.0,1.0,81.58516032827704,0.4804530139181843
2797,3,66,8392,12,66,1,1,66,2,1,0.7333333333333334,0.0,1.0,81.58516032827704,0.4804530139181843
2798,1,66,9448,12,66,1,1,66,2,1,0.6666666666666666,0.0,0.6666666666666666,81.29747825582525,1.2069489608125767
2799,24,66,71764,12,66,1,1,-1,2,1,0.7333333333333334,0.0,1.0,2.1972245773362196,0.48045301391820094
2800,1,84,9232,12,84,2,1,84,3,2,0.6031746031746031,0.6365141682928128,0.75,103.0862739590137,1.687401974730812
2801,3,35,8404,12,35,1,1,35,2,1,0.6666666666666666,0.0,0.6666666666666666,42.92526622033719,1.2069489608125612
2802,1,97,45520,12,97,1,1,-1,2,1,0.7333333333333334,0.0,1.0,17.62991261982877,0.480453013918204
2803,6,97,45520,12,97,1,1,-1,2,1,0.7333333333333334,0.0,1.0,2.1972245773362196,0.48045301391820094
2804,1,84,9232,12,84,1,1,84,2,1,0.6190476190476191,0.0,0.6666666666666666,103.0862739590137,1.206948960812608
2805,3,84,9232,12,84,1,1,84,2,1,0.7333333333333334,0.0,1.0,102.79859188656192,0.4804530139181843
2806,1,128,9232,12,128,2,1,128,3,2,0.6031746031746031,0.6365141682928128,0.75,156.02812781963897,1.6874019747308828
2807,8,128,18952,12,128,1,1,-1,2,1,0.6666666666666666,0.0,0.6666666666666666,2.1972245773362196,1.2069489608125816
2808,1,84,9232,12,84,1,1,84,2,1,0.7333333333333334,0.0,1.0,102.51090981411014,0.480453013918204
2809,3,159,21688,12,159,1,1,-1,2,1,0.7333333333333334,0.0,1.0,10.986122886681096,0.48045301391820155
2810,1,84,9232,12,84,1,1,84,2,1,0.6666666666666666,0.0,0.6666666666666666,102.79859188656191,1.206948960812608
2811,29,58,40552,12,58,1,1,-1,2,1,0.7333333333333334,0.0,1.0,2.1972245773362196,0.48045301391820094
2812,1,172,250504,12,172,2,1,-1,3,2,0.6031746031746031,0.6365141682928128,0.75,12.13685117648822,1.6874019747307822
2813,3,172,250504,12,172,1,1,-1,2,1,0.6666666666666666,0.0,0.6666666666666666,11.84916910403644,1.2069489608125807
2814,1,172,250504,12,172,1,1,-1,2,1,0.7333333333333334,0.0,1.0,7.97796809312855,0.48045301391820033
2815,44,159,144340,12,159,1,1,-1,2,1,0.7333333333333334,0.0,1.0,2.1972245773362196,0.48045301391820094
2816,1,22,2816,12,22,1,1,22,2,1,0.6190476190476191,0.0,0.6666666666666666,27.780260250296426,1.2069489608125845
2817,3,84,9232,12,84,1,1,84,2,1,0.7333333333333334,0.0,1.0,102.22322774165835,0.480453013918204
2818,1,84,9232,12,84,2,1,84,3,2,0.6031746031746031,0.6365141682928128,0.75,103.0862739590137,1.6874019747307807
2819,6,84,12688,12,84,1,1,-1,2,1,0.6666666666666666,0.0,0.6666666666666666,2.1972245773362196,1.2069489608125816
2820,1,35,2820,12,35,1,1,35,2,1,0.7333333333333334,0.0,1.0,43.212948292788965,0.480453013918204
2821,3,35,8464,12,35,1,1,35,2,1,0.7333333333333334,0.0,1.0,43.212948292788965,0.480453013918204
2822,1,35,6352,12,35,1,1,35,2,1,0.6666666666666666,0.0,0.6666666666666666,43.212948292788965,1.2069489608125767
2823,11,58,19060,12,58,1,1,-1,2,1,0.7333333333333334,0.0,1.0,2.1972245773362196,0.48045301391820094
2824,1,128,9232,12,128,2,1,128,3,2,0.6031746031746031,0.6365141682928128,0.75,156.89117403699433,1.6874019747307807
2825,3,84,14308,12,84,1,1,-1,2,1,0.6666666666666666,0.0,0.6666666666666666,7.690286020676769,1.2069489608125807
2826,1,128,9232,12,128,1,1,128,2,1,0.7333333333333334,0.0,1.0,156.60349196454254,0.4804530139182434
2827,8,110,39364,12,110,1,1,-1,2,1,0.7333333333333334,0.0,1.0,2.1972245773362196,0.48045301391820094
2828,1,128,9232,12,128,1,1,128,2,1,0.6190476190476191,0.0,0.6666666666666666,156.89117403699433,1.2069489608125767
2829,3,128,9232,12,128,1,1,128,2,1,0.7333333333333334,0.0,1.0,156.60349196454254,0.4804530139182434
2830,1,35,9556,12,35,2,1,35,3,2,0.6031746031746031,0.6365141682928128,0.75,42.925266220337186,1.6874019747307807
2831,11,35,28672,12,35,1,1,-1,2,1,0.6666666666666666,0.0,0.6666666666666666,2.1972245773362196,1.2069489608125816
2832,1,35,2832,12,35,1,1,35,2,1,0.7333333333333334,0.0,1.0,42.925266220337186,0.480453013918204
2833,3,128,9232,12,128,1,1,128,2,1,0.7333333333333334,0.0,1.0,156.31580989209078,0.4804530139181646
2834,1,79,8080,12,79,1,1,79,2,1,0.6666666666666666,0.0,0.6666666666666666,95.86712008096247,1.2069489608125767
2835,6,79,12760,12,79,1,1,-1,2,1,0.7333333333333334,0.0,1.0,2.1972245773362196,0.48045301391820094
2836,1,35,2836,12,35,2,1,35,3,2,0.6031746031746031,0.6365141682928128,0.75,43.500630365240745,1.6874019747307807
2837,3,35,8512,12,35,1,1,35,2,1,0.6666666666666666,0.0,0.6666666666666666,43.212948292788965,1.2069489608125767
2838,1,128,9232,12,128,1,1,128,2,1,0.7333333333333334,0.0,1.0,156.60349196454254,0.4804530139182434
2839,8,128,19168,12,128,1,1,-1,2,1,0.7333333333333334,0.0,1.0,2.1972245773362196,0.48045301391820094
2840,1,35,2840,12,35,1,1,35,2,1,0.6190476190476191,0.0,0.6666666666666666,43.500630365240745,1.2069489608125925
2841,3,79,12148,12,79,1,1,-1,2,1,0.7333333333333334,0.0,1.0,17.054548474925205,0.480453013918204
2842,1,35,4264,12,35,2,1,35,3,2,0.6031746031746031,0.6365141682928128,0.75,43.788312437692525,1.6874019747307807
2843,37,172,138400,12,172,1,1,-1,2,1,0.6666666666666666,0.0,0.6666666666666666,2.1972245773362196,1.2069489608125816
2844,1,66,4804,12,66,1,1,66,2,1,0.7333333333333334,0.0,1.0,81.29747825582525,0.480453013918204
2845,3,66,8536,12,66,1,1,66,2,1,0.7333333333333334,0.0,1.0,81.29747825582525,0.480453013918204
2846,1,66,14416,12,66,1,1,-1,2,1,0.6666666666666666,0.0,0.6666666666666666,7.97796809312855,1.2069489608125827
2847,24,172,43252,12,172,1,1,-1,2,1,0.7333333333333334,0.0,1.0,2.1972245773362196,0.48045301391820094
2848,1,35,2848,12,35,2,1,35,3,2,0.6031746031746031,0.6365141682928128,0.75,43.788312437692525,1.6874019747307807
2849,3,66,8548,12,66,1,1,66,2,1,0.6666666666666666,0.0,0.6666666666666666,80.72211411092168,1.206948960812608
2850,1,27,4276,12,27,1,1,27,2,1,0.7333333333333334,0.0,1.0,33.56100376608876,0.480453013918204
2851,6,27,12832,12,27,1,1,-1,2,1,0.7333333333333334,0.0,1.0,2.1972245773362196,0.48045301391820094
2852,1,27,3616,12,27,1,1,27,2,1,0.6190476190476191,0.0,0.6666666666666666,33.84868583854055,1.2069489608125767
2853,3,27,8560,12,27,1,1,27,2,1,0.7333333333333334,0.0,1.0,33.56100376608876,0.480453013918204
2854,1,27,6424,12,27,2,1,27,3,2,0.6031746031746031,0.6365141682928128,0.75,33.84868583854055,1.687401974730771
2855,13,128,21688,12,128,1,1,-1,2,1,0.6666666666666666,0.0,0.6666666666666666,2.1972245773362196,1.2069489608125816
2856,1,35,2856,12,35,1,1,35,2,1,0.7333333333333334,0.0,1.0,43.212948292788965,0.480453013918204
2857,3,172,32560,12,172,1,1,-1,2,1,0.7333333333333334,0.0,1.0,7.690286020676769,0.48045301391820155
2858,1,35,4288,12,35,1,1,35,2,1,0.6666666666666666,0.0,0.6666666666666666,43.500630365240745,1.2069489608125925
2859,8,79,12868,12,79,1,1,-1,2,1,0.7333333333333334,0.0,1.0,2.1972245773362196,0.48045301391820094
2860,1,27,3220,12,27,2,1,27,3,2,0.6031746031746031,0.6365141682928128,0.75,33.84868583854054,1.6874019747307965
2861,3,27,8584,12,27,1,1,27,2,1,0.6666666666666666,0.0,0.6666666666666666,33.56100376608876,1.2069489608125925
2862,1,27,9664,12,27,1,1,27,2,1,0.7333333333333334,0.0,1.0,33.27332169363698,0.480453013918204
2863,16,79,28996,12,79,1,1,-1,2,1,0.7333333333333334,0.0,1.0,2.1972245773362196,0.48045301391820094
2864,1,35,2864,12,35,1,1,35,2,1,0.6190476190476191,0.0,0.6666666666666666,43.788312437692525,1.2069489608125767
2865,3,27,8596,12,27,1,1,27,2,1,0.7333333333333334,0.0,1.0,33.27332169363698,0.480453013918204
2866,1,27,4840,12,27,2,1,27,3,2,0.6031746031746031,0.6365141682928128,0.75,34.13636791099233,1.6874019747307807
2867,6,27,12904,12,27,1,1,-1,2,1,0.6666666666666666,0.0,0.6666666666666666,2.1972245773362196,1.2069489608125816
2868,1,35,2868,12,35,1,1,35,2,1,0.7333333333333334,0.0,1.0,43.50063036524075,0.48045301391819417
2869,3,35,8608,12,35,1,1,35,2,1,0.7333333333333334,0.0,1.0,43.50063036524075,0.48045301391819417
2870,1,79,39364,12,79,1,1,-1,2,1,0.6666666666666666,0.0,0.6666666666666666,11.561487031584658,1.2069489608125845
2871,8,79,39364,12,79,1,1,-1,2,1,0.7333333333333334,0.0,1.0,2.1972245773362196,0.48045301391820094
2872,1,53,9232,12,53,2,1,53,3,2,0.6031746031746031,0.6365141682928128,0.75,65.28942606842914,1.6874019747307807
2873,3,172,1276936,12,172,1,1,-1,2,1,0.6666666666666666,0.0,0.6666666666666666,21.972245773362197,1.2069489608125845
2874,1,53,9232,12,53,1,1,53,2,1,0.7333333333333334,0.0,1.0,65.00174399597735,0.480453013918204
2875,11,53,14560,12,53,1,1,-1,2,1,0.7333333333333334,0.0,1.0,2.1972245773362196,0.48045301391820094
2876,1,53,9232,12,53,1,1,53,2,1,0.6190476190476191,0.0,0.6666666666666666,65.00174399597735,1.2069489608125767
2877,3,53,9232,12,53,1,1,53,2,1,0.7333333333333334,0.0,1.0,64.71406192352558,0.480453013918204
2878,1,128,41524,12,128,2,1,-1,3,2,0.6031746031746031,0.6365141682928128,0.75,8.26565016558033,1.6874019747307822
2879,32,128,65608,12,128,1,1,-1,2,1,0.6666666666666666,0.0,0.6666666666666666,2.1972245773362196,1.2069489608125816
2880,1,22,2880,12,22,1,1,22,2,1,0.7333333333333334,0.0,1.0,26.917214032941082,0.480453013918204
2881,3,35,8644,12,35,1,1,35,2,1,0.7333333333333334,0.0,1.0,42.925266220337186,0.480453013918204
2882,1,141,9232,12,141,1,1,141,2,1,0.6666666666666666,0.0,0.6666666666666666,172.0361800070351,1.2069489608125767
2883,6,141,12976,12,141,1,1,-1,2,1,0.7333333333333334,0.0,1.0,2.1972245773362196,0.48045301391820094
2884,1,48,2884,12,48,2,1,48,3,2,0.6031746031746031,0.6365141682928128,0.75,59.22100048018505,1.687401974730771
2885,3,48,8656,12,48,1,1,48,2,1,0.6666666666666666,0.0,0.6666666666666666,58.93331840773327,1.2069489608125612
2886,1,48,6496,12,48,1,1,48,2,1,0.7333333333333334,0.0,1.0,58.93331840773327,0.48045301391819417
2887,26,128,24676,12,128,1,1,-1,2,1,0.7333333333333334,0.0,1.0,2.1972245773362196,0.48045301391820094
2888,1,48,2888,12,48,1,1,48,2,1,0.6190476190476191,0.0,0.6666666666666666,59.22100048018505,1.2069489608125767
2889,3,141,14632,12,141,1,1,-1,2,1,0.7333333333333334,0.0,1.0,7.690286020676769,0.48045301391820155
2890,1,48,4336,12,48,2,1,48,3,2,0.6031746031746031,0.6365141682928128,0.75,59.50868255263682,1.6874019747307965
2891,8,48,13012,12,48,1,1,-1,2,1,0.6666666666666666,0.0,0.6666666666666666,2.1972245773362196,1.2069489608125816
2892,1,48,3256,12,48,1,1,48,2,1,0.7333333333333334,0.0,1.0,59.22100048018505,0.48045301391819417
2893,3,48,8680,12,48,1,1,48,2,1,0.7333333333333334,0.0,1.0,59.22100048018505,0.48045301391819417
2894,1,53,10996,12,53,1,1,-1,2,1,0.6666666666666666,0.0,0.6666666666666666,11.273804959132878,1.2069489608125807
2895,13,53,29320,12,53,1,1,-1,2,1,0.7333333333333334,0.0,1.0,2.1972245773362196,0.48045301391820094
2896,1,22,2896,12,22,2,1,22,3,2,0.6031746031746031,0.6365141682928128,0.75,27.780260250296426,1.6874019747307885
2897,3,141,9232,12,141,1,1,141,2,1,0.6666666666666666,0.0,0.6666666666666666,171.17313378967978,1.2069489608125767
2898,1,141,24784,12,141,1,1,-1,2,1,0.7333333333333334,0.0,1.0,11.84916910403644,0.48045301391820155
2899,6,141,24784,12,141,1,1,-1,2,1,0.7333333333333334,0.0,1.0,2.1972245773362196,0.48045301391820094
2900,1,22,2900,12,22,1,1,22,2,1,0.6190476190476191,0.0,0.6666666666666666,27.780260250296426,1.2069489608125845
2901,3,22,8704,12,22,1,1,22,2,1,0.7333333333333334,0.0,1.0,27.492578177844646,0.480453013918204
2902,1,141,9232,12,141,2,1,141,3,2,0.6031746031746031,0.6365141682928128,0.75,172.0361800070351,1.6874019747307807
2903,8,141,19600,12,141,1,1,-1,2,1,0.6666666666666666,0.0,0.6666666666666666,2.1972245773362196,1.2069489608125816
2904,1,48,2904,12,48,1,1,48,2,1,0.7333333333333334,0.0,1.0,58.93331840773326,0.480453013918204
2905,3,48,9808,12,48,1,1,48,2,1,0.7333333333333334,0.0,1.0,58.35795426282971,0.48045301391819417
2906,1,48,4360,12,48,1,1,48,2,1,0.6666666666666666,0.0,0.6666666666666666,59.22100048018504,1.2069489608125767
2907,19,141,22084,12,141,1,1,-1,2,1,0.7333333333333334,0.0,1.0,2.1972245773362196,0.48045301391820094
2908,1,48,4912,12,48,2,1,48,3,2,0.6031746031746031,0.6365141682928128,0.75,59.50868255263682,1.6874019747307807
2909,3,48,8728,12,48,1,1,48,2,1,0.6666666666666666,0.0,0.6666666666666666,59.22100048018505,1.2069489608125612
2910,1,141,14740,12,141,1,1,-1,2,1,0.7333333333333334,0.0,1.0,7.97796809312855,0.48045301391820033
2911,13,141,44224,12,141,1,1,-1,2,1,0.7333333333333334,0.0,1.0,2.1972245773362196,0.48045301391820094
2912,1,97,9232,12,97,1,1,97,2,1,0.6190476190476191,0.0,0.6666666666666666,118.80664407395801,1.206948960812608
2913,3,110,95956,12,110,1,1,-1,2,1,0.7333333333333334,0.0,1.0,11.273804959132878,0.48045301391820155
2914,1,35,4372,12,35,2,1,35,3,2,0.6031746031746031,0.6365141682928128,0.75,43.788312437692525,1.6874019747307807
2915,6,35,13120,12,35,1,1,-1,2,1,0.6666666666666666,0.0,0.6666666666666666,2.1972245773362196,1.2069489608125816
2916,1,35,2916,12,35,1,1,35,2,1,0.7333333333333334,0.0,1.0,43.50063036524075,0.48045301391819417
2917,3,35,8752,12,35,1,1,35,2,1,0.7333333333333334,0.0,1.0,43.50063036524075,0.48045301391819417
2918,1,35,6568,12,35,1,1,35,2,1,0.6666666666666666,0.0,0.6666666666666666,43.50063036524075,1.2069489608125612
2919,42,216,250504,12,216,1,1,-1,2,1,0.7333333333333334,0.0,1.0,2.1972245773362196,0.48045301391820094
2920,1,97,9232,12,97,2,1,97,3,2,0.6031746031746031,0.6365141682928128,0.75,119.0943261464098,1.6874019747307807
2921,3,79,22192,12,79,1,1,-1,2,1,0.6666666666666666,0.0,0.6666666666666666,7.690286020676769,1.2069489608125807
2922,1,97,9232,12,97,1,1,97,2,1,0.7333333333333334,0.0,1.0,118.80664407395801,0.480453013918204
2923,8,141,13156,12,141,1,1,-1,2,1,0.7333333333333334,0.0,1.0,2.1972245773362196,0.48045301391820094
2924,1,141,9232,12,141,1,1,141,2,1,0.6190476190476191,0.0,0.6666666666666666,172.61154415193866,1.2069489608125767
2925,3,141,9232,12,141,1,1,141,2,1,0.7333333333333334,0.0,1.0,172.3238620794869,0.480453013918204
2926,1,141,9880,12,141,2,1,141,3,2,0.6031746031746031,0.6365141682928128,0.75,172.3238620794869,1.6874019747307183
2927,26,172,33352,12,172,1,1,-1,2,1,0.6666666666666666,0.0,0.6666666666666666,2.1972245773362196,1.2069489608125816
2928,1,97,9232,12,97,1,1,97,2,1,0.7333333333333334,0.0,1.0,118.51896200150624,0.480453013918204
2929,3,97,9232,12,97,1,1,97,2,1,0.7333333333333334,0.0,1.0,118.23127992905445,0.480453013918204
2930,1,35,4948,12,35,1,1,35,2,1,0.6666666666666666,0.0,0.6666666666666666,43.50063036524075,1.2069489608125612
2931,6,35,13192,12,35,1,1,-1,2,1,0.7333333333333334,0.0,1.0,2.1972245773362196,0.48045301391820094
2932,1,97,9232,12,97,2,1,97,3,2,0.6031746031746031,0.6365141682928128,0.75,119.0943261464098,1.6874019747307807
2933,3,97,9232,12,97,1,1,97,2,1,0.6666666666666666,0.0,0.6666666666666666,118.80664407395803,1.2069489608125767
2934,1,141,9232,12,141,1,1,141,2,1,0.7333333333333334,0.0,1.0,172.0361800070351,0.480453013918204
2935,8,141,19816,12,141,1,1,-1,2,1,0.7333333333333334,0.0,1.0,2.1972245773362196,0.48045301391820094
2936,1,48,4192,12,48,1,1,48,2,1,0.6190476190476191,0.0,0.6666666666666666,59.50868255263682,1.2069489608125925
2937,3,53,25108,12,53,1,1,-1,2,1,0.7333333333333334,0.0,1.0,10.986122886681096,0.48045301391820155
2938,1,48,4408,12,48,2,1,48,3,2,0.6031746031746031,0.6365141682928128,0.75,59.7963646250886,1.6874019747307807
2939,13,79,80512,12,79,1,1,-1,2,1,0.6666666666666666,0.0,0.6666666666666666,2.1972245773362196,1.2069489608125816
2940,1,48,11176,12,48,1,1,-1,2,1,0.7333333333333334,0.0,1.0,11.84916910403644,0.48045301391820155
2941,3,48,11176,12,48,1,1,-1,2,1,0.7333333333333334,0.0,1.0,11.84916910403644,0.48045301391820155
2942,1,172,190996,12,172,1,1,-1,2,1,0.6666666666666666,0.0,0.6666666666666666,7.97796809312855,1.2069489608125827
2943,47,172,190996,12,172,1,1,-1,2,1,0.7333333333333334,0.0,1.0,2.1972245773362196,0.48045301391820094
2944,1,22,2944,12,22,2,1,22,3,2,0.6031746031746031,0.6365141682928128,0.75,28.067942322748205,1.6874019747307885
2945,3,79,9448,12,79,1,1,79,2,1,0.6666666666666666,0.0,0.6666666666666666,96.15480215341424,1.206948960812608
2946,1,97,9232,12,97,1,1,97,2,1,0.7333333333333334,0.0,1.0,118.80664407395803,0.4804530139181843
2947,6,97,13264,12,97,1,1,-1,2,1,0.7333333333333334,0.0,1.0,2.1972245773362196,0.48045301391820094
2948,1,141,9232,12,141,1,1,141,2,1,0.6190476190476191,0.0,0.6666666666666666,171.74849793458333,1.2069489608125767
2949,3,141,9232,12,141,1,1,141,2,1,0.7333333333333334,0.0,1.0,171.46081586213157,0.4804530139181646
2950,1,141,9232,12,141,2,1,141,3,2,0.6031746031746031,0.6365141682928128,0.75,171.74849793458333,1.6874019747307807
2951,11,97,19924,12,97,1,1,-1,2,1,0.6666666666666666,0.0,0.6666666666666666,2.1972245773362196,1.2069489608125816
2952,1,22,2952,12,22,1,1,22,2,1,0.7333333333333334,0.0,1.0,27.204896105392862,0.480453013918204
2953,3,123,345544,12,123,1,1,-1,2,1,0.7333333333333334,0.0,1.0,7.690286020676769,0.48045301391820155
2954,1,22,4432,12,22,1,1,22,2,1,0.6666666666666666,0.0,0.6666666666666666,27.492578177844646,1.2069489608125845
2955,8,141,18952,12,141,1,1,-1,2,1,0.7333333333333334,0.0,1.0,2.1972245773362196,0.48045301391820094
2956,1,22,3328,12,22,2,1,22,3,2,0.6031746031746031,0.6365141682928128,0.75,27.780260250296426,1.6874019747307885
2957,3,22,8872,12,22,1,1,22,2,1,0.6666666666666666,0.0,0.6666666666666666,27.492578177844646,1.2069489608125845
2958,1,97,9988,12,97,1,1,97,2,1,0.7333333333333334,0.0,1.0,117.36823371169912,0.4804530139181843
2959,11,97,29968,12,97,1,1,-1,2,1,0.7333333333333334,0.0,1.0,2.1972245773362196,0.48045301391820094
2960,1,48,2960,12,48,1,1,48,2,1,0.6190476190476191,0.0,0.6666666666666666,59.50868255263682,1.2069489608125767
2961,3,35,8884,12,35,1,1,35,2,1,0.7333333333333334,0.0,1.0,42.925266220337186,0.480453013918204
2962,1,35,7504,12,35,2,1,35,3,2,0.6031746031746031,0.6365141682928128,0.75,43.212948292788965,1.6874019747307807
2963,6,35,13336,12,35,1,1,-1,2,1,0.6666666666666666,0.0,0.6666666666666666,2.1972245773362196,1.2069489608125816
2964,1,48,2964,12,48,1,1,48,2,1,0.7333333333333334,0.0,1.0,59.22100048018504,0.480453013918204
2965,3,48,8896,12,48,1,1,48,2,1,0.7333333333333334,0.0,1.0,59.22100048018504,0.480453013918204
2966,1,141,9232,12,141,1,1,141,2,1,0.6666666666666666,0.0,0.6666666666666666,171.74849793458333,1.2069489608125767
2967,8,141,20032,12,141,1,1,-1,2,1,0.7333333333333334,0.0,1.0,2.1972245773362196,0.48045301391820094
2968,1,48,2968,12,48,2,1,48,3,2,0.6031746031746031,0.6365141682928128,0.75,59.7963646250886,1.6874019747307807
2969,3,141,10024,12,141,1,1,-1,2,1,0.6666666666666666,0.0,0.6666666666666666,5.493061443340549,1.2069489608125827
2970,1,48,4456,12,48,1,1,48,2,1,0.7333333333333334,0.0,1.0,59.50868255263682,0.480453013918204
2971,16,48,33856,12,48,1,1,-1,2,1,0.7333333333333334,0.0,1.0,2.1972245773362196,0.48045301391820094
2972,1,97,14308,12,97,1,1,-1,2,1,0.6190476190476191,0.0,0.6666666666666666,23.122974063169323,1.2069489608125845
2973,3,97,14308,12,97,1,1,-1,2,1,0.7333333333333334,0.0,1.0,22.835291990717543,0.48045301391819906
2974,1,97,15064,12,97,2,1,-1,3,2,0.6031746031746031,0.6365141682928128,0.75,6.068425588244111,1.6874019747307842
2975,19,48,50848,12,48,1,1,-1,2,1,0.6666666666666666,0.0,0.6666666666666666,2.1972245773362196,1.2069489608125816
2976,1,22,2976,12,22,1,1,22,2,1,0.7333333333333334,0.0,1.0,27.204896105392866,0.48045301391819906
2977,3,141,9232,12,141,1,1,141,2,1,0.7333333333333334,0.0,1.0,171.17313378967978,0.4804530139181646
2978,1,48,4468,12,48,1,1,48,2,1,0.6666666666666666,0.0,0.6666666666666666,59.50868255263683,1.2069489608125767
2979,6,48,13408,12,48,1,1,-1,2,1,0.7333333333333334,0.0,1.0,2.1972245773362196,0.48045301391820094
2980,1,92,8080,12,92,2,1,92,3,2,0.6031746031746031,0.6365141682928128,0.75,111.5874901959068,1.687401974730812
2981,3,92,8944,12,92,1,1,92,2,1,0.6666666666666666,0.0,0.6666666666666666,111.29980812345502,1.2069489608125767
2982,1,92,8080,12,92,1,1,92,2,1,0.7333333333333334,0.0,1.0,111.29980812345502,0.4804530139181843
2983,24,141,22660,12,141,1,1,-1,2,1,0.7333333333333334,0.0,1.0,2.1972245773362196,0.48045301391820094
2984,1,22,2984,12,22,1,1,22,2,1,0.6190476190476191,0.0,0.6666666666666666,27.780260250296426,1.2069489608125845
2985,3,141,51028,12,141,1,1,-1,2,1,0.7333333333333334,0.0,1.0,5.493061443340549,0.48045301391820155
2986,1,22,4480,12,22,2,1,22,3,2,0.6031746031746031,0.6365141682928128,0.75,28.067942322748205,1.6874019747307885
2987,8,48,13444,12,48,1,1,-1,2,1,0.6666666666666666,0.0,0.6666666666666666,2.1972245773362196,1.2069489608125816
2988,1,48,4264,12,48,1,1,48,2,1,0.7333333333333334,0.0,1.0,59.22100048018504,0.480453013918204
2989,3,48,8968,12,48,1,1,48,2,1,0.7333333333333334,0.0,1.0,59.22100048018504,0.480453013918204
2990,1,48,10096,12,48,1,1,-1,2,1,0.6666666666666666,0.0,0.6666666666666666,5.78074351579233,1.2069489608125827
2991,13,48,30292,12,48,1,1,-1,2,1,0.7333333333333334,0.0,1.0,2.1972245773362196,0.48045301391820094
2992,1,48,2992,12,48,2,1,48,3,2,0.6031746031746031,0.6365141682928128,0.75,59.7963646250886,1.6874019747307807
2993,3,48,8980,12,48,1,1,48,2,1,0.6666666666666666,0.0,0.6666666666666666,58.93331840773326,1.2069489608125767
2994,1,48,5056,12,48,1,1,48,2,1,0.7333333333333334,0.0,1.0,59.22100048018504,0.480453013918204
2995,6,48,13480,12,48,1,1,-1,2,1,0.7333333333333334,0.0,1.0,2.1972245773362196,0.48045301391820094
2996,1,48,2996,12,48,1,1,48,2,1,0.6190476190476191,0.0,0.6666666666666666,59.7963646250886,1.2069489608125767
2997,3,48,8992,12,48,1,1,48,2,1,0.7333333333333334,0.0,1.0,59.50868255263683,0.48045301391819417
2998,1,48,11392,12,48,2,1,-1,3,2,0.6031746031746031,0.6365141682928128,0.75,11.561487031584658,1.6874019747307822
2999,8,48,20248,12,48,1,1,-1,2,1,0.6666666666666666,0.0,0.6666666666666666,2.1972245773362196,1.2069489608125816
3000,1,48,3000,12,48,1,1,48,2,1,0.7333333333333334,0.0,1.0,59.50868255263683,0.48045301391819417
3001,3,40,10132,12,40,1,1,-1,2,1,0.7333333333333334,0.0,1.0,5.493061443340549,0.48045301391820155
3002,1,48,4504,12,48,1,1,48,2,1,0.6666666666666666,0.0,0.6666666666666666,59.7963646250886,1.2069489608125767
3003,11,40,15208,12,40,1,1,-1,2,1,0.7333333333333334,0.0,1.0,2.1972245773362196,0.48045301391820094
3004,1,141,21688,12,141,2,1,-1,3,2,0.6031746031746031,0.6365141682928128,0.75,17.342230547376985,1.6874019747307885
3005,3,141,21688,12,141,1,1,-1,2,1,0.6666666666666666,0.0,0.6666666666666666,17.054548474925205,1.2069489608125845
3006,1,141,22840,12,141,1,1,-1,2,1,0.7333333333333334,0.0,1.0,5.78074351579233,0.48045301391820155
3007,34,154,250504,12,154,1,1,-1,2,1,0.7333333333333334,0.0,1.0,2.1972245773362196,0.48045301391820094
3008,1,110,9232,12,110,1,1,110,2,1,0.6190476190476191,0.0,0.6666666666666666,134.8146962613541,1.2069489608125767
3009,3,40,9028,12,40,1,1,40,2,1,0.7333333333333334,0.0,1.0,48.70600973612951,0.48045301391819417
3010,1,40,8584,12,40,2,1,40,3,2,0.6031746031746031,0.6365141682928128,0.75,49.28137388103306,1.6874019747307807
3011,6,40,13552,12,40,1,1,-1,2,1,0.6666666666666666,0.0,0.6666666666666666,2.1972245773362196,1.2069489608125816
3012,1,22,3012,12,22,1,1,22,2,1,0.7333333333333334,0.0,1.0,27.492578177844646,0.48045301391819906
3013,3,22,9040,12,22,1,1,22,2,1,0.7333333333333334,0.0,1.0,27.492578177844646,0.48045301391819906
3014,1,22,6784,12,22,1,1,22,2,1,0.6666666666666666,0.0,0.6666666666666666,27.492578177844646,1.2069489608125767
3015,13,92,28996,12,92,1,1,-1,2,1,0.7333333333333334,0.0,1.0,2.1972245773362196,0.48045301391820094
3016,1,66,9232,12,66,2,1,66,3,2,0.6031746031746031,0.6365141682928128,0.75,81.00979618337348,1.6874019747307298
3017,3,40,15280,12,40,1,1,-1,2,1,0.6666666666666666,0.0,0.6666666666666666,5.493061443340549,1.2069489608125827
3018,1,66,9232,12,66,1,1,66,2,1,0.7333333333333334,0.0,1.0,80.7221141109217,0.480453013918204
3019,8,66,13588,12,66,1,1,-1,2,1,0.7333333333333334,0.0,1.0,2.1972245773362196,0.48045301391820094
3020,1,66,9232,12,66,1,1,66,2,1,0.6190476190476191,0.0,0.6666666666666666,81.00979618337348,1.2069489608125457
3021,3,66,9232,12,66,1,1,66,2,1,0.7333333333333334,0.0,1.0,80.7221141109217,0.480453013918204
3022,1,92,39364,12,92,2,1,-1,3,2,0.6031746031746031,0.6365141682928128,0.75,6.068425588244111,1.6874019747307842
3023,16,92,39364,12,92,1,1,-1,2,1,0.6666666666666666,0.0,0.6666666666666666,2.1972245773362196,1.2069489608125816
3024,1,110,9232,12,110,1,1,110,2,1,0.7333333333333334,0.0,1.0,134.23933211645056,0.4804530139181646
3025,3,66,9232,12,66,1,1,66,2,1,0.7333333333333334,0.0,1.0,80.43443203846992,0.4804530139181843
3026,1,66,14560,12,66,1,1,-1,2,1,0.6666666666666666,0.0,0.6666666666666666,11.561487031584658,1.2069489608125807
3027,6,66,14560,12,66,1,1,-1,2,1,0.7333333333333334,0.0,1.0,2.1972245773362196,0.48045301391820094
3028,1,110,9232,12,110,2,1,110,3,2,0.6031746031746031,0.6365141682928128,0.75,134.8146962613541,1.6874019747307807
3029,3,110,9232,12,110,1,1,110,2,1,0.6666666666666666,0.0,0.6666666666666666,134.52701418890234,1.2069489608125143
3030,1,141,65608,12,141,1,1,-1,2,1,0.7333333333333334,0.0,1.0,17.054548474925205,0.480453013918204
3031,8,141,65608,12,141,1,1,-1,2,1,0.7333333333333334,0.0,1.0,2.1972245773362196,0.48045301391820094
3032,1,61,3032,12,61,1,1,61,2,1,0.6190476190476191,0.0,0.6666666666666666,74.94137059512936,1.206948960812608
3033,3,22,10240,12,22,1,1,-1,2,1,0.7333333333333334,0.0,1.0,5.493061443340549,0.48045301391820155
3034,1,61,4552,12,61,2,1,61,3,2,0.6031746031746031,0.6365141682928128,0.75,75.22905266758114,1.6874019747307807
3035,13,154,23056,12,154,1,1,-1,2,1,0.6666666666666666,0.0,0.6666666666666666,2.1972245773362196,1.2069489608125816
3036,1,61,5128,12,61,1,1,61,2,1,0.7333333333333334,0.0,1.0,74.65368852267757,0.4804530139182237
3037,3,61,9112,12,61,1,1,61,2,1,0.7333333333333334,0.0,1.0,74.65368852267757,0.4804530139182237
3038,1,154,25972,12,154,1,1,-1,2,1,0.6666666666666666,0.0,0.6666666666666666,5.78074351579233,1.2069489608125827
3039,21,154,46168,12,154,1,1,-1,2,1,0.7333333333333334,0.0,1.0,2.1972245773362196,0.48045301391820094
3040,1,110,9232,12,110,2,1,110,3,2,0.6031746031746031,0.6365141682928128,0.75,135.1023783338059,1.6874019747307807
3041,3,154,17332,12,154,1,1,-1,2,1,0.6666666666666666,0.0,0.6666666666666666,10.986122886681096,1.2069489608125807
3042,1,110,9232,12,110,1,1,110,2,1,0.7333333333333334,0.0,1.0,134.52701418890234,0.4804530139181646
3043,6,110,13696,12,110,1,1,-1,2,1,0.7333333333333334,0.0,1.0,2.1972245773362196,0.48045301391820094
3044,1,35,3044,12,35,1,1,35,2,1,0.6190476190476191,0.0,0.6666666666666666,43.500630365240745,1.2069489608125925
3045,3,35,9136,12,35,1,1,35,2,1,0.7333333333333334,0.0,1.0,43.212948292788965,0.480453013918204
3046,1,35,6856,12,35,2,1,35,3,2,0.6031746031746031,0.6365141682928128,0.75,43.500630365240745,1.6874019747307965
3047,16,61,34720,12,61,1,1,-1,2,1,0.6666666666666666,0.0,0.6666666666666666,2.1972245773362196,1.2069489608125816
3048,1,110,9232,12,110,1,1,110,2,1,0.7333333333333334,0.0,1.0,134.52701418890234,0.4804530139181646
3049,3,123,250504,12,123,1,1,-1,2,1,0.7333333333333334,0.0,1.0,5.493061443340549,0.48045301391820155
3050,1,110,9232,12,110,1,1,110,2,1,0.6666666666666666,0.0,0.6666666666666666,134.8146962613541,1.2069489608125767
3051,8,154,26080,12,154,1,1,-1,2,1,0.7333333333333334,0.0,1.0,2.1972245773362196,0.48045301391820094
3052,1,154,9232,12,154,2,1,154,3,2,0.6031746031746031,0.6365141682928128,0.75,187.75655012197944,1.6874019747307807
3053,3,154,9232,12,154,1,1,154,2,1,0.6666666666666666,0.0,0.6666666666666666,187.46886804952766,1.2069489608125767
3054,1,154,10312,12,154,1,1,-1,2,1,0.7333333333333334,0.0,1.0,5.78074351579233,0.48045301391820155
3055,47,92,223072,12,92,1,1,-1,2,1,0.7333333333333334,0.0,1.0,2.1972245773362196,0.48045301391820094
3056,1,48,4372,12,48,1,1,48,2,1,0.6190476190476191,0.0,0.6666666666666666,59.7963646250886,1.2069489608125925
3057,3,110,9232,12,110,1,1,110,2,1,0.7333333333333334,0.0,1.0,134.23933211645056,0.4804530139181646
3058,1,61,5812,12,61,2,1,61,3,2,0.6031746031746031,0.6365141682928128,0.75,74.65368852267757,1.6874019747308318
3059,6,61,13768,12,61,1,1,-1,2,1,0.6666666666666666,0.0,0.6666666666666666,2.1972245773362196,1.2069489608125816
3060,1,48,4372,12,48,1,1,48,2,1,0.7333333333333334,0.0,1.0,59.50868255263683,0.48045301391819417
3061,3,48,9184,12,48,1,1,48,2,1,0.7333333333333334,0.0,1.0,59.50868255263683,0.48045301391819417
3062,1,61,8728,12,61,1,1,61,2,1,0.6666666666666666,0.0,0.6666666666666666,73.79064230532224,1.2069489608125767
3063,8,61,20680,12,61,1,1,-1,2,1,0.7333333333333334,0.0,1.0,2.1972245773362196,0.48045301391820094
3064,1,48,13120,12,48,2,1,-1,3,2,0.6031746031746031,0.6365141682928128,0.75,18.205276764732332,1.6874019747307885
3065,3,154,44224,12,154,1,1,-1,2,1,0.6666666666666666,0.0,0.6666666666666666,5.493061443340549,1.2069489608125827
3066,1,48,13120,12,48,1,1,-1,2,1,0.7333333333333334,0.0,1.0,17.91759469228055,0.480453013918204
3067,21,61,17476,12,61,1,1,-1,2,1,0.7333333333333334,0.0,1.0,2.1972245773362196,0.48045301391820094
3068,1,61,39364,12,61,1,1,-1,2,1,0.6190476190476191,0.0,0.6666666666666666,11.849169104036438,1.2069489608125807
3069,3,61,39364,12,61,1,1,-1,2,1,0.7333333333333334,0.0,1.0,11.561487031584658,0.48045301391820155
3070,1,61,118096,12,61,2,1,-1,3,2,0.6031746031746031,0.6365141682928128,0.75,6.068425588244111,1.6874019747307842
3071,88,154,1276936,12,154,1,1,-1,2,1,0.6666666666666666,0.0,0.6666666666666666,2.1972245773362196,1.2069489608125816
3072,1,17,3072,12,17,1,1,17,2,1,0.7333333333333334,0.0,1.0,20.273424299793405,0.480453013918204
3073,3,110,9232,12,110,1,1,110,2,1,0.7333333333333334,0.0,1.0,133.66396797154698,0.480453013918204
3074,1,154,9232,12,154,1,1,154,2,1,0.6666666666666666,0.0,0.6666666666666666,188.0442321944312,1.2069489608125767
3075,6,154,13840,12,154,1,1,-1,2,1,0.7333333333333334,0.0,1.0,2.1972245773362196,0.48045301391820094
3076,1,35,3076,12,35,2,1,35,3,2,0.6031746031746031,0.6365141682928128,0.75,43.500630365240745,1.6874019747307807
3077,3,35,9232,12,35,1,1,35,2,1,0.6666666666666666,0.0,0.6666666666666666,43.212948292788965,1.2069489608125767
3078,1,35,6928,12,35,1,1,35,2,1,0.7333333333333334,0.0,1.0,43.212948292788965,0.480453013918204
3079,11,154,20788,12,154,1,1,-1,2,1,0.7333333333333334,0.0,1.0,2.1972245773362196,0.48045301391820094
3080,1,35,3080,12,35,1,1,35,2,1,0.6190476190476191,0.0,0.6666666666666666,43.500630365240745,1.2069489608125767
3081,3,154,15604,12,154,1,1,-1,2,1,0.7333333333333334,0.0,1.0,5.493061443340549,0.48045301391820155
3082,1,35,4624,12,35,2,1,35,3,2,0.6031746031746031,0.6365141682928128,0.75,43.788312437692525,1.6874019747307807
3083,8,35,13876,12,35,1,1,-1,2,1,0.6666666666666666,0.0,0.6666666666666666,2.1972245773362196,1.2069489608125816
3084,1,35,3472,12,35,1,1,35,2,1,0.7333333333333334,0.0,1.0,43.500630365240745,0.480453013918204
3085,3,35,9256,12,35,1,1,35,2,1,0.7333333333333334,0.0,1.0,43.500630365240745,0.480453013918204
3086,1,110,10420,12,110,1,1,-1,2,1,0.6666666666666666,0.0,0.6666666666666666,5.78074351579233,1.2069489608125827
3087,11,110,31264,12,110,1,1,-1,2,1,0.7333333333333334,0.0,1.0,2.1972245773362196,0.48045301391820094
3088,1,123,9232,12,123,2,1,123,3,2,0.6031746031746031,0.6365141682928128,0.75,150.53506637629843,1.6874019747308828
3089,3,35,9268,12,35,1,1,35,2,1,0.6666666666666666,0.0,0.6666666666666666,43.212948292788965,1.2069489608125767
3090,1,61,7828,12,61,1,1,61,2,1,0.7333333333333334,0.0,1.0,74.3660064502258,0.480453013918204
3091,6,61,13912,12,61,1,1,-1,2,1,0.7333333333333334,0.0,1.0,2.1972245773362196,0.48045301391820094
3092,1,123,9232,12,123,1,1,123,2,1,0.6190476190476191,0.0,0.6666666666666666,150.53506637629843,1.2069489608126394
3093,3,123,9280,12,123,1,1,123,2,1,0.7333333333333334,0.0,1.0,150.24738430384664,0.480453013918204
3094,1,35,6964,12,35,2,1,35,3,2,0.6031746031746031,0.6365141682928128,0.75,43.500630365240745,1.6874019747307807
3095,8,35,20896,12,35,1,1,-1,2,1,0.6666666666666666,0.0,0.6666666666666666,2.1972245773362196,1.2069489608125816
3096,1,123,9232,12,123,1,1,123,2,1,0.7333333333333334,0.0,1.0,150.24738430384664,0.480453013918204
3097,3,185,190996,12,185,1,1,-1,2,1,0.7333333333333334,0.0,1.0,5.493061443340549,0.48045301391820155
3098,1,123,9232,12,123,1,1,123,2,1,0.6666666666666666,0.0,0.6666666666666666,150.53506637629843,1.2069489608126394
3099,50,136,67048,12,136,1,1,-1,2,1,0.7333333333333334,0.0,1.0,2.1972245773362196,0.48045301391820094
3100,1,154,9232,12,154,2,1,154,3,2,0.6031746031746031,0.6365141682928128,0.75,187.46886804952766,1.6874019747307807
3101,3,154,9304,12,154,1,1,154,2,1,0.6666666666666666,0.0,0.6666666666666666,187.18118597707587,1.2069489608125767
3102,1,154,15712,12,154,1,1,-1,2,1,0.7333333333333334,0.0,1.0,5.78074351579233,0.48045301391820155
3103,26,92,59668,12,92,1,1,-1,2,1,0.7333333333333334,0.0,1.0,2.1972245773362196,0.48045301391820094
3104,1,123,9232,12,123,1,1,123,2,1,0.6190476190476191,0.0,0.6666666666666666,150.53506637629843,1.2069489608126394
3105,3,154,9316,12,154,1,1,154,2,1,0.7333333333333334,0.0,1.0,186.31813975972054,0.480453013918204
3106,1,123,9232,12,123,2,1,123,3,2,0.6031746031746031,0.6365141682928128,0.75,150.82274844875022,1.6874019747307807
3107,6,123,13984,12,123,1,1,-1,2,1,0.6666666666666666,0.0,0.6666666666666666,2.1972245773362196,1.2069489608125816
3108,1,35,3940,12,35,1,1,35,2,1,0.7333333333333334,0.0,1.0,43.212948292788965,0.480453013918204
3109,3,35,9328,12,35,1,1,35,2,1,0.7333333333333334,0.0,1.0,43.212948292788965,0.480453013918204
3110,1,35,7000,12,35,1,1,35,2,1,0.6666666666666666,0.0,0.6666666666666666,43.212948292788965,1.2069489608125767
3111,13,35,23632,12,35,1,1,-1,2,1,0.7333333333333334,0.0,1.0,2.1972245773362196,0.48045301391820094
3112,1,123,9232,12,123,2,1,123,3,2,0.6031746031746031,0.6365141682928128,0.75,150.82274844875022,1.6874019747307807
3113,3,92,95956,12,92,1,1,-1,2,1,0.6666666666666666,0.0,0.6666666666666666,5.493061443340549,1.2069489608125827
3114,1,123,9232,12,123,1,1,123,2,1,0.7333333333333334,0.0,1.0,150.53506637629843,0.4804530139182434
3115,8,61,14020,12,61,1,1,-1,2,1,0.7333333333333334,0.0,1.0,2.1972245773362196,0.48045301391820094
3116,1,61,3508,12,61,1,1,61,2,1,0.6190476190476191,0.0,0.6666666666666666,75.51673474003293,1.2069489608125457
3117,3,61,9352,12,61,1,1,61,2,1,0.7333333333333334,0.0,1.0,75.22905266758114,0.480453013918204
3118,1,61,10528,12,61,2,1,-1,3,2,0.6031746031746031,0.6365141682928128,0.75,6.068425588244111,1.6874019747307842
3119,19,48,31588,12,48,1,1,-1,2,1,0.6666666666666666,0.0,0.6666666666666666,2.1972245773362196,1.2069489608125816
3120,1,123,9232,12,123,1,1,123,2,1,0.7333333333333334,0.0,1.0,150.24738430384664,0.480453013918204
3121,3,61,9364,12,61,1,1,61,2,1,0.7333333333333334,0.0,1.0,74.94137059512936,0.480453013918204
3122,1,61,5272,12,61,1,1,61,2,1,0.6666666666666666,0.0,0.6666666666666666,75.22905266758114,1.2069489608125767
3123,6,61,14056,12,61,1,1,-1,2,1,0.7333333333333334,0.0,1.0,2.1972245773362196,0.48045301391820094
3124,1,123,9232,12,123,2,1,123,3,2,0.6031746031746031,0.6365141682928128,0.75,150.82274844875022,1.6874019747307807
3125,3,123,9376,12,123,1,1,123,2,1,0.6666666666666666,0.0,0.6666666666666666,150.53506637629843,1.2069489608126394
3126,1,154,26728,12,154,1,1,-1,2,1,0.7333333333333334,0.0,1.0,11.273804959132878,0.48045301391819906
3127,8,154,26728,12,154,1,1,-1,2,1,0.7333333333333334,0.0,1.0,2.1972245773362196,0.48045301391820094
3128,1,123,9232,12,123,1,1,123,2,1,0.6190476190476191,0.0,0.6666666666666666,150.53506637629843,1.2069489608126394
3129,3,110,14308,12,110,1,1,-1,2,1,0.7333333333333334,0.0,1.0,5.493061443340549,0.48045301391820155
3130,1,123,9232,12,123,2,1,123,3,2,0.6031746031746031,0.6365141682928128,0.75,150.82274844875022,1.6874019747307807
3131,11,110,15856,12,110,1,1,-1,2,1,0.6666666666666666,0.0,0.6666666666666666,2.1972245773362196,1.2069489608125816
3132,1,123,9232,12,123,1,1,123,2,1,0.7333333333333334,0.0,1.0,149.95970223139486,0.4804530139182434
3133,3,123,9400,12,123,1,1,123,2,1,0.7333333333333334,0.0,1.0,149.95970223139486,0.4804530139182434
3134,1,61,23812,12,61,1,1,-1,2,1,0.6666666666666666,0.0,0.6666666666666666,5.78074351579233,1.2069489608125827
3135,21,61,71440,12,61,1,1,-1,2,1,0.7333333333333334,0.0,1.0,2.1972245773362196,0.48045301391820094
3136,1,30,3136,12,30,2,1,30,3,2,0.6031746031746031,0.6365141682928128,0.75,37.432204776996656,1.6874019747307554
3137,3,35,9412,12,35,1,1,35,2,1,0.6666666666666666,0.0,0.6666666666666666,42.637584147885406,1.2069489608125767
3138,1,35,4708,12,35,1,1,35,2,1,0.7333333333333334,0.0,1.0,43.50063036524075,0.48045301391819417
3139,6,35,14128,12,35,1,1,-1,2,1,0.7333333333333334,0.0,1.0,2.1972245773362196,0.48045301391820094
3140,1,123,9232,12,123,1,1,123,2,1,0.6190476190476191,0.0,0.6666666666666666,150.82274844875022,1.2069489608125767
3141,3,123,9424,12,123,1,1,123,2,1,0.7333333333333334,0.0,1.0,150.53506637629843,0.4804530139182434
3142,1,123,9232,12,123,2,1,123,3,2,0.6031746031746031,0.6365141682928128,0.75,150.82274844875022,1.6874019747307807
3143,19,105,21220,12,105,1,1,-1,2,1,0.6666666666666666,0.0,0.6666666666666666,2.1972245773362196,1.2069489608125816
3144,1,61,3144,12,61,1,1,61,2,1,0.7333333333333334,0.0,1.0,75.22905266758114,0.480453013918204
3145,3,61,15928,12,61,1,1,-1,2,1,0.7333333333333334,0.0,1.0,5.493061443340549,0.48045301391820155
3146,1,61,4720,12,61,1,1,61,2,1,0.6666666666666666,0.0,0.6666666666666666,75.51673474003293,1.2069489608125767
3147,8,123,14164,12,123,1,1,-1,2,1,0.7333333333333334,0.0,1.0,2.1972245773362196,0.48045301391820094
3148,1,61,3544,12,61,2,1,61,3,2,0.6031746031746031,0.6365141682928128,0.75,75.8044168124847,1.6874019747307807
3149,3,61,9448,12,61,1,1,61,2,1,0.6666666666666666,0.0,0.6666666666666666,75.51673474003293,1.2069489608125767
3150,1,61,11968,12,61,1,1,-1,2,1,0.7333333333333334,0.0,1.0,5.78074351579233,0.48045301391820155
3151,13,61,31912,12,61,1,1,-1,2,1,0.7333333333333334,0.0,1.0,2.1972245773362196,0.48045301391820094
3152,1,30,3152,12,30,1,1,30,2,1,0.6190476190476191,0.0,0.6666666666666666,37.432204776996656,1.2069489608125612
3153,3,61,9460,12,61,1,1,61,2,1,0.7333333333333334,0.0,1.0,74.94137059512936,0.480453013918204
3154,1,92,45520,12,92,2,1,-1,3,2,0.6031746031746031,0.6365141682928128,0.75,11.849169104036438,1.6874019747307822
3155,6,92,45520,12,92,1,1,-1,2,1,0.6666666666666666,0.0,0.6666666666666666,2.1972245773362196,1.2069489608125816
3156,1,30,3156,12,30,1,1,30,2,1,0.7333333333333334,0.0,1.0,37.144522704544876,0.48045301391819417
3157,3,30,9472,12,30,1,1,30,2,1,0.7333333333333334,0.0,1.0,37.144522704544876,0.48045301391819417
3158,1,123,9232,12,123,1,1,123,2,1,0.6666666666666666,0.0,0.6666666666666666,149.95970223139486,1.2069489608126394
3159,8,123,21328,12,123,1,1,-1,2,1,0.7333333333333334,0.0,1.0,2.1972245773362196,0.48045301391820094
3160,1,79,9232,12,79,2,1,79,3,2,0.6031746031746031,0.6365141682928128,0.75,97.01784837076958,1.687401974730812
3161,3,154,21688,12,154,1,1,-1,2,1,0.6666666666666666,0.0,0.6666666666666666,5.493061443340549,1.2069489608125827
3162,1,79,9232,12,79,1,1,79,2,1,0.7333333333333334,0.0,1.0,96.7301662983178,0.4804530139182237
3163,24,53,40552,12,53,1,1,-1,2,1,0.7333333333333334,0.0,1.0,2.1972245773362196,0.48045301391820094
3164,1,79,9232,12,79,1,1,79,2,1,0.6190476190476191,0.0,0.6666666666666666,96.7301662983178,1.206948960812608
3165,3,79,9496,12,79,1,1,79,2,1,0.7333333333333334,0.0,1.0,96.44248422586602,0.480453013918204
3166,1,167,250504,12,167,2,1,-1,3,2,0.6031746031746031,0.6365141682928128,0.75,6.068425588244111,1.6874019747307842
3167,13,167,250504,12,167,1,1,-1,2,1,0.6666666666666666,0.0,0.6666666666666666,2.1972245773362196,1.2069489608125816
3168,1,30,3168,12,30,1,1,30,2,1,0.7333333333333334,0.0,1.0,36.856840632093096,0.48045301391819417
3169,3,53,12040,12,53,1,1,-1,2,1,0.7333333333333334,0.0,1.0,10.986122886681096,0.48045301391820155
3170,1,79,9232,12,79,1,1,79,2,1,0.6666666666666666,0.0,0.6666666666666666,96.73016629831781,1.2069489608125767
3171,6,79,14272,12,79,1,1,-1,2,1,0.7333333333333334,0.0,1.0,2.1972245773362196,0.48045301391820094
3172,1,79,9232,12,79,2,1,79,3,2,0.6031746031746031,0.6365141682928128,0.75,97.01784837076958,1.687401974730812
3173,3,79,9520,12,79,1,1,79,2,1,0.6666666666666666,0.0,0.6666666666666666,96.73016629831781,1.2069489608125767
3174,1,79,9232,12,79,1,1,79,2,1,0.7333333333333334,0.0,1.0,96.73016629831781,0.480453013918204
3175,65,198,695464,12,198,1,1,-1,2,1,0.7333333333333334,0.0,1.0,2.1972245773362196,0.48045301391820094
3176,1,30,3176,12,30,1,1,30,2,1,0.6190476190476191,0.0,0.6666666666666666,37.432204776996656,1.2069489608125767
3177,3,53,24136,12,53,1,1,-1,2,1,0.7333333333333334,0.0,1.0,5.493061443340549,0.48045301391820155
3178,1,30,4768,12,30,2,1,30,3,2,0.6031746031746031,0.6365141682928128,0.75,37.71988684944843,1.6874019747307807
3179,8,79,14308,12,79,1,1,-1,2,1,0.6666666666666666,0.0,0.6666666666666666,2.1972245773362196,1.2069489608125816
3180,1,105,39364,12,105,1,1,-1,2,1,0.7333333333333334,0.0,1.0,17.62991261982877,0.480453013918204
3181,3,105,39364,12,105,1,1,-1,2,1,0.7333333333333334,0.0,1.0,17.62991261982877,0.480453013918204
3182,1,105,39364,12,105,1,1,-1,2,1,0.6666666666666666,0.0,0.6666666666666666,5.78074351579233,1.2069489608125827
3183,29,61,40804,12,61,1,1,-1,2,1,0.7333333333333334,0.0,1.0,2.1972245773362196,0.48045301391820094
3184,1,123,9232,12,123,2,1,123,3,2,0.6031746031746031,0.6365141682928128,0.75,150.82274844875022,1.6874019747307807
3185,3,30,9556,12,30,1,1,30,2,1,0.6666666666666666,0.0,0.6666666666666666,36.856840632093096,1.2069489608125612
3186,1,123,9232,12,123,1,1,123,2,1,0.7333333333333334,0.0,1.0,149.95970223139486,0.4804530139182434
3187,6,123,14344,12,123,1,1,-1,2,1,0.7333333333333334,0.0,1.0,2.1972245773362196,0.48045301391820094
3188,1,123,9232,12,123,1,1,123,2,1,0.6190476190476191,0.0,0.6666666666666666,150.82274844875022,1.2069489608125767
3189,3,123,9568,12,123,1,1,123,2,1,0.7333333333333334,0.0,1.0,150.53506637629843,0.4804530139182434
3190,1,74,8080,12,74,2,1,74,3,2,0.6031746031746031,0.6365141682928128,0.75,90.08637656517014,1.687401974730761
3191,8,74,21544,12,74,1,1,-1,2,1,0.6666666666666666,0.0,0.6666666666666666,2.1972245773362196,1.2069489608125816
3192,1,123,9232,12,123,1,1,123,2,1,0.7333333333333334,0.0,1.0,150.53506637629843,0.4804530139182434
3193,3,35,18196,12,35,1,1,-1,2,1,0.7333333333333334,0.0,1.0,5.493061443340549,0.48045301391820155
3194,1,123,9232,12,123,1,1,123,2,1,0.6666666666666666,0.0,0.6666666666666666,150.82274844875022,1.2069489608126394
3195,13,74,16180,12,74,1,1,-1,2,1,0.7333333333333334,0.0,1.0,2.1972245773362196,0.48045301391820094
3196,1,74,12148,12,74,2,1,-1,3,2,0.6031746031746031,0.6365141682928128,0.75,11.849169104036438,1.6874019747307822
3197,3,74,12148,12,74,1,1,-1,2,1,0.6666666666666666,0.0,0.6666666666666666,11.561487031584658,1.2069489608125807
3198,1,74,36448,12,74,1,1,-1,2,1,0.7333333333333334,0.0,1.0,5.78074351579233,0.48045301391820155
3199,32,167,138400,12,167,1,1,-1,2,1,0.7333333333333334,0.0,1.0,2.1972245773362196,0.48045301391820094
3200,1,30,3200,12,30,1,1,30,2,1,0.6190476190476191,0.0,0.6666666666666666,37.43220477699665,1.2069489608125767
3201,3,167,17332,12,167,1,1,-1,2,1,0.7333333333333334,0.0,1.0,25.555764711818313,0.480453013918204
3202,1,61,4804,12,61,2,1,61,3,2,0.6031746031746031,0.6365141682928128,0.75,75.51673474003292,1.6874019747307807
3203,6,61,14416,12,61,1,1,-1,2,1,0.6666666666666666,0.0,0.6666666666666666,2.1972245773362196,1.2069489608125816
3204,1,61,4372,12,61,1,1,61,2,1,0.7333333333333334,0.0,1.0,75.22905266758114,0.480453013918204
3205,3,61,9616,12,61,1,1,61,2,1,0.7333333333333334,0.0,1.0,75.22905266758114,0.480453013918204
3206,1,61,7216,12,61,1,1,61,2,1,0.6666666666666666,0.0,0.6666666666666666,75.22905266758114,1.2069489608125767
3207,11,48,21652,12,48,1,1,-1,2,1,0.7333333333333334,0.0,1.0,2.1972245773362196,0.48045301391820094
3208,1,22,3208,12,22,2,1,22,3,2,0.6031746031746031,0.6365141682928128,0.75,27.780260250296426,1.6874019747307885
3209,3,74,61720,12,74,1,1,-1,2,1,0.6666666666666666,0.0,0.6666666666666666,5.493061443340549,1.2069489608125827
3210,1,22,4816,12,22,1,1,22,2,1,0.7333333333333334,0.0,1.0,27.492578177844646,0.480453013918204
3211,8,123,14452,12,123,1,1,-1,2,1,0.7333333333333334,0.0,1.0,2.1972245773362196,0.48045301391820094
3212,1,22,3616,12,22,1,1,22,2,1,0.6190476190476191,0.0,0.6666666666666666,27.780260250296426,1.2069489608125845
3213,3,22,9640,12,22,1,1,22,2,1,0.7333333333333334,0.0,1.0,27.492578177844646,0.480453013918204
3214,1,167,10852,12,167,2,1,-1,3,2,0.6031746031746031,0.6365141682928128,0.75,6.068425588244111,1.6874019747307842
3215,11,167,32560,12,167,1,1,-1,2,1,0.6666666666666666,0.0,0.6666666666666666,2.1972245773362196,1.2069489608125816
3216,1,22,3216,12,22,1,1,22,2,1,0.7333333333333334,0.0,1.0,27.204896105392866,0.48045301391819906
3217,3,74,9652,12,74,1,1,74,2,1,0.7333333333333334,0.0,1.0,89.79869449271835,0.480453013918204
3218,1,74,8152,12,74,1,1,74,2,1,0.6666666666666666,0.0,0.6666666666666666,89.79869449271835,1.2069489608125767
3219,6,74,14488,12,74,1,1,-1,2,1,0.7333333333333334,0.0,1.0,2.1972245773362196,0.48045301391820094
3220,1,22,3220,12,22,2,1,22,3,2,0.6031746031746031,0.6365141682928128,0.75,27.780260250296426,1.6874019747307758
3221,3,22,9664,12,22,1,1,22,2,1,0.6666666666666666,0.0,0.6666666666666666,27.492578177844646,1.2069489608125767
3222,1,22,7252,12,22,1,1,22,2,1,0.7333333333333334,0.0,1.0,26.917214032941082,0.48045301391819906
3223,8,22,21760,12,22,1,1,-1,2,1,0.7333333333333334,0.0,1.0,2.1972245773362196,0.48045301391820094
3224,1,22,3224,12,22,1,1,22,2,1,0.6190476190476191,0.0,0.6666666666666666,27.780260250296426,1.2069489608125845
3225,3,61,13120,12,61,1,1,-1,2,1,0.7333333333333334,0.0,1.0,5.493061443340549,0.48045301391820155
3226,1,22,4840,12,22,2,1,22,3,2,0.6031746031746031,0.6365141682928128,0.75,28.067942322748205,1.6874019747307885
3227,65,105,176740,12,105,1,1,-1,2,1,0.6666666666666666,0.0,0.6666666666666666,2.1972245773362196,1.2069489608125816
3228,1,74,39364,12,74,1,1,-1,2,1,0.7333333333333334,0.0,1.0,26.994175074077216,0.48045301391819906
3229,3,74,39364,12,74,1,1,-1,2,1,0.7333333333333334,0.0,1.0,26.994175074077216,0.48045301391819906
3230,1,74,39364,12,74,1,1,-1,2,1,0.6666666666666666,0.0,0.6666666666666666,5.78074351579233,1.2069489608125827
3231,37,167,209680,12,167,1,1,-1,2,1,0.7333333333333334,0.0,1.0,2.1972245773362196,0.48045301391820094
3232,1,30,3232,12,30,2,1,30,3,2,0.6031746031746031,0.6365141682928128,0.75,37.71988684944843,1.6874019747307807
3233,3,167,1276936,12,167,1,1,-1,2,1,0.6666666666666666,0.0,0.6666666666666666,16.479184330021642,1.2069489608125845
3234,1,48,4852,12,48,1,1,48,2,1,0.7333333333333334,0.0,1.0,59.22100048018505,0.48045301391819417
3235,6,48,14560,12,48,1,1,-1,2,1,0.7333333333333334,0.0,1.0,2.1972245773362196,0.48045301391820094
3236,1,48,9232,12,48,1,1,48,2,1,0.6190476190476191,0.0,0.6666666666666666,58.93331840773326,1.2069489608125925
3237,3,48,9712,12,48,1,1,48,2,1,0.7333333333333334,0.0,1.0,58.64563633528149,0.48045301391819417
3238,1,48,9232,12,48,2,1,48,3,2,0.6031746031746031,0.6365141682928128,0.75,58.93331840773326,1.6874019747307965
3239,26,123,41524,12,123,1,1,-1,2,1,0.6666666666666666,0.0,0.6666666666666666,2.1972245773362196,1.2069489608125816
3240,1,30,3240,12,30,1,1,30,2,1,0.7333333333333334,0.0,1.0,37.14452270454487,0.480453013918204
3241,3,167,83104,12,167,1,1,-1,2,1,0.7333333333333334,0.0,1.0,5.493061443340549,0.48045301391820155
3242,1,30,4864,12,30,1,1,30,2,1,0.6666666666666666,0.0,0.6666666666666666,37.43220477699665,1.2069489608125925
3243,8,48,14596,12,48,1,1,-1,2,1,0.7333333333333334,0.0,1.0,2.1972245773362196,0.48045301391820094
3244,1,136,9232,12,136,2,1,136,3,2,0.6031746031746031,0.6365141682928128,0.75,166.2554364912428,1.687401974730679
3245,3,136,9736,12,136,1,1,136,2,1,0.6666666666666666,0.0,0.6666666666666666,165.967754418791,1.2069489608125143
3246,1,136,10960,12,136,1,1,-1,2,1,0.7333333333333334,0.0,1.0,5.78074351579233,0.48045301391820155
3247,13,48,32884,12,48,1,1,-1,2,1,0.7333333333333334,0.0,1.0,2.1972245773362196,0.48045301391820094
3248,1,43,3248,12,43,1,1,43,2,1,0.6190476190476191,0.0,0.6666666666666666,53.15257489194095,1.2069489608125612
3249,3,136,9748,12,136,1,1,136,2,1,0.7333333333333334,0.0,1.0,165.68007234633922,0.480453013918204
3250,1,136,9232,12,136,2,1,136,3,2,0.6031746031746031,0.6365141682928128,0.75,166.2554364912428,1.687401974730679
3251,6,136,14632,12,136,1,1,-1,2,1,0.6666666666666666,0.0,0.6666666666666666,2.1972245773362196,1.2069489608125816
3252,1,43,3252,12,43,1,1,43,2,1,0.7333333333333334,0.0,1.0,52.86489281948917,0.48045301391819417
3253,3,43,9760,12,43,1,1,43,2,1,0.7333333333333334,0.0,1.0,52.86489281948917,0.48045301391819417
3254,1,74,13912,12,74,1,1,-1,2,1,0.6666666666666666,0.0,0.6666666666666666,11.273804959132878,1.2069489608125807
3255,8,74,21976,12,74,1,1,-1,2,1,0.7333333333333334,0.0,1.0,2.1972245773362196,0.48045301391820094
3256,1,43,3256,12,43,2,1,43,3,2,0.6031746031746031,0.6365141682928128,0.75,53.440256964392724,1.6874019747307965
3257,3,48,10996,12,48,1,1,-1,2,1,0.6666666666666666,0.0,0.6666666666666666,5.493061443340549,1.2069489608125827
3258,1,43,4888,12,43,1,1,43,2,1,0.7333333333333334,0.0,1.0,53.15257489194095,0.48045301391819417
3259,11,48,20896,12,48,1,1,-1,2,1,0.7333333333333334,0.0,1.0,2.1972245773362196,0.48045301391820094
3260,1,136,9232,12,136,1,1,136,2,1,0.6190476190476191,0.0,0.6666666666666666,165.68007234633922,1.2069489608125767
3261,3,136,9784,12,136,1,1,136,2,1,0.7333333333333334,0.0,1.0,165.39239027388743,0.480453013918204
3262,1,136,24784,12,136,2,1,-1,3,2,0.6031746031746031,0.6365141682928128,0.75,6.068425588244111,1.6874019747307842
3263,29,74,74356,12,74,1,1,-1,2,1,0.6666666666666666,0.0,0.6666666666666666,2.1972245773362196,1.2069489608125816
3264,1,30,3264,12,30,1,1,30,2,1,0.7333333333333334,0.0,1.0,36.85684063209309,0.480453013918204
3265,3,136,9796,12,136,1,1,136,2,1,0.7333333333333334,0.0,1.0,165.39239027388743,0.480453013918204
3266,1,136,9232,12,136,1,1,136,2,1,0.6666666666666666,0.0,0.6666666666666666,165.967754418791,1.2069489608125143
3267,6,136,14704,12,136,1,1,-1,2,1,0.7333333333333334,0.0,1.0,2.1972245773362196,0.48045301391820094
3268,1,43,3268,12,43,2,1,43,3,2,0.6031746031746031,0.6365141682928128,0.75,53.152574891940944,1.6874019747307965
3269,3,43,9808,12,43,1,1,43,2,1,0.6666666666666666,0.0,0.6666666666666666,52.864892819489164,1.2069489608125767
3270,1,43,7360,12,43,1,1,43,2,1,0.7333333333333334,0.0,1.0,52.864892819489164,0.480453013918204
3271,13,136,22084,12,136,1,1,-1,2,1,0.7333333333333334,0.0,1.0,2.1972245773362196,0.48045301391820094
3272,1,43,3272,12,43,1,1,43,2,1,0.6190476190476191,0.0,0.6666666666666666,53.15257489194095,1.2069489608125767
3273,3,136,16576,12,136,1,1,-1,2,1,0.7333333333333334,0.0,1.0,5.493061443340549,0.48045301391820155
3274,1,43,4912,12,43,2,1,43,3,2,0.6031746031746031,0.6365141682928128,0.75,53.440256964392724,1.6874019747307965
3275,8,136,14740,12,136,1,1,-1,2,1,0.6666666666666666,0.0,0.6666666666666666,2.1972245773362196,1.2069489608125816
3276,1,43,3688,12,43,1,1,43,2,1,0.7333333333333334,0.0,1.0,53.15257489194095,0.48045301391819417
3277,3,43,9832,12,43,1,1,43,2,1,0.7333333333333334,0.0,1.0,53.15257489194095,0.48045301391819417
3278,1,105,95956,12,105,1,1,-1,2,1,0.6666666666666666,0.0,0.6666666666666666,5.78074351579233,1.2069489608125827
3279,32,105,95956,12,105,1,1,-1,2,1,0.7333333333333334,0.0,1.0,2.1972245773362196,0.48045301391820094
3280,1,30,3280,12,30,2,1,30,3,2,0.6031746031746031,0.6365141682928128,0.75,37.71988684944843,1.6874019747307807
3281,3,74,10528,12,74,1,1,-1,2,1,0.6666666666666666,0.0,0.6666666666666666,21.21343155828488,1.2069489608125845
3282,1,74,12472,12,74,1,1,-1,2,1,0.7333333333333334,0.0,1.0,11.561487031584658,0.48045301391820155
3283,6,74,14776,12,74,1,1,-1,2,1,0.7333333333333334,0.0,1.0,2.1972245773362196,0.48045301391820094
3284,1,30,3284,12,30,1,1,30,2,1,0.6190476190476191,0.0,0.6666666666666666,37.71988684944843,1.2069489608125767
3285,3,30,9856,12,30,1,1,30,2,1,0.7333333333333334,0.0,1.0,37.432204776996656,0.48045301391819417
3286,1,74,7396,12,74,2,1,74,3,2,0.6031746031746031,0.6365141682928128,0.75,90.37405863762191,1.6874019747307807
3287,8,74,22192,12,74,1,1,-1,2,1,0.6666666666666666,0.0,0.6666666666666666,2.1972245773362196,1.2069489608125816
3288,1,136,9232,12,136,1,1,136,2,1,0.7333333333333334,0.0,1.0,166.2554364912428,0.4804530139181646
3289,3,136,11104,12,136,1,1,-1,2,1,0.7333333333333334,0.0,1.0,5.493061443340549,0.48045301391820155
3290,1,136,9232,12,136,1,1,136,2,1,0.6666666666666666,0.0,0.6666666666666666,166.54311856369455,1.2069489608125767
3291,13,136,25000,12,136,1,1,-1,2,1,0.7333333333333334,0.0,1.0,2.1972245773362196,0.48045301391820094
3292,1,136,9232,12,136,2,1,136,3,2,0.6031746031746031,0.6365141682928128,0.75,166.54311856369455,1.6874019747307807
3293,3,136,9880,12,136,1,1,136,2,1,0.6666666666666666,0.0,0.6666666666666666,166.2554364912428,1.2069489608125143
3294,1,136,18772,12,136,1,1,-1,2,1,0.7333333333333334,0.0,1.0,5.78074351579233,0.48045301391820155
3295,19,136,50056,12,136,1,1,-1,2,1,0.7333333333333334,0.0,1.0,2.1972245773362196,0.48045301391820094
3296,1,92,9232,12,92,1,1,92,2,1,0.6190476190476191,0.0,0.6666666666666666,112.7382184857139,1.206948960812608
3297,3,123,42280,12,123,1,1,-1,2,1,0.7333333333333334,0.0,1.0,10.986122886681096,0.48045301391820155
3298,1,30,4948,12,30,2,1,30,3,2,0.6031746031746031,0.6365141682928128,0.75,37.71988684944843,1.6874019747307807
3299,6,30,14848,12,30,1,1,-1,2,1,0.6666666666666666,0.0,0.6666666666666666,2.1972245773362196,1.2069489608125816
3300,1,136,9232,12,136,1,1,136,2,1,0.7333333333333334,0.0,1.0,166.2554364912428,0.4804530139181646
3301,3,136,9904,12,136,1,1,136,2,1,0.7333333333333334,0.0,1.0,166.2554364912428,0.4804530139181646
3302,1,136,9232,12,136,1,1,136,2,1,0.6666666666666666,0.0,0.6666666666666666,166.2554364912428,1.2069489608125143
3303,24,74,37636,12,74,1,1,-1,2,1,0.7333333333333334,0.0,1.0,2.1972245773362196,0.48045301391820094
3304,1,92,9232,12,92,2,1,92,3,2,0.6031746031746031,0.6365141682928128,0.75,113.02590055816569,1.6874019747307807
3305,3,48,25108,12,48,1,1,-1,2,1,0.6666666666666666,0.0,0.6666666666666666,5.493061443340549,1.2069489608125827
3306,1,92,9232,12,92,1,1,92,2,1,0.7333333333333334,0.0,1.0,112.7382184857139,0.4804530139182237
3307,8,74,80512,12,74,1,1,-1,2,1,0.7333333333333334,0.0,1.0,2.1972245773362196,0.48045301391820094
3308,1,43,4192,12,43,1,1,43,2,1,0.6190476190476191,0.0,0.6666666666666666,53.440256964392724,1.2069489608125767
3309,3,43,9928,12,43,1,1,43,2,1,0.7333333333333334,0.0,1.0,53.15257489194095,0.48045301391819417
3310,1,43,11176,12,43,2,1,-1,3,2,0.6031746031746031,0.6365141682928128,0.75,6.068425588244111,1.6874019747307842
3311,42,167,190996,12,167,1,1,-1,2,1,0.6666666666666666,0.0,0.6666666666666666,2.1972245773362196,1.2069489608125816
3312,1,92,9232,12,92,1,1,92,2,1,0.7333333333333334,0.0,1.0,112.45053641326213,0.480453013918204
3313,3,92,9940,12,92,1,1,92,2,1,0.7333333333333334,0.0,1.0,112.16285434081034,0.480453013918204
3314,1,74,9448,12,74,1,1,74,2,1,0.6666666666666666,0.0,0.6666666666666666,90.6617407100737,1.2069489608125767
3315,6,74,14920,12,74,1,1,-1,2,1,0.7333333333333334,0.0,1.0,2.1972245773362196,0.48045301391820094
3316,1,92,9232,12,92,2,1,92,3,2,0.6031746031746031,0.6365141682928128,0.75,113.02590055816569,1.6874019747307807
3317,3,92,9952,12,92,1,1,92,2,1,0.6666666666666666,0.0,0.6666666666666666,112.73821848571392,1.2069489608125767
3318,1,43,8404,12,43,1,1,43,2,1,0.7333333333333334,0.0,1.0,52.001846602133824,0.48045301391819417
3319,8,43,22408,12,43,1,1,-1,2,1,0.7333333333333334,0.0,1.0,2.1972245773362196,0.48045301391820094
3320,1,136,9232,12,136,1,1,136,2,1,0.6190476190476191,0.0,0.6666666666666666,165.68007234633922,1.2069489608125767
3321,3,105,45520,12,105,1,1,-1,2,1,0.7333333333333334,0.0,1.0,5.493061443340549,0.48045301391820155
3322,1,136,9232,12,136,2,1,136,3,2,0.6031746031746031,0.6365141682928128,0.75,165.967754418791,1.6874019747307807
3323,68,118,345544,12,118,1,1,-1,2,1,0.6666666666666666,0.0,0.6666666666666666,2.1972245773362196,1.2069489608125816
3324,1,136,18952,12,136,1,1,-1,2,1,0.7333333333333334,0.0,1.0,11.561487031584658,0.48045301391820155
3325,3,136,18952,12,136,1,1,-1,2,1,0.7333333333333334,0.0,1.0,11.561487031584658,0.48045301391820155
3326,1,74,95956,12,74,1,1,-1,2,1,0.6666666666666666,0.0,0.6666666666666666,5.78074351579233,1.2069489608125827
3327,29,74,170584,12,74,1,1,-1,2,1,0.7333333333333334,0.0,1.0,2.1972245773362196,0.48045301391820094
3328,1,17,3328,12,17,2,1,17,3,2,0.6031746031746031,0.6365141682928128,0.75,21.71183466205231,1.6874019747307885
3329,3,92,9988,12,92,1,1,92,2,1,0.6666666666666666,0.0,0.6666666666666666,111.58749019590678,1.2069489608125767
3330,1,180,250504,12,180,1,1,-1,2,1,0.7333333333333334,0.0,1.0,21.50111363073666,0.480453013918204
3331,6,180,250504,12,180,1,1,-1,2,1,0.7333333333333334,0.0,1.0,2.1972245773362196,0.48045301391820094
3332,1,30,3332,12,30,1,1,30,2,1,0.6190476190476191,0.0,0.6666666666666666,37.43220477699665,1.2069489608125925
3333,3,30,10000,12,30,1,1,30,2,1,0.7333333333333334,0.0,1.0,37.14452270454487,0.480453013918204
3334,1,30,7504,12,30,2,1,30,3,2,0.6031746031746031,0.6365141682928128,0.75,37.14452270454487,1.6874019747307807
3335,11,180,250504,12,180,1,0,-1,2,1,0.8,0.0,0.6666666666666666,0.0,1.206948960812582
3336,1,136,9232,12,136,1,1,136,2,1,0.7333333333333334,0.0,1.0,165.967754418791,0.4804530139181646
3337,3,66,16900,12,66,1,0,-1,2,1,1.0,0.0,1.0,0.0,0.4804530139182014
3338,1,136,9232,12,136,1,1,136,2,1,0.6666666666666666,0.0,0.6666666666666666,165.967754418791,1.2069489608125143
3339,8,92,15028,12,92,1,0,-1,2,1,1.0,0.0,1.0,0.0,0.4804530139182014
3340,1,136,9232,12,136,2,1,136,3,2,0.6031746031746031,0.6365141682928128,0.75,166.54311856369455,1.6874019747307807
3341,3,136,10024,12,136,1,0,-1,2,1,0.8,0.0,0.6666666666666666,0.0,1.206948960812582
3342,1,43,11284,12,43,1,1,-1,2,1,0.7333333333333334,0.0,1.0,5.493061443340549,0.48045301391820155
3343,11,43,33856,12,43,1,0,-1,2,1,1.0,0.0,1.0,0.0,0.4804530139182014
3344,1,43,3344,12,43,1,1,43,2,1,0.6190476190476191,0.0,0.6666666666666666,53.44025696439273,1.2069489608125612
3345,3,136,10036,12,136,1,0,-1,2,1,1.0,0.0,1.0,0.0,0.4804530139182014
3346,1,92,14308,12,92,2,1,-1,3,2,0.6031746031746031,0.6365141682928128,0.75,17.054548474925205,1.6874019747307885
3347,6,92,15064,12,92,1,0,-1,2,1,0.8,0.0,0.6666666666666666,0.0,1.206948960812582
3348,1,43,3348,12,43,1,1,43,2,1,0.7333333333333334,0.0,1.0,53.15257489194095,0.48045301391819417
3349,3,43,10048,12,43,1,0,-1,2,1,1.0,0.0,1.0,0.0,0.4804530139182014
3350,1,136,9232,12,136,1,1,136,2,1,0.6666666666666666,0.0,0.6666666666666666,165.68007234633922,1.2069489608125767
3351,8,136,22624,12,136,1,0,-1,2,1,1.0,0.0,1.0,0.0,0.4804530139182014
3352,1,43,3352,12,43,2,1,43,3,2,0.6031746031746031,0.6365141682928128,0.75,53.727939036844504,1.6874019747307807
3353,3,43,11320,12,43,1,0,-1,2,1,0.8,0.0,0.6666666666666666,0.0,1.206948960812582
3354,1,43,5032,12,43,1,1,43,2,1,0.7333333333333334,0.0,1.0,53.15257489194095,0.48045301391819417
3355,34,92,86020,12,92,1,0,-1,2,1,1.0,0.0,1.0,0.0,0.4804530139182014
3356,1,87,8080,12,87,1,1,87,2,1,0.6190476190476191,0.0,0.6666666666666666,105.51906460766268,1.2069489608125767
3357,3,87,10072,12,87,1,0,-1,2,1,1.0,0.0,1.0,0.0,0.4804530139182014
3358,1,87,17008,12,87,2,1,-1,3,2,0.6031746031746031,0.6365141682928128,0.75,5.78074351579233,1.6874019747307842
3359,16,136,51028,12,136,1,0,-1,2,1,0.8,0.0,0.6666666666666666,0.0,1.206948960812582
3360,1,43,3360,12,43,1,1,43,2,1,0.7333333333333334,0.0,1.0,52.864892819489164,0.480453013918204
3361,3,43,10084,12,43,1,0,-1,2,1,1.0,0.0,1.0,0.0,0.4804530139182014
3362,1,43,5044,12,43,1,1,43,2,1,0.6666666666666666,0.0,0.6666666666666666,52.864892819489164,1.2069489608125767
3363,6,43,15136,12,43,1,0,-1,2,1,1.0,0.0,1.0,0.0,0.4804530139182014
3364,1,43,4264,12,43,2,1,43,3,2,0.6031746031746031,0.6365141682928128,0.75,53.44025696439273,1.687401974730771
3365,3,43,10096,12,43,1,0,-1,2,1,0.8,0.0,0.6666666666666666,0.0,1.206948960812582
3366,1,43,7576,12,43,1,1,43,2,1,0.7333333333333334,0.0,1.0,52.86489281948917,0.48045301391819417
3367,13,87,25576,12,87,1,0,-1,2,1,1.0,0.0,1.0,0.0,0.4804530139182014
3368,1,43,3368,12,43,1,1,43,2,1,0.6190476190476191,0.0,0.6666666666666666,53.440256964392724,1.2069489608125925
3369,3,180,138400,12,180,1,0,-1,2,1,1.0,0.0,1.0,0.0,0.4804530139182014
3370,1,43,5056,12,43,2,1,43,3,2,0.6031746031746031,0.6365141682928128,0.75,53.440256964392724,1.6874019747307965
3371,8,74,15172,12,74,1,0,-1,2,1,0.8,0.0,0.6666666666666666,0.0,1.206948960812582
3372,1,43,3796,12,43,1,1,43,2,1,0.7333333333333334,0.0,1.0,53.15257489194095,0.48045301391819417
3373,3,43,10120,12,43,1,0,-1,2,1,1.0,0.0,1.0,0.0,0.4804530139182014
3374,1,43,11392,12,43,1,1,-1,2,1,0.6666666666666666,0.0,0.6666666666666666,5.493061443340549,1.2069489608125827
3375,29,136,34180,12,136,1,0,-1,2,1,1.0,0.0,1.0,0.0,0.4804530139182014
3376,1,43,3376,12,43,2,1,43,3,2,0.6031746031746031,0.6365141682928128,0.75,53.727939036844504,1.6874019747307807
3377,3,35,10132,12,35,1,0,-1,2,1,0.8,0.0,0.6666666666666666,0.0,1.206948960812582
3378,1,35,5704,12,35,1,1,35,2,1,0.7333333333333334,0.0,1.0,42.925266220337186,0.480453013918204
3379,6,35,15208,12,35,1,0,-1,2,1,1.0,0.0,1.0,0.0,0.4804530139182014
3380,1,43,3380,12,43,1,1,43,2,1,0.6190476190476191,0.0,0.6666666666666666,53.727939036844504,1.2069489608125767
3381,3,43,10144,12,43,1,0,-1,2,1,1.0,0.0,1.0,0.0,0.4804530139182014
3382,1,136,21688,12,136,2,1,-1,3,2,0.6031746031746031,0.6365141682928128,0.75,11.273804959132878,1.6874019747307798
3383,8,136,22840,12,136,1,0,-1,2,1,0.8,0.0,0.6666666666666666,0.0,1.206948960812582
3384,1,35,3384,12,35,1,1,35,2,1,0.7333333333333334,0.0,1.0,43.212948292788965,0.480453013918204
3385,3,180,32560,12,180,1,0,-1,2,1,1.0,0.0,1.0,0.0,0.4804530139182014
3386,1,35,5080,12,35,1,1,35,2,1,0.6666666666666666,0.0,0.6666666666666666,43.212948292788965,1.2069489608125767
3387,11,43,17152,12,43,1,0,-1,2,1,1.0,0.0,1.0,0.0,0.4804530139182014
3388,1,35,8584,12,35,2,1,35,3,2,0.6031746031746031,0.6365141682928128,0.75,43.212948292788965,1.6874019747307807
3389,3,35,10168,12,35,1,0,-1,2,1,0.8,0.0,0.6666666666666666,0.0,1.206948960812582
3390,1,180,48904,12,180,1,1,-1,2,1,0.7333333333333334,0.0,1.0,5.493061443340549,0.48045301391820155
3391,47,180,77272,12,180,1,0,-1,2,1,1.0,0.0,1.0,0.0,0.4804530139182014
3392,1,17,3392,12,17,1,1,17,2,1,0.6190476190476191,0.0,0.6666666666666666,21.71183466205231,1.2069489608125845
3393,3,43,10180,12,43,1,0,-1,2,1,1.0,0.0,1.0,0.0,0.4804530139182014
3394,1,35,5092,12,35,2,1,35,3,2,0.6031746031746031,0.6365141682928128,0.75,43.500630365240745,1.6874019747307807
3395,6,35,15280,12,35,1,0,-1,2,1,0.8,0.0,0.6666666666666666,0.0,1.206948960812582
3396,1,61,9232,12,61,1,1,61,2,1,0.7333333333333334,0.0,1.0,74.65368852267758,0.480453013918204
3397,3,61,10192,12,61,1,0,-1,2,1,1.0,0.0,1.0,0.0,0.4804530139182014
3398,1,61,9232,12,61,1,1,61,2,1,0.6666666666666666,0.0,0.6666666666666666,74.3660064502258,1.2069489608125767
3399,78,118,176740,12,118,1,0,-1,2,1,1.0,0.0,1.0,0.0,0.4804530139182014
3400,1,61,9232,12,61,2,1,61,3,2,0.6031746031746031,0.6365141682928128,0.75,74.94137059512937,1.687401974730761
3401,3,87,39364,12,87,1,0,-1,2,1,0.8,0.0,0.6666666666666666,0.0,1.206948960812582
3402,1,61,9232,12,61,1,1,61,2,1,0.7333333333333334,0.0,1.0,74.3660064502258,0.480453013918204
3403,8,61,15316,12,61,1,0,-1,2,1,1.0,0.0,1.0,0.0,0.4804530139182014
3404,1,61,9232,12,61,1,1,61,2,1,0.6190476190476191,0.0,0.6666666666666666,74.94137059512937,1.2069489608125767
3405,3,61,10216,12,61,1,0,-1,2,1,1.0,0.0,1.0,0.0,0.4804530139182014
3406,1,61,14560,12,61,2,1,-1,3,2,0.6031746031746031,0.6365141682928128,0.75,5.78074351579233,1.6874019747307842
3407,13,61,34504,12,61,1,0,-1,2,1,0.8,0.0,0.6666666666666666,0.0,1.206948960812582
3408,1,17,3408,12,17,1,1,17,2,1,0.7333333333333334,0.0,1.0,21.136470517148748,0.480453013918204
3409,3,136,41524,12,136,1,0,-1,2,1,1.0,0.0,1.0,0.0,0.4804530139182014
3410,1,136,65608,12,136,1,1,-1,2,1,0.6666666666666666,0.0,0.6666666666666666,11.273804959132878,1.2069489608125807
3411,6,136,65608,12,136,1,0,-1,2,1,1.0,0.0,1.0,0.0,0.4804530139182014
3412,1,17,3412,12,17,2,1,17,3,2,0.6031746031746031,0.6365141682928128,0.75,21.71183466205231,1.6874019747307885
3413,3,17,10240,12,17,1,0,-1,2,1,0.8,0.0,0.6666666666666666,0.0,1.206948960812582
3414,1,149,9232,12,149,1,1,149,2,1,0.7333333333333334,0.0,1.0,180.82507831638,0.480453013918204
3415,8,149,23056,12,149,1,0,-1,2,1,1.0,0.0,1.0,0.0,0.4804530139182014
3416,1,56,3416,12,56,1,1,56,2,1,0.6190476190476191,0.0,0.6666666666666666,68.87294500688525,1.2069489608125767
3417,3,56,11536,12,56,1,0,-1,2,1,1.0,0.0,1.0,0.0,0.4804530139182014
3418,1,56,5128,12,56,2,1,56,3,2,0.6031746031746031,0.6365141682928128,0.75,68.87294500688525,1.6874019747307807
3419,16,149,25972,12,149,1,0,-1,2,1,0.8,0.0,0.6666666666666666,0.0,1.206948960812582
3420,1,56,5776,12,56,1,1,56,2,1,0.7333333333333334,0.0,1.0,68.58526293443346,0.480453013918204
3421,3,56,10264,12,56,1,0,-1,2,1,1.0,0.0,1.0,0.0,0.4804530139182014
3422,1,149,17332,12,149,1,1,-1,2,1,0.6666666666666666,0.0,0.6666666666666666,5.493061443340549,1.2069489608125827
3423,13,149,52000,12,149,1,0,-1,2,1,1.0,0.0,1.0,0.0,0.4804530139182014
3424,1,105,9232,12,105,2,1,105,3,2,0.6031746031746031,0.6365141682928128,0.75,128.74627067311002,1.6874019747307807
3425,3,56,13012,12,56,1,0,-1,2,1,0.8,0.0,0.6666666666666666,0.0,1.206948960812582
3426,1,30,5140,12,30,1,1,30,2,1,0.7333333333333334,0.0,1.0,36.85684063209309,0.480453013918204
3427,6,30,15424,12,30,1,0,-1,2,1,1.0,0.0,1.0,0.0,0.4804530139182014
3428,1,30,3428,12,30,1,1,30,2,1,0.6190476190476191,0.0,0.6666666666666666,37.43220477699665,1.2069489608125925
3429,3,30,10288,12,30,1,0,-1,2,1,1.0,0.0,1.0,0.0,0.4804530139182014
3430,1,30,7720,12,30,2,1,30,3,2,0.6031746031746031,0.6365141682928128,0.75,37.14452270454487,1.6874019747307807
3431,75,118,250504,12,118,1,0,-1,2,1,0.8,0.0,0.6666666666666666,0.0,1.206948960812582
3432,1,105,9232,12,105,1,1,105,2,1,0.7333333333333334,0.0,1.0,128.17090652820644,0.480453013918204
3433,3,149,26080,12,149,1,0,-1,2,1,1.0,0.0,1.0,0.0,0.4804530139182014
3434,1,105,9232,12,105,1,1,105,2,1,0.6666666666666666,0.0,0.6666666666666666,128.17090652820644,1.2069489608125767
3435,8,149,24784,12,149,1,0,-1,2,1,1.0,0.0,1.0,0.0,0.4804530139182014
3436,1,149,9232,12,149,2,1,149,3,2,0.6031746031746031,0.6365141682928128,0.75,181.68812453373533,1.6874019747307807
3437,3,149,10312,12,149,1,0,-1,2,1,0.8,0.0,0.6666666666666666,0.0,1.206948960812582
3438,1,149,11608,12,149,1,1,-1,2,1,0.7333333333333334,0.0,1.0,5.493061443340549,0.48045301391820155
3439,16,149,39184,12,149,1,0,-1,2,1,1.0,0.0,1.0,0.0,0.4804530139182014
3440,1,105,9232,12,105,1,1,105,2,1,0.6190476190476191,0.0,0.6666666666666666,128.74627067311002,1.2069489608125767
3441,3,105,10324,12,105,1,0,-1,2,1,1.0,0.0,1.0,0.0,0.4804530139182014
3442,1,56,5812,12,56,2,1,56,3,2,0.6031746031746031,0.6365141682928128,0.75,68.58526293443346,1.6874019747307807
3443,6,56,15496,12,56,1,0,-1,2,1,0.8,0.0,0.6666666666666666,0.0,1.206948960812582
3444,1,105,9232,12,105,1,1,105,2,1,0.7333333333333334,0.0,1.0,128.45858860065823,0.480453013918204
3445,3,105,10336,12,105,1,0,-1,2,1,1.0,0.0,1.0,0.0,0.4804530139182014
3446,1,56,8728,12,56,1,1,56,2,1,0.6666666666666666,0.0,0.6666666666666666,68.0098987895299,1.2069489608125767
3447,8,56,23272,12,56,1,0,-1,2,1,1.0,0.0,1.0,0.0,0.4804530139182014
3448,1,43,4372,12,43,2,1,43,3,2,0.6031746031746031,0.6365141682928128,0.75,53.727939036844504,1.6874019747307807
3449,3,149,44224,12,149,1,0,-1,2,1,0.8,0.0,0.6666666666666666,0.0,1.206948960812582
3450,1,43,5176,12,43,1,1,43,2,1,0.7333333333333334,0.0,1.0,53.152574891940944,0.480453013918204
3451,13,56,17476,12,56,1,0,-1,2,1,1.0,0.0,1.0,0.0,0.4804530139182014
3452,1,43,13120,12,43,1,1,-1,2,1,0.6190476190476191,0.0,0.6666666666666666,11.849169104036438,1.2069489608125807
3453,3,43,13120,12,43,1,0,-1,2,1,1.0,0.0,1.0,0.0,0.4804530139182014
3454,1,56,39364,12,56,2,1,-1,3,2,0.6031746031746031,0.6365141682928128,0.75,5.78074351579233,1.6874019747307842
3455,21,56,118096,12,56,1,0,-1,2,1,0.8,0.0,0.6666666666666666,0.0,1.206948960812582
3456,1,118,9232,12,118,1,1,118,2,1,0.7333333333333334,0.0,1.0,143.603594570699,0.480453013918204
3457,3,43,10372,12,43,1,0,-1,2,1,1.0,0.0,1.0,0.0,0.4804530139182014
3458,1,105,9232,12,105,1,1,105,2,1,0.6666666666666666,0.0,0.6666666666666666,128.17090652820647,1.2069489608125143
3459,6,105,15568,12,105,1,0,-1,2,1,1.0,0.0,1.0,0.0,0.4804530139182014
3460,1,149,9232,12,149,2,1,149,3,2,0.6031746031746031,0.6365141682928128,0.75,182.26348867863888,1.6874019747308202
3461,3,149,10384,12,149,1,0,-1,2,1,0.8,0.0,0.6666666666666666,0.0,1.206948960812582
3462,1,149,9232,12,149,1,1,149,2,1,0.7333333333333334,0.0,1.0,181.68812453373533,0.480453013918204
3463,11,105,23380,12,105,1,0,-1,2,1,1.0,0.0,1.0,0.0,0.4804530139182014
3464,1,30,3464,12,30,1,1,30,2,1,0.6190476190476191,0.0,0.6666666666666666,37.432204776996656,1.2069489608125612
3465,3,149,19744,12,149,1,0,-1,2,1,1.0,0.0,1.0,0.0,0.4804530139182014
3466,1,30,5200,12,30,2,1,30,3,2,0.6031746031746031,0.6365141682928128,0.75,37.432204776996656,1.6874019747307554
3467,8,149,15604,12,149,1,0,-1,2,1,0.8,0.0,0.6666666666666666,0.0,1.206948960812582
3468,1,30,3904,12,30,1,1,30,2,1,0.7333333333333334,0.0,1.0,37.432204776996656,0.48045301391819417
3469,3,30,10408,12,30,1,0,-1,2,1,1.0,0.0,1.0,0.0,0.4804530139182014
3470,1,105,11716,12,105,1,1,-1,2,1,0.6666666666666666,0.0,0.6666666666666666,5.493061443340549,1.2069489608125827
3471,11,105,35152,12,105,1,0,-1,2,1,1.0,0.0,1.0,0.0,0.4804530139182014
3472,1,30,3472,12,30,2,1,30,3,2,0.6031746031746031,0.6365141682928128,0.75,37.71988684944843,1.6874019747307807
3473,3,105,10420,12,105,1,0,-1,2,1,0.8,0.0,0.6666666666666666,0.0,1.206948960812582
3474,1,105,9232,12,105,1,1,105,2,1,0.7333333333333334,0.0,1.0,127.88322445575467,0.4804530139182237
3475,6,105,15640,12,105,1,0,-1,2,1,1.0,0.0,1.0,0.0,0.4804530139182014
3476,1,30,3476,12,30,1,1,30,2,1,0.6190476190476191,0.0,0.6666666666666666,37.71988684944843,1.2069489608125767
3477,3,30,10432,12,30,1,0,-1,2,1,1.0,0.0,1.0,0.0,0.4804530139182014
3478,1,56,7828,12,56,2,1,56,3,2,0.6031746031746031,0.6365141682928128,0.75,68.58526293443346,1.6874019747307807
3479,8,56,23488,12,56,1,0,-1,2,1,0.8,0.0,0.6666666666666666,0.0,1.206948960812582
3480,1,30,3480,12,30,1,1,30,2,1,0.7333333333333334,0.0,1.0,37.432204776996656,0.48045301391819417
3481,3,56,11752,12,56,1,0,-1,2,1,1.0,0.0,1.0,0.0,0.4804530139182014
3482,1,30,5224,12,30,1,1,30,2,1,0.6666666666666666,0.0,0.6666666666666666,37.432204776996656,1.2069489608125612
3483,21,87,80512,12,87,1,0,-1,2,1,1.0,0.0,1.0,0.0,0.4804530139182014
3484,1,180,190996,12,180,2,1,-1,3,2,0.6031746031746031,0.6365141682928128,0.75,17.62991261982877,1.6874019747307885
3485,3,180,190996,12,180,1,0,-1,2,1,0.8,0.0,0.6666666666666666,0.0,1.206948960812582
3486,1,180,190996,12,180,1,1,-1,2,1,0.7333333333333334,0.0,1.0,5.493061443340549,0.48045301391820155
3487,26,131,67048,12,131,1,0,-1,2,1,1.0,0.0,1.0,0.0,0.4804530139182014
3488,1,118,9232,12,118,1,1,118,2,1,0.6190476190476191,0.0,0.6666666666666666,144.46664078805432,1.2069489608125767
3489,3,87,10468,12,87,1,0,-1,2,1,1.0,0.0,1.0,0.0,0.4804530139182014
3490,1,149,9232,12,149,2,1,149,3,2,0.6031746031746031,0.6365141682928128,0.75,181.40044246128355,1.6874019747307807
3491,6,149,15712,12,149,1,0,-1,2,1,0.8,0.0,0.6666666666666666,0.0,1.206948960812582
3492,1,149,9232,12,149,1,1,149,2,1,0.7333333333333334,0.0,1.0,181.11276038883176,0.480453013918204
3493,3,149,10480,12,149,1,0,-1,2,1,1.0,0.0,1.0,0.0,0.4804530139182014
3494,1,149,9232,12,149,1,1,149,2,1,0.6666666666666666,0.0,0.6666666666666666,180.82507831638,1.2069489608125767
3495,16,56,26548,12,56,1,0,-1,2,1,1.0,0.0,1.0,0.0,0.4804530139182014
3496,1,118,9232,12,118,2,1,118,3,2,0.6031746031746031,0.6365141682928128,0.75,144.7543228605061,1.6874019747307807
3497,3,105,59776,12,105,1,0,-1,2,1,0.8,0.0,0.6666666666666666,0.0,1.206948960812582
3498,1,118,9232,12,118,1,1,118,2,1,0.7333333333333334,0.0,1.0,144.17895871560256,0.4804530139181646
3499,8,131,345544,12,131,1,0,-1,2,1,1.0,0.0,1.0,0.0,0.4804530139182014
3500,1,30,3940,12,30,1,1,30,2,1,0.6190476190476191,0.0,0.6666666666666666,37.43220477699665,1.2069489608125767
3501,3,30,10504,12,30,1,0,-1,2,1,1.0,0.0,1.0,0.0,0.4804530139182014
3502,1,30,11824,12,30,2,1,-1,3,2,0.6031746031746031,0.6365141682928128,0.75,5.78074351579233,1.6874019747307842
3503,13,87,95956,12,87,1,0,-1,2,1,0.8,0.0,0.6666666666666666,0.0,1.206948960812582
3504,1,56,3504,12,56,1,1,56,2,1,0.7333333333333334,0.0,1.0,68.87294500688525,0.480453013918204
3505,3,56,10516,12,56,1,0,-1,2,1,1.0,0.0,1.0,0.0,0.4804530139182014
3506,1,56,5920,12,56,1,1,56,2,1,0.6666666666666666,0.0,0.6666666666666666,68.58526293443346,1.2069489608125767
3507,6,56,15784,12,56,1,0,-1,2,1,1.0,0.0,1.0,0.0,0.4804530139182014
3508,1,56,3508,12,56,2,1,56,3,2,0.6031746031746031,0.6365141682928128,0.75,69.4483091517888,1.6874019747307807
3509,3,56,10528,12,56,1,0,-1,2,1,0.8,0.0,0.6666666666666666,0.0,1.206948960812582
3510,1,43,13336,12,43,1,1,-1,2,1,0.7333333333333334,0.0,1.0,10.986122886681096,0.48045301391820155
3511,8,43,23704,12,43,1,0,-1,2,1,1.0,0.0,1.0,0.0,0.4804530139182014
3512,1,56,3512,12,56,1,1,56,2,1,0.6190476190476191,0.0,0.6666666666666666,69.4483091517888,1.206948960812608
3513,3,56,11860,12,56,1,0,-1,2,1,1.0,0.0,1.0,0.0,0.4804530139182014
3514,1,56,5272,12,56,2,1,56,3,2,0.6031746031746031,0.6365141682928128,0.75,69.4483091517888,1.687401974730812
3515,11,149,17800,12,149,1,0,-1,2,1,0.8,0.0,0.6666666666666666,0.0,1.206948960812582
3516,1,149,10024,12,149,1,1,-1,2,1,0.7333333333333334,0.0,1.0,14.857323897588985,0.48045301391820155
3517,3,149,10552,12,149,1,0,-1,2,1,1.0,0.0,1.0,0.0,0.4804530139182014
3518,1,149,26728,12,149,1,1,-1,2,1,0.6666666666666666,0.0,0.6666666666666666,5.493061443340549,1.2069489608125827
3519,39,79,202984,12,79,1,0,-1,2,1,1.0,0.0,1.0,0.0,0.4804530139182014
3520,1,118,9232,12,118,2,1,118,3,2,0.6031746031746031,0.6365141682928128,0.75,144.7543228605061,1.6874019747307807
3521,3,105,14308,12,105,1,0,-1,2,1,0.8,0.0,0.6666666666666666,0.0,1.206948960812582
3522,1,105,15064,12,105,1,1,-1,2,1,0.7333333333333334,0.0,1.0,15.145005970040769,0.48045301391819906
3523,6,105,15856,12,105,1,0,-1,2,1,1.0,0.0,1.0,0.0,0.4804530139182014
3524,1,118,9232,12,118,1,1,118,2,1,0.6190476190476191,0.0,0.6666666666666666,144.46664078805432,1.2069489608125767
3525,3,118,10576,12,118,1,0,-1,2,1,1.0,0.0,1.0,0.0,0.4804530139182014
3526,1,118,9232,12,118,2,1,118,3,2,0.6031746031746031,0.6365141682928128,0.75,144.17895871560256,1.687401974730679
3527,13,56,23812,12,56,1,0,-1,2,1,0.8,0.0,0.6666666666666666,0.0,1.206948960812582
3528,1,30,3528,12,30,1,1,30,2,1,0.7333333333333334,0.0,1.0,37.14452270454487,0.480453013918204
3529,3,56,17872,12,56,1,0,-1,2,1,1.0,0.0,1.0,0.0,0.4804530139182014
3530,1,30,5296,12,30,1,1,30,2,1,0.6666666666666666,0.0,0.6666666666666666,37.14452270454487,1.2069489608125767
3531,8,100,15892,12,100,1,0,-1,2,1,1.0,0.0,1.0,0.0,0.4804530139182014
3532,1,30,3976,12,30,2,1,30,3,2,0.6031746031746031,0.6365141682928128,0.75,37.71988684944843,1.6874019747307807
3533,3,30,10600,12,30,1,0,-1,2,1,0.8,0.0,0.6666666666666666,0.0,1.206948960812582
3534,1,149,22660,12,149,1,1,-1,2,1,0.7333333333333334,0.0,1.0,5.493061443340549,0.48045301391820155
3535,26,149,35800,12,149,1,0,-1,2,1,1.0,0.0,1.0,0.0,0.4804530139182014
3536,1,118,9232,12,118,1,1,118,2,1,0.6190476190476191,0.0,0.6666666666666666,144.7543228605061,1.2069489608125767
3537,3,30,10612,12,30,1,0,-1,2,1,1.0,0.0,1.0,0.0,0.4804530139182014
3538,1,56,13444,12,56,2,1,-1,3,2,0.6031746031746031,0.6365141682928128,0.75,11.561487031584658,1.6874019747307822
3539,6,56,15928,12,56,1,0,-1,2,1,0.8,0.0,0.6666666666666666,0.0,1.206948960812582
3540,1,118,9232,12,118,1,1,118,2,1,0.7333333333333334,0.0,1.0,144.46664078805435,0.4804530139181646
3541,3,118,10624,12,118,1,0,-1,2,1,1.0,0.0,1.0,0.0,0.4804530139182014
3542,1,56,10096,12,56,1,1,-1,2,1,0.6666666666666666,0.0,0.6666666666666666,14.569641825137206,1.2069489608125807
3543,8,56,23920,12,56,1,0,-1,2,1,1.0,0.0,1.0,0.0,0.4804530139182014
3544,1,56,3544,12,56,2,1,56,3,2,0.6031746031746031,0.6365141682928128,0.75,69.73599122424059,1.6874019747307807
3545,3,56,11968,12,56,1,0,-1,2,1,0.8,0.0,0.6666666666666666,0.0,1.206948960812582
3546,1,56,5320,12,56,1,1,56,2,1,0.7333333333333334,0.0,1.0,69.16062707933702,0.4804530139182237
3547,13,56,26944,12,56,1,0,-1,2,1,1.0,0.0,1.0,0.0,0.4804530139182014
3548,1,56,5992,12,56,1,1,56,2,1,0.6190476190476191,0.0,0.6666666666666666,69.4483091517888,1.2069489608125767
3549,3,56,10648,12,56,1,0,-1,2,1,1.0,0.0,1.0,0.0,0.4804530139182014
3550,1,87,45520,12,87,2,1,-1,3,2,0.6031746031746031,0.6365141682928128,0.75,5.78074351579233,1.6874019747307842
3551,21,87,53944,12,87,1,0,-1,2,1,0.8,0.0,0.6666666666666666,0.0,1.206948960812582
3552,1,74,9232,12,74,1,1,74,2,1,0.7333333333333334,0.0,1.0,90.08637656517014,0.480453013918204
3553,3,56,20248,12,56,1,0,-1,2,1,1.0,0.0,1.0,0.0,0.4804530139182014
3554,1,118,9232,12,118,1,1,118,2,1,0.6666666666666666,0.0,0.6666666666666666,144.17895871560256,1.2069489608125767
3555,6,118,16000,12,118,1,0,-1,2,1,1.0,0.0,1.0,0.0,0.4804530139182014
3556,1,149,21688,12,149,2,1,-1,3,2,0.6031746031746031,0.6365141682928128,0.75,26.994175074077216,1.6874019747307965
3557,3,149,21688,12,149,1,0,-1,2,1,0.8,0.0,0.6666666666666666,0.0,1.206948960812582
3558,1,149,21688,12,149,1,1,-1,2,1,0.7333333333333334,0.0,1.0,26.418810929173656,0.48045301391819906
3559,19,48,40552,12,48,1,0,-1,2,1,1.0,0.0,1.0,0.0,0.4804530139182014
3560,1,74,9232,12,74,1,1,74,2,1,0.6190476190476191,0.0,0.6666666666666666,90.6617407100737,1.2069489608125767
3561,3,48,30436,12,48,1,0,-1,2,1,1.0,0.0,1.0,0.0,0.4804530139182014
3562,1,74,9232,12,74,2,1,74,3,2,0.6031746031746031,0.6365141682928128,0.75,90.6617407100737,1.6874019747307807
3563,8,162,250504,12,162,1,0,-1,2,1,0.8,0.0,0.6666666666666666,0.0,1.206948960812582
3564,1,48,8584,12,48,1,1,48,2,1,0.7333333333333334,0.0,1.0,58.64563633528148,0.480453013918204
3565,3,48,10696,12,48,1,0,-1,2,1,1.0,0.0,1.0,0.0,0.4804530139182014
3566,1,48,12040,12,48,1,1,-1,2,1,0.6666666666666666,0.0,0.6666666666666666,5.493061443340549,1.2069489608125827
3567,57,193,146500,12,193,1,0,-1,2,1,1.0,0.0,1.0,0.0,0.4804530139182014
3568,1,74,9232,12,74,2,1,74,3,2,0.6031746031746031,0.6365141682928128,0.75,90.94942278252547,1.6874019747307807
3569,3,74,10708,12,74,1,0,-1,2,1,0.8,0.0,0.6666666666666666,0.0,1.206948960812582
3570,1,30,6784,12,30,1,1,30,2,1,0.7333333333333334,0.0,1.0,36.56915855964131,0.480453013918204
3571,6,30,16072,12,30,1,0,-1,2,1,1.0,0.0,1.0,0.0,0.4804530139182014
3572,1,74,9232,12,74,1,1,74,2,1,0.6190476190476191,0.0,0.6666666666666666,90.94942278252547,1.2069489608125767
3573,3,74,10720,12,74,1,0,-1,2,1,1.0,0.0,1.0,0.0,0.4804530139182014
3574,1,48,15280,12,48,2,1,-1,3,2,0.6031746031746031,0.6365141682928128,0.75,14.569641825137206,1.6874019747307798
3575,8,48,24136,12,48,1,0,-1,2,1,0.8,0.0,0.6666666666666666,0.0,1.206948960812582
3576,1,100,39364,12,100,1,1,-1,2,1,0.7333333333333334,0.0,1.0,15.432688042492549,0.48045301391820155
3577,3,74,13588,12,74,1,0,-1,2,1,1.0,0.0,1.0,0.0,0.4804530139182014
3578,1,100,39364,12,100,1,1,-1,2,1,0.6666666666666666,0.0,0.6666666666666666,15.432688042492549,1.2069489608125807
3579,16,74,20392,12,74,1,0,-1,2,1,1.0,0.0,1.0,0.0,0.4804530139182014
3580,1,100,39364,12,100,2,1,-1,3,2,0.6031746031746031,0.6365141682928128,0.75,11.849169104036438,1.6874019747307822
3581,3,100,39364,12,100,1,0,-1,2,1,0.8,0.0,0.6666666666666666,0.0,1.206948960812582
3582,1,100,103336,12,100,1,1,-1,2,1,0.7333333333333334,0.0,1.0,5.493061443340549,0.48045301391820155
3583,29,100,275560,12,100,1,0,-1,2,1,1.0,0.0,1.0,0.0,0.4804530139182014
3584,1,25,3584,12,25,1,1,25,2,1,0.6190476190476191,0.0,0.6666666666666666,31.363779188752538,1.2069489608125767
3585,3,74,14560,12,74,1,0,-1,2,1,1.0,0.0,1.0,0.0,0.4804530139182014
3586,1,118,9232,12,118,2,1,118,3,2,0.6031746031746031,0.6365141682928128,0.75,144.17895871560256,1.687401974730679
3587,6,118,16144,12,118,1,0,-1,2,1,0.8,0.0,0.6666666666666666,0.0,1.206948960812582
3588,1,69,3588,12,69,1,1,69,2,1,0.7333333333333334,0.0,1.0,84.3056330493778,0.480453013918204
3589,3,69,10768,12,69,1,0,-1,2,1,1.0,0.0,1.0,0.0,0.4804530139182014
3590,1,69,8080,12,69,1,1,69,2,1,0.6666666666666666,0.0,0.6666666666666666,84.01795097692603,1.2069489608125767
3591,11,149,65608,12,149,1,0,-1,2,1,1.0,0.0,1.0,0.0,0.4804530139182014
3592,1,118,9232,12,118,2,1,118,3,2,0.6031746031746031,0.6365141682928128,0.75,144.7543228605061,1.6874019747307807
3593,3,30,18196,12,30,1,0,-1,2,1,0.8,0.0,0.6666666666666666,0.0,1.206948960812582
3594,1,118,9232,12,118,1,1,118,2,1,0.7333333333333334,0.0,1.0,144.17895871560256,0.4804530139181646
3595,8,69,16180,12,69,1,0,-1,2,1,1.0,0.0,1.0,0.0,0.4804530139182014
3596,1,118,9232,12,118,1,1,118,2,1,0.6190476190476191,0.0,0.6666666666666666,144.7543228605061,1.2069489608125767
3597,3,118,10792,12,118,1,0,-1,2,1,1.0,0.0,1.0,0.0,0.4804530139182014
3598,1,69,12148,12,69,2,1,-1,3,2,0.6031746031746031,0.6365141682928128,0.75,5.78074351579233,1.6874019747307842
3599,11,69,36448,12,69,1,0,-1,2,1,0.8,0.0,0.6666666666666666,0.0,1.206948960812582
3600,1,56,4372,12,56,1,1,56,2,1,0.7333333333333334,0.0,1.0,68.87294500688525,0.480453013918204
3601,3,118,10804,12,118,1,0,-1,2,1,1.0,0.0,1.0,0.0,0.4804530139182014
3602,1,162,17332,12,162,1,1,-1,2,1,0.6666666666666666,0.0,0.6666666666666666,20.062703268477758,1.2069489608125845
3603,6,162,17332,12,162,1,0,-1,2,1,1.0,0.0,1.0,0.0,0.4804530139182014
3604,1,56,4372,12,56,2,1,56,3,2,0.6031746031746031,0.6365141682928128,0.75,69.4483091517888,1.6874019747307807
3605,3,56,10816,12,56,1,0,-1,2,1,0.8,0.0,0.6666666666666666,0.0,1.206948960812582
3606,1,43,8116,12,43,1,1,43,2,1,0.7333333333333334,0.0,1.0,52.289528674585604,0.480453013918204
3607,8,43,24352,12,43,1,0,-1,2,1,1.0,0.0,1.0,0.0,0.4804530139182014
3608,1,56,4372,12,56,1,1,56,2,1,0.6190476190476191,0.0,0.6666666666666666,69.4483091517888,1.206948960812608
3609,3,43,12184,12,43,1,0,-1,2,1,1.0,0.0,1.0,0.0,0.4804530139182014
3610,1,56,5416,12,56,2,1,56,3,2,0.6031746031746031,0.6365141682928128,0.75,69.4483091517888,1.687401974730812
3611,24,69,61720,12,69,1,0,-1,2,1,0.8,0.0,0.6666666666666666,0.0,1.206948960812582
3612,1,118,9232,12,118,1,1,118,2,1,0.7333333333333334,0.0,1.0,144.17895871560256,0.4804530139181646
3613,3,118,10840,12,118,1,0,-1,2,1,1.0,0.0,1.0,0.0,0.4804530139182014
3614,1,118,18304,12,118,1,1,-1,2,1,0.6666666666666666,0.0,0.6666666666666666,5.493061443340549,1.2069489608125827
3615,29,69,54916,12,69,1,0,-1,2,1,1.0,0.0,1.0,0.0,0.4804530139182014
3616,1,17,3616,12,17,2,1,17,3,2,0.6031746031746031,0.6365141682928128,0.75,21.71183466205231,1.6874019747307885
3617,3,162,10852,12,162,1,0,-1,2,1,0.8,0.0,0.6666666666666666,0.0,1.206948960812582
3618,1,56,5428,12,56,1,1,56,2,1,0.7333333333333334,0.0,1.0,69.16062707933702,0.4804530139182237
3619,6,56,16288,12,56,1,0,-1,2,1,1.0,0.0,1.0,0.0,0.4804530139182014
3620,1,69,5812,12,69,1,1,69,2,1,0.6190476190476191,0.0,0.6666666666666666,84.3056330493778,1.2069489608125767
3621,3,69,10864,12,69,1,0,-1,2,1,1.0,0.0,1.0,0.0,0.4804530139182014
3622,1,69,8152,12,69,2,1,69,3,2,0.6031746031746031,0.6365141682928128,0.75,84.01795097692603,1.687401974730761
3623,13,118,27520,12,118,1,0,-1,2,1,0.8,0.0,0.6666666666666666,0.0,1.206948960812582
3624,1,17,3624,12,17,1,1,17,2,1,0.7333333333333334,0.0,1.0,21.136470517148748,0.480453013918204
3625,3,69,69712,12,69,1,0,-1,2,1,1.0,0.0,1.0,0.0,0.4804530139182014
3626,1,17,5440,12,17,1,1,17,2,1,0.6666666666666666,0.0,0.6666666666666666,21.136470517148748,1.2069489608125845
3627,8,56,16324,12,56,1,0,-1,2,1,1.0,0.0,1.0,0.0,0.4804530139182014
3628,1,56,13120,12,56,2,1,-1,3,2,0.6031746031746031,0.6365141682928128,0.75,27.85722129143256,1.6874019747307758
3629,3,56,13120,12,56,1,0,-1,2,1,0.8,0.0,0.6666666666666666,0.0,1.206948960812582
3630,1,56,13120,12,56,1,1,-1,2,1,0.7333333333333334,0.0,1.0,5.493061443340549,0.48045301391820155
3631,60,100,176740,12,100,1,0,-1,2,1,1.0,0.0,1.0,0.0,0.4804530139182014
3632,1,17,3632,12,17,1,1,17,2,1,0.6190476190476191,0.0,0.6666666666666666,21.71183466205231,1.2069489608125845
3633,3,69,39364,12,69,1,0,-1,2,1,1.0,0.0,1.0,0.0,0.4804530139182014
3634,1,69,39364,12,69,2,1,-1,3,2,0.6031746031746031,0.6365141682928128,0.75,21.21343155828488,1.6874019747307885
3635,6,69,39364,12,69,1,0,-1,2,1,0.8,0.0,0.6666666666666666,0.0,1.206948960812582
3636,1,17,3636,12,17,1,1,17,2,1,0.7333333333333334,0.0,1.0,21.42415258960053,0.480453013918204
3637,3,17,10912,12,17,1,0,-1,2,1,1.0,0.0,1.0,0.0,0.4804530139182014
3638,1,162,1276936,12,162,1,1,-1,2,1,0.6666666666666666,0.0,0.6666666666666666,10.986122886681096,1.2069489608125807
3639,8,162,1276936,12,162,1,0,-1,2,1,1.0,0.0,1.0,0.0,0.4804530139182014
3640,1,43,3640,12,43,2,1,43,3,2,0.6031746031746031,0.6365141682928128,0.75,53.44025696439273,1.687401974730771
3641,3,118,12292,12,118,1,0,-1,2,1,0.8,0.0,0.6666666666666666,0.0,1.206948960812582
3642,1,43,5464,12,43,1,1,43,2,1,0.7333333333333334,0.0,1.0,52.864892819489164,0.480453013918204
3643,11,162,18448,12,162,1,0,-1,2,1,1.0,0.0,1.0,0.0,0.4804530139182014
3644,1,43,9232,12,43,1,1,43,2,1,0.6190476190476191,0.0,0.6666666666666666,52.864892819489164,1.2069489608125767
3645,3,43,10936,12,43,1,0,-1,2,1,1.0,0.0,1.0,0.0,0.4804530139182014
3646,1,162,27700,12,162,2,1,-1,3,2,0.6031746031746031,0.6365141682928128,0.75,5.78074351579233,1.6874019747307842
3647,16,162,83104,12,162,1,0,-1,2,1,0.8,0.0,0.6666666666666666,0.0,1.206948960812582
3648,1,38,3648,12,38,1,1,38,2,1,0.7333333333333334,0.0,1.0,46.221103086341515,0.48045301391819417
3649,3,43,10948,12,43,1,0,-1,2,1,1.0,0.0,1.0,0.0,0.4804530139182014
3650,1,43,5476,12,43,1,1,43,2,1,0.6666666666666666,0.0,0.6666666666666666,52.86489281948917,1.2069489608125612
3651,6,43,16432,12,43,1,0,-1,2,1,1.0,0.0,1.0,0.0,0.4804530139182014
3652,1,131,9232,12,131,2,1,131,3,2,0.6031746031746031,0.6365141682928128,0.75,160.18701090299865,1.6874019747308828
3653,3,131,10960,12,131,1,0,-1,2,1,0.8,0.0,0.6666666666666666,0.0,1.206948960812582
3654,1,131,9232,12,131,1,1,131,2,1,0.7333333333333334,0.0,1.0,159.6116467580951,0.480453013918204
3655,16,118,24676,12,118,1,0,-1,2,1,1.0,0.0,1.0,0.0,0.4804530139182014
3656,1,131,9232,12,131,1,1,131,2,1,0.6190476190476191,0.0,0.6666666666666666,160.18701090299865,1.2069489608126394
3657,3,118,18520,12,118,1,0,-1,2,1,1.0,0.0,1.0,0.0,0.4804530139182014
3658,1,131,9232,12,131,2,1,131,3,2,0.6031746031746031,0.6365141682928128,0.75,160.18701090299865,1.6874019747308828
3659,8,131,16468,12,131,1,0,-1,2,1,0.8,0.0,0.6666666666666666,0.0,1.206948960812582
3660,1,131,9232,12,131,1,1,131,2,1,0.7333333333333334,0.0,1.0,160.18701090299865,0.4804530139182434
3661,3,131,10984,12,131,1,0,-1,2,1,1.0,0.0,1.0,0.0,0.4804530139182014
3662,1,69,13912,12,69,1,1,-1,2,1,0.6666666666666666,0.0,0.6666666666666666,5.493061443340549,1.2069489608125827
3663,13,69,37096,12,69,1,0,-1,2,1,1.0,0.0,1.0,0.0,0.4804530139182014
3664,1,38,3664,12,38,2,1,38,3,2,0.6031746031746031,0.6365141682928128,0.75,47.084149303696854,1.6874019747307554
3665,3,43,10996,12,43,1,0,-1,2,1,0.8,0.0,0.6666666666666666,0.0,1.206948960812582
3666,1,43,20896,12,43,1,1,-1,2,1,0.7333333333333334,0.0,1.0,11.273804959132878,0.48045301391819906
3667,6,43,20896,12,43,1,0,-1,2,1,1.0,0.0,1.0,0.0,0.4804530139182014
3668,1,38,3668,12,38,1,1,38,2,1,0.6190476190476191,0.0,0.6666666666666666,47.084149303696854,1.2069489608125612
3669,3,38,11008,12,38,1,0,-1,2,1,1.0,0.0,1.0,0.0,0.4804530139182014
3670,1,131,9232,12,131,2,1,131,3,2,0.6031746031746031,0.6365141682928128,0.75,159.6116467580951,1.6874019747307807
3671,8,131,24784,12,131,1,0,-1,2,1,0.8,0.0,0.6666666666666666,0.0,1.206948960812582
3672,1,131,9232,12,131,1,1,131,2,1,0.7333333333333334,0.0,1.0,159.89932883054686,0.480453013918204
3673,3,162,12400,12,162,1,0,-1,2,1,1.0,0.0,1.0,0.0,0.4804530139182014
3674,1,131,9232,12,131,1,1,131,2,1,0.6666666666666666,0.0,0.6666666666666666,159.89932883054686,1.2069489608126394
3675,19,100,31408,12,100,1,0,-1,2,1,1.0,0.0,1.0,0.0,0.4804530139182014
3676,1,131,9232,12,131,2,1,131,3,2,0.6031746031746031,0.6365141682928128,0.75,160.18701090299865,1.6874019747308828
3677,3,131,11032,12,131,1,0,-1,2,1,0.8,0.0,0.6666666666666666,0.0,1.206948960812582
3678,1,162,18628,12,162,1,1,-1,2,1,0.7333333333333334,0.0,1.0,5.493061443340549,0.48045301391820155
3679,13,162,55888,12,162,1,0,-1,2,1,1.0,0.0,1.0,0.0,0.4804530139182014
3680,1,38,3680,12,38,1,1,38,2,1,0.6190476190476191,0.0,0.6666666666666666,47.084149303696854,1.2069489608125767
3681,3,131,13984,12,131,1,0,-1,2,1,1.0,0.0,1.0,0.0,0.4804530139182014
3682,1,131,9232,12,131,2,1,131,3,2,0.6031746031746031,0.6365141682928128,0.75,160.18701090299865,1.6874019747308828
3683,6,131,16576,12,131,1,0,-1,2,1,0.8,0.0,0.6666666666666666,0.0,1.206948960812582
3684,1,131,9232,12,131,1,1,131,2,1,0.7333333333333334,0.0,1.0,160.18701090299865,0.4804530139182434
3685,3,131,11056,12,131,1,0,-1,2,1,1.0,0.0,1.0,0.0,0.4804530139182014
3686,1,131,9232,12,131,1,1,131,2,1,0.6666666666666666,0.0,0.6666666666666666,159.8993288305469,1.2069489608125767
3687,21,43,63016,12,43,1,0,-1,2,1,1.0,0.0,1.0,0.0,0.4804530139182014
3688,1,38,3688,12,38,2,1,38,3,2,0.6031746031746031,0.6365141682928128,0.75,47.37183137614863,1.6874019747307965
3689,3,100,95956,12,100,1,0,-1,2,1,0.8,0.0,0.6666666666666666,0.0,1.206948960812582
3690,1,38,5536,12,38,1,1,38,2,1,0.7333333333333334,0.0,1.0,46.796467231245074,0.48045301391819417
3691,8,69,16612,12,69,1,0,-1,2,1,1.0,0.0,1.0,0.0,0.4804530139182014
3692,1,69,10528,12,69,1,1,-1,2,1,0.6190476190476191,0.0,0.6666666666666666,15.720370114944329,1.2069489608125807
3693,3,69,11080,12,69,1,0,-1,2,1,1.0,0.0,1.0,0.0,0.4804530139182014
3694,1,69,12472,12,69,2,1,-1,3,2,0.6031746031746031,0.6365141682928128,0.75,5.78074351579233,1.6874019747307842
3695,26,206,250504,12,206,1,0,-1,2,1,0.8,0.0,0.6666666666666666,0.0,1.206948960812582
3696,1,131,9232,12,131,1,1,131,2,1,0.7333333333333334,0.0,1.0,159.89932883054686,0.480453013918204
3697,3,38,11092,12,38,1,0,-1,2,1,1.0,0.0,1.0,0.0,0.4804530139182014
3698,1,69,6244,12,69,1,1,69,2,1,0.6666666666666666,0.0,0.6666666666666666,84.3056330493778,1.2069489608125767
3699,6,69,16648,12,69,1,0,-1,2,1,1.0,0.0,1.0,0.0,0.4804530139182014
3700,1,131,9232,12,131,2,1,131,3,2,0.6031746031746031,0.6365141682928128,0.75,160.47469297545044,1.6874019747308828
3701,3,131,11104,12,131,1,0,-1,2,1,0.8,0.0,0.6666666666666666,0.0,1.206948960812582
3702,1,131,9376,12,131,1,1,131,2,1,0.7333333333333334,0.0,1.0,159.32396468564332,0.480453013918204
3703,8,131,25000,12,131,1,0,-1,2,1,1.0,0.0,1.0,0.0,0.4804530139182014
3704,1,131,9232,12,131,1,1,131,2,1,0.6190476190476191,0.0,0.6666666666666666,160.47469297545044,1.2069489608126394
3705,3,162,26728,12,162,1,0,-1,2,1,1.0,0.0,1.0,0.0,0.4804530139182014
3706,1,131,9232,12,131,2,1,131,3,2,0.6031746031746031,0.6365141682928128,0.75,160.47469297545044,1.6874019747308828
3707,13,131,18772,12,131,1,0,-1,2,1,0.8,0.0,0.6666666666666666,0.0,1.206948960812582
3708,1,118,15856,12,118,1,1,-1,2,1,0.7333333333333334,0.0,1.0,11.561487031584658,0.48045301391820155
3709,3,118,15856,12,118,1,0,-1,2,1,1.0,0.0,1.0,0.0,0.4804530139182014
3710,1,118,42280,12,118,1,1,-1,2,1,0.6666666666666666,0.0,0.6666666666666666,5.493061443340549,1.2069489608125827
3711,60,237,481624,12,237,1,0,-1,2,1,1.0,0.0,1.0,0.0,0.4804530139182014
3712,1,25,3712,12,25,2,1,25,3,2,0.6031746031746031,0.6365141682928128,0.75,31.651461261204318,1.6874019747307965
3713,3,69,23812,12,69,1,0,-1,2,1,0.8,0.0,0.6666666666666666,0.0,1.206948960812582
3714,1,38,5572,12,38,1,1,38,2,1,0.7333333333333334,0.0,1.0,46.508785158793295,0.48045301391819417
3715,6,38,16720,12,38,1,0,-1,2,1,1.0,0.0,1.0,0.0,0.4804530139182014
3716,1,131,9232,12,131,1,1,131,2,1,0.6190476190476191,0.0,0.6666666666666666,160.47469297545044,1.2069489608126394
3717,3,131,11152,12,131,1,0,-1,2,1,1.0,0.0,1.0,0.0,0.4804530139182014
3718,1,131,9232,12,131,2,1,131,3,2,0.6031746031746031,0.6365141682928128,0.75,160.18701090299865,1.6874019747308828
3719,11,43,25108,12,43,1,0,-1,2,1,0.8,0.0,0.6666666666666666,0.0,1.206948960812582
3720,1,38,3720,12,38,1,1,38,2,1,0.7333333333333334,0.0,1.0,46.79646723124507,0.480453013918204
3721,3,69,80512,12,69,1,0,-1,2,1,1.0,0.0,1.0,0.0,0.4804530139182014
3722,1,38,5584,12,38,1,1,38,2,1,0.6666666666666666,0.0,0.6666666666666666,46.79646723124507,1.2069489608125925
3723,8,131,16756,12,131,1,0,-1,2,1,1.0,0.0,1.0,0.0,0.4804530139182014
3724,1,38,4192,12,38,2,1,38,3,2,0.6031746031746031,0.6365141682928128,0.75,47.37183137614863,1.6874019747307965
3725,3,38,11176,12,38,1,0,-1,2,1,0.8,0.0,0.6666666666666666,0.0,1.206948960812582
3726,1,69,15928,12,69,1,1,-1,2,1,0.7333333333333334,0.0,1.0,5.493061443340549,0.48045301391820155
3727,11,69,37744,12,69,1,0,-1,2,1,1.0,0.0,1.0,0.0,0.4804530139182014
3728,1,87,9232,12,87,1,1,87,2,1,0.6190476190476191,0.0,0.6666666666666666,106.6697928974698,1.2069489608125767
3729,3,69,11188,12,69,1,0,-1,2,1,1.0,0.0,1.0,0.0,0.4804530139182014
3730,1,69,9448,12,69,2,1,69,3,2,0.6031746031746031,0.6365141682928128,0.75,84.88099719428136,1.6874019747307807
3731,6,69,16792,12,69,1,0,-1,2,1,0.8,0.0,0.6666666666666666,0.0,1.206948960812582
3732,1,87,9232,12,87,1,1,87,2,1,0.7333333333333334,0.0,1.0,106.38211082501803,0.4804530139181843
3733,3,87,11200,12,87,1,0,-1,2,1,1.0,0.0,1.0,0.0,0.4804530139182014
3734,1,38,8404,12,38,1,1,38,2,1,0.6666666666666666,0.0,0.6666666666666666,46.221103086341515,1.2069489608125612
3735,8,38,25216,12,38,1,0,-1,2,1,1.0,0.0,1.0,0.0,0.4804530139182014
3736,1,87,9232,12,87,2,1,87,3,2,0.6031746031746031,0.6365141682928128,0.75,106.95747496992158,1.6874019747307807
3737,3,100,45520,12,100,1,0,-1,2,1,0.8,0.0,0.6666666666666666,0.0,1.206948960812582
3738,1,87,9232,12,87,1,1,87,2,1,0.7333333333333334,0.0,1.0,106.38211082501803,0.4804530139181843
3739,63,113,345544,12,113,1,0,-1,2,1,1.0,0.0,1.0,0.0,0.4804530139182014
3740,1,131,9232,12,131,1,1,131,2,1,0.6190476190476191,0.0,0.6666666666666666,159.6116467580951,1.2069489608125767
3741,3,131,11224,12,131,1,0,-1,2,1,1.0,0.0,1.0,0.0,0.4804530139182014
3742,1,131,18952,12,131,2,1,-1,3,2,0.6031746031746031,0.6365141682928128,0.75,5.78074351579233,1.6874019747307842
3743,24,69,95956,12,69,1,0,-1,2,1,0.8,0.0,0.6666666666666666,0.0,1.206948960812582
3744,1,25,3744,12,25,1,1,25,2,1,0.7333333333333334,0.0,1.0,30.78841504384898,0.48045301391819906
3745,3,162,21688,12,162,1,0,-1,2,1,1.0,0.0,1.0,0.0,0.4804530139182014
3746,1,87,9232,12,87,1,1,87,2,1,0.6666666666666666,0.0,0.6666666666666666,106.09442875256624,1.2069489608125767
3747,6,87,16864,12,87,1,0,-1,2,1,1.0,0.0,1.0,0.0,0.4804530139182014
3748,1,175,250504,12,175,2,1,-1,3,2,0.6031746031746031,0.6365141682928128,0.75,15.720370114944329,1.68740197473079
3749,3,175,250504,12,175,1,0,-1,2,1,0.8,0.0,0.6666666666666666,0.0,1.206948960812582
3750,1,175,250504,12,175,1,1,-1,2,1,0.7333333333333334,0.0,1.0,15.145005970040769,0.48045301391819906
3751,42,61,32056,12,61,1,0,-1,2,1,1.0,0.0,1.0,0.0,0.4804530139182014
3752,1,25,3752,12,25,1,1,25,2,1,0.6190476190476191,0.0,0.6666666666666666,31.363779188752538,1.2069489608125925
3753,3,162,144340,12,162,1,0,-1,2,1,1.0,0.0,1.0,0.0,0.4804530139182014
3754,1,25,5632,12,25,2,1,25,3,2,0.6031746031746031,0.6365141682928128,0.75,31.363779188752538,1.6874019747307965
3755,8,61,16900,12,61,1,0,-1,2,1,0.8,0.0,0.6666666666666666,0.0,1.206948960812582
3756,1,87,9232,12,87,1,1,87,2,1,0.7333333333333334,0.0,1.0,106.38211082501802,0.480453013918204
3757,3,87,11272,12,87,1,0,-1,2,1,1.0,0.0,1.0,0.0,0.4804530139182014
3758,1,87,12688,12,87,1,1,-1,2,1,0.6666666666666666,0.0,0.6666666666666666,5.493061443340549,1.2069489608125827
3759,13,87,38068,12,87,1,0,-1,2,1,1.0,0.0,1.0,0.0,0.4804530139182014
3760,1,131,9232,12,131,2,1,131,3,2,0.6031746031746031,0.6365141682928128,0.75,160.47469297545044,1.6874019747308828
3761,3,38,11284,12,38,1,0,-1,2,1,0.8,0.0,0.6666666666666666,0.0,1.206948960812582
3762,1,38,6352,12,38,1,1,38,2,1,0.7333333333333334,0.0,1.0,46.50878515879329,0.480453013918204
3763,6,38,16936,12,38,1,0,-1,2,1,1.0,0.0,1.0,0.0,0.4804530139182014
3764,1,131,9232,12,131,1,1,131,2,1,0.6190476190476191,0.0,0.6666666666666666,160.47469297545044,1.2069489608126394
3765,3,131,11296,12,131,1,0,-1,2,1,1.0,0.0,1.0,0.0,0.4804530139182014
3766,1,87,14308,12,87,2,1,-1,3,2,0.6031746031746031,0.6365141682928128,0.75,11.273804959132878,1.6874019747307798
3767,8,87,25432,12,87,1,0,-1,2,1,0.8,0.0,0.6666666666666666,0.0,1.206948960812582
3768,1,131,9232,12,131,1,1,131,2,1,0.7333333333333334,0.0,1.0,160.18701090299865,0.4804530139182434
3769,3,113,39364,12,113,1,0,-1,2,1,1.0,0.0,1.0,0.0,0.4804530139182014
3770,1,131,9232,12,131,1,1,131,2,1,0.6666666666666666,0.0,0.6666666666666666,160.18701090299865,1.2069489608126394
3771,11,113,39364,12,113,1,0,-1,2,1,1.0,0.0,1.0,0.0,0.4804530139182014
3772,1,38,9556,12,38,2,1,38,3,2,0.6031746031746031,0.6365141682928128,0.75,46.50878515879329,1.6874019747307807
3773,3,38,11320,12,38,1,0,-1,2,1,0.8,0.0,0.6666666666666666,0.0,1.206948960812582
3774,1,38,28672,12,38,1,1,-1,2,1,0.7333333333333334,0.0,1.0,5.493061443340549,0.48045301391820155
3775,29,87,86020,12,87,1,0,-1,2,1,1.0,0.0,1.0,0.0,0.4804530139182014
3776,1,38,3776,12,38,1,1,38,2,1,0.6190476190476191,0.0,0.6666666666666666,47.37183137614863,1.2069489608125767
3777,3,131,11332,12,131,1,0,-1,2,1,1.0,0.0,1.0,0.0,0.4804530139182014
3778,1,82,8080,12,82,2,1,82,3,2,0.6031746031746031,0.6365141682928128,0.75,99.45063901941857,1.6874019747307807
3779,6,82,17008,12,82,1,0,-1,2,1,0.8,0.0,0.6666666666666666,0.0,1.206948960812582
3780,1,38,3780,12,38,1,1,38,2,1,0.7333333333333334,0.0,1.0,46.79646723124507,0.480453013918204
3781,3,38,11344,12,38,1,0,-1,2,1,1.0,0.0,1.0,0.0,0.4804530139182014
3782,1,38,8512,12,38,1,1,38,2,1,0.6666666666666666,0.0,0.6666666666666666,46.50878515879329,1.2069489608125767
3783,13,131,25540,12,131,1,0,-1,2,1,1.0,0.0,1.0,0.0,0.4804530139182014
3784,1,38,3784,12,38,2,1,38,3,2,0.6031746031746031,0.6365141682928128,0.75,47.37183137614863,1.6874019747307965
3785,3,131,19168,12,131,1,0,-1,2,1,0.8,0.0,0.6666666666666666,0.0,1.206948960812582
3786,1,38,5680,12,38,1,1,38,2,1,0.7333333333333334,0.0,1.0,46.79646723124507,0.480453013918204
3787,8,82,17044,12,82,1,0,-1,2,1,1.0,0.0,1.0,0.0,0.4804530139182014
3788,1,38,4264,12,38,1,1,38,2,1,0.6190476190476191,0.0,0.6666666666666666,47.37183137614863,1.2069489608125925
3789,3,38,11368,12,38,1,0,-1,2,1,1.0,0.0,1.0,0.0,0.4804530139182014
3790,1,175,138400,12,175,2,1,-1,3,2,0.6031746031746031,0.6365141682928128,0.75,5.78074351579233,1.6874019747307842
3791,39,175,138400,12,175,1,0,-1,2,1,0.8,0.0,0.6666666666666666,0.0,1.206948960812582
3792,1,38,3792,12,38,1,1,38,2,1,0.7333333333333334,0.0,1.0,46.79646723124507,0.480453013918204
3793,3,69,11380,12,69,1,0,-1,2,1,1.0,0.0,1.0,0.0,0.4804530139182014
3794,1,69,14416,12,69,1,1,-1,2,1,0.6666666666666666,0.0,0.6666666666666666,11.273804959132878,1.2069489608125807
3795,6,69,17080,12,69,1,0,-1,2,1,1.0,0.0,1.0,0.0,0.4804530139182014
3796,1,38,3796,12,38,2,1,38,3,2,0.6031746031746031,0.6365141682928128,0.75,47.37183137614863,1.6874019747307807
3797,3,38,11392,12,38,1,0,-1,2,1,0.8,0.0,0.6666666666666666,0.0,1.206948960812582
3798,1,69,8548,12,69,1,1,69,2,1,0.7333333333333334,0.0,1.0,84.01795097692602,0.480453013918204
3799,8,69,25648,12,69,1,0,-1,2,1,1.0,0.0,1.0,0.0,0.4804530139182014
3800,1,30,3800,12,30,1,1,30,2,1,0.6190476190476191,0.0,0.6666666666666666,37.43220477699665,1.2069489608125925
3801,3,30,12832,12,30,1,0,-1,2,1,1.0,0.0,1.0,0.0,0.4804530139182014
3802,1,30,5704,12,30,2,1,30,3,2,0.6031746031746031,0.6365141682928128,0.75,37.43220477699665,1.6874019747307965
3803,13,82,61720,12,82,1,0,-1,2,1,0.8,0.0,0.6666666666666666,0.0,1.206948960812582
3804,1,30,6424,12,30,1,1,30,2,1,0.7333333333333334,0.0,1.0,37.14452270454487,0.480453013918204
3805,3,30,11416,12,30,1,0,-1,2,1,1.0,0.0,1.0,0.0,0.4804530139182014
3806,1,131,21688,12,131,1,1,-1,2,1,0.6666666666666666,0.0,0.6666666666666666,5.493061443340549,1.2069489608125827
3807,16,131,57832,12,131,1,0,-1,2,1,1.0,0.0,1.0,0.0,0.4804530139182014
3808,1,38,3808,12,38,2,1,38,3,2,0.6031746031746031,0.6365141682928128,0.75,47.65951344860041,1.6874019747307807
3809,3,175,32560,12,175,1,0,-1,2,1,0.8,0.0,0.6666666666666666,0.0,1.206948960812582
3810,1,38,5716,12,38,1,1,38,2,1,0.7333333333333334,0.0,1.0,46.79646723124507,0.480453013918204
3811,6,38,17152,12,38,1,0,-1,2,1,1.0,0.0,1.0,0.0,0.4804530139182014
3812,1,30,3812,12,30,1,1,30,2,1,0.6190476190476191,0.0,0.6666666666666666,37.43220477699665,1.2069489608125925
3813,3,30,11440,12,30,1,0,-1,2,1,1.0,0.0,1.0,0.0,0.4804530139182014
3814,1,30,8584,12,30,2,1,30,3,2,0.6031746031746031,0.6365141682928128,0.75,37.14452270454487,1.6874019747307807
3815,26,175,48904,12,175,1,0,-1,2,1,0.8,0.0,0.6666666666666666,0.0,1.206948960812582
3816,1,38,3816,12,38,1,1,38,2,1,0.7333333333333334,0.0,1.0,47.084149303696854,0.48045301391819417
3817,3,82,28996,12,82,1,0,-1,2,1,1.0,0.0,1.0,0.0,0.4804530139182014
3818,1,38,5728,12,38,1,1,38,2,1,0.6666666666666666,0.0,0.6666666666666666,47.084149303696854,1.2069489608125612
3819,8,30,21760,12,30,1,0,-1,2,1,1.0,0.0,1.0,0.0,0.4804530139182014
3820,1,30,4840,12,30,2,1,30,3,2,0.6031746031746031,0.6365141682928128,0.75,37.71988684944843,1.6874019747307807
3821,3,30,11464,12,30,1,0,-1,2,1,0.8,0.0,0.6666666666666666,0.0,1.206948960812582
3822,1,30,12904,12,30,1,1,-1,2,1,0.7333333333333334,0.0,1.0,5.493061443340549,0.48045301391820155
3823,52,175,98008,12,175,1,0,-1,2,1,1.0,0.0,1.0,0.0,0.4804530139182014
3824,1,56,9232,12,56,1,1,56,2,1,0.6190476190476191,0.0,0.6666666666666666,68.87294500688525,1.206948960812608
3825,3,38,11476,12,38,1,0,-1,2,1,1.0,0.0,1.0,0.0,0.4804530139182014
3826,1,82,39364,12,82,2,1,-1,3,2,0.6031746031746031,0.6365141682928128,0.75,15.145005970040767,1.687401974730786
3827,6,82,39364,12,82,1,0,-1,2,1,0.8,0.0,0.6666666666666666,0.0,1.206948960812582
3828,1,56,9232,12,56,1,1,56,2,1,0.7333333333333334,0.0,1.0,68.58526293443347,0.480453013918204
3829,3,56,11488,12,56,1,0,-1,2,1,1.0,0.0,1.0,0.0,0.4804530139182014
3830,1,175,1276936,12,175,1,1,-1,2,1,0.6666666666666666,0.0,0.6666666666666666,25.26808263936653,1.2069489608125845
3831,8,175,1276936,12,175,1,0,-1,2,1,1.0,0.0,1.0,0.0,0.4804530139182014
3832,1,56,9232,12,56,2,1,56,3,2,0.6031746031746031,0.6365141682928128,0.75,68.87294500688525,1.687401974730812
3833,3,56,14560,12,56,1,0,-1,2,1,0.8,0.0,0.6666666666666666,0.0,1.206948960812582
3834,1,56,9232,12,56,1,1,56,2,1,0.7333333333333334,0.0,1.0,68.29758086198169,0.480453013918204
3835,21,131,32776,12,131,1,0,-1,2,1,1.0,0.0,1.0,0.0,0.4804530139182014
3836,1,131,41524,12,131,1,1,-1,2,1,0.6190476190476191,0.0,0.6666666666666666,11.849169104036438,1.2069489608125807
3837,3,131,41524,12,131,1,0,-1,2,1,1.0,0.0,1.0,0.0,0.4804530139182014
3838,1,131,65608,12,131,2,1,-1,3,2,0.6031746031746031,0.6365141682928128,0.75,5.78074351579233,1.6874019747307842
3839,63,113,897856,12,113,1,0,-1,2,1,0.8,0.0,0.6666666666666666,0.0,1.206948960812582
3840,1,25,3840,12,25,1,1,25,2,1,0.7333333333333334,0.0,1.0,30.500732971397195,0.48045301391819906
3841,3,38,11524,12,38,1,0,-1,2,1,1.0,0.0,1.0,0.0,0.4804530139182014
3842,1,144,9232,12,144,1,1,144,2,1,0.6666666666666666,0.0,0.6666666666666666,175.33201687303944,1.2069489608125767
3843,6,144,17296,12,144,1,0,-1,2,1,1.0,0.0,1.0,0.0,0.4804530139182014
3844,1,51,3844,12,51,2,1,51,3,2,0.6031746031746031,0.6365141682928128,0.75,62.80451941864114,1.6874019747307965
3845,3,51,11536,12,51,1,0,-1,2,1,0.8,0.0,0.6666666666666666,0.0,1.206948960812582
3846,1,51,8656,12,51,1,1,51,2,1,0.7333333333333334,0.0,1.0,62.22915527373758,0.480453013918204
3847,11,144,25972,12,144,1,0,-1,2,1,1.0,0.0,1.0,0.0,0.4804530139182014
3848,1,51,3848,12,51,1,1,51,2,1,0.6190476190476191,0.0,0.6666666666666666,62.80451941864115,1.2069489608125612
3849,3,131,24676,12,131,1,0,-1,2,1,1.0,0.0,1.0,0.0,0.4804530139182014
3850,1,51,5776,12,51,2,1,51,3,2,0.6031746031746031,0.6365141682928128,0.75,62.80451941864115,1.6874019747307554
3851,8,144,17332,12,144,1,0,-1,2,1,0.8,0.0,0.6666666666666666,0.0,1.206948960812582
3852,1,51,4336,12,51,1,1,51,2,1,0.7333333333333334,0.0,1.0,62.80451941864115,0.48045301391819417
3853,3,51,11560,12,51,1,0,-1,2,1,1.0,0.0,1.0,0.0,0.4804530139182014
3854,1,51,13012,12,51,1,1,-1,2,1,0.6666666666666666,0.0,0.6666666666666666,5.493061443340549,1.2069489608125827
3855,11,51,39040,12,51,1,0,-1,2,1,1.0,0.0,1.0,0.0,0.4804530139182014
3856,1,25,3856,12,25,2,1,25,3,2,0.6031746031746031,0.6365141682928128,0.75,31.363779188752538,1.6874019747307807
3857,3,51,11572,12,51,1,0,-1,2,1,0.8,0.0,0.6666666666666666,0.0,1.206948960812582
3858,1,56,10996,12,56,1,1,-1,2,1,0.7333333333333334,0.0,1.0,14.569641825137206,0.48045301391819906
3859,6,56,17368,12,56,1,0,-1,2,1,1.0,0.0,1.0,0.0,0.4804530139182014
3860,1,25,3860,12,25,1,1,25,2,1,0.6190476190476191,0.0,0.6666666666666666,31.363779188752538,1.2069489608125767
3861,3,25,11584,12,25,1,0,-1,2,1,1.0,0.0,1.0,0.0,0.4804530139182014
3862,1,144,9232,12,144,2,1,144,3,2,0.6031746031746031,0.6365141682928128,0.75,174.75665272813586,1.6874019747308828
3863,8,144,26080,12,144,1,0,-1,2,1,0.8,0.0,0.6666666666666666,0.0,1.206948960812582
3864,1,25,3864,12,25,1,1,25,2,1,0.7333333333333334,0.0,1.0,31.076097116300758,0.48045301391819906
3865,3,144,24784,12,144,1,0,-1,2,1,1.0,0.0,1.0,0.0,0.4804530139182014
3866,1,25,5800,12,25,1,1,25,2,1,0.6666666666666666,0.0,0.6666666666666666,31.076097116300758,1.2069489608125767
3867,37,82,223072,12,82,1,0,-1,2,1,1.0,0.0,1.0,0.0,0.4804530139182014
3868,1,144,9232,12,144,2,1,144,3,2,0.6031746031746031,0.6365141682928128,0.75,175.61969894549122,1.6874019747307807
3869,3,144,11608,12,144,1,0,-1,2,1,0.8,0.0,0.6666666666666666,0.0,1.206948960812582
3870,1,144,19600,12,144,1,1,-1,2,1,0.7333333333333334,0.0,1.0,5.493061443340549,0.48045301391820155
3871,32,113,58804,12,113,1,0,-1,2,1,1.0,0.0,1.0,0.0,0.4804530139182014
3872,1,100,9232,12,100,1,1,100,2,1,0.6190476190476191,0.0,0.6666666666666666,122.39016301241412,1.206948960812608
3873,3,51,11620,12,51,1,0,-1,2,1,1.0,0.0,1.0,0.0,0.4804530139182014
3874,1,51,5812,12,51,2,1,51,3,2,0.6031746031746031,0.6365141682928128,0.75,62.80451941864115,1.6874019747307554
3875,6,51,17440,12,51,1,0,-1,2,1,0.8,0.0,0.6666666666666666,0.0,1.206948960812582
3876,1,51,4912,12,51,1,1,51,2,1,0.7333333333333334,0.0,1.0,62.80451941864115,0.48045301391819417
3877,3,51,11632,12,51,1,0,-1,2,1,1.0,0.0,1.0,0.0,0.4804530139182014
3878,1,51,8728,12,51,1,1,51,2,1,0.6666666666666666,0.0,0.6666666666666666,62.51683734618937,1.2069489608125612
3879,13,144,29464,12,144,1,0,-1,2,1,1.0,0.0,1.0,0.0,0.4804530139182014
3880,1,100,9232,12,100,2,1,100,3,2,0.6031746031746031,0.6365141682928128,0.75,122.67784508486591,1.687401974730812
3881,3,144,44224,12,144,1,0,-1,2,1,0.8,0.0,0.6666666666666666,0.0,1.206948960812582
3882,1,100,9232,12,100,1,1,100,2,1,0.7333333333333334,0.0,1.0,122.10248093996235,0.480453013918204
3883,8,51,17476,12,51,1,0,-1,2,1,1.0,0.0,1.0,0.0,0.4804530139182014
3884,1,38,4372,12,38,1,1,38,2,1,0.6190476190476191,0.0,0.6666666666666666,47.37183137614863,1.2069489608125767
3885,3,38,11656,12,38,1,0,-1,2,1,1.0,0.0,1.0,0.0,0.4804530139182014
3886,1,38,13120,12,38,2,1,-1,3,2,0.6031746031746031,0.6365141682928128,0.75,5.78074351579233,1.6874019747307842
3887,16,51,39364,12,51,1,0,-1,2,1,0.8,0.0,0.6666666666666666,0.0,1.206948960812582
3888,1,100,9232,12,100,1,1,100,2,1,0.7333333333333334,0.0,1.0,122.10248093996235,0.480453013918204
3889,3,38,11668,12,38,1,0,-1,2,1,1.0,0.0,1.0,0.0,0.4804530139182014
3890,1,38,6568,12,38,1,1,38,2,1,0.6666666666666666,0.0,0.6666666666666666,46.79646723124507,1.2069489608125767
3891,6,38,17512,12,38,1,0,-1,2,1,1.0,0.0,1.0,0.0,0.4804530139182014
3892,1,100,9232,12,100,2,1,100,3,2,0.6031746031746031,0.6365141682928128,0.75,122.67784508486591,1.687401974730812
3893,3,100,11680,12,100,1,0,-1,2,1,0.8,0.0,0.6666666666666666,0.0,1.206948960812582
3894,1,82,22192,12,82,1,1,-1,2,1,0.7333333333333334,0.0,1.0,10.986122886681096,0.48045301391820155
3895,8,82,26296,12,82,1,0,-1,2,1,1.0,0.0,1.0,0.0,0.4804530139182014
3896,1,144,9232,12,144,1,1,144,2,1,0.6190476190476191,0.0,0.6666666666666666,176.19506309039477,1.2069489608126394
3897,3,144,13156,12,144,1,0,-1,2,1,1.0,0.0,1.0,0.0,0.4804530139182014
3898,1,144,9232,12,144,2,1,144,3,2,0.6031746031746031,0.6365141682928128,0.75,176.19506309039477,1.6874019747308433
3899,11,144,19744,12,144,1,0,-1,2,1,0.8,0.0,0.6666666666666666,0.0,1.206948960812582
3900,1,144,9880,12,144,1,1,144,2,1,0.7333333333333334,0.0,1.0,175.61969894549122,0.480453013918204
3901,3,144,11704,12,144,1,0,-1,2,1,1.0,0.0,1.0,0.0,0.4804530139182014
3902,1,175,33352,12,175,1,1,-1,2,1,0.6666666666666666,0.0,0.6666666666666666,5.493061443340549,1.2069489608125827
3903,21,175,88936,12,175,1,0,-1,2,1,1.0,0.0,1.0,0.0,0.4804530139182014
3904,1,25,3904,12,25,2,1,25,3,2,0.6031746031746031,0.6365141682928128,0.75,31.651461261204318,1.6874019747307965
3905,3,100,11716,12,100,1,0,-1,2,1,0.8,0.0,0.6666666666666666,0.0,1.206948960812582
3906,1,38,5860,12,38,1,1,38,2,1,0.7333333333333334,0.0,1.0,46.79646723124507,0.48045301391819417
3907,6,38,17584,12,38,1,0,-1,2,1,1.0,0.0,1.0,0.0,0.4804530139182014
3908,1,100,9232,12,100,1,1,100,2,1,0.6190476190476191,0.0,0.6666666666666666,122.67784508486591,1.206948960812608
3909,3,100,11728,12,100,1,0,-1,2,1,1.0,0.0,1.0,0.0,0.4804530139182014
3910,1,100,9232,12,100,2,1,100,3,2,0.6031746031746031,0.6365141682928128,0.75,122.39016301241413,1.6874019747307807
3911,19,82,33424,12,82,1,0,-1,2,1,0.8,0.0,0.6666666666666666,0.0,1.206948960812582
3912,1,51,4192,12,51,1,1,51,2,1,0.7333333333333334,0.0,1.0,62.80451941864114,0.480453013918204
3913,3,144,19816,12,144,1,0,-1,2,1,1.0,0.0,1.0,0.0,0.4804530139182014
3914,1,51,5872,12,51,1,1,51,2,1,0.6666666666666666,0.0,0.6666666666666666,62.80451941864114,1.2069489608125925
3915,8,100,17620,12,100,1,0,-1,2,1,1.0,0.0,1.0,0.0,0.4804530139182014
3916,1,51,4408,12,51,2,1,51,3,2,0.6031746031746031,0.6365141682928128,0.75,63.3798835635447,1.6874019747307554
3917,3,51,11752,12,51,1,0,-1,2,1,0.8,0.0,0.6666666666666666,0.0,1.206948960812582
3918,1,82,80512,12,82,1,1,-1,2,1,0.7333333333333334,0.0,1.0,5.493061443340549,0.48045301391820155
3919,13,82,80512,12,82,1,0,-1,2,1,1.0,0.0,1.0,0.0,0.4804530139182014
3920,1,25,3920,12,25,1,1,25,2,1,0.6190476190476191,0.0,0.6666666666666666,31.651461261204318,1.2069489608125925
3921,3,51,11764,12,51,1,0,-1,2,1,1.0,0.0,1.0,0.0,0.4804530139182014
3922,1,175,190996,12,175,2,1,-1,3,2,0.6031746031746031,0.6365141682928128,0.75,11.561487031584658,1.6874019747307822
3923,6,175,190996,12,175,1,0,-1,2,1,0.8,0.0,0.6666666666666666,0.0,1.206948960812582
3924,1,25,3924,12,25,1,1,25,2,1,0.7333333333333334,0.0,1.0,31.363779188752538,0.480453013918204
3925,3,25,11776,12,25,1,0,-1,2,1,1.0,0.0,1.0,0.0,0.4804530139182014
3926,1,82,9448,12,82,1,1,82,2,1,0.6666666666666666,0.0,0.6666666666666666,99.45063901941857,1.2069489608125767
3927,8,82,26512,12,82,1,0,-1,2,1,1.0,0.0,1.0,0.0,0.4804530139182014
3928,1,144,9232,12,144,2,1,144,3,2,0.6031746031746031,0.6365141682928128,0.75,175.61969894549122,1.6874019747307807
3929,3,100,13264,12,100,1,0,-1,2,1,0.8,0.0,0.6666666666666666,0.0,1.206948960812582
3930,1,144,9232,12,144,1,1,144,2,1,0.7333333333333334,0.0,1.0,175.04433480058768,0.480453013918204
3931,39,82,85048,12,82,1,0,-1,2,1,1.0,0.0,1.0,0.0,0.4804530139182014
3932,1,144,9232,12,144,1,1,144,2,1,0.6190476190476191,0.0,0.6666666666666666,175.33201687303944,1.2069489608125767
3933,3,144,11800,12,144,1,0,-1,2,1,1.0,0.0,1.0,0.0,0.4804530139182014
3934,1,100,19924,12,100,2,1,-1,3,2,0.6031746031746031,0.6365141682928128,0.75,5.78074351579233,1.6874019747307842
3935,13,100,59776,12,100,1,0,-1,2,1,0.8,0.0,0.6666666666666666,0.0,1.206948960812582
3936,1,51,3936,12,51,1,1,51,2,1,0.7333333333333334,0.0,1.0,62.51683734618936,0.480453013918204
3937,3,126,345544,12,126,1,0,-1,2,1,1.0,0.0,1.0,0.0,0.4804530139182014
3938,1,25,5908,12,25,1,1,25,2,1,0.6666666666666666,0.0,0.6666666666666666,30.788415043848975,1.2069489608125845
3939,6,25,17728,12,25,1,0,-1,2,1,1.0,0.0,1.0,0.0,0.4804530139182014
3940,1,25,3940,12,25,2,1,25,3,2,0.6031746031746031,0.6365141682928128,0.75,31.363779188752538,1.6874019747307965
3941,3,25,11824,12,25,1,0,-1,2,1,0.8,0.0,0.6666666666666666,0.0,1.206948960812582
3942,1,25,8872,12,25,1,1,25,2,1,0.7333333333333334,0.0,1.0,30.78841504384898,0.48045301391819906
3943,65,175,575728,12,175,1,0,-1,2,1,1.0,0.0,1.0,0.0,0.4804530139182014
3944,1,51,3944,12,51,1,1,51,2,1,0.6190476190476191,0.0,0.6666666666666666,63.09220149109292,1.2069489608125767
3945,3,100,29968,12,100,1,0,-1,2,1,1.0,0.0,1.0,0.0,0.4804530139182014
3946,1,51,5920,12,51,2,1,51,3,2,0.6031746031746031,0.6365141682928128,0.75,63.09220149109292,1.6874019747307807
3947,8,188,250504,12,188,1,0,-1,2,1,0.8,0.0,0.6666666666666666,0.0,1.206948960812582
3948,1,38,7504,12,38,1,1,38,2,1,0.7333333333333334,0.0,1.0,46.50878515879329,0.480453013918204
3949,3,38,11848,12,38,1,0,-1,2,1,1.0,0.0,1.0,0.0,0.4804530139182014
3950,1,38,13336,12,38,1,1,-1,2,1,0.6666666666666666,0.0,0.6666666666666666,5.493061443340549,1.2069489608125827
3951,55,74,45016,12,74,1,0,-1,2,1,1.0,0.0,1.0,0.0,0.4804530139182014
3952,1,51,3952,12,51,2,1,51,3,2,0.6031746031746031,0.6365141682928128,0.75,63.3798835635447,1.6874019747307867
3953,3,51,11860,12,51,1,0,-1,2,1,0.8,0.0,0.6666666666666666,0.0,1.206948960812582
3954,1,144,9232,12,144,1,1,144,2,1,0.7333333333333334,0.0,1.0,175.04433480058765,0.4804530139182434
3955,6,144,17800,12,144,1,0,-1,2,1,1.0,0.0,1.0,0.0,0.4804530139182014
3956,1,51,3956,12,51,1,1,51,2,1,0.6190476190476191,0.0,0.6666666666666666,63.3798835635447,1.2069489608125925
3957,3,51,11872,12,51,1,0,-1,2,1,1.0,0.0,1.0,0.0,0.4804530139182014
3958,1,144,10024,12,144,2,1,-1,3,2,0.6031746031746031,0.6365141682928128,0.75,9.07658038179666,1.6874019747307798
3959,8,144,26728,12,144,1,0,-1,2,1,0.8,0.0,0.6666666666666666,0.0,1.206948960812582
3960,1,100,14308,12,100,1,1,-1,2,1,0.7333333333333334,0.0,1.0,26.418810929173656,0.48045301391819906
3961,3,51,33856,12,51,1,0,-1,2,1,1.0,0.0,1.0,0.0,0.4804530139182014
3962,1,100,14308,12,100,1,1,-1,2,1,0.6666666666666666,0.0,0.6666666666666666,26.418810929173656,1.2069489608125845
3963,13,51,20068,12,51,1,0,-1,2,1,1.0,0.0,1.0,0.0,0.4804530139182014
3964,1,100,15064,12,100,2,1,-1,3,2,0.6031746031746031,0.6365141682928128,0.75,9.65194452670022,1.6874019747307822
3965,3,100,15064,12,100,1,0,-1,2,1,0.8,0.0,0.6666666666666666,0.0,1.206948960812582
3966,1,51,50848,12,51,1,1,-1,2,1,0.7333333333333334,0.0,1.0,5.493061443340549,0.48045301391820155
3967,21,51,135592,12,51,1,0,-1,2,1,1.0,0.0,1.0,0.0,0.4804530139182014
3968,1,113,9232,12,113,1,1,113,2,1,0.6190476190476191,0.0,0.6666666666666666,138.3982151998102,1.2069489608125767
3969,3,144,11908,12,144,1,0,-1,2,1,1.0,0.0,1.0,0.0,0.4804530139182014
3970,1,51,5956,12,51,2,1,51,3,2,0.6031746031746031,0.6365141682928128,0.75,63.09220149109293,1.6874019747307554
3971,6,51,17872,12,51,1,0,-1,2,1,0.8,0.0,0.6666666666666666,0.0,1.206948960812582
3972,1,95,8080,12,95,1,1,95,2,1,0.7333333333333334,0.0,1.0,114.88332706191113,0.480453013918204
3973,3,95,11920,12,95,1,0,-1,2,1,1.0,0.0,1.0,0.0,0.4804530139182014
3974,1,95,8944,12,95,1,1,95,2,1,0.6666666666666666,0.0,0.6666666666666666,114.59564498945934,1.206948960812608
3975,11,51,26836,12,51,1,0,-1,2,1,1.0,0.0,1.0,0.0,0.4804530139182014
3976,1,25,3976,12,25,2,1,25,3,2,0.6031746031746031,0.6365141682928128,0.75,31.651461261204318,1.6874019747307965
3977,3,144,22660,12,144,1,0,-1,2,1,0.8,0.0,0.6666666666666666,0.0,1.206948960812582
3978,1,25,5968,12,25,1,1,25,2,1,0.7333333333333334,0.0,1.0,31.076097116300755,0.480453013918204
3979,8,95,17908,12,95,1,0,-1,2,1,1.0,0.0,1.0,0.0,0.4804530139182014
3980,1,25,4480,12,25,1,1,25,2,1,0.6190476190476191,0.0,0.6666666666666666,31.651461261204318,1.2069489608125925
3981,3,25,11944,12,25,1,0,-1,2,1,1.0,0.0,1.0,0.0,0.4804530139182014
3982,1,51,13444,12,51,2,1,-1,3,2,0.6031746031746031,0.6365141682928128,0.75,5.78074351579233,1.6874019747307842
3983,11,51,40336,12,51,1,0,-1,2,1,0.8,0.0,0.6666666666666666,0.0,1.206948960812582
3984,1,51,3984,12,51,1,1,51,2,1,0.7333333333333334,0.0,1.0,62.80451941864114,0.48045301391819417
3985,3,51,11956,12,51,1,0,-1,2,1,1.0,0.0,1.0,0.0,0.4804530139182014
3986,1,51,10096,12,51,1,1,-1,2,1,0.6666666666666666,0.0,0.6666666666666666,9.07658038179666,1.2069489608125807
3987,6,51,17944,12,51,1,0,-1,2,1,1.0,0.0,1.0,0.0,0.4804530139182014
3988,1,51,3988,12,51,2,1,51,3,2,0.6031746031746031,0.6365141682928128,0.75,63.3798835635447,1.6874019747307554
3989,3,51,11968,12,51,1,0,-1,2,1,0.8,0.0,0.6666666666666666,0.0,1.206948960812582
3990,1,51,8980,12,51,1,1,51,2,1,0.7333333333333334,0.0,1.0,62.22915527373758,0.480453013918204
3991,8,51,26944,12,51,1,0,-1,2,1,1.0,0.0,1.0,0.0,0.4804530139182014
3992,1,51,3992,12,51,1,1,51,2,1,0.6190476190476191,0.0,0.6666666666666666,63.3798835635447,1.2069489608125925
3993,3,51,13480,12,51,1,0,-1,2,1,1.0,0.0,1.0,0.0,0.4804530139182014
3994,1,51,5992,12,51,2,1,51,3,2,0.6031746031746031,0.6365141682928128,0.75,63.3798835635447,1.6874019747307867
3995,16,82,45520,12,82,1,0,-1,2,1,0.8,0.0,0.6666666666666666,0.0,1.206948960812582
3996,1,51,11392,12,51,1,1,-1,2,1,0.7333333333333334,0.0,1.0,14.857323897588985,0.48045301391820155
3997,3,51,11992,12,51,1,0,-1,2,1,1.0,0.0,1.0,0.0,0.4804530139182014
3998,1,51,20248,12,51,1,1,-1,2,1,0.6666666666666666,0.0,0.6666666666666666,5.493061443340549,1.2069489608125827
3999,39,188,129760,12,188,1,0,-1,2,1,1.0,0.0,1.0,0.0,0.4804530139182014
4000,1,113,9232,12,113,2,1,113,3,2,0.6031746031746031,0.6365141682928128,0.75,138.685897272262,1.6874019747307807
4001,3,43,12004,12,43,1,0,-1,2,1,0.8,0.0,0.6666666666666666,0.0,1.206948960812582
4002,1,51,6004,12,51,1,1,51,2,1,0.7333333333333334,0.0,1.0,63.09220149109292,0.480453013918204
4003,6,51,18016,12,51,1,0,-1,2,1,1.0,0.0,1.0,0.0,0.4804530139182014
4004,1,144,21688,12,144,1,1,-1,2,1,0.6190476190476191,0.0,0.6666666666666666,20.9257494858331,1.2069489608125845
4005,3,144,21688,12,144,1,0,-1,2,1,1.0,0.0,1.0,0.0,0.4804530139182014
4006,1,144,21688,12,144,2,1,-1,3,2,0.6031746031746031,0.6365141682928128,0.75,20.63806741338132,1.6874019747307836
4007,24,43,30436,12,43,1,0,-1,2,1,0.8,0.0,0.6666666666666666,0.0,1.206948960812582
4008,1,113,9232,12,113,1,1,113,2,1,0.7333333333333334,0.0,1.0,138.11053312735842,0.4804530139182434
4009,3,157,250504,12,157,1,0,-1,2,1,1.0,0.0,1.0,0.0,0.4804530139182014
4010,1,113,9232,12,113,1,1,113,2,1,0.6666666666666666,0.0,0.6666666666666666,138.11053312735842,1.2069489608126394
4011,8,188,32560,12,188,1,0,-1,2,1,1.0,0.0,1.0,0.0,0.4804530139182014
4012,1,43,8584,12,43,2,1,43,3,2,0.6031746031746031,0.6365141682928128,0.75,52.864892819489164,1.6874019747307807
4013,3,43,12040,12,43,1,0,-1,2,1,0.8,0.0,0.6666666666666666,0.0,1.206948960812582
4014,1,43,13552,12,43,1,1,-1,2,1,0.7333333333333334,0.0,1.0,5.493061443340549,0.48045301391820155
4015,13,43,40660,12,43,1,0,-1,2,1,1.0,0.0,1.0,0.0,0.4804530139182014
4016,1,69,9232,12,69,1,1,69,2,1,0.6190476190476191,0.0,0.6666666666666666,84.59331512182959,1.2069489608125767
4017,3,25,12052,12,25,1,0,-1,2,1,1.0,0.0,1.0,0.0,0.4804530139182014
4018,1,25,6784,12,25,2,1,25,3,2,0.6031746031746031,0.6365141682928128,0.75,31.076097116300755,1.6874019747307885
4019,6,25,18088,12,25,1,0,-1,2,1,0.8,0.0,0.6666666666666666,0.0,1.206948960812582
4020,1,69,9232,12,69,1,1,69,2,1,0.7333333333333334,0.0,1.0,84.3056330493778,0.480453013918204
4021,3,69,12064,12,69,1,0,-1,2,1,1.0,0.0,1.0,0.0,0.4804530139182014
4022,1,43,15280,12,43,1,1,-1,2,1,0.6666666666666666,0.0,0.6666666666666666,8.788898309344878,1.2069489608125807
4023,8,43,27160,12,43,1,0,-1,2,1,1.0,0.0,1.0,0.0,0.4804530139182014
4024,1,69,9232,12,69,2,1,69,3,2,0.6031746031746031,0.6365141682928128,0.75,84.88099719428136,1.6874019747307807
4025,3,69,13588,12,69,1,0,-1,2,1,0.8,0.0,0.6666666666666666,0.0,1.206948960812582
4026,1,69,9232,12,69,1,1,69,2,1,0.7333333333333334,0.0,1.0,84.3056330493778,0.480453013918204
4027,11,69,20392,12,69,1,0,-1,2,1,1.0,0.0,1.0,0.0,0.4804530139182014
4028,1,95,39364,12,95,1,1,-1,2,1,0.6190476190476191,0.0,0.6666666666666666,9.65194452670022,1.2069489608125807
4029,3,95,39364,12,95,1,0,-1,2,1,1.0,0.0,1.0,0.0,0.4804530139182014
4030,1,95,39364,12,95,2,1,-1,3,2,0.6031746031746031,0.6365141682928128,0.75,5.78074351579233,1.6874019747307842
4031,24,95,103336,12,95,1,0,-1,2,1,0.8,0.0,0.6666666666666666,0.0,1.206948960812582
4032,1,113,9232,12,113,1,1,113,2,1,0.7333333333333334,0.0,1.0,137.82285105490664,0.480453013918204
4033,3,69,12100,12,69,1,0,-1,2,1,1.0,0.0,1.0,0.0,0.4804530139182014
4034,1,69,14560,12,69,1,1,-1,2,1,0.6666666666666666,0.0,0.6666666666666666,14.857323897588987,1.2069489608125807
4035,6,69,18160,12,69,1,0,-1,2,1,1.0,0.0,1.0,0.0,0.4804530139182014
4036,1,113,9232,12,113,2,1,113,3,2,0.6031746031746031,0.6365141682928128,0.75,138.3982151998102,1.6874019747308433
4037,3,113,12112,12,113,1,0,-1,2,1,0.8,0.0,0.6666666666666666,0.0,1.206948960812582
4038,1,113,9232,12,113,1,1,113,2,1,0.7333333333333334,0.0,1.0,137.82285105490666,0.4804530139181646
4039,13,144,32776,12,144,1,0,-1,2,1,1.0,0.0,1.0,0.0,0.4804530139182014
4040,1,64,4040,12,64,1,1,64,2,1,0.6190476190476191,0.0,0.6666666666666666,78.52488953358548,1.2069489608125457
4041,3,144,65608,12,144,1,0,-1,2,1,1.0,0.0,1.0,0.0,0.4804530139182014
4042,1,64,6064,12,64,2,1,64,3,2,0.6031746031746031,0.6365141682928128,0.75,78.52488953358548,1.6874019747307298
4043,8,25,18196,12,25,1,0,-1,2,1,0.8,0.0,0.6666666666666666,0.0,1.206948960812582
4044,1,64,4552,12,64,1,1,64,2,1,0.7333333333333334,0.0,1.0,78.52488953358548,0.4804530139181843
4045,3,64,12136,12,64,1,0,-1,2,1,1.0,0.0,1.0,0.0,0.4804530139182014
4046,1,157,23056,12,157,1,1,-1,2,1,0.6666666666666666,0.0,0.6666666666666666,5.493061443340549,1.2069489608125827
4047,16,157,40984,12,157,1,0,-1,2,1,1.0,0.0,1.0,0.0,0.4804530139182014
4048,1,113,9232,12,113,2,1,113,3,2,0.6031746031746031,0.6365141682928128,0.75,138.685897272262,1.6874019747307807
4049,3,64,12148,12,64,1,0,-1,2,1,0.8,0.0,0.6666666666666666,0.0,1.206948960812582
4050,1,157,25972,12,157,1,1,-1,2,1,0.7333333333333334,0.0,1.0,9.07658038179666,0.48045301391819906
4051,6,157,25972,12,157,1,0,-1,2,1,1.0,0.0,1.0,0.0,0.4804530139182014
4052,1,113,9232,12,113,1,1,113,2,1,0.6190476190476191,0.0,0.6666666666666666,138.685897272262,1.2069489608125767
4053,3,113,12160,12,113,1,0,-1,2,1,1.0,0.0,1.0,0.0,0.4804530139182014
4054,1,157,17332,12,157,2,1,-1,3,2,0.6031746031746031,0.6365141682928128,0.75,14.569641825137206,1.6874019747307798
4055,8,157,27376,12,157,1,0,-1,2,1,0.8,0.0,0.6666666666666666,0.0,1.206948960812582
4056,1,38,4056,12,38,1,1,38,2,1,0.7333333333333334,0.0,1.0,46.79646723124507,0.480453013918204
4057,3,113,13696,12,113,1,0,-1,2,1,1.0,0.0,1.0,0.0,0.4804530139182014
4058,1,38,6088,12,38,1,1,38,2,1,0.6666666666666666,0.0,0.6666666666666666,46.79646723124507,1.2069489608125767
4059,13,64,30832,12,64,1,0,-1,2,1,1.0,0.0,1.0,0.0,0.4804530139182014
4060,1,38,6856,12,38,2,1,38,3,2,0.6031746031746031,0.6365141682928128,0.75,47.08414930369685,1.6874019747307807
4061,3,38,12184,12,38,1,0,-1,2,1,0.8,0.0,0.6666666666666666,0.0,1.206948960812582
4062,1,64,34720,12,64,1,1,-1,2,1,0.7333333333333334,0.0,1.0,5.493061443340549,0.48045301391820155
4063,19,64,61720,12,64,1,0,-1,2,1,1.0,0.0,1.0,0.0,0.4804530139182014
4064,1,51,4372,12,51,1,1,51,2,1,0.6190476190476191,0.0,0.6666666666666666,63.37988356354471,1.2069489608125767
4065,3,126,250504,12,126,1,0,-1,2,1,1.0,0.0,1.0,0.0,0.4804530139182014
4066,1,113,9232,12,113,2,1,113,3,2,0.6031746031746031,0.6365141682928128,0.75,138.3982151998102,1.6874019747308433
4067,6,113,18304,12,113,1,0,-1,2,1,0.8,0.0,0.6666666666666666,0.0,1.206948960812582
4068,1,157,9232,12,157,1,1,157,2,1,0.7333333333333334,0.0,1.0,191.05238698798377,0.480453013918204
4069,3,157,12208,12,157,1,0,-1,2,1,1.0,0.0,1.0,0.0,0.4804530139182014
4070,1,157,9232,12,157,1,1,157,2,1,0.6666666666666666,0.0,0.6666666666666666,190.76470491553198,1.2069489608125767
4071,16,157,46384,12,157,1,0,-1,2,1,1.0,0.0,1.0,0.0,0.4804530139182014
4072,1,51,4372,12,51,2,1,51,3,2,0.6031746031746031,0.6365141682928128,0.75,63.66756563599648,1.6874019747307807
4073,3,95,223072,12,95,1,0,-1,2,1,0.8,0.0,0.6666666666666666,0.0,1.206948960812582
4074,1,51,6112,12,51,1,1,51,2,1,0.7333333333333334,0.0,1.0,63.09220149109293,0.48045301391819417
4075,8,157,39184,12,157,1,0,-1,2,1,1.0,0.0,1.0,0.0,0.4804530139182014
4076,1,64,5812,12,64,1,1,64,2,1,0.6190476190476191,0.0,0.6666666666666666,78.23720746113368,1.206948960812608
4077,3,64,12232,12,64,1,0,-1,2,1,1.0,0.0,1.0,0.0,0.4804530139182014
4078,1,64,13768,12,64,2,1,-1,3,2,0.6031746031746031,0.6365141682928128,0.75,5.78074351579233,1.6874019747307842
4079,21,64,69712,12,64,1,0,-1,2,1,0.8,0.0,0.6666666666666666,0.0,1.206948960812582
4080,1,51,13120,12,51,1,1,-1,2,1,0.7333333333333334,0.0,1.0,21.21343155828488,0.480453013918204
4081,3,51,12244,12,51,1,0,-1,2,1,1.0,0.0,1.0,0.0,0.4804530139182014
4082,1,64,8728,12,64,1,1,64,2,1,0.6666666666666666,0.0,0.6666666666666666,77.08647917132656,1.2069489608125767
4083,6,64,18376,12,64,1,0,-1,2,1,1.0,0.0,1.0,0.0,0.4804530139182014
4084,1,51,13120,12,51,2,1,-1,3,2,0.6031746031746031,0.6365141682928128,0.75,21.788795703188445,1.6874019747307885
4085,3,51,13120,12,51,1,0,-1,2,1,0.8,0.0,0.6666666666666666,0.0,1.206948960812582
4086,1,157,44224,12,157,1,1,-1,2,1,0.7333333333333334,0.0,1.0,8.788898309344878,0.48045301391820155
4087,8,157,44224,12,157,1,0,-1,2,1,1.0,0.0,1.0,0.0,0.4804530139182014
4088,1,64,39364,12,64,1,1,-1,2,1,0.6190476190476191,0.0,0.6666666666666666,15.432688042492547,1.2069489608125845
4089,3,64,17476,12,64,1,0,-1,2,1,1.0,0.0,1.0,0.0,0.4804530139182014
4090,1,64,39364,12,64,2,1,-1,3,2,0.6031746031746031,0.6365141682928128,0.75,15.432688042492547,1.6874019747307885
4091,21,126,95956,12,126,1,0,-1,2,1,0.8,0.0,0.6666666666666666,0.0,1.206948960812582
4092,1,64,118096,12,64,1,1,-1,2,1,0.7333333333333334,0.0,1.0,9.36426245424844,0.48045301391820155
4093,3,64,118096,12,64,1,0,-1,2,1,1.0,0.0,1.0,0.0,0.4804530139182014
4094,1,157,1276936,12,157,1,1,-1,2,1,0.6666666666666666,0.0,0.6666666666666666,5.493061443340549,1.2069489608125827
4095,83,157,1276936,12,157,1,0,-1,2,1,1.0,0.0,1.0,0.0,0.4804530139182014
4096,1,12,4096,13,12,2,1,12,3,2,0.6031746031746031,0.6365141682928128,0.75,15.6434090738082,1.6874019747307885
4097,3,113,12292,13,113,1,0,-1,2,1,0.8,0.0,0.6666666666666666,0.0,1.206948960812582
4098,1,157,9232,13,157,1,1,157,2,1,0.7333333333333334,0.0,1.0,191.34006906043555,0.480453013918204
4099,6,157,18448,13,157,1,0,-1,2,1,1.0,0.0,1.0,0.0,0.4804530139182014
4100,1,38,4100,13,38,1,1,38,2,1,0.6190476190476191,0.0,0.6666666666666666,47.08414930369685,1.2069489608125767
4101,3,38,12304,13,38,1,0,-1,2,1,1.0,0.0,1.0,0.0,0.4804530139182014
4102,1,38,9232,13,38,2,1,38,3,2,0.6031746031746031,0.6365141682928128,0.75,46.79646723124507,1.6874019747307807
4103,11,157,27700,13,157,1,0,-1,2,1,0.8,0.0,0.6666666666666666,0.0,1.206948960812582
4104,1,38,4104,13,38,1,1,38,2,1,0.7333333333333334,0.0,1.0,46.79646723124507,0.480453013918204
4105,3,157,20788,13,157,1,0,-1,2,1,1.0,0.0,1.0,0.0,0.4804530139182014
4106,1,38,6160,13,38,1,1,38,2,1,0.6666666666666666,0.0,0.6666666666666666,46.79646723124507,1.2069489608125767
4107,8,38,18484,13,38,1,0,-1,2,1,1.0,0.0,1.0,0.0,0.4804530139182014
4108,1,38,4624,13,38,2,1,38,3,2,0.6031746031746031,0.6365141682928128,0.75,47.37183137614863,1.6874019747307807
4109,3,38,12328,13,38,1,0,-1,2,1,0.8,0.0,0.6666666666666666,0.0,1.206948960812582
4110,1,38,13876,13,38,1,1,-1,2,1,0.7333333333333334,0.0,1.0,5.493061443340549,0.48045301391820155
4111,11,38,41632,13,38,1,0,-1,2,1,1.0,0.0,1.0,0.0,0.4804530139182014
4112,1,126,9232,13,126,1,1,126,2,1,0.6190476190476191,0.0,0.6666666666666666,154.11858531475454,1.2069489608126394
4113,3,38,12340,13,38,1,0,-1,2,1,1.0,0.0,1.0,0.0,0.4804530139182014
4114,1,113,10420,13,113,2,1,-1,3,2,0.6031746031746031,0.6365141682928128,0.75,9.36426245424844,1.6874019747307822
4115,6,113,18520,13,113,1,0,-1,2,1,0.8,0.0,0.6666666666666666,0.0,1.206948960812582
4116,1,126,9232,13,126,1,1,126,2,1,0.7333333333333334,0.0,1.0,153.83090324230275,0.480453013918204
4117,3,126,12352,13,126,1,0,-1,2,1,1.0,0.0,1.0,0.0,0.4804530139182014
4118,1,38,9268,13,38,1,1,38,2,1,0.6666666666666666,0.0,0.6666666666666666,46.50878515879329,1.2069489608125767
4119,8,38,27808,13,38,1,0,-1,2,1,1.0,0.0,1.0,0.0,0.4804530139182014
4120,1,126,9232,13,126,2,1,126,3,2,0.6031746031746031,0.6365141682928128,0.75,154.40626738720633,1.6874019747308433
4121,3,64,13912,13,64,1,0,-1,2,1,0.8,0.0,0.6666666666666666,0.0,1.206948960812582
4122,1,126,9232,13,126,1,1,126,2,1,0.7333333333333334,0.0,1.0,153.83090324230275,0.480453013918204
4123,44,95,70468,13,95,1,0,-1,2,1,1.0,0.0,1.0,0.0,0.4804530139182014
4124,1,38,6964,13,38,1,1,38,2,1,0.6190476190476191,0.0,0.6666666666666666,47.08414930369685,1.2069489608125767
4125,3,38,12376,13,38,1,0,-1,2,1,1.0,0.0,1.0,0.0,0.4804530139182014
4126,1,38,20896,13,38,2,1,-1,3,2,0.6031746031746031,0.6365141682928128,0.75,5.78074351579233,1.6874019747307842
4127,68,170,225988,13,170,1,0,-1,2,1,0.8,0.0,0.6666666666666666,0.0,1.206948960812582
4128,1,126,9232,13,126,1,1,126,2,1,0.7333333333333334,0.0,1.0,153.54322116985097,0.4804530139182434
4129,3,188,190996,13,188,1,0,-1,2,1,1.0,0.0,1.0,0.0,0.4804530139182014
4130,1,126,9232,13,126,1,1,126,2,1,0.6666666666666666,0.0,0.6666666666666666,153.83090324230275,1.2069489608126394
4131,6,126,18592,13,126,1,0,-1,2,1,1.0,0.0,1.0,0.0,0.4804530139182014
4132,1,157,9232,13,157,2,1,157,3,2,0.6031746031746031,0.6365141682928128,0.75,191.05238698798377,1.6874019747307807
4133,3,157,12400,13,157,1,0,-1,2,1,0.8,0.0,0.6666666666666666,0.0,1.206948960812582
4134,1,157,9304,13,157,1,1,157,2,1,0.7333333333333334,0.0,1.0,190.47702284308022,0.4804530139181646
4135,13,95,31408,13,95,1,0,-1,2,1,1.0,0.0,1.0,0.0,0.4804530139182014
4136,1,126,9232,13,126,1,1,126,2,1,0.6190476190476191,0.0,0.6666666666666666,154.11858531475454,1.2069489608126394
4137,3,95,59668,13,95,1,0,-1,2,1,1.0,0.0,1.0,0.0,0.4804530139182014
4138,1,126,9232,13,126,2,1,126,3,2,0.6031746031746031,0.6365141682928128,0.75,154.11858531475454,1.6874019747308828
4139,8,157,18628,13,157,1,0,-1,2,1,0.8,0.0,0.6666666666666666,0.0,1.206948960812582
4140,1,126,9232,13,126,1,1,126,2,1,0.7333333333333334,0.0,1.0,154.11858531475454,0.4804530139182434
4141,3,126,12424,13,126,1,0,-1,2,1,1.0,0.0,1.0,0.0,0.4804530139182014
4142,1,126,13984,13,126,1,1,-1,2,1,0.6666666666666666,0.0,0.6666666666666666,5.493061443340549,1.2069489608125827
4143,29,64,41956,13,64,1,0,-1,2,1,1.0,0.0,1.0,0.0,0.4804530139182014
4144,1,126,9232,13,126,2,1,126,3,2,0.6031746031746031,0.6365141682928128,0.75,154.40626738720633,1.6874019747307807
4145,3,38,12436,13,38,1,0,-1,2,1,0.8,0.0,0.6666666666666666,0.0,1.206948960812582
4146,1,38,7000,13,38,1,1,38,2,1,0.7333333333333334,0.0,1.0,46.50878515879329,0.480453013918204
4147,6,38,18664,13,38,1,0,-1,2,1,1.0,0.0,1.0,0.0,0.4804530139182014
4148,1,126,9232,13,126,1,1,126,2,1,0.6190476190476191,0.0,0.6666666666666666,154.40626738720633,1.2069489608125767
4149,3,126,12448,13,126,1,0,-1,2,1,1.0,0.0,1.0,0.0,0.4804530139182014
4150,1,95,95956,13,95,2,1,-1,3,2,0.6031746031746031,0.6365141682928128,0.75,9.07658038179666,1.6874019747307798
4151,8,95,95956,13,95,1,0,-1,2,1,0.8,0.0,0.6666666666666666,0.0,1.206948960812582
4152,1,64,4152,13,64,1,1,64,2,1,0.7333333333333334,0.0,1.0,78.81257160603725,0.480453013918204
4153,3,64,14020,13,64,1,0,-1,2,1,1.0,0.0,1.0,0.0,0.4804530139182014
4154,1,64,6232,13,64,1,1,64,2,1,0.6666666666666666,0.0,0.6666666666666666,78.81257160603725,1.2069489608125767
4155,11,64,21040,13,64,1,0,-1,2,1,1.0,0.0,1.0,0.0,0.4804530139182014
4156,1,64,10528,13,64,2,1,-1,3,2,0.6031746031746031,0.6365141682928128,0.75,9.65194452670022,1.6874019747307822
4157,3,64,12472,13,64,1,0,-1,2,1,0.8,0.0,0.6666666666666666,0.0,1.206948960812582
4158,1,51,31588,13,51,1,1,-1,2,1,0.7333333333333334,0.0,1.0,5.493061443340549,0.48045301391820155
4159,21,51,94768,13,51,1,0,-1,2,1,1.0,0.0,1.0,0.0,0.4804530139182014
4160,1,33,4160,13,33,1,1,33,2,1,0.6190476190476191,0.0,0.6666666666666666,41.01572371545275,1.2069489608125767
4161,3,64,12484,13,64,1,0,-1,2,1,1.0,0.0,1.0,0.0,0.4804530139182014
4162,1,64,6244,13,64,2,1,64,3,2,0.6031746031746031,0.6365141682928128,0.75,78.81257160603725,1.6874019747307807
4163,6,64,18736,13,64,1,0,-1,2,1,0.8,0.0,0.6666666666666666,0.0,1.206948960812582
4164,1,126,9232,13,126,1,1,126,2,1,0.7333333333333334,0.0,1.0,154.11858531475454,0.4804530139182434
4165,3,126,12496,13,126,1,0,-1,2,1,1.0,0.0,1.0,0.0,0.4804530139182014
4166,1,126,9376,13,126,1,1,126,2,1,0.6666666666666666,0.0,0.6666666666666666,153.83090324230278,1.2069489608125767
4167,32,113,60100,13,113,1,0,-1,2,1,1.0,0.0,1.0,0.0,0.4804530139182014
4168,1,126,9232,13,126,2,1,126,3,2,0.6031746031746031,0.6365141682928128,0.75,154.40626738720633,1.6874019747308433
4169,3,157,26728,13,157,1,0,-1,2,1,0.8,0.0,0.6666666666666666,0.0,1.206948960812582
4170,1,126,9232,13,126,1,1,126,2,1,0.7333333333333334,0.0,1.0,153.83090324230275,0.480453013918204
4171,8,126,18772,13,126,1,0,-1,2,1,1.0,0.0,1.0,0.0,0.4804530139182014
4172,1,126,9232,13,126,1,1,126,2,1,0.6190476190476191,0.0,0.6666666666666666,154.40626738720633,1.2069489608126394
4173,3,126,12520,13,126,1,0,-1,2,1,1.0,0.0,1.0,0.0,0.4804530139182014
4174,1,113,15856,13,113,2,1,-1,3,2,0.6031746031746031,0.6365141682928128,0.75,5.78074351579233,1.6874019747307842
4175,13,113,42280,13,113,1,0,-1,2,1,0.8,0.0,0.6666666666666666,0.0,1.206948960812582
4176,1,33,4176,13,33,1,1,33,2,1,0.7333333333333334,0.0,1.0,40.44035957054919,0.480453013918204
4177,3,126,12532,13,126,1,0,-1,2,1,1.0,0.0,1.0,0.0,0.4804530139182014
4178,1,64,23812,13,64,1,1,-1,2,1,0.6666666666666666,0.0,0.6666666666666666,9.07658038179666,1.2069489608125807
4179,6,64,23812,13,64,1,0,-1,2,1,1.0,0.0,1.0,0.0,0.4804530139182014
4180,1,33,4180,13,33,2,1,33,3,2,0.6031746031746031,0.6365141682928128,0.75,41.01572371545275,1.6874019747307807
4181,3,33,12544,13,33,1,0,-1,2,1,0.8,0.0,0.6666666666666666,0.0,1.206948960812582
4182,1,38,9412,13,38,1,1,38,2,1,0.7333333333333334,0.0,1.0,45.93342101388973,0.480453013918204
4183,8,38,28240,13,38,1,0,-1,2,1,1.0,0.0,1.0,0.0,0.4804530139182014
4184,1,126,9232,13,126,1,1,126,2,1,0.6190476190476191,0.0,0.6666666666666666,154.40626738720633,1.2069489608126394
4185,3,38,14128,13,38,1,0,-1,2,1,1.0,0.0,1.0,0.0,0.4804530139182014
4186,1,126,9232,13,126,2,1,126,3,2,0.6031746031746031,0.6365141682928128,0.75,154.40626738720633,1.6874019747308433
4187,24,64,80512,13,64,1,0,-1,2,1,0.8,0.0,0.6666666666666666,0.0,1.206948960812582
4188,1,126,9232,13,126,1,1,126,2,1,0.7333333333333334,0.0,1.0,154.11858531475454,0.4804530139182434
4189,3,126,12568,13,126,1,0,-1,2,1,1.0,0.0,1.0,0.0,0.4804530139182014
4190,1,108,21220,13,108,1,1,-1,2,1,0.6666666666666666,0.0,0.6666666666666666,5.493061443340549,1.2069489608125827
4191,13,108,63664,13,108,1,0,-1,2,1,1.0,0.0,1.0,0.0,0.4804530139182014
4192,1,33,4192,13,33,2,1,33,3,2,0.6031746031746031,0.6365141682928128,0.75,41.30340578790453,1.6874019747307965
4193,3,64,15928,13,64,1,0,-1,2,1,0.8,0.0,0.6666666666666666,0.0,1.206948960812582
4194,1,64,6292,13,64,1,1,64,2,1,0.7333333333333334,0.0,1.0,78.81257160603725,0.480453013918204
4195,6,64,18880,13,64,1,0,-1,2,1,1.0,0.0,1.0,0.0,0.4804530139182014
4196,1,64,4196,13,64,1,1,64,2,1,0.6190476190476191,0.0,0.6666666666666666,79.38793575094081,1.2069489608125767
4197,3,64,12592,13,64,1,0,-1,2,1,1.0,0.0,1.0,0.0,0.4804530139182014
4198,1,64,9448,13,64,2,1,64,3,2,0.6031746031746031,0.6365141682928128,0.75,79.10025367848904,1.6874019747307298
4199,21,64,71764,13,64,1,0,-1,2,1,0.8,0.0,0.6666666666666666,0.0,1.206948960812582
4200,1,33,4200,13,33,1,1,33,2,1,0.7333333333333334,0.0,1.0,40.72804164300097,0.480453013918204
4201,3,64,31912,13,64,1,0,-1,2,1,1.0,0.0,1.0,0.0,0.4804530139182014
4202,1,33,6304,13,33,1,1,33,2,1,0.6666666666666666,0.0,0.6666666666666666,40.72804164300097,1.2069489608125767
4203,8,64,26944,13,64,1,0,-1,2,1,1.0,0.0,1.0,0.0,0.4804530139182014
4204,1,95,45520,13,95,2,1,-1,3,2,0.6031746031746031,0.6365141682928128,0.75,15.432688042492547,1.6874019747307885
4205,3,95,45520,13,95,1,0,-1,2,1,0.8,0.0,0.6666666666666666,0.0,1.206948960812582
4206,1,95,45520,13,95,1,1,-1,2,1,0.7333333333333334,0.0,1.0,5.493061443340549,0.48045301391820155
4207,57,108,345544,13,108,1,0,-1,2,1,1.0,0.0,1.0,0.0,0.4804530139182014
4208,1,82,9232,13,82,1,1,82,2,1,0.6190476190476191,0.0,0.6666666666666666,100.6013673092257,1.2069489608125767
4209,3,33,12628,13,33,1,0,-1,2,1,1.0,0.0,1.0,0.0,0.4804530139182014
4210,1,126,9232,13,126,2,1,126,3,2,0.6031746031746031,0.6365141682928128,0.75,153.54322116985097,1.6874019747308828
4211,6,126,18952,13,126,1,0,-1,2,1,0.8,0.0,0.6666666666666666,0.0,1.206948960812582
4212,1,82,9232,13,82,1,1,82,2,1,0.7333333333333334,0.0,1.0,100.31368523677392,0.480453013918204
4213,3,82,12640,13,82,1,0,-1,2,1,1.0,0.0,1.0,0.0,0.4804530139182014
4214,1,157,21688,13,157,1,1,-1,2,1,0.6666666666666666,0.0,0.6666666666666666,8.788898309344878,1.2069489608125807
4215,8,157,28456,13,157,1,0,-1,2,1,1.0,0.0,1.0,0.0,0.4804530139182014
4216,1,82,9232,13,82,2,1,82,3,2,0.6031746031746031,0.6365141682928128,0.75,100.6013673092257,1.6874019747307807
4217,3,56,40552,13,56,1,0,-1,2,1,0.8,0.0,0.6666666666666666,0.0,1.206948960812582
4218,1,82,9232,13,82,1,1,82,2,1,0.7333333333333334,0.0,1.0,100.02600316432213,0.480453013918204
4219,13,157,21688,13,157,1,0,-1,2,1,1.0,0.0,1.0,0.0,0.4804530139182014
4220,1,170,250504,13,170,1,1,-1,2,1,0.6190476190476191,0.0,0.6666666666666666,9.65194452670022,1.2069489608125807
4221,3,170,250504,13,170,1,0,-1,2,1,1.0,0.0,1.0,0.0,0.4804530139182014
4222,1,170,250504,13,170,2,1,-1,3,2,0.6031746031746031,0.6365141682928128,0.75,5.78074351579233,1.6874019747307842
4223,21,157,144340,13,157,1,0,-1,2,1,0.8,0.0,0.6666666666666666,0.0,1.206948960812582
4224,1,33,4224,13,33,1,1,33,2,1,0.7333333333333334,0.0,1.0,40.15267749809741,0.480453013918204
4225,3,56,12676,13,56,1,0,-1,2,1,1.0,0.0,1.0,0.0,0.4804530139182014
4226,1,82,9232,13,82,1,1,82,2,1,0.6666666666666666,0.0,0.6666666666666666,100.02600316432213,1.2069489608125767
4227,6,82,19024,13,82,1,0,-1,2,1,1.0,0.0,1.0,0.0,0.4804530139182014
4228,1,82,9232,13,82,2,1,82,3,2,0.6031746031746031,0.6365141682928128,0.75,100.6013673092257,1.687401974730812
4229,3,82,12688,13,82,1,0,-1,2,1,0.8,0.0,0.6666666666666666,0.0,1.206948960812582
4230,1,82,9520,13,82,1,1,82,2,1,0.7333333333333334,0.0,1.0,100.02600316432213,0.480453013918204
4231,11,38,28564,13,38,1,0,-1,2,1,1.0,0.0,1.0,0.0,0.4804530139182014
4232,1,33,4232,13,33,1,1,33,2,1,0.6190476190476191,0.0,0.6666666666666666,41.01572371545276,1.2069489608125767
4233,3,201,695464,13,201,1,0,-1,2,1,1.0,0.0,1.0,0.0,0.4804530139182014
4234,1,33,6352,13,33,2,1,33,3,2,0.6031746031746031,0.6365141682928128,0.75,41.01572371545276,1.687401974730771
4235,8,56,19060,13,56,1,0,-1,2,1,0.8,0.0,0.6666666666666666,0.0,1.206948960812582
4236,1,33,4768,13,33,1,1,33,2,1,0.7333333333333334,0.0,1.0,41.01572371545276,0.48045301391819417
4237,3,33,12712,13,33,1,0,-1,2,1,1.0,0.0,1.0,0.0,0.4804530139182014
4238,1,82,14308,13,82,1,1,-1,2,1,0.6666666666666666,0.0,0.6666666666666666,5.493061443340549,1.2069489608125827
4239,11,82,42928,13,82,1,0,-1,2,1,1.0,0.0,1.0,0.0,0.4804530139182014
4240,1,126,9232,13,126,2,1,126,3,2,0.6031746031746031,0.6365141682928128,0.75,154.40626738720633,1.6874019747307807
4241,3,108,39364,13,108,1,0,-1,2,1,0.8,0.0,0.6666666666666666,0.0,1.206948960812582
4242,1,108,39364,13,108,1,1,-1,2,1,0.7333333333333334,0.0,1.0,9.07658038179666,0.48045301391819906
4243,6,108,39364,13,108,1,0,-1,2,1,1.0,0.0,1.0,0.0,0.4804530139182014
4244,1,126,9232,13,126,1,1,126,2,1,0.6190476190476191,0.0,0.6666666666666666,154.40626738720633,1.2069489608125767
4245,3,126,12736,13,126,1,0,-1,2,1,1.0,0.0,1.0,0.0,0.4804530139182014
4246,1,33,9556,13,33,2,1,33,3,2,0.6031746031746031,0.6365141682928128,0.75,40.44035957054919,1.6874019747307807
4247,8,33,28672,13,33,1,0,-1,2,1,0.8,0.0,0.6666666666666666,0.0,1.206948960812582
4248,1,126,9232,13,126,1,1,126,2,1,0.7333333333333334,0.0,1.0,154.11858531475454,0.4804530139182434
4249,3,126,14344,13,126,1,0,-1,2,1,1.0,0.0,1.0,0.0,0.4804530139182014
4250,1,126,9232,13,126,1,1,126,2,1,0.6666666666666666,0.0,0.6666666666666666,154.11858531475454,1.2069489608126394
4251,21,82,48436,13,82,1,0,-1,2,1,1.0,0.0,1.0,0.0,0.4804530139182014
4252,1,77,8080,13,77,2,1,77,3,2,0.6031746031746031,0.6365141682928128,0.75,93.66989550362624,1.6874019747307807
4253,3,77,12760,13,77,1,0,-1,2,1,0.8,0.0,0.6666666666666666,0.0,1.206948960812582
4254,1,77,21544,13,77,1,1,-1,2,1,0.7333333333333334,0.0,1.0,5.493061443340549,0.48045301391820155
4255,114,201,6810136,13,201,1,0,-1,2,1,1.0,0.0,1.0,0.0,0.4804530139182014
4256,1,33,4256,13,33,1,1,33,2,1,0.6190476190476191,0.0,0.6666666666666666,41.01572371545275,1.2069489608125925
4257,3,38,18196,13,38,1,0,-1,2,1,1.0,0.0,1.0,0.0,0.4804530139182014
4258,1,126,9232,13,126,2,1,126,3,2,0.6031746031746031,0.6365141682928128,0.75,154.40626738720633,1.6874019747308433
4259,6,126,19168,13,126,1,0,-1,2,1,0.8,0.0,0.6666666666666666,0.0,1.206948960812582
4260,1,77,12148,13,77,1,1,-1,2,1,0.7333333333333334,0.0,1.0,15.145005970040767,0.48045301391820155
4261,3,77,12784,13,77,1,0,-1,2,1,1.0,0.0,1.0,0.0,0.4804530139182014
4262,1,77,12148,13,77,1,1,-1,2,1,0.6666666666666666,0.0,0.6666666666666666,14.857323897588987,1.2069489608125807
4263,88,126,599056,13,126,1,0,-1,2,1,1.0,0.0,1.0,0.0,0.4804530139182014
4264,1,33,4264,13,33,2,1,33,3,2,0.6031746031746031,0.6365141682928128,0.75,41.30340578790453,1.6874019747307965
4265,3,170,138400,13,170,1,0,-1,2,1,0.8,0.0,0.6666666666666666,0.0,1.206948960812582
4266,1,33,6400,13,33,1,1,33,2,1,0.7333333333333334,0.0,1.0,40.72804164300097,0.480453013918204
4267,8,126,19204,13,126,1,0,-1,2,1,1.0,0.0,1.0,0.0,0.4804530139182014
4268,1,64,4804,13,64,1,1,64,2,1,0.6190476190476191,0.0,0.6666666666666666,79.10025367848903,1.2069489608125767
4269,3,64,12808,13,64,1,0,-1,2,1,1.0,0.0,1.0,0.0,0.4804530139182014
4270,1,64,14416,13,64,2,1,-1,3,2,0.6031746031746031,0.6365141682928128,0.75,5.78074351579233,1.6874019747307842
4271,13,170,43252,13,170,1,0,-1,2,1,0.8,0.0,0.6666666666666666,0.0,1.206948960812582
4272,1,25,4272,13,25,1,1,25,2,1,0.7333333333333334,0.0,1.0,30.788415043848975,0.480453013918204
4273,3,64,12820,13,64,1,0,-1,2,1,1.0,0.0,1.0,0.0,0.4804530139182014
4274,1,64,7216,13,64,1,1,64,2,1,0.6666666666666666,0.0,0.6666666666666666,78.52488953358547,1.2069489608125767
4275,6,64,19240,13,64,1,0,-1,2,1,1.0,0.0,1.0,0.0,0.4804530139182014
4276,1,25,4276,13,25,2,1,25,3,2,0.6031746031746031,0.6365141682928128,0.75,31.363779188752538,1.6874019747307807
4277,3,25,12832,13,25,1,0,-1,2,1,0.8,0.0,0.6666666666666666,0.0,1.206948960812582
4278,1,77,61720,13,77,1,1,-1,2,1,0.7333333333333334,0.0,1.0,8.788898309344878,0.48045301391820155
4279,8,77,61720,13,77,1,0,-1,2,1,1.0,0.0,1.0,0.0,0.4804530139182014
4280,1,25,4280,13,25,1,1,25,2,1,0.6190476190476191,0.0,0.6666666666666666,31.363779188752538,1.2069489608125925
4281,3,126,14452,13,126,1,0,-1,2,1,1.0,0.0,1.0,0.0,0.4804530139182014
4282,1,25,6424,13,25,2,1,25,3,2,0.6031746031746031,0.6365141682928128,0.75,31.363779188752538,1.6874019747307965
4283,11,126,21688,13,126,1,0,-1,2,1,0.8,0.0,0.6666666666666666,0.0,1.206948960812582
4284,1,170,10852,13,170,1,1,-1,2,1,0.7333333333333334,0.0,1.0,9.36426245424844,0.48045301391820155
4285,3,170,12856,13,170,1,0,-1,2,1,1.0,0.0,1.0,0.0,0.4804530139182014
4286,1,170,32560,13,170,1,1,-1,2,1,0.6666666666666666,0.0,0.6666666666666666,5.493061443340549,1.2069489608125827
4287,24,126,97684,13,126,1,0,-1,2,1,1.0,0.0,1.0,0.0,0.4804530139182014
4288,1,33,4288,13,33,2,1,33,3,2,0.6031746031746031,0.6365141682928128,0.75,41.30340578790453,1.6874019747307965
4289,3,77,12868,13,77,1,0,-1,2,1,0.8,0.0,0.6666666666666666,0.0,1.206948960812582
4290,1,77,8152,13,77,1,1,77,2,1,0.7333333333333334,0.0,1.0,93.09453135872268,0.480453013918204
4291,6,77,19312,13,77,1,0,-1,2,1,1.0,0.0,1.0,0.0,0.4804530139182014
4292,1,25,4292,13,25,1,1,25,2,1,0.6190476190476191,0.0,0.6666666666666666,31.363779188752535,1.2069489608126003
4293,3,25,12880,13,25,1,0,-1,2,1,1.0,0.0,1.0,0.0,0.4804530139182014
4294,1,25,9664,13,25,2,1,25,3,2,0.6031746031746031,0.6365141682928128,0.75,31.076097116300755,1.6874019747307885
4295,13,77,28996,13,77,1,0,-1,2,1,0.8,0.0,0.6666666666666666,0.0,1.206948960812582
4296,1,25,4296,13,25,1,1,25,2,1,0.7333333333333334,0.0,1.0,31.076097116300755,0.480453013918204
4297,3,25,21760,13,25,1,0,-1,2,1,1.0,0.0,1.0,0.0,0.4804530139182014
4298,1,25,6448,13,25,1,1,25,2,1,0.6666666666666666,0.0,0.6666666666666666,31.076097116300755,1.2069489608126003
4299,8,64,19348,13,64,1,0,-1,2,1,1.0,0.0,1.0,0.0,0.4804530139182014
4300,1,25,4840,13,25,2,1,25,3,2,0.6031746031746031,0.6365141682928128,0.75,31.651461261204318,1.6874019747307965
4301,3,25,12904,13,25,1,0,-1,2,1,0.8,0.0,0.6666666666666666,0.0,1.206948960812582
4302,1,108,176740,13,108,1,1,-1,2,1,0.7333333333333334,0.0,1.0,5.493061443340549,0.48045301391820155
4303,68,108,176740,13,108,1,0,-1,2,1,1.0,0.0,1.0,0.0,0.4804530139182014
4304,1,33,4304,13,33,1,1,33,2,1,0.6190476190476191,0.0,0.6666666666666666,41.30340578790453,1.2069489608125925
4305,3,77,39364,13,77,1,0,-1,2,1,1.0,0.0,1.0,0.0,0.4804530139182014
4306,1,77,39364,13,77,2,1,-1,3,2,0.6031746031746031,0.6365141682928128,0.75,9.36426245424844,1.6874019747307822
4307,6,77,39364,13,77,1,0,-1,2,1,0.8,0.0,0.6666666666666666,0.0,1.206948960812582
4308,1,33,4308,13,33,1,1,33,2,1,0.7333333333333334,0.0,1.0,41.01572371545276,0.48045301391819417
4309,3,33,12928,13,33,1,0,-1,2,1,1.0,0.0,1.0,0.0,0.4804530139182014
4310,1,170,1276936,13,170,1,1,-1,2,1,0.6666666666666666,0.0,0.6666666666666666,19.775021196025975,1.2069489608125845
4311,8,170,1276936,13,170,1,0,-1,2,1,1.0,0.0,1.0,0.0,0.4804530139182014
4312,1,51,9232,13,51,2,1,51,3,2,0.6031746031746031,0.6365141682928128,0.75,62.80451941864115,1.687401974730771
4313,3,51,14560,13,51,1,0,-1,2,1,0.8,0.0,0.6666666666666666,0.0,1.206948960812582
4314,1,51,9232,13,51,1,1,51,2,1,0.7333333333333334,0.0,1.0,62.22915527373759,0.48045301391819417
4315,13,126,32776,13,126,1,0,-1,2,1,1.0,0.0,1.0,0.0,0.4804530139182014
4316,1,51,9232,13,51,1,1,51,2,1,0.6190476190476191,0.0,0.6666666666666666,62.51683734618936,1.2069489608125767
4317,3,51,12952,13,51,1,0,-1,2,1,1.0,0.0,1.0,0.0,0.4804530139182014
4318,1,126,41524,13,126,2,1,-1,3,2,0.6031746031746031,0.6365141682928128,0.75,5.78074351579233,1.6874019747307842
4319,26,126,65608,13,126,1,0,-1,2,1,0.8,0.0,0.6666666666666666,0.0,1.206948960812582
4320,1,46,4320,13,46,1,1,46,2,1,0.7333333333333334,0.0,1.0,56.160729685493486,0.480453013918204
4321,3,170,83104,13,170,1,0,-1,2,1,1.0,0.0,1.0,0.0,0.4804530139182014
4322,1,33,6484,13,33,1,1,33,2,1,0.6666666666666666,0.0,0.6666666666666666,40.72804164300097,1.2069489608125925
4323,6,33,19456,13,33,1,0,-1,2,1,1.0,0.0,1.0,0.0,0.4804530139182014
4324,1,139,9232,13,139,2,1,139,3,2,0.6031746031746031,0.6365141682928128,0.75,169.8389554296989,1.6874019747307807
4325,3,139,12976,13,139,1,0,-1,2,1,0.8,0.0,0.6666666666666666,0.0,1.206948960812582
4326,1,139,9736,13,139,1,1,139,2,1,0.7333333333333334,0.0,1.0,169.26359128479533,0.480453013918204
4327,19,170,49300,13,170,1,0,-1,2,1,1.0,0.0,1.0,0.0,0.4804530139182014
4328,1,46,4328,13,46,1,1,46,2,1,0.6190476190476191,0.0,0.6666666666666666,56.736093830397046,1.2069489608125925
4329,3,51,32884,13,51,1,0,-1,2,1,1.0,0.0,1.0,0.0,0.4804530139182014
4330,1,46,6496,13,46,2,1,46,3,2,0.6031746031746031,0.6365141682928128,0.75,56.736093830397046,1.6874019747307965
4331,8,126,24676,13,126,1,0,-1,2,1,0.8,0.0,0.6666666666666666,0.0,1.206948960812582
4332,1,139,9232,13,139,1,1,139,2,1,0.7333333333333334,0.0,1.0,169.5512733572471,0.480453013918204
4333,3,139,13000,13,139,1,0,-1,2,1,1.0,0.0,1.0,0.0,0.4804530139182014
4334,1,139,14632,13,139,1,1,-1,2,1,0.6666666666666666,0.0,0.6666666666666666,5.493061443340549,1.2069489608125827
4335,26,64,166696,13,64,1,0,-1,2,1,1.0,0.0,1.0,0.0,0.4804530139182014
4336,1,46,4336,13,46,2,1,46,3,2,0.6031746031746031,0.6365141682928128,0.75,57.02377590284883,1.687401974730771
4337,3,46,13012,13,46,1,0,-1,2,1,0.8,0.0,0.6666666666666666,0.0,1.206948960812582
4338,1,77,13912,13,77,1,1,-1,2,1,0.7333333333333334,0.0,1.0,14.569641825137206,0.48045301391819906
4339,6,77,19528,13,77,1,0,-1,2,1,1.0,0.0,1.0,0.0,0.4804530139182014
4340,1,46,4340,13,46,1,1,46,2,1,0.6190476190476191,0.0,0.6666666666666666,57.02377590284883,1.2069489608125767
4341,3,46,13024,13,46,1,0,-1,2,1,1.0,0.0,1.0,0.0,0.4804530139182014
4342,1,51,10996,13,51,2,1,-1,3,2,0.6031746031746031,0.6365141682928128,0.75,9.07658038179666,1.6874019747307798
4343,8,51,29320,13,51,1,0,-1,2,1,0.8,0.0,0.6666666666666666,0.0,1.206948960812582
4344,1,139,9232,13,139,1,1,139,2,1,0.7333333333333334,0.0,1.0,168.97590921234357,0.480453013918204
4345,3,51,20896,13,51,1,0,-1,2,1,1.0,0.0,1.0,0.0,0.4804530139182014
4346,1,139,9232,13,139,1,1,139,2,1,0.6666666666666666,0.0,0.6666666666666666,168.97590921234357,1.2069489608125767
4347,81,183,225988,13,183,1,0,-1,2,1,1.0,0.0,1.0,0.0,0.4804530139182014
4348,1,139,24784,13,139,2,1,-1,3,2,0.6031746031746031,0.6365141682928128,0.75,9.65194452670022,1.6874019747307822
4349,3,139,24784,13,139,1,0,-1,2,1,0.8,0.0,0.6666666666666666,0.0,1.206948960812582
4350,1,77,74356,13,77,1,1,-1,2,1,0.7333333333333334,0.0,1.0,5.493061443340549,0.48045301391820155
4351,32,77,223072,13,77,1,0,-1,2,1,1.0,0.0,1.0,0.0,0.4804530139182014
4352,1,20,4352,13,20,1,1,20,2,1,0.6190476190476191,0.0,0.6666666666666666,25.295353600508424,1.2069489608125767
4353,3,139,13060,13,139,1,0,-1,2,1,1.0,0.0,1.0,0.0,0.4804530139182014
4354,1,139,9232,13,139,2,1,139,3,2,0.6031746031746031,0.6365141682928128,0.75,169.5512733572471,1.6874019747307807
4355,6,139,19600,13,139,1,0,-1,2,1,0.8,0.0,0.6666666666666666,0.0,1.206948960812582
4356,1,46,4356,13,46,1,1,46,2,1,0.7333333333333334,0.0,1.0,56.448411757945266,0.480453013918204
4357,3,46,13072,13,46,1,0,-1,2,1,1.0,0.0,1.0,0.0,0.4804530139182014
4358,1,46,9808,13,46,1,1,46,2,1,0.6666666666666666,0.0,0.6666666666666666,56.160729685493486,1.2069489608125925
4359,11,170,29428,13,170,1,0,-1,2,1,1.0,0.0,1.0,0.0,0.4804530139182014
4360,1,46,4360,13,46,2,1,46,3,2,0.6031746031746031,0.6365141682928128,0.75,57.02377590284883,1.6874019747307554
4361,3,139,22084,13,139,1,0,-1,2,1,0.8,0.0,0.6666666666666666,0.0,1.206948960812582
4362,1,46,6544,13,46,1,1,46,2,1,0.7333333333333334,0.0,1.0,56.448411757945266,0.480453013918204
4363,8,139,19636,13,139,1,0,-1,2,1,1.0,0.0,1.0,0.0,0.4804530139182014
4364,1,46,4912,13,46,1,1,46,2,1,0.6190476190476191,0.0,0.6666666666666666,57.02377590284883,1.2069489608125612
4365,3,46,13096,13,46,1,0,-1,2,1,1.0,0.0,1.0,0.0,0.4804530139182014
4366,1,139,14740,13,139,2,1,-1,3,2,0.6031746031746031,0.6365141682928128,0.75,5.78074351579233,1.6874019747307842
4367,11,139,44224,13,139,1,0,-1,2,1,0.8,0.0,0.6666666666666666,0.0,1.206948960812582
4368,1,33,4368,13,33,1,1,33,2,1,0.7333333333333334,0.0,1.0,40.72804164300098,0.48045301391819417
4369,3,46,13108,13,46,1,0,-1,2,1,1.0,0.0,1.0,0.0,0.4804530139182014
4370,1,108,95956,13,108,1,1,-1,2,1,0.6666666666666666,0.0,0.6666666666666666,9.07658038179666,1.2069489608125807
4371,6,108,95956,13,108,1,0,-1,2,1,1.0,0.0,1.0,0.0,0.4804530139182014
4372,1,33,4372,13,33,2,1,33,3,2,0.6031746031746031,0.6365141682928128,0.75,41.30340578790453,1.6874019747307807
4373,3,33,13120,13,33,1,0,-1,2,1,0.8,0.0,0.6666666666666666,0.0,1.206948960812582
4374,1,77,10528,13,77,1,1,-1,2,1,0.7333333333333334,0.0,1.0,24.509268424289214,0.48045301391819906
4375,8,77,29536,13,77,1,0,-1,2,1,1.0,0.0,1.0,0.0,0.4804530139182014
4376,1,33,4376,13,33,1,1,33,2,1,0.6190476190476191,0.0,0.6666666666666666,41.30340578790453,1.2069489608125925
4377,3,77,14776,13,77,1,0,-1,2,1,1.0,0.0,1.0,0.0,0.4804530139182014
4378,1,33,6568,13,33,2,1,33,3,2,0.6031746031746031,0.6365141682928128,0.75,41.30340578790453,1.6874019747307965
4379,26,214,250504,13,214,1,0,-1,2,1,0.8,0.0,0.6666666666666666,0.0,1.206948960812582
4380,1,77,7396,13,77,1,1,77,2,1,0.7333333333333334,0.0,1.0,93.66989550362624,0.4804530139182237
4381,3,77,13144,13,77,1,0,-1,2,1,1.0,0.0,1.0,0.0,0.4804530139182014
4382,1,77,22192,13,77,1,1,-1,2,1,0.6666666666666666,0.0,0.6666666666666666,5.493061443340549,1.2069489608125827
4383,16,77,66580,13,77,1,0,-1,2,1,1.0,0.0,1.0,0.0,0.4804530139182014
4384,1,95,9232,13,95,2,1,95,3,2,0.6031746031746031,0.6365141682928128,0.75,116.6094194966218,1.687401974730812
4385,3,139,13156,13,139,1,0,-1,2,1,0.8,0.0,0.6666666666666666,0.0,1.206948960812582
4386,1,139,9232,13,139,1,1,139,2,1,0.7333333333333334,0.0,1.0,169.8389554296989,0.480453013918204
4387,6,139,19744,13,139,1,0,-1,2,1,1.0,0.0,1.0,0.0,0.4804530139182014
4388,1,139,9232,13,139,1,1,139,2,1,0.6190476190476191,0.0,0.6666666666666666,170.1266375021507,1.2069489608125767
4389,3,139,13168,13,139,1,0,-1,2,1,1.0,0.0,1.0,0.0,0.4804530139182014
4390,1,139,9880,13,139,2,1,139,3,2,0.6031746031746031,0.6365141682928128,0.75,169.8389554296989,1.6874019747307807
4391,13,170,33352,13,170,1,0,-1,2,1,0.8,0.0,0.6666666666666666,0.0,1.206948960812582
4392,1,95,9232,13,95,1,1,95,2,1,0.7333333333333334,0.0,1.0,116.03405535171824,0.480453013918204
4393,3,139,50056,13,139,1,0,-1,2,1,1.0,0.0,1.0,0.0,0.4804530139182014
4394,1,95,9232,13,95,1,1,95,2,1,0.6666666666666666,0.0,0.6666666666666666,116.03405535171824,1.2069489608125767
4395,8,126,19780,13,126,1,0,-1,2,1,1.0,0.0,1.0,0.0,0.4804530139182014
4396,1,33,4948,13,33,2,1,33,3,2,0.6031746031746031,0.6365141682928128,0.75,41.30340578790453,1.6874019747307807
4397,3,33,13192,13,33,1,0,-1,2,1,0.8,0.0,0.6666666666666666,0.0,1.206948960812582
4398,1,33,14848,13,33,1,1,-1,2,1,0.7333333333333334,0.0,1.0,5.493061443340549,0.48045301391820155
4399,52,100,67768,13,100,1,0,-1,2,1,1.0,0.0,1.0,0.0,0.4804530139182014
4400,1,95,9232,13,95,1,1,95,2,1,0.6190476190476191,0.0,0.6666666666666666,116.6094194966218,1.206948960812608
4401,3,139,13204,13,139,1,0,-1,2,1,1.0,0.0,1.0,0.0,0.4804530139182014
4402,1,139,9232,13,139,2,1,139,3,2,0.6031746031746031,0.6365141682928128,0.75,169.8389554296989,1.6874019747307807
4403,6,139,19816,13,139,1,0,-1,2,1,0.8,0.0,0.6666666666666666,0.0,1.206948960812582
4404,1,95,9232,13,95,1,1,95,2,1,0.7333333333333334,0.0,1.0,116.32173742417002,0.480453013918204
4405,3,95,13216,13,95,1,0,-1,2,1,1.0,0.0,1.0,0.0,0.4804530139182014
4406,1,51,25108,13,51,1,1,-1,2,1,0.6666666666666666,0.0,0.6666666666666666,8.788898309344878,1.2069489608125807
4407,8,51,29752,13,51,1,0,-1,2,1,1.0,0.0,1.0,0.0,0.4804530139182014
4408,1,46,4408,13,46,2,1,46,3,2,0.6031746031746031,0.6365141682928128,0.75,57.311457975300605,1.6874019747307807
4409,3,77,80512,13,77,1,0,-1,2,1,0.8,0.0,0.6666666666666666,0.0,1.206948960812582
4410,1,46,6616,13,46,1,1,46,2,1,0.7333333333333334,0.0,1.0,56.736093830397046,0.480453013918204
4411,11,46,22336,13,46,1,0,-1,2,1,1.0,0.0,1.0,0.0,0.4804530139182014
4412,1,46,11176,13,46,1,1,-1,2,1,0.6190476190476191,0.0,0.6666666666666666,9.65194452670022,1.2069489608125807
4413,3,46,13240,13,46,1,0,-1,2,1,1.0,0.0,1.0,0.0,0.4804530139182014
4414,1,170,190996,13,170,2,1,-1,3,2,0.6031746031746031,0.6365141682928128,0.75,5.78074351579233,1.6874019747307842
4415,44,170,190996,13,170,1,0,-1,2,1,0.8,0.0,0.6666666666666666,0.0,1.206948960812582
4416,1,20,4416,13,20,1,1,20,2,1,0.7333333333333334,0.0,1.0,24.43230738315308,0.480453013918204
4417,3,95,13252,13,95,1,0,-1,2,1,1.0,0.0,1.0,0.0,0.4804530139182014
4418,1,77,9448,13,77,1,1,77,2,1,0.6666666666666666,0.0,0.6666666666666666,93.95757757607802,1.2069489608125767
4419,6,77,19888,13,77,1,0,-1,2,1,1.0,0.0,1.0,0.0,0.4804530139182014
4420,1,95,9232,13,95,2,1,95,3,2,0.6031746031746031,0.6365141682928128,0.75,116.6094194966218,1.687401974730812
4421,3,95,13264,13,95,1,0,-1,2,1,0.8,0.0,0.6666666666666666,0.0,1.206948960812582
4422,1,95,9952,13,95,1,1,95,2,1,0.7333333333333334,0.0,1.0,116.03405535171825,0.4804530139181843
4423,34,77,85048,13,77,1,0,-1,2,1,1.0,0.0,1.0,0.0,0.4804530139182014
4424,1,139,9232,13,139,1,1,139,2,1,0.6190476190476191,0.0,0.6666666666666666,169.26359128479533,1.2069489608126394
4425,3,46,22408,13,46,1,0,-1,2,1,1.0,0.0,1.0,0.0,0.4804530139182014
4426,1,139,9232,13,139,2,1,139,3,2,0.6031746031746031,0.6365141682928128,0.75,169.26359128479533,1.6874019747308828
4427,8,95,19924,13,95,1,0,-1,2,1,0.8,0.0,0.6666666666666666,0.0,1.206948960812582
4428,1,139,9232,13,139,1,1,139,2,1,0.7333333333333334,0.0,1.0,169.26359128479533,0.4804530139182434
4429,3,139,13288,13,139,1,0,-1,2,1,1.0,0.0,1.0,0.0,0.4804530139182014
4430,1,121,345544,13,121,1,1,-1,2,1,0.6666666666666666,0.0,0.6666666666666666,5.493061443340549,1.2069489608125827
4431,13,121,345544,13,121,1,0,-1,2,1,1.0,0.0,1.0,0.0,0.4804530139182014
4432,1,20,4432,13,20,2,1,20,3,2,0.6031746031746031,0.6365141682928128,0.75,25.295353600508424,1.6874019747307758
4433,3,139,18952,13,139,1,0,-1,2,1,0.8,0.0,0.6666666666666666,0.0,1.206948960812582
4434,1,77,95956,13,77,1,1,-1,2,1,0.7333333333333334,0.0,1.0,9.07658038179666,0.48045301391819906
4435,6,77,95956,13,77,1,0,-1,2,1,1.0,0.0,1.0,0.0,0.4804530139182014
4436,1,20,4436,13,20,1,1,20,2,1,0.6190476190476191,0.0,0.6666666666666666,25.295353600508424,1.2069489608125767
4437,3,20,13312,13,20,1,0,-1,2,1,1.0,0.0,1.0,0.0,0.4804530139182014
4438,1,95,9988,13,95,2,1,95,3,2,0.6031746031746031,0.6365141682928128,0.75,115.17100913436289,1.687401974730812
4439,8,95,29968,13,95,1,0,-1,2,1,0.8,0.0,0.6666666666666666,0.0,1.206948960812582
4440,1,33,4440,13,33,1,1,33,2,1,0.7333333333333334,0.0,1.0,40.72804164300097,0.480453013918204
4441,3,183,250504,13,183,1,0,-1,2,1,1.0,0.0,1.0,0.0,0.4804530139182014
4442,1,33,6664,13,33,1,1,33,2,1,0.6666666666666666,0.0,0.6666666666666666,40.72804164300097,1.2069489608125767
4443,16,95,33748,13,95,1,0,-1,2,1,1.0,0.0,1.0,0.0,0.4804530139182014
4444,1,33,7504,13,33,2,1,33,3,2,0.6031746031746031,0.6365141682928128,0.75,40.72804164300097,1.6874019747307807
4445,3,33,13336,13,33,1,0,-1,2,1,0.8,0.0,0.6666666666666666,0.0,1.206948960812582
4446,1,183,250504,13,183,1,1,-1,2,1,0.7333333333333334,0.0,1.0,3.295836866004329,0.48045301391820155
4447,13,183,250504,13,183,1,0,-1,2,1,1.0,0.0,1.0,0.0,0.4804530139182014
4448,1,46,4448,13,46,1,1,46,2,1,0.6190476190476191,0.0,0.6666666666666666,57.023775902848826,1.2069489608125925
4449,3,69,16900,13,69,1,0,-1,2,1,1.0,0.0,1.0,0.0,0.4804530139182014
4450,1,139,9232,13,139,2,1,139,3,2,0.6031746031746031,0.6365141682928128,0.75,169.5512733572471,1.6874019747307807
4451,6,139,20032,13,139,1,0,-1,2,1,0.8,0.0,0.6666666666666666,0.0,1.206948960812582
4452,1,139,9232,13,139,1,1,139,2,1,0.7333333333333334,0.0,1.0,169.8389554296989,0.480453013918204
4453,3,139,13360,13,139,1,0,-1,2,1,1.0,0.0,1.0,0.0,0.4804530139182014
4454,1,139,10024,13,139,1,1,-1,2,1,0.6666666666666666,0.0,0.6666666666666666,3.295836866004329,1.2069489608125827
4455,21,95,114208,13,95,1,0,-1,2,1,1.0,0.0,1.0,0.0,0.4804530139182014
4456,1,46,4456,13,46,2,1,46,3,2,0.6031746031746031,0.6365141682928128,0.75,57.311457975300605,1.6874019747307807
4457,3,46,33856,13,46,1,0,-1,2,1,0.8,0.0,0.6666666666666666,0.0,1.206948960812582
4458,1,46,6688,13,46,1,1,46,2,1,0.7333333333333334,0.0,1.0,56.736093830397046,0.480453013918204
4459,8,46,20068,13,46,1,0,-1,2,1,1.0,0.0,1.0,0.0,0.4804530139182014
4460,1,95,14308,13,95,1,1,-1,2,1,0.6190476190476191,0.0,0.6666666666666666,20.63806741338132,1.2069489608125845
4461,3,95,14308,13,95,1,0,-1,2,1,1.0,0.0,1.0,0.0,0.4804530139182014
4462,1,95,15064,13,95,2,1,-1,3,2,0.6031746031746031,0.6365141682928128,0.75,3.58351893845611,1.6874019747307842
4463,16,46,50848,13,46,1,0,-1,2,1,0.8,0.0,0.6666666666666666,0.0,1.206948960812582
4464,1,46,4464,13,46,1,1,46,2,1,0.7333333333333334,0.0,1.0,56.736093830397046,0.480453013918204
4465,3,46,13396,13,46,1,0,-1,2,1,1.0,0.0,1.0,0.0,0.4804530139182014
4466,1,139,9232,13,139,1,1,139,2,1,0.6666666666666666,0.0,0.6666666666666666,168.97590921234354,1.2069489608126394
4467,6,139,20104,13,139,1,0,-1,2,1,1.0,0.0,1.0,0.0,0.4804530139182014
4468,1,46,4468,13,46,2,1,46,3,2,0.6031746031746031,0.6365141682928128,0.75,57.311457975300605,1.6874019747307807
4469,3,46,13408,13,46,1,0,-1,2,1,0.8,0.0,0.6666666666666666,0.0,1.206948960812582
4470,1,46,11320,13,46,1,1,-1,2,1,0.7333333333333334,0.0,1.0,3.295836866004329,0.48045301391820155
4471,8,46,30184,13,46,1,0,-1,2,1,1.0,0.0,1.0,0.0,0.4804530139182014
4472,1,90,8080,13,90,1,1,90,2,1,0.6190476190476191,0.0,0.6666666666666666,109.1025835461188,1.206948960812608
4473,3,95,86020,13,95,1,0,-1,2,1,1.0,0.0,1.0,0.0,0.4804530139182014
4474,1,90,8080,13,90,2,1,90,3,2,0.6031746031746031,0.6365141682928128,0.75,109.1025835461188,1.687401974730812
4475,13,139,22660,13,139,1,0,-1,2,1,0.8,0.0,0.6666666666666666,0.0,1.206948960812582
4476,1,90,17008,13,90,1,1,-1,2,1,0.7333333333333334,0.0,1.0,9.07658038179666,0.48045301391819906
4477,3,90,17008,13,90,1,0,-1,2,1,1.0,0.0,1.0,0.0,0.4804530139182014
4478,1,139,51028,13,139,1,1,-1,2,1,0.6666666666666666,0.0,0.6666666666666666,3.295836866004329,1.2069489608125827
4479,19,139,153088,13,139,1,0,-1,2,1,1.0,0.0,1.0,0.0,0.4804530139182014
4480,1,20,4480,13,20,2,1,20,3,2,0.6031746031746031,0.6365141682928128,0.75,25.583035672960204,1.6874019747307885
4481,3,46,13444,13,46,1,0,-1,2,1,0.8,0.0,0.6666666666666666,0.0,1.206948960812582
4482,1,46,6724,13,46,1,1,46,2,1,0.7333333333333334,0.0,1.0,56.16072968549349,0.48045301391819417
4483,6,46,20176,13,46,1,0,-1,2,1,1.0,0.0,1.0,0.0,0.4804530139182014
4484,1,46,4484,13,46,1,1,46,2,1,0.6190476190476191,0.0,0.6666666666666666,57.023775902848826,1.2069489608125925
4485,3,46,13456,13,46,1,0,-1,2,1,1.0,0.0,1.0,0.0,0.4804530139182014
4486,1,46,10096,13,46,2,1,-1,3,2,0.6031746031746031,0.6365141682928128,0.75,3.58351893845611,1.6874019747307842
4487,11,46,30292,13,46,1,0,-1,2,1,0.8,0.0,0.6666666666666666,0.0,1.206948960812582
4488,1,46,4488,13,46,1,1,46,2,1,0.7333333333333334,0.0,1.0,56.736093830397046,0.480453013918204
4489,3,90,25576,13,90,1,0,-1,2,1,1.0,0.0,1.0,0.0,0.4804530139182014
4490,1,46,6736,13,46,1,1,46,2,1,0.6666666666666666,0.0,0.6666666666666666,56.736093830397046,1.2069489608125767
4491,8,183,138400,13,183,1,0,-1,2,1,1.0,0.0,1.0,0.0,0.4804530139182014
4492,1,46,5056,13,46,2,1,46,3,2,0.6031746031746031,0.6365141682928128,0.75,57.02377590284883,1.6874019747307554
4493,3,46,13480,13,46,1,0,-1,2,1,0.8,0.0,0.6666666666666666,0.0,1.206948960812582
4494,1,77,15172,13,77,1,1,-1,2,1,0.7333333333333334,0.0,1.0,3.295836866004329,0.48045301391820155
4495,11,77,45520,13,77,1,0,-1,2,1,1.0,0.0,1.0,0.0,0.4804530139182014
4496,1,46,4496,13,46,1,1,46,2,1,0.6190476190476191,0.0,0.6666666666666666,57.311457975300605,1.2069489608125767
4497,3,46,13492,13,46,1,0,-1,2,1,1.0,0.0,1.0,0.0,0.4804530139182014
4498,1,46,11392,13,46,2,1,-1,3,2,0.6031746031746031,0.6365141682928128,0.75,9.07658038179666,1.6874019747307798
4499,6,46,20248,13,46,1,0,-1,2,1,0.8,0.0,0.6666666666666666,0.0,1.206948960812582
4500,1,46,4500,13,46,1,1,46,2,1,0.7333333333333334,0.0,1.0,57.02377590284883,0.48045301391819417
4501,3,46,13504,13,46,1,0,-1,2,1,1.0,0.0,1.0,0.0,0.4804530139182014
4502,1,38,10132,13,38,1,1,-1,2,1,0.6666666666666666,0.0,0.6666666666666666,3.295836866004329,1.2069489608125827
4503,8,38,30400,13,38,1,0,-1,2,1,1.0,0.0,1.0,0.0,0.4804530139182014
4504,1,46,4504,13,46,2,1,46,3,2,0.6031746031746031,0.6365141682928128,0.75,57.599140047752385,1.6874019747307807
4505,3,38,15208,13,38,1,0,-1,2,1,0.8,0.0,0.6666666666666666,0.0,1.206948960812582
4506,1,46,6760,13,46,1,1,46,2,1,0.7333333333333334,0.0,1.0,57.02377590284883,0.48045301391819417
4507,21,90,61720,13,90,1,0,-1,2,1,1.0,0.0,1.0,0.0,0.4804530139182014
4508,1,139,21688,13,139,1,1,-1,2,1,0.6190476190476191,0.0,0.6666666666666666,14.857323897588985,1.2069489608125807
4509,3,139,21688,13,139,1,0,-1,2,1,1.0,0.0,1.0,0.0,0.4804530139182014
4510,1,139,22840,13,139,2,1,-1,3,2,0.6031746031746031,0.6365141682928128,0.75,3.58351893845611,1.6874019747307842
4511,32,152,250504,13,152,1,0,-1,2,1,0.8,0.0,0.6666666666666666,0.0,1.206948960812582
4512,1,20,4512,13,20,1,1,20,2,1,0.7333333333333334,0.0,1.0,24.719989455604864,0.48045301391819906
4513,3,183,32560,13,183,1,0,-1,2,1,1.0,0.0,1.0,0.0,0.4804530139182014
4514,1,38,6772,13,38,1,1,38,2,1,0.6666666666666666,0.0,0.6666666666666666,46.50878515879329,1.2069489608125925
4515,6,38,20320,13,38,1,0,-1,2,1,1.0,0.0,1.0,0.0,0.4804530139182014
4516,1,38,8584,13,38,2,1,38,3,2,0.6031746031746031,0.6365141682928128,0.75,46.79646723124507,1.6874019747307807
4517,3,38,13552,13,38,1,0,-1,2,1,0.8,0.0,0.6666666666666666,0.0,1.206948960812582
4518,1,38,10168,13,38,1,1,-1,2,1,0.7333333333333334,0.0,1.0,3.295836866004329,0.48045301391820155
4519,16,90,34324,13,90,1,0,-1,2,1,1.0,0.0,1.0,0.0,0.4804530139182014
4520,1,20,4520,13,20,1,1,20,2,1,0.6190476190476191,0.0,0.6666666666666666,25.295353600508424,1.2069489608125845
4521,3,183,77272,13,183,1,0,-1,2,1,1.0,0.0,1.0,0.0,0.4804530139182014
4522,1,20,6784,13,20,2,1,20,3,2,0.6031746031746031,0.6365141682928128,0.75,25.295353600508424,1.6874019747307836
4523,8,90,28996,13,90,1,0,-1,2,1,0.8,0.0,0.6666666666666666,0.0,1.206948960812582
4524,1,38,5092,13,38,1,1,38,2,1,0.7333333333333334,0.0,1.0,46.79646723124507,0.480453013918204
4525,3,38,13576,13,38,1,0,-1,2,1,1.0,0.0,1.0,0.0,0.4804530139182014
4526,1,38,15280,13,38,1,1,-1,2,1,0.6666666666666666,0.0,0.6666666666666666,3.295836866004329,1.2069489608125827
4527,13,38,45844,13,38,1,0,-1,2,1,1.0,0.0,1.0,0.0,0.4804530139182014
4528,1,64,9232,13,64,2,1,64,3,2,0.6031746031746031,0.6365141682928128,0.75,78.52488953358548,1.6874019747307298
4529,3,64,13588,13,64,1,0,-1,2,1,0.8,0.0,0.6666666666666666,0.0,1.206948960812582
4530,1,64,9232,13,64,1,1,64,2,1,0.7333333333333334,0.0,1.0,77.66184331623013,0.480453013918204
4531,6,64,20392,13,64,1,0,-1,2,1,1.0,0.0,1.0,0.0,0.4804530139182014
4532,1,64,9232,13,64,1,1,64,2,1,0.6190476190476191,0.0,0.6666666666666666,78.52488953358548,1.2069489608125457
4533,3,64,13600,13,64,1,0,-1,2,1,1.0,0.0,1.0,0.0,0.4804530139182014
4534,1,90,39364,13,90,2,1,-1,3,2,0.6031746031746031,0.6365141682928128,0.75,3.58351893845611,1.6874019747307842
4535,8,90,39364,13,90,1,0,-1,2,1,0.8,0.0,0.6666666666666666,0.0,1.206948960812582
4536,1,64,9232,13,64,1,1,64,2,1,0.7333333333333334,0.0,1.0,78.23720746113369,0.480453013918204
4537,3,64,15316,13,64,1,0,-1,2,1,1.0,0.0,1.0,0.0,0.4804530139182014
4538,1,64,9232,13,64,1,1,64,2,1,0.6666666666666666,0.0,0.6666666666666666,78.23720746113369,1.2069489608125767
4539,11,183,1276936,13,183,1,0,-1,2,1,1.0,0.0,1.0,0.0,0.4804530139182014
4540,1,64,14560,13,64,2,1,-1,3,2,0.6031746031746031,0.6365141682928128,0.75,9.36426245424844,1.6874019747307822
4541,3,64,14560,13,64,1,0,-1,2,1,0.8,0.0,0.6666666666666666,0.0,1.206948960812582
4542,1,64,34504,13,64,1,1,-1,2,1,0.7333333333333334,0.0,1.0,3.295836866004329,0.48045301391820155
4543,29,183,1276936,13,183,1,0,-1,2,1,1.0,0.0,1.0,0.0,0.4804530139182014
4544,1,108,9232,13,108,1,1,108,2,1,0.6190476190476191,0.0,0.6666666666666666,132.3297896115661,1.2069489608125767
4545,3,139,41524,13,139,1,0,-1,2,1,1.0,0.0,1.0,0.0,0.4804530139182014
4546,1,139,65608,13,139,2,1,-1,3,2,0.6031746031746031,0.6365141682928128,0.75,14.857323897588987,1.6874019747307798
4547,6,139,65608,13,139,1,0,-1,2,1,0.8,0.0,0.6666666666666666,0.0,1.206948960812582
4548,1,20,4548,13,20,1,1,20,2,1,0.7333333333333334,0.0,1.0,25.007671528056644,0.48045301391819906
4549,3,20,13648,13,20,1,0,-1,2,1,1.0,0.0,1.0,0.0,0.4804530139182014
4550,1,20,10240,13,20,1,1,-1,2,1,0.6666666666666666,0.0,0.6666666666666666,3.295836866004329,1.2069489608125827
4551,13,183,83104,13,183,1,0,-1,2,1,1.0,0.0,1.0,0.0,0.4804530139182014
4552,1,59,4552,13,59,2,1,59,3,2,0.6031746031746031,0.6365141682928128,0.75,72.74414601779314,1.6874019747307807
4553,3,152,23056,13,152,1,0,-1,2,1,0.8,0.0,0.6666666666666666,0.0,1.206948960812582
4554,1,59,6832,13,59,1,1,59,2,1,0.7333333333333334,0.0,1.0,72.16878187288957,0.4804530139182237
4555,8,59,20500,13,59,1,0,-1,2,1,1.0,0.0,1.0,0.0,0.4804530139182014
4556,1,59,5128,13,59,1,1,59,2,1,0.6190476190476191,0.0,0.6666666666666666,72.45646394534137,1.2069489608125457
4557,3,59,13672,13,59,1,0,-1,2,1,1.0,0.0,1.0,0.0,0.4804530139182014
4558,1,152,25972,13,152,2,1,-1,3,2,0.6031746031746031,0.6365141682928128,0.75,3.58351893845611,1.6874019747307842
4559,19,152,46168,13,152,1,0,-1,2,1,0.8,0.0,0.6666666666666666,0.0,1.206948960812582
4560,1,108,9232,13,108,1,1,108,2,1,0.7333333333333334,0.0,1.0,131.75442546666255,0.4804530139181646
4561,3,59,13684,13,59,1,0,-1,2,1,1.0,0.0,1.0,0.0,0.4804530139182014
4562,1,152,17332,13,152,1,1,-1,2,1,0.6666666666666666,0.0,0.6666666666666666,8.788898309344878,1.2069489608125807
4563,6,152,20536,13,152,1,0,-1,2,1,1.0,0.0,1.0,0.0,0.4804530139182014
4564,1,108,9232,13,108,2,1,108,3,2,0.6031746031746031,0.6365141682928128,0.75,132.3297896115661,1.6874019747307807
4565,3,108,13696,13,108,1,0,-1,2,1,0.8,0.0,0.6666666666666666,0.0,1.206948960812582
4566,1,59,13012,13,59,1,1,-1,2,1,0.7333333333333334,0.0,1.0,3.295836866004329,0.48045301391820155
4567,8,59,30832,13,59,1,0,-1,2,1,1.0,0.0,1.0,0.0,0.4804530139182014
4568,1,33,4568,13,33,1,1,33,2,1,0.6190476190476191,0.0,0.6666666666666666,41.01572371545275,1.2069489608125925
4569,3,33,15424,13,33,1,0,-1,2,1,1.0,0.0,1.0,0.0,0.4804530139182014
4570,1,33,6856,13,33,2,1,33,3,2,0.6031746031746031,0.6365141682928128,0.75,41.01572371545275,1.6874019747307965
4571,13,59,34720,13,59,1,0,-1,2,1,0.8,0.0,0.6666666666666666,0.0,1.206948960812582
4572,1,33,7720,13,33,1,1,33,2,1,0.7333333333333334,0.0,1.0,40.44035957054919,0.480453013918204
4573,3,33,13720,13,33,1,0,-1,2,1,1.0,0.0,1.0,0.0,0.4804530139182014
4574,1,121,250504,13,121,1,1,-1,2,1,0.6666666666666666,0.0,0.6666666666666666,3.295836866004329,1.2069489608125827
4575,75,121,250504,13,121,1,0,-1,2,1,1.0,0.0,1.0,0.0,0.4804530139182014
4576,1,108,9232,13,108,2,1,108,3,2,0.6031746031746031,0.6365141682928128,0.75,132.6174716840179,1.6874019747307807
4577,3,152,26080,13,152,1,0,-1,2,1,0.8,0.0,0.6666666666666666,0.0,1.206948960812582
4578,1,108,9232,13,108,1,1,108,2,1,0.7333333333333334,0.0,1.0,131.46674339421077,0.480453013918204
4579,6,108,20608,13,108,1,0,-1,2,1,1.0,0.0,1.0,0.0,0.4804530139182014
4580,1,152,9232,13,152,1,1,152,2,1,0.6190476190476191,0.0,0.6666666666666666,185.27164347219144,1.2069489608125767
4581,3,152,13744,13,152,1,0,-1,2,1,1.0,0.0,1.0,0.0,0.4804530139182014
4582,1,152,10312,13,152,2,1,-1,3,2,0.6031746031746031,0.6365141682928128,0.75,3.58351893845611,1.6874019747307842
4583,44,90,223072,13,90,1,0,-1,2,1,0.8,0.0,0.6666666666666666,0.0,1.206948960812582
4584,1,108,9232,13,108,1,1,108,2,1,0.7333333333333334,0.0,1.0,132.04210753911434,0.4804530139181646
4585,3,152,39184,13,152,1,0,-1,2,1,1.0,0.0,1.0,0.0,0.4804530139182014
4586,1,108,9232,13,108,1,1,108,2,1,0.6666666666666666,0.0,0.6666666666666666,132.04210753911434,1.2069489608125143
4587,8,121,58804,13,121,1,0,-1,2,1,1.0,0.0,1.0,0.0,0.4804530139182014
4588,1,59,5812,13,59,2,1,59,3,2,0.6031746031746031,0.6365141682928128,0.75,72.16878187288957,1.6874019747308318
4589,3,59,13768,13,59,1,0,-1,2,1,0.8,0.0,0.6666666666666666,0.0,1.206948960812582
4590,1,59,15496,13,59,1,1,-1,2,1,0.7333333333333334,0.0,1.0,3.295836866004329,0.48045301391820155
4591,106,170,8153620,13,170,1,0,-1,2,1,1.0,0.0,1.0,0.0,0.4804530139182014
4592,1,46,4592,13,46,1,1,46,2,1,0.6190476190476191,0.0,0.6666666666666666,57.311457975300605,1.2069489608125925
4593,3,108,13780,13,108,1,0,-1,2,1,1.0,0.0,1.0,0.0,0.4804530139182014
4594,1,59,8728,13,59,2,1,59,3,2,0.6031746031746031,0.6365141682928128,0.75,71.59341772798601,1.687401974730812
4595,6,59,20680,13,59,1,0,-1,2,1,0.8,0.0,0.6666666666666666,0.0,1.206948960812582
4596,1,46,4596,13,46,1,1,46,2,1,0.7333333333333334,0.0,1.0,57.02377590284883,0.48045301391819417
4597,3,46,13792,13,46,1,0,-1,2,1,1.0,0.0,1.0,0.0,0.4804530139182014
4598,1,152,44224,13,152,1,1,-1,2,1,0.6666666666666666,0.0,0.6666666666666666,3.295836866004329,1.2069489608125827
4599,8,152,44224,13,152,1,0,-1,2,1,1.0,0.0,1.0,0.0,0.4804530139182014
4600,1,46,13120,13,46,2,1,-1,3,2,0.6031746031746031,0.6365141682928128,0.75,15.720370114944329,1.6874019747307822
4601,3,59,17476,13,59,1,0,-1,2,1,0.8,0.0,0.6666666666666666,0.0,1.206948960812582
4602,1,46,13120,13,46,1,1,-1,2,1,0.7333333333333334,0.0,1.0,15.145005970040767,0.48045301391820155
4603,16,121,95956,13,121,1,0,-1,2,1,1.0,0.0,1.0,0.0,0.4804530139182014
4604,1,59,39364,13,59,1,1,-1,2,1,0.6190476190476191,0.0,0.6666666666666666,9.36426245424844,1.2069489608125807
4605,3,59,39364,13,59,1,0,-1,2,1,1.0,0.0,1.0,0.0,0.4804530139182014
4606,1,59,118096,13,59,2,1,-1,3,2,0.6031746031746031,0.6365141682928128,0.75,3.58351893845611,1.6874019747307842
4607,78,152,1276936,13,152,1,0,-1,2,1,0.8,0.0,0.6666666666666666,0.0,1.206948960812582
4608,1,28,4608,13,28,1,1,28,2,1,0.7333333333333334,0.0,1.0,33.79656983740153,0.480453013918204
4609,3,46,13828,13,46,1,0,-1,2,1,1.0,0.0,1.0,0.0,0.4804530139182014
4610,1,108,9232,13,108,1,1,108,2,1,0.6666666666666666,0.0,0.6666666666666666,131.46674339421077,1.2069489608125767
4611,6,108,20752,13,108,1,0,-1,2,1,1.0,0.0,1.0,0.0,0.4804530139182014
4612,1,152,9232,13,152,2,1,152,3,2,0.6031746031746031,0.6365141682928128,0.75,185.847007617095,1.6874019747308433
4613,3,152,13840,13,152,1,0,-1,2,1,0.8,0.0,0.6666666666666666,0.0,1.206948960812582
4614,1,152,10384,13,152,1,1,-1,2,1,0.7333333333333334,0.0,1.0,3.295836866004329,0.48045301391820155
4615,11,90,31156,13,90,1,0,-1,2,1,1.0,0.0,1.0,0.0,0.4804530139182014
4616,1,33,4616,13,33,1,1,33,2,1,0.6190476190476191,0.0,0.6666666666666666,41.01572371545276,1.2069489608125612
4617,3,108,23380,13,108,1,0,-1,2,1,1.0,0.0,1.0,0.0,0.4804530139182014
4618,1,33,6928,13,33,2,1,33,3,2,0.6031746031746031,0.6365141682928128,0.75,41.01572371545276,1.6874019747307554
4619,8,152,20788,13,152,1,0,-1,2,1,0.8,0.0,0.6666666666666666,0.0,1.206948960812582
4620,1,33,5200,13,33,1,1,33,2,1,0.7333333333333334,0.0,1.0,40.72804164300097,0.480453013918204
4621,3,33,13864,13,33,1,0,-1,2,1,1.0,0.0,1.0,0.0,0.4804530139182014
4622,1,152,15604,13,152,1,1,-1,2,1,0.6666666666666666,0.0,0.6666666666666666,3.295836866004329,1.2069489608125827
4623,11,152,46816,13,152,1,0,-1,2,1,1.0,0.0,1.0,0.0,0.4804530139182014
4624,1,33,4624,13,33,2,1,33,3,2,0.6031746031746031,0.6365141682928128,0.75,41.30340578790453,1.6874019747307807
4625,3,33,13876,13,33,1,0,-1,2,1,0.8,0.0,0.6666666666666666,0.0,1.206948960812582
4626,1,108,11716,13,108,1,1,-1,2,1,0.7333333333333334,0.0,1.0,8.788898309344878,0.48045301391820155
4627,6,108,20824,13,108,1,0,-1,2,1,1.0,0.0,1.0,0.0,0.4804530139182014
4628,1,33,4628,13,33,1,1,33,2,1,0.6190476190476191,0.0,0.6666666666666666,41.30340578790453,1.2069489608125767
4629,3,33,13888,13,33,1,0,-1,2,1,1.0,0.0,1.0,0.0,0.4804530139182014
4630,1,108,10420,13,108,2,1,-1,3,2,0.6031746031746031,0.6365141682928128,0.75,3.58351893845611,1.6874019747307842
4631,8,108,31264,13,108,1,0,-1,2,1,0.8,0.0,0.6666666666666666,0.0,1.206948960812582
4632,1,33,4632,13,33,1,1,33,2,1,0.7333333333333334,0.0,1.0,41.01572371545275,0.480453013918204
4633,3,108,15640,13,108,1,0,-1,2,1,1.0,0.0,1.0,0.0,0.4804530139182014
4634,1,33,6952,13,33,1,1,33,2,1,0.6666666666666666,0.0,0.6666666666666666,41.01572371545275,1.2069489608125767
4635,26,90,79216,13,90,1,0,-1,2,1,1.0,0.0,1.0,0.0,0.4804530139182014
4636,1,59,7828,13,59,2,1,59,3,2,0.6031746031746031,0.6365141682928128,0.75,72.16878187288957,1.6874019747308318
4637,3,59,13912,13,59,1,0,-1,2,1,0.8,0.0,0.6666666666666666,0.0,1.206948960812582
4638,1,59,23488,13,59,1,1,-1,2,1,0.7333333333333334,0.0,1.0,3.295836866004329,0.48045301391820155
4639,39,90,70468,13,90,1,0,-1,2,1,1.0,0.0,1.0,0.0,0.4804530139182014
4640,1,121,9232,13,121,1,1,121,2,1,0.6190476190476191,0.0,0.6666666666666666,148.05015972651043,1.2069489608126394
4641,3,59,13924,13,59,1,0,-1,2,1,1.0,0.0,1.0,0.0,0.4804530139182014
4642,1,33,6964,13,33,2,1,33,3,2,0.6031746031746031,0.6365141682928128,0.75,41.01572371545275,1.6874019747307965
4643,6,33,20896,13,33,1,0,-1,2,1,0.8,0.0,0.6666666666666666,0.0,1.206948960812582
4644,1,183,190996,13,183,1,1,-1,2,1,0.7333333333333334,0.0,1.0,20.9257494858331,0.48045301391819906
4645,3,183,190996,13,183,1,0,-1,2,1,1.0,0.0,1.0,0.0,0.4804530139182014
4646,1,183,190996,13,183,1,1,-1,2,1,0.6666666666666666,0.0,0.6666666666666666,3.295836866004329,1.2069489608125827
4647,13,59,35296,13,59,1,0,-1,2,1,1.0,0.0,1.0,0.0,0.4804530139182014
4648,1,121,9232,13,121,2,1,121,3,2,0.6031746031746031,0.6365141682928128,0.75,148.33784179896222,1.6874019747307807
4649,3,134,67048,13,134,1,0,-1,2,1,0.8,0.0,0.6666666666666666,0.0,1.206948960812582
4650,1,121,9232,13,121,1,1,121,2,1,0.7333333333333334,0.0,1.0,147.76247765405864,0.480453013918204
4651,8,33,20932,13,33,1,0,-1,2,1,1.0,0.0,1.0,0.0,0.4804530139182014
4652,1,152,9232,13,152,1,1,152,2,1,0.6190476190476191,0.0,0.6666666666666666,184.98396139973966,1.2069489608125767
4653,3,152,13960,13,152,1,0,-1,2,1,1.0,0.0,1.0,0.0,0.4804530139182014
4654,1,152,15712,13,152,2,1,-1,3,2,0.6031746031746031,0.6365141682928128,0.75,3.58351893845611,1.6874019747307842
4655,24,90,59668,13,90,1,0,-1,2,1,0.8,0.0,0.6666666666666666,0.0,1.206948960812582
4656,1,121,9232,13,121,1,1,121,2,1,0.7333333333333334,0.0,1.0,147.76247765405864,0.480453013918204
4657,3,152,13972,13,152,1,0,-1,2,1,1.0,0.0,1.0,0.0,0.4804530139182014
4658,1,152,9232,13,152,1,1,152,2,1,0.6666666666666666,0.0,0.6666666666666666,184.12091518238432,1.2069489608125767
4659,6,152,20968,13,152,1,0,-1,2,1,1.0,0.0,1.0,0.0,0.4804530139182014
4660,1,121,9232,13,121,2,1,121,3,2,0.6031746031746031,0.6365141682928128,0.75,148.33784179896222,1.6874019747307807
4661,3,121,13984,13,121,1,0,-1,2,1,0.8,0.0,0.6666666666666666,0.0,1.206948960812582
4662,1,108,59776,13,108,1,1,-1,2,1,0.7333333333333334,0.0,1.0,3.295836866004329,0.48045301391820155
4663,8,108,59776,13,108,1,0,-1,2,1,1.0,0.0,1.0,0.0,0.4804530139182014
4664,1,33,4664,13,33,1,1,33,2,1,0.6190476190476191,0.0,0.6666666666666666,41.01572371545275,1.2069489608125925
4665,3,134,345544,13,134,1,0,-1,2,1,1.0,0.0,1.0,0.0,0.4804530139182014
4666,1,33,7000,13,33,2,1,33,3,2,0.6031746031746031,0.6365141682928128,0.75,41.01572371545275,1.6874019747307965
4667,11,33,23632,13,33,1,0,-1,2,1,0.8,0.0,0.6666666666666666,0.0,1.206948960812582
4668,1,33,11824,13,33,1,1,-1,2,1,0.7333333333333334,0.0,1.0,9.07658038179666,0.48045301391819906
4669,3,33,14008,13,33,1,0,-1,2,1,1.0,0.0,1.0,0.0,0.4804530139182014
4670,1,90,95956,13,90,1,1,-1,2,1,0.6666666666666666,0.0,0.6666666666666666,3.295836866004329,1.2069489608125827
4671,16,90,106432,13,90,1,0,-1,2,1,1.0,0.0,1.0,0.0,0.4804530139182014
4672,1,121,9232,13,121,2,1,121,3,2,0.6031746031746031,0.6365141682928128,0.75,148.33784179896222,1.6874019747307807
4673,3,59,14020,13,59,1,0,-1,2,1,0.8,0.0,0.6666666666666666,0.0,1.206948960812582
4674,1,59,7012,13,59,1,1,59,2,1,0.7333333333333334,0.0,1.0,71.8810998004378,0.480453013918204
4675,6,59,21040,13,59,1,0,-1,2,1,1.0,0.0,1.0,0.0,0.4804530139182014
4676,1,59,4676,13,59,1,1,59,2,1,0.6190476190476191,0.0,0.6666666666666666,73.03182809024491,1.206948960812608
4677,3,59,14032,13,59,1,0,-1,2,1,1.0,0.0,1.0,0.0,0.4804530139182014
4678,1,59,10528,13,59,2,1,-1,3,2,0.6031746031746031,0.6365141682928128,0.75,3.58351893845611,1.6874019747307842
4679,16,46,31588,13,46,1,0,-1,2,1,0.8,0.0,0.6666666666666666,0.0,1.206948960812582
4680,1,59,4680,13,59,1,1,59,2,1,0.7333333333333334,0.0,1.0,72.74414601779314,0.480453013918204
4681,3,46,23704,13,46,1,0,-1,2,1,1.0,0.0,1.0,0.0,0.4804530139182014
4682,1,59,7024,13,59,1,1,59,2,1,0.6666666666666666,0.0,0.6666666666666666,72.74414601779314,1.2069489608125767
4683,8,59,21076,13,59,1,0,-1,2,1,1.0,0.0,1.0,0.0,0.4804530139182014
4684,1,59,5272,13,59,2,1,59,3,2,0.6031746031746031,0.6365141682928128,0.75,73.03182809024493,1.687401974730761
4685,3,59,14056,13,59,1,0,-1,2,1,0.8,0.0,0.6666666666666666,0.0,1.206948960812582
4686,1,152,17800,13,152,1,1,-1,2,1,0.7333333333333334,0.0,1.0,3.295836866004329,0.48045301391820155
4687,13,152,47464,13,152,1,0,-1,2,1,1.0,0.0,1.0,0.0,0.4804530139182014
4688,1,121,9232,13,121,1,1,121,2,1,0.6190476190476191,0.0,0.6666666666666666,148.33784179896222,1.2069489608125767
4689,3,152,14068,13,152,1,0,-1,2,1,1.0,0.0,1.0,0.0,0.4804530139182014
4690,1,152,26728,13,152,2,1,-1,3,2,0.6031746031746031,0.6365141682928128,0.75,9.07658038179666,1.6874019747307798
4691,6,152,26728,13,152,1,0,-1,2,1,0.8,0.0,0.6666666666666666,0.0,1.206948960812582
4692,1,121,9232,13,121,1,1,121,2,1,0.7333333333333334,0.0,1.0,148.05015972651043,0.4804530139182434
4693,3,121,14080,13,121,1,0,-1,2,1,1.0,0.0,1.0,0.0,0.4804530139182014
4694,1,108,14308,13,108,1,1,-1,2,1,0.6666666666666666,0.0,0.6666666666666666,3.295836866004329,1.2069489608125827
4695,8,108,31696,13,108,1,0,-1,2,1,1.0,0.0,1.0,0.0,0.4804530139182014
4696,1,121,9232,13,121,2,1,121,3,2,0.6031746031746031,0.6365141682928128,0.75,148.33784179896222,1.6874019747307807
4697,3,108,15856,13,108,1,0,-1,2,1,0.8,0.0,0.6666666666666666,0.0,1.206948960812582
4698,1,121,9232,13,121,1,1,121,2,1,0.7333333333333334,0.0,1.0,147.76247765405864,0.480453013918204
4699,34,82,67768,13,82,1,0,-1,2,1,1.0,0.0,1.0,0.0,0.4804530139182014
4700,1,121,9232,13,121,1,1,121,2,1,0.6190476190476191,0.0,0.6666666666666666,147.76247765405864,1.2069489608126394
4701,3,121,14104,13,121,1,0,-1,2,1,1.0,0.0,1.0,0.0,0.4804530139182014
4702,1,59,23812,13,59,2,1,-1,3,2,0.6031746031746031,0.6365141682928128,0.75,3.58351893845611,1.6874019747307842
4703,13,59,71440,13,59,1,0,-1,2,1,0.8,0.0,0.6666666666666666,0.0,1.206948960812582
4704,1,121,9232,13,121,1,1,121,2,1,0.7333333333333334,0.0,1.0,147.76247765405867,0.4804530139181646
4705,3,59,17872,13,59,1,0,-1,2,1,1.0,0.0,1.0,0.0,0.4804530139182014
4706,1,33,7060,13,33,1,1,33,2,1,0.6666666666666666,0.0,0.6666666666666666,40.44035957054919,1.2069489608125767
4707,6,33,21184,13,33,1,0,-1,2,1,1.0,0.0,1.0,0.0,0.4804530139182014
4708,1,33,4708,13,33,2,1,33,3,2,0.6031746031746031,0.6365141682928128,0.75,41.30340578790453,1.6874019747307965
4709,3,33,14128,13,33,1,0,-1,2,1,0.8,0.0,0.6666666666666666,0.0,1.206948960812582
4710,1,33,10600,13,33,1,1,-1,2,1,0.7333333333333334,0.0,1.0,3.295836866004329,0.48045301391820155
4711,19,59,80512,13,59,1,0,-1,2,1,1.0,0.0,1.0,0.0,0.4804530139182014
4712,1,121,9232,13,121,1,1,121,2,1,0.6190476190476191,0.0,0.6666666666666666,148.33784179896222,1.2069489608125767
4713,3,152,35800,13,152,1,0,-1,2,1,1.0,0.0,1.0,0.0,0.4804530139182014
4714,1,121,9232,13,121,2,1,121,3,2,0.6031746031746031,0.6365141682928128,0.75,148.33784179896222,1.6874019747307807
4715,8,103,21220,13,103,1,0,-1,2,1,0.8,0.0,0.6666666666666666,0.0,1.206948960812582
4716,1,59,13444,13,59,1,1,-1,2,1,0.7333333333333334,0.0,1.0,14.857323897588987,0.48045301391819906
4717,3,59,14152,13,59,1,0,-1,2,1,1.0,0.0,1.0,0.0,0.4804530139182014
4718,1,59,15928,13,59,1,1,-1,2,1,0.6666666666666666,0.0,0.6666666666666666,3.295836866004329,1.2069489608125827
4719,37,103,53764,13,103,1,0,-1,2,1,1.0,0.0,1.0,0.0,0.4804530139182014
4720,1,59,4720,13,59,2,1,59,3,2,0.6031746031746031,0.6365141682928128,0.75,73.3195101626967,1.6874019747307807
4721,3,121,14164,13,121,1,0,-1,2,1,0.8,0.0,0.6666666666666666,0.0,1.206948960812582
4722,1,59,10096,13,59,1,1,-1,2,1,0.7333333333333334,0.0,1.0,17.865478691141536,0.48045301391819906
4723,6,59,21256,13,59,1,0,-1,2,1,1.0,0.0,1.0,0.0,0.4804530139182014
4724,1,59,4724,13,59,1,1,59,2,1,0.6190476190476191,0.0,0.6666666666666666,73.3195101626967,1.2069489608125767
4725,3,59,14176,13,59,1,0,-1,2,1,1.0,0.0,1.0,0.0,0.4804530139182014
4726,1,59,11968,13,59,2,1,-1,3,2,0.6031746031746031,0.6365141682928128,0.75,3.58351893845611,1.6874019747307842
4727,8,59,31912,13,59,1,0,-1,2,1,0.8,0.0,0.6666666666666666,0.0,1.206948960812582
4728,1,59,5992,13,59,1,1,59,2,1,0.7333333333333334,0.0,1.0,72.74414601779314,0.480453013918204
4729,3,59,26944,13,59,1,0,-1,2,1,1.0,0.0,1.0,0.0,0.4804530139182014
4730,1,59,7096,13,59,1,1,59,2,1,0.6666666666666666,0.0,0.6666666666666666,72.74414601779314,1.2069489608125767
4731,13,59,23956,13,59,1,0,-1,2,1,1.0,0.0,1.0,0.0,0.4804530139182014
4732,1,90,45520,13,90,2,1,-1,3,2,0.6031746031746031,0.6365141682928128,0.75,9.36426245424844,1.6874019747307822
4733,3,90,45520,13,90,1,0,-1,2,1,0.8,0.0,0.6666666666666666,0.0,1.206948960812582
4734,1,90,53944,13,90,1,1,-1,2,1,0.7333333333333334,0.0,1.0,3.295836866004329,0.48045301391820155
4735,34,152,182068,13,152,1,0,-1,2,1,1.0,0.0,1.0,0.0,0.4804530139182014
4736,1,28,4736,13,28,1,1,28,2,1,0.6190476190476191,0.0,0.6666666666666666,34.947298127208654,1.2069489608125767
4737,3,59,20248,13,59,1,0,-1,2,1,1.0,0.0,1.0,0.0,0.4804530139182014
4738,1,121,9232,13,121,2,1,121,3,2,0.6031746031746031,0.6365141682928128,0.75,147.76247765405867,1.6874019747307414
4739,6,121,21328,13,121,1,0,-1,2,1,0.8,0.0,0.6666666666666666,0.0,1.206948960812582
4740,1,152,21688,13,152,1,1,-1,2,1,0.7333333333333334,0.0,1.0,30.29001194008155,0.480453013918204
4741,3,152,21688,13,152,1,0,-1,2,1,1.0,0.0,1.0,0.0,0.4804530139182014
4742,1,152,21688,13,152,1,1,-1,2,1,0.6666666666666666,0.0,0.6666666666666666,3.295836866004329,1.2069489608125827
4743,11,59,32020,13,59,1,0,-1,2,1,1.0,0.0,1.0,0.0,0.4804530139182014
4744,1,77,9232,13,77,2,1,77,3,2,0.6031746031746031,0.6365141682928128,0.75,94.53294172098158,1.687401974730812
4745,3,51,40552,13,51,1,0,-1,2,1,0.8,0.0,0.6666666666666666,0.0,1.206948960812582
4746,1,77,9232,13,77,1,1,77,2,1,0.7333333333333334,0.0,1.0,93.95757757607802,0.480453013918204
4747,8,152,21688,13,152,1,0,-1,2,1,1.0,0.0,1.0,0.0,0.4804530139182014
4748,1,77,9232,13,77,1,1,77,2,1,0.6190476190476191,0.0,0.6666666666666666,94.24525964852981,1.2069489608125767
4749,3,77,14248,13,77,1,0,-1,2,1,1.0,0.0,1.0,0.0,0.4804530139182014
4750,1,165,250504,13,165,2,1,-1,3,2,0.6031746031746031,0.6365141682928128,0.75,3.58351893845611,1.6874019747307842
4751,11,165,250504,13,165,1,0,-1,2,1,0.8,0.0,0.6666666666666666,0.0,1.206948960812582
4752,1,77,9232,13,77,1,1,77,2,1,0.7333333333333334,0.0,1.0,93.95757757607804,0.4804530139181843
4753,3,51,14260,13,51,1,0,-1,2,1,1.0,0.0,1.0,0.0,0.4804530139182014
4754,1,51,12040,13,51,1,1,-1,2,1,0.6666666666666666,0.0,0.6666666666666666,8.788898309344878,1.2069489608125807
4755,6,51,21400,13,51,1,0,-1,2,1,1.0,0.0,1.0,0.0,0.4804530139182014
4756,1,77,9232,13,77,2,1,77,3,2,0.6031746031746031,0.6365141682928128,0.75,94.53294172098158,1.6874019747307807
4757,3,77,14272,13,77,1,0,-1,2,1,0.8,0.0,0.6666666666666666,0.0,1.206948960812582
4758,1,77,10708,13,77,1,1,-1,2,1,0.7333333333333334,0.0,1.0,3.295836866004329,0.48045301391820155
4759,8,77,32128,13,77,1,0,-1,2,1,1.0,0.0,1.0,0.0,0.4804530139182014
4760,1,77,9232,13,77,1,1,77,2,1,0.6190476190476191,0.0,0.6666666666666666,94.53294172098158,1.206948960812608
4761,3,33,16072,13,33,1,0,-1,2,1,1.0,0.0,1.0,0.0,0.4804530139182014
4762,1,77,9232,13,77,2,1,77,3,2,0.6031746031746031,0.6365141682928128,0.75,94.53294172098158,1.687401974730812
4763,39,196,695464,13,196,1,0,-1,2,1,0.8,0.0,0.6666666666666666,0.0,1.206948960812582
4764,1,51,15280,13,51,1,1,-1,2,1,0.7333333333333334,0.0,1.0,17.865478691141536,0.48045301391819906
4765,3,51,15280,13,51,1,0,-1,2,1,1.0,0.0,1.0,0.0,0.4804530139182014
4766,1,51,24136,13,51,1,1,-1,2,1,0.6666666666666666,0.0,0.6666666666666666,3.295836866004329,1.2069489608125827
4767,37,103,122200,13,103,1,0,-1,2,1,1.0,0.0,1.0,0.0,0.4804530139182014
4768,1,28,4768,13,28,2,1,28,3,2,0.6031746031746031,0.6365141682928128,0.75,35.234980199660434,1.6874019747307807
4769,3,77,14308,13,77,1,0,-1,2,1,0.8,0.0,0.6666666666666666,0.0,1.206948960812582
4770,1,103,39364,13,103,1,1,-1,2,1,0.7333333333333334,0.0,1.0,18.72852490849688,0.480453013918204
4771,6,103,39364,13,103,1,0,-1,2,1,1.0,0.0,1.0,0.0,0.4804530139182014
4772,1,103,39364,13,103,1,1,-1,2,1,0.6190476190476191,0.0,0.6666666666666666,15.432688042492547,1.2069489608125845
4773,3,103,39364,13,103,1,0,-1,2,1,1.0,0.0,1.0,0.0,0.4804530139182014
4774,1,103,39364,13,103,2,1,-1,3,2,0.6031746031746031,0.6365141682928128,0.75,3.58351893845611,1.6874019747307842
4775,26,59,40804,13,59,1,0,-1,2,1,0.8,0.0,0.6666666666666666,0.0,1.206948960812582
4776,1,28,4776,13,28,1,1,28,2,1,0.7333333333333334,0.0,1.0,34.659616054756874,0.480453013918204
4777,3,103,275560,13,103,1,0,-1,2,1,1.0,0.0,1.0,0.0,0.4804530139182014
4778,1,28,7168,13,28,1,1,28,2,1,0.6666666666666666,0.0,0.6666666666666666,34.659616054756874,1.2069489608125767
4779,8,77,21508,13,77,1,0,-1,2,1,1.0,0.0,1.0,0.0,0.4804530139182014
4780,1,121,9232,13,121,2,1,121,3,2,0.6031746031746031,0.6365141682928128,0.75,147.76247765405864,1.6874019747308433
4781,3,121,14344,13,121,1,0,-1,2,1,0.8,0.0,0.6666666666666666,0.0,1.206948960812582
4782,1,121,16144,13,121,1,1,-1,2,1,0.7333333333333334,0.0,1.0,3.295836866004329,0.48045301391820155
4783,13,77,48436,13,77,1,0,-1,2,1,1.0,0.0,1.0,0.0,0.4804530139182014
4784,1,121,9232,13,121,1,1,121,2,1,0.6190476190476191,0.0,0.6666666666666666,148.33784179896222,1.2069489608125767
4785,3,72,14356,13,72,1,0,-1,2,1,1.0,0.0,1.0,0.0,0.4804530139182014
4786,1,72,8080,13,72,2,1,72,3,2,0.6031746031746031,0.6365141682928128,0.75,87.60146991538214,1.687401974730761
4787,6,72,21544,13,72,1,0,-1,2,1,0.8,0.0,0.6666666666666666,0.0,1.206948960812582
4788,1,121,9232,13,121,1,1,121,2,1,0.7333333333333334,0.0,1.0,148.05015972651043,0.4804530139182434
4789,3,121,14368,13,121,1,0,-1,2,1,1.0,0.0,1.0,0.0,0.4804530139182014
4790,1,33,18196,13,33,1,1,-1,2,1,0.6666666666666666,0.0,0.6666666666666666,3.295836866004329,1.2069489608125827
4791,8,33,32344,13,33,1,0,-1,2,1,1.0,0.0,1.0,0.0,0.4804530139182014
4792,1,121,9232,13,121,2,1,121,3,2,0.6031746031746031,0.6365141682928128,0.75,148.625523871414,1.6874019747307807
4793,3,72,16180,13,72,1,0,-1,2,1,0.8,0.0,0.6666666666666666,0.0,1.206948960812582
4794,1,121,9232,13,121,1,1,121,2,1,0.7333333333333334,0.0,1.0,148.05015972651043,0.4804530139182434
4795,11,165,24280,13,165,1,0,-1,2,1,1.0,0.0,1.0,0.0,0.4804530139182014
4796,1,72,12148,13,72,1,1,-1,2,1,0.6190476190476191,0.0,0.6666666666666666,9.36426245424844,1.2069489608125807
4797,3,72,14392,13,72,1,0,-1,2,1,1.0,0.0,1.0,0.0,0.4804530139182014
4798,1,72,36448,13,72,2,1,-1,3,2,0.6031746031746031,0.6365141682928128,0.75,3.58351893845611,1.6874019747307842
4799,26,165,138400,13,165,1,0,-1,2,1,0.8,0.0,0.6666666666666666,0.0,1.206948960812582
4800,1,20,4800,13,20,1,1,20,2,1,0.7333333333333334,0.0,1.0,24.43230738315308,0.480453013918204
4801,3,121,14404,13,121,1,0,-1,2,1,1.0,0.0,1.0,0.0,0.4804530139182014
4802,1,165,17332,13,165,1,1,-1,2,1,0.6666666666666666,0.0,0.6666666666666666,23.35854013448209,1.2069489608125845
4803,6,165,21616,13,165,1,0,-1,2,1,1.0,0.0,1.0,0.0,0.4804530139182014
4804,1,59,4804,13,59,2,1,59,3,2,0.6031746031746031,0.6365141682928128,0.75,73.03182809024491,1.687401974730812
4805,3,59,14416,13,59,1,0,-1,2,1,0.8,0.0,0.6666666666666666,0.0,1.206948960812582
4806,1,59,10816,13,59,1,1,-1,2,1,0.7333333333333334,0.0,1.0,3.295836866004329,0.48045301391820155
4807,13,121,32452,13,121,1,0,-1,2,1,1.0,0.0,1.0,0.0,0.4804530139182014
4808,1,59,4808,13,59,1,1,59,2,1,0.6190476190476191,0.0,0.6666666666666666,73.03182809024493,1.2069489608125767
4809,3,46,24352,13,46,1,0,-1,2,1,1.0,0.0,1.0,0.0,0.4804530139182014
4810,1,59,7216,13,59,2,1,59,3,2,0.6031746031746031,0.6365141682928128,0.75,73.03182809024493,1.687401974730761
4811,8,46,21652,13,46,1,0,-1,2,1,0.8,0.0,0.6666666666666666,0.0,1.206948960812582
4812,1,59,5416,13,59,1,1,59,2,1,0.7333333333333334,0.0,1.0,72.74414601779314,0.480453013918204
4813,3,59,14440,13,59,1,0,-1,2,1,1.0,0.0,1.0,0.0,0.4804530139182014
4814,1,72,61720,13,72,1,1,-1,2,1,0.6666666666666666,0.0,0.6666666666666666,3.295836866004329,1.2069489608125827
4815,26,72,61720,13,72,1,0,-1,2,1,1.0,0.0,1.0,0.0,0.4804530139182014
4816,1,20,4816,13,20,2,1,20,3,2,0.6031746031746031,0.6365141682928128,0.75,25.295353600508424,1.6874019747307758
4817,3,121,14452,13,121,1,0,-1,2,1,0.8,0.0,0.6666666666666666,0.0,1.206948960812582
4818,1,121,18304,13,121,1,1,-1,2,1,0.7333333333333334,0.0,1.0,8.788898309344878,0.48045301391820155
4819,6,121,21688,13,121,1,0,-1,2,1,1.0,0.0,1.0,0.0,0.4804530139182014
4820,1,20,4820,13,20,1,1,20,2,1,0.6190476190476191,0.0,0.6666666666666666,25.295353600508424,1.2069489608125767
4821,3,20,14464,13,20,1,0,-1,2,1,1.0,0.0,1.0,0.0,0.4804530139182014
4822,1,165,10852,13,165,2,1,-1,3,2,0.6031746031746031,0.6365141682928128,0.75,3.58351893845611,1.6874019747307842
4823,8,165,32560,13,165,1,0,-1,2,1,0.8,0.0,0.6666666666666666,0.0,1.206948960812582
4824,1,72,5812,13,72,1,1,72,2,1,0.7333333333333334,0.0,1.0,87.60146991538214,0.4804530139181843
4825,3,59,16288,13,59,1,0,-1,2,1,1.0,0.0,1.0,0.0,0.4804530139182014
4826,1,72,7240,13,72,1,1,72,2,1,0.6666666666666666,0.0,0.6666666666666666,87.60146991538214,1.2069489608125767
4827,13,103,223072,13,103,1,0,-1,2,1,1.0,0.0,1.0,0.0,0.4804530139182014
4828,1,72,8152,13,72,2,1,72,3,2,0.6031746031746031,0.6365141682928128,0.75,87.60146991538214,1.687401974730761
4829,3,72,14488,13,72,1,0,-1,2,1,0.8,0.0,0.6666666666666666,0.0,1.206948960812582
4830,1,121,27520,13,121,1,1,-1,2,1,0.7333333333333334,0.0,1.0,3.295836866004329,0.48045301391820155
4831,16,121,73384,13,121,1,0,-1,2,1,1.0,0.0,1.0,0.0,0.4804530139182014
4832,1,20,4832,13,20,1,1,20,2,1,0.6190476190476191,0.0,0.6666666666666666,25.295353600508424,1.2069489608125845
4833,3,72,69712,13,72,1,0,-1,2,1,1.0,0.0,1.0,0.0,0.4804530139182014
4834,1,20,7252,13,20,2,1,20,3,2,0.6031746031746031,0.6365141682928128,0.75,24.71998945560486,1.6874019747307885
4835,6,20,21760,13,20,1,0,-1,2,1,0.8,0.0,0.6666666666666666,0.0,1.206948960812582
4836,1,59,13120,13,59,1,1,-1,2,1,0.7333333333333334,0.0,1.0,31.153058157436888,0.480453013918204
4837,3,59,14512,13,59,1,0,-1,2,1,1.0,0.0,1.0,0.0,0.4804530139182014
4838,1,59,13120,13,59,1,1,-1,2,1,0.6666666666666666,0.0,0.6666666666666666,3.295836866004329,1.2069489608125827
4839,39,165,93040,13,165,1,0,-1,2,1,1.0,0.0,1.0,0.0,0.4804530139182014
4840,1,20,4840,13,20,2,1,20,3,2,0.6031746031746031,0.6365141682928128,0.75,25.583035672960204,1.6874019747307885
4841,3,103,176740,13,103,1,0,-1,2,1,0.8,0.0,0.6666666666666666,0.0,1.206948960812582
4842,1,20,7264,13,20,1,1,20,2,1,0.7333333333333334,0.0,1.0,25.007671528056644,0.48045301391819906
4843,8,165,44224,13,165,1,0,-1,2,1,1.0,0.0,1.0,0.0,0.4804530139182014
4844,1,72,39364,13,72,1,1,-1,2,1,0.6190476190476191,0.0,0.6666666666666666,24.796950496740994,1.2069489608125845
4845,3,72,39364,13,72,1,0,-1,2,1,1.0,0.0,1.0,0.0,0.4804530139182014
4846,1,72,39364,13,72,2,1,-1,3,2,0.6031746031746031,0.6365141682928128,0.75,3.58351893845611,1.6874019747307842
4847,34,165,209680,13,165,1,0,-1,2,1,0.8,0.0,0.6666666666666666,0.0,1.206948960812582
4848,1,46,4848,13,46,1,1,46,2,1,0.7333333333333334,0.0,1.0,56.448411757945266,0.480453013918204
4849,3,20,14548,13,20,1,0,-1,2,1,1.0,0.0,1.0,0.0,0.4804530139182014
4850,1,165,1276936,13,165,1,1,-1,2,1,0.6666666666666666,0.0,0.6666666666666666,14.281959752685424,1.2069489608125807
4851,6,165,1276936,13,165,1,0,-1,2,1,1.0,0.0,1.0,0.0,0.4804530139182014
4852,1,46,4852,13,46,2,1,46,3,2,0.6031746031746031,0.6365141682928128,0.75,57.02377590284883,1.687401974730771
4853,3,46,14560,13,46,1,0,-1,2,1,0.8,0.0,0.6666666666666666,0.0,1.206948960812582
4854,1,121,12292,13,121,1,1,-1,2,1,0.7333333333333334,0.0,1.0,3.295836866004329,0.48045301391820155
4855,8,121,32776,13,121,1,0,-1,2,1,1.0,0.0,1.0,0.0,0.4804530139182014
4856,1,46,9232,13,46,1,1,46,2,1,0.6190476190476191,0.0,0.6666666666666666,56.448411757945266,1.2069489608125767
4857,3,165,18448,13,165,1,0,-1,2,1,1.0,0.0,1.0,0.0,0.4804530139182014
4858,1,46,9232,13,46,2,1,46,3,2,0.6031746031746031,0.6365141682928128,0.75,56.448411757945266,1.6874019747307807
4859,21,121,41524,13,121,1,0,-1,2,1,0.8,0.0,0.6666666666666666,0.0,1.206948960812582
4860,1,165,27700,13,165,1,1,-1,2,1,0.7333333333333334,0.0,1.0,9.07658038179666,0.48045301391819906
4861,3,165,27700,13,165,1,0,-1,2,1,1.0,0.0,1.0,0.0,0.4804530139182014
4862,1,165,83104,13,165,1,1,-1,2,1,0.6666666666666666,0.0,0.6666666666666666,3.295836866004329,1.2069489608125827
4863,52,90,599056,13,90,1,0,-1,2,1,1.0,0.0,1.0,0.0,0.4804530139182014
4864,1,28,4864,13,28,2,1,28,3,2,0.6031746031746031,0.6365141682928128,0.75,35.234980199660434,1.6874019747307807
4865,3,46,14596,13,46,1,0,-1,2,1,0.8,0.0,0.6666666666666666,0.0,1.206948960812582
4866,1,46,7300,13,46,1,1,46,2,1,0.7333333333333334,0.0,1.0,56.16072968549349,0.48045301391819417
4867,6,46,21904,13,46,1,0,-1,2,1,1.0,0.0,1.0,0.0,0.4804530139182014
4868,1,134,9232,13,134,1,1,134,2,1,0.6190476190476191,0.0,0.6666666666666666,163.77052984145476,1.2069489608126394
4869,3,134,14608,13,134,1,0,-1,2,1,1.0,0.0,1.0,0.0,0.4804530139182014
4870,1,134,10960,13,134,2,1,-1,3,2,0.6031746031746031,0.6365141682928128,0.75,3.58351893845611,1.6874019747307842
4871,11,46,32884,13,46,1,0,-1,2,1,0.8,0.0,0.6666666666666666,0.0,1.206948960812582
4872,1,134,9232,13,134,1,1,134,2,1,0.7333333333333334,0.0,1.0,163.48284776900297,0.480453013918204
4873,3,121,24676,13,121,1,0,-1,2,1,1.0,0.0,1.0,0.0,0.4804530139182014
4874,1,134,9232,13,134,1,1,134,2,1,0.6666666666666666,0.0,0.6666666666666666,163.48284776900297,1.2069489608126394
4875,8,121,21940,13,121,1,0,-1,2,1,1.0,0.0,1.0,0.0,0.4804530139182014
4876,1,134,9232,13,134,2,1,134,3,2,0.6031746031746031,0.6365141682928128,0.75,163.77052984145476,1.6874019747308828
4877,3,134,14632,13,134,1,0,-1,2,1,0.8,0.0,0.6666666666666666,0.0,1.206948960812582
4878,1,134,16468,13,134,1,1,-1,2,1,0.7333333333333334,0.0,1.0,3.295836866004329,0.48045301391820155
4879,11,134,49408,13,134,1,0,-1,2,1,1.0,0.0,1.0,0.0,0.4804530139182014
4880,1,41,4880,13,41,1,1,41,2,1,0.6190476190476191,0.0,0.6666666666666666,50.66766824215295,1.2069489608125767
4881,3,134,14644,13,134,1,0,-1,2,1,1.0,0.0,1.0,0.0,0.4804530139182014
4882,1,72,13912,13,72,2,1,-1,3,2,0.6031746031746031,0.6365141682928128,0.75,9.07658038179666,1.6874019747307798
4883,6,72,21976,13,72,1,0,-1,2,1,0.8,0.0,0.6666666666666666,0.0,1.206948960812582
4884,1,41,4884,13,41,1,1,41,2,1,0.7333333333333334,0.0,1.0,50.37998616970117,0.480453013918204
4885,3,41,14656,13,41,1,0,-1,2,1,1.0,0.0,1.0,0.0,0.4804530139182014
4886,1,46,10996,13,46,1,1,-1,2,1,0.6666666666666666,0.0,0.6666666666666666,3.295836866004329,1.2069489608125827
4887,8,46,32992,13,46,1,0,-1,2,1,1.0,0.0,1.0,0.0,0.4804530139182014
4888,1,41,4888,13,41,2,1,41,3,2,0.6031746031746031,0.6365141682928128,0.75,50.955350314604736,1.687401974730771
4889,3,46,20896,13,46,1,0,-1,2,1,0.8,0.0,0.6666666666666666,0.0,1.206948960812582
4890,1,41,7336,13,41,1,1,41,2,1,0.7333333333333334,0.0,1.0,50.37998616970117,0.480453013918204
4891,75,178,225988,13,178,1,0,-1,2,1,1.0,0.0,1.0,0.0,0.4804530139182014
4892,1,134,9232,13,134,1,1,134,2,1,0.6190476190476191,0.0,0.6666666666666666,163.19516569655121,1.2069489608125767
4893,3,134,14680,13,134,1,0,-1,2,1,1.0,0.0,1.0,0.0,0.4804530139182014
4894,1,134,24784,13,134,2,1,-1,3,2,0.6031746031746031,0.6365141682928128,0.75,3.58351893845611,1.6874019747307842
4895,26,72,74356,13,72,1,0,-1,2,1,0.8,0.0,0.6666666666666666,0.0,1.206948960812582
4896,1,41,4896,13,41,1,1,41,2,1,0.7333333333333334,0.0,1.0,50.09230409724939,0.480453013918204
4897,3,165,14692,13,165,1,0,-1,2,1,1.0,0.0,1.0,0.0,0.4804530139182014
4898,1,134,9232,13,134,1,1,134,2,1,0.6666666666666666,0.0,0.6666666666666666,163.19516569655121,1.2069489608125767
4899,6,134,22048,13,134,1,0,-1,2,1,1.0,0.0,1.0,0.0,0.4804530139182014
4900,1,134,9232,13,134,2,1,134,3,2,0.6031746031746031,0.6365141682928128,0.75,163.77052984145476,1.6874019747308828
4901,3,134,14704,13,134,1,0,-1,2,1,0.8,0.0,0.6666666666666666,0.0,1.206948960812582
4902,1,134,11032,13,134,1,1,-1,2,1,0.7333333333333334,0.0,1.0,3.295836866004329,0.48045301391820155
4903,13,103,59668,13,103,1,0,-1,2,1,1.0,0.0,1.0,0.0,0.4804530139182014
4904,1,41,4904,13,41,1,1,41,2,1,0.6190476190476191,0.0,0.6666666666666666,50.66766824215295,1.2069489608125925
4905,3,165,55888,13,165,1,0,-1,2,1,1.0,0.0,1.0,0.0,0.4804530139182014
4906,1,41,7360,13,41,2,1,41,3,2,0.6031746031746031,0.6365141682928128,0.75,50.66766824215295,1.6874019747307965
4907,8,134,22084,13,134,1,0,-1,2,1,0.8,0.0,0.6666666666666666,0.0,1.206948960812582
4908,1,134,9232,13,134,1,1,134,2,1,0.7333333333333334,0.0,1.0,163.48284776900297,0.480453013918204
4909,3,134,14728,13,134,1,0,-1,2,1,1.0,0.0,1.0,0.0,0.4804530139182014
4910,1,134,16576,13,134,1,1,-1,2,1,0.6666666666666666,0.0,0.6666666666666666,3.295836866004329,1.2069489608125827
4911,16,121,59776,13,121,1,0,-1,2,1,1.0,0.0,1.0,0.0,0.4804530139182014
4912,1,41,4912,13,41,2,1,41,3,2,0.6031746031746031,0.6365141682928128,0.75,50.955350314604736,1.687401974730771
4913,3,134,14740,13,134,1,0,-1,2,1,0.8,0.0,0.6666666666666666,0.0,1.206948960812582
4914,1,134,9232,13,134,1,1,134,2,1,0.7333333333333334,0.0,1.0,163.19516569655121,0.480453013918204
4915,6,134,22120,13,134,1,0,-1,2,1,1.0,0.0,1.0,0.0,0.4804530139182014
4916,1,41,4916,13,41,1,1,41,2,1,0.6190476190476191,0.0,0.6666666666666666,50.955350314604736,1.2069489608125767
4917,3,41,14752,13,41,1,0,-1,2,1,1.0,0.0,1.0,0.0,0.4804530139182014
4918,1,103,95956,13,103,2,1,-1,3,2,0.6031746031746031,0.6365141682928128,0.75,3.58351893845611,1.6874019747307842
4919,8,103,95956,13,103,1,0,-1,2,1,0.8,0.0,0.6666666666666666,0.0,1.206948960812582
4920,1,72,10528,13,72,1,1,-1,2,1,0.7333333333333334,0.0,1.0,19.01620698094866,0.480453013918204
4921,3,72,16612,13,72,1,0,-1,2,1,1.0,0.0,1.0,0.0,0.4804530139182014
4922,1,72,10528,13,72,1,1,-1,2,1,0.6666666666666666,0.0,0.6666666666666666,19.01620698094866,1.2069489608125845
4923,11,72,24928,13,72,1,0,-1,2,1,1.0,0.0,1.0,0.0,0.4804530139182014
4924,1,72,12472,13,72,2,1,-1,3,2,0.6031746031746031,0.6365141682928128,0.75,9.36426245424844,1.6874019747307822
4925,3,72,14776,13,72,1,0,-1,2,1,0.8,0.0,0.6666666666666666,0.0,1.206948960812582
4926,1,209,250504,13,209,1,1,-1,2,1,0.7333333333333334,0.0,1.0,3.295836866004329,0.48045301391820155
4927,21,209,250504,13,209,1,0,-1,2,1,1.0,0.0,1.0,0.0,0.4804530139182014
4928,1,28,4928,13,28,1,1,28,2,1,0.6190476190476191,0.0,0.6666666666666666,35.234980199660434,1.2069489608125767
4929,3,41,14788,13,41,1,0,-1,2,1,1.0,0.0,1.0,0.0,0.4804530139182014
4930,1,72,7396,13,72,2,1,72,3,2,0.6031746031746031,0.6365141682928128,0.75,87.88915198783391,1.6874019747307807
4931,6,72,22192,13,72,1,0,-1,2,1,0.8,0.0,0.6666666666666666,0.0,1.206948960812582
4932,1,134,9232,13,134,1,1,134,2,1,0.7333333333333334,0.0,1.0,163.77052984145476,0.4804530139182434
4933,3,134,14800,13,134,1,0,-1,2,1,1.0,0.0,1.0,0.0,0.4804530139182014
4934,1,134,11104,13,134,1,1,-1,2,1,0.6666666666666666,0.0,0.6666666666666666,3.295836866004329,1.2069489608125827
4935,37,196,144340,13,196,1,0,-1,2,1,1.0,0.0,1.0,0.0,0.4804530139182014
4936,1,134,9232,13,134,2,1,134,3,2,0.6031746031746031,0.6365141682928128,0.75,164.34589398635833,1.6874019747307807
4937,3,134,25000,13,134,1,0,-1,2,1,0.8,0.0,0.6666666666666666,0.0,1.206948960812582
4938,1,134,9232,13,134,1,1,134,2,1,0.7333333333333334,0.0,1.0,163.77052984145476,0.4804530139182434
4939,8,134,22228,13,134,1,0,-1,2,1,1.0,0.0,1.0,0.0,0.4804530139182014
4940,1,134,9232,13,134,1,1,134,2,1,0.6190476190476191,0.0,0.6666666666666666,164.05821191390655,1.2069489608126394
4941,3,134,14824,13,134,1,0,-1,2,1,1.0,0.0,1.0,0.0,0.4804530139182014
4942,1,134,18772,13,134,2,1,-1,3,2,0.6031746031746031,0.6365141682928128,0.75,3.58351893845611,1.6874019747307842
4943,13,134,50056,13,134,1,0,-1,2,1,0.8,0.0,0.6666666666666666,0.0,1.206948960812582
4944,1,28,4944,13,28,1,1,28,2,1,0.7333333333333334,0.0,1.0,34.659616054756874,0.480453013918204
4945,3,121,15856,13,121,1,0,-1,2,1,1.0,0.0,1.0,0.0,0.4804530139182014
4946,1,121,42280,13,121,1,1,-1,2,1,0.6666666666666666,0.0,0.6666666666666666,8.788898309344878,1.2069489608125807
4947,6,121,42280,13,121,1,0,-1,2,1,1.0,0.0,1.0,0.0,0.4804530139182014
4948,1,28,4948,13,28,2,1,28,3,2,0.6031746031746031,0.6365141682928128,0.75,35.234980199660434,1.6874019747307807
4949,3,28,14848,13,28,1,0,-1,2,1,0.8,0.0,0.6666666666666666,0.0,1.206948960812582
4950,1,72,23812,13,72,1,1,-1,2,1,0.7333333333333334,0.0,1.0,3.295836866004329,0.48045301391820155
4951,8,72,33424,13,72,1,0,-1,2,1,1.0,0.0,1.0,0.0,0.4804530139182014
4952,1,134,9232,13,134,1,1,134,2,1,0.6190476190476191,0.0,0.6666666666666666,164.05821191390655,1.2069489608126394
4953,3,41,16720,13,41,1,0,-1,2,1,1.0,0.0,1.0,0.0,0.4804530139182014
4954,1,134,9232,13,134,2,1,134,3,2,0.6031746031746031,0.6365141682928128,0.75,164.05821191390655,1.6874019747308828
4955,21,72,37636,13,72,1,0,-1,2,1,0.8,0.0,0.6666666666666666,0.0,1.206948960812582
4956,1,134,9232,13,134,1,1,134,2,1,0.7333333333333334,0.0,1.0,163.48284776900297,0.480453013918204
4957,3,134,14872,13,134,1,0,-1,2,1,1.0,0.0,1.0,0.0,0.4804530139182014
4958,1,46,25108,13,46,1,1,-1,2,1,0.6666666666666666,0.0,0.6666666666666666,3.295836866004329,1.2069489608125827
4959,13,46,75328,13,46,1,0,-1,2,1,1.0,0.0,1.0,0.0,0.4804530139182014
4960,1,90,9232,13,90,2,1,90,3,2,0.6031746031746031,0.6365141682928128,0.75,110.54099390837769,1.6874019747307807
4961,3,72,80512,13,72,1,0,-1,2,1,0.8,0.0,0.6666666666666666,0.0,1.206948960812582
4962,1,41,7444,13,41,1,1,41,2,1,0.7333333333333334,0.0,1.0,50.09230409724939,0.480453013918204
4963,6,41,22336,13,41,1,0,-1,2,1,1.0,0.0,1.0,0.0,0.4804530139182014
4964,1,41,4964,13,41,1,1,41,2,1,0.6190476190476191,0.0,0.6666666666666666,50.955350314604736,1.2069489608125767
4965,3,41,14896,13,41,1,0,-1,2,1,1.0,0.0,1.0,0.0,0.4804530139182014
4966,1,41,11176,13,41,2,1,-1,3,2,0.6031746031746031,0.6365141682928128,0.75,3.58351893845611,1.6874019747307842
4967,39,165,190996,13,165,1,0,-1,2,1,0.8,0.0,0.6666666666666666,0.0,1.206948960812582
4968,1,90,9232,13,90,1,1,90,2,1,0.7333333333333334,0.0,1.0,109.96562976347413,0.480453013918204
4969,3,72,37744,13,72,1,0,-1,2,1,1.0,0.0,1.0,0.0,0.4804530139182014
4970,1,90,9232,13,90,1,1,90,2,1,0.6666666666666666,0.0,0.6666666666666666,109.96562976347413,1.2069489608125767
4971,8,72,22372,13,72,1,0,-1,2,1,1.0,0.0,1.0,0.0,0.4804530139182014
4972,1,72,9448,13,72,2,1,72,3,2,0.6031746031746031,0.6365141682928128,0.75,88.46451613273747,1.6874019747307807
4973,3,72,14920,13,72,1,0,-1,2,1,0.8,0.0,0.6666666666666666,0.0,1.206948960812582
4974,1,72,16792,13,72,1,1,-1,2,1,0.7333333333333334,0.0,1.0,3.295836866004329,0.48045301391820155
4975,19,72,56680,13,72,1,0,-1,2,1,1.0,0.0,1.0,0.0,0.4804530139182014
4976,1,90,9232,13,90,1,1,90,2,1,0.6190476190476191,0.0,0.6666666666666666,110.54099390837769,1.2069489608125767
4977,3,90,14932,13,90,1,0,-1,2,1,1.0,0.0,1.0,0.0,0.4804530139182014
4978,1,41,8404,13,41,2,1,41,3,2,0.6031746031746031,0.6365141682928128,0.75,49.80462202479761,1.6874019747307807
4979,6,41,22408,13,41,1,0,-1,2,1,0.8,0.0,0.6666666666666666,0.0,1.206948960812582
4980,1,90,9232,13,90,1,1,90,2,1,0.7333333333333334,0.0,1.0,110.25331183592591,0.480453013918204
4981,3,90,14944,13,90,1,0,-1,2,1,1.0,0.0,1.0,0.0,0.4804530139182014
4982,1,103,45520,13,103,1,1,-1,2,1,0.6666666666666666,0.0,0.6666666666666666,3.295836866004329,1.2069489608125827
4983,8,103,45520,13,103,1,0,-1,2,1,1.0,0.0,1.0,0.0,0.4804530139182014
4984,1,134,9232,13,134,2,1,134,3,2,0.6031746031746031,0.6365141682928128,0.75,163.48284776900297,1.6874019747308433
4985,3,116,345544,13,116,1,0,-1,2,1,0.8,0.0,0.6666666666666666,0.0,1.206948960812582
4986,1,134,9232,13,134,1,1,134,2,1,0.7333333333333334,0.0,1.0,162.90748362409946,0.4804530139181646
4987,13,165,182068,13,165,1,0,-1,2,1,1.0,0.0,1.0,0.0,0.4804530139182014
4988,1,134,18952,13,134,1,1,-1,2,1,0.6190476190476191,0.0,0.6666666666666666,9.36426245424844,1.2069489608125807
4989,3,134,18952,13,134,1,0,-1,2,1,1.0,0.0,1.0,0.0,0.4804530139182014
4990,1,72,95956,13,72,2,1,-1,3,2,0.6031746031746031,0.6365141682928128,0.75,3.58351893845611,1.6874019747307842
4991,26,72,170584,13,72,1,0,-1,2,1,0.8,0.0,0.6666666666666666,0.0,1.206948960812582
4992,1,41,4992,13,41,1,1,41,2,1,0.7333333333333334,0.0,1.0,50.09230409724939,0.480453013918204
4993,3,165,21688,13,165,1,0,-1,2,1,1.0,0.0,1.0,0.0,0.4804530139182014
4994,1,90,9232,13,90,1,1,90,2,1,0.6666666666666666,0.0,0.6666666666666666,109.39026561857057,1.2069489608125767
4995,6,90,22480,13,90,1,0,-1,2,1,1.0,0.0,1.0,0.0,0.4804530139182014
4996,1,178,250504,13,178,2,1,-1,3,2,0.6031746031746031,0.6365141682928128,0.75,19.30388905340044,1.6874019747307965
4997,3,178,250504,13,178,1,0,-1,2,1,0.8,0.0,0.6666666666666666,0.0,1.206948960812582
4998,1,178,250504,13,178,1,1,-1,2,1,0.7333333333333334,0.0,1.0,3.295836866004329,0.48045301391820155
4999,11,90,33748,13,90,1,0,-1,2,1,1.0,0.0,1.0,0.0,0.4804530139182014
5000,1,28,5000,13,28,1,1,28,2,1,0.6190476190476191,0.0,0.6666666666666666,34.947298127208654,1.2069489608125925
5001,3,64,32056,13,64,0,0,-1,1,0,0.0,0.0,1.0,0.0,0.0
5002,1,28,7504,13,28,1,1,28,2,1,0.6666666666666666,0.0,0.6666666666666666,34.659616054756874,1.2069489608125925
5003,8,178,250504,13,178,0,0,-1,1,0,0.0,0.0,1.0,0.0,0.0
5004,1,28,5632,13,28,0,1,28,1,0,0.8,0.0,1.0,34.25415094664871,0.0
5005,3,28,15016,13,28,0,0,-1,1,0,0.0,0.0,1.0,0.0,0.0
5006,1,64,16900,13,64,0,1,-1,1,0,0.8,0.0,1.0,2.8903717578961645,0.0
5007,11,64,50704,13,64,0,0,-1,1,0,0.0,0.0,1.0,0.0,0.0
5008,1,134,9232,13,134,1,1,134,2,1,0.6666666666666666,0.0,0.6666666666666666,163.77052984145476,1.2069489608126394
5009,3,90,15028,13,90,0,0,-1,1,0,0.0,0.0,1.0,0.0,0.0
5010,1,90,12688,13,90,0,1,-1,1,0,0.8,0.0,1.0,8.383433201236715,0.0
5011,6,90,22552,13,90,0,0,-1,1,0,0.0,0.0,1.0,0.0,0.0
5012,1,134,9232,13,134,0,1,134,1,0,0.6666666666666666,0.0,1.0,163.6527468057984,0.0
5013,3,134,15040,13,134,0,0,-1,1,0,0.0,0.0,1.0,0.0,0.0
5014,1,41,11284,13,41,1,1,-1,2,1,0.6666666666666666,0.0,0.6666666666666666,3.295836866004329,1.2069489608125827
5015,8,41,33856,13,41,0,0,-1,1,0,0.0,0.0,1.0,0.0,0.0
5016,1,134,9232,13,134,0,1,134,1,0,0.8,0.0,1.0,163.3650647333466,0.0
5017,3,41,16936,13,41,0,0,-1,1,0,0.0,0.0,1.0,0.0,0.0
5018,1,134,9232,13,134,0,1,134,1,0,0.8,0.0,1.0,163.3650647333466,0.0
5019,16,64,57184,13,64,0,0,-1,1,0,0.0,0.0,1.0,0.0,0.0
5020,1,90,14308,13,90,1,1,-1,2,1,0.6666666666666666,0.0,0.6666666666666666,14.569641825137206,1.2069489608125807
5021,3,90,15064,13,90,0,0,-1,1,0,0.0,0.0,1.0,0.0,0.0
5022,1,90,25432,13,90,0,1,-1,1,0,0.8,0.0,1.0,2.8903717578961645,0.0
5023,21,90,85840,13,90,0,0,-1,1,0,0.0,0.0,1.0,0.0,0.0
5024,1,41,5024,13,41,0,1,41,1,0,0.6666666666666666,0.0,1.0,50.54988520649657,0.0
5025,3,116,39364,13,116,0,0,-1,1,0,0.0,0.0,1.0,0.0,0.0
5026,1,134,9232,13,134,1,1,134,2,1,0.6666666666666666,0.0,0.6666666666666666,163.48284776900297,1.2069489608126394
5027,6,134,22624,13,134,0,0,-1,1,0,0.0,0.0,1.0,0.0,0.0
5028,1,41,9556,13,41,0,1,41,1,0,0.8,0.0,1.0,49.39915691668945,0.0
5029,3,41,15088,13,41,0,0,-1,1,0,0.0,0.0,1.0,0.0,0.0
5030,1,41,11320,13,41,0,1,-1,1,0,0.8,0.0,1.0,2.8903717578961645,0.0
5031,19,116,103336,13,116,0,0,-1,1,0,0.0,0.0,1.0,0.0,0.0
5032,1,41,5032,13,41,1,1,41,2,1,0.6666666666666666,0.0,0.6666666666666666,50.955350314604736,1.2069489608125767
5033,3,90,86020,13,90,0,0,-1,1,0,0.0,0.0,1.0,0.0,0.0
5034,1,41,7552,13,41,0,1,41,1,0,0.8,0.0,1.0,50.26220313404479,0.0
5035,8,134,22660,13,134,0,0,-1,1,0,0.0,0.0,1.0,0.0,0.0
5036,1,85,8080,13,85,0,1,85,1,0,0.6666666666666666,0.0,1.0,102.62869284976652,0.0
5037,3,85,15112,13,85,0,0,-1,1,0,0.0,0.0,1.0,0.0,0.0
5038,1,85,17008,13,85,1,1,-1,2,1,0.6666666666666666,0.0,0.6666666666666666,3.295836866004329,1.2069489608125827
5039,13,134,51028,13,134,0,0,-1,1,0,0.0,0.0,1.0,0.0,0.0
5040,1,41,5040,13,41,0,1,41,1,0,0.8,0.0,1.0,49.97452106159301,0.0
5041,3,41,15124,13,41,0,0,-1,1,0,0.0,0.0,1.0,0.0,0.0
5042,1,41,8512,13,41,0,1,41,1,0,0.8,0.0,1.0,49.39915691668945,0.0
5043,6,41,22696,13,41,0,0,-1,1,0,0.0,0.0,1.0,0.0,0.0
5044,1,41,5044,13,41,1,1,41,2,1,0.6666666666666666,0.0,0.6666666666666666,50.667668242152956,1.2069489608125612
5045,3,41,15136,13,41,0,0,-1,1,0,0.0,0.0,1.0,0.0,0.0
5046,1,134,19168,13,134,0,1,-1,1,0,0.8,0.0,1.0,2.8903717578961645,0.0
5047,8,134,34072,13,134,0,0,-1,1,0,0.0,0.0,1.0,0.0,0.0
5048,1,41,5048,13,41,0,1,41,1,0,0.6666666666666666,0.0,1.0,50.54988520649657,0.0
5049,3,85,17044,13,85,0,0,-1,1,0,0.0,0.0,1.0,0.0,0.0
5050,1,41,7576,13,41,1,1,41,2,1,0.6666666666666666,0.0,0.6666666666666666,50.667668242152956,1.2069489608125612
5051,11,85,25576,13,85,0,0,-1,1,0,0.0,0.0,1.0,0.0,0.0
5052,1,178,138400,13,178,0,1,-1,1,0,0.8,0.0,1.0,8.671115273688494,0.0
5053,3,178,138400,13,178,0,0,-1,1,0,0.0,0.0,1.0,0.0,0.0
5054,1,178,138400,13,178,0,1,-1,1,0,0.8,0.0,1.0,2.8903717578961645,0.0
5055,34,85,145780,13,85,0,0,-1,1,0,0.0,0.0,1.0,0.0,0.0
5056,1,41,5056,13,41,1,1,41,2,1,0.6666666666666666,0.0,0.6666666666666666,50.955350314604736,1.2069489608125767
5057,3,72,15172,13,72,0,0,-1,1,0,0.0,0.0,1.0,0.0,0.0
5058,1,72,14416,13,72,0,1,-1,1,0,0.8,0.0,1.0,14.164176717029042,0.0
5059,6,72,22768,13,72,0,0,-1,1,0,0.0,0.0,1.0,0.0,0.0
5060,1,41,5060,13,41,0,1,41,1,0,0.6666666666666666,0.0,1.0,50.54988520649657,0.0
5061,3,41,15184,13,41,0,0,-1,1,0,0.0,0.0,1.0,0.0,0.0
5062,1,41,11392,13,41,1,1,-1,2,1,0.6666666666666666,0.0,0.6666666666666666,3.295836866004329,1.2069489608125827
5063,13,134,34180,13,134,0,0,-1,1,0,0.0,0.0,1.0,0.0,0.0
5064,1,33,5064,13,33,0,1,33,1,0,0.8,0.0,1.0,40.32257653489281,0.0
5065,3,72,25648,13,72,0,0,-1,1,0,0.0,0.0,1.0,0.0,0.0
5066,1,33,7600,13,33,0,1,33,1,0,0.8,0.0,1.0,40.32257653489281,0.0
5067,8,33,22804,13,33,0,0,-1,1,0,0.0,0.0,1.0,0.0,0.0
5068,1,33,5704,13,33,1,1,33,2,1,0.6666666666666666,0.0,0.6666666666666666,40.72804164300097,1.2069489608125767
5069,3,33,15208,13,33,0,0,-1,1,0,0.0,0.0,1.0,0.0,0.0
5070,1,85,61720,13,85,0,1,-1,1,0,0.8,0.0,1.0,2.8903717578961645,0.0
5071,16,85,61720,13,85,0,0,-1,1,0,0.0,0.0,1.0,0.0,0.0
5072,1,41,5072,13,41,0,1,41,1,0,0.6666666666666666,0.0,1.0,50.83756727894835,0.0
5073,3,33,15220,13,33,0,0,-1,1,0,0.0,0.0,1.0,0.0,0.0
5074,1,134,21688,13,134,1,1,-1,2,1,0.6666666666666666,0.0,0.6666666666666666,8.788898309344878,1.2069489608125807
5075,6,134,22840,13,134,0,0,-1,1,0,0.0,0.0,1.0,0.0,0.0
5076,1,41,5076,13,41,0,1,41,1,0,0.8,0.0,1.0,50.54988520649657,0.0
5077,3,41,15232,13,41,0,0,-1,1,0,0.0,0.0,1.0,0.0,0.0
5078,1,178,32560,13,178,0,1,-1,1,0,0.8,0.0,1.0,2.8903717578961645,0.0
5079,8,178,34288,13,178,0,0,-1,1,0,0.0,0.0,1.0,0.0,0.0
5080,1,33,5080,13,33,1,1,33,2,1,0.6666666666666666,0.0,0.6666666666666666,41.01572371545275,1.2069489608125925
5081,3,41,17152,13,41,0,0,-1,1,0,0.0,0.0,1.0,0.0,0.0
5082,1,33,7624,13,33,0,1,33,1,0,0.8,0.0,1.0,40.32257653489281,0.0
5083,13,85,38608,13,85,0,0,-1,1,0,0.0,0.0,1.0,0.0,0.0
5084,1,33,8584,13,33,0,1,33,1,0,0.6666666666666666,0.0,1.0,40.32257653489281,0.0
5085,3,33,15256,13,33,0,0,-1,1,0,0.0,0.0,1.0,0.0,0.0
5086,1,178,48904,13,178,1,1,-1,2,1,0.6666666666666666,0.0,0.6666666666666666,3.295836866004329,1.2069489608125827
5087,26,178,77272,13,178,0,0,-1,1,0,0.0,0.0,1.0,0.0,0.0
5088,1,59,9232,13,59,0,1,59,1,0,0.8,0.0,1.0,71.47563469232963,0.0
5089,3,85,28996,13,85,0,0,-1,1,0,0.0,0.0,1.0,0.0,0.0
5090,1,41,7636,13,41,0,1,41,1,0,0.8,0.0,1.0,49.97452106159301,0.0
5091,6,41,22912,13,41,0,0,-1,1,0,0.0,0.0,1.0,0.0,0.0
5092,1,33,5092,13,33,1,1,33,2,1,0.6666666666666666,0.0,0.6666666666666666,41.01572371545275,1.2069489608125767
5093,3,33,15280,13,33,0,0,-1,1,0,0.0,0.0,1.0,0.0,0.0
5094,1,33,11464,13,33,0,1,-1,1,0,0.8,0.0,1.0,2.8903717578961645,0.0
5095,16,72,58048,13,72,0,0,-1,1,0,0.0,0.0,1.0,0.0,0.0
5096,1,59,9232,13,59,0,1,59,1,0,0.6666666666666666,0.0,1.0,72.0509988372332,0.0
5097,3,178,98008,13,178,0,0,-1,1,0,0.0,0.0,1.0,0.0,0.0
5098,1,59,9232,13,59,1,1,59,2,1,0.6666666666666666,0.0,0.6666666666666666,72.16878187288958,1.2069489608125767
5099,8,116,176740,13,116,0,0,-1,1,0,0.0,0.0,1.0,0.0,0.0
5100,1,85,39364,13,85,0,1,-1,1,0,0.8,0.0,1.0,18.035377727936933,0.0
5101,3,85,39364,13,85,0,0,-1,1,0,0.0,0.0,1.0,0.0,0.0
5102,1,85,39364,13,85,0,1,-1,1,0,0.8,0.0,1.0,2.8903717578961645,0.0
5103,21,85,87208,13,85,0,0,-1,1,0,0.0,0.0,1.0,0.0,0.0
5104,1,59,9232,13,59,1,1,59,2,1,0.6666666666666666,0.0,0.6666666666666666,72.16878187288958,1.2069489608125767
5105,3,59,15316,13,59,0,0,-1,1,0,0.0,0.0,1.0,0.0,0.0
5106,1,178,1276936,13,178,0,1,-1,1,0,0.8,0.0,1.0,28.158454397262698,0.0
5107,6,178,1276936,13,178,0,0,-1,1,0,0.0,0.0,1.0,0.0,0.0
5108,1,59,9232,13,59,0,1,59,1,0,0.6666666666666666,0.0,1.0,72.0509988372332,0.0
5109,3,59,15328,13,59,0,0,-1,1,0,0.0,0.0,1.0,0.0,0.0
5110,1,59,14560,13,59,1,1,-1,2,1,0.6666666666666666,0.0,0.6666666666666666,3.295836866004329,1.2069489608125827
5111,8,59,34504,13,59,0,0,-1,1,0,0.0,0.0,1.0,0.0,0.0
5112,1,134,41524,13,134,0,1,-1,1,0,0.8,0.0,1.0,14.739540861932603,0.0
5113,3,134,32776,13,134,0,0,-1,1,0,0.0,0.0,1.0,0.0,0.0
5114,1,134,41524,13,134,0,1,-1,1,0,0.8,0.0,1.0,14.739540861932603,0.0
5115,19,59,29140,13,59,0,0,-1,1,0,0.0,0.0,1.0,0.0,0.0
5116,1,134,65608,13,134,1,1,-1,2,1,0.6666666666666666,0.0,0.6666666666666666,9.07658038179666,1.2069489608125807
5117,3,134,65608,13,134,0,0,-1,1,0,0.0,0.0,1.0,0.0,0.0
5118,1,116,897856,13,116,0,1,-1,1,0,0.8,0.0,1.0,2.8903717578961645,0.0
5119,65,116,897856,13,116,0,0,-1,1,0,0.0,0.0,1.0,0.0,0.0
5120,1,15,5120,13,15,0,1,15,1,0,0.6666666666666666,0.0,1.0,18.821462904156146,0.0
5121,3,41,15364,13,41,0,0,-1,1,0,0.0,0.0,1.0,0.0,0.0
5122,1,147,9232,13,147,1,1,147,2,1,0.6666666666666666,0.0,0.6666666666666666,178.62785373904376,1.2069489608125767
5123,6,147,23056,13,147,0,0,-1,1,0,0.0,0.0,1.0,0.0,0.0
5124,1,54,5124,13,54,0,1,54,1,0,0.8,0.0,1.0,65.6948911765373,0.0
5125,3,54,15376,13,54,0,0,-1,1,0,0.0,0.0,1.0,0.0,0.0
5126,1,54,11536,13,54,0,1,-1,1,0,0.8,0.0,1.0,2.8903717578961645,0.0
5127,11,147,34612,13,147,0,0,-1,1,0,0.0,0.0,1.0,0.0,0.0
5128,1,54,5128,13,54,1,1,54,2,1,0.6666666666666666,0.0,0.6666666666666666,66.38803835709724,1.2069489608125767
5129,3,147,25972,13,147,0,0,-1,1,0,0.0,0.0,1.0,0.0,0.0
5130,1,54,7696,13,54,0,1,54,1,0,0.8,0.0,1.0,65.6948911765373,0.0
5131,8,54,23092,13,54,0,0,-1,1,0,0.0,0.0,1.0,0.0,0.0
5132,1,54,5776,13,54,0,1,54,1,0,0.6666666666666666,0.0,1.0,65.98257324898908,0.0
5133,3,54,15400,13,54,0,0,-1,1,0,0.0,0.0,1.0,0.0,0.0
5134,1,147,17332,13,147,1,1,-1,2,1,0.6666666666666666,0.0,0.6666666666666666,3.295836866004329,1.2069489608125827
5135,11,147,52000,13,147,0,0,-1,1,0,0.0,0.0,1.0,0.0,0.0
5136,1,28,5136,13,28,0,1,28,1,0,0.8,0.0,1.0,33.96646887419693,0.0
5137,3,54,15412,13,54,0,0,-1,1,0,0.0,0.0,1.0,0.0,0.0
5138,1,54,13012,13,54,0,1,-1,1,0,0.8,0.0,1.0,8.383433201236715,0.0
5139,6,54,23128,13,54,0,0,-1,1,0,0.0,0.0,1.0,0.0,0.0
5140,1,28,5140,13,28,1,1,28,2,1,0.6666666666666666,0.0,0.6666666666666666,34.659616054756874,1.2069489608125767
5141,3,28,15424,13,28,0,0,-1,1,0,0.0,0.0,1.0,0.0,0.0
5142,1,54,11572,13,54,0,1,-1,1,0,0.8,0.0,1.0,2.8903717578961645,0.0
5143,8,54,34720,13,54,0,0,-1,1,0,0.0,0.0,1.0,0.0,0.0
5144,1,28,5144,13,28,0,1,28,1,0,0.6666666666666666,0.0,1.0,34.54183301910049,0.0
5145,3,59,17368,13,59,0,0,-1,1,0,0.0,0.0,1.0,0.0,0.0
5146,1,28,7720,13,28,1,1,28,2,1,0.6666666666666666,0.0,0.6666666666666666,34.659616054756874,1.2069489608125767
5147,57,116,250504,13,116,0,0,-1,1,0,0.0,0.0,1.0,0.0,0.0
5148,1,147,9232,13,147,0,1,147,1,0,0.8,0.0,1.0,177.64702448603205,0.0
5149,3,147,15448,13,147,0,0,-1,1,0,0.0,0.0,1.0,0.0,0.0
5150,1,147,26080,13,147,0,1,-1,1,0,0.8,0.0,1.0,2.8903717578961645,0.0
5151,60,90,237976,13,90,0,0,-1,1,0,0.0,0.0,1.0,0.0,0.0
5152,1,103,9232,13,103,1,1,103,2,1,0.6666666666666666,0.0,0.6666666666666666,125.97368195087024,1.2069489608125767
5153,3,147,24784,13,147,0,0,-1,1,0,0.0,0.0,1.0,0.0,0.0
5154,1,28,7732,13,28,0,1,28,1,0,0.8,0.0,1.0,33.96646887419693,0.0
5155,6,28,23200,13,28,0,0,-1,1,0,0.0,0.0,1.0,0.0,0.0
5156,1,147,9232,13,147,0,1,147,1,0,0.6666666666666666,0.0,1.0,178.79775277583914,0.0
5157,3,147,15472,13,147,0,0,-1,1,0,0.0,0.0,1.0,0.0,0.0
5158,1,147,11608,13,147,1,1,-1,2,1,0.6666666666666666,0.0,0.6666666666666666,3.295836866004329,1.2069489608125827
5159,13,147,39184,13,147,0,0,-1,1,0,0.0,0.0,1.0,0.0,0.0
5160,1,103,9232,13,103,0,1,103,1,0,0.8,0.0,1.0,125.2805347703103,0.0
5161,3,116,58804,13,116,0,0,-1,1,0,0.0,0.0,1.0,0.0,0.0
5162,1,103,9232,13,103,0,1,103,1,0,0.8,0.0,1.0,125.2805347703103,0.0
5163,8,54,23236,13,54,0,0,-1,1,0,0.0,0.0,1.0,0.0,0.0
5164,1,54,5812,13,54,1,1,54,2,1,0.6666666666666666,0.0,0.6666666666666666,66.10035628464547,1.2069489608125457
5165,3,54,15496,13,54,0,0,-1,1,0,0.0,0.0,1.0,0.0,0.0
5166,1,54,17440,13,54,0,1,-1,1,0,0.8,0.0,1.0,2.8903717578961645,0.0
5167,29,178,55888,13,178,0,0,-1,1,0,0.0,0.0,1.0,0.0,0.0
5168,1,103,9232,13,103,0,1,103,1,0,0.6666666666666666,0.0,1.0,125.85589891521386,0.0
5169,3,54,15508,13,54,0,0,-1,1,0,0.0,0.0,1.0,0.0,0.0
5170,1,54,8728,13,54,1,1,54,2,1,0.6666666666666666,0.0,0.6666666666666666,65.81267421219368,1.2069489608125767
5171,6,54,23272,13,54,0,0,-1,1,0,0.0,0.0,1.0,0.0,0.0
5172,1,103,9232,13,103,0,1,103,1,0,0.8,0.0,1.0,125.56821684276208,0.0
5173,3,103,15520,13,103,0,0,-1,1,0,0.0,0.0,1.0,0.0,0.0
5174,1,147,44224,13,147,0,1,-1,1,0,0.8,0.0,1.0,2.8903717578961645,0.0
5175,8,147,44224,13,147,0,0,-1,1,0,0.0,0.0,1.0,0.0,0.0
5176,1,41,5176,13,41,1,1,41,2,1,0.6666666666666666,0.0,0.6666666666666666,50.95535031460473,1.2069489608125925
5177,3,54,17476,13,54,0,0,-1,1,0,0.0,0.0,1.0,0.0,0.0
5178,1,41,7768,13,41,0,1,41,1,0,0.8,0.0,1.0,50.26220313404479,0.0
5179,11,116,95956,13,116,0,0,-1,1,0,0.0,0.0,1.0,0.0,0.0
5180,1,41,13120,13,41,0,1,-1,1,0,0.6666666666666666,0.0,1.0,8.958797346140276,0.0
5181,3,41,15544,13,41,0,0,-1,1,0,0.0,0.0,1.0,0.0,0.0
5182,1,54,39364,13,54,1,1,-1,2,1,0.6666666666666666,0.0,0.6666666666666666,3.295836866004329,1.2069489608125827
5183,19,54,118096,13,54,0,0,-1,1,0,0.0,0.0,1.0,0.0,0.0
5184,1,28,5184,13,28,0,1,28,1,0,0.8,0.0,1.0,33.96646887419693,0.0
5185,3,41,15556,13,41,0,0,-1,1,0,0.0,0.0,1.0,0.0,0.0
5186,1,41,7780,13,41,0,1,41,1,0,0.8,0.0,1.0,49.68683898914123,0.0
5187,6,41,23344,13,41,0,0,-1,1,0,0.0,0.0,1.0,0.0,0.0
5188,1,103,9232,13,103,1,1,103,2,1,0.6666666666666666,0.0,0.6666666666666666,125.97368195087024,1.2069489608125767
5189,3,103,15568,13,103,0,0,-1,1,0,0.0,0.0,1.0,0.0,0.0
5190,1,103,11680,13,103,0,1,-1,1,0,0.8,0.0,1.0,2.8903717578961645,0.0
5191,21,72,94768,13,72,0,0,-1,1,0,0.0,0.0,1.0,0.0,0.0
5192,1,147,9232,13,147,0,1,147,1,0,0.6666666666666666,0.0,1.0,179.37311692074272,0.0
5193,3,85,26296,13,85,0,0,-1,1,0,0.0,0.0,1.0,0.0,0.0
5194,1,147,9232,13,147,1,1,147,2,1,0.6666666666666666,0.0,0.6666666666666666,179.4908999563991,1.2069489608126394
5195,8,103,23380,13,103,0,0,-1,1,0,0.0,0.0,1.0,0.0,0.0
5196,1,147,9232,13,147,0,1,147,1,0,0.8,0.0,1.0,179.08543484829093,0.0
5197,3,147,15592,13,147,0,0,-1,1,0,0.0,0.0,1.0,0.0,0.0
5198,1,147,19744,13,147,0,1,-1,1,0,0.8,0.0,1.0,2.8903717578961645,0.0
5199,13,147,52648,13,147,0,0,-1,1,0,0.0,0.0,1.0,0.0,0.0
5200,1,28,5200,13,28,1,1,28,2,1,0.6666666666666666,0.0,0.6666666666666666,34.947298127208654,1.2069489608125767
5201,3,147,15604,13,147,0,0,-1,1,0,0.0,0.0,1.0,0.0,0.0
5202,1,178,33352,13,178,0,1,-1,1,0,0.8,0.0,1.0,8.383433201236715,0.0
5203,6,178,33352,13,178,0,0,-1,1,0,0.0,0.0,1.0,0.0,0.0
5204,1,28,5204,13,28,0,1,28,1,0,0.6666666666666666,0.0,1.0,34.829515091552274,0.0
5205,3,28,15616,13,28,0,0,-1,1,0,0.0,0.0,1.0,0.0,0.0
5206,1,103,11716,13,103,1,1,-1,2,1,0.6666666666666666,0.0,0.6666666666666666,3.295836866004329,1.2069489608125827
5207,8,103,35152,13,103,0,0,-1,1,0,0.0,0.0,1.0,0.0,0.0
5208,1,103,9232,13,103,0,1,103,1,0,0.8,0.0,1.0,125.56821684276208,0.0
5209,3,41,17584,13,41,0,0,-1,1,0,0.0,0.0,1.0,0.0,0.0
5210,1,103,9232,13,103,0,1,103,1,0,0.8,0.0,1.0,125.56821684276208,0.0
5211,32,134,84544,13,134,0,0,-1,1,0,0.0,0.0,1.0,0.0,0.0
5212,1,103,9232,13,103,1,1,103,2,1,0.6666666666666666,0.0,0.6666666666666666,125.68599987841846,1.2069489608125767
5213,3,103,15640,13,103,0,0,-1,1,0,0.0,0.0,1.0,0.0,0.0
5214,1,85,33424,13,85,0,1,-1,1,0,0.8,0.0,1.0,2.8903717578961645,0.0
5215,13,85,79216,13,85,0,0,-1,1,0,0.0,0.0,1.0,0.0,0.0
5216,1,28,5216,13,28,0,1,28,1,0,0.6666666666666666,0.0,1.0,34.829515091552274,0.0
5217,3,147,19816,13,147,0,0,-1,1,0,0.0,0.0,1.0,0.0,0.0
5218,1,54,7828,13,54,1,1,54,2,1,0.6666666666666666,0.0,0.6666666666666666,66.10035628464546,1.2069489608125767
5219,6,54,23488,13,54,0,0,-1,1,0,0.0,0.0,1.0,0.0,0.0
5220,1,54,5220,13,54,0,1,54,1,0,0.8,0.0,1.0,66.27025532144086,0.0
5221,3,54,15664,13,54,0,0,-1,1,0,0.0,0.0,1.0,0.0,0.0
5222,1,54,11752,13,54,0,1,-1,1,0,0.8,0.0,1.0,2.8903717578961645,0.0
5223,32,59,100420,13,59,0,0,-1,1,0,0.0,0.0,1.0,0.0,0.0
5224,1,28,5224,13,28,1,1,28,2,1,0.6666666666666666,0.0,0.6666666666666666,35.234980199660434,1.2069489608125767
5225,3,85,80512,13,85,0,0,-1,1,0,0.0,0.0,1.0,0.0,0.0
5226,1,28,7840,13,28,0,1,28,1,0,0.8,0.0,1.0,34.541833019100494,0.0
5227,8,54,23524,13,54,0,0,-1,1,0,0.0,0.0,1.0,0.0,0.0
5228,1,178,190996,13,178,0,1,-1,1,0,0.6666666666666666,0.0,1.0,14.739540861932603,0.0
5229,3,178,190996,13,178,0,0,-1,1,0,0.0,0.0,1.0,0.0,0.0
5230,1,178,190996,13,178,1,1,-1,2,1,0.6666666666666666,0.0,0.6666666666666666,3.295836866004329,1.2069489608125827
5231,24,129,67048,13,129,0,0,-1,1,0,0.0,0.0,1.0,0.0,0.0
5232,1,147,9232,13,147,0,1,147,1,0,0.8,0.0,1.0,178.2223886309356,0.0
5233,3,28,15700,13,28,0,0,-1,1,0,0.0,0.0,1.0,0.0,0.0
5234,1,85,9448,13,85,0,1,85,1,0,0.8,0.0,1.0,102.34101077731475,0.0
5235,6,85,23560,13,85,0,0,-1,1,0,0.0,0.0,1.0,0.0,0.0
5236,1,147,9232,13,147,1,1,147,2,1,0.6666666666666666,0.0,0.6666666666666666,178.91553581149554,1.2069489608125767
5237,3,147,15712,13,147,0,0,-1,1,0,0.0,0.0,1.0,0.0,0.0
5238,1,103,13264,13,103,0,1,-1,1,0,0.8,0.0,1.0,2.8903717578961645,0.0
5239,8,103,35368,13,103,0,0,-1,1,0,0.0,0.0,1.0,0.0,0.0
5240,1,147,9232,13,147,0,1,147,1,0,0.6666666666666666,0.0,1.0,178.51007070338738,0.0
5241,3,85,85048,13,85,0,0,-1,1,0,0.0,0.0,1.0,0.0,0.0
5242,1,147,9232,13,147,1,1,147,2,1,0.6666666666666666,0.0,0.6666666666666666,178.62785373904376,1.2069489608125767
5243,13,54,26548,13,54,0,0,-1,1,0,0.0,0.0,1.0,0.0,0.0
5244,1,103,19924,13,103,0,1,-1,1,0,0.8,0.0,1.0,8.671115273688494,0.0
5245,3,103,19924,13,103,0,0,-1,1,0,0.0,0.0,1.0,0.0,0.0
5246,1,103,59776,13,103,0,1,-1,1,0,0.8,0.0,1.0,2.8903717578961645,0.0
5247,32,85,179332,13,85,0,0,-1,1,0,0.0,0.0,1.0,0.0,0.0
5248,1,116,9232,13,116,1,1,116,2,1,0.6666666666666666,0.0,0.6666666666666666,141.98173413826632,1.2069489608125767
5249,3,129,345544,13,129,0,0,-1,1,0,0.0,0.0,1.0,0.0,0.0
5250,1,28,7876,13,28,0,1,28,1,0,0.8,0.0,1.0,33.67878680174515,0.0
5251,6,28,23632,13,28,0,0,-1,1,0,0.0,0.0,1.0,0.0,0.0
5252,1,28,5252,13,28,0,1,28,1,0,0.6666666666666666,0.0,1.0,34.54183301910049,0.0
5253,3,28,15760,13,28,0,0,-1,1,0,0.0,0.0,1.0,0.0,0.0
5254,1,28,11824,13,28,1,1,-1,2,1,0.6666666666666666,0.0,0.6666666666666666,3.295836866004329,1.2069489608125827
5255,11,85,95956,13,85,0,0,-1,1,0,0.0,0.0,1.0,0.0,0.0
5256,1,54,5256,13,54,0,1,54,1,0,0.8,0.0,1.0,65.98257324898908,0.0
5257,3,178,575728,13,178,0,0,-1,1,0,0.0,0.0,1.0,0.0,0.0
5258,1,54,7888,13,54,0,1,54,1,0,0.8,0.0,1.0,65.98257324898908,0.0
5259,8,103,23668,13,103,0,0,-1,1,0,0.0,0.0,1.0,0.0,0.0
5260,1,54,5920,13,54,1,1,54,2,1,0.6666666666666666,0.0,0.6666666666666666,66.38803835709724,1.206948960812608
5261,3,54,15784,13,54,0,0,-1,1,0,0.0,0.0,1.0,0.0,0.0
5262,1,191,250504,13,191,0,1,-1,1,0,0.8,0.0,1.0,2.8903717578961645,0.0
5263,11,191,250504,13,191,0,0,-1,1,0,0.0,0.0,1.0,0.0,0.0
5264,1,54,5264,13,54,0,1,54,1,0,0.6666666666666666,0.0,1.0,66.55793739389264,0.0
5265,3,41,15796,13,41,0,0,-1,1,0,0.0,0.0,1.0,0.0,0.0
5266,1,41,13336,13,41,1,1,-1,2,1,0.6666666666666666,0.0,0.6666666666666666,8.788898309344878,1.2069489608125807
5267,6,41,23704,13,41,0,0,-1,1,0,0.0,0.0,1.0,0.0,0.0
5268,1,54,5268,13,54,0,1,54,1,0,0.8,0.0,1.0,66.27025532144086,0.0
5269,3,54,15808,13,54,0,0,-1,1,0,0.0,0.0,1.0,0.0,0.0
5270,1,54,11860,13,54,0,1,-1,1,0,0.8,0.0,1.0,2.8903717578961645,0.0
5271,8,54,35584,13,54,0,0,-1,1,0,0.0,0.0,1.0,0.0,0.0
5272,1,54,5272,13,54,1,1,54,2,1,0.6666666666666666,0.0,0.6666666666666666,66.9634025020008,1.206948960812608
5273,3,147,17800,13,147,0,0,-1,1,0,0.0,0.0,1.0,0.0,0.0
5274,1,54,7912,13,54,0,1,54,1,0,0.8,0.0,1.0,66.27025532144086,0.0
5275,21,103,60100,13,103,0,0,-1,1,0,0.0,0.0,1.0,0.0,0.0
5276,1,147,10024,13,147,0,1,-1,1,0,0.6666666666666666,0.0,1.0,12.254634212144603,0.0
5277,3,147,15832,13,147,0,0,-1,1,0,0.0,0.0,1.0,0.0,0.0
5278,1,147,26728,13,147,1,1,-1,2,1,0.6666666666666666,0.0,0.6666666666666666,3.295836866004329,1.2069489608125827
5279,37,77,202984,13,77,0,0,-1,1,0,0.0,0.0,1.0,0.0,0.0
5280,1,116,9232,13,116,0,1,116,1,0,0.8,0.0,1.0,141.00090488525458,0.0
5281,3,54,33856,13,54,0,0,-1,1,0,0.0,0.0,1.0,0.0,0.0
5282,1,103,14308,13,103,0,1,-1,1,0,0.8,0.0,1.0,29.30918268706982,0.0
5283,6,103,23776,13,103,0,0,-1,1,0,0.0,0.0,1.0,0.0,0.0
5284,1,103,15064,13,103,1,1,-1,2,1,0.6666666666666666,0.0,0.6666666666666666,12.947781392704549,1.2069489608125807
5285,3,103,15856,13,103,0,0,-1,1,0,0.0,0.0,1.0,0.0,0.0
5286,1,103,15064,13,103,0,1,-1,1,0,0.8,0.0,1.0,2.8903717578961645,0.0
5287,29,77,67768,13,77,0,0,-1,1,0,0.0,0.0,1.0,0.0,0.0
5288,1,116,9232,13,116,0,1,116,1,0,0.6666666666666666,0.0,1.0,141.57626903015816,0.0
5289,3,54,135592,13,54,0,0,-1,1,0,0.0,0.0,1.0,0.0,0.0
5290,1,116,9232,13,116,1,1,116,2,1,0.6666666666666666,0.0,0.6666666666666666,141.69405206581456,1.2069489608125143
5291,8,54,23812,13,54,0,0,-1,1,0,0.0,0.0,1.0,0.0,0.0
5292,1,54,5956,13,54,0,1,54,1,0,0.8,0.0,1.0,65.98257324898908,0.0
5293,3,54,15880,13,54,0,0,-1,1,0,0.0,0.0,1.0,0.0,0.0
5294,1,54,17872,13,54,0,1,-1,1,0,0.8,0.0,1.0,2.8903717578961645,0.0
5295,13,147,53620,13,147,0,0,-1,1,0,0.0,0.0,1.0,0.0,0.0
5296,1,28,5296,13,28,1,1,28,2,1,0.6666666666666666,0.0,0.6666666666666666,34.947298127208654,1.2069489608125767
5297,3,98,15892,13,98,0,0,-1,1,0,0.0,0.0,1.0,0.0,0.0
5298,1,98,8944,13,98,0,1,98,1,0,0.8,0.0,1.0,117.4860167473555,0.0
5299,6,98,23848,13,98,0,0,-1,1,0,0.0,0.0,1.0,0.0,0.0
5300,1,28,5300,13,28,0,1,28,1,0,0.6666666666666666,0.0,1.0,34.829515091552274,0.0
5301,3,28,15904,13,28,0,0,-1,1,0,0.0,0.0,1.0,0.0,0.0
5302,1,147,22660,13,147,1,1,-1,2,1,0.6666666666666666,0.0,0.6666666666666666,3.295836866004329,1.2069489608125827
5303,8,147,35800,13,147,0,0,-1,1,0,0.0,0.0,1.0,0.0,0.0
5304,1,28,5304,13,28,0,1,28,1,0,0.8,0.0,1.0,34.541833019100494,0.0
5305,3,98,17908,13,98,0,0,-1,1,0,0.0,0.0,1.0,0.0,0.0
5306,1,28,7960,13,28,0,1,28,1,0,0.8,0.0,1.0,34.541833019100494,0.0
5307,11,147,51028,13,147,0,0,-1,1,0,0.0,0.0,1.0,0.0,0.0
5308,1,54,13444,13,54,1,1,-1,2,1,0.6666666666666666,0.0,0.6666666666666666,9.07658038179666,1.2069489608125807
5309,3,54,15928,13,54,0,0,-1,1,0,0.0,0.0,1.0,0.0,0.0
5310,1,54,40336,13,54,0,1,-1,1,0,0.8,0.0,1.0,2.8903717578961645,0.0
5311,24,98,121012,13,98,0,0,-1,1,0,0.0,0.0,1.0,0.0,0.0
5312,1,116,9232,13,116,0,1,116,1,0,0.6666666666666666,0.0,1.0,141.86395110260995,0.0
5313,3,54,15940,13,54,0,0,-1,1,0,0.0,0.0,1.0,0.0,0.0
5314,1,54,10096,13,54,1,1,-1,2,1,0.6666666666666666,0.0,0.6666666666666666,12.372417247800987,1.2069489608125807
5315,6,54,23920,13,54,0,0,-1,1,0,0.0,0.0,1.0,0.0,0.0
5316,1,54,5316,13,54,0,1,54,1,0,0.8,0.0,1.0,66.27025532144086,0.0
5317,3,54,15952,13,54,0,0,-1,1,0,0.0,0.0,1.0,0.0,0.0
5318,1,54,11968,13,54,0,1,-1,1,0,0.8,0.0,1.0,2.8903717578961645,0.0
5319,13,54,35908,13,54,0,0,-1,1,0,0.0,0.0,1.0,0.0,0.0
5320,1,54,5320,13,54,1,1,54,2,1,0.6666666666666666,0.0,0.6666666666666666,66.9634025020008,1.206948960812608
5321,3,54,26944,13,54,0,0,-1,1,0,0.0,0.0,1.0,0.0,0.0
5322,1,54,7984,13,54,0,1,54,1,0,0.8,0.0,1.0,66.27025532144086,0.0
5323,8,54,23956,13,54,0,0,-1,1,0,0.0,0.0,1.0,0.0,0.0
5324,1,54,5992,13,54,0,1,54,1,0,0.6666666666666666,0.0,1.0,66.55793739389264,0.0
5325,3,54,15976,13,54,0,0,-1,1,0,0.0,0.0,1.0,0.0,0.0
5326,1,85,45520,13,85,1,1,-1,2,1,0.6666666666666666,0.0,0.6666666666666666,3.295836866004329,1.2069489608125827
5327,19,85,53944,13,85,0,0,-1,1,0,0.0,0.0,1.0,0.0,0.0
5328,1,116,9232,13,116,0,1,116,1,0,0.8,0.0,1.0,141.2885869577064,0.0
5329,3,54,15988,13,54,0,0,-1,1,0,0.0,0.0,1.0,0.0,0.0
5330,1,54,20248,13,54,0,1,-1,1,0,0.8,0.0,1.0,8.383433201236715,0.0
5331,6,54,23992,13,54,0,0,-1,1,0,0.0,0.0,1.0,0.0,0.0
5332,1,116,9232,13,116,1,1,116,2,1,0.6666666666666666,0.0,0.6666666666666666,141.98173413826635,1.2069489608125143
5333,3,116,16000,13,116,0,0,-1,1,0,0.0,0.0,1.0,0.0,0.0
5334,1,46,12004,13,46,0,1,-1,1,0,0.8,0.0,1.0,2.8903717578961645,0.0
5335,8,46,36016,13,46,0,0,-1,1,0,0.0,0.0,1.0,0.0,0.0
5336,1,147,21688,13,147,0,1,-1,1,0,0.6666666666666666,0.0,1.0,24.10380331618105,0.0
5337,3,54,18016,13,54,0,0,-1,1,0,0.0,0.0,1.0,0.0,0.0
5338,1,147,21688,13,147,1,1,-1,2,1,0.6666666666666666,0.0,0.6666666666666666,24.221586351837434,1.2069489608125845
5339,13,46,40552,13,46,0,0,-1,1,0,0.0,0.0,1.0,0.0,0.0
5340,1,147,21688,13,147,0,1,-1,1,0,0.8,0.0,1.0,23.528439171277487,0.0
5341,3,147,21688,13,147,0,0,-1,1,0,0.0,0.0,1.0,0.0,0.0
5342,1,46,30436,13,46,0,1,-1,1,0,0.8,0.0,1.0,2.8903717578961645,0.0
5343,26,46,81160,13,46,0,0,-1,1,0,0.0,0.0,1.0,0.0,0.0
5344,1,72,9232,13,72,1,1,72,2,1,0.6666666666666666,0.0,0.6666666666666666,88.1768340602857,1.2069489608125767
5345,3,160,250504,13,160,0,0,-1,1,0,0.0,0.0,1.0,0.0,0.0
5346,1,116,9232,13,116,0,1,116,1,0,0.8,0.0,1.0,141.00090488525458,0.0
5347,6,116,24064,13,116,0,0,-1,1,0,0.0,0.0,1.0,0.0,0.0
5348,1,46,8584,13,46,0,1,46,1,0,0.6666666666666666,0.0,1.0,56.042946649837106,0.0
5349,3,46,16048,13,46,0,0,-1,1,0,0.0,0.0,1.0,0.0,0.0
5350,1,46,12040,13,46,1,1,-1,2,1,0.6666666666666666,0.0,0.6666666666666666,3.295836866004329,1.2069489608125827
5351,47,191,146500,13,191,0,0,-1,1,0,0.0,0.0,1.0,0.0,0.0
5352,1,72,9232,13,72,0,1,72,1,0,0.8,0.0,1.0,87.48368687972575,0.0
5353,3,46,40660,13,46,0,0,-1,1,0,0.0,0.0,1.0,0.0,0.0
5354,1,72,9232,13,72,0,1,72,1,0,0.8,0.0,1.0,87.48368687972575,0.0
5355,8,98,34324,13,98,0,0,-1,1,0,0.0,0.0,1.0,0.0,0.0
5356,1,28,6784,13,28,1,1,28,2,1,0.6666666666666666,0.0,0.6666666666666666,34.371933982305094,1.2069489608125767
5357,3,28,16072,13,28,0,0,-1,1,0,0.0,0.0,1.0,0.0,0.0
5358,1,28,18088,13,28,0,1,-1,1,0,0.8,0.0,1.0,2.8903717578961645,0.0
5359,34,191,695464,13,191,0,0,-1,1,0,0.0,0.0,1.0,0.0,0.0
5360,1,72,9232,13,72,0,1,72,1,0,0.6666666666666666,0.0,1.0,88.05905102462931,0.0
5361,3,72,16084,13,72,0,0,-1,1,0,0.0,0.0,1.0,0.0,0.0
5362,1,46,15280,13,46,1,1,-1,2,1,0.6666666666666666,0.0,0.6666666666666666,12.084735175349206,1.2069489608125807
5363,6,46,24136,13,46,0,0,-1,1,0,0.0,0.0,1.0,0.0,0.0
5364,1,72,9232,13,72,0,1,72,1,0,0.8,0.0,1.0,87.77136895217754,0.0
5365,3,72,16096,13,72,0,0,-1,1,0,0.0,0.0,1.0,0.0,0.0
5366,1,72,13588,13,72,0,1,-1,1,0,0.8,0.0,1.0,2.8903717578961645,0.0
5367,8,72,36232,13,72,0,0,-1,1,0,0.0,0.0,1.0,0.0,0.0
5368,1,98,39364,13,98,1,1,-1,2,1,0.6666666666666666,0.0,0.6666666666666666,13.235463465156329,1.2069489608125845
5369,3,72,20392,13,72,0,0,-1,1,0,0.0,0.0,1.0,0.0,0.0
5370,1,98,39364,13,98,0,1,-1,1,0,0.8,0.0,1.0,12.542316284596385,0.0
5371,21,129,176740,13,129,0,0,-1,1,0,0.0,0.0,1.0,0.0,0.0
5372,1,98,39364,13,98,0,1,-1,1,0,0.6666666666666666,0.0,1.0,8.958797346140276,0.0
5373,3,98,39364,13,98,0,0,-1,1,0,0.0,0.0,1.0,0.0,0.0
5374,1,98,103336,13,98,1,1,-1,2,1,0.6666666666666666,0.0,0.6666666666666666,3.295836866004329,1.2069489608125827
5375,26,98,275560,13,98,0,0,-1,1,0,0.0,0.0,1.0,0.0,0.0
5376,1,15,5376,13,15,0,1,15,1,0,0.8,0.0,1.0,17.670734614349023,0.0
5377,3,72,16132,13,72,0,0,-1,1,0,0.0,0.0,1.0,0.0,0.0
5378,1,72,14560,13,72,0,1,-1,1,0,0.8,0.0,1.0,17.747695655485153,0.0
5379,6,72,24208,13,72,0,0,-1,1,0,0.0,0.0,1.0,0.0,0.0
5380,1,116,9232,13,116,1,1,116,2,1,0.6666666666666666,0.0,0.6666666666666666,141.69405206581456,1.2069489608125143
5381,3,116,16144,13,116,0,0,-1,1,0,0.0,0.0,1.0,0.0,0.0
5382,1,116,12112,13,116,0,1,-1,1,0,0.8,0.0,1.0,2.8903717578961645,0.0
5383,11,72,36340,13,72,0,0,-1,1,0,0.0,0.0,1.0,0.0,0.0
5384,1,67,5384,13,67,0,1,67,1,0,0.6666666666666666,0.0,1.0,81.70294336393341,0.0
5385,3,147,32776,13,147,0,0,-1,1,0,0.0,0.0,1.0,0.0,0.0
5386,1,67,8080,13,67,1,1,67,2,1,0.6666666666666666,0.0,0.6666666666666666,81.8207263995898,1.2069489608125767
5387,8,147,65608,13,147,0,0,-1,1,0,0.0,0.0,1.0,0.0,0.0
5388,1,67,6064,13,67,0,1,67,1,0,0.8,0.0,1.0,81.41526129148164,0.0
5389,3,67,16168,13,67,0,0,-1,1,0,0.0,0.0,1.0,0.0,0.0
5390,1,28,18196,13,28,0,1,-1,1,0,0.8,0.0,1.0,2.8903717578961645,0.0
5391,11,28,54592,13,28,0,0,-1,1,0,0.0,0.0,1.0,0.0,0.0
5392,1,116,9232,13,116,1,1,116,2,1,0.6666666666666666,0.0,0.6666666666666666,141.98173413826635,1.2069489608125143
5393,3,67,16180,13,67,0,0,-1,1,0,0.0,0.0,1.0,0.0,0.0
5394,1,160,23056,13,160,0,1,-1,1,0,0.8,0.0,1.0,8.383433201236715,0.0
5395,6,160,24280,13,160,0,0,-1,1,0,0.0,0.0,1.0,0.0,0.0
5396,1,116,9232,13,116,0,1,116,1,0,0.6666666666666666,0.0,1.0,141.86395110260995,0.0
5397,3,116,16192,13,116,0,0,-1,1,0,0.0,0.0,1.0,0.0,0.0
5398,1,67,12148,13,67,1,1,-1,2,1,0.6666666666666666,0.0,0.6666666666666666,3.295836866004329,1.2069489608125827
5399,8,67,36448,13,67,0,0,-1,1,0,0.0,0.0,1.0,0.0,0.0
5400,1,116,9232,13,116,0,1,116,1,0,0.8,0.0,1.0,141.57626903015816,0.0
5401,3,160,25972,13,160,0,0,-1,1,0,0.0,0.0,1.0,0.0,0.0
5402,1,116,9232,13,116,0,1,116,1,0,0.8,0.0,1.0,141.57626903015816,0.0
5403,34,72,155824,13,72,0,0,-1,1,0,0.0,0.0,1.0,0.0,0.0
5404,1,160,17332,13,160,1,1,-1,2,1,0.6666666666666666,0.0,0.6666666666666666,17.865478691141536,1.2069489608125845
5405,3,160,17332,13,160,0,0,-1,1,0,0.0,0.0,1.0,0.0,0.0
5406,1,160,27376,13,160,0,1,-1,1,0,0.8,0.0,1.0,2.8903717578961645,0.0
5407,16,67,82132,13,67,0,0,-1,1,0,0.0,0.0,1.0,0.0,0.0
5408,1,54,5408,13,54,0,1,54,1,0,0.6666666666666666,0.0,1.0,66.55793739389264,0.0
5409,3,116,16228,13,116,0,0,-1,1,0,0.0,0.0,1.0,0.0,0.0
5410,1,41,8116,13,41,1,1,41,2,1,0.6666666666666666,0.0,0.6666666666666666,50.09230409724939,1.2069489608125925
5411,6,41,24352,13,41,0,0,-1,1,0,0.0,0.0,1.0,0.0,0.0
5412,1,41,6856,13,41,0,1,41,1,0,0.8,0.0,1.0,49.97452106159301,0.0
5413,3,41,16240,13,41,0,0,-1,1,0,0.0,0.0,1.0,0.0,0.0
5414,1,41,12184,13,41,0,1,-1,1,0,0.8,0.0,1.0,2.8903717578961645,0.0
5415,13,41,41128,13,41,0,0,-1,1,0,0.0,0.0,1.0,0.0,0.0
5416,1,54,5416,13,54,1,1,54,2,1,0.6666666666666666,0.0,0.6666666666666666,66.9634025020008,1.206948960812608
5417,3,67,61720,13,67,0,0,-1,1,0,0.0,0.0,1.0,0.0,0.0
5418,1,54,8128,13,54,0,1,54,1,0,0.8,0.0,1.0,66.27025532144086,0.0
5419,8,41,24388,13,41,0,0,-1,1,0,0.0,0.0,1.0,0.0,0.0
5420,1,116,9232,13,116,0,1,116,1,0,0.6666666666666666,0.0,1.0,141.57626903015816,0.0
5421,3,116,16264,13,116,0,0,-1,1,0,0.0,0.0,1.0,0.0,0.0
5422,1,116,18304,13,116,1,1,-1,2,1,0.6666666666666666,0.0,0.6666666666666666,3.295836866004329,1.2069489608125827
5423,26,67,54916,13,67,0,0,-1,1,0,0.0,0.0,1.0,0.0,0.0
5424,1,54,5424,13,54,0,1,54,1,0,0.8,0.0,1.0,66.27025532144086,0.0
5425,3,160,16276,13,160,0,0,-1,1,0,0.0,0.0,1.0,0.0,0.0
5426,1,160,9232,13,160,0,1,160,1,0,0.8,0.0,1.0,193.65507667342814,0.0
5427,6,160,24424,13,160,0,0,-1,1,0,0.0,0.0,1.0,0.0,0.0
5428,1,54,5428,13,54,1,1,54,2,1,0.6666666666666666,0.0,0.6666666666666666,66.9634025020008,1.206948960812608
5429,3,54,16288,13,54,0,0,-1,1,0,0.0,0.0,1.0,0.0,0.0
5430,1,98,223072,13,98,0,1,-1,1,0,0.8,0.0,1.0,2.8903717578961645,0.0
5431,8,98,223072,13,98,0,0,-1,1,0,0.0,0.0,1.0,0.0,0.0
5432,1,67,5812,13,67,0,1,67,1,0,0.6666666666666666,0.0,1.0,81.41526129148164,0.0
5433,3,160,39184,13,160,0,0,-1,1,0,0.0,0.0,1.0,0.0,0.0
5434,1,67,8152,13,67,1,1,67,2,1,0.6666666666666666,0.0,0.6666666666666666,81.53304432713803,1.2069489608125767
5435,11,116,27520,13,116,0,0,-1,1,0,0.0,0.0,1.0,0.0,0.0
5436,1,67,13768,13,67,0,1,-1,1,0,0.8,0.0,1.0,8.671115273688494,0.0
5437,3,67,16312,13,67,0,0,-1,1,0,0.0,0.0,1.0,0.0,0.0
5438,1,67,69712,13,67,0,1,-1,1,0,0.8,0.0,1.0,2.8903717578961645,0.0
5439,21,67,123928,13,67,0,0,-1,1,0,0.0,0.0,1.0,0.0,0.0
5440,1,15,5440,13,15,1,1,15,2,1,0.6666666666666666,0.0,0.6666666666666666,18.93924593981253,1.2069489608125845
5441,3,54,16324,13,54,0,0,-1,1,0,0.0,0.0,1.0,0.0,0.0
5442,1,67,8728,13,67,0,1,67,1,0,0.8,0.0,1.0,79.97685092922273,0.0
5443,6,67,24496,13,67,0,0,-1,1,0,0.0,0.0,1.0,0.0,0.0
5444,1,54,13120,13,54,0,1,-1,1,0,0.6666666666666666,0.0,1.0,24.966849533536394,0.0
5445,3,54,16336,13,54,0,0,-1,1,0,0.0,0.0,1.0,0.0,0.0
5446,1,54,13120,13,54,1,1,-1,2,1,0.6666666666666666,0.0,0.6666666666666666,3.295836866004329,1.2069489608125827
5447,44,98,176740,13,98,0,0,-1,1,0,0.0,0.0,1.0,0.0,0.0
5448,1,67,39364,13,67,0,1,-1,1,0,0.8,0.0,1.0,18.323059800388716,0.0
5449,3,160,44224,13,160,0,0,-1,1,0,0.0,0.0,1.0,0.0,0.0
5450,1,67,39364,13,67,0,1,-1,1,0,0.8,0.0,1.0,18.323059800388716,0.0
5451,8,54,24532,13,54,0,0,-1,1,0,0.0,0.0,1.0,0.0,0.0
5452,1,67,39364,13,67,1,1,-1,2,1,0.6666666666666666,0.0,0.6666666666666666,18.72852490849688,1.2069489608125925
5453,3,67,39364,13,67,0,0,-1,1,0,0.0,0.0,1.0,0.0,0.0
5454,1,129,95956,13,129,0,1,-1,1,0,0.8,0.0,1.0,2.8903717578961645,0.0
5455,13,129,95956,13,129,0,0,-1,1,0,0.0,0.0,1.0,0.0,0.0
5456,1,15,5456,13,15,0,1,15,1,0,0.6666666666666666,0.0,1.0,18.821462904156146,0.0
5457,3,67,118096,13,67,0,0,-1,1,0,0.0,0.0,1.0,0.0,0.0
5458,1,160,1276936,13,160,1,1,-1,2,1,0.6666666666666666,0.0,0.6666666666666666,8.788898309344878,1.2069489608125807
5459,6,160,1276936,13,160,0,0,-1,1,0,0.0,0.0,1.0,0.0,0.0
5460,1,15,5460,13,15,0,1,15,1,0,0.8,0.0,1.0,18.533780831704366,0.0
5461,3,15,16384,13,15,0,0,-1,1,0,0.0,0.0,1.0,0.0,0.0
5462,1,116,12292,13,116,0,1,-1,1,0,0.8,0.0,1.0,2.8903717578961645,0.0
5463,8,116,36880,13,116,0,0,-1,1,0,0.0,0.0,1.0,0.0,0.0
5464,1,41,5464,13,41,1,1,41,2,1,0.6666666666666666,0.0,0.6666666666666666,50.66766824215295,1.2069489608125767
5465,3,160,18448,13,160,0,0,-1,1,0,0.0,0.0,1.0,0.0,0.0
5466,1,41,8200,13,41,0,1,41,1,0,0.8,0.0,1.0,49.97452106159301,0.0
5467,16,116,41524,13,116,0,0,-1,1,0,0.0,0.0,1.0,0.0,0.0
5468,1,41,9232,13,41,0,1,41,1,0,0.6666666666666666,0.0,1.0,49.97452106159301,0.0
5469,3,41,16408,13,41,0,0,-1,1,0,0.0,0.0,1.0,0.0,0.0
5470,1,160,27700,13,160,1,1,-1,2,1,0.6666666666666666,0.0,0.6666666666666666,3.295836866004329,1.2069489608125827
5471,13,160,83104,13,160,0,0,-1,1,0,0.0,0.0,1.0,0.0,0.0
5472,1,129,9232,13,129,0,1,129,1,0,0.8,0.0,1.0,156.72127500019894,0.0
5473,3,160,20788,13,160,0,0,-1,1,0,0.0,0.0,1.0,0.0,0.0
5474,1,41,8212,13,41,0,1,41,1,0,0.8,0.0,1.0,49.68683898914123,0.0
5475,6,41,24640,13,41,0,0,-1,1,0,0.0,0.0,1.0,0.0,0.0
5476,1,41,5476,13,41,1,1,41,2,1,0.6666666666666666,0.0,0.6666666666666666,50.66766824215295,1.2069489608125767
5477,3,41,16432,13,41,0,0,-1,1,0,0.0,0.0,1.0,0.0,0.0
5478,1,41,12328,13,41,0,1,-1,1,0,0.8,0.0,1.0,2.8903717578961645,0.0
5479,52,191,399976,13,191,0,0,-1,1,0,0.0,0.0,1.0,0.0,0.0
5480,1,129,9232,13,129,0,1,129,1,0,0.6666666666666666,0.0,1.0,157.29663914510252,0.0
5481,3,41,41632,13,41,0,0,-1,1,0,0.0,0.0,1.0,0.0,0.0
5482,1,129,9232,13,129,1,1,129,2,1,0.6666666666666666,0.0,0.6666666666666666,157.4144221807589,1.2069489608125767
5483,8,116,24676,13,116,0,0,-1,1,0,0.0,0.0,1.0,0.0,0.0
5484,1,116,10420,13,116,0,1,-1,1,0,0.8,0.0,1.0,12.254634212144603,0.0
5485,3,116,16456,13,116,0,0,-1,1,0,0.0,0.0,1.0,0.0,0.0
5486,1,116,18520,13,116,0,1,-1,1,0,0.8,0.0,1.0,2.8903717578961645,0.0
5487,16,54,62512,13,54,0,0,-1,1,0,0.0,0.0,1.0,0.0,0.0
5488,1,129,9232,13,129,1,1,129,2,1,0.6666666666666666,0.0,0.6666666666666666,157.70210425321068,1.2069489608125767
5489,3,129,16468,13,129,0,0,-1,1,0,0.0,0.0,1.0,0.0,0.0
5490,1,41,9268,13,41,0,1,41,1,0,0.8,0.0,1.0,49.39915691668945,0.0
5491,6,41,24712,13,41,0,0,-1,1,0,0.0,0.0,1.0,0.0,0.0
5492,1,129,9232,13,129,0,1,129,1,0,0.6666666666666666,0.0,1.0,157.58432121755428,0.0
5493,3,129,16480,13,129,0,0,-1,1,0,0.0,0.0,1.0,0.0,0.0
5494,1,67,13912,13,67,1,1,-1,2,1,0.6666666666666666,0.0,0.6666666666666666,3.295836866004329,1.2069489608125827
5495,8,67,37096,13,67,0,0,-1,1,0,0.0,0.0,1.0,0.0,0.0
5496,1,41,6964,13,41,0,1,41,1,0,0.8,0.0,1.0,49.97452106159301,0.0
5497,3,98,70468,13,98,0,0,-1,1,0,0.0,0.0,1.0,0.0,0.0
5498,1,41,8248,13,41,0,1,41,1,0,0.8,0.0,1.0,49.97452106159301,0.0
5499,13,67,27844,13,67,0,0,-1,1,0,0.0,0.0,1.0,0.0,0.0
5500,1,41,20896,13,41,1,1,-1,2,1,0.6666666666666666,0.0,0.6666666666666666,9.07658038179666,1.2069489608125807
5501,3,41,20896,13,41,0,0,-1,1,0,0.0,0.0,1.0,0.0,0.0
5502,1,173,225988,13,173,0,1,-1,1,0,0.8,0.0,1.0,2.8903717578961645,0.0
5503,70,173,225988,13,173,0,0,-1,1,0,0.0,0.0,1.0,0.0,0.0
5504,1,36,5504,13,36,0,1,36,1,0,0.6666666666666666,0.0,1.0,44.19377754580069,0.0
5505,3,191,190996,13,191,0,0,-1,1,0,0.0,0.0,1.0,0.0,0.0
5506,1,129,9232,13,129,1,1,129,2,1,0.6666666666666666,0.0,0.6666666666666666,157.1267401083071,1.2069489608125767
5507,6,129,24784,13,129,0,0,-1,1,0,0.0,0.0,1.0,0.0,0.0
5508,1,160,9232,13,160,0,1,160,1,0,0.8,0.0,1.0,193.94275874587993,0.0
5509,3,160,16528,13,160,0,0,-1,1,0,0.0,0.0,1.0,0.0,0.0
5510,1,160,12400,13,160,0,1,-1,1,0,0.8,0.0,1.0,2.8903717578961645,0.0
5511,11,129,37204,13,129,0,0,-1,1,0,0.0,0.0,1.0,0.0,0.0
5512,1,129,9232,13,129,1,1,129,2,1,0.6666666666666666,0.0,0.6666666666666666,157.70210425321068,1.2069489608125767
5513,3,98,31408,13,98,0,0,-1,1,0,0.0,0.0,1.0,0.0,0.0
5514,1,129,9232,13,129,0,1,129,1,0,0.8,0.0,1.0,157.0089570726507,0.0
5515,8,160,24820,13,160,0,0,-1,1,0,0.0,0.0,1.0,0.0,0.0
5516,1,129,9232,13,129,0,1,129,1,0,0.6666666666666666,0.0,1.0,157.29663914510252,0.0
5517,3,129,16552,13,129,0,0,-1,1,0,0.0,0.0,1.0,0.0,0.0
5518,1,160,18628,13,160,1,1,-1,2,1,0.6666666666666666,0.0,0.6666666666666666,3.295836866004329,1.2069489608125827
5519,11,160,55888,13,160,0,0,-1,1,0,0.0,0.0,1.0,0.0,0.0
5520,1,129,9232,13,129,0,1,129,1,0,0.8,0.0,1.0,157.0089570726507,0.0
5521,3,129,16564,13,129,0,0,-1,1,0,0.0,0.0,1.0,0.0,0.0
5522,1,129,13984,13,129,0,1,-1,1,0,0.8,0.0,1.0,8.383433201236715,0.0
5523,6,129,24856,13,129,0,0,-1,1,0,0.0,0.0,1.0,0.0,0.0
5524,1,129,9232,13,129,1,1,129,2,1,0.6666666666666666,0.0,0.6666666666666666,157.70210425321068,1.2069489608125767
5525,3,129,16576,13,129,0,0,-1,1,0,0.0,0.0,1.0,0.0,0.0
5526,1,41,12436,13,41,0,1,-1,1,0,0.8,0.0,1.0,2.8903717578961645,0.0
5527,8,41,37312,13,41,0,0,-1,1,0,0.0,0.0,1.0,0.0,0.0
5528,1,129,9232,13,129,0,1,129,1,0,0.6666666666666666,0.0,1.0,157.58432121755428,0.0
5529,3,41,18664,13,41,0,0,-1,1,0,0.0,0.0,1.0,0.0,0.0
5530,1,129,9232,13,129,1,1,129,2,1,0.6666666666666666,0.0,0.6666666666666666,157.70210425321068,1.2069489608125767
5531,19,41,63016,13,41,0,0,-1,1,0,0.0,0.0,1.0,0.0,0.0
5532,1,98,95956,13,98,0,1,-1,1,0,0.8,0.0,1.0,11.966952139692822,0.0
5533,3,98,95956,13,98,0,0,-1,1,0,0.0,0.0,1.0,0.0,0.0
5534,1,98,95956,13,98,0,1,-1,1,0,0.8,0.0,1.0,2.8903717578961645,0.0
5535,44,129,359152,13,129,0,0,-1,1,0,0.0,0.0,1.0,0.0,0.0
5536,1,36,5536,13,36,1,1,36,2,1,0.6666666666666666,0.0,0.6666666666666666,44.59924265390885,1.2069489608125925
5537,3,67,16612,13,67,0,0,-1,1,0,0.0,0.0,1.0,0.0,0.0
5538,1,67,8308,13,67,0,1,67,1,0,0.8,0.0,1.0,81.70294336393341,0.0
5539,6,67,24928,13,67,0,0,-1,1,0,0.0,0.0,1.0,0.0,0.0
5540,1,67,10528,13,67,0,1,-1,1,0,0.6666666666666666,0.0,1.0,12.829998357048165,0.0
5541,3,67,16624,13,67,0,0,-1,1,0,0.0,0.0,1.0,0.0,0.0
5542,1,67,12472,13,67,1,1,-1,2,1,0.6666666666666666,0.0,0.6666666666666666,3.295836866004329,1.2069489608125827
5543,16,204,250504,13,204,0,0,-1,1,0,0.0,0.0,1.0,0.0,0.0
5544,1,36,5544,13,36,0,1,36,1,0,0.8,0.0,1.0,43.90609547334891,0.0
5545,3,54,94768,13,54,0,0,-1,1,0,0.0,0.0,1.0,0.0,0.0
5546,1,36,8320,13,36,0,1,36,1,0,0.8,0.0,1.0,43.90609547334891,0.0
5547,8,54,24964,13,54,0,0,-1,1,0,0.0,0.0,1.0,0.0,0.0
5548,1,67,6244,13,67,1,1,67,2,1,0.6666666666666666,0.0,0.6666666666666666,82.10840847204157,1.2069489608125767
5549,3,67,16648,13,67,0,0,-1,1,0,0.0,0.0,1.0,0.0,0.0
5550,1,67,18736,13,67,0,1,-1,1,0,0.8,0.0,1.0,2.8903717578961645,0.0
5551,13,67,56212,13,67,0,0,-1,1,0,0.0,0.0,1.0,0.0,0.0
5552,1,129,9232,13,129,0,1,129,1,0,0.6666666666666666,0.0,1.0,157.58432121755428,0.0
5553,3,129,16660,13,129,0,0,-1,1,0,0.0,0.0,1.0,0.0,0.0
5554,1,129,9376,13,129,1,1,129,2,1,0.6666666666666666,0.0,0.6666666666666666,157.1267401083071,1.2069489608125767
5555,6,129,25000,13,129,0,0,-1,1,0,0.0,0.0,1.0,0.0,0.0
5556,1,129,9232,13,129,0,1,129,1,0,0.8,0.0,1.0,157.29663914510252,0.0
5557,3,129,16672,13,129,0,0,-1,1,0,0.0,0.0,1.0,0.0,0.0
5558,1,160,26728,13,160,0,1,-1,1,0,0.8,0.0,1.0,2.8903717578961645,0.0
5559,8,160,37528,13,160,0,0,-1,1,0,0.0,0.0,1.0,0.0,0.0
5560,1,129,9232,13,129,1,1,129,2,1,0.6666666666666666,0.0,0.6666666666666666,157.98978632566246,1.2069489608125767
5561,3,129,18772,13,129,0,0,-1,1,0,0.0,0.0,1.0,0.0,0.0
5562,1,129,9232,13,129,0,1,129,1,0,0.8,0.0,1.0,157.29663914510252,0.0
5563,11,116,28168,13,116,0,0,-1,1,0,0.0,0.0,1.0,0.0,0.0
5564,1,116,15856,13,116,0,1,-1,1,0,0.6666666666666666,0.0,1.0,8.958797346140276,0.0
5565,3,116,16696,13,116,0,0,-1,1,0,0.0,0.0,1.0,0.0,0.0
5566,1,116,42280,13,116,1,1,-1,2,1,0.6666666666666666,0.0,0.6666666666666666,3.295836866004329,1.2069489608125827
5567,57,235,481624,13,235,0,0,-1,1,0,0.0,0.0,1.0,0.0,0.0
5568,1,36,5568,13,36,0,1,36,1,0,0.8,0.0,1.0,43.61841340089713,0.0
5569,3,129,16708,13,129,0,0,-1,1,0,0.0,0.0,1.0,0.0,0.0
5570,1,67,23812,13,67,0,1,-1,1,0,0.8,0.0,1.0,11.966952139692824,0.0
5571,6,67,25072,13,67,0,0,-1,1,0,0.0,0.0,1.0,0.0,0.0
5572,1,36,5572,13,36,1,1,36,2,1,0.6666666666666666,0.0,0.6666666666666666,44.31156058145707,1.2069489608125767
5573,3,36,16720,13,36,0,0,-1,1,0,0.0,0.0,1.0,0.0,0.0
5574,1,36,12544,13,36,0,1,-1,1,0,0.8,0.0,1.0,2.8903717578961645,0.0
5575,13,67,37636,13,67,0,0,-1,1,0,0.0,0.0,1.0,0.0,0.0
5576,1,129,9232,13,129,0,1,129,1,0,0.6666666666666666,0.0,1.0,157.58432121755428,0.0
5577,3,41,28240,13,41,0,0,-1,1,0,0.0,0.0,1.0,0.0,0.0
5578,1,129,9232,13,129,1,1,129,2,1,0.6666666666666666,0.0,0.6666666666666666,157.70210425321068,1.2069489608125767
5579,8,41,25108,13,41,0,0,-1,1,0,0.0,0.0,1.0,0.0,0.0
5580,1,129,9232,13,129,0,1,129,1,0,0.8,0.0,1.0,157.29663914510252,0.0
5581,3,129,16744,13,129,0,0,-1,1,0,0.0,0.0,1.0,0.0,0.0
5582,1,67,80512,13,67,0,1,-1,1,0,0.8,0.0,1.0,2.8903717578961645,0.0
5583,26,67,80512,13,67,0,0,-1,1,0,0.0,0.0,1.0,0.0,0.0
5584,1,36,5584,13,36,1,1,36,2,1,0.6666666666666666,0.0,0.6666666666666666,44.59924265390886,1.2069489608125767
5585,3,129,16756,13,129,0,0,-1,1,0,0.0,0.0,1.0,0.0,0.0
5586,1,111,21220,13,111,0,1,-1,1,0,0.8,0.0,1.0,8.383433201236715,0.0
5587,6,111,25144,13,111,0,0,-1,1,0,0.0,0.0,1.0,0.0,0.0
5588,1,36,5588,13,36,0,1,36,1,0,0.6666666666666666,0.0,1.0,44.48145961825247,0.0
5589,3,36,16768,13,36,0,0,-1,1,0,0.0,0.0,1.0,0.0,0.0
5590,1,67,15928,13,67,1,1,-1,2,1,0.6666666666666666,0.0,0.6666666666666666,3.295836866004329,1.2069489608125827
5591,8,67,37744,13,67,0,0,-1,1,0,0.0,0.0,1.0,0.0,0.0
5592,1,67,5592,13,67,0,1,67,1,0,0.8,0.0,1.0,82.27830750883697,0.0
5593,3,67,18880,13,67,0,0,-1,1,0,0.0,0.0,1.0,0.0,0.0
5594,1,67,8392,13,67,0,1,67,1,0,0.8,0.0,1.0,82.27830750883697,0.0
5595,13,129,42496,13,129,0,0,-1,1,0,0.0,0.0,1.0,0.0,0.0
5596,1,67,9448,13,67,1,1,67,2,1,0.6666666666666666,0.0,0.6666666666666666,82.39609054449336,1.2069489608125767
5597,3,67,16792,13,67,0,0,-1,1,0,0.0,0.0,1.0,0.0,0.0
5598,1,67,71764,13,67,0,1,-1,1,0,0.8,0.0,1.0,2.8903717578961645,0.0
5599,24,67,85048,13,67,0,0,-1,1,0,0.0,0.0,1.0,0.0,0.0
5600,1,85,9232,13,85,0,1,85,1,0,0.6666666666666666,0.0,1.0,103.77942113957364,0.0
5601,3,67,31912,13,67,0,0,-1,1,0,0.0,0.0,1.0,0.0,0.0
5602,1,36,8404,13,36,1,1,36,2,1,0.6666666666666666,0.0,0.6666666666666666,44.02387850900529,1.2069489608125767
5603,6,36,25216,13,36,0,0,-1,1,0,0.0,0.0,1.0,0.0,0.0
5604,1,98,45520,13,98,0,1,-1,1,0,0.8,0.0,1.0,18.323059800388716,0.0
5605,3,98,45520,13,98,0,0,-1,1,0,0.0,0.0,1.0,0.0,0.0
5606,1,98,45520,13,98,0,1,-1,1,0,0.8,0.0,1.0,2.8903717578961645,0.0
5607,21,67,63880,13,67,0,0,-1,1,0,0.0,0.0,1.0,0.0,0.0
5608,1,85,9232,13,85,1,1,85,2,1,0.6666666666666666,0.0,0.6666666666666666,104.18488624768182,1.2069489608125767
5609,3,111,345544,13,111,0,0,-1,1,0,0.0,0.0,1.0,0.0,0.0
5610,1,85,9232,13,85,0,1,85,1,0,0.8,0.0,1.0,103.49173906712186,0.0
5611,8,160,182068,13,160,0,0,-1,1,0,0.0,0.0,1.0,0.0,0.0
5612,1,129,9232,13,129,0,1,129,1,0,0.6666666666666666,0.0,1.0,156.72127500019894,0.0
5613,3,129,16840,13,129,0,0,-1,1,0,0.0,0.0,1.0,0.0,0.0
5614,1,129,18952,13,129,1,1,-1,2,1,0.6666666666666666,0.0,0.6666666666666666,3.295836866004329,1.2069489608125827
5615,21,67,95956,13,67,0,0,-1,1,0,0.0,0.0,1.0,0.0,0.0
5616,1,85,9232,13,85,0,1,85,1,0,0.8,0.0,1.0,103.20405699467008,0.0
5617,3,85,16852,13,85,0,0,-1,1,0,0.0,0.0,1.0,0.0,0.0
5618,1,160,21688,13,160,0,1,-1,1,0,0.8,0.0,1.0,11.679270067241042,0.0
5619,6,160,25288,13,160,0,0,-1,1,0,0.0,0.0,1.0,0.0,0.0
5620,1,85,9232,13,85,1,1,85,2,1,0.6666666666666666,0.0,0.6666666666666666,103.89720417523003,1.2069489608125767
5621,3,85,16864,13,85,0,0,-1,1,0,0.0,0.0,1.0,0.0,0.0
5622,1,59,40552,13,59,0,1,-1,1,0,0.8,0.0,1.0,2.8903717578961645,0.0
5623,8,59,40552,13,59,0,0,-1,1,0,0.0,0.0,1.0,0.0,0.0
5624,1,173,250504,13,173,0,1,-1,1,0,0.6666666666666666,0.0,1.0,12.829998357048165,0.0
5625,3,160,21688,13,160,0,0,-1,1,0,0.0,0.0,1.0,0.0,0.0
5626,1,173,250504,13,173,1,1,-1,2,1,0.6666666666666666,0.0,0.6666666666666666,12.947781392704549,1.2069489608125807
5627,16,59,32056,13,59,0,0,-1,1,0,0.0,0.0,1.0,0.0,0.0
5628,1,173,250504,13,173,0,1,-1,1,0,0.8,0.0,1.0,8.671115273688494,0.0
5629,3,173,250504,13,173,0,0,-1,1,0,0.0,0.0,1.0,0.0,0.0
5630,1,160,144340,13,160,0,1,-1,1,0,0.8,0.0,1.0,2.8903717578961645,0.0
5631,24,160,433024,13,160,0,0,-1,1,0,0.0,0.0,1.0,0.0,0.0
5632,1,23,5632,13,23,1,1,23,2,1,0.6666666666666666,0.0,0.6666666666666666,28.878872538964536,1.2069489608125845
5633,3,59,16900,13,59,0,0,-1,1,0,0.0,0.0,1.0,0.0,0.0
5634,1,85,9232,13,85,0,1,85,1,0,0.8,0.0,1.0,102.9163749222183,0.0
5635,6,85,25360,13,85,0,0,-1,1,0,0.0,0.0,1.0,0.0,0.0
5636,1,85,9232,13,85,0,1,85,1,0,0.6666666666666666,0.0,1.0,103.77942113957364,0.0
5637,3,85,16912,13,85,0,0,-1,1,0,0.0,0.0,1.0,0.0,0.0
5638,1,85,12688,13,85,1,1,-1,2,1,0.6666666666666666,0.0,0.6666666666666666,3.295836866004329,1.2069489608125827
5639,11,85,38068,13,85,0,0,-1,1,0,0.0,0.0,1.0,0.0,0.0
5640,1,36,5640,13,36,0,1,36,1,0,0.8,0.0,1.0,43.90609547334891,0.0
5641,3,41,28564,13,41,0,0,-1,1,0,0.0,0.0,1.0,0.0,0.0
5642,1,36,8464,13,36,0,1,36,1,0,0.8,0.0,1.0,43.90609547334891,0.0
5643,8,85,25396,13,85,0,0,-1,1,0,0.0,0.0,1.0,0.0,0.0
5644,1,36,6352,13,36,1,1,36,2,1,0.6666666666666666,0.0,0.6666666666666666,44.31156058145707,1.2069489608125767
5645,3,36,16936,13,36,0,0,-1,1,0,0.0,0.0,1.0,0.0,0.0
5646,1,59,19060,13,59,0,1,-1,1,0,0.8,0.0,1.0,2.8903717578961645,0.0
5647,11,59,57184,13,59,0,0,-1,1,0,0.0,0.0,1.0,0.0,0.0
5648,1,129,9232,13,129,0,1,129,1,0,0.6666666666666666,0.0,1.0,157.58432121755428,0.0
5649,3,36,16948,13,36,0,0,-1,1,0,0.0,0.0,1.0,0.0,0.0
5650,1,85,14308,13,85,1,1,-1,2,1,0.6666666666666666,0.0,0.6666666666666666,8.788898309344878,1.2069489608125807
5651,6,85,25432,13,85,0,0,-1,1,0,0.0,0.0,1.0,0.0,0.0
5652,1,129,9232,13,129,0,1,129,1,0,0.8,0.0,1.0,157.29663914510252,0.0
5653,3,129,16960,13,129,0,0,-1,1,0,0.0,0.0,1.0,0.0,0.0
5654,1,111,39364,13,111,0,1,-1,1,0,0.8,0.0,1.0,2.8903717578961645,0.0
5655,8,111,39364,13,111,0,0,-1,1,0,0.0,0.0,1.0,0.0,0.0
5656,1,129,9232,13,129,1,1,129,2,1,0.6666666666666666,0.0,0.6666666666666666,157.98978632566244,1.2069489608126394
5657,3,111,39364,13,111,0,0,-1,1,0,0.0,0.0,1.0,0.0,0.0
5658,1,129,9232,13,129,0,1,129,1,0,0.8,0.0,1.0,157.29663914510252,0.0
5659,34,67,96712,13,67,0,0,-1,1,0,0.0,0.0,1.0,0.0,0.0
5660,1,36,9556,13,36,0,1,36,1,0,0.6666666666666666,0.0,1.0,43.61841340089713,0.0
5661,3,36,16984,13,36,0,0,-1,1,0,0.0,0.0,1.0,0.0,0.0
5662,1,36,28672,13,36,1,1,-1,2,1,0.6666666666666666,0.0,0.6666666666666666,3.295836866004329,1.2069489608125827
5663,26,85,86020,13,85,0,0,-1,1,0,0.0,0.0,1.0,0.0,0.0
5664,1,36,5664,13,36,0,1,36,1,0,0.8,0.0,1.0,43.61841340089713,0.0
5665,3,129,16996,13,129,0,0,-1,1,0,0.0,0.0,1.0,0.0,0.0
5666,1,129,9232,13,129,0,1,129,1,0,0.8,0.0,1.0,157.0089570726507,0.0
5667,6,129,25504,13,129,0,0,-1,1,0,0.0,0.0,1.0,0.0,0.0
5668,1,80,8080,13,80,1,1,80,2,1,0.6666666666666666,0.0,0.6666666666666666,96.96573236963057,1.2069489608125767
5669,3,80,17008,13,80,0,0,-1,1,0,0.0,0.0,1.0,0.0,0.0
5670,1,80,12760,13,80,0,1,-1,1,0,0.8,0.0,1.0,2.8903717578961645,0.0
5671,13,80,43072,13,80,0,0,-1,1,0,0.0,0.0,1.0,0.0,0.0
5672,1,36,5672,13,36,0,1,36,1,0,0.6666666666666666,0.0,1.0,44.19377754580069,0.0
5673,3,204,6810136,13,204,0,0,-1,1,0,0.0,0.0,1.0,0.0,0.0
5674,1,36,8512,13,36,1,1,36,2,1,0.6666666666666666,0.0,0.6666666666666666,44.31156058145707,1.2069489608125767
5675,8,129,25540,13,129,0,0,-1,1,0,0.0,0.0,1.0,0.0,0.0
5676,1,129,9232,13,129,0,1,129,1,0,0.8,0.0,1.0,157.29663914510252,0.0
5677,3,129,17032,13,129,0,0,-1,1,0,0.0,0.0,1.0,0.0,0.0
5678,1,129,19168,13,129,0,1,-1,1,0,0.8,0.0,1.0,2.8903717578961645,0.0
5679,32,160,163780,13,160,0,0,-1,1,0,0.0,0.0,1.0,0.0,0.0
5680,1,36,5680,13,36,1,1,36,2,1,0.6666666666666666,0.0,0.6666666666666666,44.59924265390886,1.2069489608125767
5681,3,80,17044,13,80,0,0,-1,1,0,0.0,0.0,1.0,0.0,0.0
5682,1,80,12148,13,80,0,1,-1,1,0,0.8,0.0,1.0,17.747695655485153,0.0
5683,6,80,25576,13,80,0,0,-1,1,0,0.0,0.0,1.0,0.0,0.0
5684,1,36,5684,13,36,0,1,36,1,0,0.6666666666666666,0.0,1.0,44.48145961825247,0.0
5685,3,36,17056,13,36,0,0,-1,1,0,0.0,0.0,1.0,0.0,0.0
5686,1,173,138400,13,173,1,1,-1,2,1,0.6666666666666666,0.0,0.6666666666666666,3.295836866004329,1.2069489608125827
5687,8,173,138400,13,173,0,0,-1,1,0,0.0,0.0,1.0,0.0,0.0
5688,1,67,5688,13,67,0,1,67,1,0,0.8,0.0,1.0,81.9906254363852,0.0
5689,3,129,19204,13,129,0,0,-1,1,0,0.0,0.0,1.0,0.0,0.0
5690,1,67,8536,13,67,0,1,67,1,0,0.8,0.0,1.0,81.9906254363852,0.0
5691,11,173,28816,13,173,0,0,-1,1,0,0.0,0.0,1.0,0.0,0.0
5692,1,67,14416,13,67,1,1,-1,2,1,0.6666666666666666,0.0,0.6666666666666666,9.07658038179666,1.2069489608125807
5693,3,67,17080,13,67,0,0,-1,1,0,0.0,0.0,1.0,0.0,0.0
5694,1,173,43252,13,173,0,1,-1,1,0,0.8,0.0,1.0,2.8903717578961645,0.0
5695,16,173,129760,13,173,0,0,-1,1,0,0.0,0.0,1.0,0.0,0.0
5696,1,36,5696,13,36,0,1,36,1,0,0.6666666666666666,0.0,1.0,44.48145961825247,0.0
5697,3,67,17092,13,67,0,0,-1,1,0,0.0,0.0,1.0,0.0,0.0
5698,1,67,8548,13,67,1,1,67,2,1,0.6666666666666666,0.0,0.6666666666666666,81.8207263995898,1.2069489608125767
5699,6,67,25648,13,67,0,0,-1,1,0,0.0,0.0,1.0,0.0,0.0
5700,1,28,5700,13,28,0,1,28,1,0,0.8,0.0,1.0,34.25415094664871,0.0
5701,3,28,17104,13,28,0,0,-1,1,0,0.0,0.0,1.0,0.0,0.0
5702,1,28,12832,13,28,0,1,-1,1,0,0.8,0.0,1.0,2.8903717578961645,0.0
5703,16,54,38500,13,54,0,0,-1,1,0,0.0,0.0,1.0,0.0,0.0
5704,1,28,5704,13,28,1,1,28,2,1,0.6666666666666666,0.0,0.6666666666666666,34.947298127208654,1.2069489608125925
5705,3,80,61720,13,80,0,0,-1,1,0,0.0,0.0,1.0,0.0,0.0
5706,1,28,8560,13,28,0,1,28,1,0,0.8,0.0,1.0,34.25415094664871,0.0
5707,8,28,25684,13,28,0,0,-1,1,0,0.0,0.0,1.0,0.0,0.0
5708,1,28,6424,13,28,0,1,28,1,0,0.6666666666666666,0.0,1.0,34.54183301910049,0.0
5709,3,28,17128,13,28,0,0,-1,1,0,0.0,0.0,1.0,0.0,0.0
5710,1,129,21688,13,129,1,1,-1,2,1,0.6666666666666666,0.0,0.6666666666666666,3.295836866004329,1.2069489608125827
5711,13,129,57832,13,129,0,0,-1,1,0,0.0,0.0,1.0,0.0,0.0
5712,1,36,5712,13,36,0,1,36,1,0,0.8,0.0,1.0,43.90609547334891,0.0
5713,3,173,17140,13,173,0,0,-1,1,0,0.0,0.0,1.0,0.0,0.0
5714,1,173,32560,13,173,0,1,-1,1,0,0.8,0.0,1.0,8.383433201236715,0.0
5715,6,173,32560,13,173,0,0,-1,1,0,0.0,0.0,1.0,0.0,0.0
5716,1,36,5716,13,36,1,1,36,2,1,0.6666666666666666,0.0,0.6666666666666666,44.59924265390886,1.2069489608125612
5717,3,36,17152,13,36,0,0,-1,1,0,0.0,0.0,1.0,0.0,0.0
5718,1,80,12868,13,80,0,1,-1,1,0,0.8,0.0,1.0,2.8903717578961645,0.0
5719,8,80,38608,13,80,0,0,-1,1,0,0.0,0.0,1.0,0.0,0.0
5720,1,28,5720,13,28,0,1,28,1,0,0.6666666666666666,0.0,1.0,34.54183301910049,0.0
5721,3,80,19312,13,80,0,0,-1,1,0,0.0,0.0,1.0,0.0,0.0
5722,1,28,8584,13,28,1,1,28,2,1,0.6666666666666666,0.0,0.6666666666666666,34.659616054756874,1.2069489608125767
5723,21,173,48904,13,173,0,0,-1,1,0,0.0,0.0,1.0,0.0,0.0
5724,1,28,9664,13,28,0,1,28,1,0,0.8,0.0,1.0,33.96646887419693,0.0
5725,3,28,17176,13,28,0,0,-1,1,0,0.0,0.0,1.0,0.0,0.0
5726,1,80,28996,13,80,0,1,-1,1,0,0.8,0.0,1.0,2.8903717578961645,0.0
5727,13,80,86992,13,80,0,0,-1,1,0,0.0,0.0,1.0,0.0,0.0
5728,1,36,5728,13,36,1,1,36,2,1,0.6666666666666666,0.0,0.6666666666666666,44.88692472636063,1.2069489608125925
5729,3,28,21760,13,28,0,0,-1,1,0,0.0,0.0,1.0,0.0,0.0
5730,1,28,8596,13,28,0,1,28,1,0,0.8,0.0,1.0,33.96646887419693,0.0
5731,6,28,25792,13,28,0,0,-1,1,0,0.0,0.0,1.0,0.0,0.0
5732,1,28,5732,13,28,0,1,28,1,0,0.6666666666666666,0.0,1.0,34.829515091552274,0.0
5733,3,28,17200,13,28,0,0,-1,1,0,0.0,0.0,1.0,0.0,0.0
5734,1,28,12904,13,28,1,1,-1,2,1,0.6666666666666666,0.0,0.6666666666666666,3.295836866004329,1.2069489608125827
5735,39,173,98008,13,173,0,0,-1,1,0,0.0,0.0,1.0,0.0,0.0
5736,1,36,5736,13,36,0,1,36,1,0,0.8,0.0,1.0,44.19377754580069,0.0
5737,3,111,176740,13,111,0,0,-1,1,0,0.0,0.0,1.0,0.0,0.0
5738,1,36,8608,13,36,0,1,36,1,0,0.8,0.0,1.0,44.19377754580069,0.0
5739,8,173,44224,13,173,0,0,-1,1,0,0.0,0.0,1.0,0.0,0.0
5740,1,80,39364,13,80,1,1,-1,2,1,0.6666666666666666,0.0,0.6666666666666666,12.660099320252769,1.2069489608125807
5741,3,80,39364,13,80,0,0,-1,1,0,0.0,0.0,1.0,0.0,0.0
5742,1,80,39364,13,80,0,1,-1,1,0,0.8,0.0,1.0,2.8903717578961645,0.0
5743,19,80,65428,13,80,0,0,-1,1,0,0.0,0.0,1.0,0.0,0.0
5744,1,54,9232,13,54,0,1,54,1,0,0.6666666666666666,0.0,1.0,65.98257324898908,0.0
5745,3,36,17236,13,36,0,0,-1,1,0,0.0,0.0,1.0,0.0,0.0
5746,1,173,1276936,13,173,1,1,-1,2,1,0.6666666666666666,0.0,0.6666666666666666,23.070858062030307,1.2069489608125845
5747,6,173,1276936,13,173,0,0,-1,1,0,0.0,0.0,1.0,0.0,0.0
5748,1,54,9232,13,54,0,1,54,1,0,0.8,0.0,1.0,65.6948911765373,0.0
5749,3,54,17248,13,54,0,0,-1,1,0,0.0,0.0,1.0,0.0,0.0
5750,1,54,14560,13,54,0,1,-1,1,0,0.8,0.0,1.0,2.8903717578961645,0.0
5751,8,54,38824,13,54,0,0,-1,1,0,0.0,0.0,1.0,0.0,0.0
5752,1,54,9232,13,54,1,1,54,2,1,0.6666666666666666,0.0,0.6666666666666666,66.10035628464546,1.2069489608125767
5753,3,129,32776,13,129,0,0,-1,1,0,0.0,0.0,1.0,0.0,0.0
5754,1,54,9232,13,54,0,1,54,1,0,0.8,0.0,1.0,65.40720910408552,0.0
5755,13,54,29140,13,54,0,0,-1,1,0,0.0,0.0,1.0,0.0,0.0
5756,1,129,41524,13,129,0,1,-1,1,0,0.6666666666666666,0.0,1.0,8.958797346140276,0.0
5757,3,129,41524,13,129,0,0,-1,1,0,0.0,0.0,1.0,0.0,0.0
5758,1,129,65608,13,129,1,1,-1,2,1,0.6666666666666666,0.0,0.6666666666666666,3.295836866004329,1.2069489608125827
5759,57,111,897856,13,111,0,0,-1,1,0,0.0,0.0,1.0,0.0,0.0
5760,1,23,5760,13,23,0,1,23,1,0,0.8,0.0,1.0,27.61036121350103,0.0
5761,3,173,83104,13,173,0,0,-1,1,0,0.0,0.0,1.0,0.0,0.0
5762,1,36,8644,13,36,0,1,36,1,0,0.8,0.0,1.0,43.61841340089713,0.0
5763,6,36,25936,13,36,0,0,-1,1,0,0.0,0.0,1.0,0.0,0.0
5764,1,142,9232,13,142,1,1,142,2,1,0.6666666666666666,0.0,0.6666666666666666,173.13479229570322,1.2069489608125767
5765,3,142,17296,13,142,0,0,-1,1,0,0.0,0.0,1.0,0.0,0.0
5766,1,142,12976,13,142,0,1,-1,1,0,0.8,0.0,1.0,2.8903717578961645,0.0
5767,11,54,38932,13,54,0,0,-1,1,0,0.0,0.0,1.0,0.0,0.0
5768,1,49,5768,13,49,0,1,49,1,0,0.6666666666666666,0.0,1.0,59.91414766074499,0.0
5769,3,173,49300,13,173,0,0,-1,1,0,0.0,0.0,1.0,0.0,0.0
5770,1,49,8656,13,49,1,1,49,2,1,0.6666666666666666,0.0,0.6666666666666666,60.03193069640137,1.2069489608125925
5771,8,142,25972,13,142,0,0,-1,1,0,0.0,0.0,1.0,0.0,0.0
5772,1,49,6496,13,49,0,1,49,1,0,0.8,0.0,1.0,59.62646558829321,0.0
5773,3,49,17320,13,49,0,0,-1,1,0,0.0,0.0,1.0,0.0,0.0
5774,1,129,24676,13,129,0,1,-1,1,0,0.8,0.0,1.0,2.8903717578961645,0.0
5775,11,129,58480,13,129,0,0,-1,1,0,0.0,0.0,1.0,0.0,0.0
5776,1,49,5776,13,49,1,1,49,2,1,0.6666666666666666,0.0,0.6666666666666666,60.319612768853155,1.2069489608125612
5777,3,142,17332,13,142,0,0,-1,1,0,0.0,0.0,1.0,0.0,0.0
5778,1,142,14632,13,142,0,1,-1,1,0,0.8,0.0,1.0,8.383433201236715,0.0
5779,6,142,26008,13,142,0,0,-1,1,0,0.0,0.0,1.0,0.0,0.0
5780,1,49,5780,13,49,0,1,49,1,0,0.6666666666666666,0.0,1.0,60.20182973319677,0.0
5781,3,49,17344,13,49,0,0,-1,1,0,0.0,0.0,1.0,0.0,0.0
5782,1,49,13012,13,49,1,1,-1,2,1,0.6666666666666666,0.0,0.6666666666666666,3.295836866004329,1.2069489608125827
5783,8,49,39040,13,49,0,0,-1,1,0,0.0,0.0,1.0,0.0,0.0
5784,1,49,5784,13,49,0,1,49,1,0,0.8,0.0,1.0,59.91414766074499,0.0
5785,3,80,19528,13,80,0,0,-1,1,0,0.0,0.0,1.0,0.0,0.0
5786,1,49,8680,13,49,0,1,49,1,0,0.8,0.0,1.0,59.91414766074499,0.0
5787,21,80,74176,13,80,0,0,-1,1,0,0.0,0.0,1.0,0.0,0.0
5788,1,54,10996,13,54,1,1,-1,2,1,0.6666666666666666,0.0,0.6666666666666666,12.372417247800987,1.2069489608125807
5789,3,54,17368,13,54,0,0,-1,1,0,0.0,0.0,1.0,0.0,0.0
5790,1,54,29320,13,54,0,1,-1,1,0,0.8,0.0,1.0,2.8903717578961645,0.0
5791,52,111,250504,13,111,0,0,-1,1,0,0.0,0.0,1.0,0.0,0.0
5792,1,23,5792,13,23,0,1,23,1,0,0.6666666666666666,0.0,1.0,28.473407430856373,0.0
5793,3,54,20896,13,54,0,0,-1,1,0,0.0,0.0,1.0,0.0,0.0
5794,1,142,9232,13,142,1,1,142,2,1,0.6666666666666666,0.0,0.6666666666666666,172.2717460783479,1.2069489608125767
5795,6,142,26080,13,142,0,0,-1,1,0,0.0,0.0,1.0,0.0,0.0
5796,1,142,24784,13,142,0,1,-1,1,0,0.8,0.0,1.0,12.542316284596385,0.0
5797,3,142,24784,13,142,0,0,-1,1,0,0.0,0.0,1.0,0.0,0.0
5798,1,142,24784,13,142,0,1,-1,1,0,0.8,0.0,1.0,2.8903717578961645,0.0
5799,19,204,190996,13,204,0,0,-1,1,0,0.0,0.0,1.0,0.0,0.0
5800,1,23,5800,13,23,1,1,23,2,1,0.6666666666666666,0.0,0.6666666666666666,28.878872538964536,1.2069489608125845
5801,3,80,223072,13,80,0,0,-1,1,0,0.0,0.0,1.0,0.0,0.0
5802,1,23,8704,13,23,0,1,23,1,0,0.8,0.0,1.0,28.185725358404593,0.0
5803,8,173,26116,13,173,0,0,-1,1,0,0.0,0.0,1.0,0.0,0.0
5804,1,142,9232,13,142,0,1,142,1,0,0.6666666666666666,0.0,1.0,172.72932718759506,0.0
5805,3,142,17416,13,142,0,0,-1,1,0,0.0,0.0,1.0,0.0,0.0
5806,1,142,19600,13,142,1,1,-1,2,1,0.6666666666666666,0.0,0.6666666666666666,3.295836866004329,1.2069489608125827
5807,13,111,58804,13,111,0,0,-1,1,0,0.0,0.0,1.0,0.0,0.0
5808,1,49,5808,13,49,0,1,49,1,0,0.8,0.0,1.0,59.62646558829321,0.0
5809,3,49,17428,13,49,0,0,-1,1,0,0.0,0.0,1.0,0.0,0.0
5810,1,49,9808,13,49,0,1,49,1,0,0.8,0.0,1.0,59.05110144338965,0.0
5811,6,49,26152,13,49,0,0,-1,1,0,0.0,0.0,1.0,0.0,0.0
5812,1,49,5812,13,49,1,1,49,2,1,0.6666666666666666,0.0,0.6666666666666666,60.31961276885315,1.2069489608125767
5813,3,49,17440,13,49,0,0,-1,1,0,0.0,0.0,1.0,0.0,0.0
5814,1,142,22084,13,142,0,1,-1,1,0,0.8,0.0,1.0,2.8903717578961645,0.0
5815,8,142,39256,13,142,0,0,-1,1,0,0.0,0.0,1.0,0.0,0.0
5816,1,49,5816,13,49,0,1,49,1,0,0.6666666666666666,0.0,1.0,60.20182973319677,0.0
5817,3,142,19636,13,142,0,0,-1,1,0,0.0,0.0,1.0,0.0,0.0
5818,1,49,8728,13,49,1,1,49,2,1,0.6666666666666666,0.0,0.6666666666666666,60.31961276885315,1.2069489608125767
5819,11,142,29464,13,142,0,0,-1,1,0,0.0,0.0,1.0,0.0,0.0
5820,1,142,14740,13,142,0,1,-1,1,0,0.8,0.0,1.0,8.671115273688494,0.0
5821,3,142,17464,13,142,0,0,-1,1,0,0.0,0.0,1.0,0.0,0.0
5822,1,142,44224,13,142,0,1,-1,1,0,0.8,0.0,1.0,2.8903717578961645,0.0
5823,26,142,132676,13,142,0,0,-1,1,0,0.0,0.0,1.0,0.0,0.0
5824,1,98,9232,13,98,1,1,98,2,1,0.6666666666666666,0.0,0.6666666666666666,119.90525636262613,1.2069489608125767
5825,3,49,17476,13,49,0,0,-1,1,0,0.0,0.0,1.0,0.0,0.0
5826,1,111,95956,13,111,0,1,-1,1,0,0.8,0.0,1.0,11.966952139692824,0.0
5827,6,111,95956,13,111,0,0,-1,1,0,0.0,0.0,1.0,0.0,0.0
5828,1,36,5828,13,36,0,1,36,1,0,0.6666666666666666,0.0,1.0,44.48145961825247,0.0
5829,3,36,17488,13,36,0,0,-1,1,0,0.0,0.0,1.0,0.0,0.0
5830,1,36,13120,13,36,1,1,-1,2,1,0.6666666666666666,0.0,0.6666666666666666,3.295836866004329,1.2069489608125827
5831,13,49,39364,13,49,0,0,-1,1,0,0.0,0.0,1.0,0.0,0.0
5832,1,36,5832,13,36,0,1,36,1,0,0.8,0.0,1.0,44.19377754580069,0.0
5833,3,80,29536,13,80,0,0,-1,1,0,0.0,0.0,1.0,0.0,0.0
5834,1,36,8752,13,36,0,1,36,1,0,0.8,0.0,1.0,44.19377754580069,0.0
5835,8,80,26260,13,80,0,0,-1,1,0,0.0,0.0,1.0,0.0,0.0
5836,1,36,6568,13,36,1,1,36,2,1,0.6666666666666666,0.0,0.6666666666666666,44.59924265390885,1.2069489608125925
5837,3,36,17512,13,36,0,0,-1,1,0,0.0,0.0,1.0,0.0,0.0
5838,1,217,250504,13,217,0,1,-1,1,0,0.8,0.0,1.0,2.8903717578961645,0.0
5839,29,217,250504,13,217,0,0,-1,1,0,0.0,0.0,1.0,0.0,0.0
5840,1,98,9232,13,98,0,1,98,1,0,0.6666666666666666,0.0,1.0,119.78747332696975,0.0
5841,3,80,17524,13,80,0,0,-1,1,0,0.0,0.0,1.0,0.0,0.0
5842,1,80,22192,13,80,1,1,-1,2,1,0.6666666666666666,0.0,0.6666666666666666,8.788898309344878,1.2069489608125807
5843,6,80,26296,13,80,0,0,-1,1,0,0.0,0.0,1.0,0.0,0.0
5844,1,98,9232,13,98,0,1,98,1,0,0.8,0.0,1.0,119.49979125451796,0.0
5845,3,98,17536,13,98,0,0,-1,1,0,0.0,0.0,1.0,0.0,0.0
5846,1,142,13156,13,142,0,1,-1,1,0,0.8,0.0,1.0,2.8903717578961645,0.0
5847,8,142,39472,13,142,0,0,-1,1,0,0.0,0.0,1.0,0.0,0.0
5848,1,142,9232,13,142,1,1,142,2,1,0.6666666666666666,0.0,0.6666666666666666,173.71015644060677,1.2069489608126394
5849,3,142,19744,13,142,0,0,-1,1,0,0.0,0.0,1.0,0.0,0.0
5850,1,142,9232,13,142,0,1,142,1,0,0.8,0.0,1.0,173.01700926004685,0.0
5851,13,142,44440,13,142,0,0,-1,1,0,0.0,0.0,1.0,0.0,0.0
5852,1,142,9880,13,142,0,1,142,1,0,0.6666666666666666,0.0,1.0,173.01700926004685,0.0
5853,3,142,17560,13,142,0,0,-1,1,0,0.0,0.0,1.0,0.0,0.0
5854,1,173,33352,13,173,1,1,-1,2,1,0.6666666666666666,0.0,0.6666666666666666,3.295836866004329,1.2069489608125827
5855,16,173,88936,13,173,0,0,-1,1,0,0.0,0.0,1.0,0.0,0.0
5856,1,98,9232,13,98,0,1,98,1,0,0.8,0.0,1.0,119.21210918206619,0.0
5857,3,142,50056,13,142,0,0,-1,1,0,0.0,0.0,1.0,0.0,0.0
5858,1,98,9232,13,98,0,1,98,1,0,0.8,0.0,1.0,118.9244271096144,0.0
5859,6,98,26368,13,98,0,0,-1,1,0,0.0,0.0,1.0,0.0,0.0
5860,1,36,5860,13,36,1,1,36,2,1,0.6666666666666666,0.0,0.6666666666666666,44.59924265390885,1.2069489608125767
5861,3,36,17584,13,36,0,0,-1,1,0,0.0,0.0,1.0,0.0,0.0
5862,1,36,13192,13,36,0,1,-1,1,0,0.8,0.0,1.0,2.8903717578961645,0.0
5863,26,129,84544,13,129,0,0,-1,1,0,0.0,0.0,1.0,0.0,0.0
5864,1,98,9232,13,98,0,1,98,1,0,0.6666666666666666,0.0,1.0,119.78747332696975,0.0
5865,3,103,67768,13,103,0,0,-1,1,0,0.0,0.0,1.0,0.0,0.0
5866,1,98,9232,13,98,1,1,98,2,1,0.6666666666666666,0.0,0.6666666666666666,119.90525636262613,1.2069489608125767
5867,8,80,33424,13,80,0,0,-1,1,0,0.0,0.0,1.0,0.0,0.0
5868,1,142,9232,13,142,0,1,142,1,0,0.8,0.0,1.0,172.72932718759506,0.0
5869,3,142,17608,13,142,0,0,-1,1,0,0.0,0.0,1.0,0.0,0.0
5870,1,142,19816,13,142,0,1,-1,1,0,0.8,0.0,1.0,2.8903717578961645,0.0
5871,21,80,150496,13,80,0,0,-1,1,0,0.0,0.0,1.0,0.0,0.0
5872,1,49,5872,13,49,1,1,49,2,1,0.6666666666666666,0.0,0.6666666666666666,60.607294841304935,1.2069489608125767
5873,3,98,17620,13,98,0,0,-1,1,0,0.0,0.0,1.0,0.0,0.0
5874,1,54,25108,13,54,0,1,-1,1,0,0.8,0.0,1.0,11.679270067241042,0.0
5875,6,54,26440,13,54,0,0,-1,1,0,0.0,0.0,1.0,0.0,0.0
5876,1,49,5876,13,49,0,1,49,1,0,0.6666666666666666,0.0,1.0,60.48951180564855,0.0
5877,3,49,17632,13,49,0,0,-1,1,0,0.0,0.0,1.0,0.0,0.0
5878,1,80,80512,13,80,1,1,-1,2,1,0.6666666666666666,0.0,0.6666666666666666,3.295836866004329,1.2069489608125827
5879,8,80,80512,13,80,0,0,-1,1,0,0.0,0.0,1.0,0.0,0.0
5880,1,49,11176,13,49,0,1,-1,1,0,0.8,0.0,1.0,12.542316284596385,0.0
5881,3,49,22336,13,49,0,0,-1,1,0,0.0,0.0,1.0,0.0,0.0
5882,1,49,11176,13,49,0,1,-1,1,0,0.8,0.0,1.0,12.542316284596385,0.0
5883,19,142,50272,13,142,0,0,-1,1,0,0.0,0.0,1.0,0.0,0.0
5884,1,173,190996,13,173,1,1,-1,2,1,0.6666666666666666,0.0,0.6666666666666666,9.07658038179666,1.2069489608125807
5885,3,173,190996,13,173,0,0,-1,1,0,0.0,0.0,1.0,0.0,0.0
5886,1,173,190996,13,173,0,1,-1,1,0,0.8,0.0,1.0,2.8903717578961645,0.0
5887,39,124,381976,13,124,0,0,-1,1,0,0.0,0.0,1.0,0.0,0.0
5888,1,23,5888,13,23,0,1,23,1,0,0.6666666666666666,0.0,1.0,28.761089503308153,0.0
5889,3,98,17668,13,98,0,0,-1,1,0,0.0,0.0,1.0,0.0,0.0
5890,1,80,9448,13,80,1,1,80,2,1,0.6666666666666666,0.0,0.6666666666666666,97.25341444208236,1.2069489608125767
5891,6,80,26512,13,80,0,0,-1,1,0,0.0,0.0,1.0,0.0,0.0
5892,1,98,9232,13,98,0,1,98,1,0,0.8,0.0,1.0,119.49979125451796,0.0
5893,3,98,17680,13,98,0,0,-1,1,0,0.0,0.0,1.0,0.0,0.0
5894,1,98,13264,13,98,0,1,-1,1,0,0.8,0.0,1.0,2.8903717578961645,0.0
5895,11,80,39796,13,80,0,0,-1,1,0,0.0,0.0,1.0,0.0,0.0
5896,1,142,9232,13,142,1,1,142,2,1,0.6666666666666666,0.0,0.6666666666666666,172.84711022325143,1.2069489608125767
5897,3,80,85048,13,80,0,0,-1,1,0,0.0,0.0,1.0,0.0,0.0
5898,1,142,9232,13,142,0,1,142,1,0,0.8,0.0,1.0,172.1539630426915,0.0
5899,8,49,26548,13,49,0,0,-1,1,0,0.0,0.0,1.0,0.0,0.0
5900,1,142,9232,13,142,0,1,142,1,0,0.6666666666666666,0.0,1.0,172.44164511514327,0.0
5901,3,142,17704,13,142,0,0,-1,1,0,0.0,0.0,1.0,0.0,0.0
5902,1,98,19924,13,98,1,1,-1,2,1,0.6666666666666666,0.0,0.6666666666666666,3.295836866004329,1.2069489608125827
5903,11,98,59776,13,98,0,0,-1,1,0,0.0,0.0,1.0,0.0,0.0
5904,1,23,5904,13,23,0,1,23,1,0,0.8,0.0,1.0,27.89804328595281,0.0
5905,3,142,17716,13,142,0,0,-1,1,0,0.0,0.0,1.0,0.0,0.0
5906,1,124,345544,13,124,0,1,-1,1,0,0.8,0.0,1.0,8.383433201236715,0.0
5907,6,124,345544,13,124,0,0,-1,1,0,0.0,0.0,1.0,0.0,0.0
5908,1,23,5908,13,23,1,1,23,2,1,0.6666666666666666,0.0,0.6666666666666666,28.591190466512757,1.2069489608125767
5909,3,23,17728,13,23,0,0,-1,1,0,0.0,0.0,1.0,0.0,0.0
5910,1,142,18952,13,142,0,1,-1,1,0,0.8,0.0,1.0,2.8903717578961645,0.0
5911,8,142,39904,13,142,0,0,-1,1,0,0.0,0.0,1.0,0.0,0.0
5912,1,23,5912,13,23,0,1,23,1,0,0.6666666666666666,0.0,1.0,28.473407430856373,0.0
5913,3,80,95956,13,80,0,0,-1,1,0,0.0,0.0,1.0,0.0,0.0
5914,1,23,8872,13,23,1,1,23,2,1,0.6666666666666666,0.0,0.6666666666666666,28.591190466512757,1.2069489608125767
5915,63,173,575728,13,173,0,0,-1,1,0,0.0,0.0,1.0,0.0,0.0
5916,1,98,9988,13,98,0,1,98,1,0,0.8,0.0,1.0,118.06138089225905,0.0
5917,3,98,17752,13,98,0,0,-1,1,0,0.0,0.0,1.0,0.0,0.0
5918,1,98,29968,13,98,0,1,-1,1,0,0.8,0.0,1.0,2.8903717578961645,0.0
5919,19,173,89908,13,173,0,0,-1,1,0,0.0,0.0,1.0,0.0,0.0
5920,1,49,5920,13,49,1,1,49,2,1,0.6666666666666666,0.0,0.6666666666666666,60.60729484130493,1.2069489608125925
5921,3,186,250504,13,186,0,0,-1,1,0,0.0,0.0,1.0,0.0,0.0
5922,1,36,8884,13,36,0,1,36,1,0,0.8,0.0,1.0,43.61841340089713,0.0
5923,6,36,26656,13,36,0,0,-1,1,0,0.0,0.0,1.0,0.0,0.0
5924,1,36,7504,13,36,0,1,36,1,0,0.6666666666666666,0.0,1.0,43.90609547334891,0.0
5925,3,36,17776,13,36,0,0,-1,1,0,0.0,0.0,1.0,0.0,0.0
5926,1,36,13336,13,36,1,1,-1,2,1,0.6666666666666666,0.0,0.6666666666666666,3.295836866004329,1.2069489608125827
5927,13,72,45016,13,72,0,0,-1,1,0,0.0,0.0,1.0,0.0,0.0
5928,1,49,5928,13,49,0,1,49,1,0,0.8,0.0,1.0,59.91414766074499,0.0
5929,3,186,250504,13,186,0,0,-1,1,0,0.0,0.0,1.0,0.0,0.0
5930,1,49,8896,13,49,0,1,49,1,0,0.8,0.0,1.0,59.91414766074499,0.0
5931,8,36,26692,13,36,0,0,-1,1,0,0.0,0.0,1.0,0.0,0.0
5932,1,142,9232,13,142,1,1,142,2,1,0.6666666666666666,0.0,0.6666666666666666,172.84711022325143,1.2069489608125767
5933,3,142,17800,13,142,0,0,-1,1,0,0.0,0.0,1.0,0.0,0.0
5934,1,142,20032,13,142,0,1,-1,1,0,0.8,0.0,1.0,2.8903717578961645,0.0
5935,16,98,60100,13,98,0,0,-1,1,0,0.0,0.0,1.0,0.0,0.0
5936,1,49,5936,13,49,0,1,49,1,0,0.6666666666666666,0.0,1.0,60.48951180564855,0.0
5937,3,142,17812,13,142,0,0,-1,1,0,0.0,0.0,1.0,0.0,0.0
5938,1,142,10024,13,142,1,1,-1,2,1,0.6666666666666666,0.0,0.6666666666666666,6.591673732008659,1.2069489608125827
5939,6,142,26728,13,142,0,0,-1,1,0,0.0,0.0,1.0,0.0,0.0
5940,1,49,5940,13,49,0,1,49,1,0,0.8,0.0,1.0,60.20182973319677,0.0
5941,3,49,17824,13,49,0,0,-1,1,0,0.0,0.0,1.0,0.0,0.0
5942,1,49,33856,13,49,0,1,-1,1,0,0.8,0.0,1.0,2.8903717578961645,0.0
5943,8,49,40120,13,49,0,0,-1,1,0,0.0,0.0,1.0,0.0,0.0
5944,1,98,14308,13,98,1,1,-1,2,1,0.6666666666666666,0.0,0.6666666666666666,24.221586351837434,1.2069489608125845
5945,3,49,20068,13,49,0,0,-1,1,0,0.0,0.0,1.0,0.0,0.0
5946,1,98,14308,13,98,0,1,-1,1,0,0.8,0.0,1.0,23.528439171277487,0.0
5947,11,142,30112,13,142,0,0,-1,1,0,0.0,0.0,1.0,0.0,0.0
5948,1,98,15064,13,98,0,1,-1,1,0,0.6666666666666666,0.0,1.0,6.761572768804056,0.0
5949,3,98,17848,13,98,0,0,-1,1,0,0.0,0.0,1.0,0.0,0.0
5950,1,49,50848,13,49,1,1,-1,2,1,0.6666666666666666,0.0,0.6666666666666666,3.295836866004329,1.2069489608125827
5951,19,49,135592,13,49,0,0,-1,1,0,0.0,0.0,1.0,0.0,0.0
5952,1,23,5952,13,23,0,1,23,1,0,0.8,0.0,1.0,27.89804328595281,0.0
5953,3,49,17860,13,49,0,0,-1,1,0,0.0,0.0,1.0,0.0,0.0
5954,1,142,9232,13,142,0,1,142,1,0,0.8,0.0,1.0,171.8662809702397,0.0
5955,6,142,26800,13,142,0,0,-1,1,0,0.0,0.0,1.0,0.0,0.0
5956,1,49,5956,13,49,1,1,49,2,1,0.6666666666666666,0.0,0.6666666666666666,60.607294841304935,1.2069489608125612
5957,3,49,17872,13,49,0,0,-1,1,0,0.0,0.0,1.0,0.0,0.0
5958,1,49,13408,13,49,0,1,-1,1,0,0.8,0.0,1.0,2.8903717578961645,0.0
5959,21,124,50920,13,124,0,0,-1,1,0,0.0,0.0,1.0,0.0,0.0
5960,1,93,8080,13,93,0,1,93,1,0,0.6666666666666666,0.0,1.0,112.28063737646674,0.0
5961,3,49,30184,13,49,0,0,-1,1,0,0.0,0.0,1.0,0.0,0.0
5962,1,93,8944,13,93,1,1,93,2,1,0.6666666666666666,0.0,0.6666666666666666,112.39842041212313,1.2069489608125767
5963,8,49,26836,13,49,0,0,-1,1,0,0.0,0.0,1.0,0.0,0.0
5964,1,93,8080,13,93,0,1,93,1,0,0.8,0.0,1.0,111.99295530401496,0.0
5965,3,93,17896,13,93,0,0,-1,1,0,0.0,0.0,1.0,0.0,0.0
5966,1,142,22660,13,142,0,1,-1,1,0,0.8,0.0,1.0,2.8903717578961645,0.0
5967,13,142,60424,13,142,0,0,-1,1,0,0.0,0.0,1.0,0.0,0.0
5968,1,23,5968,13,23,1,1,23,2,1,0.6666666666666666,0.0,0.6666666666666666,28.878872538964536,1.2069489608125845
5969,3,93,17908,13,93,0,0,-1,1,0,0.0,0.0,1.0,0.0,0.0
5970,1,142,51028,13,142,0,1,-1,1,0,0.8,0.0,1.0,6.1862086239004945,0.0
5971,6,142,51028,13,142,0,0,-1,1,0,0.0,0.0,1.0,0.0,0.0
5972,1,23,5972,13,23,0,1,23,1,0,0.6666666666666666,0.0,1.0,28.761089503308153,0.0
5973,3,23,17920,13,23,0,0,-1,1,0,0.0,0.0,1.0,0.0,0.0
5974,1,49,13444,13,49,1,1,-1,2,1,0.6666666666666666,0.0,0.6666666666666666,3.295836866004329,1.2069489608125827
5975,8,49,40336,13,49,0,0,-1,1,0,0.0,0.0,1.0,0.0,0.0
5976,1,49,5976,13,49,0,1,49,1,0,0.8,0.0,1.0,59.91414766074499,0.0
5977,3,49,20176,13,49,0,0,-1,1,0,0.0,0.0,1.0,0.0,0.0
5978,1,49,8968,13,49,0,1,49,1,0,0.8,0.0,1.0,59.91414766074499,0.0
5979,21,54,45412,13,54,0,0,-1,1,0,0.0,0.0,1.0,0.0,0.0
5980,1,49,10096,13,49,1,1,-1,2,1,0.6666666666666666,0.0,0.6666666666666666,6.87935580446044,1.2069489608125827
5981,3,49,17944,13,49,0,0,-1,1,0,0.0,0.0,1.0,0.0,0.0
5982,1,49,30292,13,49,0,1,-1,1,0,0.8,0.0,1.0,2.8903717578961645,0.0
5983,13,49,90880,13,49,0,0,-1,1,0,0.0,0.0,1.0,0.0,0.0
5984,1,49,5984,13,49,0,1,49,1,0,0.6666666666666666,0.0,1.0,60.48951180564855,0.0
5985,3,93,25576,13,93,0,0,-1,1,0,0.0,0.0,1.0,0.0,0.0
5986,1,49,8980,13,49,1,1,49,2,1,0.6666666666666666,0.0,0.6666666666666666,60.03193069640137,1.2069489608125767
5987,6,49,26944,13,49,0,0,-1,1,0,0.0,0.0,1.0,0.0,0.0
5988,1,49,5988,13,49,0,1,49,1,0,0.8,0.0,1.0,59.91414766074499,0.0
5989,3,49,17968,13,49,0,0,-1,1,0,0.0,0.0,1.0,0.0,0.0
5990,1,49,13480,13,49,0,1,-1,1,0,0.8,0.0,1.0,2.8903717578961645,0.0
5991,42,93,345544,13,93,0,0,-1,1,0,0.0,0.0,1.0,0.0,0.0
5992,1,49,5992,13,49,1,1,49,2,1,0.6666666666666666,0.0,0.6666666666666666,60.89497691375671,1.2069489608125925
5993,3,80,45520,13,80,0,0,-1,1,0,0.0,0.0,1.0,0.0,0.0
5994,1,49,8992,13,49,0,1,49,1,0,0.8,0.0,1.0,60.20182973319677,0.0
5995,8,80,26980,13,80,0,0,-1,1,0,0.0,0.0,1.0,0.0,0.0
5996,1,49,11392,13,49,0,1,-1,1,0,0.6666666666666666,0.0,1.0,12.254634212144603,0.0
5997,3,49,17992,13,49,0,0,-1,1,0,0.0,0.0,1.0,0.0,0.0
5998,1,49,20248,13,49,1,1,-1,2,1,0.6666666666666666,0.0,0.6666666666666666,3.295836866004329,1.2069489608125827
5999,29,186,129760,13,186,0,0,-1,1,0,0.0,0.0,1.0,0.0,0.0
6000,1,49,6000,13,49,0,1,49,1,0,0.8,0.0,1.0,60.20182973319677,0.0
6001,3,49,18004,13,49,0,0,-1,1,0,0.0,0.0,1.0,0.0,0.0
6002,1,41,10132,13,41,0,1,-1,1,0,0.8,0.0,1.0,6.1862086239004945,0.0
6003,6,41,27016,13,41,0,0,-1,1,0,0.0,0.0,1.0,0.0,0.0
6004,1,49,6004,13,49,1,1,49,2,1,0.6666666666666666,0.0,0.6666666666666666,60.89497691375671,1.2069489608125925
6005,3,49,18016,13,49,0,0,-1,1,0,0.0,0.0,1.0,0.0,0.0
6006,1,41,15208,13,41,0,1,-1,1,0,0.8,0.0,1.0,2.8903717578961645,0.0
6007,8,41,40552,13,41,0,0,-1,1,0,0.0,0.0,1.0,0.0,0.0
6008,1,142,21688,13,142,0,1,-1,1,0,0.6666666666666666,0.0,1.0,18.035377727936933,0.0
6009,3,93,61720,13,93,0,0,-1,1,0,0.0,0.0,1.0,0.0,0.0
6010,1,142,21688,13,142,1,1,-1,2,1,0.6666666666666666,0.0,0.6666666666666666,18.153160763593316,1.2069489608125845
6011,13,41,30436,13,41,0,0,-1,1,0,0.0,0.0,1.0,0.0,0.0
6012,1,142,22840,13,142,0,1,-1,1,0,0.8,0.0,1.0,6.473890696352275,0.0
6013,3,142,22840,13,142,0,0,-1,1,0,0.0,0.0,1.0,0.0,0.0
6014,1,155,250504,13,155,0,1,-1,1,0,0.8,0.0,1.0,2.8903717578961645,0.0
6015,34,155,250504,13,155,0,0,-1,1,0,0.0,0.0,1.0,0.0,0.0
6016,1,111,9232,13,111,1,1,111,2,1,0.6666666666666666,0.0,0.6666666666666666,135.9133085500222,1.2069489608126394
6017,3,186,32560,13,186,0,0,-1,1,0,0.0,0.0,1.0,0.0,0.0
6018,1,41,9028,13,41,0,1,41,1,0,0.8,0.0,1.0,49.39915691668945,0.0
6019,6,41,27088,13,41,0,0,-1,1,0,0.0,0.0,1.0,0.0,0.0
6020,1,41,8584,13,41,0,1,41,1,0,0.6666666666666666,0.0,1.0,49.97452106159301,0.0
6021,3,41,18064,13,41,0,0,-1,1,0,0.0,0.0,1.0,0.0,0.0
6022,1,41,13552,13,41,1,1,-1,2,1,0.6666666666666666,0.0,0.6666666666666666,3.295836866004329,1.2069489608125827
6023,11,41,40660,13,41,0,0,-1,1,0,0.0,0.0,1.0,0.0,0.0
6024,1,23,6024,13,23,0,1,23,1,0,0.8,0.0,1.0,28.18572535840459,0.0
6025,3,93,34324,13,93,0,0,-1,1,0,0.0,0.0,1.0,0.0,0.0
6026,1,23,9040,13,23,0,1,23,1,0,0.8,0.0,1.0,28.18572535840459,0.0
6027,8,186,48904,13,186,0,0,-1,1,0,0.0,0.0,1.0,0.0,0.0
6028,1,23,6784,13,23,1,1,23,2,1,0.6666666666666666,0.0,0.6666666666666666,28.591190466512753,1.2069489608125925
6029,3,23,18088,13,23,0,0,-1,1,0,0.0,0.0,1.0,0.0,0.0
6030,1,93,28996,13,93,0,1,-1,1,0,0.8,0.0,1.0,2.8903717578961645,0.0
6031,11,93,61072,13,93,0,0,-1,1,0,0.0,0.0,1.0,0.0,0.0
6032,1,67,9232,13,67,0,1,67,1,0,0.6666666666666666,0.0,1.0,81.70294336393341,0.0
6033,3,41,18100,13,41,0,0,-1,1,0,0.0,0.0,1.0,0.0,0.0
6034,1,41,15280,13,41,1,1,-1,2,1,0.6666666666666666,0.0,0.6666666666666666,6.591673732008659,1.2069489608125827
6035,6,41,27160,13,41,0,0,-1,1,0,0.0,0.0,1.0,0.0,0.0
6036,1,67,9232,13,67,0,1,67,1,0,0.8,0.0,1.0,81.41526129148164,0.0
6037,3,67,18112,13,67,0,0,-1,1,0,0.0,0.0,1.0,0.0,0.0
6038,1,67,13588,13,67,0,1,-1,1,0,0.8,0.0,1.0,2.8903717578961645,0.0
6039,8,67,40768,13,67,0,0,-1,1,0,0.0,0.0,1.0,0.0,0.0
6040,1,67,9232,13,67,1,1,67,2,1,0.6666666666666666,0.0,0.6666666666666666,82.10840847204157,1.206948960812608
6041,3,67,20392,13,67,0,0,-1,1,0,0.0,0.0,1.0,0.0,0.0
6042,1,67,9232,13,67,0,1,67,1,0,0.8,0.0,1.0,81.41526129148164,0.0
6043,16,124,176740,13,124,0,0,-1,1,0,0.0,0.0,1.0,0.0,0.0
6044,1,93,39364,13,93,0,1,-1,1,0,0.6666666666666666,0.0,1.0,6.761572768804056,0.0
6045,3,93,39364,13,93,0,0,-1,1,0,0.0,0.0,1.0,0.0,0.0
6046,1,93,39364,13,93,1,1,-1,2,1,0.6666666666666666,0.0,0.6666666666666666,3.295836866004329,1.2069489608125827
6047,21,93,103336,13,93,0,0,-1,1,0,0.0,0.0,1.0,0.0,0.0
6048,1,111,9232,13,111,0,1,111,1,0,0.8,0.0,1.0,134.93247929701047,0.0
6049,3,67,18148,13,67,0,0,-1,1,0,0.0,0.0,1.0,0.0,0.0
6050,1,67,9232,13,67,0,1,67,1,0,0.8,0.0,1.0,81.12757921902985,0.0
6051,6,67,27232,13,67,0,0,-1,1,0,0.0,0.0,1.0,0.0,0.0
6052,1,67,14560,13,67,1,1,-1,2,1,0.6666666666666666,0.0,0.6666666666666666,12.660099320252767,1.2069489608125807
6053,3,67,18160,13,67,0,0,-1,1,0,0.0,0.0,1.0,0.0,0.0
6054,1,67,14560,13,67,0,1,-1,1,0,0.8,0.0,1.0,2.8903717578961645,0.0
6055,29,93,118096,13,93,0,0,-1,1,0,0.0,0.0,1.0,0.0,0.0
6056,1,111,9232,13,111,0,1,111,1,0,0.6666666666666666,0.0,1.0,135.50784344191405,0.0
6057,3,186,1276936,13,186,0,0,-1,1,0,0.0,0.0,1.0,0.0,0.0
6058,1,111,9232,13,111,1,1,111,2,1,0.6666666666666666,0.0,0.6666666666666666,135.62562647757042,1.2069489608126394
6059,8,142,32776,13,142,0,0,-1,1,0,0.0,0.0,1.0,0.0,0.0
6060,1,142,65608,13,142,0,1,-1,1,0,0.8,0.0,1.0,17.747695655485153,0.0
6061,3,142,65608,13,142,0,0,-1,1,0,0.0,0.0,1.0,0.0,0.0
6062,1,142,65608,13,142,0,1,-1,1,0,0.8,0.0,1.0,2.8903717578961645,0.0
6063,13,142,61396,13,142,0,0,-1,1,0,0.0,0.0,1.0,0.0,0.0
6064,1,62,6064,13,62,1,1,62,2,1,0.6666666666666666,0.0,0.6666666666666666,76.03998288379748,1.2069489608125457
6065,3,23,18196,13,23,0,0,-1,1,0,0.0,0.0,1.0,0.0,0.0
6066,1,23,10240,13,23,0,1,-1,1,0,0.8,0.0,1.0,6.1862086239004945,0.0
6067,6,23,27304,13,23,0,0,-1,1,0,0.0,0.0,1.0,0.0,0.0
6068,1,62,6068,13,62,0,1,62,1,0,0.6666666666666666,0.0,1.0,75.92219984814109,0.0
6069,3,62,18208,13,62,0,0,-1,1,0,0.0,0.0,1.0,0.0,0.0
6070,1,155,23056,13,155,1,1,-1,2,1,0.6666666666666666,0.0,0.6666666666666666,3.295836866004329,1.2069489608125827
6071,8,155,40984,13,155,0,0,-1,1,0,0.0,0.0,1.0,0.0,0.0
6072,1,62,6072,13,62,0,1,62,1,0,0.8,0.0,1.0,75.34683570323753,0.0
6073,3,62,20500,13,62,0,0,-1,1,0,0.0,0.0,1.0,0.0,0.0
6074,1,62,9112,13,62,0,1,62,1,0,0.8,0.0,1.0,75.34683570323753,0.0
6075,11,62,30760,13,62,0,0,-1,1,0,0.0,0.0,1.0,0.0,0.0
6076,1,155,25972,13,155,1,1,-1,2,1,0.6666666666666666,0.0,0.6666666666666666,6.87935580446044,1.2069489608125827
6077,3,155,25972,13,155,0,0,-1,1,0,0.0,0.0,1.0,0.0,0.0
6078,1,155,46168,13,155,0,1,-1,1,0,0.8,0.0,1.0,2.8903717578961645,0.0
6079,29,67,155824,13,67,0,0,-1,1,0,0.0,0.0,1.0,0.0,0.0
6080,1,111,9232,13,111,0,1,111,1,0,0.6666666666666666,0.0,1.0,135.79552551436583,0.0
6081,3,62,18244,13,62,0,0,-1,1,0,0.0,0.0,1.0,0.0,0.0
6082,1,155,17332,13,155,1,1,-1,2,1,0.6666666666666666,0.0,0.6666666666666666,12.084735175349206,1.2069489608125807
6083,6,155,27376,13,155,0,0,-1,1,0,0.0,0.0,1.0,0.0,0.0
6084,1,111,9232,13,111,0,1,111,1,0,0.8,0.0,1.0,135.22016136946226,0.0
6085,3,111,18256,13,111,0,0,-1,1,0,0.0,0.0,1.0,0.0,0.0
6086,1,111,13696,13,111,0,1,-1,1,0,0.8,0.0,1.0,2.8903717578961645,0.0
6087,13,155,41092,13,155,0,0,-1,1,0,0.0,0.0,1.0,0.0,0.0
6088,1,36,6088,13,36,1,1,36,2,1,0.6666666666666666,0.0,0.6666666666666666,44.59924265390886,1.2069489608125612
6089,3,62,30832,13,62,0,0,-1,1,0,0.0,0.0,1.0,0.0,0.0
6090,1,36,9136,13,36,0,1,36,1,0,0.8,0.0,1.0,43.90609547334891,0.0
6091,8,36,27412,13,36,0,0,-1,1,0,0.0,0.0,1.0,0.0,0.0
6092,1,36,6856,13,36,0,1,36,1,0,0.6666666666666666,0.0,1.0,44.19377754580069,0.0
6093,3,36,18280,13,36,0,0,-1,1,0,0.0,0.0,1.0,0.0,0.0
6094,1,62,34720,13,62,1,1,-1,2,1,0.6666666666666666,0.0,0.6666666666666666,3.295836866004329,1.2069489608125827
6095,16,62,61720,13,62,0,0,-1,1,0,0.0,0.0,1.0,0.0,0.0
6096,1,111,9232,13,111,0,1,111,1,0,0.8,0.0,1.0,135.22016136946226,0.0
6097,3,36,18292,13,36,0,0,-1,1,0,0.0,0.0,1.0,0.0,0.0
6098,1,124,250504,13,124,0,1,-1,1,0,0.8,0.0,1.0,6.1862086239004945,0.0
6099,6,124,250504,13,124,0,0,-1,1,0,0.0,0.0,1.0,0.0,0.0
6100,1,111,9232,13,111,1,1,111,2,1,0.6666666666666666,0.0,0.6666666666666666,135.9133085500222,1.2069489608126394
6101,3,111,18304,13,111,0,0,-1,1,0,0.0,0.0,1.0,0.0,0.0
6102,1,155,26080,13,155,0,1,-1,1,0,0.8,0.0,1.0,2.8903717578961645,0.0
6103,8,155,41200,13,155,0,0,-1,1,0,0.0,0.0,1.0,0.0,0.0
6104,1,155,9232,13,155,0,1,155,1,0,0.6666666666666666,0.0,1.0,188.4496973025394,0.0
6105,3,111,20608,13,111,0,0,-1,1,0,0.0,0.0,1.0,0.0,0.0
6106,1,155,9232,13,155,1,1,155,2,1,0.6666666666666666,0.0,0.6666666666666666,188.56748033819576,1.2069489608126394
6107,13,155,46384,13,155,0,0,-1,1,0,0.0,0.0,1.0,0.0,0.0
6108,1,155,10312,13,155,0,1,-1,1,0,0.8,0.0,1.0,6.473890696352275,0.0
6109,3,155,18328,13,155,0,0,-1,1,0,0.0,0.0,1.0,0.0,0.0
6110,1,93,223072,13,93,0,1,-1,1,0,0.8,0.0,1.0,2.8903717578961645,0.0
6111,47,93,223072,13,93,0,0,-1,1,0,0.0,0.0,1.0,0.0,0.0
6112,1,49,6112,13,49,1,1,49,2,1,0.6666666666666666,0.0,0.6666666666666666,60.894976913756715,1.2069489608125767
6113,3,155,39184,13,155,0,0,-1,1,0,0.0,0.0,1.0,0.0,0.0
6114,1,111,9232,13,111,0,1,111,1,0,0.8,0.0,1.0,134.93247929701047,0.0
6115,6,111,27520,13,111,0,0,-1,1,0,0.0,0.0,1.0,0.0,0.0
6116,1,62,6116,13,62,0,1,62,1,0,0.6666666666666666,0.0,1.0,75.34683570323753,0.0
6117,3,62,18352,13,62,0,0,-1,1,0,0.0,0.0,1.0,0.0,0.0
6118,1,62,13768,13,62,1,1,-1,2,1,0.6666666666666666,0.0,0.6666666666666666,3.295836866004329,1.2069489608125827
6119,16,62,69712,13,62,0,0,-1,1,0,0.0,0.0,1.0,0.0,0.0
6120,1,49,6120,13,49,0,1,49,1,0,0.8,0.0,1.0,60.20182973319677,0.0
6121,3,173,8153620,13,173,0,0,-1,1,0,0.0,0.0,1.0,0.0,0.0
6122,1,49,9184,13,49,0,1,49,1,0,0.8,0.0,1.0,60.20182973319677,0.0
6123,8,186,55888,13,186,0,0,-1,1,0,0.0,0.0,1.0,0.0,0.0
6124,1,62,8728,13,62,1,1,62,2,1,0.6666666666666666,0.0,0.6666666666666666,74.88925459399034,1.2069489608125767
6125,3,62,18376,13,62,0,0,-1,1,0,0.0,0.0,1.0,0.0,0.0
6126,1,62,20680,13,62,0,1,-1,1,0,0.8,0.0,1.0,2.8903717578961645,0.0
6127,19,62,104704,13,62,0,0,-1,1,0,0.0,0.0,1.0,0.0,0.0
6128,1,49,13120,13,49,0,1,-1,1,0,0.6666666666666666,0.0,1.0,18.89842394529228,0.0
6129,3,49,18388,13,49,0,0,-1,1,0,0.0,0.0,1.0,0.0,0.0
6130,1,155,44224,13,155,1,1,-1,2,1,0.6666666666666666,0.0,0.6666666666666666,6.591673732008659,1.2069489608125827
6131,6,155,44224,13,155,0,0,-1,1,0,0.0,0.0,1.0,0.0,0.0
6132,1,49,13120,13,49,0,1,-1,1,0,0.8,0.0,1.0,18.610741872840496,0.0
6133,3,49,18400,13,49,0,0,-1,1,0,0.0,0.0,1.0,0.0,0.0
6134,1,62,17476,13,62,0,1,-1,1,0,0.8,0.0,1.0,2.8903717578961645,0.0
6135,8,62,41416,13,62,0,0,-1,1,0,0.0,0.0,1.0,0.0,0.0
6136,1,62,39364,13,62,1,1,-1,2,1,0.6666666666666666,0.0,0.6666666666666666,12.947781392704547,1.2069489608125845
6137,3,124,95956,13,124,0,0,-1,1,0,0.0,0.0,1.0,0.0,0.0
6138,1,62,39364,13,62,0,1,-1,1,0,0.8,0.0,1.0,12.254634212144603,0.0
6139,29,124,95956,13,124,0,0,-1,1,0,0.0,0.0,1.0,0.0,0.0
6140,1,62,118096,13,62,0,1,-1,1,0,0.6666666666666666,0.0,1.0,6.761572768804056,0.0
6141,3,62,118096,13,62,0,0,-1,1,0,0.0,0.0,1.0,0.0,0.0
6142,1,155,1276936,13,155,1,1,-1,2,1,0.6666666666666666,0.0,0.6666666666666666,3.295836866004329,1.2069489608125827
6143,81,155,1276936,13,155,0,0,-1,1,0,0.0,0.0,1.0,0.0,0.0
6144,1,18,6144,13,18,0,1,18,1,0,0.8,0.0,1.0,20.966571480353352,0.0
6145,3,49,18436,13,49,0,0,-1,1,0,0.0,0.0,1.0,0.0,0.0
6146,1,111,9232,13,111,0,1,111,1,0,0.8,0.0,1.0,134.35711515210693,0.0
6147,6,111,27664,13,111,0,0,-1,1,0,0.0,0.0,1.0,0.0,0.0
6148,1,155,9232,13,155,1,1,155,2,1,0.6666666666666666,0.0,0.6666666666666666,189.1428444830993,1.2069489608126394
6149,3,155,18448,13,155,0,0,-1,1,0,0.0,0.0,1.0,0.0,0.0
6150,1,155,13840,13,155,0,1,-1,1,0,0.8,0.0,1.0,2.8903717578961645,0.0
6151,11,111,41524,13,111,0,0,-1,1,0,0.0,0.0,1.0,0.0,0.0
6152,1,36,6152,13,36,0,1,36,1,0,0.6666666666666666,0.0,1.0,44.19377754580069,0.0
6153,3,93,31156,13,93,0,0,-1,1,0,0.0,0.0,1.0,0.0,0.0
6154,1,36,9232,13,36,1,1,36,2,1,0.6666666666666666,0.0,0.6666666666666666,44.31156058145707,1.2069489608125767
6155,8,155,27700,13,155,0,0,-1,1,0,0.0,0.0,1.0,0.0,0.0
6156,1,36,6928,13,36,0,1,36,1,0,0.8,0.0,1.0,43.90609547334891,0.0
6157,3,36,18472,13,36,0,0,-1,1,0,0.0,0.0,1.0,0.0,0.0
6158,1,155,20788,13,155,0,1,-1,1,0,0.8,0.0,1.0,2.8903717578961645,0.0
6159,11,155,62368,13,155,0,0,-1,1,0,0.0,0.0,1.0,0.0,0.0
6160,1,36,6160,13,36,1,1,36,2,1,0.6666666666666666,0.0,0.6666666666666666,44.59924265390885,1.2069489608125767
6161,3,36,18484,13,36,0,0,-1,1,0,0.0,0.0,1.0,0.0,0.0
6162,1,155,15604,13,155,0,1,-1,1,0,0.8,0.0,1.0,6.1862086239004945,0.0
6163,6,155,27736,13,155,0,0,-1,1,0,0.0,0.0,1.0,0.0,0.0
6164,1,36,6164,13,36,0,1,36,1,0,0.6666666666666666,0.0,1.0,44.48145961825247,0.0
6165,3,36,18496,13,36,0,0,-1,1,0,0.0,0.0,1.0,0.0,0.0
6166,1,36,13876,13,36,1,1,-1,2,1,0.6666666666666666,0.0,0.6666666666666666,3.295836866004329,1.2069489608125827
6167,8,36,41632,13,36,0,0,-1,1,0,0.0,0.0,1.0,0.0,0.0
6168,1,36,6168,13,36,0,1,36,1,0,0.8,0.0,1.0,44.19377754580069,0.0
6169,3,111,20824,13,111,0,0,-1,1,0,0.0,0.0,1.0,0.0,0.0
6170,1,36,9256,13,36,0,1,36,1,0,0.8,0.0,1.0,44.19377754580069,0.0
6171,94,261,975400,13,261,0,0,-1,1,0,0.0,0.0,1.0,0.0,0.0
6172,1,111,10420,13,111,1,1,-1,2,1,0.6666666666666666,0.0,0.6666666666666666,6.87935580446044,1.2069489608125827
6173,3,111,18520,13,111,0,0,-1,1,0,0.0,0.0,1.0,0.0,0.0
6174,1,111,31264,13,111,0,1,-1,1,0,0.8,0.0,1.0,2.8903717578961645,0.0
6175,24,142,93796,13,142,0,0,-1,1,0,0.0,0.0,1.0,0.0,0.0
6176,1,124,9232,13,124,0,1,124,1,0,0.6666666666666666,0.0,1.0,151.2282135568584,0.0
6177,3,111,18532,13,111,0,0,-1,1,0,0.0,0.0,1.0,0.0,0.0
6178,1,36,9268,13,36,1,1,36,2,1,0.6666666666666666,0.0,0.6666666666666666,44.31156058145707,1.2069489608125767
6179,6,36,27808,13,36,0,0,-1,1,0,0.0,0.0,1.0,0.0,0.0
6180,1,62,7828,13,62,0,1,62,1,0,0.8,0.0,1.0,75.05915363078574,0.0
6181,3,62,18544,13,62,0,0,-1,1,0,0.0,0.0,1.0,0.0,0.0
6182,1,62,13912,13,62,0,1,-1,1,0,0.8,0.0,1.0,2.8903717578961645,0.0
6183,13,155,46960,13,155,0,0,-1,1,0,0.0,0.0,1.0,0.0,0.0
6184,1,124,9232,13,124,1,1,124,2,1,0.6666666666666666,0.0,0.6666666666666666,151.63367866496657,1.2069489608125767
6185,3,93,70468,13,93,0,0,-1,1,0,0.0,0.0,1.0,0.0,0.0
6186,1,124,9280,13,124,0,1,124,1,0,0.8,0.0,1.0,150.9405314844066,0.0
6187,8,62,27844,13,62,0,0,-1,1,0,0.0,0.0,1.0,0.0,0.0
6188,1,36,6964,13,36,0,1,36,1,0,0.6666666666666666,0.0,1.0,44.19377754580069,0.0
6189,3,36,18568,13,36,0,0,-1,1,0,0.0,0.0,1.0,0.0,0.0
6190,1,36,20896,13,36,1,1,-1,2,1,0.6666666666666666,0.0,0.6666666666666666,3.295836866004329,1.2069489608125827
6191,44,168,225988,13,168,0,0,-1,1,0,0.0,0.0,1.0,0.0,0.0
6192,1,124,9232,13,124,0,1,124,1,0,0.8,0.0,1.0,150.9405314844066,0.0
6193,3,186,190996,13,186,0,0,-1,1,0,0.0,0.0,1.0,0.0,0.0
6194,1,186,190996,13,186,0,1,-1,1,0,0.8,0.0,1.0,6.1862086239004945,0.0
6195,6,186,190996,13,186,0,0,-1,1,0,0.0,0.0,1.0,0.0,0.0
6196,1,124,9232,13,124,1,1,124,2,1,0.6666666666666666,0.0,0.6666666666666666,151.63367866496657,1.2069489608125767
6197,3,124,18592,13,124,0,0,-1,1,0,0.0,0.0,1.0,0.0,0.0
6198,1,137,67048,13,137,0,1,-1,1,0,0.8,0.0,1.0,2.8903717578961645,0.0
6199,8,137,67048,13,137,0,0,-1,1,0,0.0,0.0,1.0,0.0,0.0
6200,1,155,9232,13,155,0,1,155,1,0,0.6666666666666666,0.0,1.0,188.1620152300876,0.0
6201,3,36,20932,13,36,0,0,-1,1,0,0.0,0.0,1.0,0.0,0.0
6202,1,155,9304,13,155,1,1,155,2,1,0.6666666666666666,0.0,0.6666666666666666,188.27979826574398,1.2069489608125767
6203,11,93,31408,13,93,0,0,-1,1,0,0.0,0.0,1.0,0.0,0.0
6204,1,155,15712,13,155,0,1,-1,1,0,0.8,0.0,1.0,6.473890696352275,0.0
6205,3,155,18616,13,155,0,0,-1,1,0,0.0,0.0,1.0,0.0,0.0
6206,1,93,59668,13,93,0,1,-1,1,0,0.8,0.0,1.0,2.8903717578961645,0.0
6207,26,93,141424,13,93,0,0,-1,1,0,0.0,0.0,1.0,0.0,0.0
6208,1,124,9232,13,124,1,1,124,2,1,0.6666666666666666,0.0,0.6666666666666666,151.63367866496657,1.2069489608125767
6209,3,155,18628,13,155,0,0,-1,1,0,0.0,0.0,1.0,0.0,0.0
6210,1,155,9316,13,155,0,1,155,1,0,0.8,0.0,1.0,187.01128694028048,0.0
6211,6,155,27952,13,155,0,0,-1,1,0,0.0,0.0,1.0,0.0,0.0
6212,1,124,9232,13,124,0,1,124,1,0,0.6666666666666666,0.0,1.0,151.51589562931017,0.0
6213,3,124,18640,13,124,0,0,-1,1,0,0.0,0.0,1.0,0.0,0.0
6214,1,124,13984,13,124,1,1,-1,2,1,0.6666666666666666,0.0,0.6666666666666666,3.295836866004329,1.2069489608125827
6215,21,62,41956,13,62,0,0,-1,1,0,0.0,0.0,1.0,0.0,0.0
6216,1,36,6216,13,36,0,1,36,1,0,0.8,0.0,1.0,43.90609547334891,0.0
6217,3,111,59776,13,111,0,0,-1,1,0,0.0,0.0,1.0,0.0,0.0
6218,1,36,9328,13,36,0,1,36,1,0,0.8,0.0,1.0,43.90609547334891,0.0
6219,8,124,27988,13,124,0,0,-1,1,0,0.0,0.0,1.0,0.0,0.0
6220,1,36,7000,13,36,1,1,36,2,1,0.6666666666666666,0.0,0.6666666666666666,44.31156058145707,1.2069489608125925
6221,3,36,18664,13,36,0,0,-1,1,0,0.0,0.0,1.0,0.0,0.0
6222,1,36,23632,13,36,0,1,-1,1,0,0.8,0.0,1.0,2.8903717578961645,0.0
6223,13,36,63016,13,36,0,0,-1,1,0,0.0,0.0,1.0,0.0,0.0
6224,1,124,9232,13,124,0,1,124,1,0,0.6666666666666666,0.0,1.0,151.51589562931017,0.0
6225,3,36,18676,13,36,0,0,-1,1,0,0.0,0.0,1.0,0.0,0.0
6226,1,93,95956,13,93,1,1,-1,2,1,0.6666666666666666,0.0,0.6666666666666666,6.591673732008659,1.2069489608125827
6227,6,93,95956,13,93,0,0,-1,1,0,0.0,0.0,1.0,0.0,0.0
6228,1,124,9232,13,124,0,1,124,1,0,0.8,0.0,1.0,151.2282135568584,0.0
6229,3,124,18688,13,124,0,0,-1,1,0,0.0,0.0,1.0,0.0,0.0
6230,1,62,14020,13,62,0,1,-1,1,0,0.8,0.0,1.0,2.8903717578961645,0.0
6231,8,62,42064,13,62,0,0,-1,1,0,0.0,0.0,1.0,0.0,0.0
6232,1,62,6232,13,62,1,1,62,2,1,0.6666666666666666,0.0,0.6666666666666666,76.61534702870102,1.206948960812608
6233,3,62,21040,13,62,0,0,-1,1,0,0.0,0.0,1.0,0.0,0.0
6234,1,62,9352,13,62,0,1,62,1,0,0.8,0.0,1.0,75.92219984814109,0.0
6235,32,186,269728,13,186,0,0,-1,1,0,0.0,0.0,1.0,0.0,0.0
6236,1,62,10528,13,62,0,1,-1,1,0,0.6666666666666666,0.0,1.0,6.761572768804056,0.0
6237,3,62,18712,13,62,0,0,-1,1,0,0.0,0.0,1.0,0.0,0.0
6238,1,49,31588,13,49,1,1,-1,2,1,0.6666666666666666,0.0,0.6666666666666666,3.295836866004329,1.2069489608125827
6239,13,49,94768,13,49,0,0,-1,1,0,0.0,0.0,1.0,0.0,0.0
6240,1,124,9232,13,124,0,1,124,1,0,0.8,0.0,1.0,150.9405314844066,0.0
6241,3,49,23704,13,49,0,0,-1,1,0,0.0,0.0,1.0,0.0,0.0
6242,1,62,9364,13,62,0,1,62,1,0,0.8,0.0,1.0,75.6345177756893,0.0
6243,6,62,28096,13,62,0,0,-1,1,0,0.0,0.0,1.0,0.0,0.0
6244,1,62,6244,13,62,1,1,62,2,1,0.6666666666666666,0.0,0.6666666666666666,76.32766495624925,1.2069489608125767
6245,3,62,18736,13,62,0,0,-1,1,0,0.0,0.0,1.0,0.0,0.0
6246,1,62,14056,13,62,0,1,-1,1,0,0.8,0.0,1.0,2.8903717578961645,0.0
6247,26,186,144340,13,186,0,0,-1,1,0,0.0,0.0,1.0,0.0,0.0
6248,1,124,9232,13,124,0,1,124,1,0,0.6666666666666666,0.0,1.0,151.51589562931017,0.0
6249,3,155,47464,13,155,0,0,-1,1,0,0.0,0.0,1.0,0.0,0.0
6250,1,124,9376,13,124,1,1,124,2,1,0.6666666666666666,0.0,0.6666666666666666,151.63367866496657,1.2069489608125767
6251,8,111,60100,13,111,0,0,-1,1,0,0.0,0.0,1.0,0.0,0.0
6252,1,155,26728,13,155,0,1,-1,1,0,0.8,0.0,1.0,11.966952139692822,0.0
6253,3,155,26728,13,155,0,0,-1,1,0,0.0,0.0,1.0,0.0,0.0
6254,1,155,26728,13,155,0,1,-1,1,0,0.8,0.0,1.0,2.8903717578961645,0.0
6255,24,111,120256,13,111,0,0,-1,1,0,0.0,0.0,1.0,0.0,0.0
6256,1,124,9232,13,124,1,1,124,2,1,0.6666666666666666,0.0,0.6666666666666666,151.63367866496657,1.2069489608125767
6257,3,124,18772,13,124,0,0,-1,1,0,0.0,0.0,1.0,0.0,0.0
6258,1,111,14308,13,111,0,1,-1,1,0,0.8,0.0,1.0,6.1862086239004945,0.0
6259,6,111,28168,13,111,0,0,-1,1,0,0.0,0.0,1.0,0.0,0.0
6260,1,124,9232,13,124,0,1,124,1,0,0.6666666666666666,0.0,1.0,151.51589562931017,0.0
6261,3,124,18784,13,124,0,0,-1,1,0,0.0,0.0,1.0,0.0,0.0
6262,1,111,15856,13,111,1,1,-1,2,1,0.6666666666666666,0.0,0.6666666666666666,3.295836866004329,1.2069489608125827
6263,8,111,42280,13,111,0,0,-1,1,0,0.0,0.0,1.0,0.0,0.0
6264,1,124,9232,13,124,0,1,124,1,0,0.8,0.0,1.0,150.65284941195483,0.0
6265,3,85,67768,13,85,0,0,-1,1,0,0.0,0.0,1.0,0.0,0.0
6266,1,124,9400,13,124,0,1,124,1,0,0.8,0.0,1.0,150.65284941195483,0.0
6267,13,62,50848,13,62,0,0,-1,1,0,0.0,0.0,1.0,0.0,0.0
6268,1,62,23812,13,62,1,1,-1,2,1,0.6666666666666666,0.0,0.6666666666666666,6.87935580446044,1.2069489608125827
6269,3,62,23812,13,62,0,0,-1,1,0,0.0,0.0,1.0,0.0,0.0
6270,1,62,71440,13,62,0,1,-1,1,0,0.8,0.0,1.0,2.8903717578961645,0.0
6271,39,111,214324,13,111,0,0,-1,1,0,0.0,0.0,1.0,0.0,0.0
6272,1,31,6272,13,31,0,1,31,1,0,0.6666666666666666,0.0,1.0,38.125351957556596,0.0
6273,3,62,18820,13,62,0,0,-1,1,0,0.0,0.0,1.0,0.0,0.0
6274,1,36,9412,13,36,1,1,36,2,1,0.6666666666666666,0.0,0.6666666666666666,43.73619643655351,1.2069489608125767
6275,6,36,28240,13,36,0,0,-1,1,0,0.0,0.0,1.0,0.0,0.0
6276,1,36,6276,13,36,0,1,36,1,0,0.8,0.0,1.0,44.19377754580069,0.0
6277,3,36,18832,13,36,0,0,-1,1,0,0.0,0.0,1.0,0.0,0.0
6278,1,36,14128,13,36,0,1,-1,1,0,0.8,0.0,1.0,2.8903717578961645,0.0
6279,11,106,42388,13,106,0,0,-1,1,0,0.0,0.0,1.0,0.0,0.0
6280,1,124,9232,13,124,1,1,124,2,1,0.6666666666666666,0.0,0.6666666666666666,151.92136073741833,1.2069489608126394
6281,3,62,80512,13,62,0,0,-1,1,0,0.0,0.0,1.0,0.0,0.0
6282,1,124,9424,13,124,0,1,124,1,0,0.8,0.0,1.0,151.2282135568584,0.0
6283,8,155,28276,13,155,0,0,-1,1,0,0.0,0.0,1.0,0.0,0.0
6284,1,124,9232,13,124,0,1,124,1,0,0.6666666666666666,0.0,1.0,151.51589562931017,0.0
6285,3,124,18856,13,124,0,0,-1,1,0,0.0,0.0,1.0,0.0,0.0
6286,1,106,21220,13,106,1,1,-1,2,1,0.6666666666666666,0.0,0.6666666666666666,3.295836866004329,1.2069489608125827
6287,11,106,63664,13,106,0,0,-1,1,0,0.0,0.0,1.0,0.0,0.0
6288,1,62,6288,13,62,0,1,62,1,0,0.8,0.0,1.0,75.92219984814109,0.0
6289,3,62,18868,13,62,0,0,-1,1,0,0.0,0.0,1.0,0.0,0.0
6290,1,62,15928,13,62,0,1,-1,1,0,0.8,0.0,1.0,6.1862086239004945,0.0
6291,6,62,28312,13,62,0,0,-1,1,0,0.0,0.0,1.0,0.0,0.0
6292,1,62,6292,13,62,1,1,62,2,1,0.6666666666666666,0.0,0.6666666666666666,76.61534702870104,1.2069489608125457
6293,3,62,18880,13,62,0,0,-1,1,0,0.0,0.0,1.0,0.0,0.0
6294,1,124,14164,13,124,0,1,-1,1,0,0.8,0.0,1.0,2.8903717578961645,0.0
6295,8,124,42496,13,124,0,0,-1,1,0,0.0,0.0,1.0,0.0,0.0
6296,1,62,6296,13,62,0,1,62,1,0,0.6666666666666666,0.0,1.0,76.49756399304465,0.0
6297,3,62,21256,13,62,0,0,-1,1,0,0.0,0.0,1.0,0.0,0.0
6298,1,62,9448,13,62,1,1,62,2,1,0.6666666666666666,0.0,0.6666666666666666,76.61534702870104,1.2069489608125457
6299,19,62,71764,13,62,0,0,-1,1,0,0.0,0.0,1.0,0.0,0.0
6300,1,62,11968,13,62,0,1,-1,1,0,0.8,0.0,1.0,6.473890696352275,0.0
6301,3,62,18904,13,62,0,0,-1,1,0,0.0,0.0,1.0,0.0,0.0
6302,1,62,31912,13,62,0,1,-1,1,0,0.8,0.0,1.0,2.8903717578961645,0.0
6303,39,155,817936,13,155,0,0,-1,1,0,0.0,0.0,1.0,0.0,0.0
6304,1,31,6304,13,31,1,1,31,2,1,0.6666666666666666,0.0,0.6666666666666666,38.530817065664756,1.2069489608125925
6305,3,62,26944,13,62,0,0,-1,1,0,0.0,0.0,1.0,0.0,0.0
6306,1,62,9460,13,62,0,1,62,1,0,0.8,0.0,1.0,75.6345177756893,0.0
6307,6,62,28384,13,62,0,0,-1,1,0,0.0,0.0,1.0,0.0,0.0
6308,1,93,45520,13,93,0,1,-1,1,0,0.6666666666666666,0.0,1.0,12.542316284596383,0.0
6309,3,93,45520,13,93,0,0,-1,1,0,0.0,0.0,1.0,0.0,0.0
6310,1,93,45520,13,93,1,1,-1,2,1,0.6666666666666666,0.0,0.6666666666666666,3.295836866004329,1.2069489608125827
6311,55,106,345544,13,106,0,0,-1,1,0,0.0,0.0,1.0,0.0,0.0
6312,1,31,6312,13,31,0,1,31,1,0,0.8,0.0,1.0,37.837669885104816,0.0
6313,3,155,182068,13,155,0,0,-1,1,0,0.0,0.0,1.0,0.0,0.0
6314,1,31,9472,13,31,0,1,31,1,0,0.8,0.0,1.0,37.837669885104816,0.0
6315,8,62,28420,13,62,0,0,-1,1,0,0.0,0.0,1.0,0.0,0.0
6316,1,124,9232,13,124,1,1,124,2,1,0.6666666666666666,0.0,0.6666666666666666,151.058314520063,1.2069489608125767
6317,3,124,18952,13,124,0,0,-1,1,0,0.0,0.0,1.0,0.0,0.0
6318,1,124,21328,13,124,0,1,-1,1,0,0.8,0.0,1.0,2.8903717578961645,0.0
6319,13,199,129760,13,199,0,0,-1,1,0,0.0,0.0,1.0,0.0,0.0
6320,1,80,9232,13,80,0,1,80,1,0,0.6666666666666666,0.0,1.0,97.71099555132953,0.0
6321,3,155,21688,13,155,0,0,-1,1,0,0.0,0.0,1.0,0.0,0.0
6322,1,155,21688,13,155,1,1,-1,2,1,0.6666666666666666,0.0,0.6666666666666666,6.591673732008659,1.2069489608125827
6323,6,155,28456,13,155,0,0,-1,1,0,0.0,0.0,1.0,0.0,0.0
6324,1,80,9232,13,80,0,1,80,1,0,0.8,0.0,1.0,97.42331347887776,0.0
6325,3,80,18976,13,80,0,0,-1,1,0,0.0,0.0,1.0,0.0,0.0
6326,1,54,40552,13,54,0,1,-1,1,0,0.8,0.0,1.0,2.8903717578961645,0.0
6327,8,54,42712,13,54,0,0,-1,1,0,0.0,0.0,1.0,0.0,0.0
6328,1,80,9232,13,80,1,1,80,2,1,0.6666666666666666,0.0,0.6666666666666666,97.82877858698592,1.2069489608125767
6329,3,155,21688,13,155,0,0,-1,1,0,0.0,0.0,1.0,0.0,0.0
6330,1,80,9496,13,80,0,1,80,1,0,0.8,0.0,1.0,97.13563140642597,0.0
6331,11,54,32056,13,54,0,0,-1,1,0,0.0,0.0,1.0,0.0,0.0
6332,1,168,250504,13,168,0,1,-1,1,0,0.6666666666666666,0.0,1.0,6.761572768804056,0.0
6333,3,168,250504,13,168,0,0,-1,1,0,0.0,0.0,1.0,0.0,0.0
6334,1,168,250504,13,168,1,1,-1,2,1,0.6666666666666666,0.0,0.6666666666666666,3.295836866004329,1.2069489608125827
6335,19,155,144340,13,155,0,0,-1,1,0,0.0,0.0,1.0,0.0,0.0
6336,1,31,6336,13,31,0,1,31,1,0,0.8,0.0,1.0,37.549987812653036,0.0
6337,3,54,19012,13,54,0,0,-1,1,0,0.0,0.0,1.0,0.0,0.0
6338,1,54,12040,13,54,0,1,-1,1,0,0.8,0.0,1.0,11.679270067241042,0.0
6339,6,54,28528,13,54,0,0,-1,1,0,0.0,0.0,1.0,0.0,0.0
6340,1,80,9232,13,80,1,1,80,2,1,0.6666666666666666,0.0,0.6666666666666666,97.82877858698592,1.2069489608125767
6341,3,80,19024,13,80,0,0,-1,1,0,0.0,0.0,1.0,0.0,0.0
6342,1,80,14272,13,80,0,1,-1,1,0,0.8,0.0,1.0,2.8903717578961645,0.0
6343,13,54,42820,13,54,0,0,-1,1,0,0.0,0.0,1.0,0.0,0.0
6344,1,80,9232,13,80,0,1,80,1,0,0.6666666666666666,0.0,1.0,97.71099555132953,0.0
6345,3,80,32128,13,80,0,0,-1,1,0,0.0,0.0,1.0,0.0,0.0
6346,1,80,9520,13,80,1,1,80,2,1,0.6666666666666666,0.0,0.6666666666666666,97.82877858698592,1.2069489608125767
6347,8,36,28564,13,36,0,0,-1,1,0,0.0,0.0,1.0,0.0,0.0
6348,1,80,9232,13,80,0,1,80,1,0,0.8,0.0,1.0,97.42331347887776,0.0
6349,3,80,19048,13,80,0,0,-1,1,0,0.0,0.0,1.0,0.0,0.0
6350,1,199,695464,13,199,0,1,-1,1,0,0.8,0.0,1.0,2.8903717578961645,0.0
6351,42,199,695464,13,199,0,0,-1,1,0,0.0,0.0,1.0,0.0,0.0
6352,1,31,6352,13,31,1,1,31,2,1,0.6666666666666666,0.0,0.6666666666666666,38.53081706566476,1.2069489608125767
6353,3,54,19060,13,54,0,0,-1,1,0,0.0,0.0,1.0,0.0,0.0
6354,1,54,24136,13,54,0,1,-1,1,0,0.8,0.0,1.0,6.1862086239004945,0.0
6355,6,54,28600,13,54,0,0,-1,1,0,0.0,0.0,1.0,0.0,0.0
6356,1,31,6356,13,31,0,1,31,1,0,0.6666666666666666,0.0,1.0,38.413034030008376,0.0
6357,3,31,19072,13,31,0,0,-1,1,0,0.0,0.0,1.0,0.0,0.0
6358,1,80,14308,13,80,1,1,-1,2,1,0.6666666666666666,0.0,0.6666666666666666,3.295836866004329,1.2069489608125827
6359,8,80,42928,13,80,0,0,-1,1,0,0.0,0.0,1.0,0.0,0.0
6360,1,106,39364,13,106,0,1,-1,1,0,0.8,0.0,1.0,18.323059800388716,0.0
6361,3,106,39364,13,106,0,0,-1,1,0,0.0,0.0,1.0,0.0,0.0
6362,1,106,39364,13,106,0,1,-1,1,0,0.8,0.0,1.0,18.323059800388716,0.0
6363,13,80,48328,13,80,0,0,-1,1,0,0.0,0.0,1.0,0.0,0.0
6364,1,106,39364,13,106,1,1,-1,2,1,0.6666666666666666,0.0,0.6666666666666666,6.87935580446044,1.2069489608125827
6365,3,106,39364,13,106,0,0,-1,1,0,0.0,0.0,1.0,0.0,0.0
6366,1,62,40804,13,62,0,1,-1,1,0,0.8,0.0,1.0,2.8903717578961645,0.0
6367,29,62,96712,13,62,0,0,-1,1,0,0.0,0.0,1.0,0.0,0.0
6368,1,124,9232,13,124,0,1,124,1,0,0.6666666666666666,0.0,1.0,151.51589562931017,0.0
6369,3,106,275560,13,106,0,0,-1,1,0,0.0,0.0,1.0,0.0,0.0
6370,1,31,9556,13,31,1,1,31,2,1,0.6666666666666666,0.0,0.6666666666666666,37.955452920761196,1.2069489608125767
6371,6,31,28672,13,31,0,0,-1,1,0,0.0,0.0,1.0,0.0,0.0
6372,1,124,9232,13,124,0,1,124,1,0,0.8,0.0,1.0,150.65284941195483,0.0
6373,3,124,19120,13,124,0,0,-1,1,0,0.0,0.0,1.0,0.0,0.0
6374,1,124,14344,13,124,0,1,-1,1,0,0.8,0.0,1.0,2.8903717578961645,0.0
6375,21,199,1276936,13,199,0,0,-1,1,0,0.0,0.0,1.0,0.0,0.0
6376,1,124,9232,13,124,1,1,124,2,1,0.6666666666666666,0.0,0.6666666666666666,151.92136073741833,1.2069489608126394
6377,3,80,48436,13,80,0,0,-1,1,0,0.0,0.0,1.0,0.0,0.0
6378,1,124,9568,13,124,0,1,124,1,0,0.8,0.0,1.0,151.2282135568584,0.0
6379,8,80,36340,13,80,0,0,-1,1,0,0.0,0.0,1.0,0.0,0.0
6380,1,75,8080,13,75,0,1,75,1,0,0.6666666666666666,0.0,1.0,90.77952374573007,0.0
6381,3,75,19144,13,75,0,0,-1,1,0,0.0,0.0,1.0,0.0,0.0
6382,1,75,21544,13,75,1,1,-1,2,1,0.6666666666666666,0.0,0.6666666666666666,3.295836866004329,1.2069489608125827
6383,112,199,6810136,13,199,0,0,-1,1,0,0.0,0.0,1.0,0.0,0.0
6384,1,124,9232,13,124,0,1,124,1,0,0.8,0.0,1.0,151.2282135568584,0.0
6385,3,124,19156,13,124,0,0,-1,1,0,0.0,0.0,1.0,0.0,0.0
6386,1,36,18196,13,36,0,1,-1,1,0,0.8,0.0,1.0,6.1862086239004945,0.0
6387,6,36,28744,13,36,0,0,-1,1,0,0.0,0.0,1.0,0.0,0.0
6388,1,124,9232,13,124,1,1,124,2,1,0.6666666666666666,0.0,0.6666666666666666,151.92136073741835,1.2069489608125767
6389,3,124,19168,13,124,0,0,-1,1,0,0.0,0.0,1.0,0.0,0.0
6390,1,75,16180,13,75,0,1,-1,1,0,0.8,0.0,1.0,2.8903717578961645,0.0
6391,8,75,43144,13,75,0,0,-1,1,0,0.0,0.0,1.0,0.0,0.0
6392,1,75,12148,13,75,0,1,-1,1,0,0.6666666666666666,0.0,1.0,12.542316284596383,0.0
6393,3,168,24280,13,168,0,0,-1,1,0,0.0,0.0,1.0,0.0,0.0
6394,1,75,12148,13,75,1,1,-1,2,1,0.6666666666666666,0.0,0.6666666666666666,12.660099320252767,1.2069489608125807
6395,86,124,599056,13,124,0,0,-1,1,0,0.0,0.0,1.0,0.0,0.0
6396,1,75,36448,13,75,0,1,-1,1,0,0.8,0.0,1.0,6.473890696352275,0.0
6397,3,75,36448,13,75,0,0,-1,1,0,0.0,0.0,1.0,0.0,0.0
6398,1,168,138400,13,168,0,1,-1,1,0,0.8,0.0,1.0,2.8903717578961645,0.0
6399,29,168,328048,13,168,0,0,-1,1,0,0.0,0.0,1.0,0.0,0.0
6400,1,31,6400,13,31,1,1,31,2,1,0.6666666666666666,0.0,0.6666666666666666,38.530817065664756,1.2069489608125767
6401,3,124,19204,13,124,0,0,-1,1,0,0.0,0.0,1.0,0.0,0.0
6402,1,168,17332,13,168,0,1,-1,1,0,0.8,0.0,1.0,26.24891189237826,0.0
6403,6,168,28816,13,168,0,0,-1,1,0,0.0,0.0,1.0,0.0,0.0
6404,1,62,6404,13,62,0,1,62,1,0,0.6666666666666666,0.0,1.0,76.20988192059286,0.0
6405,3,62,19216,13,62,0,0,-1,1,0,0.0,0.0,1.0,0.0,0.0
6406,1,62,14416,13,62,1,1,-1,2,1,0.6666666666666666,0.0,0.6666666666666666,3.295836866004329,1.2069489608125827
6407,11,168,43252,13,168,0,0,-1,1,0,0.0,0.0,1.0,0.0,0.0
6408,1,62,6408,13,62,0,1,62,1,0,0.8,0.0,1.0,75.92219984814109,0.0
6409,3,124,32452,13,124,0,0,-1,1,0,0.0,0.0,1.0,0.0,0.0
6410,1,62,9616,13,62,0,1,62,1,0,0.8,0.0,1.0,75.92219984814109,0.0
6411,8,49,28852,13,49,0,0,-1,1,0,0.0,0.0,1.0,0.0,0.0
6412,1,62,7216,13,62,1,1,62,2,1,0.6666666666666666,0.0,0.6666666666666666,76.32766495624925,1.2069489608125767
6413,3,62,19240,13,62,0,0,-1,1,0,0.0,0.0,1.0,0.0,0.0
6414,1,49,21652,13,49,0,1,-1,1,0,0.8,0.0,1.0,2.8903717578961645,0.0
6415,11,49,64960,13,49,0,0,-1,1,0,0.0,0.0,1.0,0.0,0.0
6416,1,23,6416,13,23,0,1,23,1,0,0.6666666666666666,0.0,1.0,28.473407430856373,0.0
6417,3,62,19252,13,62,0,0,-1,1,0,0.0,0.0,1.0,0.0,0.0
6418,1,75,61720,13,75,1,1,-1,2,1,0.6666666666666666,0.0,0.6666666666666666,6.591673732008659,1.2069489608125827
6419,6,75,61720,13,75,0,0,-1,1,0,0.0,0.0,1.0,0.0,0.0
6420,1,23,6420,13,23,0,1,23,1,0,0.8,0.0,1.0,28.185725358404593,0.0
6421,3,23,19264,13,23,0,0,-1,1,0,0.0,0.0,1.0,0.0,0.0
6422,1,124,14452,13,124,0,1,-1,1,0,0.8,0.0,1.0,2.8903717578961645,0.0
6423,8,124,43360,13,124,0,0,-1,1,0,0.0,0.0,1.0,0.0,0.0
6424,1,23,6424,13,23,1,1,23,2,1,0.6666666666666666,0.0,0.6666666666666666,28.878872538964536,1.2069489608125845
6425,3,124,21688,13,124,0,0,-1,1,0,0.0,0.0,1.0,0.0,0.0
6426,1,23,9640,13,23,0,1,23,1,0,0.8,0.0,1.0,28.185725358404593,0.0
6427,34,75,164752,13,75,0,0,-1,1,0,0.0,0.0,1.0,0.0,0.0
6428,1,168,10852,13,168,0,1,-1,1,0,0.6666666666666666,0.0,1.0,6.761572768804056,0.0
6429,3,168,19288,13,168,0,0,-1,1,0,0.0,0.0,1.0,0.0,0.0
6430,1,168,32560,13,168,1,1,-1,2,1,0.6666666666666666,0.0,0.6666666666666666,3.295836866004329,1.2069489608125827
6431,16,124,97684,13,124,0,0,-1,1,0,0.0,0.0,1.0,0.0,0.0
6432,1,23,6432,13,23,0,1,23,1,0,0.8,0.0,1.0,27.89804328595281,0.0
6433,3,62,19300,13,62,0,0,-1,1,0,0.0,0.0,1.0,0.0,0.0
6434,1,75,9652,13,75,0,1,75,1,0,0.8,0.0,1.0,90.4918416732783,0.0
6435,6,75,28960,13,75,0,0,-1,1,0,0.0,0.0,1.0,0.0,0.0
6436,1,75,8152,13,75,1,1,75,2,1,0.6666666666666666,0.0,0.6666666666666666,90.89730678138646,1.2069489608125767
6437,3,75,19312,13,75,0,0,-1,1,0,0.0,0.0,1.0,0.0,0.0
6438,1,75,14488,13,75,0,1,-1,1,0,0.8,0.0,1.0,2.8903717578961645,0.0
6439,13,168,48904,13,168,0,0,-1,1,0,0.0,0.0,1.0,0.0,0.0
6440,1,23,6440,13,23,0,1,23,1,0,0.6666666666666666,0.0,1.0,28.47340743085637,0.0
6441,3,124,73384,13,124,0,0,-1,1,0,0.0,0.0,1.0,0.0,0.0
6442,1,23,9664,13,23,1,1,23,2,1,0.6666666666666666,0.0,0.6666666666666666,28.591190466512753,1.2069489608125845
6443,8,75,28996,13,75,0,0,-1,1,0,0.0,0.0,1.0,0.0,0.0
6444,1,23,7252,13,23,0,1,23,1,0,0.8,0.0,1.0,27.610361213501026,0.0
6445,3,23,19336,13,23,0,0,-1,1,0,0.0,0.0,1.0,0.0,0.0
6446,1,23,21760,13,23,0,1,-1,1,0,0.8,0.0,1.0,2.8903717578961645,0.0
6447,19,75,65284,13,75,0,0,-1,1,0,0.0,0.0,1.0,0.0,0.0
6448,1,23,6448,13,23,1,1,23,2,1,0.6666666666666666,0.0,0.6666666666666666,28.878872538964536,1.2069489608125845
6449,3,62,19348,13,62,0,0,-1,1,0,0.0,0.0,1.0,0.0,0.0
6450,1,62,13120,13,62,0,1,-1,1,0,0.8,0.0,1.0,6.1862086239004945,0.0
6451,6,62,29032,13,62,0,0,-1,1,0,0.0,0.0,1.0,0.0,0.0
6452,1,23,6452,13,23,0,1,23,1,0,0.6666666666666666,0.0,1.0,28.761089503308153,0.0
6453,3,23,19360,13,23,0,0,-1,1,0,0.0,0.0,1.0,0.0,0.0
6454,1,106,176740,13,106,1,1,-1,2,1,0.6666666666666666,0.0,0.6666666666666666,3.295836866004329,1.2069489608125827
6455,8,106,176740,13,106,0,0,-1,1,0,0.0,0.0,1.0,0.0,0.0
6456,1,75,39364,13,75,0,1,-1,1,0,0.8,0.0,1.0,27.68732225463716,0.0
6457,3,168,44224,13,168,0,0,-1,1,0,0.0,0.0,1.0,0.0,0.0
6458,1,75,39364,13,75,0,1,-1,1,0,0.8,0.0,1.0,27.68732225463716,0.0
6459,11,75,39364,13,75,0,0,-1,1,0,0.0,0.0,1.0,0.0,0.0
6460,1,75,39364,13,75,1,1,-1,2,1,0.6666666666666666,0.0,0.6666666666666666,6.87935580446044,1.2069489608125827
6461,3,75,39364,13,75,0,0,-1,1,0,0.0,0.0,1.0,0.0,0.0
6462,1,168,209680,13,168,0,1,-1,1,0,0.8,0.0,1.0,2.8903717578961645,0.0
6463,37,168,209680,13,168,0,0,-1,1,0,0.0,0.0,1.0,0.0,0.0
6464,1,31,6464,13,31,0,1,31,1,0,0.6666666666666666,0.0,1.0,38.413034030008376,0.0
6465,3,23,19396,13,23,0,0,-1,1,0,0.0,0.0,1.0,0.0,0.0
6466,1,168,1276936,13,168,1,1,-1,2,1,0.6666666666666666,0.0,0.6666666666666666,17.577796618689753,1.2069489608125845
6467,6,168,1276936,13,168,0,0,-1,1,0,0.0,0.0,1.0,0.0,0.0
6468,1,49,6468,13,49,0,1,49,1,0,0.8,0.0,1.0,59.91414766074499,0.0
6469,3,49,19408,13,49,0,0,-1,1,0,0.0,0.0,1.0,0.0,0.0
6470,1,49,14560,13,49,0,1,-1,1,0,0.8,0.0,1.0,2.8903717578961645,0.0
6471,81,168,6810136,13,168,0,0,-1,1,0,0.0,0.0,1.0,0.0,0.0
6472,1,49,9232,13,49,1,1,49,2,1,0.6666666666666666,0.0,0.6666666666666666,60.031930696401375,1.2069489608125767
6473,3,124,32776,13,124,0,0,-1,1,0,0.0,0.0,1.0,0.0,0.0
6474,1,49,9712,13,49,0,1,49,1,0,0.8,0.0,1.0,59.33878351584143,0.0
6475,8,49,29140,13,49,0,0,-1,1,0,0.0,0.0,1.0,0.0,0.0
6476,1,49,9232,13,49,0,1,49,1,0,0.6666666666666666,0.0,1.0,59.62646558829321,0.0
6477,3,49,19432,13,49,0,0,-1,1,0,0.0,0.0,1.0,0.0,0.0
6478,1,124,41524,13,124,1,1,-1,2,1,0.6666666666666666,0.0,0.6666666666666666,3.295836866004329,1.2069489608125827
6479,13,124,65608,13,124,0,0,-1,1,0,0.0,0.0,1.0,0.0,0.0
6480,1,31,6480,13,31,0,1,31,1,0,0.8,0.0,1.0,37.837669885104816,0.0
6481,3,168,27700,13,168,0,0,-1,1,0,0.0,0.0,1.0,0.0,0.0
6482,1,168,83104,13,168,0,1,-1,1,0,0.8,0.0,1.0,6.1862086239004945,0.0
6483,6,168,83104,13,168,0,0,-1,1,0,0.0,0.0,1.0,0.0,0.0
6484,1,31,6484,13,31,1,1,31,2,1,0.6666666666666666,0.0,0.6666666666666666,38.53081706566476,1.2069489608125612
6485,3,31,19456,13,31,0,0,-1,1,0,0.0,0.0,1.0,0.0,0.0
6486,1,49,14596,13,49,0,1,-1,1,0,0.8,0.0,1.0,2.8903717578961645,0.0
6487,8,49,43792,13,49,0,0,-1,1,0,0.0,0.0,1.0,0.0,0.0
6488,1,137,9232,13,137,0,1,137,1,0,0.6666666666666666,0.0,1.0,166.9485836718027,0.0
6489,3,49,21904,13,49,0,0,-1,1,0,0.0,0.0,1.0,0.0,0.0
6490,1,137,9736,13,137,1,1,137,2,1,0.6666666666666666,0.0,0.6666666666666666,167.06636670745908,1.2069489608126394
6491,16,168,49300,13,168,0,0,-1,1,0,0.0,0.0,1.0,0.0,0.0
6492,1,137,10960,13,137,0,1,-1,1,0,0.8,0.0,1.0,6.473890696352275,0.0
6493,3,137,19480,13,137,0,0,-1,1,0,0.0,0.0,1.0,0.0,0.0
6494,1,49,32884,13,49,0,1,-1,1,0,0.8,0.0,1.0,2.8903717578961645,0.0
6495,13,49,98656,13,49,0,0,-1,1,0,0.0,0.0,1.0,0.0,0.0
6496,1,44,6496,13,44,1,1,44,2,1,0.6666666666666666,0.0,0.6666666666666666,54.25118718060905,1.2069489608125925
6497,3,124,24676,13,124,0,0,-1,1,0,0.0,0.0,1.0,0.0,0.0
6498,1,137,9748,13,137,0,1,137,1,0,0.8,0.0,1.0,166.37321952689916,0.0
6499,6,137,29248,13,137,0,0,-1,1,0,0.0,0.0,1.0,0.0,0.0
6500,1,137,9232,13,137,0,1,137,1,0,0.6666666666666666,0.0,1.0,166.9485836718027,0.0
6501,3,137,19504,13,137,0,0,-1,1,0,0.0,0.0,1.0,0.0,0.0
6502,1,137,14632,13,137,1,1,-1,2,1,0.6666666666666666,0.0,0.6666666666666666,3.295836866004329,1.2069489608125827
6503,24,62,166696,13,62,0,0,-1,1,0,0.0,0.0,1.0,0.0,0.0
6504,1,44,6504,13,44,0,1,44,1,0,0.8,0.0,1.0,53.55804000004911,0.0
6505,3,137,49408,13,137,0,0,-1,1,0,0.0,0.0,1.0,0.0,0.0
6506,1,44,9760,13,44,0,1,44,1,0,0.8,0.0,1.0,53.55804000004911,0.0
6507,8,49,29284,13,49,0,0,-1,1,0,0.0,0.0,1.0,0.0,0.0
6508,1,75,13912,13,75,1,1,-1,2,1,0.6666666666666666,0.0,0.6666666666666666,12.372417247800987,1.2069489608125807
6509,3,75,19528,13,75,0,0,-1,1,0,0.0,0.0,1.0,0.0,0.0
6510,1,75,21976,13,75,0,1,-1,1,0,0.8,0.0,1.0,2.8903717578961645,0.0
6511,16,75,74176,13,75,0,0,-1,1,0,0.0,0.0,1.0,0.0,0.0
6512,1,44,6512,13,44,0,1,44,1,0,0.6666666666666666,0.0,1.0,54.13340414495267,0.0
6513,3,44,19540,13,44,0,0,-1,1,0,0.0,0.0,1.0,0.0,0.0
6514,1,49,10996,13,49,1,1,-1,2,1,0.6666666666666666,0.0,0.6666666666666666,6.591673732008659,1.2069489608125827
6515,6,49,29320,13,49,0,0,-1,1,0,0.0,0.0,1.0,0.0,0.0
6516,1,44,6516,13,44,0,1,44,1,0,0.8,0.0,1.0,53.84572207250089,0.0
6517,3,44,19552,13,44,0,0,-1,1,0,0.0,0.0,1.0,0.0,0.0
6518,1,49,20896,13,49,0,1,-1,1,0,0.8,0.0,1.0,2.8903717578961645,0.0
6519,8,49,44008,13,49,0,0,-1,1,0,0.0,0.0,1.0,0.0,0.0
6520,1,137,9232,13,137,1,1,137,2,1,0.6666666666666666,0.0,0.6666666666666666,166.77868463500732,1.2069489608125767
6521,3,181,225988,13,181,0,0,-1,1,0,0.0,0.0,1.0,0.0,0.0
6522,1,137,9784,13,137,0,1,137,1,0,0.8,0.0,1.0,166.08553745444738,0.0
6523,13,199,190996,13,199,0,0,-1,1,0,0.0,0.0,1.0,0.0,0.0
6524,1,137,24784,13,137,0,1,-1,1,0,0.6666666666666666,0.0,1.0,6.761572768804056,0.0
6525,3,137,24784,13,137,0,0,-1,1,0,0.0,0.0,1.0,0.0,0.0
6526,1,75,74356,13,75,1,1,-1,2,1,0.6666666666666666,0.0,0.6666666666666666,3.295836866004329,1.2069489608125827
6527,29,75,223072,13,75,0,0,-1,1,0,0.0,0.0,1.0,0.0,0.0
6528,1,31,6528,13,31,0,1,31,1,0,0.8,0.0,1.0,37.549987812653036,0.0
6529,3,168,19588,13,168,0,0,-1,1,0,0.0,0.0,1.0,0.0,0.0
6530,1,137,9796,13,137,0,1,137,1,0,0.8,0.0,1.0,166.08553745444738,0.0
6531,6,137,29392,13,137,0,0,-1,1,0,0.0,0.0,1.0,0.0,0.0
6532,1,137,9232,13,137,1,1,137,2,1,0.6666666666666666,0.0,0.6666666666666666,167.06636670745908,1.2069489608126394
6533,3,137,19600,13,137,0,0,-1,1,0,0.0,0.0,1.0,0.0,0.0
6534,1,137,14704,13,137,0,1,-1,1,0,0.8,0.0,1.0,2.8903717578961645,0.0
6535,11,137,44116,13,137,0,0,-1,1,0,0.0,0.0,1.0,0.0,0.0
6536,1,44,6536,13,44,0,1,44,1,0,0.6666666666666666,0.0,1.0,53.84572207250089,0.0
6537,3,106,59668,13,106,0,0,-1,1,0,0.0,0.0,1.0,0.0,0.0
6538,1,44,9808,13,44,1,1,44,2,1,0.6666666666666666,0.0,0.6666666666666666,53.96350510815727,1.2069489608125767
6539,8,168,29428,13,168,0,0,-1,1,0,0.0,0.0,1.0,0.0,0.0
6540,1,44,7360,13,44,0,1,44,1,0,0.8,0.0,1.0,53.55804000004911,0.0
6541,3,44,19624,13,44,0,0,-1,1,0,0.0,0.0,1.0,0.0,0.0
6542,1,137,22084,13,137,0,1,-1,1,0,0.8,0.0,1.0,2.8903717578961645,0.0
6543,11,137,66256,13,137,0,0,-1,1,0,0.0,0.0,1.0,0.0,0.0
6544,1,44,6544,13,44,1,1,44,2,1,0.6666666666666666,0.0,0.6666666666666666,54.25118718060906,1.2069489608125612
6545,3,137,19636,13,137,0,0,-1,1,0,0.0,0.0,1.0,0.0,0.0
6546,1,137,16576,13,137,0,1,-1,1,0,0.8,0.0,1.0,6.1862086239004945,0.0
6547,6,137,29464,13,137,0,0,-1,1,0,0.0,0.0,1.0,0.0,0.0
6548,1,44,6548,13,44,0,1,44,1,0,0.6666666666666666,0.0,1.0,54.13340414495267,0.0
6549,3,44,19648,13,44,0,0,-1,1,0,0.0,0.0,1.0,0.0,0.0
6550,1,137,14740,13,137,1,1,-1,2,1,0.6666666666666666,0.0,0.6666666666666666,3.295836866004329,1.2069489608125827
6551,8,137,44224,13,137,0,0,-1,1,0,0.0,0.0,1.0,0.0,0.0
6552,1,44,6552,13,44,0,1,44,1,0,0.8,0.0,1.0,53.84572207250089,0.0
6553,3,137,22120,13,137,0,0,-1,1,0,0.0,0.0,1.0,0.0,0.0
6554,1,44,9832,13,44,0,1,44,1,0,0.8,0.0,1.0,53.84572207250089,0.0
6555,26,49,74680,13,49,0,0,-1,1,0,0.0,0.0,1.0,0.0,0.0
6556,1,106,95956,13,106,1,1,-1,2,1,0.6666666666666666,0.0,0.6666666666666666,6.87935580446044,1.2069489608125827
6557,3,106,95956,13,106,0,0,-1,1,0,0.0,0.0,1.0,0.0,0.0
6558,1,106,95956,13,106,0,1,-1,1,0,0.8,0.0,1.0,2.8903717578961645,0.0
6559,21,49,112084,13,49,0,0,-1,1,0,0.0,0.0,1.0,0.0,0.0
6560,1,31,6560,13,31,0,1,31,1,0,0.6666666666666666,0.0,1.0,38.413034030008376,0.0
6561,3,75,19684,13,75,0,0,-1,1,0,0.0,0.0,1.0,0.0,0.0
6562,1,75,10528,13,75,1,1,-1,2,1,0.6666666666666666,0.0,0.6666666666666666,22.312043846952992,1.2069489608125845
6563,6,75,29536,13,75,0,0,-1,1,0,0.0,0.0,1.0,0.0,0.0
6564,1,75,12472,13,75,0,1,-1,1,0,0.8,0.0,1.0,12.254634212144603,0.0
6565,3,75,19696,13,75,0,0,-1,1,0,0.0,0.0,1.0,0.0,0.0
6566,1,75,14776,13,75,0,1,-1,1,0,0.8,0.0,1.0,2.8903717578961645,0.0
6567,16,75,49876,13,75,0,0,-1,1,0,0.0,0.0,1.0,0.0,0.0
6568,1,31,6568,13,31,1,1,31,2,1,0.6666666666666666,0.0,0.6666666666666666,38.818499138116536,1.2069489608125925
6569,3,212,250504,13,212,0,0,-1,1,0,0.0,0.0,1.0,0.0,0.0
6570,1,31,9856,13,31,0,1,31,1,0,0.8,0.0,1.0,38.125351957556596,0.0
6571,8,62,94768,13,62,0,0,-1,1,0,0.0,0.0,1.0,0.0,0.0
6572,1,75,7396,13,75,0,1,75,1,0,0.6666666666666666,0.0,1.0,91.06720581818186,0.0
6573,3,75,19720,13,75,0,0,-1,1,0,0.0,0.0,1.0,0.0,0.0
6574,1,75,22192,13,75,1,1,-1,2,1,0.6666666666666666,0.0,0.6666666666666666,3.295836866004329,1.2069489608125827
6575,13,75,66580,13,75,0,0,-1,1,0,0.0,0.0,1.0,0.0,0.0
6576,1,137,9232,13,137,0,1,137,1,0,0.8,0.0,1.0,166.9485836718027,0.0
6577,3,137,19732,13,137,0,0,-1,1,0,0.0,0.0,1.0,0.0,0.0
6578,1,137,11104,13,137,0,1,-1,1,0,0.8,0.0,1.0,6.1862086239004945,0.0
6579,6,137,29608,13,137,0,0,-1,1,0,0.0,0.0,1.0,0.0,0.0
6580,1,137,9232,13,137,1,1,137,2,1,0.6666666666666666,0.0,0.6666666666666666,167.64173085236266,1.2069489608126394
6581,3,137,19744,13,137,0,0,-1,1,0,0.0,0.0,1.0,0.0,0.0
6582,1,137,25000,13,137,0,1,-1,1,0,0.8,0.0,1.0,2.8903717578961645,0.0
6583,8,137,44440,13,137,0,0,-1,1,0,0.0,0.0,1.0,0.0,0.0
6584,1,137,9232,13,137,0,1,137,1,0,0.6666666666666666,0.0,1.0,167.2362657442545,0.0
6585,3,137,22228,13,137,0,0,-1,1,0,0.0,0.0,1.0,0.0,0.0
6586,1,137,9880,13,137,1,1,137,2,1,0.6666666666666666,0.0,0.6666666666666666,167.35404877991087,1.2069489608126394
6587,11,168,33352,13,168,0,0,-1,1,0,0.0,0.0,1.0,0.0,0.0
6588,1,137,18772,13,137,0,1,-1,1,0,0.8,0.0,1.0,6.473890696352275,0.0
6589,3,137,19768,13,137,0,0,-1,1,0,0.0,0.0,1.0,0.0,0.0
6590,1,137,50056,13,137,0,1,-1,1,0,0.8,0.0,1.0,2.8903717578961645,0.0
6591,75,243,975400,13,243,0,0,-1,1,0,0.0,0.0,1.0,0.0,0.0
6592,1,93,9232,13,93,1,1,93,2,1,0.6666666666666666,0.0,0.6666666666666666,113.83683077438202,1.2069489608125767
6593,3,124,19780,13,124,0,0,-1,1,0,0.0,0.0,1.0,0.0,0.0
6594,1,124,42280,13,124,0,1,-1,1,0,0.8,0.0,1.0,11.679270067241042,0.0
6595,6,124,42280,13,124,0,0,-1,1,0,0.0,0.0,1.0,0.0,0.0
6596,1,31,6596,13,31,0,1,31,1,0,0.6666666666666666,0.0,1.0,38.413034030008376,0.0
6597,3,31,19792,13,31,0,0,-1,1,0,0.0,0.0,1.0,0.0,0.0
6598,1,31,14848,13,31,1,1,-1,2,1,0.6666666666666666,0.0,0.6666666666666666,3.295836866004329,1.2069489608125827
6599,13,98,67768,13,98,0,0,-1,1,0,0.0,0.0,1.0,0.0,0.0
6600,1,137,9232,13,137,0,1,137,1,0,0.8,0.0,1.0,166.9485836718027,0.0
6601,3,75,33424,13,75,0,0,-1,1,0,0.0,0.0,1.0,0.0,0.0
6602,1,137,9904,13,137,0,1,137,1,0,0.8,0.0,1.0,166.9485836718027,0.0
6603,8,44,29716,13,44,0,0,-1,1,0,0.0,0.0,1.0,0.0,0.0
6604,1,137,9232,13,137,1,1,137,2,1,0.6666666666666666,0.0,0.6666666666666666,167.35404877991087,1.2069489608126394
6605,3,137,19816,13,137,0,0,-1,1,0,0.0,0.0,1.0,0.0,0.0
6606,1,75,37636,13,75,0,1,-1,1,0,0.8,0.0,1.0,2.8903717578961645,0.0
6607,21,75,66904,13,75,0,0,-1,1,0,0.0,0.0,1.0,0.0,0.0
6608,1,93,9232,13,93,0,1,93,1,0,0.6666666666666666,0.0,1.0,113.71904773872564,0.0
6609,3,137,19828,13,137,0,0,-1,1,0,0.0,0.0,1.0,0.0,0.0
6610,1,49,25108,13,49,1,1,-1,2,1,0.6666666666666666,0.0,0.6666666666666666,6.591673732008659,1.2069489608125827
6611,6,49,29752,13,49,0,0,-1,1,0,0.0,0.0,1.0,0.0,0.0
6612,1,93,9232,13,93,0,1,93,1,0,0.8,0.0,1.0,113.43136566627386,0.0
6613,3,93,19840,13,93,0,0,-1,1,0,0.0,0.0,1.0,0.0,0.0
6614,1,75,80512,13,75,0,1,-1,1,0,0.8,0.0,1.0,2.8903717578961645,0.0
6615,8,75,80512,13,75,0,0,-1,1,0,0.0,0.0,1.0,0.0,0.0
6616,1,44,6616,13,44,1,1,44,2,1,0.6666666666666666,0.0,0.6666666666666666,54.53886925306083,1.2069489608125925
6617,3,44,22336,13,44,0,0,-1,1,0,0.0,0.0,1.0,0.0,0.0
6618,1,44,9928,13,44,0,1,44,1,0,0.8,0.0,1.0,53.84572207250089,0.0
6619,13,137,50272,13,137,0,0,-1,1,0,0.0,0.0,1.0,0.0,0.0
6620,1,44,11176,13,44,0,1,-1,1,0,0.6666666666666666,0.0,1.0,6.761572768804056,0.0
6621,3,44,19864,13,44,0,0,-1,1,0,0.0,0.0,1.0,0.0,0.0
6622,1,168,190996,13,168,1,1,-1,2,1,0.6666666666666666,0.0,0.6666666666666666,3.295836866004329,1.2069489608125827
6623,42,168,190996,13,168,0,0,-1,1,0,0.0,0.0,1.0,0.0,0.0
6624,1,93,9232,13,93,0,1,93,1,0,0.8,0.0,1.0,113.14368359382208,0.0
6625,3,75,37744,13,75,0,0,-1,1,0,0.0,0.0,1.0,0.0,0.0
6626,1,93,9940,13,93,0,1,93,1,0,0.8,0.0,1.0,112.85600152137029,0.0
6627,6,93,29824,13,93,0,0,-1,1,0,0.0,0.0,1.0,0.0,0.0
6628,1,75,9448,13,75,1,1,75,2,1,0.6666666666666666,0.0,0.6666666666666666,91.76035299874181,1.2069489608125767
6629,3,75,19888,13,75,0,0,-1,1,0,0.0,0.0,1.0,0.0,0.0
6630,1,75,14920,13,75,0,1,-1,1,0,0.8,0.0,1.0,2.8903717578961645,0.0
6631,21,137,75544,13,137,0,0,-1,1,0,0.0,0.0,1.0,0.0,0.0
6632,1,93,9232,13,93,0,1,93,1,0,0.6666666666666666,0.0,1.0,113.71904773872564,0.0
6633,3,75,56680,13,75,0,0,-1,1,0,0.0,0.0,1.0,0.0,0.0
6634,1,93,9952,13,93,1,1,93,2,1,0.6666666666666666,0.0,0.6666666666666666,113.83683077438202,1.2069489608125767
6635,8,75,85048,13,75,0,0,-1,1,0,0.0,0.0,1.0,0.0,0.0
6636,1,44,8404,13,44,0,1,44,1,0,0.8,0.0,1.0,52.694993782693764,0.0
6637,3,44,19912,13,44,0,0,-1,1,0,0.0,0.0,1.0,0.0,0.0
6638,1,44,22408,13,44,0,1,-1,1,0,0.8,0.0,1.0,2.8903717578961645,0.0
6639,26,75,127636,13,75,0,0,-1,1,0,0.0,0.0,1.0,0.0,0.0
6640,1,137,9232,13,137,1,1,137,2,1,0.6666666666666666,0.0,0.6666666666666666,166.77868463500732,1.2069489608125767
6641,3,93,19924,13,93,0,0,-1,1,0,0.0,0.0,1.0,0.0,0.0
6642,1,106,45520,13,106,0,1,-1,1,0,0.8,0.0,1.0,6.1862086239004945,0.0
6643,6,106,45520,13,106,0,0,-1,1,0,0.0,0.0,1.0,0.0,0.0
6644,1,137,9232,13,137,0,1,137,1,0,0.6666666666666666,0.0,1.0,166.66090159935095,0.0
6645,3,137,19936,13,137,0,0,-1,1,0,0.0,0.0,1.0,0.0,0.0
6646,1,119,345544,13,119,1,1,-1,2,1,0.6666666666666666,0.0,0.6666666666666666,3.295836866004329,1.2069489608125827
6647,8,119,345544,13,119,0,0,-1,1,0,0.0,0.0,1.0,0.0,0.0
6648,1,137,18952,13,137,0,1,-1,1,0,0.8,0.0,1.0,12.254634212144603,0.0
6649,3,168,182068,13,168,0,0,-1,1,0,0.0,0.0,1.0,0.0,0.0
6650,1,137,18952,13,137,0,1,-1,1,0,0.8,0.0,1.0,12.254634212144603,0.0
6651,16,44,37888,13,44,0,0,-1,1,0,0.0,0.0,1.0,0.0,0.0
6652,1,75,95956,13,75,1,1,-1,2,1,0.6666666666666666,0.0,0.6666666666666666,6.87935580446044,1.2069489608125827
6653,3,75,95956,13,75,0,0,-1,1,0,0.0,0.0,1.0,0.0,0.0
6654,1,75,170584,13,75,0,1,-1,1,0,0.8,0.0,1.0,2.8903717578961645,0.0
6655,57,168,575728,13,168,0,0,-1,1,0,0.0,0.0,1.0,0.0,0.0
6656,1,18,6656,13,18,0,1,18,1,0,0.6666666666666666,0.0,1.0,22.40498184261226,0.0
6657,3,168,21688,13,168,0,0,-1,1,0,0.0,0.0,1.0,0.0,0.0
6658,1,93,9988,13,93,1,1,93,2,1,0.6666666666666666,0.0,0.6666666666666666,112.68610248457489,1.206948960812608
6659,6,93,29968,13,93,0,0,-1,1,0,0.0,0.0,1.0,0.0,0.0
6660,1,181,250504,13,181,0,1,-1,1,0,0.8,0.0,1.0,22.19426081129661,0.0
6661,3,181,250504,13,181,0,0,-1,1,0,0.0,0.0,1.0,0.0,0.0
6662,1,181,250504,13,181,0,1,-1,1,0,0.8,0.0,1.0,2.8903717578961645,0.0
6663,11,67,44980,13,67,0,0,-1,1,0,0.0,0.0,1.0,0.0,0.0
6664,1,31,6664,13,31,1,1,31,2,1,0.6666666666666666,0.0,0.6666666666666666,38.53081706566476,1.2069489608125612
6665,3,93,33748,13,93,0,0,-1,1,0,0.0,0.0,1.0,0.0,0.0
6666,1,31,10000,13,31,0,1,31,1,0,0.8,0.0,1.0,37.837669885104816,0.0
6667,8,181,250504,13,181,0,0,-1,1,0,0.0,0.0,1.0,0.0,0.0
6668,1,31,7504,13,31,0,1,31,1,0,0.6666666666666666,0.0,1.0,37.837669885104816,0.0
6669,3,31,20008,13,31,0,0,-1,1,0,0.0,0.0,1.0,0.0,0.0
6670,1,181,250504,13,181,1,1,-1,2,1,0.7333333333333334,0.0,0.6666666666666666,1.0986122886681098,1.206948960812582
6671,11,181,250504,13,181,0,0,-1,1,0,0.0,0.0,1.0,0.0,0.0
6672,1,137,9232,13,137,0,1,137,1,0,0.8,0.0,1.0,166.66090159935092,0.0
6673,3,31,20020,13,31,0,0,-1,1,0,0.0,0.0,1.0,0.0,0.0
6674,1,67,16900,13,67,0,1,-1,1,0,1.0,0.0,1.0,0.6931471805599453,0.0
6675,6,67,30040,13,67,0,0,-1,1,0,0.0,0.0,1.0,0.0,0.0
6676,1,137,9232,13,137,1,1,137,2,1,0.6666666666666666,0.0,0.6666666666666666,167.06636670745908,1.2069489608126394
6677,3,137,20032,13,137,0,0,-1,1,0,0.0,0.0,1.0,0.0,0.0
6678,1,93,15028,13,93,0,1,-1,1,0,1.0,0.0,1.0,0.6931471805599453,0.0
6679,8,93,45088,13,93,0,0,-1,1,0,0.0,0.0,1.0,0.0,0.0
6680,1,137,9232,13,137,0,1,137,1,0,0.6666666666666666,0.0,1.0,167.2362657442545,0.0
6681,3,93,22552,13,93,0,0,-1,1,0,0.0,0.0,1.0,0.0,0.0
6682,1,137,10024,13,137,1,1,-1,2,1,0.7333333333333334,0.0,0.6666666666666666,1.0986122886681098,1.206948960812582
6683,19,93,114208,13,93,0,0,-1,1,0,0.0,0.0,1.0,0.0,0.0
6684,1,44,11284,13,44,0,1,-1,1,0,0.8,0.0,1.0,6.1862086239004945,0.0
6685,3,44,20056,13,44,0,0,-1,1,0,0.0,0.0,1.0,0.0,0.0
6686,1,44,33856,13,44,0,1,-1,1,0,1.0,0.0,1.0,0.6931471805599453,0.0
6687,19,49,101572,13,49,0,0,-1,1,0,0.0,0.0,1.0,0.0,0.0
6688,1,44,6688,13,44,1,1,44,2,1,0.6666666666666666,0.0,0.6666666666666666,54.53886925306083,1.2069489608125925
6689,3,44,20068,13,44,0,0,-1,1,0,0.0,0.0,1.0,0.0,0.0
6690,1,137,10036,13,137,0,1,-1,1,0,1.0,0.0,1.0,0.6931471805599453,0.0
6691,6,137,30112,13,137,0,0,-1,1,0,0.0,0.0,1.0,0.0,0.0
6692,1,93,14308,13,93,0,1,-1,1,0,0.6666666666666666,0.0,1.0,17.747695655485153,0.0
6693,3,93,20080,13,93,0,0,-1,1,0,0.0,0.0,1.0,0.0,0.0
6694,1,93,15064,13,93,1,1,-1,2,1,0.7333333333333334,0.0,0.6666666666666666,1.0986122886681098,1.206948960812582
6695,13,44,50848,13,44,0,0,-1,1,0,0.0,0.0,1.0,0.0,0.0
6696,1,44,6696,13,44,0,1,44,1,0,0.8,0.0,1.0,53.84572207250089,0.0
6697,3,93,85840,13,93,0,0,-1,1,0,0.0,0.0,1.0,0.0,0.0
6698,1,44,10048,13,44,0,1,-1,1,0,1.0,0.0,1.0,0.6931471805599453,0.0
6699,8,137,30148,13,137,0,0,-1,1,0,0.0,0.0,1.0,0.0,0.0
6700,1,137,9232,13,137,1,1,137,2,1,0.6666666666666666,0.0,0.6666666666666666,166.77868463500732,1.2069489608125767
6701,3,137,20104,13,137,0,0,-1,1,0,0.0,0.0,1.0,0.0,0.0
6702,1,137,22624,13,137,0,1,-1,1,0,1.0,0.0,1.0,0.6931471805599453,0.0
6703,26,93,85912,13,93,0,0,-1,1,0,0.0,0.0,1.0,0.0,0.0
6704,1,44,6704,13,44,0,1,44,1,0,0.6666666666666666,0.0,1.0,54.42108621740445,0.0
6705,3,44,20116,13,44,0,0,-1,1,0,0.0,0.0,1.0,0.0,0.0
6706,1,44,11320,13,44,1,1,-1,2,1,0.7333333333333334,0.0,0.6666666666666666,1.0986122886681098,1.206948960812582
6707,6,44,30184,13,44,0,0,-1,1,0,0.0,0.0,1.0,0.0,0.0
6708,1,44,6708,13,44,0,1,44,1,0,0.8,0.0,1.0,53.84572207250089,0.0
6709,3,44,20128,13,44,0,0,-1,1,0,0.0,0.0,1.0,0.0,0.0
6710,1,93,86020,13,93,0,1,-1,1,0,1.0,0.0,1.0,0.6931471805599453,0.0
6711,8,93,86020,13,93,0,0,-1,1,0,0.0,0.0,1.0,0.0,0.0
6712,1,88,8080,13,88,1,1,88,2,1,0.6666666666666666,0.0,0.6666666666666666,106.61767689633079,1.206948960812608
6713,3,137,22660,13,137,0,0,-1,1,0,0.0,0.0,1.0,0.0,0.0
6714,1,88,10072,13,88,0,1,-1,1,0,1.0,0.0,1.0,0.6931471805599453,0.0
6715,11,137,34000,13,137,0,0,-1,1,0,0.0,0.0,1.0,0.0,0.0
6716,1,88,17008,13,88,0,1,-1,1,0,0.6666666666666666,0.0,1.0,6.473890696352275,0.0
6717,3,88,20152,13,88,0,0,-1,1,0,0.0,0.0,1.0,0.0,0.0
6718,1,137,51028,13,137,1,1,-1,2,1,0.7333333333333334,0.0,0.6666666666666666,1.0986122886681098,1.206948960812582
6719,16,137,153088,13,137,0,0,-1,1,0,0.0,0.0,1.0,0.0,0.0
6720,1,44,6720,13,44,0,1,44,1,0,0.8,0.0,1.0,53.55804000004911,0.0
6721,3,44,20164,13,44,0,0,-1,1,0,0.0,0.0,1.0,0.0,0.0
6722,1,44,10084,13,44,0,1,-1,1,0,1.0,0.0,1.0,0.6931471805599453,0.0
6723,6,44,30256,13,44,0,0,-1,1,0,0.0,0.0,1.0,0.0,0.0
6724,1,44,6724,13,44,1,1,44,2,1,0.6666666666666666,0.0,0.6666666666666666,53.96350510815727,1.2069489608125767
6725,3,44,20176,13,44,0,0,-1,1,0,0.0,0.0,1.0,0.0,0.0
6726,1,44,15136,13,44,0,1,-1,1,0,1.0,0.0,1.0,0.6931471805599453,0.0
6727,16,49,45412,13,49,0,0,-1,1,0,0.0,0.0,1.0,0.0,0.0
6728,1,44,6728,13,44,0,1,44,1,0,0.6666666666666666,0.0,1.0,54.13340414495267,0.0
6729,3,137,34072,13,137,0,0,-1,1,0,0.0,0.0,1.0,0.0,0.0
6730,1,44,10096,13,44,1,1,-1,2,1,0.7333333333333334,0.0,0.6666666666666666,1.0986122886681098,1.206948960812582
6731,8,44,30292,13,44,0,0,-1,1,0,0.0,0.0,1.0,0.0,0.0
6732,1,44,7576,13,44,0,1,44,1,0,0.8,0.0,1.0,53.55804000004911,0.0
6733,3,44,20200,13,44,0,0,-1,1,0,0.0,0.0,1.0,0.0,0.0
6734,1,88,25576,13,88,0,1,-1,1,0,1.0,0.0,1.0,0.6931471805599453,0.0
6735,13,88,68200,13,88,0,0,-1,1,0,0.0,0.0,1.0,0.0,0.0
6736,1,44,6736,13,44,1,1,44,2,1,0.6666666666666666,0.0,0.6666666666666666,54.53886925306084,1.2069489608125612
6737,3,181,138400,13,181,0,0,-1,1,0,0.0,0.0,1.0,0.0,0.0
6738,1,181,138400,13,181,0,1,-1,1,0,1.0,0.0,1.0,0.6931471805599453,0.0
6739,6,181,138400,13,181,0,0,-1,1,0,0.0,0.0,1.0,0.0,0.0
6740,1,44,6740,13,44,0,1,44,1,0,0.6666666666666666,0.0,1.0,54.13340414495267,0.0
6741,3,44,20224,13,44,0,0,-1,1,0,0.0,0.0,1.0,0.0,0.0
6742,1,75,15172,13,75,1,1,-1,2,1,0.7333333333333334,0.0,0.6666666666666666,1.0986122886681098,1.206948960812582
6743,8,75,45520,13,75,0,0,-1,1,0,0.0,0.0,1.0,0.0,0.0
6744,1,44,6744,13,44,0,1,44,1,0,0.8,0.0,1.0,53.84572207250089,0.0
6745,3,75,22768,13,75,0,0,-1,1,0,0.0,0.0,1.0,0.0,0.0
6746,1,44,10120,13,44,0,1,-1,1,0,1.0,0.0,1.0,0.6931471805599453,0.0
6747,21,181,57652,13,181,0,0,-1,1,0,0.0,0.0,1.0,0.0,0.0
6748,1,44,11392,13,44,1,1,-1,2,1,0.6666666666666666,0.0,0.6666666666666666,6.591673732008659,1.2069489608125827
6749,3,44,20248,13,44,0,0,-1,1,0,0.0,0.0,1.0,0.0,0.0
6750,1,137,34180,13,137,0,1,-1,1,0,1.0,0.0,1.0,0.6931471805599453,0.0
6751,13,137,102544,13,137,0,0,-1,1,0,0.0,0.0,1.0,0.0,0.0
6752,1,44,6752,13,44,0,1,44,1,0,0.6666666666666666,0.0,1.0,54.42108621740445,0.0
6753,3,75,25648,13,75,0,0,-1,1,0,0.0,0.0,1.0,0.0,0.0
6754,1,36,10132,13,36,1,1,-1,2,1,0.7333333333333334,0.0,0.6666666666666666,1.0986122886681098,1.206948960812582
6755,6,36,30400,13,36,0,0,-1,1,0,0.0,0.0,1.0,0.0,0.0
6756,1,36,6756,13,36,0,1,36,1,0,0.8,0.0,1.0,43.61841340089713,0.0
6757,3,36,20272,13,36,0,0,-1,1,0,0.0,0.0,1.0,0.0,0.0
6758,1,36,15208,13,36,0,1,-1,1,0,1.0,0.0,1.0,0.6931471805599453,0.0
6759,24,62,115504,13,62,0,0,-1,1,0,0.0,0.0,1.0,0.0,0.0
6760,1,44,6760,13,44,1,1,44,2,1,0.6666666666666666,0.0,0.6666666666666666,54.82655132551261,1.2069489608125925
6761,3,88,61720,13,88,0,0,-1,1,0,0.0,0.0,1.0,0.0,0.0
6762,1,44,10144,13,44,0,1,-1,1,0,1.0,0.0,1.0,0.6931471805599453,0.0
6763,8,36,30436,13,36,0,0,-1,1,0,0.0,0.0,1.0,0.0,0.0
6764,1,137,21688,13,137,0,1,-1,1,0,0.6666666666666666,0.0,1.0,11.966952139692822,0.0
6765,3,137,21688,13,137,0,0,-1,1,0,0.0,0.0,1.0,0.0,0.0
6766,1,137,22840,13,137,1,1,-1,2,1,0.7333333333333334,0.0,0.6666666666666666,1.0986122886681098,1.206948960812582
6767,29,150,250504,13,150,0,0,-1,1,0,0.0,0.0,1.0,0.0,0.0
6768,1,36,6768,13,36,0,1,36,1,0,0.8,0.0,1.0,43.90609547334891,0.0
6769,3,44,20308,13,44,0,0,-1,1,0,0.0,0.0,1.0,0.0,0.0
6770,1,181,32560,13,181,0,1,-1,1,0,1.0,0.0,1.0,0.6931471805599453,0.0
6771,6,181,32560,13,181,0,0,-1,1,0,0.0,0.0,1.0,0.0,0.0
6772,1,36,6772,13,36,1,1,36,2,1,0.6666666666666666,0.0,0.6666666666666666,44.31156058145707,1.2069489608125767
6773,3,36,20320,13,36,0,0,-1,1,0,0.0,0.0,1.0,0.0,0.0
6774,1,44,17152,13,44,0,1,-1,1,0,1.0,0.0,1.0,0.6931471805599453,0.0
6775,8,44,45736,13,44,0,0,-1,1,0,0.0,0.0,1.0,0.0,0.0
6776,1,36,8584,13,36,0,1,36,1,0,0.6666666666666666,0.0,1.0,43.90609547334891,0.0
6777,3,88,38608,13,88,0,0,-1,1,0,0.0,0.0,1.0,0.0,0.0
6778,1,36,10168,13,36,1,1,-1,2,1,0.7333333333333334,0.0,0.6666666666666666,1.0986122886681098,1.206948960812582
6779,13,88,34324,13,88,0,0,-1,1,0,0.0,0.0,1.0,0.0,0.0
6780,1,181,48904,13,181,0,1,-1,1,0,0.8,0.0,1.0,6.1862086239004945,0.0
6781,3,181,48904,13,181,0,0,-1,1,0,0.0,0.0,1.0,0.0,0.0
6782,1,181,77272,13,181,0,1,-1,1,0,1.0,0.0,1.0,0.6931471805599453,0.0
6783,24,181,260800,13,181,0,0,-1,1,0,0.0,0.0,1.0,0.0,0.0
6784,1,18,6784,13,18,1,1,18,2,1,0.6666666666666666,0.0,0.6666666666666666,22.810446950720422,1.2069489608125845
6785,3,88,28996,13,88,0,0,-1,1,0,0.0,0.0,1.0,0.0,0.0
6786,1,44,10180,13,44,0,1,-1,1,0,1.0,0.0,1.0,0.6931471805599453,0.0
6787,6,44,30544,13,44,0,0,-1,1,0,0.0,0.0,1.0,0.0,0.0
6788,1,36,6788,13,36,0,1,36,1,0,0.6666666666666666,0.0,1.0,44.19377754580069,0.0
6789,3,36,20368,13,36,0,0,-1,1,0,0.0,0.0,1.0,0.0,0.0
6790,1,36,15280,13,36,1,1,-1,2,1,0.7333333333333334,0.0,0.6666666666666666,1.0986122886681098,1.206948960812582
6791,11,36,45844,13,36,0,0,-1,1,0,0.0,0.0,1.0,0.0,0.0
6792,1,62,9232,13,62,0,1,62,1,0,0.8,0.0,1.0,75.34683570323753,0.0
6793,3,75,58048,13,75,0,0,-1,1,0,0.0,0.0,1.0,0.0,0.0
6794,1,62,10192,13,62,0,1,-1,1,0,1.0,0.0,1.0,0.6931471805599453,0.0
6795,8,36,30580,13,36,0,0,-1,1,0,0.0,0.0,1.0,0.0,0.0
6796,1,62,9232,13,62,1,1,62,2,1,0.6666666666666666,0.0,0.6666666666666666,75.4646187388939,1.2069489608125767
6797,3,62,20392,13,62,0,0,-1,1,0,0.0,0.0,1.0,0.0,0.0
6798,1,119,176740,13,119,0,1,-1,1,0,1.0,0.0,1.0,0.6931471805599453,0.0
6799,11,119,176740,13,119,0,0,-1,1,0,0.0,0.0,1.0,0.0,0.0
6800,1,62,9232,13,62,0,1,62,1,0,0.6666666666666666,0.0,1.0,75.6345177756893,0.0
6801,3,88,39364,13,88,0,0,-1,1,0,0.0,0.0,1.0,0.0,0.0
6802,1,88,39364,13,88,1,1,-1,2,1,0.7333333333333334,0.0,0.6666666666666666,1.0986122886681098,1.206948960812582
6803,6,88,39364,13,88,0,0,-1,1,0,0.0,0.0,1.0,0.0,0.0
6804,1,62,9232,13,62,0,1,62,1,0,0.8,0.0,1.0,75.05915363078574,0.0
6805,3,62,20416,13,62,0,0,-1,1,0,0.0,0.0,1.0,0.0,0.0
6806,1,62,15316,13,62,0,1,-1,1,0,1.0,0.0,1.0,0.6931471805599453,0.0
6807,8,62,45952,13,62,0,0,-1,1,0,0.0,0.0,1.0,0.0,0.0
6808,1,62,9232,13,62,1,1,62,2,1,0.6666666666666666,0.0,0.6666666666666666,76.03998288379748,1.2069489608125767
6809,3,181,1276936,13,181,0,0,-1,1,0,0.0,0.0,1.0,0.0,0.0
6810,1,62,10216,13,62,0,1,-1,1,0,1.0,0.0,1.0,0.6931471805599453,0.0
6811,70,93,314656,13,93,0,0,-1,1,0,0.0,0.0,1.0,0.0,0.0
6812,1,62,14560,13,62,0,1,-1,1,0,0.6666666666666666,0.0,1.0,6.473890696352275,0.0
6813,3,62,20440,13,62,0,0,-1,1,0,0.0,0.0,1.0,0.0,0.0
6814,1,62,34504,13,62,1,1,-1,2,1,0.7333333333333334,0.0,0.6666666666666666,1.0986122886681098,1.206948960812582
6815,21,181,1276936,13,181,0,0,-1,1,0,0.0,0.0,1.0,0.0,0.0
6816,1,18,6816,13,18,0,1,18,1,0,0.8,0.0,1.0,21.829617697708695,0.0
6817,3,137,32776,13,137,0,0,-1,1,0,0.0,0.0,1.0,0.0,0.0
6818,1,137,41524,13,137,0,1,-1,1,0,1.0,0.0,1.0,0.6931471805599453,0.0
6819,6,137,41524,13,137,0,0,-1,1,0,0.0,0.0,1.0,0.0,0.0
6820,1,137,65608,13,137,1,1,-1,2,1,0.6666666666666666,0.0,0.6666666666666666,12.372417247800987,1.2069489608125807
6821,3,137,65608,13,137,0,0,-1,1,0,0.0,0.0,1.0,0.0,0.0
6822,1,137,65608,13,137,0,1,-1,1,0,1.0,0.0,1.0,0.6931471805599453,0.0
6823,60,119,560356,13,119,0,0,-1,1,0,0.0,0.0,1.0,0.0,0.0
6824,1,18,6824,13,18,0,1,18,1,0,0.6666666666666666,0.0,1.0,22.40498184261226,0.0
6825,3,119,897856,13,119,0,0,-1,1,0,0.0,0.0,1.0,0.0,0.0
6826,1,18,10240,13,18,1,1,-1,2,1,0.7333333333333334,0.0,0.6666666666666666,1.0986122886681098,1.206948960812582
6827,8,181,83104,13,181,0,0,-1,1,0,0.0,0.0,1.0,0.0,0.0
6828,1,150,9232,13,150,0,1,150,1,0,0.8,0.0,1.0,181.51822549693995,0.0
6829,3,150,20488,13,150,0,0,-1,1,0,0.0,0.0,1.0,0.0,0.0
6830,1,150,23056,13,150,0,1,-1,1,0,1.0,0.0,1.0,0.6931471805599453,0.0
6831,13,44,69172,13,44,0,0,-1,1,0,0.0,0.0,1.0,0.0,0.0
6832,1,57,6832,13,57,1,1,57,2,1,0.6666666666666666,0.0,0.6666666666666666,69.97155729555335,1.2069489608125767
6833,3,57,20500,13,57,0,0,-1,1,0,0.0,0.0,1.0,0.0,0.0
6834,1,57,11536,13,57,0,1,-1,1,0,1.0,0.0,1.0,0.6931471805599453,0.0
6835,6,57,30760,13,57,0,0,-1,1,0,0.0,0.0,1.0,0.0,0.0
6836,1,57,6836,13,57,0,1,57,1,0,0.6666666666666666,0.0,1.0,69.5660921874452,0.0
6837,3,57,20512,13,57,0,0,-1,1,0,0.0,0.0,1.0,0.0,0.0
6838,1,150,25972,13,150,1,1,-1,2,1,0.7333333333333334,0.0,0.6666666666666666,1.0986122886681098,1.206948960812582
6839,8,150,46168,13,150,0,0,-1,1,0,0.0,0.0,1.0,0.0,0.0
6840,1,57,6840,13,57,0,1,57,1,0,0.8,0.0,1.0,69.2784101149934,0.0
6841,3,57,23092,13,57,0,0,-1,1,0,0.0,0.0,1.0,0.0,0.0
6842,1,57,10264,13,57,0,1,-1,1,0,1.0,0.0,1.0,0.6931471805599453,0.0
6843,11,137,34648,13,137,0,0,-1,1,0,0.0,0.0,1.0,0.0,0.0
6844,1,150,17332,13,150,1,1,-1,2,1,0.6666666666666666,0.0,0.6666666666666666,6.591673732008659,1.2069489608125827
6845,3,150,20536,13,150,0,0,-1,1,0,0.0,0.0,1.0,0.0,0.0
6846,1,150,52000,13,150,0,1,-1,1,0,1.0,0.0,1.0,0.6931471805599453,0.0
6847,29,62,156004,13,62,0,0,-1,1,0,0.0,0.0,1.0,0.0,0.0
6848,1,106,9232,13,106,0,1,106,1,0,0.6666666666666666,0.0,1.0,129.43941785366997,0.0
6849,3,57,20548,13,57,0,0,-1,1,0,0.0,0.0,1.0,0.0,0.0
6850,1,57,13012,13,57,1,1,-1,2,1,0.7333333333333334,0.0,0.6666666666666666,1.0986122886681098,1.206948960812582
6851,6,57,30832,13,57,0,0,-1,1,0,0.0,0.0,1.0,0.0,0.0
6852,1,31,6852,13,31,0,1,31,1,0,0.8,0.0,1.0,37.549987812653036,0.0
6853,3,31,20560,13,31,0,0,-1,1,0,0.0,0.0,1.0,0.0,0.0
6854,1,31,15424,13,31,0,1,-1,1,0,1.0,0.0,1.0,0.6931471805599453,0.0
6855,13,88,46276,13,88,0,0,-1,1,0,0.0,0.0,1.0,0.0,0.0
6856,1,31,6856,13,31,1,1,31,2,1,0.6666666666666666,0.0,0.6666666666666666,38.53081706566476,1.2069489608125767
6857,3,57,34720,13,57,0,0,-1,1,0,0.0,0.0,1.0,0.0,0.0
6858,1,31,10288,13,31,0,1,-1,1,0,1.0,0.0,1.0,0.6931471805599453,0.0
6859,8,62,30868,13,62,0,0,-1,1,0,0.0,0.0,1.0,0.0,0.0
6860,1,31,7720,13,31,0,1,31,1,0,0.6666666666666666,0.0,1.0,37.837669885104816,0.0
6861,3,31,20584,13,31,0,0,-1,1,0,0.0,0.0,1.0,0.0,0.0
6862,1,119,250504,13,119,1,1,-1,2,1,0.7333333333333334,0.0,0.6666666666666666,1.0986122886681098,1.206948960812582
6863,60,119,250504,13,119,0,0,-1,1,0,0.0,0.0,1.0,0.0,0.0
6864,1,106,9232,13,106,0,1,106,1,0,0.8,0.0,1.0,128.8640537087664,0.0
6865,3,150,20596,13,150,0,0,-1,1,0,0.0,0.0,1.0,0.0,0.0
6866,1,150,26080,13,150,0,1,-1,1,0,1.0,0.0,1.0,0.6931471805599453,0.0
6867,6,150,30904,13,150,0,0,-1,1,0,0.0,0.0,1.0,0.0,0.0
6868,1,106,9232,13,106,1,1,106,2,1,0.6666666666666666,0.0,0.6666666666666666,129.26951881687455,1.2069489608125767
6869,3,106,20608,13,106,0,0,-1,1,0,0.0,0.0,1.0,0.0,0.0
6870,1,150,24784,13,150,0,1,-1,1,0,1.0,0.0,1.0,0.6931471805599453,0.0
6871,8,150,46384,13,150,0,0,-1,1,0,0.0,0.0,1.0,0.0,0.0
6872,1,150,9232,13,150,0,1,150,1,0,0.6666666666666666,0.0,1.0,182.38127171429528,0.0
6873,3,31,23200,13,31,0,0,-1,1,0,0.0,0.0,1.0,0.0,0.0
6874,1,150,10312,13,150,1,1,-1,2,1,0.7333333333333334,0.0,0.6666666666666666,1.0986122886681098,1.206948960812582
6875,13,88,223072,13,88,0,0,-1,1,0,0.0,0.0,1.0,0.0,0.0
6876,1,150,11608,13,150,0,1,-1,1,0,0.8,0.0,1.0,6.1862086239004945,0.0
6877,3,150,20632,13,150,0,0,-1,1,0,0.0,0.0,1.0,0.0,0.0
6878,1,150,39184,13,150,0,1,-1,1,0,1.0,0.0,1.0,0.6931471805599453,0.0
6879,16,150,104488,13,150,0,0,-1,1,0,0.0,0.0,1.0,0.0,0.0
6880,1,106,9232,13,106,1,1,106,2,1,0.6666666666666666,0.0,0.6666666666666666,129.84488296177813,1.2069489608125767
6881,3,119,58804,13,119,0,0,-1,1,0,0.0,0.0,1.0,0.0,0.0
6882,1,106,10324,13,106,0,1,-1,1,0,1.0,0.0,1.0,0.6931471805599453,0.0
6883,6,106,30976,13,106,0,0,-1,1,0,0.0,0.0,1.0,0.0,0.0
6884,1,57,6884,13,57,0,1,57,1,0,0.6666666666666666,0.0,1.0,69.2784101149934,0.0
6885,3,57,20656,13,57,0,0,-1,1,0,0.0,0.0,1.0,0.0,0.0
6886,1,57,15496,13,57,1,1,-1,2,1,0.7333333333333334,0.0,0.6666666666666666,1.0986122886681098,1.206948960812582
6887,104,168,8153620,13,168,0,0,-1,1,0,0.0,0.0,1.0,0.0,0.0
6888,1,106,9232,13,106,0,1,106,1,0,0.8,0.0,1.0,129.15173578121818,0.0
6889,3,181,55888,13,181,0,0,-1,1,0,0.0,0.0,1.0,0.0,0.0
6890,1,106,10336,13,106,0,1,-1,1,0,1.0,0.0,1.0,0.6931471805599453,0.0
6891,8,150,39256,13,150,0,0,-1,1,0,0.0,0.0,1.0,0.0,0.0
6892,1,57,8728,13,57,1,1,57,2,1,0.6666666666666666,0.0,0.6666666666666666,69.108511078198,1.206948960812608
6893,3,57,20680,13,57,0,0,-1,1,0,0.0,0.0,1.0,0.0,0.0
6894,1,57,23272,13,57,0,1,-1,1,0,1.0,0.0,1.0,0.6931471805599453,0.0
6895,34,88,176740,13,88,0,0,-1,1,0,0.0,0.0,1.0,0.0,0.0
6896,1,44,6896,13,44,0,1,44,1,0,0.6666666666666666,0.0,1.0,54.42108621740445,0.0
6897,3,106,20692,13,106,0,0,-1,1,0,0.0,0.0,1.0,0.0,0.0
6898,1,150,44224,13,150,1,1,-1,2,1,0.7333333333333334,0.0,0.6666666666666666,1.0986122886681098,1.206948960812582
6899,6,150,44224,13,150,0,0,-1,1,0,0.0,0.0,1.0,0.0,0.0
6900,1,44,6900,13,44,0,1,44,1,0,0.8,0.0,1.0,53.84572207250089,0.0
6901,3,44,20704,13,44,0,0,-1,1,0,0.0,0.0,1.0,0.0,0.0
6902,1,57,17476,13,57,0,1,-1,1,0,1.0,0.0,1.0,0.6931471805599453,0.0
6903,8,57,46600,13,57,0,0,-1,1,0,0.0,0.0,1.0,0.0,0.0
6904,1,44,13120,13,44,1,1,-1,2,1,0.6666666666666666,0.0,0.6666666666666666,12.947781392704547,1.2069489608125845
6905,3,119,95956,13,119,0,0,-1,1,0,0.0,0.0,1.0,0.0,0.0
6906,1,44,13120,13,44,0,1,-1,1,0,1.0,0.0,1.0,0.6931471805599453,0.0
6907,24,119,95956,13,119,0,0,-1,1,0,0.0,0.0,1.0,0.0,0.0
6908,1,57,39364,13,57,0,1,-1,1,0,0.6666666666666666,0.0,1.0,6.473890696352275,0.0
6909,3,57,39364,13,57,0,0,-1,1,0,0.0,0.0,1.0,0.0,0.0
6910,1,57,118096,13,57,1,1,-1,2,1,0.7333333333333334,0.0,0.6666666666666666,1.0986122886681098,1.206948960812582
6911,75,150,1276936,13,150,0,0,-1,1,0,0.0,0.0,1.0,0.0,0.0
6912,1,119,9232,13,119,0,1,119,1,0,0.8,0.0,1.0,144.29674175125893,0.0
6913,3,44,20740,13,44,0,0,-1,1,0,0.0,0.0,1.0,0.0,0.0
6914,1,44,10372,13,44,0,1,-1,1,0,1.0,0.0,1.0,0.6931471805599453,0.0
6915,6,44,31120,13,44,0,0,-1,1,0,0.0,0.0,1.0,0.0,0.0
6916,1,106,9232,13,106,1,1,106,2,1,0.6666666666666666,0.0,0.6666666666666666,129.26951881687455,1.2069489608125767
6917,3,106,20752,13,106,0,0,-1,1,0,0.0,0.0,1.0,0.0,0.0
6918,1,106,15568,13,106,0,1,-1,1,0,1.0,0.0,1.0,0.6931471805599453,0.0
6919,11,225,250504,13,225,0,0,-1,1,0,0.0,0.0,1.0,0.0,0.0
6920,1,150,9232,13,150,0,1,150,1,0,0.6666666666666666,0.0,1.0,182.95663585919885,0.0
6921,3,75,94768,13,75,0,0,-1,1,0,0.0,0.0,1.0,0.0,0.0
6922,1,150,10384,13,150,1,1,-1,2,1,0.7333333333333334,0.0,0.6666666666666666,1.0986122886681098,1.206948960812582
6923,8,88,31156,13,88,0,0,-1,1,0,0.0,0.0,1.0,0.0,0.0
6924,1,150,9232,13,150,0,1,150,1,0,0.8,0.0,1.0,182.38127171429528,0.0
6925,3,150,20776,13,150,0,0,-1,1,0,0.0,0.0,1.0,0.0,0.0
6926,1,106,23380,13,106,0,1,-1,1,0,1.0,0.0,1.0,0.6931471805599453,0.0
6927,11,106,70144,13,106,0,0,-1,1,0,0.0,0.0,1.0,0.0,0.0
6928,1,31,6928,13,31,1,1,31,2,1,0.6666666666666666,0.0,0.6666666666666666,38.530817065664756,1.2069489608125767
6929,3,150,20788,13,150,0,0,-1,1,0,0.0,0.0,1.0,0.0,0.0
6930,1,150,19744,13,150,0,1,-1,1,0,1.0,0.0,1.0,0.6931471805599453,0.0
6931,6,150,31192,13,150,0,0,-1,1,0,0.0,0.0,1.0,0.0,0.0
6932,1,31,6932,13,31,0,1,31,1,0,0.6666666666666666,0.0,1.0,38.125351957556596,0.0
6933,3,31,20800,13,31,0,0,-1,1,0,0.0,0.0,1.0,0.0,0.0
6934,1,150,15604,13,150,1,1,-1,2,1,0.7333333333333334,0.0,0.6666666666666666,1.0986122886681098,1.206948960812582
6935,8,150,46816,13,150,0,0,-1,1,0,0.0,0.0,1.0,0.0,0.0
6936,1,31,6936,13,31,0,1,31,1,0,0.8,0.0,1.0,38.125351957556596,0.0
6937,3,181,33352,13,181,0,0,-1,1,0,0.0,0.0,1.0,0.0,0.0
6938,1,31,10408,13,31,0,1,-1,1,0,1.0,0.0,1.0,0.6931471805599453,0.0
6939,39,88,675376,13,88,0,0,-1,1,0,0.0,0.0,1.0,0.0,0.0
6940,1,106,11716,13,106,1,1,-1,2,1,0.6666666666666666,0.0,0.6666666666666666,6.591673732008659,1.2069489608125827
6941,3,106,20824,13,106,0,0,-1,1,0,0.0,0.0,1.0,0.0,0.0
6942,1,106,35152,13,106,0,1,-1,1,0,1.0,0.0,1.0,0.6931471805599453,0.0
6943,88,256,975400,13,256,0,0,-1,1,0,0.0,0.0,1.0,0.0,0.0
6944,1,31,6944,13,31,0,1,31,1,0,0.6666666666666666,0.0,1.0,38.413034030008376,0.0
6945,3,44,20836,13,44,0,0,-1,1,0,0.0,0.0,1.0,0.0,0.0
6946,1,106,10420,13,106,1,1,-1,2,1,0.7333333333333334,0.0,0.6666666666666666,1.0986122886681098,1.206948960812582
6947,6,106,31264,13,106,0,0,-1,1,0,0.0,0.0,1.0,0.0,0.0
6948,1,106,9232,13,106,0,1,106,1,0,0.8,0.0,1.0,128.57637163631463,0.0
6949,3,106,20848,13,106,0,0,-1,1,0,0.0,0.0,1.0,0.0,0.0
6950,1,106,15640,13,106,0,1,-1,1,0,1.0,0.0,1.0,0.6931471805599453,0.0
6951,13,111,67768,13,111,0,0,-1,1,0,0.0,0.0,1.0,0.0,0.0
6952,1,31,6952,13,31,1,1,31,2,1,0.6666666666666666,0.0,0.6666666666666666,38.818499138116536,1.2069489608125925
6953,3,88,79216,13,88,0,0,-1,1,0,0.0,0.0,1.0,0.0,0.0
6954,1,31,10432,13,31,0,1,-1,1,0,1.0,0.0,1.0,0.6931471805599453,0.0
6955,8,150,31300,13,150,0,0,-1,1,0,0.0,0.0,1.0,0.0,0.0
6956,1,57,7828,13,57,0,1,57,1,0,0.6666666666666666,0.0,1.0,69.2784101149934,0.0
6957,3,57,20872,13,57,0,0,-1,1,0,0.0,0.0,1.0,0.0,0.0
6958,1,57,23488,13,57,1,1,-1,2,1,0.7333333333333334,0.0,0.6666666666666666,1.0986122886681098,1.206948960812582
6959,16,88,70468,13,88,0,0,-1,1,0,0.0,0.0,1.0,0.0,0.0
6960,1,31,6960,13,31,0,1,31,1,0,0.8,0.0,1.0,38.125351957556596,0.0
6961,3,57,20884,13,57,0,0,-1,1,0,0.0,0.0,1.0,0.0,0.0
6962,1,57,11752,13,57,0,1,-1,1,0,1.0,0.0,1.0,0.6931471805599453,0.0
6963,6,57,31336,13,57,0,0,-1,1,0,0.0,0.0,1.0,0.0,0.0
6964,1,31,6964,13,31,1,1,31,2,1,0.6666666666666666,0.0,0.6666666666666666,38.530817065664756,1.2069489608125925
6965,3,31,20896,13,31,0,0,-1,1,0,0.0,0.0,1.0,0.0,0.0
6966,1,88,80512,13,88,0,1,-1,1,0,1.0,0.0,1.0,0.6931471805599453,0.0
6967,8,88,80512,13,88,0,0,-1,1,0,0.0,0.0,1.0,0.0,0.0
6968,1,181,190996,13,181,0,1,-1,1,0,0.6666666666666666,0.0,1.0,18.323059800388716,0.0
6969,3,57,23524,13,57,0,0,-1,1,0,0.0,0.0,1.0,0.0,0.0
6970,1,181,190996,13,181,1,1,-1,2,1,0.7333333333333334,0.0,0.6666666666666666,1.0986122886681098,1.206948960812582
6971,11,57,35296,13,57,0,0,-1,1,0,0.0,0.0,1.0,0.0,0.0
6972,1,181,190996,13,181,0,1,-1,1,0,0.8,0.0,1.0,6.1862086239004945,0.0
6973,3,181,190996,13,181,0,0,-1,1,0,0.0,0.0,1.0,0.0,0.0
6974,1,132,67048,13,132,0,1,-1,1,0,1.0,0.0,1.0,0.6931471805599453,0.0
6975,26,132,158920,13,132,0,0,-1,1,0,0.0,0.0,1.0,0.0,0.0
6976,1,119,9232,13,119,1,1,119,2,1,0.6666666666666666,0.0,0.6666666666666666,145.56525307672243,1.2069489608126394
6977,3,31,20932,13,31,0,0,-1,1,0,0.0,0.0,1.0,0.0,0.0
6978,1,88,10468,13,88,0,1,-1,1,0,1.0,0.0,1.0,0.6931471805599453,0.0
6979,6,88,31408,13,88,0,0,-1,1,0,0.0,0.0,1.0,0.0,0.0
6980,1,150,9232,13,150,0,1,150,1,0,0.6666666666666666,0.0,1.0,182.0935896418435,0.0
6981,3,150,20944,13,150,0,0,-1,1,0,0.0,0.0,1.0,0.0,0.0
6982,1,150,15712,13,150,1,1,-1,2,1,0.7333333333333334,0.0,0.6666666666666666,1.0986122886681098,1.206948960812582
6983,21,88,59668,13,88,0,0,-1,1,0,0.0,0.0,1.0,0.0,0.0
6984,1,150,9232,13,150,0,1,150,1,0,0.8,0.0,1.0,181.8059075693917,0.0
6985,3,106,35368,13,106,0,0,-1,1,0,0.0,0.0,1.0,0.0,0.0
6986,1,150,10480,13,150,0,1,-1,1,0,1.0,0.0,1.0,0.6931471805599453,0.0
6987,8,150,31444,13,150,0,0,-1,1,0,0.0,0.0,1.0,0.0,0.0
6988,1,150,9232,13,150,1,1,150,2,1,0.6666666666666666,0.0,0.6666666666666666,181.9236906050481,1.2069489608125767
6989,3,150,20968,13,150,0,0,-1,1,0,0.0,0.0,1.0,0.0,0.0
6990,1,57,26548,13,57,0,1,-1,1,0,1.0,0.0,1.0,0.6931471805599453,0.0
6991,13,57,70792,13,57,0,0,-1,1,0,0.0,0.0,1.0,0.0,0.0
6992,1,119,9232,13,119,0,1,119,1,0,0.6666666666666666,0.0,1.0,145.44747004106605,0.0
6993,3,106,20980,13,106,0,0,-1,1,0,0.0,0.0,1.0,0.0,0.0
6994,1,106,59776,13,106,1,1,-1,2,1,0.7333333333333334,0.0,0.6666666666666666,1.0986122886681098,1.206948960812582
6995,6,106,59776,13,106,0,0,-1,1,0,0.0,0.0,1.0,0.0,0.0
6996,1,119,9232,13,119,0,1,119,1,0,0.8,0.0,1.0,144.87210589616248,0.0
6997,3,119,20992,13,119,0,0,-1,1,0,0.0,0.0,1.0,0.0,0.0
6998,1,132,345544,13,132,0,1,-1,1,0,1.0,0.0,1.0,0.6931471805599453,0.0
6999,8,132,345544,13,132,0,0,-1,1,0,0.0,0.0,1.0,0.0,0.0
7000,1,31,7000,13,31,1,1,31,2,1,0.6666666666666666,0.0,0.6666666666666666,38.530817065664756,1.2069489608125767
7001,3,31,23632,13,31,0,0,-1,1,0,0.0,0.0,1.0,0.0,0.0
7002,1,31,10504,13,31,0,1,-1,1,0,1.0,0.0,1.0,0.6931471805599453,0.0
7003,19,150,53188,13,150,0,0,-1,1,0,0.0,0.0,1.0,0.0,0.0
7004,1,31,11824,13,31,0,1,-1,1,0,0.6666666666666666,0.0,1.0,6.473890696352275,0.0
7005,3,31,21016,13,31,0,0,-1,1,0,0.0,0.0,1.0,0.0,0.0
7006,1,88,95956,13,88,1,1,-1,2,1,0.7333333333333334,0.0,0.6666666666666666,1.0986122886681098,1.206948960812582
7007,13,88,106432,13,88,0,0,-1,1,0,0.0,0.0,1.0,0.0,0.0
7008,1,57,7008,13,57,0,1,57,1,0,0.8,0.0,1.0,69.5660921874452,0.0
7009,3,181,575728,13,181,0,0,-1,1,0,0.0,0.0,1.0,0.0,0.0
7010,1,57,10516,13,57,0,1,-1,1,0,1.0,0.0,1.0,0.6931471805599453,0.0
7011,6,57,31552,13,57,0,0,-1,1,0,0.0,0.0,1.0,0.0,0.0
7012,1,57,7012,13,57,1,1,57,2,1,0.6666666666666666,0.0,0.6666666666666666,69.68387522310157,1.206948960812608
7013,3,57,21040,13,57,0,0,-1,1,0,0.0,0.0,1.0,0.0,0.0
7014,1,57,15784,13,57,0,1,-1,1,0,1.0,0.0,1.0,0.6931471805599453,0.0
7015,26,181,269728,13,181,0,0,-1,1,0,0.0,0.0,1.0,0.0,0.0
7016,1,57,7016,13,57,0,1,57,1,0,0.6666666666666666,0.0,1.0,70.14145633234875,0.0
7017,3,194,250504,13,194,0,0,-1,1,0,0.0,0.0,1.0,0.0,0.0
7018,1,57,10528,13,57,1,1,-1,2,1,0.7333333333333334,0.0,0.6666666666666666,1.0986122886681098,1.206948960812582
7019,8,44,31588,13,44,0,0,-1,1,0,0.0,0.0,1.0,0.0,0.0
7020,1,44,13336,13,44,0,1,-1,1,0,0.8,0.0,1.0,11.679270067241042,0.0
7021,3,44,21064,13,44,0,0,-1,1,0,0.0,0.0,1.0,0.0,0.0
7022,1,44,23704,13,44,0,1,-1,1,0,1.0,0.0,1.0,0.6931471805599453,0.0
7023,21,194,250504,13,194,0,0,-1,1,0,0.0,0.0,1.0,0.0,0.0
7024,1,57,7024,13,57,1,1,57,2,1,0.6666666666666666,0.0,0.6666666666666666,70.54692144045693,1.2069489608125767
7025,3,57,21076,13,57,0,0,-1,1,0,0.0,0.0,1.0,0.0,0.0
7026,1,57,11860,13,57,0,1,-1,1,0,1.0,0.0,1.0,0.6931471805599453,0.0
7027,6,57,31624,13,57,0,0,-1,1,0,0.0,0.0,1.0,0.0,0.0
7028,1,57,7028,13,57,0,1,57,1,0,0.6666666666666666,0.0,1.0,70.14145633234875,0.0
7029,3,57,21088,13,57,0,0,-1,1,0,0.0,0.0,1.0,0.0,0.0
7030,1,150,17800,13,150,1,1,-1,2,1,0.7333333333333334,0.0,0.6666666666666666,1.0986122886681098,1.206948960812582
7031,8,150,47464,13,150,0,0,-1,1,0,0.0,0.0,1.0,0.0,0.0
7032,1,150,10024,13,150,0,1,-1,1,0,0.8,0.0,1.0,15.55047107814893,0.0
7033,3,106,60100,13,106,0,0,-1,1,0,0.0,0.0,1.0,0.0,0.0
7034,1,150,10552,13,150,0,1,-1,1,0,1.0,0.0,1.0,0.6931471805599453,0.0
7035,13,106,45088,13,106,0,0,-1,1,0,0.0,0.0,1.0,0.0,0.0
7036,1,150,26728,13,150,1,1,-1,2,1,0.6666666666666666,0.0,0.6666666666666666,6.591673732008659,1.2069489608125827
7037,3,150,26728,13,150,0,0,-1,1,0,0.0,0.0,1.0,0.0,0.0
7038,1,80,202984,13,80,0,1,-1,1,0,1.0,0.0,1.0,0.6931471805599453,0.0
7039,39,80,240568,13,80,0,0,-1,1,0,0.0,0.0,1.0,0.0,0.0
7040,1,119,9232,13,119,0,1,119,1,0,0.6666666666666666,0.0,1.0,145.44747004106605,0.0
7041,3,57,33856,13,57,0,0,-1,1,0,0.0,0.0,1.0,0.0,0.0
7042,1,106,14308,13,106,1,1,-1,2,1,0.7333333333333334,0.0,0.6666666666666666,1.0986122886681098,1.206948960812582
7043,6,106,31696,13,106,0,0,-1,1,0,0.0,0.0,1.0,0.0,0.0
7044,1,106,15064,13,106,0,1,-1,1,0,0.8,0.0,1.0,15.838153150600712,0.0
7045,3,106,21136,13,106,0,0,-1,1,0,0.0,0.0,1.0,0.0,0.0
7046,1,106,15856,13,106,0,1,-1,1,0,1.0,0.0,1.0,0.6931471805599453,0.0
7047,11,106,47572,13,106,0,0,-1,1,0,0.0,0.0,1.0,0.0,0.0
7048,1,119,9232,13,119,1,1,119,2,1,0.6666666666666666,0.0,0.6666666666666666,145.56525307672243,1.2069489608126394
7049,3,80,67768,13,80,0,0,-1,1,0,0.0,0.0,1.0,0.0,0.0
7050,1,119,10576,13,119,0,1,-1,1,0,1.0,0.0,1.0,0.6931471805599453,0.0
7051,8,57,50848,13,57,0,0,-1,1,0,0.0,0.0,1.0,0.0,0.0
7052,1,119,9232,13,119,0,1,119,1,0,0.6666666666666666,0.0,1.0,144.87210589616248,0.0
7053,3,119,21160,13,119,0,0,-1,1,0,0.0,0.0,1.0,0.0,0.0
7054,1,57,23812,13,57,1,1,-1,2,1,0.7333333333333334,0.0,0.6666666666666666,1.0986122886681098,1.206948960812582
7055,11,57,71440,13,57,0,0,-1,1,0,0.0,0.0,1.0,0.0,0.0
7056,1,31,7056,13,31,0,1,31,1,0,0.8,0.0,1.0,37.837669885104816,0.0
7057,3,57,21172,13,57,0,0,-1,1,0,0.0,0.0,1.0,0.0,0.0
7058,1,57,17872,13,57,0,1,-1,1,0,1.0,0.0,1.0,0.6931471805599453,0.0
7059,6,57,31768,13,57,0,0,-1,1,0,0.0,0.0,1.0,0.0,0.0
7060,1,31,7060,13,31,1,1,31,2,1,0.6666666666666666,0.0,0.6666666666666666,38.243134993212976,1.2069489608125767
7061,3,31,21184,13,31,0,0,-1,1,0,0.0,0.0,1.0,0.0,0.0
7062,1,101,15892,13,101,0,1,-1,1,0,1.0,0.0,1.0,0.6931471805599453,0.0
7063,8,101,47680,13,101,0,0,-1,1,0,0.0,0.0,1.0,0.0,0.0
7064,1,31,7064,13,31,0,1,31,1,0,0.6666666666666666,0.0,1.0,38.413034030008376,0.0
7065,3,101,23848,13,101,0,0,-1,1,0,0.0,0.0,1.0,0.0,0.0
7066,1,31,10600,13,31,1,1,-1,2,1,0.7333333333333334,0.0,0.6666666666666666,1.0986122886681098,1.206948960812582
7067,16,57,80512,13,57,0,0,-1,1,0,0.0,0.0,1.0,0.0,0.0
7068,1,150,22660,13,150,0,1,-1,1,0,0.8,0.0,1.0,6.1862086239004945,0.0
7069,3,150,22660,13,150,0,0,-1,1,0,0.0,0.0,1.0,0.0,0.0
7070,1,150,35800,13,150,0,1,-1,1,0,1.0,0.0,1.0,0.6931471805599453,0.0
7071,19,57,120832,13,57,0,0,-1,1,0,0.0,0.0,1.0,0.0,0.0
7072,1,119,9232,13,119,1,1,119,2,1,0.6666666666666666,0.0,0.6666666666666666,145.85293514917421,1.2069489608126394
7073,3,101,21220,13,101,0,0,-1,1,0,0.0,0.0,1.0,0.0,0.0
7074,1,31,10612,13,31,0,1,-1,1,0,1.0,0.0,1.0,0.6931471805599453,0.0
7075,6,31,31840,13,31,0,0,-1,1,0,0.0,0.0,1.0,0.0,0.0
7076,1,57,13444,13,57,0,1,-1,1,0,0.6666666666666666,0.0,1.0,12.254634212144603,0.0
7077,3,57,21232,13,57,0,0,-1,1,0,0.0,0.0,1.0,0.0,0.0
7078,1,57,15928,13,57,1,1,-1,2,1,0.7333333333333334,0.0,0.6666666666666666,1.0986122886681098,1.206948960812582
7079,21,101,53764,13,101,0,0,-1,1,0,0.0,0.0,1.0,0.0,0.0
7080,1,119,9232,13,119,0,1,119,1,0,0.8,0.0,1.0,145.15978796861427,0.0
7081,3,101,121012,13,101,0,0,-1,1,0,0.0,0.0,1.0,0.0,0.0
7082,1,119,10624,13,119,0,1,-1,1,0,1.0,0.0,1.0,0.6931471805599453,0.0
7083,8,57,31876,13,57,0,0,-1,1,0,0.0,0.0,1.0,0.0,0.0
7084,1,57,10096,13,57,1,1,-1,2,1,0.6666666666666666,0.0,0.6666666666666666,15.668254113805315,1.2069489608125845
7085,3,57,21256,13,57,0,0,-1,1,0,0.0,0.0,1.0,0.0,0.0
7086,1,57,23920,13,57,0,1,-1,1,0,1.0,0.0,1.0,0.6931471805599453,0.0
7087,13,57,71764,13,57,0,0,-1,1,0,0.0,0.0,1.0,0.0,0.0
7088,1,57,7088,13,57,0,1,57,1,0,0.6666666666666666,0.0,1.0,70.42913840480054,0.0
7089,3,57,21268,13,57,0,0,-1,1,0,0.0,0.0,1.0,0.0,0.0
7090,1,57,11968,13,57,1,1,-1,2,1,0.7333333333333334,0.0,0.6666666666666666,1.0986122886681098,1.206948960812582
7091,6,57,31912,13,57,0,0,-1,1,0,0.0,0.0,1.0,0.0,0.0
7092,1,57,7092,13,57,0,1,57,1,0,0.8,0.0,1.0,69.85377425989698,0.0
7093,3,57,21280,13,57,0,0,-1,1,0,0.0,0.0,1.0,0.0,0.0
7094,1,57,26944,13,57,0,1,-1,1,0,1.0,0.0,1.0,0.6931471805599453,0.0
7095,8,57,47896,13,57,0,0,-1,1,0,0.0,0.0,1.0,0.0,0.0
7096,1,57,7096,13,57,1,1,57,2,1,0.6666666666666666,0.0,0.6666666666666666,70.54692144045691,1.2069489608125767
7097,3,57,23956,13,57,0,0,-1,1,0,0.0,0.0,1.0,0.0,0.0
7098,1,57,10648,13,57,0,1,-1,1,0,1.0,0.0,1.0,0.6931471805599453,0.0
7099,11,57,35944,13,57,0,0,-1,1,0,0.0,0.0,1.0,0.0,0.0
7100,1,88,45520,13,88,0,1,-1,1,0,0.6666666666666666,0.0,1.0,6.473890696352275,0.0
7101,3,88,45520,13,88,0,0,-1,1,0,0.0,0.0,1.0,0.0,0.0
7102,1,88,53944,13,88,1,1,-1,2,1,0.7333333333333334,0.0,0.6666666666666666,1.0986122886681098,1.206948960812582
7103,26,150,182068,13,150,0,0,-1,1,0,0.0,0.0,1.0,0.0,0.0
7104,1,75,9232,13,75,0,1,75,1,0,0.8,0.0,1.0,90.77952374573009,0.0
7105,3,57,21316,13,57,0,0,-1,1,0,0.0,0.0,1.0,0.0,0.0
7106,1,57,20248,13,57,0,1,-1,1,0,1.0,0.0,1.0,0.6931471805599453,0.0
7107,6,57,31984,13,57,0,0,-1,1,0,0.0,0.0,1.0,0.0,0.0
7108,1,119,9232,13,119,1,1,119,2,1,0.6666666666666666,0.0,0.6666666666666666,145.27757100427067,1.2069489608125767
7109,3,119,21328,13,119,0,0,-1,1,0,0.0,0.0,1.0,0.0,0.0
7110,1,119,16000,13,119,0,1,-1,1,0,1.0,0.0,1.0,0.6931471805599453,0.0
7111,13,150,102544,13,150,0,0,-1,1,0,0.0,0.0,1.0,0.0,0.0
7112,1,150,21688,13,150,0,1,-1,1,0,0.6666666666666666,0.0,1.0,27.687322254637163,0.0
7113,3,49,36016,13,49,0,0,-1,1,0,0.0,0.0,1.0,0.0,0.0
7114,1,150,21688,13,150,1,1,-1,2,1,0.7333333333333334,0.0,0.6666666666666666,1.0986122886681098,1.206948960812582
7115,8,57,32020,13,57,0,0,-1,1,0,0.0,0.0,1.0,0.0,0.0
7116,1,150,21688,13,150,0,1,-1,1,0,0.8,0.0,1.0,27.1119581097336,0.0
7117,3,150,21688,13,150,0,0,-1,1,0,0.0,0.0,1.0,0.0,0.0
7118,1,49,40552,13,49,0,1,-1,1,0,1.0,0.0,1.0,0.6931471805599453,0.0
7119,16,49,72088,13,49,0,0,-1,1,0,0.0,0.0,1.0,0.0,0.0
7120,1,75,9232,13,75,1,1,75,2,1,0.6666666666666666,0.0,0.6666666666666666,91.76035299874181,1.2069489608125767
7121,3,150,21688,13,150,0,0,-1,1,0,0.0,0.0,1.0,0.0,0.0
7122,1,49,30436,13,49,0,1,-1,1,0,1.0,0.0,1.0,0.6931471805599453,0.0
7123,6,49,32056,13,49,0,0,-1,1,0,0.0,0.0,1.0,0.0,0.0
7124,1,75,9232,13,75,0,1,75,1,0,0.6666666666666666,0.0,1.0,91.35488789063365,0.0
7125,3,75,21376,13,75,0,0,-1,1,0,0.0,0.0,1.0,0.0,0.0
7126,1,163,250504,13,163,1,1,-1,2,1,0.7333333333333334,0.0,0.6666666666666666,1.0986122886681098,1.206948960812582
7127,8,163,250504,13,163,0,0,-1,1,0,0.0,0.0,1.0,0.0,0.0
7128,1,49,8584,13,49,0,1,49,1,0,0.8,0.0,1.0,59.33878351584143,0.0
7129,3,119,24064,13,119,0,0,-1,1,0,0.0,0.0,1.0,0.0,0.0
7130,1,49,10696,13,49,0,1,-1,1,0,1.0,0.0,1.0,0.6931471805599453,0.0
7131,13,194,54160,13,194,0,0,-1,1,0,0.0,0.0,1.0,0.0,0.0
7132,1,49,12040,13,49,1,1,-1,2,1,0.6666666666666666,0.0,0.6666666666666666,6.591673732008659,1.2069489608125827
7133,3,49,21400,13,49,0,0,-1,1,0,0.0,0.0,1.0,0.0,0.0
7134,1,194,146500,13,194,0,1,-1,1,0,1.0,0.0,1.0,0.6931471805599453,0.0
7135,50,194,146500,13,194,0,0,-1,1,0,0.0,0.0,1.0,0.0,0.0
7136,1,75,9232,13,75,0,1,75,1,0,0.6666666666666666,0.0,1.0,91.64256996308542,0.0
7137,3,49,40660,13,49,0,0,-1,1,0,0.0,0.0,1.0,0.0,0.0
7138,1,75,10708,13,75,1,1,-1,2,1,0.7333333333333334,0.0,0.6666666666666666,1.0986122886681098,1.206948960812582
7139,6,75,32128,13,75,0,0,-1,1,0,0.0,0.0,1.0,0.0,0.0
7140,1,31,7140,13,31,0,1,31,1,0,0.8,0.0,1.0,37.262305740201256,0.0
7141,3,31,21424,13,31,0,0,-1,1,0,0.0,0.0,1.0,0.0,0.0
7142,1,31,16072,13,31,0,1,-1,1,0,1.0,0.0,1.0,0.6931471805599453,0.0
7143,16,194,81376,13,194,0,0,-1,1,0,0.0,0.0,1.0,0.0,0.0
7144,1,75,9232,13,75,1,1,75,2,1,0.6666666666666666,0.0,0.6666666666666666,92.04803507119358,1.206948960812608
7145,3,194,695464,13,194,0,0,-1,1,0,0.0,0.0,1.0,0.0,0.0
7146,1,75,10720,13,75,0,1,-1,1,0,1.0,0.0,1.0,0.6931471805599453,0.0
7147,8,101,61072,13,101,0,0,-1,1,0,0.0,0.0,1.0,0.0,0.0
7148,1,49,15280,13,49,0,1,-1,1,0,0.6666666666666666,0.0,1.0,15.26278900569715,0.0
7149,3,49,21448,13,49,0,0,-1,1,0,0.0,0.0,1.0,0.0,0.0
7150,1,49,24136,13,49,1,1,-1,2,1,0.7333333333333334,0.0,0.6666666666666666,1.0986122886681098,1.206948960812582
7151,34,101,122200,13,101,0,0,-1,1,0,0.0,0.0,1.0,0.0,0.0
7152,1,101,39364,13,101,0,1,-1,1,0,0.8,0.0,1.0,16.125835223052494,0.0
7153,3,75,21460,13,75,0,0,-1,1,0,0.0,0.0,1.0,0.0,0.0
7154,1,75,13588,13,75,0,1,-1,1,0,1.0,0.0,1.0,0.6931471805599453,0.0
7155,6,75,32200,13,75,0,0,-1,1,0,0.0,0.0,1.0,0.0,0.0
7156,1,101,39364,13,101,1,1,-1,2,1,0.6666666666666666,0.0,0.6666666666666666,16.531300331160658,1.2069489608125925
7157,3,101,39364,13,101,0,0,-1,1,0,0.0,0.0,1.0,0.0,0.0
7158,1,75,20392,13,75,0,1,-1,1,0,1.0,0.0,1.0,0.6931471805599453,0.0
7159,8,75,48328,13,75,0,0,-1,1,0,0.0,0.0,1.0,0.0,0.0
7160,1,101,39364,13,101,0,1,-1,1,0,0.6666666666666666,0.0,1.0,12.542316284596383,0.0
7161,3,132,176740,13,132,0,0,-1,1,0,0.0,0.0,1.0,0.0,0.0
7162,1,101,39364,13,101,1,1,-1,2,1,0.7333333333333334,0.0,0.6666666666666666,1.0986122886681098,1.206948960812582
7163,24,57,40804,13,57,0,0,-1,1,0,0.0,0.0,1.0,0.0,0.0
7164,1,101,103336,13,101,0,1,-1,1,0,0.8,0.0,1.0,6.1862086239004945,0.0
7165,3,101,103336,13,101,0,0,-1,1,0,0.0,0.0,1.0,0.0,0.0
7166,1,101,275560,13,101,0,1,-1,1,0,1.0,0.0,1.0,0.6931471805599453,0.0
7167,57,194,2092552,13,194,0,0,-1,1,0,0.0,0.0,1.0,0.0,0.0
7168,1,26,7168,13,26,1,1,26,2,1,0.6666666666666666,0.0,0.6666666666666666,32.462391477420645,1.2069489608125925
7169,3,75,21508,13,75,0,0,-1,1,0,0.0,0.0,1.0,0.0,0.0
7170,1,75,14560,13,75,0,1,-1,1,0,1.0,0.0,1.0,0.6931471805599453,0.0
7171,6,75,32272,13,75,0,0,-1,1,0,0.0,0.0,1.0,0.0,0.0
7172,1,119,9232,13,119,0,1,119,1,0,0.6666666666666666,0.0,1.0,144.87210589616248,0.0
7173,3,119,21520,13,119,0,0,-1,1,0,0.0,0.0,1.0,0.0,0.0
7174,1,119,16144,13,119,1,1,-1,2,1,0.7333333333333334,0.0,0.6666666666666666,1.0986122886681098,1.206948960812582
7175,11,75,48436,13,75,0,0,-1,1,0,0.0,0.0,1.0,0.0,0.0
7176,1,70,7176,13,70,0,1,70,1,0,0.8,0.0,1.0,84.99878022993775,0.0
7177,3,75,36340,13,75,0,0,-1,1,0,0.0,0.0,1.0,0.0,0.0
7178,1,70,10768,13,70,0,1,-1,1,0,1.0,0.0,1.0,0.6931471805599453,0.0
7179,8,119,32308,13,119,0,0,-1,1,0,0.0,0.0,1.0,0.0,0.0
7180,1,70,8080,13,70,1,1,70,2,1,0.6666666666666666,0.0,0.6666666666666666,85.11656326559414,1.2069489608125457
7181,3,70,21544,13,70,0,0,-1,1,0,0.0,0.0,1.0,0.0,0.0
7182,1,150,65608,13,150,0,1,-1,1,0,1.0,0.0,1.0,0.6931471805599453,0.0
7183,11,150,72736,13,150,0,0,-1,1,0,0.0,0.0,1.0,0.0,0.0
7184,1,119,9232,13,119,0,1,119,1,0,0.6666666666666666,0.0,1.0,145.44747004106605,0.0
7185,3,70,21556,13,70,0,0,-1,1,0,0.0,0.0,1.0,0.0,0.0
7186,1,31,18196,13,31,1,1,-1,2,1,0.7333333333333334,0.0,0.6666666666666666,1.0986122886681098,1.206948960812582
7187,6,31,32344,13,31,0,0,-1,1,0,0.0,0.0,1.0,0.0,0.0
7188,1,119,9232,13,119,0,1,119,1,0,0.8,0.0,1.0,144.87210589616248,0.0
7189,3,119,21568,13,119,0,0,-1,1,0,0.0,0.0,1.0,0.0,0.0
7190,1,70,16180,13,70,0,1,-1,1,0,1.0,0.0,1.0,0.6931471805599453,0.0
7191,8,70,48544,13,70,0,0,-1,1,0,0.0,0.0,1.0,0.0,0.0
7192,1,119,9232,13,119,1,1,119,2,1,0.6666666666666666,0.0,0.6666666666666666,145.85293514917421,1.2069489608126394
7193,3,163,24280,13,163,0,0,-1,1,0,0.0,0.0,1.0,0.0,0.0
7194,1,119,10792,13,119,0,1,-1,1,0,1.0,0.0,1.0,0.6931471805599453,0.0
7195,81,119,599056,13,119,0,0,-1,1,0,0.0,0.0,1.0,0.0,0.0
7196,1,70,12148,13,70,0,1,-1,1,0,0.6666666666666666,0.0,1.0,6.473890696352275,0.0
7197,3,70,21592,13,70,0,0,-1,1,0,0.0,0.0,1.0,0.0,0.0
7198,1,70,36448,13,70,1,1,-1,2,1,0.7333333333333334,0.0,0.6666666666666666,1.0986122886681098,1.206948960812582
7199,24,163,138400,13,163,0,0,-1,1,0,0.0,0.0,1.0,0.0,0.0
7200,1,57,7200,13,57,0,1,57,1,0,0.8,0.0,1.0,69.5660921874452,0.0
7201,3,163,25972,13,163,0,0,-1,1,0,0.0,0.0,1.0,0.0,0.0
7202,1,119,10804,13,119,0,1,-1,1,0,1.0,0.0,1.0,0.6931471805599453,0.0
7203,6,119,32416,13,119,0,0,-1,1,0,0.0,0.0,1.0,0.0,0.0
7204,1,163,17332,13,163,1,1,-1,2,1,0.6666666666666666,0.0,0.6666666666666666,21.16131555714587,1.2069489608125845
7205,3,163,21616,13,163,0,0,-1,1,0,0.0,0.0,1.0,0.0,0.0
7206,1,163,17332,13,163,0,1,-1,1,0,1.0,0.0,1.0,0.6931471805599453,0.0
7207,13,70,54736,13,70,0,0,-1,1,0,0.0,0.0,1.0,0.0,0.0
7208,1,57,7208,13,57,0,1,57,1,0,0.6666666666666666,0.0,1.0,70.14145633234875,0.0
7209,3,70,82132,13,70,0,0,-1,1,0,0.0,0.0,1.0,0.0,0.0
7210,1,57,10816,13,57,1,1,-1,2,1,0.7333333333333334,0.0,0.6666666666666666,1.0986122886681098,1.206948960812582
7211,8,119,32452,13,119,0,0,-1,1,0,0.0,0.0,1.0,0.0,0.0
7212,1,44,8116,13,44,0,1,44,1,0,0.8,0.0,1.0,52.98267585514555,0.0
7213,3,44,21640,13,44,0,0,-1,1,0,0.0,0.0,1.0,0.0,0.0
7214,1,44,24352,13,44,0,1,-1,1,0,1.0,0.0,1.0,0.6931471805599453,0.0
7215,19,70,73060,13,70,0,0,-1,1,0,0.0,0.0,1.0,0.0,0.0
7216,1,57,7216,13,57,1,1,57,2,1,0.6666666666666666,0.0,0.6666666666666666,70.54692144045693,1.2069489608125457
7217,3,44,21652,13,44,0,0,-1,1,0,0.0,0.0,1.0,0.0,0.0
7218,1,44,12184,13,44,0,1,-1,1,0,1.0,0.0,1.0,0.6931471805599453,0.0
7219,6,44,32488,13,44,0,0,-1,1,0,0.0,0.0,1.0,0.0,0.0
7220,1,57,7220,13,57,0,1,57,1,0,0.6666666666666666,0.0,1.0,70.14145633234875,0.0
7221,3,57,21664,13,57,0,0,-1,1,0,0.0,0.0,1.0,0.0,0.0
7222,1,70,61720,13,70,1,1,-1,2,1,0.7333333333333334,0.0,0.6666666666666666,1.0986122886681098,1.206948960812582
7223,8,70,61720,13,70,0,0,-1,1,0,0.0,0.0,1.0,0.0,0.0
7224,1,119,9232,13,119,0,1,119,1,0,0.8,0.0,1.0,144.87210589616248,0.0
7225,3,44,24388,13,44,0,0,-1,1,0,0.0,0.0,1.0,0.0,0.0
7226,1,119,10840,13,119,0,1,-1,1,0,1.0,0.0,1.0,0.6931471805599453,0.0
7227,11,132,250504,13,132,0,0,-1,1,0,0.0,0.0,1.0,0.0,0.0
7228,1,119,18304,13,119,1,1,-1,2,1,0.6666666666666666,0.0,0.6666666666666666,6.591673732008659,1.2069489608125827
7229,3,119,21688,13,119,0,0,-1,1,0,0.0,0.0,1.0,0.0,0.0
7230,1,70,54916,13,70,0,1,-1,1,0,1.0,0.0,1.0,0.6931471805599453,0.0
7231,26,70,164752,13,70,0,0,-1,1,0,0.0,0.0,1.0,0.0,0.0
7232,1,18,7232,13,18,0,1,18,1,0,0.6666666666666666,0.0,1.0,22.40498184261226,0.0
7233,3,163,21700,13,163,0,0,-1,1,0,0.0,0.0,1.0,0.0,0.0
7234,1,163,10852,13,163,1,1,-1,2,1,0.7333333333333334,0.0,0.6666666666666666,1.0986122886681098,1.206948960812582
7235,6,163,32560,13,163,0,0,-1,1,0,0.0,0.0,1.0,0.0,0.0
7236,1,57,7236,13,57,0,1,57,1,0,0.8,0.0,1.0,69.85377425989698,0.0
7237,3,57,21712,13,57,0,0,-1,1,0,0.0,0.0,1.0,0.0,0.0
7238,1,57,16288,13,57,0,1,-1,1,0,1.0,0.0,1.0,0.6931471805599453,0.0
7239,19,44,48868,13,44,0,0,-1,1,0,0.0,0.0,1.0,0.0,0.0
7240,1,70,7240,13,70,1,1,70,2,1,0.6666666666666666,0.0,0.6666666666666666,85.40424533804591,1.2069489608125767
7241,3,101,223072,13,101,0,0,-1,1,0,0.0,0.0,1.0,0.0,0.0
7242,1,70,10864,13,70,0,1,-1,1,0,1.0,0.0,1.0,0.6931471805599453,0.0
7243,8,57,32596,13,57,0,0,-1,1,0,0.0,0.0,1.0,0.0,0.0
7244,1,70,8152,13,70,0,1,70,1,0,0.6666666666666666,0.0,1.0,84.71109815748596,0.0
7245,3,70,21736,13,70,0,0,-1,1,0,0.0,0.0,1.0,0.0,0.0
7246,1,119,27520,13,119,1,1,-1,2,1,0.7333333333333334,0.0,0.6666666666666666,1.0986122886681098,1.206948960812582
7247,13,119,73384,13,119,0,0,-1,1,0,0.0,0.0,1.0,0.0,0.0
7248,1,18,7248,13,18,0,1,18,1,0,0.8,0.0,1.0,21.829617697708695,0.0
7249,3,70,21748,13,70,0,0,-1,1,0,0.0,0.0,1.0,0.0,0.0
7250,1,70,69712,13,70,0,1,-1,1,0,1.0,0.0,1.0,0.6931471805599453,0.0
7251,6,70,69712,13,70,0,0,-1,1,0,0.0,0.0,1.0,0.0,0.0
7252,1,18,7252,13,18,1,1,18,2,1,0.6666666666666666,0.0,0.6666666666666666,22.23508280581686,1.2069489608125845
7253,3,18,21760,13,18,0,0,-1,1,0,0.0,0.0,1.0,0.0,0.0
7254,1,57,16324,13,57,0,1,-1,1,0,1.0,0.0,1.0,0.6931471805599453,0.0
7255,8,57,48976,13,57,0,0,-1,1,0,0.0,0.0,1.0,0.0,0.0
7256,1,57,13120,13,57,0,1,-1,1,0,0.6666666666666666,0.0,1.0,28.550368471992503,0.0
7257,3,70,24496,13,70,0,0,-1,1,0,0.0,0.0,1.0,0.0,0.0
7258,1,57,13120,13,57,1,1,-1,2,1,0.7333333333333334,0.0,0.6666666666666666,1.0986122886681098,1.206948960812582
7259,21,163,93040,13,163,0,0,-1,1,0,0.0,0.0,1.0,0.0,0.0
7260,1,57,13120,13,57,0,1,-1,1,0,0.8,0.0,1.0,6.1862086239004945,0.0
7261,3,57,21784,13,57,0,0,-1,1,0,0.0,0.0,1.0,0.0,0.0
7262,1,101,176740,13,101,0,1,-1,1,0,1.0,0.0,1.0,0.6931471805599453,0.0
7263,13,101,176740,13,101,0,0,-1,1,0,0.0,0.0,1.0,0.0,0.0
7264,1,18,7264,13,18,1,1,18,2,1,0.6666666666666666,0.0,0.6666666666666666,22.810446950720422,1.2069489608125845
7265,3,163,44224,13,163,0,0,-1,1,0,0.0,0.0,1.0,0.0,0.0
7266,1,70,39364,13,70,0,1,-1,1,0,1.0,0.0,1.0,0.6931471805599453,0.0
7267,6,70,39364,13,70,0,0,-1,1,0,0.0,0.0,1.0,0.0,0.0
7268,1,70,39364,13,70,0,1,-1,1,0,0.6666666666666666,0.0,1.0,21.90657873884483,0.0
7269,3,70,39364,13,70,0,0,-1,1,0,0.0,0.0,1.0,0.0,0.0
7270,1,70,39364,13,70,1,1,-1,2,1,0.7333333333333334,0.0,0.6666666666666666,1.0986122886681098,1.206948960812582
7271,32,163,209680,13,163,0,0,-1,1,0,0.0,0.0,1.0,0.0,0.0
7272,1,18,7272,13,18,0,1,18,1,0,0.8,0.0,1.0,22.11729977016048,0.0
7273,3,132,95956,13,132,0,0,-1,1,0,0.0,0.0,1.0,0.0,0.0
7274,1,18,10912,13,18,0,1,-1,1,0,1.0,0.0,1.0,0.6931471805599453,0.0
7275,8,132,95956,13,132,0,0,-1,1,0,0.0,0.0,1.0,0.0,0.0
7276,1,163,1276936,13,163,1,1,-1,2,1,0.6666666666666666,0.0,0.6666666666666666,12.084735175349206,1.2069489608125807
7277,3,163,1276936,13,163,0,0,-1,1,0,0.0,0.0,1.0,0.0,0.0
7278,1,163,1276936,13,163,0,1,-1,1,0,1.0,0.0,1.0,0.6931471805599453,0.0
7279,125,176,1702276,13,176,0,0,-1,1,0,0.0,0.0,1.0,0.0,0.0
7280,1,44,7280,13,44,0,1,44,1,0,0.6666666666666666,0.0,1.0,54.13340414495267,0.0
7281,3,18,21844,13,18,0,0,-1,1,0,0.0,0.0,1.0,0.0,0.0
7282,1,119,12292,13,119,1,1,-1,2,1,0.7333333333333334,0.0,0.6666666666666666,1.0986122886681098,1.206948960812582
7283,6,119,32776,13,119,0,0,-1,1,0,0.0,0.0,1.0,0.0,0.0
7284,1,44,7284,13,44,0,1,44,1,0,0.8,0.0,1.0,53.55804000004911,0.0
7285,3,44,21856,13,44,0,0,-1,1,0,0.0,0.0,1.0,0.0,0.0
7286,1,163,18448,13,163,0,1,-1,1,0,1.0,0.0,1.0,0.6931471805599453,0.0
7287,8,163,49192,13,163,0,0,-1,1,0,0.0,0.0,1.0,0.0,0.0
7288,1,44,9232,13,44,1,1,44,2,1,0.6666666666666666,0.0,0.6666666666666666,53.96350510815727,1.2069489608125925
7289,3,119,41524,13,119,0,0,-1,1,0,0.0,0.0,1.0,0.0,0.0
7290,1,44,10936,13,44,0,1,-1,1,0,1.0,0.0,1.0,0.6931471805599453,0.0
7291,13,163,36916,13,163,0,0,-1,1,0,0.0,0.0,1.0,0.0,0.0
7292,1,163,27700,13,163,0,1,-1,1,0,0.6666666666666666,0.0,1.0,6.473890696352275,0.0
7293,3,163,27700,13,163,0,0,-1,1,0,0.0,0.0,1.0,0.0,0.0
7294,1,163,83104,13,163,1,1,-1,2,1,0.7333333333333334,0.0,0.6666666666666666,1.0986122886681098,1.206948960812582
7295,50,88,599056,13,88,0,0,-1,1,0,0.0,0.0,1.0,0.0,0.0
7296,1,39,7296,13,39,0,1,39,1,0,0.8,0.0,1.0,46.914250266901455,0.0
7297,3,163,21892,13,163,0,0,-1,1,0,0.0,0.0,1.0,0.0,0.0
7298,1,44,10948,13,44,0,1,-1,1,0,1.0,0.0,1.0,0.6931471805599453,0.0
7299,6,44,32848,13,44,0,0,-1,1,0,0.0,0.0,1.0,0.0,0.0
7300,1,44,7300,13,44,1,1,44,2,1,0.6666666666666666,0.0,0.6666666666666666,53.96350510815727,1.2069489608125925
7301,3,44,21904,13,44,0,0,-1,1,0,0.0,0.0,1.0,0.0,0.0
7302,1,44,16432,13,44,0,1,-1,1,0,1.0,0.0,1.0,0.6931471805599453,0.0
7303,11,163,49300,13,163,0,0,-1,1,0,0.0,0.0,1.0,0.0,0.0
7304,1,132,9232,13,132,0,1,132,1,0,0.6666666666666666,0.0,1.0,160.88015808355863,0.0
7305,3,194,399976,13,194,0,0,-1,1,0,0.0,0.0,1.0,0.0,0.0
7306,1,132,10960,13,132,1,1,-1,2,1,0.7333333333333334,0.0,0.6666666666666666,1.0986122886681098,1.206948960812582
7307,8,44,32884,13,44,0,0,-1,1,0,0.0,0.0,1.0,0.0,0.0
7308,1,132,9232,13,132,0,1,132,1,0,0.8,0.0,1.0,160.30479393865505,0.0
7309,3,132,21928,13,132,0,0,-1,1,0,0.0,0.0,1.0,0.0,0.0
7310,1,119,24676,13,119,0,1,-1,1,0,1.0,0.0,1.0,0.6931471805599453,0.0
7311,11,119,74032,13,119,0,0,-1,1,0,0.0,0.0,1.0,0.0,0.0
7312,1,132,9232,13,132,1,1,132,2,1,0.6666666666666666,0.0,0.6666666666666666,161.2856231916668,1.2069489608125767
7313,3,119,21940,13,119,0,0,-1,1,0,0.0,0.0,1.0,0.0,0.0
7314,1,119,18520,13,119,0,1,-1,1,0,1.0,0.0,1.0,0.6931471805599453,0.0
7315,6,119,32920,13,119,0,0,-1,1,0,0.0,0.0,1.0,0.0,0.0
7316,1,132,9232,13,132,0,1,132,1,0,0.6666666666666666,0.0,1.0,160.88015808355863,0.0
7317,3,132,21952,13,132,0,0,-1,1,0,0.0,0.0,1.0,0.0,0.0
7318,1,132,16468,13,132,1,1,-1,2,1,0.7333333333333334,0.0,0.6666666666666666,1.0986122886681098,1.206948960812582
7319,8,132,49408,13,132,0,0,-1,1,0,0.0,0.0,1.0,0.0,0.0
7320,1,132,9232,13,132,0,1,132,1,0,0.8,0.0,1.0,160.88015808355863,0.0
7321,3,44,24712,13,44,0,0,-1,1,0,0.0,0.0,1.0,0.0,0.0
7322,1,132,10984,13,132,0,1,-1,1,0,1.0,0.0,1.0,0.6931471805599453,0.0
7323,44,163,400948,13,163,0,0,-1,1,0,0.0,0.0,1.0,0.0,0.0
7324,1,70,13912,13,70,1,1,-1,2,1,0.6666666666666666,0.0,0.6666666666666666,6.591673732008659,1.2069489608125827
7325,3,70,21976,13,70,0,0,-1,1,0,0.0,0.0,1.0,0.0,0.0
7326,1,70,37096,13,70,0,1,-1,1,0,1.0,0.0,1.0,0.6931471805599453,0.0
7327,39,101,281716,13,101,0,0,-1,1,0,0.0,0.0,1.0,0.0,0.0
7328,1,39,7328,13,39,0,1,39,1,0,0.6666666666666666,0.0,1.0,47.777296484256794,0.0
7329,3,101,70468,13,101,0,0,-1,1,0,0.0,0.0,1.0,0.0,0.0
7330,1,44,10996,13,44,1,1,-1,2,1,0.7333333333333334,0.0,0.6666666666666666,1.0986122886681098,1.206948960812582
7331,6,44,32992,13,44,0,0,-1,1,0,0.0,0.0,1.0,0.0,0.0
7332,1,44,20896,13,44,0,1,-1,1,0,0.8,0.0,1.0,11.966952139692822,0.0
7333,3,44,22000,13,44,0,0,-1,1,0,0.0,0.0,1.0,0.0,0.0
7334,1,44,20896,13,44,0,1,-1,1,0,1.0,0.0,1.0,0.6931471805599453,0.0
7335,39,75,237976,13,75,0,0,-1,1,0,0.0,0.0,1.0,0.0,0.0
7336,1,39,7336,13,39,1,1,39,2,1,0.6666666666666666,0.0,0.6666666666666666,48.182761592364955,1.2069489608125925
7337,3,176,225988,13,176,0,0,-1,1,0,0.0,0.0,1.0,0.0,0.0
7338,1,39,11008,13,39,0,1,-1,1,0,1.0,0.0,1.0,0.6931471805599453,0.0
7339,8,194,190996,13,194,0,0,-1,1,0,0.0,0.0,1.0,0.0,0.0
7340,1,132,9232,13,132,0,1,132,1,0,0.6666666666666666,0.0,1.0,160.30479393865505,0.0
7341,3,132,22024,13,132,0,0,-1,1,0,0.0,0.0,1.0,0.0,0.0
7342,1,132,24784,13,132,1,1,-1,2,1,0.7333333333333334,0.0,0.6666666666666666,1.0986122886681098,1.206948960812582
7343,13,70,74356,13,70,0,0,-1,1,0,0.0,0.0,1.0,0.0,0.0
7344,1,132,9232,13,132,0,1,132,1,0,0.8,0.0,1.0,160.5924760111068,0.0
7345,3,163,22036,13,163,0,0,-1,1,0,0.0,0.0,1.0,0.0,0.0
7346,1,163,12400,13,163,0,1,-1,1,0,1.0,0.0,1.0,0.6931471805599453,0.0
7347,6,163,33064,13,163,0,0,-1,1,0,0.0,0.0,1.0,0.0,0.0
7348,1,132,9232,13,132,1,1,132,2,1,0.6666666666666666,0.0,0.6666666666666666,160.997941119215,1.2069489608125767
7349,3,132,22048,13,132,0,0,-1,1,0,0.0,0.0,1.0,0.0,0.0
7350,1,101,31408,13,101,0,1,-1,1,0,1.0,0.0,1.0,0.6931471805599453,0.0
7351,8,101,49624,13,101,0,0,-1,1,0,0.0,0.0,1.0,0.0,0.0
7352,1,132,9232,13,132,0,1,132,1,0,0.6666666666666666,0.0,1.0,160.88015808355863,0.0
7353,3,163,24820,13,163,0,0,-1,1,0,0.0,0.0,1.0,0.0,0.0
7354,1,132,11032,13,132,1,1,-1,2,1,0.7333333333333334,0.0,0.6666666666666666,1.0986122886681098,1.206948960812582
7355,11,101,59668,13,101,0,0,-1,1,0,0.0,0.0,1.0,0.0,0.0
7356,1,163,18628,13,163,0,1,-1,1,0,0.8,0.0,1.0,6.1862086239004945,0.0
7357,3,163,22072,13,163,0,0,-1,1,0,0.0,0.0,1.0,0.0,0.0
7358,1,163,55888,13,163,0,1,-1,1,0,1.0,0.0,1.0,0.6931471805599453,0.0
7359,70,145,453256,13,145,0,0,-1,1,0,0.0,0.0,1.0,0.0,0.0
7360,1,39,7360,13,39,1,1,39,2,1,0.6666666666666666,0.0,0.6666666666666666,48.18276159236496,1.2069489608125767
7361,3,132,22084,13,132,0,0,-1,1,0,0.0,0.0,1.0,0.0,0.0
7362,1,132,13984,13,132,0,1,-1,1,0,1.0,0.0,1.0,0.6931471805599453,0.0
7363,6,132,33136,13,132,0,0,-1,1,0,0.0,0.0,1.0,0.0,0.0
7364,1,132,9232,13,132,0,1,132,1,0,0.6666666666666666,0.0,1.0,160.88015808355863,0.0
7365,3,132,22096,13,132,0,0,-1,1,0,0.0,0.0,1.0,0.0,0.0
7366,1,132,16576,13,132,1,1,-1,2,1,0.7333333333333334,0.0,0.6666666666666666,1.0986122886681098,1.206948960812582
7367,13,119,59776,13,119,0,0,-1,1,0,0.0,0.0,1.0,0.0,0.0
7368,1,132,9232,13,132,0,1,132,1,0,0.8,0.0,1.0,160.88015808355863,0.0
7369,3,44,37312,13,44,0,0,-1,1,0,0.0,0.0,1.0,0.0,0.0
7370,1,132,11056,13,132,0,1,-1,1,0,1.0,0.0,1.0,0.6931471805599453,0.0
7371,8,44,33172,13,44,0,0,-1,1,0,0.0,0.0,1.0,0.0,0.0
7372,1,132,9232,13,132,1,1,132,2,1,0.6666666666666666,0.0,0.6666666666666666,160.997941119215,1.2069489608125767
7373,3,132,22120,13,132,0,0,-1,1,0,0.0,0.0,1.0,0.0,0.0
7374,1,44,63016,13,44,0,1,-1,1,0,1.0,0.0,1.0,0.6931471805599453,0.0
7375,21,44,74680,13,44,0,0,-1,1,0,0.0,0.0,1.0,0.0,0.0
7376,1,39,7376,13,39,0,1,39,1,0,0.6666666666666666,0.0,1.0,48.064978556708574,0.0
7377,3,101,95956,13,101,0,0,-1,1,0,0.0,0.0,1.0,0.0,0.0
7378,1,101,95956,13,101,1,1,-1,2,1,0.7333333333333334,0.0,0.6666666666666666,1.0986122886681098,1.206948960812582
7379,6,101,95956,13,101,0,0,-1,1,0,0.0,0.0,1.0,0.0,0.0
7380,1,39,7380,13,39,0,1,39,1,0,0.8,0.0,1.0,47.489614411805015,0.0
7381,3,39,22144,13,39,0,0,-1,1,0,0.0,0.0,1.0,0.0,0.0
7382,1,70,16612,13,70,0,1,-1,1,0,1.0,0.0,1.0,0.6931471805599453,0.0
7383,8,70,49840,13,70,0,0,-1,1,0,0.0,0.0,1.0,0.0,0.0
7384,1,70,10528,13,70,1,1,-1,2,1,0.6666666666666666,0.0,0.6666666666666666,16.818982403612438,1.2069489608125925
7385,3,70,24928,13,70,0,0,-1,1,0,0.0,0.0,1.0,0.0,0.0
7386,1,70,11080,13,70,0,1,-1,1,0,1.0,0.0,1.0,0.6931471805599453,0.0
7387,13,70,56104,13,70,0,0,-1,1,0,0.0,0.0,1.0,0.0,0.0
7388,1,70,12472,13,70,0,1,-1,1,0,0.6666666666666666,0.0,1.0,6.473890696352275,0.0
7389,3,70,22168,13,70,0,0,-1,1,0,0.0,0.0,1.0,0.0,0.0
7390,1,207,250504,13,207,1,1,-1,2,1,0.7333333333333334,0.0,0.6666666666666666,1.0986122886681098,1.206948960812582
7391,19,207,250504,13,207,0,0,-1,1,0,0.0,0.0,1.0,0.0,0.0
7392,1,132,9232,13,132,0,1,132,1,0,0.8,0.0,1.0,160.5924760111068,0.0
7393,3,57,94768,13,57,0,0,-1,1,0,0.0,0.0,1.0,0.0,0.0
7394,1,39,11092,13,39,0,1,-1,1,0,1.0,0.0,1.0,0.6931471805599453,0.0
7395,6,39,33280,13,39,0,0,-1,1,0,0.0,0.0,1.0,0.0,0.0
7396,1,70,7396,13,70,1,1,70,2,1,0.6666666666666666,0.0,0.6666666666666666,85.40424533804591,1.2069489608125767
7397,3,70,22192,13,70,0,0,-1,1,0,0.0,0.0,1.0,0.0,0.0
7398,1,70,16648,13,70,0,1,-1,1,0,1.0,0.0,1.0,0.6931471805599453,0.0
7399,21,93,84292,13,93,0,0,-1,1,0,0.0,0.0,1.0,0.0,0.0
7400,1,132,9232,13,132,0,1,132,1,0,0.6666666666666666,0.0,1.0,161.1678401560104,0.0
7401,3,70,56212,13,70,0,0,-1,1,0,0.0,0.0,1.0,0.0,0.0
7402,1,132,11104,13,132,1,1,-1,2,1,0.7333333333333334,0.0,0.6666666666666666,1.0986122886681098,1.206948960812582
7403,8,194,144340,13,194,0,0,-1,1,0,0.0,0.0,1.0,0.0,0.0
7404,1,132,9376,13,132,0,1,132,1,0,0.8,0.0,1.0,160.01711186620327,0.0
7405,3,132,22216,13,132,0,0,-1,1,0,0.0,0.0,1.0,0.0,0.0
7406,1,132,25000,13,132,0,1,-1,1,0,1.0,0.0,1.0,0.6931471805599453,0.0
7407,34,57,427192,13,57,0,0,-1,1,0,0.0,0.0,1.0,0.0,0.0
7408,1,132,9232,13,132,1,1,132,2,1,0.6666666666666666,0.0,0.6666666666666666,161.57330526411857,1.2069489608125767
7409,3,132,22228,13,132,0,0,-1,1,0,0.0,0.0,1.0,0.0,0.0
7410,1,163,26728,13,163,0,1,-1,1,0,1.0,0.0,1.0,0.6931471805599453,0.0
7411,6,163,33352,13,163,0,0,-1,1,0,0.0,0.0,1.0,0.0,0.0
7412,1,132,9232,13,132,0,1,132,1,0,0.6666666666666666,0.0,1.0,161.1678401560104,0.0
7413,3,132,22240,13,132,0,0,-1,1,0,0.0,0.0,1.0,0.0,0.0
7414,1,132,18772,13,132,1,1,-1,2,1,0.7333333333333334,0.0,0.6666666666666666,1.0986122886681098,1.206948960812582
7415,8,132,50056,13,132,0,0,-1,1,0,0.0,0.0,1.0,0.0,0.0
7416,1,119,15856,13,119,0,1,-1,1,0,0.8,0.0,1.0,12.254634212144603,0.0
7417,3,119,28168,13,119,0,0,-1,1,0,0.0,0.0,1.0,0.0,0.0
7418,1,119,15856,13,119,0,1,-1,1,0,1.0,0.0,1.0,0.6931471805599453,0.0
7419,29,70,95092,13,70,0,0,-1,1,0,0.0,0.0,1.0,0.0,0.0
7420,1,119,42280,13,119,1,1,-1,2,1,0.6666666666666666,0.0,0.6666666666666666,6.591673732008659,1.2069489608125827
7421,3,119,42280,13,119,0,0,-1,1,0,0.0,0.0,1.0,0.0,0.0
7422,1,238,481624,13,238,0,1,-1,1,0,1.0,0.0,1.0,0.6931471805599453,0.0
7423,60,238,481624,13,238,0,0,-1,1,0,0.0,0.0,1.0,0.0,0.0
7424,1,26,7424,13,26,0,1,26,1,0,0.6666666666666666,0.0,1.0,32.344608441764265,0.0
7425,3,132,22276,13,132,0,0,-1,1,0,0.0,0.0,1.0,0.0,0.0
7426,1,70,23812,13,70,1,1,-1,2,1,0.7333333333333334,0.0,0.6666666666666666,1.0986122886681098,1.206948960812582
7427,6,70,33424,13,70,0,0,-1,1,0,0.0,0.0,1.0,0.0,0.0
7428,1,39,7428,13,39,0,1,39,1,0,0.8,0.0,1.0,47.201932339353235,0.0
7429,3,39,22288,13,39,0,0,-1,1,0,0.0,0.0,1.0,0.0,0.0
7430,1,39,16720,13,39,0,1,-1,1,0,1.0,0.0,1.0,0.6931471805599453,0.0
7431,11,70,71440,13,70,0,0,-1,1,0,0.0,0.0,1.0,0.0,0.0
7432,1,132,9232,13,132,1,1,132,2,1,0.6666666666666666,0.0,0.6666666666666666,161.57330526411857,1.2069489608125767
7433,3,70,37636,13,70,0,0,-1,1,0,0.0,0.0,1.0,0.0,0.0
7434,1,132,11152,13,132,0,1,-1,1,0,1.0,0.0,1.0,0.6931471805599453,0.0
7435,8,44,33460,13,44,0,0,-1,1,0,0.0,0.0,1.0,0.0,0.0
7436,1,132,9232,13,132,0,1,132,1,0,0.6666666666666666,0.0,1.0,160.88015808355863,0.0
7437,3,132,22312,13,132,0,0,-1,1,0,0.0,0.0,1.0,0.0,0.0
7438,1,44,25108,13,44,1,1,-1,2,1,0.7333333333333334,0.0,0.6666666666666666,1.0986122886681098,1.206948960812582
7439,11,44,75328,13,44,0,0,-1,1,0,0.0,0.0,1.0,0.0,0.0
7440,1,39,7440,13,39,0,1,39,1,0,0.8,0.0,1.0,47.489614411805015,0.0
7441,3,132,22324,13,132,0,0,-1,1,0,0.0,0.0,1.0,0.0,0.0
7442,1,70,80512,13,70,0,1,-1,1,0,1.0,0.0,1.0,0.6931471805599453,0.0
7443,6,70,80512,13,70,0,0,-1,1,0,0.0,0.0,1.0,0.0,0.0
7444,1,39,7444,13,39,1,1,39,2,1,0.6666666666666666,0.0,0.6666666666666666,47.89507951991318,1.2069489608125612
7445,3,39,22336,13,39,0,0,-1,1,0,0.0,0.0,1.0,0.0,0.0
7446,1,132,16756,13,132,0,1,-1,1,0,1.0,0.0,1.0,0.6931471805599453,0.0
7447,8,132,50272,13,132,0,0,-1,1,0,0.0,0.0,1.0,0.0,0.0
7448,1,39,7448,13,39,0,1,39,1,0,0.6666666666666666,0.0,1.0,48.064978556708574,0.0
7449,3,114,25144,13,114,0,0,-1,1,0,0.0,0.0,1.0,0.0,0.0
7450,1,39,11176,13,39,1,1,-1,2,1,0.7333333333333334,0.0,0.6666666666666666,1.0986122886681098,1.206948960812582
7451,26,163,190996,13,163,0,0,-1,1,0,0.0,0.0,1.0,0.0,0.0
7452,1,70,15928,13,70,0,1,-1,1,0,0.8,0.0,1.0,6.1862086239004945,0.0
7453,3,70,22360,13,70,0,0,-1,1,0,0.0,0.0,1.0,0.0,0.0
7454,1,70,37744,13,70,0,1,-1,1,0,1.0,0.0,1.0,0.6931471805599453,0.0
7455,16,70,113236,13,70,0,0,-1,1,0,0.0,0.0,1.0,0.0,0.0
7456,1,88,9232,13,88,1,1,88,2,1,0.6666666666666666,0.0,0.6666666666666666,107.76840518613791,1.2069489608125767
7457,3,70,22372,13,70,0,0,-1,1,0,0.0,0.0,1.0,0.0,0.0
7458,1,70,11188,13,70,0,1,-1,1,0,1.0,0.0,1.0,0.6931471805599453,0.0
7459,6,70,33568,13,70,0,0,-1,1,0,0.0,0.0,1.0,0.0,0.0
7460,1,70,9448,13,70,0,1,70,1,0,0.6666666666666666,0.0,1.0,85.57414437484131,0.0
7461,3,70,22384,13,70,0,0,-1,1,0,0.0,0.0,1.0,0.0,0.0
7462,1,70,16792,13,70,1,1,-1,2,1,0.7333333333333334,0.0,0.6666666666666666,1.0986122886681098,1.206948960812582
7463,13,70,56680,13,70,0,0,-1,1,0,0.0,0.0,1.0,0.0,0.0
7464,1,88,9232,13,88,0,1,88,1,0,0.8,0.0,1.0,107.07525800557796,0.0
7465,3,70,85048,13,70,0,0,-1,1,0,0.0,0.0,1.0,0.0,0.0
7466,1,88,11200,13,88,0,1,-1,1,0,1.0,0.0,1.0,0.6931471805599453,0.0
7467,8,70,33604,13,70,0,0,-1,1,0,0.0,0.0,1.0,0.0,0.0
7468,1,39,8404,13,39,1,1,39,2,1,0.6666666666666666,0.0,0.6666666666666666,47.319715375009615,1.2069489608125767
7469,3,39,22408,13,39,0,0,-1,1,0,0.0,0.0,1.0,0.0,0.0
7470,1,39,25216,13,39,0,1,-1,1,0,1.0,0.0,1.0,0.6931471805599453,0.0
7471,26,70,107728,13,70,0,0,-1,1,0,0.0,0.0,1.0,0.0,0.0
7472,1,88,9232,13,88,0,1,88,1,0,0.6666666666666666,0.0,1.0,107.65062215048152,0.0
7473,3,101,45520,13,101,0,0,-1,1,0,0.0,0.0,1.0,0.0,0.0
7474,1,101,45520,13,101,1,1,-1,2,1,0.7333333333333334,0.0,0.6666666666666666,1.0986122886681098,1.206948960812582
7475,6,101,45520,13,101,0,0,-1,1,0,0.0,0.0,1.0,0.0,0.0
7476,1,88,9232,13,88,0,1,88,1,0,0.8,0.0,1.0,107.07525800557796,0.0
7477,3,88,22432,13,88,0,0,-1,1,0,0.0,0.0,1.0,0.0,0.0
7478,1,114,345544,13,114,0,1,-1,1,0,1.0,0.0,1.0,0.6931471805599453,0.0
7479,8,114,345544,13,114,0,0,-1,1,0,0.0,0.0,1.0,0.0,0.0
7480,1,132,9232,13,132,1,1,132,2,1,0.6666666666666666,0.0,0.6666666666666666,160.7102590467632,1.2069489608126394
7481,3,163,182068,13,163,0,0,-1,1,0,0.0,0.0,1.0,0.0,0.0
7482,1,132,11224,13,132,0,1,-1,1,0,1.0,0.0,1.0,0.6931471805599453,0.0
7483,11,39,37888,13,39,0,0,-1,1,0,0.0,0.0,1.0,0.0,0.0
7484,1,132,18952,13,132,0,1,-1,1,0,0.6666666666666666,0.0,1.0,6.473890696352275,0.0
7485,3,132,22456,13,132,0,0,-1,1,0,0.0,0.0,1.0,0.0,0.0
7486,1,70,95956,13,70,1,1,-1,2,1,0.7333333333333334,0.0,0.6666666666666666,1.0986122886681098,1.206948960812582
7487,24,70,170584,13,70,0,0,-1,1,0,0.0,0.0,1.0,0.0,0.0
7488,1,26,7488,13,26,0,1,26,1,0,0.8,0.0,1.0,31.481562224408922,0.0
7489,3,88,22468,13,88,0,0,-1,1,0,0.0,0.0,1.0,0.0,0.0
7490,1,163,21688,13,163,0,1,-1,1,0,1.0,0.0,1.0,0.6931471805599453,0.0
7491,6,163,33712,13,163,0,0,-1,1,0,0.0,0.0,1.0,0.0,0.0
7492,1,88,9232,13,88,1,1,88,2,1,0.6666666666666666,0.0,0.6666666666666666,107.19304104123435,1.2069489608125767
7493,3,88,22480,13,88,0,0,-1,1,0,0.0,0.0,1.0,0.0,0.0
7494,1,88,16864,13,88,0,1,-1,1,0,1.0,0.0,1.0,0.6931471805599453,0.0
7495,21,70,96064,13,70,0,0,-1,1,0,0.0,0.0,1.0,0.0,0.0
7496,1,176,250504,13,176,0,1,-1,1,0,0.6666666666666666,0.0,1.0,16.413517295504274,0.0
7497,3,62,40552,13,62,0,0,-1,1,0,0.0,0.0,1.0,0.0,0.0
7498,1,176,250504,13,176,1,1,-1,2,1,0.7333333333333334,0.0,0.6666666666666666,1.0986122886681098,1.206948960812582
7499,8,88,33748,13,88,0,0,-1,1,0,0.0,0.0,1.0,0.0,0.0
7500,1,176,250504,13,176,0,1,-1,1,0,0.8,0.0,1.0,15.838153150600712,0.0
7501,3,176,250504,13,176,0,0,-1,1,0,0.0,0.0,1.0,0.0,0.0
7502,1,62,32056,13,62,0,1,-1,1,0,1.0,0.0,1.0,0.6931471805599453,0.0
7503,13,62,75976,13,62,0,0,-1,1,0,0.0,0.0,1.0,0.0,0.0
7504,1,26,7504,13,26,1,1,26,2,1,0.6666666666666666,0.0,0.6666666666666666,32.46239147742065,1.2069489608125767
7505,3,176,250504,13,176,0,0,-1,1,0,0.0,0.0,1.0,0.0,0.0
7506,1,163,144340,13,163,0,1,-1,1,0,1.0,0.0,1.0,0.6931471805599453,0.0
7507,6,163,144340,13,163,0,0,-1,1,0,0.0,0.0,1.0,0.0,0.0
7508,1,26,7508,13,26,0,1,26,1,0,0.6666666666666666,0.0,1.0,32.056926369312485,0.0
7509,3,26,22528,13,26,0,0,-1,1,0,0.0,0.0,1.0,0.0,0.0
7510,1,62,16900,13,62,1,1,-1,2,1,0.7333333333333334,0.0,0.6666666666666666,1.0986122886681098,1.206948960812582
7511,8,62,50704,13,62,0,0,-1,1,0,0.0,0.0,1.0,0.0,0.0
7512,1,88,9232,13,88,0,1,88,1,0,0.8,0.0,1.0,107.07525800557796,0.0
7513,3,88,25360,13,88,0,0,-1,1,0,0.0,0.0,1.0,0.0,0.0
7514,1,88,11272,13,88,0,1,-1,1,0,1.0,0.0,1.0,0.6931471805599453,0.0
7515,16,207,146500,13,207,0,0,-1,1,0,0.0,0.0,1.0,0.0,0.0
7516,1,88,12688,13,88,1,1,-1,2,1,0.6666666666666666,0.0,0.6666666666666666,6.591673732008659,1.2069489608125827
7517,3,88,22552,13,88,0,0,-1,1,0,0.0,0.0,1.0,0.0,0.0
7518,1,88,38068,13,88,0,1,-1,1,0,1.0,0.0,1.0,0.6931471805599453,0.0
7519,13,88,114208,13,88,0,0,-1,1,0,0.0,0.0,1.0,0.0,0.0
7520,1,132,9232,13,132,0,1,132,1,0,0.6666666666666666,0.0,1.0,161.1678401560104,0.0
7521,3,44,28564,13,44,0,0,-1,1,0,0.0,0.0,1.0,0.0,0.0
7522,1,39,11284,13,39,1,1,-1,2,1,0.7333333333333334,0.0,0.6666666666666666,1.0986122886681098,1.206948960812582
7523,6,39,33856,13,39,0,0,-1,1,0,0.0,0.0,1.0,0.0,0.0
7524,1,39,7524,13,39,0,1,39,1,0,0.8,0.0,1.0,47.201932339353235,0.0
7525,3,39,22576,13,39,0,0,-1,1,0,0.0,0.0,1.0,0.0,0.0
7526,1,39,16936,13,39,0,1,-1,1,0,1.0,0.0,1.0,0.6931471805599453,0.0
7527,119,150,846916,13,150,0,0,-1,1,0,0.0,0.0,1.0,0.0,0.0
7528,1,132,9232,13,132,1,1,132,2,1,0.6666666666666666,0.0,0.6666666666666666,161.57330526411857,1.2069489608125767
7529,3,62,57184,13,62,0,0,-1,1,0,0.0,0.0,1.0,0.0,0.0
7530,1,132,11296,13,132,0,1,-1,1,0,1.0,0.0,1.0,0.6931471805599453,0.0
7531,8,62,33892,13,62,0,0,-1,1,0,0.0,0.0,1.0,0.0,0.0
7532,1,88,14308,13,88,0,1,-1,1,0,0.6666666666666666,0.0,1.0,11.966952139692822,0.0
7533,3,88,22600,13,88,0,0,-1,1,0,0.0,0.0,1.0,0.0,0.0
7534,1,88,25432,13,88,1,1,-1,2,1,0.7333333333333334,0.0,0.6666666666666666,1.0986122886681098,1.206948960812582
7535,16,88,85840,13,88,0,0,-1,1,0,0.0,0.0,1.0,0.0,0.0
7536,1,132,9232,13,132,0,1,132,1,0,0.8,0.0,1.0,160.88015808355863,0.0
7537,3,132,22612,13,132,0,0,-1,1,0,0.0,0.0,1.0,0.0,0.0
7538,1,114,39364,13,114,0,1,-1,1,0,1.0,0.0,1.0,0.6931471805599453,0.0
7539,6,114,39364,13,114,0,0,-1,1,0,0.0,0.0,1.0,0.0,0.0
7540,1,132,9232,13,132,1,1,132,2,1,0.6666666666666666,0.0,0.6666666666666666,161.2856231916668,1.2069489608125767
7541,3,132,22624,13,132,0,0,-1,1,0,0.0,0.0,1.0,0.0,0.0
7542,1,114,39364,13,114,0,1,-1,1,0,1.0,0.0,1.0,0.6931471805599453,0.0
7543,8,114,50920,13,114,0,0,-1,1,0,0.0,0.0,1.0,0.0,0.0
7544,1,39,9556,13,39,0,1,39,1,0,0.6666666666666666,0.0,1.0,47.201932339353235,0.0
7545,3,70,96712,13,70,0,0,-1,1,0,0.0,0.0,1.0,0.0,0.0
7546,1,39,11320,13,39,1,1,-1,2,1,0.7333333333333334,0.0,0.6666666666666666,1.0986122886681098,1.206948960812582
7547,13,114,103336,13,114,0,0,-1,1,0,0.0,0.0,1.0,0.0,0.0
7548,1,39,28672,13,39,0,1,-1,1,0,0.8,0.0,1.0,6.1862086239004945,0.0
7549,3,39,28672,13,39,0,0,-1,1,0,0.0,0.0,1.0,0.0,0.0
7550,1,88,86020,13,88,0,1,-1,1,0,1.0,0.0,1.0,0.6931471805599453,0.0
7551,26,88,258064,13,88,0,0,-1,1,0,0.0,0.0,1.0,0.0,0.0
7552,1,39,7552,13,39,1,1,39,2,1,0.6666666666666666,0.0,0.6666666666666666,48.470443664816734,1.2069489608125925
7553,3,132,22660,13,132,0,0,-1,1,0,0.0,0.0,1.0,0.0,0.0
7554,1,132,11332,13,132,0,1,-1,1,0,1.0,0.0,1.0,0.6931471805599453,0.0
7555,6,132,34000,13,132,0,0,-1,1,0,0.0,0.0,1.0,0.0,0.0
7556,1,83,8080,13,83,0,1,83,1,0,0.6666666666666666,0.0,1.0,100.14378619997852,0.0
7557,3,83,22672,13,83,0,0,-1,1,0,0.0,0.0,1.0,0.0,0.0
7558,1,83,17008,13,83,1,1,-1,2,1,0.7333333333333334,0.0,0.6666666666666666,1.0986122886681098,1.206948960812582
7559,11,132,51028,13,132,0,0,-1,1,0,0.0,0.0,1.0,0.0,0.0
7560,1,39,7560,13,39,0,1,39,1,0,0.8,0.0,1.0,47.489614411805015,0.0
7561,3,83,43072,13,83,0,0,-1,1,0,0.0,0.0,1.0,0.0,0.0
7562,1,39,11344,13,39,0,1,-1,1,0,1.0,0.0,1.0,0.6931471805599453,0.0
7563,8,83,34036,13,83,0,0,-1,1,0,0.0,0.0,1.0,0.0,0.0
7564,1,39,8512,13,39,1,1,39,2,1,0.6666666666666666,0.0,0.6666666666666666,47.607397447461395,1.2069489608125925
7565,3,39,22696,13,39,0,0,-1,1,0,0.0,0.0,1.0,0.0,0.0
7566,1,132,25540,13,132,0,1,-1,1,0,1.0,0.0,1.0,0.6931471805599453,0.0
7567,11,132,76624,13,132,0,0,-1,1,0,0.0,0.0,1.0,0.0,0.0
7568,1,39,7568,13,39,0,1,39,1,0,0.6666666666666666,0.0,1.0,48.064978556708574,0.0
7569,3,132,22708,13,132,0,0,-1,1,0,0.0,0.0,1.0,0.0,0.0
7570,1,132,19168,13,132,1,1,-1,2,1,0.7333333333333334,0.0,0.6666666666666666,1.0986122886681098,1.206948960812582
7571,6,132,34072,13,132,0,0,-1,1,0,0.0,0.0,1.0,0.0,0.0
7572,1,39,7572,13,39,0,1,39,1,0,0.8,0.0,1.0,47.489614411805015,0.0
7573,3,39,22720,13,39,0,0,-1,1,0,0.0,0.0,1.0,0.0,0.0
7574,1,83,17044,13,83,0,1,-1,1,0,1.0,0.0,1.0,0.6931471805599453,0.0
7575,8,83,51136,13,83,0,0,-1,1,0,0.0,0.0,1.0,0.0,0.0
7576,1,39,7576,13,39,1,1,39,2,1,0.6666666666666666,0.0,0.6666666666666666,48.47044366481674,1.2069489608125767
7577,3,83,25576,13,83,0,0,-1,1,0,0.0,0.0,1.0,0.0,0.0
7578,1,39,11368,13,39,0,1,-1,1,0,1.0,0.0,1.0,0.6931471805599453,0.0
7579,44,132,599056,13,132,0,0,-1,1,0,0.0,0.0,1.0,0.0,0.0
7580,1,176,138400,13,176,0,1,-1,1,0,0.6666666666666666,0.0,1.0,6.473890696352275,0.0
7581,3,176,138400,13,176,0,0,-1,1,0,0.0,0.0,1.0,0.0,0.0
7582,1,176,138400,13,176,1,1,-1,2,1,0.7333333333333334,0.0,0.6666666666666666,1.0986122886681098,1.206948960812582
7583,32,83,145780,13,83,0,0,-1,1,0,0.0,0.0,1.0,0.0,0.0
7584,1,39,7584,13,39,0,1,39,1,0,0.8,0.0,1.0,47.489614411805015,0.0
7585,3,132,22756,13,132,0,0,-1,1,0,0.0,0.0,1.0,0.0,0.0
7586,1,70,11380,13,70,0,1,-1,1,0,1.0,0.0,1.0,0.6931471805599453,0.0
7587,6,70,34144,13,70,0,0,-1,1,0,0.0,0.0,1.0,0.0,0.0
7588,1,70,14416,13,70,1,1,-1,2,1,0.6666666666666666,0.0,0.6666666666666666,12.372417247800987,1.2069489608125807
7589,3,70,22768,13,70,0,0,-1,1,0,0.0,0.0,1.0,0.0,0.0
7590,1,70,17080,13,70,0,1,-1,1,0,1.0,0.0,1.0,0.6931471805599453,0.0
7591,16,176,57652,13,176,0,0,-1,1,0,0.0,0.0,1.0,0.0,0.0
7592,1,39,7592,13,39,0,1,39,1,0,0.6666666666666666,0.0,1.0,48.064978556708574,0.0
7593,3,176,129760,13,176,0,0,-1,1,0,0.0,0.0,1.0,0.0,0.0
7594,1,39,11392,13,39,1,1,-1,2,1,0.7333333333333334,0.0,0.6666666666666666,1.0986122886681098,1.206948960812582
7595,8,132,34180,13,132,0,0,-1,1,0,0.0,0.0,1.0,0.0,0.0
7596,1,70,8548,13,70,0,1,70,1,0,0.8,0.0,1.0,84.71109815748596,0.0
7597,3,70,22792,13,70,0,0,-1,1,0,0.0,0.0,1.0,0.0,0.0
7598,1,70,25648,13,70,0,1,-1,1,0,1.0,0.0,1.0,0.6931471805599453,0.0
7599,13,57,76948,13,57,0,0,-1,1,0,0.0,0.0,1.0,0.0,0.0
7600,1,31,7600,13,31,1,1,31,2,1,0.6666666666666666,0.0,0.6666666666666666,38.53081706566476,1.2069489608125612
7601,3,31,22804,13,31,0,0,-1,1,0,0.0,0.0,1.0,0.0,0.0
7602,1,31,12832,13,31,0,1,-1,1,0,1.0,0.0,1.0,0.6931471805599453,0.0
7603,6,31,34216,13,31,0,0,-1,1,0,0.0,0.0,1.0,0.0,0.0
7604,1,31,7604,13,31,0,1,31,1,0,0.6666666666666666,0.0,1.0,38.125351957556596,0.0
7605,3,31,22816,13,31,0,0,-1,1,0,0.0,0.0,1.0,0.0,0.0
7606,1,83,61720,13,83,1,1,-1,2,1,0.7333333333333334,0.0,0.6666666666666666,1.0986122886681098,1.206948960812582
7607,8,83,61720,13,83,0,0,-1,1,0,0.0,0.0,1.0,0.0,0.0
7608,1,31,7608,13,31,0,1,31,1,0,0.8,0.0,1.0,37.837669885104816,0.0
7609,3,31,25684,13,31,0,0,-1,1,0,0.0,0.0,1.0,0.0,0.0
7610,1,31,11416,13,31,0,1,-1,1,0,1.0,0.0,1.0,0.6931471805599453,0.0
7611,11,132,38536,13,132,0,0,-1,1,0,0.0,0.0,1.0,0.0,0.0
7612,1,132,21688,13,132,1,1,-1,2,1,0.6666666666666666,0.0,0.6666666666666666,6.591673732008659,1.2069489608125827
7613,3,132,22840,13,132,0,0,-1,1,0,0.0,0.0,1.0,0.0,0.0
7614,1,132,57832,13,132,0,1,-1,1,0,1.0,0.0,1.0,0.6931471805599453,0.0
7615,32,57,494080,13,57,0,0,-1,1,0,0.0,0.0,1.0,0.0,0.0
7616,1,39,7616,13,39,0,1,39,1,0,0.6666666666666666,0.0,1.0,48.352660629160354,0.0
7617,3,176,22852,13,176,0,0,-1,1,0,0.0,0.0,1.0,0.0,0.0
7618,1,176,32560,13,176,1,1,-1,2,1,0.7333333333333334,0.0,0.6666666666666666,1.0986122886681098,1.206948960812582
7619,6,176,34288,13,176,0,0,-1,1,0,0.0,0.0,1.0,0.0,0.0
7620,1,39,7620,13,39,0,1,39,1,0,0.8,0.0,1.0,47.489614411805015,0.0
7621,3,39,22864,13,39,0,0,-1,1,0,0.0,0.0,1.0,0.0,0.0
7622,1,39,17152,13,39,0,1,-1,1,0,1.0,0.0,1.0,0.6931471805599453,0.0
7623,13,70,51460,13,70,0,0,-1,1,0,0.0,0.0,1.0,0.0,0.0
7624,1,31,7624,13,31,1,1,31,2,1,0.6666666666666666,0.0,0.6666666666666666,38.53081706566476,1.2069489608125612
7625,3,83,38608,13,83,0,0,-1,1,0,0.0,0.0,1.0,0.0,0.0
7626,1,31,11440,13,31,0,1,-1,1,0,1.0,0.0,1.0,0.6931471805599453,0.0
7627,8,83,34324,13,83,0,0,-1,1,0,0.0,0.0,1.0,0.0,0.0
7628,1,31,8584,13,31,0,1,31,1,0,0.6666666666666666,0.0,1.0,37.837669885104816,0.0
7629,3,31,22888,13,31,0,0,-1,1,0,0.0,0.0,1.0,0.0,0.0
7630,1,176,48904,13,176,1,1,-1,2,1,0.7333333333333334,0.0,0.6666666666666666,1.0986122886681098,1.206948960812582
7631,21,176,77272,13,176,0,0,-1,1,0,0.0,0.0,1.0,0.0,0.0
7632,1,39,7632,13,39,0,1,39,1,0,0.8,0.0,1.0,47.777296484256794,0.0
7633,3,31,22900,13,31,0,0,-1,1,0,0.0,0.0,1.0,0.0,0.0
7634,1,83,28996,13,83,0,1,-1,1,0,1.0,0.0,1.0,0.6931471805599453,0.0
7635,6,83,34360,13,83,0,0,-1,1,0,0.0,0.0,1.0,0.0,0.0
7636,1,39,7636,13,39,1,1,39,2,1,0.6666666666666666,0.0,0.6666666666666666,48.182761592364955,1.2069489608125925
7637,3,39,22912,13,39,0,0,-1,1,0,0.0,0.0,1.0,0.0,0.0
7638,1,31,21760,13,31,0,1,-1,1,0,1.0,0.0,1.0,0.6931471805599453,0.0
7639,8,31,51568,13,31,0,0,-1,1,0,0.0,0.0,1.0,0.0,0.0
7640,1,31,7640,13,31,0,1,31,1,0,0.6666666666666666,0.0,1.0,38.413034030008376,0.0
7641,3,31,25792,13,31,0,0,-1,1,0,0.0,0.0,1.0,0.0,0.0
7642,1,31,11464,13,31,1,1,-1,2,1,0.7333333333333334,0.0,0.6666666666666666,1.0986122886681098,1.206948960812582
7643,13,70,58048,13,70,0,0,-1,1,0,0.0,0.0,1.0,0.0,0.0
7644,1,31,12904,13,31,0,1,-1,1,0,0.8,0.0,1.0,6.1862086239004945,0.0
7645,3,31,22936,13,31,0,0,-1,1,0,0.0,0.0,1.0,0.0,0.0
7646,1,176,98008,13,176,0,1,-1,1,0,1.0,0.0,1.0,0.6931471805599453,0.0
7647,34,176,116152,13,176,0,0,-1,1,0,0.0,0.0,1.0,0.0,0.0
7648,1,57,9232,13,57,1,1,57,2,1,0.6666666666666666,0.0,0.6666666666666666,69.97155729555337,1.2069489608125767
7649,3,114,176740,13,114,0,0,-1,1,0,0.0,0.0,1.0,0.0,0.0
7650,1,39,11476,13,39,0,1,-1,1,0,1.0,0.0,1.0,0.6931471805599453,0.0
7651,6,39,34432,13,39,0,0,-1,1,0,0.0,0.0,1.0,0.0,0.0
7652,1,83,39364,13,83,0,1,-1,1,0,0.6666666666666666,0.0,1.0,15.838153150600712,0.0
7653,3,83,39364,13,83,0,0,-1,1,0,0.0,0.0,1.0,0.0,0.0
7654,1,83,39364,13,83,1,1,-1,2,1,0.7333333333333334,0.0,0.6666666666666666,1.0986122886681098,1.206948960812582
7655,19,83,87208,13,83,0,0,-1,1,0,0.0,0.0,1.0,0.0,0.0
7656,1,57,9232,13,57,0,1,57,1,0,0.8,0.0,1.0,69.27841011499342,0.0
7657,3,83,65428,13,83,0,0,-1,1,0,0.0,0.0,1.0,0.0,0.0
7658,1,57,11488,13,57,0,1,-1,1,0,1.0,0.0,1.0,0.6931471805599453,0.0
7659,8,176,209680,13,176,0,0,-1,1,0,0.0,0.0,1.0,0.0,0.0
7660,1,176,1276936,13,176,1,1,-1,2,1,0.6666666666666666,0.0,0.6666666666666666,26.36669492803464,1.2069489608125845
7661,3,176,1276936,13,176,0,0,-1,1,0,0.0,0.0,1.0,0.0,0.0
7662,1,176,1276936,13,176,0,1,-1,1,0,1.0,0.0,1.0,0.6931471805599453,0.0
7663,44,88,314656,13,88,0,0,-1,1,0,0.0,0.0,1.0,0.0,0.0
7664,1,57,9232,13,57,0,1,57,1,0,0.6666666666666666,0.0,1.0,69.5660921874452,0.0
7665,3,57,22996,13,57,0,0,-1,1,0,0.0,0.0,1.0,0.0,0.0
7666,1,57,14560,13,57,1,1,-1,2,1,0.7333333333333334,0.0,0.6666666666666666,1.0986122886681098,1.206948960812582
7667,6,57,34504,13,57,0,0,-1,1,0,0.0,0.0,1.0,0.0,0.0
7668,1,57,9232,13,57,0,1,57,1,0,0.8,0.0,1.0,68.99072804254163,0.0
7669,3,57,23008,13,57,0,0,-1,1,0,0.0,0.0,1.0,0.0,0.0
7670,1,132,32776,13,132,0,1,-1,1,0,1.0,0.0,1.0,0.6931471805599453,0.0
7671,8,132,51784,13,132,0,0,-1,1,0,0.0,0.0,1.0,0.0,0.0
7672,1,132,41524,13,132,1,1,-1,2,1,0.6666666666666666,0.0,0.6666666666666666,12.947781392704547,1.2069489608125845
7673,3,57,29140,13,57,0,0,-1,1,0,0.0,0.0,1.0,0.0,0.0
7674,1,132,41524,13,132,0,1,-1,1,0,1.0,0.0,1.0,0.6931471805599453,0.0
7675,16,176,43720,13,176,0,0,-1,1,0,0.0,0.0,1.0,0.0,0.0
7676,1,132,65608,13,132,0,1,-1,1,0,0.6666666666666666,0.0,1.0,6.473890696352275,0.0
7677,3,132,65608,13,132,0,0,-1,1,0,0.0,0.0,1.0,0.0,0.0
7678,1,114,897856,13,114,1,1,-1,2,1,0.7333333333333334,0.0,0.6666666666666666,1.0986122886681098,1.206948960812582
7679,60,114,897856,13,114,0,0,-1,1,0,0.0,0.0,1.0,0.0,0.0
7680,1,26,7680,13,26,0,1,26,1,0,0.8,0.0,1.0,31.19388015195714,0.0
7681,3,176,83104,13,176,0,0,-1,1,0,0.0,0.0,1.0,0.0,0.0
7682,1,39,11524,13,39,0,1,-1,1,0,1.0,0.0,1.0,0.6931471805599453,0.0
7683,6,39,34576,13,39,0,0,-1,1,0,0.0,0.0,1.0,0.0,0.0
7684,1,145,9232,13,145,1,1,145,2,1,0.6666666666666666,0.0,0.6666666666666666,176.43062916170754,1.2069489608126394
7685,3,145,23056,13,145,0,0,-1,1,0,0.0,0.0,1.0,0.0,0.0
7686,1,145,17296,13,145,0,1,-1,1,0,1.0,0.0,1.0,0.6931471805599453,0.0
7687,11,57,51892,13,57,0,0,-1,1,0,0.0,0.0,1.0,0.0,0.0
7688,1,52,7688,13,52,0,1,52,1,0,0.6666666666666666,0.0,1.0,63.49766659920109,0.0
7689,3,57,38932,13,57,0,0,-1,1,0,0.0,0.0,1.0,0.0,0.0
7690,1,52,11536,13,52,1,1,-1,2,1,0.7333333333333334,0.0,0.6666666666666666,1.0986122886681098,1.206948960812582
7691,8,145,34612,13,145,0,0,-1,1,0,0.0,0.0,1.0,0.0,0.0
7692,1,52,8656,13,52,0,1,52,1,0,0.8,0.0,1.0,62.92230245429753,0.0
7693,3,52,23080,13,52,0,0,-1,1,0,0.0,0.0,1.0,0.0,0.0
7694,1,145,25972,13,145,0,1,-1,1,0,1.0,0.0,1.0,0.6931471805599453,0.0
7695,11,145,77920,13,145,0,0,-1,1,0,0.0,0.0,1.0,0.0,0.0
7696,1,52,7696,13,52,1,1,52,2,1,0.6666666666666666,0.0,0.6666666666666666,63.90313170730925,1.2069489608125612
7697,3,52,23092,13,52,0,0,-1,1,0,0.0,0.0,1.0,0.0,0.0
7698,1,132,24676,13,132,0,1,-1,1,0,1.0,0.0,1.0,0.6931471805599453,0.0
7699,6,132,34648,13,132,0,0,-1,1,0,0.0,0.0,1.0,0.0,0.0
7700,1,52,7700,13,52,0,1,52,1,0,0.6666666666666666,0.0,1.0,63.49766659920109,0.0
7701,3,52,23104,13,52,0,0,-1,1,0,0.0,0.0,1.0,0.0,0.0
7702,1,145,17332,13,145,1,1,-1,2,1,0.7333333333333334,0.0,0.6666666666666666,1.0986122886681098,1.206948960812582
7703,8,145,52000,13,145,0,0,-1,1,0,0.0,0.0,1.0,0.0,0.0
7704,1,52,7704,13,52,0,1,52,1,0,0.8,0.0,1.0,63.49766659920109,0.0
7705,3,145,26008,13,145,0,0,-1,1,0,0.0,0.0,1.0,0.0,0.0
7706,1,52,11560,13,52,0,1,-1,1,0,1.0,0.0,1.0,0.6931471805599453,0.0
7707,32,70,166696,13,70,0,0,-1,1,0,0.0,0.0,1.0,0.0,0.0
7708,1,52,13012,13,52,1,1,-1,2,1,0.6666666666666666,0.0,0.6666666666666666,6.591673732008659,1.2069489608125827
7709,3,52,23128,13,52,0,0,-1,1,0,0.0,0.0,1.0,0.0,0.0
7710,1,52,39040,13,52,0,1,-1,1,0,1.0,0.0,1.0,0.6931471805599453,0.0
7711,26,132,117124,13,132,0,0,-1,1,0,0.0,0.0,1.0,0.0,0.0
7712,1,26,7712,13,26,0,1,26,1,0,0.6666666666666666,0.0,1.0,32.056926369312485,0.0
7713,3,83,23140,13,83,0,0,-1,1,0,0.0,0.0,1.0,0.0,0.0
7714,1,52,11572,13,52,1,1,-1,2,1,0.7333333333333334,0.0,0.6666666666666666,1.0986122886681098,1.206948960812582
7715,6,52,34720,13,52,0,0,-1,1,0,0.0,0.0,1.0,0.0,0.0
7716,1,57,10996,13,57,0,1,-1,1,0,0.8,0.0,1.0,15.26278900569715,0.0
7717,3,57,23152,13,57,0,0,-1,1,0,0.0,0.0,1.0,0.0,0.0
7718,1,57,17368,13,57,0,1,-1,1,0,1.0,0.0,1.0,0.6931471805599453,0.0
7719,13,52,58624,13,52,0,0,-1,1,0,0.0,0.0,1.0,0.0,0.0
7720,1,26,7720,13,26,1,1,26,2,1,0.6666666666666666,0.0,0.6666666666666666,32.462391477420645,1.2069489608125925
7721,3,114,250504,13,114,0,0,-1,1,0,0.0,0.0,1.0,0.0,0.0
7722,1,26,11584,13,26,0,1,-1,1,0,1.0,0.0,1.0,0.6931471805599453,0.0
7723,8,52,34756,13,52,0,0,-1,1,0,0.0,0.0,1.0,0.0,0.0
7724,1,145,9232,13,145,0,1,145,1,0,0.6666666666666666,0.0,1.0,175.44979990869584,0.0
7725,3,145,23176,13,145,0,0,-1,1,0,0.0,0.0,1.0,0.0,0.0
7726,1,145,26080,13,145,1,1,-1,2,1,0.7333333333333334,0.0,0.6666666666666666,1.0986122886681098,1.206948960812582
7727,52,88,237976,13,88,0,0,-1,1,0,0.0,0.0,1.0,0.0,0.0
7728,1,26,7728,13,26,0,1,26,1,0,0.8,0.0,1.0,31.769244296860702,0.0
7729,3,145,24784,13,145,0,0,-1,1,0,0.0,0.0,1.0,0.0,0.0
7730,1,145,24784,13,145,0,1,-1,1,0,1.0,0.0,1.0,0.6931471805599453,0.0
7731,6,145,34792,13,145,0,0,-1,1,0,0.0,0.0,1.0,0.0,0.0
7732,1,26,7732,13,26,1,1,26,2,1,0.6666666666666666,0.0,0.6666666666666666,32.174709404968866,1.2069489608125925
7733,3,26,23200,13,26,0,0,-1,1,0,0.0,0.0,1.0,0.0,0.0
7734,1,83,223072,13,83,0,1,-1,1,0,1.0,0.0,1.0,0.6931471805599453,0.0
7735,8,83,223072,13,83,0,0,-1,1,0,0.0,0.0,1.0,0.0,0.0
7736,1,145,9232,13,145,0,1,145,1,0,0.6666666666666666,0.0,1.0,176.31284612605117,0.0
7737,3,176,26116,13,176,0,0,-1,1,0,0.0,0.0,1.0,0.0,0.0
7738,1,145,11608,13,145,1,1,-1,2,1,0.7333333333333334,0.0,0.6666666666666666,1.0986122886681098,1.206948960812582
7739,11,145,39184,13,145,0,0,-1,1,0,0.0,0.0,1.0,0.0,0.0
7740,1,145,19600,13,145,0,1,-1,1,0,0.8,0.0,1.0,6.1862086239004945,0.0
7741,3,145,23224,13,145,0,0,-1,1,0,0.0,0.0,1.0,0.0,0.0
7742,1,114,58804,13,114,0,1,-1,1,0,1.0,0.0,1.0,0.6931471805599453,0.0
7743,16,114,176416,13,114,0,0,-1,1,0,0.0,0.0,1.0,0.0,0.0
7744,1,101,9232,13,101,1,1,101,2,1,0.6666666666666666,0.0,0.6666666666666666,123.48877530108224,1.2069489608125767
7745,3,52,23236,13,52,0,0,-1,1,0,0.0,0.0,1.0,0.0,0.0
7746,1,52,11620,13,52,0,1,-1,1,0,1.0,0.0,1.0,0.6931471805599453,0.0
7747,6,52,34864,13,52,0,0,-1,1,0,0.0,0.0,1.0,0.0,0.0
7748,1,52,7748,13,52,0,1,52,1,0,0.6666666666666666,0.0,1.0,63.49766659920109,0.0
7749,3,52,23248,13,52,0,0,-1,1,0,0.0,0.0,1.0,0.0,0.0
7750,1,52,17440,13,52,1,1,-1,2,1,0.7333333333333334,0.0,0.6666666666666666,1.0986122886681098,1.206948960812582
7751,16,176,55888,13,176,0,0,-1,1,0,0.0,0.0,1.0,0.0,0.0
7752,1,52,7752,13,52,0,1,52,1,0,0.8,0.0,1.0,63.49766659920109,0.0
7753,3,145,39256,13,145,0,0,-1,1,0,0.0,0.0,1.0,0.0,0.0
7754,1,52,11632,13,52,0,1,-1,1,0,1.0,0.0,1.0,0.6931471805599453,0.0
7755,8,52,34900,13,52,0,0,-1,1,0,0.0,0.0,1.0,0.0,0.0
7756,1,52,8728,13,52,1,1,52,2,1,0.6666666666666666,0.0,0.6666666666666666,63.61544963485747,1.2069489608125767
7757,3,52,23272,13,52,0,0,-1,1,0,0.0,0.0,1.0,0.0,0.0
7758,1,145,29464,13,145,0,1,-1,1,0,1.0,0.0,1.0,0.6931471805599453,0.0
7759,13,145,78568,13,145,0,0,-1,1,0,0.0,0.0,1.0,0.0,0.0
7760,1,101,9232,13,101,0,1,101,1,0,0.6666666666666666,0.0,1.0,123.37099226542585,0.0
7761,3,145,23284,13,145,0,0,-1,1,0,0.0,0.0,1.0,0.0,0.0
7762,1,145,44224,13,145,1,1,-1,2,1,0.7333333333333334,0.0,0.6666666666666666,1.0986122886681098,1.206948960812582
7763,6,145,44224,13,145,0,0,-1,1,0,0.0,0.0,1.0,0.0,0.0
7764,1,101,9232,13,101,0,1,101,1,0,0.8,0.0,1.0,122.7956281205223,0.0
7765,3,101,23296,13,101,0,0,-1,1,0,0.0,0.0,1.0,0.0,0.0
7766,1,52,17476,13,52,0,1,-1,1,0,1.0,0.0,1.0,0.6931471805599453,0.0
7767,8,52,52432,13,52,0,0,-1,1,0,0.0,0.0,1.0,0.0,0.0
7768,1,39,7768,13,39,1,1,39,2,1,0.6666666666666666,0.0,0.6666666666666666,48.470443664816734,1.2069489608125925
7769,3,114,95956,13,114,0,0,-1,1,0,0.0,0.0,1.0,0.0,0.0
7770,1,39,11656,13,39,0,1,-1,1,0,1.0,0.0,1.0,0.6931471805599453,0.0
7771,19,114,95956,13,114,0,0,-1,1,0,0.0,0.0,1.0,0.0,0.0
7772,1,39,13120,13,39,0,1,-1,1,0,0.6666666666666666,0.0,1.0,6.473890696352275,0.0
7773,3,39,23320,13,39,0,0,-1,1,0,0.0,0.0,1.0,0.0,0.0
7774,1,52,39364,13,52,1,1,-1,2,1,0.7333333333333334,0.0,0.6666666666666666,1.0986122886681098,1.206948960812582
7775,13,52,118096,13,52,0,0,-1,1,0,0.0,0.0,1.0,0.0,0.0
7776,1,101,9232,13,101,0,1,101,1,0,0.8,0.0,1.0,122.7956281205223,0.0
7777,3,83,29536,13,83,0,0,-1,1,0,0.0,0.0,1.0,0.0,0.0
7778,1,39,11668,13,39,0,1,-1,1,0,1.0,0.0,1.0,0.6931471805599453,0.0
7779,6,39,35008,13,39,0,0,-1,1,0,0.0,0.0,1.0,0.0,0.0
7780,1,39,7780,13,39,1,1,39,2,1,0.6666666666666666,0.0,0.6666666666666666,47.895079519913175,1.2069489608125767
7781,3,39,23344,13,39,0,0,-1,1,0,0.0,0.0,1.0,0.0,0.0
7782,1,39,17512,13,39,0,1,-1,1,0,1.0,0.0,1.0,0.6931471805599453,0.0
7783,24,83,133000,13,83,0,0,-1,1,0,0.0,0.0,1.0,0.0,0.0
7784,1,101,9232,13,101,0,1,101,1,0,0.6666666666666666,0.0,1.0,123.37099226542585,0.0
7785,3,220,250504,13,220,0,0,-1,1,0,0.0,0.0,1.0,0.0,0.0
7786,1,101,11680,13,101,1,1,-1,2,1,0.7333333333333334,0.0,0.6666666666666666,1.0986122886681098,1.206948960812582
7787,8,70,94768,13,70,0,0,-1,1,0,0.0,0.0,1.0,0.0,0.0
7788,1,83,22192,13,83,0,1,-1,1,0,0.8,0.0,1.0,11.679270067241042,0.0
7789,3,83,23368,13,83,0,0,-1,1,0,0.0,0.0,1.0,0.0,0.0
7790,1,83,26296,13,83,0,1,-1,1,0,1.0,0.0,1.0,0.6931471805599453,0.0
7791,21,70,88756,13,70,0,0,-1,1,0,0.0,0.0,1.0,0.0,0.0
7792,1,145,9232,13,145,1,1,145,2,1,0.6666666666666666,0.0,0.6666666666666666,177.2936753790629,1.2069489608125143
7793,3,101,23380,13,101,0,0,-1,1,0,0.0,0.0,1.0,0.0,0.0
7794,1,145,13156,13,145,0,1,-1,1,0,1.0,0.0,1.0,0.6931471805599453,0.0
7795,6,145,35080,13,145,0,0,-1,1,0,0.0,0.0,1.0,0.0,0.0
7796,1,145,9232,13,145,0,1,145,1,0,0.6666666666666666,0.0,1.0,176.88821027095472,0.0
7797,3,145,23392,13,145,0,0,-1,1,0,0.0,0.0,1.0,0.0,0.0
7798,1,145,19744,13,145,1,1,-1,2,1,0.7333333333333334,0.0,0.6666666666666666,1.0986122886681098,1.206948960812582
7799,8,145,52648,13,145,0,0,-1,1,0,0.0,0.0,1.0,0.0,0.0
7800,1,145,9880,13,145,0,1,145,1,0,0.8,0.0,1.0,176.31284612605117,0.0
7801,3,145,44440,13,145,0,0,-1,1,0,0.0,0.0,1.0,0.0,0.0
7802,1,145,11704,13,145,0,1,-1,1,0,1.0,0.0,1.0,0.6931471805599453,0.0
7803,13,145,39508,13,145,0,0,-1,1,0,0.0,0.0,1.0,0.0,0.0
7804,1,176,33352,13,176,1,1,-1,2,1,0.6666666666666666,0.0,0.6666666666666666,6.591673732008659,1.2069489608125827
7805,3,176,33352,13,176,0,0,-1,1,0,0.0,0.0,1.0,0.0,0.0
7806,1,176,88936,13,176,0,1,-1,1,0,1.0,0.0,1.0,0.6931471805599453,0.0
7807,34,83,675376,13,83,0,0,-1,1,0,0.0,0.0,1.0,0.0,0.0
7808,1,26,7808,13,26,0,1,26,1,0,0.6666666666666666,0.0,1.0,32.344608441764265,0.0
7809,3,145,50056,13,145,0,0,-1,1,0,0.0,0.0,1.0,0.0,0.0
7810,1,101,11716,13,101,1,1,-1,2,1,0.7333333333333334,0.0,0.6666666666666666,1.0986122886681098,1.206948960812582
7811,6,101,35152,13,101,0,0,-1,1,0,0.0,0.0,1.0,0.0,0.0
7812,1,39,7812,13,39,0,1,39,1,0,0.8,0.0,1.0,47.48961441180501,0.0
7813,3,39,23440,13,39,0,0,-1,1,0,0.0,0.0,1.0,0.0,0.0
7814,1,39,17584,13,39,0,1,-1,1,0,1.0,0.0,1.0,0.6931471805599453,0.0
7815,11,132,52756,13,132,0,0,-1,1,0,0.0,0.0,1.0,0.0,0.0
7816,1,101,9232,13,101,1,1,101,2,1,0.6666666666666666,0.0,0.6666666666666666,123.77645737353403,1.2069489608125767
7817,3,132,84544,13,132,0,0,-1,1,0,0.0,0.0,1.0,0.0,0.0
7818,1,101,11728,13,101,0,1,-1,1,0,1.0,0.0,1.0,0.6931471805599453,0.0
7819,8,39,35188,13,39,0,0,-1,1,0,0.0,0.0,1.0,0.0,0.0
7820,1,101,9232,13,101,0,1,101,1,0,0.6666666666666666,0.0,1.0,123.08331019297408,0.0
7821,3,101,23464,13,101,0,0,-1,1,0,0.0,0.0,1.0,0.0,0.0
7822,1,83,33424,13,83,1,1,-1,2,1,0.7333333333333334,0.0,0.6666666666666666,1.0986122886681098,1.206948960812582
7823,11,83,79216,13,83,0,0,-1,1,0,0.0,0.0,1.0,0.0,0.0
7824,1,52,7824,13,52,0,1,52,1,0,0.8,0.0,1.0,63.49766659920109,0.0
7825,3,145,23476,13,145,0,0,-1,1,0,0.0,0.0,1.0,0.0,0.0
7826,1,145,19816,13,145,0,1,-1,1,0,1.0,0.0,1.0,0.6931471805599453,0.0
7827,6,145,35224,13,145,0,0,-1,1,0,0.0,0.0,1.0,0.0,0.0
7828,1,52,7828,13,52,1,1,52,2,1,0.6666666666666666,0.0,0.6666666666666666,63.90313170730926,1.2069489608125457
7829,3,52,23488,13,52,0,0,-1,1,0,0.0,0.0,1.0,0.0,0.0
7830,1,101,17620,13,101,0,1,-1,1,0,1.0,0.0,1.0,0.6931471805599453,0.0
7831,8,101,52864,13,101,0,0,-1,1,0,0.0,0.0,1.0,0.0,0.0
7832,1,52,7832,13,52,0,1,52,1,0,0.6666666666666666,0.0,1.0,64.07303074410464,0.0
7833,3,57,26440,13,57,0,0,-1,1,0,0.0,0.0,1.0,0.0,0.0
7834,1,52,11752,13,52,1,1,-1,2,1,0.7333333333333334,0.0,0.6666666666666666,1.0986122886681098,1.206948960812582
7835,26,57,100420,13,57,0,0,-1,1,0,0.0,0.0,1.0,0.0,0.0
7836,1,83,80512,13,83,0,1,-1,1,0,0.8,0.0,1.0,6.1862086239004945,0.0
7837,3,83,80512,13,83,0,0,-1,1,0,0.0,0.0,1.0,0.0,0.0
7838,1,83,80512,13,83,0,1,-1,1,0,1.0,0.0,1.0,0.6931471805599453,0.0
7839,39,83,200932,13,83,0,0,-1,1,0,0.0,0.0,1.0,0.0,0.0
7840,1,26,7840,13,26,1,1,26,2,1,0.6666666666666666,0.0,0.6666666666666666,32.75007354987243,1.2069489608125925
7841,3,52,23524,13,52,0,0,-1,1,0,0.0,0.0,1.0,0.0,0.0
7842,1,52,11764,13,52,0,1,-1,1,0,1.0,0.0,1.0,0.6931471805599453,0.0
7843,6,52,35296,13,52,0,0,-1,1,0,0.0,0.0,1.0,0.0,0.0
7844,1,176,190996,13,176,0,1,-1,1,0,0.6666666666666666,0.0,1.0,12.254634212144603,0.0
7845,3,176,190996,13,176,0,0,-1,1,0,0.0,0.0,1.0,0.0,0.0
7846,1,176,190996,13,176,1,1,-1,2,1,0.7333333333333334,0.0,0.6666666666666666,1.0986122886681098,1.206948960812582
7847,21,127,67048,13,127,0,0,-1,1,0,0.0,0.0,1.0,0.0,0.0
7848,1,26,7848,13,26,0,1,26,1,0,0.8,0.0,1.0,32.056926369312485,0.0
7849,3,127,381976,13,127,0,0,-1,1,0,0.0,0.0,1.0,0.0,0.0
7850,1,26,11776,13,26,0,1,-1,1,0,1.0,0.0,1.0,0.6931471805599453,0.0
7851,8,83,37744,13,83,0,0,-1,1,0,0.0,0.0,1.0,0.0,0.0
7852,1,83,9448,13,83,1,1,83,2,1,0.6666666666666666,0.0,0.6666666666666666,100.54925130808668,1.206948960812608
7853,3,83,23560,13,83,0,0,-1,1,0,0.0,0.0,1.0,0.0,0.0
7854,1,83,26512,13,83,0,1,-1,1,0,1.0,0.0,1.0,0.6931471805599453,0.0
7855,13,83,79540,13,83,0,0,-1,1,0,0.0,0.0,1.0,0.0,0.0
7856,1,145,9232,13,145,0,1,145,1,0,0.6666666666666666,0.0,1.0,176.31284612605117,0.0
7857,3,101,23572,13,101,0,0,-1,1,0,0.0,0.0,1.0,0.0,0.0
7858,1,101,13264,13,101,1,1,-1,2,1,0.7333333333333334,0.0,0.6666666666666666,1.0986122886681098,1.206948960812582
7859,6,101,35368,13,101,0,0,-1,1,0,0.0,0.0,1.0,0.0,0.0
7860,1,145,9232,13,145,0,1,145,1,0,0.8,0.0,1.0,175.73748198114762,0.0
7861,3,145,23584,13,145,0,0,-1,1,0,0.0,0.0,1.0,0.0,0.0
7862,1,83,85048,13,83,0,1,-1,1,0,1.0,0.0,1.0,0.6931471805599453,0.0
7863,8,83,85048,13,83,0,0,-1,1,0,0.0,0.0,1.0,0.0,0.0
7864,1,145,9232,13,145,1,1,145,2,1,0.6666666666666666,0.0,0.6666666666666666,176.43062916170754,1.2069489608125767
7865,3,52,26548,13,52,0,0,-1,1,0,0.0,0.0,1.0,0.0,0.0
7866,1,145,11800,13,145,0,1,-1,1,0,1.0,0.0,1.0,0.6931471805599453,0.0
7867,11,52,39832,13,52,0,0,-1,1,0,0.0,0.0,1.0,0.0,0.0
7868,1,101,19924,13,101,0,1,-1,1,0,0.6666666666666666,0.0,1.0,6.473890696352275,0.0
7869,3,101,23608,13,101,0,0,-1,1,0,0.0,0.0,1.0,0.0,0.0
7870,1,101,59776,13,101,1,1,-1,2,1,0.7333333333333334,0.0,0.6666666666666666,1.0986122886681098,1.206948960812582
7871,26,83,179332,13,83,0,0,-1,1,0,0.0,0.0,1.0,0.0,0.0
7872,1,52,7872,13,52,0,1,52,1,0,0.8,0.0,1.0,63.20998452674931,0.0
7873,3,145,23620,13,145,0,0,-1,1,0,0.0,0.0,1.0,0.0,0.0
7874,1,127,345544,13,127,0,1,-1,1,0,1.0,0.0,1.0,0.6931471805599453,0.0
7875,6,127,345544,13,127,0,0,-1,1,0,0.0,0.0,1.0,0.0,0.0
7876,1,26,7876,13,26,1,1,26,2,1,0.6666666666666666,0.0,0.6666666666666666,31.887027332517086,1.2069489608125925
7877,3,26,23632,13,26,0,0,-1,1,0,0.0,0.0,1.0,0.0,0.0
7878,1,26,17728,13,26,0,1,-1,1,0,1.0,0.0,1.0,0.6931471805599453,0.0
7879,13,145,53188,13,145,0,0,-1,1,0,0.0,0.0,1.0,0.0,0.0
7880,1,26,7880,13,26,0,1,26,1,0,0.6666666666666666,0.0,1.0,32.056926369312485,0.0
7881,3,145,39904,13,145,0,0,-1,1,0,0.0,0.0,1.0,0.0,0.0
7882,1,26,11824,13,26,1,1,-1,2,1,0.7333333333333334,0.0,0.6666666666666666,1.0986122886681098,1.206948960812582
7883,8,83,95956,13,83,0,0,-1,1,0,0.0,0.0,1.0,0.0,0.0
7884,1,26,8872,13,26,0,1,26,1,0,0.8,0.0,1.0,31.481562224408922,0.0
7885,3,26,23656,13,26,0,0,-1,1,0,0.0,0.0,1.0,0.0,0.0
7886,1,176,575728,13,176,0,1,-1,1,0,1.0,0.0,1.0,0.6931471805599453,0.0
7887,65,176,575728,13,176,0,0,-1,1,0,0.0,0.0,1.0,0.0,0.0
7888,1,52,7888,13,52,1,1,52,2,1,0.6666666666666666,0.0,0.6666666666666666,64.19081377976103,1.2069489608125767
7889,3,101,23668,13,101,0,0,-1,1,0,0.0,0.0,1.0,0.0,0.0
7890,1,101,29968,13,101,0,1,-1,1,0,1.0,0.0,1.0,0.6931471805599453,0.0
7891,6,101,35512,13,101,0,0,-1,1,0,0.0,0.0,1.0,0.0,0.0
7892,1,52,7892,13,52,0,1,52,1,0,0.6666666666666666,0.0,1.0,63.78534867165287,0.0
7893,3,52,23680,13,52,0,0,-1,1,0,0.0,0.0,1.0,0.0,0.0
7894,1,189,250504,13,189,1,1,-1,2,1,0.7333333333333334,0.0,0.6666666666666666,1.0986122886681098,1.206948960812582
7895,8,189,250504,13,189,0,0,-1,1,0,0.0,0.0,1.0,0.0,0.0
7896,1,39,7896,13,39,0,1,39,1,0,0.8,0.0,1.0,47.201932339353235,0.0
7897,3,39,26656,13,39,0,0,-1,1,0,0.0,0.0,1.0,0.0,0.0
7898,1,39,11848,13,39,0,1,-1,1,0,1.0,0.0,1.0,0.6931471805599453,0.0
7899,13,101,59992,13,101,0,0,-1,1,0,0.0,0.0,1.0,0.0,0.0
7900,1,39,13336,13,39,1,1,-1,2,1,0.6666666666666666,0.0,0.6666666666666666,6.591673732008659,1.2069489608125827
7901,3,39,23704,13,39,0,0,-1,1,0,0.0,0.0,1.0,0.0,0.0
7902,1,75,45016,13,75,0,1,-1,1,0,1.0,0.0,1.0,0.6931471805599453,0.0
7903,16,75,120040,13,75,0,0,-1,1,0,0.0,0.0,1.0,0.0,0.0
7904,1,52,7904,13,52,0,1,52,1,0,0.6666666666666666,0.0,1.0,64.07303074410464,0.0
7905,3,189,250504,13,189,0,0,-1,1,0,0.0,0.0,1.0,0.0,0.0
7906,1,52,11860,13,52,1,1,-1,2,1,0.7333333333333334,0.0,0.6666666666666666,1.0986122886681098,1.206948960812582
7907,6,52,35584,13,52,0,0,-1,1,0,0.0,0.0,1.0,0.0,0.0
7908,1,145,9232,13,145,0,1,145,1,0,0.8,0.0,1.0,175.73748198114762,0.0
7909,3,145,23728,13,145,0,0,-1,1,0,0.0,0.0,1.0,0.0,0.0
7910,1,145,17800,13,145,0,1,-1,1,0,1.0,0.0,1.0,0.6931471805599453,0.0
7911,21,75,101392,13,75,0,0,-1,1,0,0.0,0.0,1.0,0.0,0.0
7912,1,52,7912,13,52,1,1,52,2,1,0.6666666666666666,0.0,0.6666666666666666,64.47849585221282,1.2069489608125767
7913,3,101,60100,13,101,0,0,-1,1,0,0.0,0.0,1.0,0.0,0.0
7914,1,52,11872,13,52,0,1,-1,1,0,1.0,0.0,1.0,0.6931471805599453,0.0
7915,8,101,45088,13,101,0,0,-1,1,0,0.0,0.0,1.0,0.0,0.0
7916,1,145,10024,13,145,0,1,-1,1,0,0.6666666666666666,0.0,1.0,9.769727562356604,0.0
7917,3,145,23752,13,145,0,0,-1,1,0,0.0,0.0,1.0,0.0,0.0
7918,1,145,26728,13,145,1,1,-1,2,1,0.7333333333333334,0.0,0.6666666666666666,1.0986122886681098,1.206948960812582
7919,34,75,202984,13,75,0,0,-1,1,0,0.0,0.0,1.0,0.0,0.0
7920,1,101,14308,13,101,0,1,-1,1,0,0.8,0.0,1.0,27.1119581097336,0.0
7921,3,52,23764,13,52,0,0,-1,1,0,0.0,0.0,1.0,0.0,0.0
7922,1,52,33856,13,52,0,1,-1,1,0,1.0,0.0,1.0,0.6931471805599453,0.0
7923,6,52,35656,13,52,0,0,-1,1,0,0.0,0.0,1.0,0.0,0.0
7924,1,101,14308,13,101,1,1,-1,2,1,0.6666666666666666,0.0,0.6666666666666666,27.517423217841767,1.2069489608125845
7925,3,101,23776,13,101,0,0,-1,1,0,0.0,0.0,1.0,0.0,0.0
7926,1,52,20068,13,52,0,1,-1,1,0,1.0,0.0,1.0,0.6931471805599453,0.0
7927,8,52,53512,13,52,0,0,-1,1,0,0.0,0.0,1.0,0.0,0.0
7928,1,101,15064,13,101,0,1,-1,1,0,0.6666666666666666,0.0,1.0,10.345091707260165,0.0
7929,3,145,30112,13,145,0,0,-1,1,0,0.0,0.0,1.0,0.0,0.0
7930,1,101,15064,13,101,1,1,-1,2,1,0.7333333333333334,0.0,0.6666666666666666,1.0986122886681098,1.206948960812582
7931,26,75,67768,13,75,0,0,-1,1,0,0.0,0.0,1.0,0.0,0.0
7932,1,52,50848,13,52,0,1,-1,1,0,0.8,0.0,1.0,6.1862086239004945,0.0
7933,3,52,50848,13,52,0,0,-1,1,0,0.0,0.0,1.0,0.0,0.0
7934,1,52,135592,13,52,0,1,-1,1,0,1.0,0.0,1.0,0.6931471805599453,0.0
7935,65,127,2316760,13,127,0,0,-1,1,0,0.0,0.0,1.0,0.0,0.0
7936,1,114,9232,13,114,1,1,114,2,1,0.6666666666666666,0.0,0.6666666666666666,139.49682748847832,1.2069489608125767
7937,3,52,23812,13,52,0,0,-1,1,0,0.0,0.0,1.0,0.0,0.0
7938,1,145,11908,13,145,0,1,-1,1,0,1.0,0.0,1.0,0.6931471805599453,0.0
7939,6,145,35728,13,145,0,0,-1,1,0,0.0,0.0,1.0,0.0,0.0
7940,1,52,7940,13,52,0,1,52,1,0,0.6666666666666666,0.0,1.0,63.78534867165287,0.0
7941,3,52,23824,13,52,0,0,-1,1,0,0.0,0.0,1.0,0.0,0.0
7942,1,52,17872,13,52,1,1,-1,2,1,0.7333333333333334,0.0,0.6666666666666666,1.0986122886681098,1.206948960812582
7943,11,145,53620,13,145,0,0,-1,1,0,0.0,0.0,1.0,0.0,0.0
7944,1,96,8080,13,96,0,1,96,1,0,0.8,0.0,1.0,115.57647424247108,0.0
7945,3,127,50920,13,127,0,0,-1,1,0,0.0,0.0,1.0,0.0,0.0
7946,1,96,11920,13,96,0,1,-1,1,0,1.0,0.0,1.0,0.6931471805599453,0.0
7947,8,52,35764,13,52,0,0,-1,1,0,0.0,0.0,1.0,0.0,0.0
7948,1,96,8944,13,96,1,1,96,2,1,0.6666666666666666,0.0,0.6666666666666666,115.69425727812747,1.2069489608125767
7949,3,96,23848,13,96,0,0,-1,1,0,0.0,0.0,1.0,0.0,0.0
7950,1,52,26836,13,52,0,1,-1,1,0,1.0,0.0,1.0,0.6931471805599453,0.0
7951,11,52,80512,13,52,0,0,-1,1,0,0.0,0.0,1.0,0.0,0.0
7952,1,26,7952,13,26,0,1,26,1,0,0.6666666666666666,0.0,1.0,32.344608441764265,0.0
7953,3,96,23860,13,96,0,0,-1,1,0,0.0,0.0,1.0,0.0,0.0
7954,1,145,22660,13,145,1,1,-1,2,1,0.7333333333333334,0.0,0.6666666666666666,1.0986122886681098,1.206948960812582
7955,6,145,35800,13,145,0,0,-1,1,0,0.0,0.0,1.0,0.0,0.0
7956,1,26,7956,13,26,0,1,26,1,0,0.8,0.0,1.0,31.769244296860702,0.0
7957,3,26,23872,13,26,0,0,-1,1,0,0.0,0.0,1.0,0.0,0.0
7958,1,96,17908,13,96,0,1,-1,1,0,1.0,0.0,1.0,0.6931471805599453,0.0
7959,8,96,53728,13,96,0,0,-1,1,0,0.0,0.0,1.0,0.0,0.0
7960,1,26,7960,13,26,1,1,26,2,1,0.6666666666666666,0.0,0.6666666666666666,32.75007354987243,1.2069489608125925
7961,3,145,51028,13,145,0,0,-1,1,0,0.0,0.0,1.0,0.0,0.0
7962,1,26,11944,13,26,0,1,-1,1,0,1.0,0.0,1.0,0.6931471805599453,0.0
7963,117,251,497176,13,251,0,0,-1,1,0,0.0,0.0,1.0,0.0,0.0
7964,1,52,13444,13,52,0,1,-1,1,0,0.6666666666666666,0.0,1.0,6.473890696352275,0.0
7965,3,52,23896,13,52,0,0,-1,1,0,0.0,0.0,1.0,0.0,0.0
7966,1,52,40336,13,52,1,1,-1,2,1,0.7333333333333334,0.0,0.6666666666666666,1.0986122886681098,1.206948960812582
7967,21,96,121012,13,96,0,0,-1,1,0,0.0,0.0,1.0,0.0,0.0
7968,1,52,7968,13,52,0,1,52,1,0,0.8,0.0,1.0,63.49766659920108,0.0
7969,3,52,23908,13,52,0,0,-1,1,0,0.0,0.0,1.0,0.0,0.0
7970,1,52,11956,13,52,0,1,-1,1,0,1.0,0.0,1.0,0.6931471805599453,0.0
7971,6,52,35872,13,52,0,0,-1,1,0,0.0,0.0,1.0,0.0,0.0
7972,1,52,10096,13,52,1,1,-1,2,1,0.6666666666666666,0.0,0.6666666666666666,10.175192670464769,1.2069489608125807
7973,3,52,23920,13,52,0,0,-1,1,0,0.0,0.0,1.0,0.0,0.0
7974,1,52,17944,13,52,0,1,-1,1,0,1.0,0.0,1.0,0.6931471805599453,0.0
7975,13,145,60568,13,145,0,0,-1,1,0,0.0,0.0,1.0,0.0,0.0
7976,1,52,7976,13,52,0,1,52,1,0,0.6666666666666666,0.0,1.0,64.07303074410464,0.0
7977,3,52,90880,13,52,0,0,-1,1,0,0.0,0.0,1.0,0.0,0.0
7978,1,52,11968,13,52,1,1,-1,2,1,0.7333333333333334,0.0,0.6666666666666666,1.0986122886681098,1.206948960812582
7979,8,52,35908,13,52,0,0,-1,1,0,0.0,0.0,1.0,0.0,0.0
7980,1,52,8980,13,52,0,1,52,1,0,0.8,0.0,1.0,62.92230245429753,0.0
7981,3,52,23944,13,52,0,0,-1,1,0,0.0,0.0,1.0,0.0,0.0
7982,1,52,26944,13,52,0,1,-1,1,0,1.0,0.0,1.0,0.6931471805599453,0.0
7983,16,52,80836,13,52,0,0,-1,1,0,0.0,0.0,1.0,0.0,0.0
7984,1,52,7984,13,52,1,1,52,2,1,0.6666666666666666,0.0,0.6666666666666666,64.47849585221282,1.2069489608125767
7985,3,52,23956,13,52,0,0,-1,1,0,0.0,0.0,1.0,0.0,0.0
7986,1,52,13480,13,52,0,1,-1,1,0,1.0,0.0,1.0,0.6931471805599453,0.0
7987,6,52,35944,13,52,0,0,-1,1,0,0.0,0.0,1.0,0.0,0.0
7988,1,52,7988,13,52,0,1,52,1,0,0.6666666666666666,0.0,1.0,64.07303074410464,0.0
7989,3,52,23968,13,52,0,0,-1,1,0,0.0,0.0,1.0,0.0,0.0
7990,1,83,45520,13,83,1,1,-1,2,1,0.7333333333333334,0.0,0.6666666666666666,1.0986122886681098,1.206948960812582
7991,8,83,53944,13,83,0,0,-1,1,0,0.0,0.0,1.0,0.0,0.0
7992,1,52,11392,13,52,0,1,-1,1,0,0.8,0.0,1.0,15.55047107814893,0.0
7993,3,83,26980,13,83,0,0,-1,1,0,0.0,0.0,1.0,0.0,0.0
7994,1,52,11992,13,52,0,1,-1,1,0,1.0,0.0,1.0,0.6931471805599453,0.0
7995,11,52,40480,13,52,0,0,-1,1,0,0.0,0.0,1.0,0.0,0.0
7996,1,52,20248,13,52,1,1,-1,2,1,0.6666666666666666,0.0,0.6666666666666666,6.591673732008659,1.2069489608125827
7997,3,52,23992,13,52,0,0,-1,1,0,0.0,0.0,1.0,0.0,0.0
7998,1,189,129760,13,189,0,1,-1,1,0,1.0,0.0,1.0,0.6931471805599453,0.0
7999,32,189,182248,13,189,0,0,-1,1,0,0.0,0.0,1.0,0.0,0.0
8000,1,114,9232,13,114,0,1,114,1,0,0.6666666666666666,0.0,1.0,139.37904445282194,0.0
8001,3,52,24004,13,52,0,0,-1,1,0,0.0,0.0,1.0,0.0,0.0
8002,1,44,12004,13,44,1,1,-1,2,1,0.7333333333333334,0.0,0.6666666666666666,1.0986122886681098,1.206948960812582
8003,6,44,36016,13,44,0,0,-1,1,0,0.0,0.0,1.0,0.0,0.0
8004,1,52,8004,13,52,0,1,52,1,0,0.8,0.0,1.0,63.78534867165287,0.0
8005,3,52,24016,13,52,0,0,-1,1,0,0.0,0.0,1.0,0.0,0.0
8006,1,52,18016,13,52,0,1,-1,1,0,1.0,0.0,1.0,0.6931471805599453,0.0
8007,19,44,68416,13,44,0,0,-1,1,0,0.0,0.0,1.0,0.0,0.0
8008,1,145,21688,13,145,1,1,-1,2,1,0.6666666666666666,0.0,0.6666666666666666,22.024361774501212,1.2069489608125845
8009,3,44,40552,13,44,0,0,-1,1,0,0.0,0.0,1.0,0.0,0.0
8010,1,145,21688,13,145,0,1,-1,1,0,1.0,0.0,1.0,0.6931471805599453,0.0
8011,8,52,36052,13,52,0,0,-1,1,0,0.0,0.0,1.0,0.0,0.0
8012,1,145,21688,13,145,0,1,-1,1,0,0.6666666666666666,0.0,1.0,21.331214593941265,0.0
8013,3,145,24040,13,145,0,0,-1,1,0,0.0,0.0,1.0,0.0,0.0
8014,1,44,30436,13,44,1,1,-1,2,1,0.7333333333333334,0.0,0.6666666666666666,1.0986122886681098,1.206948960812582
8015,13,44,81160,13,44,0,0,-1,1,0,0.0,0.0,1.0,0.0,0.0
8016,1,114,9232,13,114,0,1,114,1,0,0.8,0.0,1.0,138.8036803079184,0.0
8017,3,145,24052,13,145,0,0,-1,1,0,0.0,0.0,1.0,0.0,0.0
8018,1,158,250504,13,158,0,1,-1,1,0,1.0,0.0,1.0,0.6931471805599453,0.0
8019,6,158,250504,13,158,0,0,-1,1,0,0.0,0.0,1.0,0.0,0.0
8020,1,114,9232,13,114,1,1,114,2,1,0.6666666666666666,0.0,0.6666666666666666,139.20914541602656,1.2069489608125767
8021,3,114,24064,13,114,0,0,-1,1,0,0.0,0.0,1.0,0.0,0.0
8022,1,189,32560,13,189,0,1,-1,1,0,1.0,0.0,1.0,0.6931471805599453,0.0
8023,8,189,54160,13,189,0,0,-1,1,0,0.0,0.0,1.0,0.0,0.0
8024,1,44,8584,13,44,0,1,44,1,0,0.6666666666666666,0.0,1.0,53.55804000004911,0.0
8025,3,44,27088,13,44,0,0,-1,1,0,0.0,0.0,1.0,0.0,0.0
8026,1,44,12040,13,44,1,1,-1,2,1,0.7333333333333334,0.0,0.6666666666666666,1.0986122886681098,1.206948960812582
8027,44,189,146500,13,189,0,0,-1,1,0,0.0,0.0,1.0,0.0,0.0
8028,1,44,13552,13,44,0,1,-1,1,0,0.8,0.0,1.0,6.1862086239004945,0.0
8029,3,44,24088,13,44,0,0,-1,1,0,0.0,0.0,1.0,0.0,0.0
8030,1,44,40660,13,44,0,1,-1,1,0,1.0,0.0,1.0,0.6931471805599453,0.0
8031,13,44,121984,13,44,0,0,-1,1,0,0.0,0.0,1.0,0.0,0.0
8032,1,70,9232,13,70,1,1,70,2,1,0.6666666666666666,0.0,0.6666666666666666,85.6919274104977,1.2069489608125767
8033,3,96,34324,13,96,0,0,-1,1,0,0.0,0.0,1.0,0.0,0.0
8034,1,26,12052,13,26,0,1,-1,1,0,1.0,0.0,1.0,0.6931471805599453,0.0
8035,6,26,36160,13,26,0,0,-1,1,0,0.0,0.0,1.0,0.0,0.0
8036,1,26,8036,13,26,0,1,26,1,0,0.6666666666666666,0.0,1.0,31.769244296860702,0.0
8037,3,26,24112,13,26,0,0,-1,1,0,0.0,0.0,1.0,0.0,0.0
8038,1,26,18088,13,26,1,1,-1,2,1,0.7333333333333334,0.0,0.6666666666666666,1.0986122886681098,1.206948960812582
8039,32,189,695464,13,189,0,0,-1,1,0,0.0,0.0,1.0,0.0,0.0
8040,1,70,9232,13,70,0,1,70,1,0,0.8,0.0,1.0,84.99878022993775,0.0
8041,3,96,61072,13,96,0,0,-1,1,0,0.0,0.0,1.0,0.0,0.0
8042,1,70,12064,13,70,0,1,-1,1,0,1.0,0.0,1.0,0.6931471805599453,0.0
8043,8,52,36196,13,52,0,0,-1,1,0,0.0,0.0,1.0,0.0,0.0
8044,1,44,15280,13,44,1,1,-1,2,1,0.6666666666666666,0.0,0.6666666666666666,9.887510598012987,1.2069489608125807
8045,3,44,24136,13,44,0,0,-1,1,0,0.0,0.0,1.0,0.0,0.0
8046,1,44,27160,13,44,0,1,-1,1,0,1.0,0.0,1.0,0.6931471805599453,0.0
8047,21,44,91672,13,44,0,0,-1,1,0,0.0,0.0,1.0,0.0,0.0
8048,1,70,9232,13,70,0,1,70,1,0,0.6666666666666666,0.0,1.0,85.57414437484131,0.0
8049,3,70,24148,13,70,0,0,-1,1,0,0.0,0.0,1.0,0.0,0.0
8050,1,70,13588,13,70,1,1,-1,2,1,0.7333333333333334,0.0,0.6666666666666666,1.0986122886681098,1.206948960812582
8051,6,70,36232,13,70,0,0,-1,1,0,0.0,0.0,1.0,0.0,0.0
8052,1,70,9232,13,70,0,1,70,1,0,0.8,0.0,1.0,84.99878022993775,0.0
8053,3,70,24160,13,70,0,0,-1,1,0,0.0,0.0,1.0,0.0,0.0
8054,1,70,20392,13,70,0,1,-1,1,0,1.0,0.0,1.0,0.6931471805599453,0.0
8055,8,70,54376,13,70,0,0,-1,1,0,0.0,0.0,1.0,0.0,0.0
8056,1,96,39364,13,96,1,1,-1,2,1,0.6666666666666666,0.0,0.6666666666666666,10.750556815368329,1.2069489608125845
8057,3,127,176740,13,127,0,0,-1,1,0,0.0,0.0,1.0,0.0,0.0
8058,1,96,39364,13,96,0,1,-1,1,0,1.0,0.0,1.0,0.6931471805599453,0.0
8059,13,52,40804,13,52,0,0,-1,1,0,0.0,0.0,1.0,0.0,0.0
8060,1,96,39364,13,96,0,1,-1,1,0,0.6666666666666666,0.0,1.0,6.473890696352275,0.0
8061,3,96,39364,13,96,0,0,-1,1,0,0.0,0.0,1.0,0.0,0.0
8062,1,96,103336,13,96,1,1,-1,2,1,0.7333333333333334,0.0,0.6666666666666666,1.0986122886681098,1.206948960812582
8063,24,96,275560,13,96,0,0,-1,1,0,0.0,0.0,1.0,0.0,0.0
8064,1,114,9232,13,114,0,1,114,1,0,0.8,0.0,1.0,138.51599823546658,0.0
8065,3,70,24196,13,70,0,0,-1,1,0,0.0,0.0,1.0,0.0,0.0
8066,1,70,12100,13,70,0,1,-1,1,0,1.0,0.0,1.0,0.6931471805599453,0.0
8067,6,70,36304,13,70,0,0,-1,1,0,0.0,0.0,1.0,0.0,0.0
8068,1,70,14560,13,70,1,1,-1,2,1,0.6666666666666666,0.0,0.6666666666666666,15.955936186257096,1.2069489608125807
8069,3,70,24208,13,70,0,0,-1,1,0,0.0,0.0,1.0,0.0,0.0
8070,1,70,18160,13,70,0,1,-1,1,0,1.0,0.0,1.0,0.6931471805599453,0.0
8071,11,70,54484,13,70,0,0,-1,1,0,0.0,0.0,1.0,0.0,0.0
8072,1,114,9232,13,114,0,1,114,1,0,0.6666666666666666,0.0,1.0,139.09136238037016,0.0
8073,3,96,118096,13,96,0,0,-1,1,0,0.0,0.0,1.0,0.0,0.0
8074,1,114,12112,13,114,1,1,-1,2,1,0.7333333333333334,0.0,0.6666666666666666,1.0986122886681098,1.206948960812582
8075,8,70,36340,13,70,0,0,-1,1,0,0.0,0.0,1.0,0.0,0.0
8076,1,114,9232,13,114,0,1,114,1,0,0.8,0.0,1.0,138.51599823546658,0.0
8077,3,114,24232,13,114,0,0,-1,1,0,0.0,0.0,1.0,0.0,0.0
8078,1,145,32776,13,145,0,1,-1,1,0,1.0,0.0,1.0,0.6931471805599453,0.0
8079,11,145,81808,13,145,0,0,-1,1,0,0.0,0.0,1.0,0.0,0.0
8080,1,65,8080,13,65,1,1,65,2,1,0.6666666666666666,0.0,0.6666666666666666,79.62350182225357,1.2069489608125767
8081,3,145,65608,13,145,0,0,-1,1,0,0.0,0.0,1.0,0.0,0.0
8082,1,145,65608,13,145,0,1,-1,1,0,1.0,0.0,1.0,0.6931471805599453,0.0
8083,6,145,65608,13,145,0,0,-1,1,0,0.0,0.0,1.0,0.0,0.0
8084,1,65,8084,13,65,0,1,65,1,0,0.6666666666666666,0.0,1.0,79.21803671414541,0.0
8085,3,65,24256,13,65,0,0,-1,1,0,0.0,0.0,1.0,0.0,0.0
8086,1,26,18196,13,26,1,1,-1,2,1,0.7333333333333334,0.0,0.6666666666666666,1.0986122886681098,1.206948960812582
8087,8,26,54592,13,26,0,0,-1,1,0,0.0,0.0,1.0,0.0,0.0
8088,1,65,8088,13,65,0,1,65,1,0,0.8,0.0,1.0,79.21803671414541,0.0
8089,3,26,27304,13,26,0,0,-1,1,0,0.0,0.0,1.0,0.0,0.0
8090,1,65,12136,13,65,0,1,-1,1,0,1.0,0.0,1.0,0.6931471805599453,0.0
8091,16,189,92176,13,189,0,0,-1,1,0,0.0,0.0,1.0,0.0,0.0
8092,1,158,23056,13,158,1,1,-1,2,1,0.6666666666666666,0.0,0.6666666666666666,6.591673732008659,1.2069489608125827
8093,3,158,24280,13,158,0,0,-1,1,0,0.0,0.0,1.0,0.0,0.0
8094,1,158,40984,13,158,0,1,-1,1,0,1.0,0.0,1.0,0.6931471805599453,0.0
8095,26,114,599056,13,114,0,0,-1,1,0,0.0,0.0,1.0,0.0,0.0
8096,1,114,9232,13,114,0,1,114,1,0,0.6666666666666666,0.0,1.0,139.37904445282194,0.0
8097,3,65,24292,13,65,0,0,-1,1,0,0.0,0.0,1.0,0.0,0.0
8098,1,65,12148,13,65,1,1,-1,2,1,0.7333333333333334,0.0,0.6666666666666666,1.0986122886681098,1.206948960812582
8099,6,65,36448,13,65,0,0,-1,1,0,0.0,0.0,1.0,0.0,0.0
8100,1,158,25972,13,158,0,1,-1,1,0,0.8,0.0,1.0,9.769727562356604,0.0
8101,3,158,25972,13,158,0,0,-1,1,0,0.0,0.0,1.0,0.0,0.0
8102,1,158,25972,13,158,0,1,-1,1,0,1.0,0.0,1.0,0.6931471805599453,0.0
8103,21,189,61540,13,189,0,0,-1,1,0,0.0,0.0,1.0,0.0,0.0
8104,1,114,9232,13,114,1,1,114,2,1,0.6666666666666666,0.0,0.6666666666666666,139.7845095609301,1.2069489608125767
8105,3,70,155824,13,70,0,0,-1,1,0,0.0,0.0,1.0,0.0,0.0
8106,1,114,12160,13,114,0,1,-1,1,0,1.0,0.0,1.0,0.6931471805599453,0.0
8107,8,65,36484,13,65,0,0,-1,1,0,0.0,0.0,1.0,0.0,0.0
8108,1,158,17332,13,158,0,1,-1,1,0,0.6666666666666666,0.0,1.0,15.26278900569715,0.0
8109,3,158,24328,13,158,0,0,-1,1,0,0.0,0.0,1.0,0.0,0.0
8110,1,158,27376,13,158,1,1,-1,2,1,0.7333333333333334,0.0,0.6666666666666666,1.0986122886681098,1.206948960812582
8111,13,65,82132,13,65,0,0,-1,1,0,0.0,0.0,1.0,0.0,0.0
8112,1,39,8112,13,39,0,1,39,1,0,0.8,0.0,1.0,47.489614411805015,0.0
8113,3,114,24340,13,114,0,0,-1,1,0,0.0,0.0,1.0,0.0,0.0
8114,1,114,13696,13,114,0,1,-1,1,0,1.0,0.0,1.0,0.6931471805599453,0.0
8115,6,114,36520,13,114,0,0,-1,1,0,0.0,0.0,1.0,0.0,0.0
8116,1,39,8116,13,39,1,1,39,2,1,0.6666666666666666,0.0,0.6666666666666666,47.895079519913175,1.2069489608125767
8117,3,39,24352,13,39,0,0,-1,1,0,0.0,0.0,1.0,0.0,0.0
8118,1,65,30832,13,65,0,1,-1,1,0,1.0,0.0,1.0,0.6931471805599453,0.0
8119,8,65,54808,13,65,0,0,-1,1,0,0.0,0.0,1.0,0.0,0.0
8120,1,39,8120,13,39,0,1,39,1,0,0.6666666666666666,0.0,1.0,47.777296484256794,0.0
8121,3,39,27412,13,39,0,0,-1,1,0,0.0,0.0,1.0,0.0,0.0
8122,1,39,12184,13,39,1,1,-1,2,1,0.7333333333333334,0.0,0.6666666666666666,1.0986122886681098,1.206948960812582
8123,11,39,41128,13,39,0,0,-1,1,0,0.0,0.0,1.0,0.0,0.0
8124,1,65,34720,13,65,0,1,-1,1,0,0.8,0.0,1.0,6.1862086239004945,0.0
8125,3,65,34720,13,65,0,0,-1,1,0,0.0,0.0,1.0,0.0,0.0
8126,1,65,61720,13,65,0,1,-1,1,0,1.0,0.0,1.0,0.6931471805599453,0.0
8127,70,189,400948,13,189,0,0,-1,1,0,0.0,0.0,1.0,0.0,0.0
8128,1,52,8128,13,52,1,1,52,2,1,0.6666666666666666,0.0,0.6666666666666666,64.47849585221282,1.2069489608125767
8129,3,39,24388,13,39,0,0,-1,1,0,0.0,0.0,1.0,0.0,0.0
8130,1,127,250504,13,127,0,1,-1,1,0,1.0,0.0,1.0,0.6931471805599453,0.0
8131,6,127,250504,13,127,0,0,-1,1,0,0.0,0.0,1.0,0.0,0.0
8132,1,114,9232,13,114,0,1,114,1,0,0.6666666666666666,0.0,1.0,139.09136238037016,0.0
8133,3,114,24400,13,114,0,0,-1,1,0,0.0,0.0,1.0,0.0,0.0
8134,1,114,18304,13,114,1,1,-1,2,1,0.7333333333333334,0.0,0.6666666666666666,1.0986122886681098,1.206948960812582
8135,13,65,54916,13,65,0,0,-1,1,0,0.0,0.0,1.0,0.0,0.0
8136,1,158,9232,13,158,0,1,158,1,0,0.8,0.0,1.0,191.7455341685437,0.0
8137,3,158,41200,13,158,0,0,-1,1,0,0.0,0.0,1.0,0.0,0.0
8138,1,158,12208,13,158,0,1,-1,1,0,1.0,0.0,1.0,0.6931471805599453,0.0
8139,8,114,36628,13,114,0,0,-1,1,0,0.0,0.0,1.0,0.0,0.0
8140,1,158,9232,13,158,1,1,158,2,1,0.6666666666666666,0.0,0.6666666666666666,191.8633172042001,1.2069489608126394
8141,3,158,24424,13,158,0,0,-1,1,0,0.0,0.0,1.0,0.0,0.0
8142,1,158,46384,13,158,0,1,-1,1,0,1.0,0.0,1.0,0.6931471805599453,0.0
8143,16,158,82456,13,158,0,0,-1,1,0,0.0,0.0,1.0,0.0,0.0
8144,1,52,8144,13,52,0,1,52,1,0,0.6666666666666666,0.0,1.0,64.36071281655643,0.0
8145,3,158,24436,13,158,0,0,-1,1,0,0.0,0.0,1.0,0.0,0.0
8146,1,96,223072,13,96,1,1,-1,2,1,0.7333333333333334,0.0,0.6666666666666666,1.0986122886681098,1.206948960812582
8147,6,96,223072,13,96,0,0,-1,1,0,0.0,0.0,1.0,0.0,0.0
8148,1,52,8148,13,52,0,1,52,1,0,0.8,0.0,1.0,63.78534867165287,0.0
8149,3,52,24448,13,52,0,0,-1,1,0,0.0,0.0,1.0,0.0,0.0
8150,1,158,39184,13,158,0,1,-1,1,0,1.0,0.0,1.0,0.6931471805599453,0.0
8151,8,158,55024,13,158,0,0,-1,1,0,0.0,0.0,1.0,0.0,0.0
8152,1,65,8152,13,65,1,1,65,2,1,0.6666666666666666,0.0,0.6666666666666666,79.3358197498018,1.2069489608125767
8153,3,114,27520,13,114,0,0,-1,1,0,0.0,0.0,1.0,0.0,0.0
8154,1,65,12232,13,65,0,1,-1,1,0,1.0,0.0,1.0,0.6931471805599453,0.0
8155,13,127,61936,13,127,0,0,-1,1,0,0.0,0.0,1.0,0.0,0.0
8156,1,65,13768,13,65,0,1,-1,1,0,0.6666666666666666,0.0,1.0,6.473890696352275,0.0
8157,3,65,24472,13,65,0,0,-1,1,0,0.0,0.0,1.0,0.0,0.0
8158,1,65,69712,13,65,1,1,-1,2,1,0.7333333333333334,0.0,0.6666666666666666,1.0986122886681098,1.206948960812582
8159,19,65,123928,13,65,0,0,-1,1,0,0.0,0.0,1.0,0.0,0.0
8160,1,52,13120,13,52,0,1,-1,1,0,0.8,0.0,1.0,21.90657873884483,0.0
8161,3,176,8153620,13,176,0,0,-1,1,0,0.0,0.0,1.0,0.0,0.0
8162,1,52,12244,13,52,0,1,-1,1,0,1.0,0.0,1.0,0.6931471805599453,0.0
8163,6,52,36736,13,52,0,0,-1,1,0,0.0,0.0,1.0,0.0,0.0
8164,1,65,8728,13,65,1,1,65,2,1,0.6666666666666666,0.0,0.6666666666666666,78.18509145999467,1.206948960812608
8165,3,65,24496,13,65,0,0,-1,1,0,0.0,0.0,1.0,0.0,0.0
8166,1,65,18376,13,65,0,1,-1,1,0,1.0,0.0,1.0,0.6931471805599453,0.0
8167,16,158,93040,13,158,0,0,-1,1,0,0.0,0.0,1.0,0.0,0.0
8168,1,52,13120,13,52,0,1,-1,1,0,0.6666666666666666,0.0,1.0,22.481942883748392,0.0
8169,3,65,104704,13,65,0,0,-1,1,0,0.0,0.0,1.0,0.0,0.0
8170,1,52,13120,13,52,1,1,-1,2,1,0.7333333333333334,0.0,0.6666666666666666,1.0986122886681098,1.206948960812582
8171,8,96,176740,13,96,0,0,-1,1,0,0.0,0.0,1.0,0.0,0.0
8172,1,158,44224,13,158,0,1,-1,1,0,0.8,0.0,1.0,9.482045489904824,0.0
8173,3,158,44224,13,158,0,0,-1,1,0,0.0,0.0,1.0,0.0,0.0
8174,1,158,44224,13,158,0,1,-1,1,0,1.0,0.0,1.0,0.6931471805599453,0.0
8175,39,145,149200,13,145,0,0,-1,1,0,0.0,0.0,1.0,0.0,0.0
8176,1,65,39364,13,65,1,1,-1,2,1,0.6666666666666666,0.0,0.6666666666666666,16.531300331160658,1.2069489608125845
8177,3,52,24532,13,52,0,0,-1,1,0,0.0,0.0,1.0,0.0,0.0
8178,1,65,17476,13,65,0,1,-1,1,0,1.0,0.0,1.0,0.6931471805599453,0.0
8179,6,65,36808,13,65,0,0,-1,1,0,0.0,0.0,1.0,0.0,0.0
8180,1,65,39364,13,65,0,1,-1,1,0,0.6666666666666666,0.0,1.0,16.125835223052494,0.0
8181,3,65,39364,13,65,0,0,-1,1,0,0.0,0.0,1.0,0.0,0.0
8182,1,127,95956,13,127,1,1,-1,2,1,0.7333333333333334,0.0,0.6666666666666666,1.0986122886681098,1.206948960812582
8183,8,127,95956,13,127,0,0,-1,1,0,0.0,0.0,1.0,0.0,0.0
8184,1,65,118096,13,65,0,1,-1,1,0,0.8,0.0,1.0,10.057409634808385,0.0
8185,3,127,95956,13,127,0,0,-1,1,0,0.0,0.0,1.0,0.0,0.0
8186,1,65,118096,13,65,0,1,-1,1,0,1.0,0.0,1.0,0.6931471805599453,0.0
8187,24,127,95956,13,127,0,0,-1,1,0,0.0,0.0,1.0,0.0,0.0
8188,1,158,1276936,13,158,1,1,-1,2,1,0.6666666666666666,0.0,0.6666666666666666,6.591673732008659,1.2069489608125827
8189,3,158,1276936,13,158,0,0,-1,1,0,0.0,0.0,1.0,0.0,0.0
8190,1,158,1276936,13,158,0,1,-1,1,0,1.0,0.0,1.0,0.6931471805599453,0.0
8191,70,158,6810136,13,158,0,0,-1,1,0,0.0,0.0,1.0,0.0,0.0
8192,1,13,8192,14,13,0,1,13,1,0,0.6666666666666666,0.0,1.0,16.336556254368148,0.0
8193,3,52,24580,14,52,0,0,-1,1,0,0.0,0.0,1.0,0.0,0.0
8194,1,114,12292,14,114,1,1,-1,2,1,0.7333333333333334,0.0,0.6666666666666666,1.0986122886681098,1.206948960812582
8195,6,114,36880,14,114,0,0,-1,1,0,0.0,0.0,1.0,0.0,0.0
8196,1,158,9232,14,158,0,1,158,1,0,0.8,0.0,1.0,192.0332162409955,0.0
8197,3,158,24592,14,158,0,0,-1,1,0,0.0,0.0,1.0,0.0,0.0
8198,1,158,18448,14,158,0,1,-1,1,0,1.0,0.0,1.0,0.6931471805599453,0.0
8199,11,114,55348,14,114,0,0,-1,1,0,0.0,0.0,1.0,0.0,0.0
8200,1,39,8200,14,39,1,1,39,2,1,0.6666666666666666,0.0,0.6666666666666666,48.182761592364955,1.2069489608125767
8201,3,114,41524,14,114,0,0,-1,1,0,0.0,0.0,1.0,0.0,0.0
8202,1,39,12304,14,39,0,1,-1,1,0,1.0,0.0,1.0,0.6931471805599453,0.0
8203,8,158,36916,14,158,0,0,-1,1,0,0.0,0.0,1.0,0.0,0.0
8204,1,39,9232,14,39,0,1,39,1,0,0.6666666666666666,0.0,1.0,47.489614411805015,0.0
8205,3,39,24616,14,39,0,0,-1,1,0,0.0,0.0,1.0,0.0,0.0
8206,1,158,27700,14,158,1,1,-1,2,1,0.7333333333333334,0.0,0.6666666666666666,1.0986122886681098,1.206948960812582
8207,11,158,83104,14,158,0,0,-1,1,0,0.0,0.0,1.0,0.0,0.0
8208,1,39,8208,14,39,0,1,39,1,0,0.8,0.0,1.0,47.489614411805015,0.0
8209,3,39,24628,14,39,0,0,-1,1,0,0.0,0.0,1.0,0.0,0.0
8210,1,158,20788,14,158,0,1,-1,1,0,1.0,0.0,1.0,0.6931471805599453,0.0
8211,6,158,36952,14,158,0,0,-1,1,0,0.0,0.0,1.0,0.0,0.0
8212,1,39,8212,14,39,1,1,39,2,1,0.6666666666666666,0.0,0.6666666666666666,47.895079519913175,1.2069489608125767
8213,3,39,24640,14,39,0,0,-1,1,0,0.0,0.0,1.0,0.0,0.0
8214,1,39,18484,14,39,0,1,-1,1,0,1.0,0.0,1.0,0.6931471805599453,0.0
8215,8,39,55456,14,39,0,0,-1,1,0,0.0,0.0,1.0,0.0,0.0
8216,1,39,8216,14,39,0,1,39,1,0,0.6666666666666666,0.0,1.0,48.064978556708574,0.0
8217,3,158,27736,14,158,0,0,-1,1,0,0.0,0.0,1.0,0.0,0.0
8218,1,39,12328,14,39,1,1,-1,2,1,0.7333333333333334,0.0,0.6666666666666666,1.0986122886681098,1.206948960812582
8219,39,189,399976,14,189,0,0,-1,1,0,0.0,0.0,1.0,0.0,0.0
8220,1,39,13876,14,39,0,1,-1,1,0,0.8,0.0,1.0,6.1862086239004945,0.0
8221,3,39,24664,14,39,0,0,-1,1,0,0.0,0.0,1.0,0.0,0.0
8222,1,39,41632,14,39,0,1,-1,1,0,1.0,0.0,1.0,0.6931471805599453,0.0
8223,42,189,150064,14,189,0,0,-1,1,0,0.0,0.0,1.0,0.0,0.0
8224,1,127,9232,14,127,1,1,127,2,1,0.6666666666666666,0.0,0.6666666666666666,155.21719760342268,1.2069489608125143
8225,3,114,24676,14,114,0,0,-1,1,0,0.0,0.0,1.0,0.0,0.0
8226,1,39,12340,14,39,0,1,-1,1,0,1.0,0.0,1.0,0.6931471805599453,0.0
8227,6,39,37024,14,39,0,0,-1,1,0,0.0,0.0,1.0,0.0,0.0
8228,1,114,10420,14,114,0,1,-1,1,0,0.6666666666666666,0.0,1.0,10.057409634808385,0.0
8229,3,114,24688,14,114,0,0,-1,1,0,0.0,0.0,1.0,0.0,0.0
8230,1,114,18520,14,114,1,1,-1,2,1,0.7333333333333334,0.0,0.6666666666666666,1.0986122886681098,1.206948960812582
8231,13,52,62512,14,52,0,0,-1,1,0,0.0,0.0,1.0,0.0,0.0
8232,1,127,9232,14,127,0,1,127,1,0,0.8,0.0,1.0,154.5240504228627,0.0
8233,3,145,93796,14,145,0,0,-1,1,0,0.0,0.0,1.0,0.0,0.0
8234,1,127,12352,14,127,0,1,-1,1,0,1.0,0.0,1.0,0.6931471805599453,0.0
8235,8,114,37060,14,114,0,0,-1,1,0,0.0,0.0,1.0,0.0,0.0
8236,1,39,9268,14,39,1,1,39,2,1,0.6666666666666666,0.0,0.6666666666666666,47.607397447461395,1.2069489608125767
8237,3,39,24712,14,39,0,0,-1,1,0,0.0,0.0,1.0,0.0,0.0
8238,1,39,27808,14,39,0,1,-1,1,0,1.0,0.0,1.0,0.6931471805599453,0.0
8239,39,158,400948,14,158,0,0,-1,1,0,0.0,0.0,1.0,0.0,0.0
8240,1,127,9232,14,127,0,1,127,1,0,0.6666666666666666,0.0,1.0,155.09941456776627,0.0
8241,3,65,24724,14,65,0,0,-1,1,0,0.0,0.0,1.0,0.0,0.0
8242,1,65,13912,14,65,1,1,-1,2,1,0.7333333333333334,0.0,0.6666666666666666,1.0986122886681098,1.206948960812582
8243,6,65,37096,14,65,0,0,-1,1,0,0.0,0.0,1.0,0.0,0.0
8244,1,127,9232,14,127,0,1,127,1,0,0.8,0.0,1.0,154.5240504228627,0.0
8245,3,127,24736,14,127,0,0,-1,1,0,0.0,0.0,1.0,0.0,0.0
8246,1,96,70468,14,96,0,1,-1,1,0,1.0,0.0,1.0,0.6931471805599453,0.0
8247,8,96,70468,14,96,0,0,-1,1,0,0.0,0.0,1.0,0.0,0.0
8248,1,39,8248,14,39,1,1,39,2,1,0.6666666666666666,0.0,0.6666666666666666,48.182761592364955,1.2069489608125767
8249,3,65,27844,14,65,0,0,-1,1,0,0.0,0.0,1.0,0.0,0.0
8250,1,39,12376,14,39,0,1,-1,1,0,1.0,0.0,1.0,0.6931471805599453,0.0
8251,11,65,41776,14,65,0,0,-1,1,0,0.0,0.0,1.0,0.0,0.0
8252,1,39,20896,14,39,0,1,-1,1,0,0.6666666666666666,0.0,1.0,6.473890696352275,0.0
8253,3,39,24760,14,39,0,0,-1,1,0,0.0,0.0,1.0,0.0,0.0
8254,1,171,225988,14,171,1,1,-1,2,1,0.7333333333333334,0.0,0.6666666666666666,1.0986122886681098,1.206948960812582
8255,44,171,225988,14,171,0,0,-1,1,0,0.0,0.0,1.0,0.0,0.0
8256,1,127,9232,14,127,0,1,127,1,0,0.8,0.0,1.0,154.23636835041094,0.0
8257,3,189,190996,14,189,0,0,-1,1,0,0.0,0.0,1.0,0.0,0.0
8258,1,189,190996,14,189,0,1,-1,1,0,1.0,0.0,1.0,0.6931471805599453,0.0
8259,6,189,190996,14,189,0,0,-1,1,0,0.0,0.0,1.0,0.0,0.0
8260,1,127,9232,14,127,1,1,127,2,1,0.6666666666666666,0.0,0.6666666666666666,154.9295155309709,1.2069489608125143
8261,3,127,24784,14,127,0,0,-1,1,0,0.0,0.0,1.0,0.0,0.0
8262,1,127,18592,14,127,0,1,-1,1,0,1.0,0.0,1.0,0.6931471805599453,0.0
8263,26,158,79432,14,158,0,0,-1,1,0,0.0,0.0,1.0,0.0,0.0
8264,1,158,9232,14,158,0,1,158,1,0,0.6666666666666666,0.0,1.0,191.7455341685437,0.0
8265,3,140,67048,14,140,0,0,-1,1,0,0.0,0.0,1.0,0.0,0.0
8266,1,158,12400,14,158,1,1,-1,2,1,0.7333333333333334,0.0,0.6666666666666666,1.0986122886681098,1.206948960812582
8267,8,127,37204,14,127,0,0,-1,1,0,0.0,0.0,1.0,0.0,0.0
8268,1,158,9304,14,158,0,1,158,1,0,0.8,0.0,1.0,191.17017002364014,0.0
8269,3,158,24808,14,158,0,0,-1,1,0,0.0,0.0,1.0,0.0,0.0
8270,1,96,31408,14,96,0,1,-1,1,0,1.0,0.0,1.0,0.6931471805599453,0.0
8271,13,96,83752,14,96,0,0,-1,1,0,0.0,0.0,1.0,0.0,0.0
8272,1,127,9232,14,127,1,1,127,2,1,0.6666666666666666,0.0,0.6666666666666666,155.21719760342268,1.2069489608125143
8273,3,158,24820,14,158,0,0,-1,1,0,0.0,0.0,1.0,0.0,0.0
8274,1,96,59668,14,96,0,1,-1,1,0,1.0,0.0,1.0,0.6931471805599453,0.0
8275,6,96,59668,14,96,0,0,-1,1,0,0.0,0.0,1.0,0.0,0.0
8276,1,127,9232,14,127,0,1,127,1,0,0.6666666666666666,0.0,1.0,154.81173249531452,0.0
8277,3,127,24832,14,127,0,0,-1,1,0,0.0,0.0,1.0,0.0,0.0
8278,1,158,18628,14,158,1,1,-1,2,1,0.7333333333333334,0.0,0.6666666666666666,1.0986122886681098,1.206948960812582
8279,8,158,55888,14,158,0,0,-1,1,0,0.0,0.0,1.0,0.0,0.0
8280,1,127,9232,14,127,0,1,127,1,0,0.8,0.0,1.0,154.81173249531452,0.0
8281,3,158,27952,14,158,0,0,-1,1,0,0.0,0.0,1.0,0.0,0.0
8282,1,127,12424,14,127,0,1,-1,1,0,1.0,0.0,1.0,0.6931471805599453,0.0
8283,32,96,179152,14,96,0,0,-1,1,0,0.0,0.0,1.0,0.0,0.0
8284,1,127,13984,14,127,1,1,-1,2,1,0.6666666666666666,0.0,0.6666666666666666,6.591673732008659,1.2069489608125827
8285,3,127,24856,14,127,0,0,-1,1,0,0.0,0.0,1.0,0.0,0.0
8286,1,65,41956,14,65,0,1,-1,1,0,1.0,0.0,1.0,0.6931471805599453,0.0
8287,13,65,125872,14,65,0,0,-1,1,0,0.0,0.0,1.0,0.0,0.0
8288,1,127,9232,14,127,0,1,127,1,0,0.6666666666666666,0.0,1.0,155.09941456776627,0.0
8289,3,114,59776,14,114,0,0,-1,1,0,0.0,0.0,1.0,0.0,0.0
8290,1,39,12436,14,39,1,1,-1,2,1,0.7333333333333334,0.0,0.6666666666666666,1.0986122886681098,1.206948960812582
8291,6,39,37312,14,39,0,0,-1,1,0,0.0,0.0,1.0,0.0,0.0
8292,1,39,8292,14,39,0,1,39,1,0,0.8,0.0,1.0,47.201932339353235,0.0
8293,3,39,24880,14,39,0,0,-1,1,0,0.0,0.0,1.0,0.0,0.0
8294,1,39,18664,14,39,0,1,-1,1,0,1.0,0.0,1.0,0.6931471805599453,0.0
8295,60,96,255472,14,96,0,0,-1,1,0,0.0,0.0,1.0,0.0,0.0
8296,1,127,9232,14,127,1,1,127,2,1,0.6666666666666666,0.0,0.6666666666666666,155.50487967587443,1.2069489608125767
8297,3,39,63016,14,39,0,0,-1,1,0,0.0,0.0,1.0,0.0,0.0
8298,1,127,12448,14,127,0,1,-1,1,0,1.0,0.0,1.0,0.6931471805599453,0.0
8299,8,158,53188,14,158,0,0,-1,1,0,0.0,0.0,1.0,0.0,0.0
8300,1,96,95956,14,96,0,1,-1,1,0,0.6666666666666666,0.0,1.0,9.769727562356604,0.0
8301,3,96,95956,14,96,0,0,-1,1,0,0.0,0.0,1.0,0.0,0.0
8302,1,96,95956,14,96,1,1,-1,2,1,0.7333333333333334,0.0,0.6666666666666666,1.0986122886681098,1.206948960812582
8303,42,127,359152,14,127,0,0,-1,1,0,0.0,0.0,1.0,0.0,0.0
8304,1,65,8304,14,65,0,1,65,1,0,0.8,0.0,1.0,79.5057187865972,0.0
8305,3,127,24916,14,127,0,0,-1,1,0,0.0,0.0,1.0,0.0,0.0
8306,1,65,14020,14,65,0,1,-1,1,0,1.0,0.0,1.0,0.6931471805599453,0.0
8307,6,65,37384,14,65,0,0,-1,1,0,0.0,0.0,1.0,0.0,0.0
8308,1,65,8308,14,65,1,1,65,2,1,0.6666666666666666,0.0,0.6666666666666666,79.91118389470536,1.2069489608125767
8309,3,65,24928,14,65,0,0,-1,1,0,0.0,0.0,1.0,0.0,0.0
8310,1,65,21040,14,65,0,1,-1,1,0,1.0,0.0,1.0,0.6931471805599453,0.0
8311,8,65,56104,14,65,0,0,-1,1,0,0.0,0.0,1.0,0.0,0.0
8312,1,65,10528,14,65,0,1,-1,1,0,0.6666666666666666,0.0,1.0,10.345091707260165,0.0
8313,3,189,269728,14,189,0,0,-1,1,0,0.0,0.0,1.0,0.0,0.0
8314,1,65,12472,14,65,1,1,-1,2,1,0.7333333333333334,0.0,0.6666666666666666,1.0986122886681098,1.206948960812582
8315,13,202,250504,14,202,0,0,-1,1,0,0.0,0.0,1.0,0.0,0.0
8316,1,52,31588,14,52,0,1,-1,1,0,0.8,0.0,1.0,6.1862086239004945,0.0
8317,3,52,31588,14,52,0,0,-1,1,0,0.0,0.0,1.0,0.0,0.0
8318,1,52,94768,14,52,0,1,-1,1,0,1.0,0.0,1.0,0.6931471805599453,0.0
8319,32,88,284308,14,88,0,0,-1,1,0,0.0,0.0,1.0,0.0,0.0
8320,1,34,8320,14,34,1,1,34,2,1,0.6666666666666666,0.0,0.6666666666666666,42.11433600412086,1.2069489608125925
8321,3,52,24964,14,52,0,0,-1,1,0,0.0,0.0,1.0,0.0,0.0
8322,1,65,12484,14,65,0,1,-1,1,0,1.0,0.0,1.0,0.6931471805599453,0.0
8323,6,65,37456,14,65,0,0,-1,1,0,0.0,0.0,1.0,0.0,0.0
8324,1,65,8324,14,65,0,1,65,1,0,0.6666666666666666,0.0,1.0,79.5057187865972,0.0
8325,3,65,24976,14,65,0,0,-1,1,0,0.0,0.0,1.0,0.0,0.0
8326,1,65,18736,14,65,1,1,-1,2,1,0.7333333333333334,0.0,0.6666666666666666,1.0986122886681098,1.206948960812582
8327,11,65,56212,14,65,0,0,-1,1,0,0.0,0.0,1.0,0.0,0.0
8328,1,127,9232,14,127,0,1,127,1,0,0.8,0.0,1.0,154.81173249531452,0.0
8329,3,189,144340,14,189,0,0,-1,1,0,0.0,0.0,1.0,0.0,0.0
8330,1,127,12496,14,127,0,1,-1,1,0,1.0,0.0,1.0,0.6931471805599453,0.0
8331,8,158,37492,14,158,0,0,-1,1,0,0.0,0.0,1.0,0.0,0.0
8332,1,127,9376,14,127,1,1,127,2,1,0.6666666666666666,0.0,0.6666666666666666,154.9295155309709,1.2069489608125143
8333,3,127,25000,14,127,0,0,-1,1,0,0.0,0.0,1.0,0.0,0.0
8334,1,114,60100,14,114,0,1,-1,1,0,1.0,0.0,1.0,0.6931471805599453,0.0
8335,11,114,84400,14,114,0,0,-1,1,0,0.0,0.0,1.0,0.0,0.0
8336,1,127,9232,14,127,0,1,127,1,0,0.6666666666666666,0.0,1.0,155.09941456776627,0.0
8337,3,158,26728,14,158,0,0,-1,1,0,0.0,0.0,1.0,0.0,0.0
8338,1,158,26728,14,158,1,1,-1,2,1,0.7333333333333334,0.0,0.6666666666666666,1.0986122886681098,1.206948960812582
8339,6,158,37528,14,158,0,0,-1,1,0,0.0,0.0,1.0,0.0,0.0
8340,1,127,9232,14,127,0,1,127,1,0,0.8,0.0,1.0,154.5240504228627,0.0
8341,3,127,25024,14,127,0,0,-1,1,0,0.0,0.0,1.0,0.0,0.0
8342,1,127,18772,14,127,0,1,-1,1,0,1.0,0.0,1.0,0.6931471805599453,0.0
8343,8,127,56320,14,127,0,0,-1,1,0,0.0,0.0,1.0,0.0,0.0
8344,1,127,9232,14,127,1,1,127,2,1,0.6666666666666666,0.0,0.6666666666666666,155.50487967587446,1.2069489608125143
8345,3,114,28168,14,114,0,0,-1,1,0,0.0,0.0,1.0,0.0,0.0
8346,1,127,12520,14,127,0,1,-1,1,0,1.0,0.0,1.0,0.6931471805599453,0.0
8347,24,65,95092,14,65,0,0,-1,1,0,0.0,0.0,1.0,0.0,0.0
8348,1,114,15856,14,114,0,1,-1,1,0,0.6666666666666666,0.0,1.0,6.473890696352275,0.0
8349,3,114,25048,14,114,0,0,-1,1,0,0.0,0.0,1.0,0.0,0.0
8350,1,114,42280,14,114,1,1,-1,2,1,0.7333333333333334,0.0,0.6666666666666666,1.0986122886681098,1.206948960812582
8351,55,233,481624,14,233,0,0,-1,1,0,0.0,0.0,1.0,0.0,0.0
8352,1,34,8352,14,34,0,1,34,1,0,0.8,0.0,1.0,41.13350675110914,0.0
8353,3,88,67768,14,88,0,0,-1,1,0,0.0,0.0,1.0,0.0,0.0
8354,1,127,12532,14,127,0,1,-1,1,0,1.0,0.0,1.0,0.6931471805599453,0.0
8355,6,127,37600,14,127,0,0,-1,1,0,0.0,0.0,1.0,0.0,0.0
8356,1,65,23812,14,65,1,1,-1,2,1,0.6666666666666666,0.0,0.6666666666666666,10.175192670464769,1.2069489608125807
8357,3,65,25072,14,65,0,0,-1,1,0,0.0,0.0,1.0,0.0,0.0
8358,1,65,23812,14,65,0,1,-1,1,0,1.0,0.0,1.0,0.6931471805599453,0.0
8359,78,140,2316760,14,140,0,0,-1,1,0,0.0,0.0,1.0,0.0,0.0
8360,1,34,8360,14,34,0,1,34,1,0,0.6666666666666666,0.0,1.0,41.7088708960127,0.0
8361,3,114,214324,14,114,0,0,-1,1,0,0.0,0.0,1.0,0.0,0.0
8362,1,34,12544,14,34,1,1,-1,2,1,0.7333333333333334,0.0,0.6666666666666666,1.0986122886681098,1.206948960812582
8363,8,65,37636,14,65,0,0,-1,1,0,0.0,0.0,1.0,0.0,0.0
8364,1,39,9412,14,39,0,1,39,1,0,0.8,0.0,1.0,46.626568194449675,0.0
8365,3,39,25096,14,39,0,0,-1,1,0,0.0,0.0,1.0,0.0,0.0
8366,1,39,28240,14,39,0,1,-1,1,0,1.0,0.0,1.0,0.6931471805599453,0.0
8367,13,158,84724,14,158,0,0,-1,1,0,0.0,0.0,1.0,0.0,0.0
8368,1,127,9232,14,127,1,1,127,2,1,0.6666666666666666,0.0,0.6666666666666666,155.50487967587446,1.2069489608125143
8369,3,39,25108,14,39,0,0,-1,1,0,0.0,0.0,1.0,0.0,0.0
8370,1,39,14128,14,39,0,1,-1,1,0,1.0,0.0,1.0,0.6931471805599453,0.0
8371,6,39,37672,14,39,0,0,-1,1,0,0.0,0.0,1.0,0.0,0.0
8372,1,127,9232,14,127,0,1,127,1,0,0.6666666666666666,0.0,1.0,155.09941456776627,0.0
8373,3,127,25120,14,127,0,0,-1,1,0,0.0,0.0,1.0,0.0,0.0
8374,1,65,80512,14,65,1,1,-1,2,1,0.7333333333333334,0.0,0.6666666666666666,1.0986122886681098,1.206948960812582
8375,8,65,80512,14,65,0,0,-1,1,0,0.0,0.0,1.0,0.0,0.0
8376,1,127,9232,14,127,0,1,127,1,0,0.8,0.0,1.0,154.81173249531452,0.0
8377,3,158,28276,14,158,0,0,-1,1,0,0.0,0.0,1.0,0.0,0.0
8378,1,127,12568,14,127,0,1,-1,1,0,1.0,0.0,1.0,0.6931471805599453,0.0
8379,11,158,42424,14,158,0,0,-1,1,0,0.0,0.0,1.0,0.0,0.0
8380,1,109,21220,14,109,1,1,-1,2,1,0.6666666666666666,0.0,0.6666666666666666,6.591673732008659,1.2069489608125827
8381,3,109,25144,14,109,0,0,-1,1,0,0.0,0.0,1.0,0.0,0.0
8382,1,109,63664,14,109,0,1,-1,1,0,1.0,0.0,1.0,0.6931471805599453,0.0
8383,21,158,190996,14,158,0,0,-1,1,0,0.0,0.0,1.0,0.0,0.0
8384,1,34,8384,14,34,0,1,34,1,0,0.6666666666666666,0.0,1.0,41.99655296846448,0.0
8385,3,65,25156,14,65,0,0,-1,1,0,0.0,0.0,1.0,0.0,0.0
8386,1,65,15928,14,65,1,1,-1,2,1,0.7333333333333334,0.0,0.6666666666666666,1.0986122886681098,1.206948960812582
8387,6,65,37744,14,65,0,0,-1,1,0,0.0,0.0,1.0,0.0,0.0
8388,1,65,8388,14,65,0,1,65,1,0,0.8,0.0,1.0,79.5057187865972,0.0
8389,3,65,25168,14,65,0,0,-1,1,0,0.0,0.0,1.0,0.0,0.0
8390,1,65,18880,14,65,0,1,-1,1,0,1.0,0.0,1.0,0.6931471805599453,0.0
8391,13,65,56644,14,65,0,0,-1,1,0,0.0,0.0,1.0,0.0,0.0
8392,1,65,8392,14,65,1,1,65,2,1,0.6666666666666666,0.0,0.6666666666666666,80.48654803960892,1.206948960812608
8393,3,127,42496,14,127,0,0,-1,1,0,0.0,0.0,1.0,0.0,0.0
8394,1,65,12592,14,65,0,1,-1,1,0,1.0,0.0,1.0,0.6931471805599453,0.0
8395,8,65,37780,14,65,0,0,-1,1,0,0.0,0.0,1.0,0.0,0.0
8396,1,65,9448,14,65,0,1,65,1,0,0.6666666666666666,0.0,1.0,79.79340085904897,0.0
8397,3,65,25192,14,65,0,0,-1,1,0,0.0,0.0,1.0,0.0,0.0
8398,1,65,71764,14,65,1,1,-1,2,1,0.7333333333333334,0.0,0.6666666666666666,1.0986122886681098,1.206948960812582
8399,21,65,85048,14,65,0,0,-1,1,0,0.0,0.0,1.0,0.0,0.0
8400,1,34,8400,14,34,0,1,34,1,0,0.8,0.0,1.0,41.42118882356092,0.0
8401,3,65,25204,14,65,0,0,-1,1,0,0.0,0.0,1.0,0.0,0.0
8402,1,65,31912,14,65,0,1,-1,1,0,1.0,0.0,1.0,0.6931471805599453,0.0
8403,6,65,37816,14,65,0,0,-1,1,0,0.0,0.0,1.0,0.0,0.0
8404,1,34,8404,14,34,1,1,34,2,1,0.6666666666666666,0.0,0.6666666666666666,41.82665393166908,1.2069489608125925
8405,3,34,25216,14,34,0,0,-1,1,0,0.0,0.0,1.0,0.0,0.0
8406,1,65,26944,14,65,0,1,-1,1,0,1.0,0.0,1.0,0.6931471805599453,0.0
8407,8,65,56752,14,65,0,0,-1,1,0,0.0,0.0,1.0,0.0,0.0
8408,1,96,45520,14,96,0,1,-1,1,0,0.6666666666666666,0.0,1.0,16.125835223052494,0.0
8409,3,65,28384,14,65,0,0,-1,1,0,0.0,0.0,1.0,0.0,0.0
8410,1,96,45520,14,96,1,1,-1,2,1,0.7333333333333334,0.0,0.6666666666666666,1.0986122886681098,1.206948960812582
8411,13,65,63880,14,65,0,0,-1,1,0,0.0,0.0,1.0,0.0,0.0
8412,1,96,45520,14,96,0,1,-1,1,0,0.8,0.0,1.0,6.1862086239004945,0.0
8413,3,96,45520,14,96,0,0,-1,1,0,0.0,0.0,1.0,0.0,0.0
8414,1,109,345544,14,109,0,1,-1,1,0,1.0,0.0,1.0,0.6931471805599453,0.0
8415,57,109,345544,14,109,0,0,-1,1,0,0.0,0.0,1.0,0.0,0.0
8416,1,83,9232,14,83,1,1,83,2,1,0.6666666666666666,0.0,0.6666666666666666,101.6999795978938,1.206948960812608
8417,3,158,182068,14,158,0,0,-1,1,0,0.0,0.0,1.0,0.0,0.0
8418,1,34,12628,14,34,0,1,-1,1,0,1.0,0.0,1.0,0.6931471805599453,0.0
8419,6,34,37888,14,34,0,0,-1,1,0,0.0,0.0,1.0,0.0,0.0
8420,1,127,9232,14,127,0,1,127,1,0,0.6666666666666666,0.0,1.0,154.23636835041094,0.0
8421,3,127,25264,14,127,0,0,-1,1,0,0.0,0.0,1.0,0.0,0.0
8422,1,127,18952,14,127,1,1,-1,2,1,0.7333333333333334,0.0,0.6666666666666666,1.0986122886681098,1.206948960812582
8423,19,65,95956,14,65,0,0,-1,1,0,0.0,0.0,1.0,0.0,0.0
8424,1,83,9232,14,83,0,1,83,1,0,0.8,0.0,1.0,101.00683241733387,0.0
8425,3,202,129760,14,202,0,0,-1,1,0,0.0,0.0,1.0,0.0,0.0
8426,1,83,12640,14,83,0,1,-1,1,0,1.0,0.0,1.0,0.6931471805599453,0.0
8427,8,158,102544,14,158,0,0,-1,1,0,0.0,0.0,1.0,0.0,0.0
8428,1,158,21688,14,158,1,1,-1,2,1,0.6666666666666666,0.0,0.6666666666666666,9.887510598012987,1.2069489608125807
8429,3,158,25288,14,158,0,0,-1,1,0,0.0,0.0,1.0,0.0,0.0
8430,1,158,28456,14,158,0,1,-1,1,0,1.0,0.0,1.0,0.6931471805599453,0.0
8431,24,96,324160,14,96,0,0,-1,1,0,0.0,0.0,1.0,0.0,0.0
8432,1,83,9232,14,83,0,1,83,1,0,0.6666666666666666,0.0,1.0,101.29451448978564,0.0
8433,3,83,25300,14,83,0,0,-1,1,0,0.0,0.0,1.0,0.0,0.0
8434,1,57,40552,14,57,1,1,-1,2,1,0.7333333333333334,0.0,0.6666666666666666,1.0986122886681098,1.206948960812582
8435,6,57,40552,14,57,0,0,-1,1,0,0.0,0.0,1.0,0.0,0.0
8436,1,83,9232,14,83,0,1,83,1,0,0.8,0.0,1.0,100.71915034488208,0.0
8437,3,83,25312,14,83,0,0,-1,1,0,0.0,0.0,1.0,0.0,0.0
8438,1,158,21688,14,158,0,1,-1,1,0,1.0,0.0,1.0,0.6931471805599453,0.0
8439,8,158,56968,14,158,0,0,-1,1,0,0.0,0.0,1.0,0.0,0.0
8440,1,171,250504,14,171,1,1,-1,2,1,0.6666666666666666,0.0,0.6666666666666666,10.750556815368329,1.2069489608125845
8441,3,57,32056,14,57,0,0,-1,1,0,0.0,0.0,1.0,0.0,0.0
8442,1,171,250504,14,171,0,1,-1,1,0,1.0,0.0,1.0,0.6931471805599453,0.0
8443,42,109,410884,14,109,0,0,-1,1,0,0.0,0.0,1.0,0.0,0.0
8444,1,171,250504,14,171,0,1,-1,1,0,0.6666666666666666,0.0,1.0,6.473890696352275,0.0
8445,3,171,250504,14,171,0,0,-1,1,0,0.0,0.0,1.0,0.0,0.0
8446,1,158,144340,14,158,1,1,-1,2,1,0.7333333333333334,0.0,0.6666666666666666,1.0986122886681098,1.206948960812582
8447,21,158,433024,14,158,0,0,-1,1,0,0.0,0.0,1.0,0.0,0.0
8448,1,34,8448,14,34,0,1,34,1,0,0.8,0.0,1.0,40.84582467865736,0.0
8449,3,57,25348,14,57,0,0,-1,1,0,0.0,0.0,1.0,0.0,0.0
8450,1,57,12676,14,57,0,1,-1,1,0,1.0,0.0,1.0,0.6931471805599453,0.0
8451,6,57,38032,14,57,0,0,-1,1,0,0.0,0.0,1.0,0.0,0.0
8452,1,83,9232,14,83,1,1,83,2,1,0.6666666666666666,0.0,0.6666666666666666,101.12461545299024,1.2069489608125767
8453,3,83,25360,14,83,0,0,-1,1,0,0.0,0.0,1.0,0.0,0.0
8454,1,83,19024,14,83,0,1,-1,1,0,1.0,0.0,1.0,0.6931471805599453,0.0
8455,11,202,146500,14,202,0,0,-1,1,0,0.0,0.0,1.0,0.0,0.0
8456,1,83,9232,14,83,0,1,83,1,0,0.6666666666666666,0.0,1.0,101.29451448978564,0.0
8457,3,57,42820,14,57,0,0,-1,1,0,0.0,0.0,1.0,0.0,0.0
8458,1,83,12688,14,83,1,1,-1,2,1,0.7333333333333334,0.0,0.6666666666666666,1.0986122886681098,1.206948960812582
8459,8,83,38068,14,83,0,0,-1,1,0,0.0,0.0,1.0,0.0,0.0
8460,1,83,9520,14,83,0,1,83,1,0,0.8,0.0,1.0,100.71915034488208,0.0
8461,3,83,25384,14,83,0,0,-1,1,0,0.0,0.0,1.0,0.0,0.0
8462,1,39,28564,14,39,0,1,-1,1,0,1.0,0.0,1.0,0.6931471805599453,0.0
8463,11,39,85696,14,39,0,0,-1,1,0,0.0,0.0,1.0,0.0,0.0
8464,1,34,8464,14,34,1,1,34,2,1,0.6666666666666666,0.0,0.6666666666666666,42.114336004120865,1.2069489608125612
8465,3,83,25396,14,83,0,0,-1,1,0,0.0,0.0,1.0,0.0,0.0
8466,1,202,695464,14,202,0,1,-1,1,0,1.0,0.0,1.0,0.6931471805599453,0.0
8467,6,202,695464,14,202,0,0,-1,1,0,0.0,0.0,1.0,0.0,0.0
8468,1,34,8468,14,34,0,1,34,1,0,0.6666666666666666,0.0,1.0,41.7088708960127,0.0
8469,3,34,25408,14,34,0,0,-1,1,0,0.0,0.0,1.0,0.0,0.0
8470,1,57,19060,14,57,1,1,-1,2,1,0.7333333333333334,0.0,0.6666666666666666,1.0986122886681098,1.206948960812582
8471,8,57,57184,14,57,0,0,-1,1,0,0.0,0.0,1.0,0.0,0.0
8472,1,34,8472,14,34,0,1,34,1,0,0.8,0.0,1.0,41.7088708960127,0.0
8473,3,57,28600,14,57,0,0,-1,1,0,0.0,0.0,1.0,0.0,0.0
8474,1,34,12712,14,34,0,1,-1,1,0,1.0,0.0,1.0,0.6931471805599453,0.0
8475,42,109,217240,14,109,0,0,-1,1,0,0.0,0.0,1.0,0.0,0.0
8476,1,83,14308,14,83,1,1,-1,2,1,0.6666666666666666,0.0,0.6666666666666666,6.591673732008659,1.2069489608125827
8477,3,83,25432,14,83,0,0,-1,1,0,0.0,0.0,1.0,0.0,0.0
8478,1,83,42928,14,83,0,1,-1,1,0,1.0,0.0,1.0,0.6931471805599453,0.0
8479,16,83,128788,14,83,0,0,-1,1,0,0.0,0.0,1.0,0.0,0.0
8480,1,127,9232,14,127,0,1,127,1,0,0.6666666666666666,0.0,1.0,155.09941456776627,0.0
8481,3,109,39364,14,109,0,0,-1,1,0,0.0,0.0,1.0,0.0,0.0
8482,1,109,39364,14,109,1,1,-1,2,1,0.7333333333333334,0.0,0.6666666666666666,1.0986122886681098,1.206948960812582
8483,6,109,39364,14,109,0,0,-1,1,0,0.0,0.0,1.0,0.0,0.0
8484,1,109,39364,14,109,0,1,-1,1,0,0.8,0.0,1.0,9.769727562356604,0.0
8485,3,109,39364,14,109,0,0,-1,1,0,0.0,0.0,1.0,0.0,0.0
8486,1,109,39364,14,109,0,1,-1,1,0,1.0,0.0,1.0,0.6931471805599453,0.0
8487,13,140,176740,14,140,0,0,-1,1,0,0.0,0.0,1.0,0.0,0.0
8488,1,127,9232,14,127,1,1,127,2,1,0.6666666666666666,0.0,0.6666666666666666,155.50487967587443,1.2069489608125767
8489,3,65,96712,14,65,0,0,-1,1,0,0.0,0.0,1.0,0.0,0.0
8490,1,127,12736,14,127,0,1,-1,1,0,1.0,0.0,1.0,0.6931471805599453,0.0
8491,8,109,103336,14,109,0,0,-1,1,0,0.0,0.0,1.0,0.0,0.0
8492,1,34,9556,14,34,0,1,34,1,0,0.6666666666666666,0.0,1.0,41.13350675110914,0.0
8493,3,34,25480,14,34,0,0,-1,1,0,0.0,0.0,1.0,0.0,0.0
8494,1,34,28672,14,34,1,1,-1,2,1,0.7333333333333334,0.0,0.6666666666666666,1.0986122886681098,1.206948960812582
8495,21,83,86020,14,83,0,0,-1,1,0,0.0,0.0,1.0,0.0,0.0
8496,1,127,9232,14,127,0,1,127,1,0,0.8,0.0,1.0,154.81173249531452,0.0
8497,3,127,25492,14,127,0,0,-1,1,0,0.0,0.0,1.0,0.0,0.0
8498,1,127,14344,14,127,0,1,-1,1,0,1.0,0.0,1.0,0.6931471805599453,0.0
8499,6,127,38248,14,127,0,0,-1,1,0,0.0,0.0,1.0,0.0,0.0
8500,1,127,9232,14,127,1,1,127,2,1,0.6666666666666666,0.0,0.6666666666666666,155.21719760342268,1.2069489608125767
8501,3,127,25504,14,127,0,0,-1,1,0,0.0,0.0,1.0,0.0,0.0
8502,1,83,48436,14,83,0,1,-1,1,0,1.0,0.0,1.0,0.6931471805599453,0.0
8503,8,83,57400,14,83,0,0,-1,1,0,0.0,0.0,1.0,0.0,0.0
8504,1,78,8504,14,78,0,1,78,1,0,0.6666666666666666,0.0,1.0,94.36304268418618,0.0
8505,3,83,36340,14,83,0,0,-1,1,0,0.0,0.0,1.0,0.0,0.0
8506,1,78,12760,14,78,1,1,-1,2,1,0.7333333333333334,0.0,0.6666666666666666,1.0986122886681098,1.206948960812582
8507,11,78,43072,14,78,0,0,-1,1,0,0.0,0.0,1.0,0.0,0.0
8508,1,78,21544,14,78,0,1,-1,1,0,0.8,0.0,1.0,6.1862086239004945,0.0
8509,3,78,25528,14,78,0,0,-1,1,0,0.0,0.0,1.0,0.0,0.0
8510,1,202,6810136,14,202,0,1,-1,1,0,1.0,0.0,1.0,0.6931471805599453,0.0
8511,44,202,6810136,14,202,0,0,-1,1,0,0.0,0.0,1.0,0.0,0.0
8512,1,34,8512,14,34,1,1,34,2,1,0.6666666666666666,0.0,0.6666666666666666,42.114336004120865,1.2069489608125612
8513,3,127,25540,14,127,0,0,-1,1,0,0.0,0.0,1.0,0.0,0.0
8514,1,39,18196,14,39,0,1,-1,1,0,1.0,0.0,1.0,0.6931471805599453,0.0
8515,6,39,38320,14,39,0,0,-1,1,0,0.0,0.0,1.0,0.0,0.0
8516,1,127,9232,14,127,0,1,127,1,0,0.6666666666666666,0.0,1.0,155.09941456776627,0.0
8517,3,127,25552,14,127,0,0,-1,1,0,0.0,0.0,1.0,0.0,0.0
8518,1,127,19168,14,127,1,1,-1,2,1,0.7333333333333334,0.0,0.6666666666666666,1.0986122886681098,1.206948960812582
8519,29,158,163780,14,158,0,0,-1,1,0,0.0,0.0,1.0,0.0,0.0
8520,1,78,12148,14,78,0,1,-1,1,0,0.8,0.0,1.0,15.838153150600712,0.0
8521,3,78,43144,14,78,0,0,-1,1,0,0.0,0.0,1.0,0.0,0.0
8522,1,78,12784,14,78,0,1,-1,1,0,1.0,0.0,1.0,0.6931471805599453,0.0
8523,8,127,38356,14,127,0,0,-1,1,0,0.0,0.0,1.0,0.0,0.0
8524,1,78,12148,14,78,1,1,-1,2,1,0.6666666666666666,0.0,0.6666666666666666,15.955936186257096,1.2069489608125807
8525,3,78,25576,14,78,0,0,-1,1,0,0.0,0.0,1.0,0.0,0.0
8526,1,127,599056,14,127,0,1,-1,1,0,1.0,0.0,1.0,0.6931471805599453,0.0
8527,13,127,599056,14,127,0,0,-1,1,0,0.0,0.0,1.0,0.0,0.0
8528,1,34,8528,14,34,0,1,34,1,0,0.6666666666666666,0.0,1.0,41.99655296846448,0.0
8529,3,78,36448,14,78,0,0,-1,1,0,0.0,0.0,1.0,0.0,0.0
8530,1,171,138400,14,171,1,1,-1,2,1,0.7333333333333334,0.0,0.6666666666666666,1.0986122886681098,1.206948960812582
8531,6,171,138400,14,171,0,0,-1,1,0,0.0,0.0,1.0,0.0,0.0
8532,1,34,8532,14,34,0,1,34,1,0,0.8,0.0,1.0,41.42118882356092,0.0
8533,3,34,25600,14,34,0,0,-1,1,0,0.0,0.0,1.0,0.0,0.0
8534,1,127,19204,14,127,0,1,-1,1,0,1.0,0.0,1.0,0.6931471805599453,0.0
8535,8,127,57616,14,127,0,0,-1,1,0,0.0,0.0,1.0,0.0,0.0
8536,1,65,8536,14,65,1,1,65,2,1,0.6666666666666666,0.0,0.6666666666666666,80.19886596715713,1.206948960812608
8537,3,171,28816,14,171,0,0,-1,1,0,0.0,0.0,1.0,0.0,0.0
8538,1,65,12808,14,65,0,1,-1,1,0,1.0,0.0,1.0,0.6931471805599453,0.0
8539,16,127,64852,14,127,0,0,-1,1,0,0.0,0.0,1.0,0.0,0.0
8540,1,65,14416,14,65,0,1,-1,1,0,0.6666666666666666,0.0,1.0,6.473890696352275,0.0
8541,3,65,25624,14,65,0,0,-1,1,0,0.0,0.0,1.0,0.0,0.0
8542,1,171,43252,14,171,1,1,-1,2,1,0.7333333333333334,0.0,0.6666666666666666,1.0986122886681098,1.206948960812582
8543,13,171,129760,14,171,0,0,-1,1,0,0.0,0.0,1.0,0.0,0.0
8544,1,26,8544,14,26,0,1,26,1,0,0.8,0.0,1.0,31.481562224408922,0.0
8545,3,127,32452,14,127,0,0,-1,1,0,0.0,0.0,1.0,0.0,0.0
8546,1,65,12820,14,65,0,1,-1,1,0,1.0,0.0,1.0,0.6931471805599453,0.0
8547,6,65,38464,14,65,0,0,-1,1,0,0.0,0.0,1.0,0.0,0.0
8548,1,65,8548,14,65,1,1,65,2,1,0.6666666666666666,0.0,0.6666666666666666,79.62350182225357,1.2069489608125767
8549,3,65,25648,14,65,0,0,-1,1,0,0.0,0.0,1.0,0.0,0.0
8550,1,65,19240,14,65,0,1,-1,1,0,1.0,0.0,1.0,0.6931471805599453,0.0
8551,26,78,219184,14,78,0,0,-1,1,0,0.0,0.0,1.0,0.0,0.0
8552,1,26,8552,14,26,0,1,26,1,0,0.6666666666666666,0.0,1.0,32.056926369312485,0.0
8553,3,52,64960,14,52,0,0,-1,1,0,0.0,0.0,1.0,0.0,0.0
8554,1,26,12832,14,26,1,1,-1,2,1,0.7333333333333334,0.0,0.6666666666666666,1.0986122886681098,1.206948960812582
8555,8,52,38500,14,52,0,0,-1,1,0,0.0,0.0,1.0,0.0,0.0
8556,1,78,61720,14,78,0,1,-1,1,0,0.8,0.0,1.0,9.482045489904824,0.0
8557,3,78,61720,14,78,0,0,-1,1,0,0.0,0.0,1.0,0.0,0.0
8558,1,78,61720,14,78,0,1,-1,1,0,1.0,0.0,1.0,0.6931471805599453,0.0
8559,16,78,97504,14,78,0,0,-1,1,0,0.0,0.0,1.0,0.0,0.0
8560,1,26,8560,14,26,1,1,26,2,1,0.6666666666666666,0.0,0.6666666666666666,32.46239147742065,1.2069489608125767
8561,3,26,25684,14,26,0,0,-1,1,0,0.0,0.0,1.0,0.0,0.0
8562,1,127,14452,14,127,0,1,-1,1,0,1.0,0.0,1.0,0.6931471805599453,0.0
8563,6,127,38536,14,127,0,0,-1,1,0,0.0,0.0,1.0,0.0,0.0
8564,1,26,8564,14,26,0,1,26,1,0,0.6666666666666666,0.0,1.0,32.056926369312485,0.0
8565,3,26,25696,14,26,0,0,-1,1,0,0.0,0.0,1.0,0.0,0.0
8566,1,127,21688,14,127,1,1,-1,2,1,0.7333333333333334,0.0,0.6666666666666666,1.0986122886681098,1.206948960812582
8567,8,127,57832,14,127,0,0,-1,1,0,0.0,0.0,1.0,0.0,0.0
8568,1,171,10852,14,171,0,1,-1,1,0,0.8,0.0,1.0,10.057409634808385,0.0
8569,3,78,164752,14,78,0,0,-1,1,0,0.0,0.0,1.0,0.0,0.0
8570,1,171,12856,14,171,0,1,-1,1,0,1.0,0.0,1.0,0.6931471805599453,0.0
8571,13,171,43396,14,171,0,0,-1,1,0,0.0,0.0,1.0,0.0,0.0
8572,1,171,32560,14,171,1,1,-1,2,1,0.6666666666666666,0.0,0.6666666666666666,6.591673732008659,1.2069489608125827
8573,3,171,32560,14,171,0,0,-1,1,0,0.0,0.0,1.0,0.0,0.0
8574,1,127,97684,14,127,0,1,-1,1,0,1.0,0.0,1.0,0.6931471805599453,0.0
8575,19,127,293056,14,127,0,0,-1,1,0,0.0,0.0,1.0,0.0,0.0
8576,1,34,8576,14,34,0,1,34,1,0,0.6666666666666666,0.0,1.0,41.99655296846448,0.0
8577,3,65,25732,14,65,0,0,-1,1,0,0.0,0.0,1.0,0.0,0.0
8578,1,78,12868,14,78,1,1,-1,2,1,0.7333333333333334,0.0,0.6666666666666666,1.0986122886681098,1.206948960812582
8579,6,78,38608,14,78,0,0,-1,1,0,0.0,0.0,1.0,0.0,0.0
8580,1,78,8580,14,78,0,1,78,1,0,0.8,0.0,1.0,93.78767853928262,0.0
8581,3,78,25744,14,78,0,0,-1,1,0,0.0,0.0,1.0,0.0,0.0
8582,1,78,19312,14,78,0,1,-1,1,0,1.0,0.0,1.0,0.6931471805599453,0.0
8583,11,78,57940,14,78,0,0,-1,1,0,0.0,0.0,1.0,0.0,0.0
8584,1,26,8584,14,26,1,1,26,2,1,0.6666666666666666,0.0,0.6666666666666666,32.46239147742065,1.2069489608125767
8585,3,171,48904,14,171,0,0,-1,1,0,0.0,0.0,1.0,0.0,0.0
8586,1,26,12880,14,26,0,1,-1,1,0,1.0,0.0,1.0,0.6931471805599453,0.0
8587,8,127,38644,14,127,0,0,-1,1,0,0.0,0.0,1.0,0.0,0.0
8588,1,26,9664,14,26,0,1,26,1,0,0.6666666666666666,0.0,1.0,31.769244296860702,0.0
8589,3,26,25768,14,26,0,0,-1,1,0,0.0,0.0,1.0,0.0,0.0
8590,1,78,28996,14,78,1,1,-1,2,1,0.7333333333333334,0.0,0.6666666666666666,1.0986122886681098,1.206948960812582
8591,11,78,86992,14,78,0,0,-1,1,0,0.0,0.0,1.0,0.0,0.0
8592,1,26,8592,14,26,0,1,26,1,0,0.8,0.0,1.0,31.769244296860702,0.0
8593,3,26,25780,14,26,0,0,-1,1,0,0.0,0.0,1.0,0.0,0.0
8594,1,26,21760,14,26,0,1,-1,1,0,1.0,0.0,1.0,0.6931471805599453,0.0
8595,6,26,38680,14,26,0,0,-1,1,0,0.0,0.0,1.0,0.0,0.0
8596,1,26,8596,14,26,1,1,26,2,1,0.6666666666666666,0.0,0.6666666666666666,32.17470940496887,1.2069489608125767
8597,3,26,25792,14,26,0,0,-1,1,0,0.0,0.0,1.0,0.0,0.0
8598,1,65,19348,14,65,0,1,-1,1,0,1.0,0.0,1.0,0.6931471805599453,0.0
8599,8,65,58048,14,65,0,0,-1,1,0,0.0,0.0,1.0,0.0,0.0
8600,1,26,8600,14,26,0,1,26,1,0,0.6666666666666666,0.0,1.0,32.344608441764265,0.0
8601,3,65,29032,14,65,0,0,-1,1,0,0.0,0.0,1.0,0.0,0.0
8602,1,26,12904,14,26,1,1,-1,2,1,0.7333333333333334,0.0,0.6666666666666666,1.0986122886681098,1.206948960812582
8603,29,171,98008,14,171,0,0,-1,1,0,0.0,0.0,1.0,0.0,0.0
8604,1,109,176740,14,109,0,1,-1,1,0,0.8,0.0,1.0,6.1862086239004945,0.0
8605,3,109,176740,14,109,0,0,-1,1,0,0.0,0.0,1.0,0.0,0.0
8606,1,109,176740,14,109,0,1,-1,1,0,1.0,0.0,1.0,0.6931471805599453,0.0
8607,32,171,147076,14,171,0,0,-1,1,0,0.0,0.0,1.0,0.0,0.0
8608,1,34,8608,14,34,1,1,34,2,1,0.6666666666666666,0.0,0.6666666666666666,42.402018076572645,1.2069489608125767
8609,3,171,44224,14,171,0,0,-1,1,0,0.0,0.0,1.0,0.0,0.0
8610,1,78,39364,14,78,0,1,-1,1,0,1.0,0.0,1.0,0.6931471805599453,0.0
8611,6,78,39364,14,78,0,0,-1,1,0,0.0,0.0,1.0,0.0,0.0
8612,1,78,39364,14,78,0,1,-1,1,0,0.6666666666666666,0.0,1.0,10.057409634808385,0.0
8613,3,78,39364,14,78,0,0,-1,1,0,0.0,0.0,1.0,0.0,0.0
8614,1,78,39364,14,78,1,1,-1,2,1,0.7333333333333334,0.0,0.6666666666666666,1.0986122886681098,1.206948960812582
8615,16,78,65428,14,78,0,0,-1,1,0,0.0,0.0,1.0,0.0,0.0
8616,1,34,8616,14,34,0,1,34,1,0,0.8,0.0,1.0,41.7088708960127,0.0
8617,3,171,209680,14,171,0,0,-1,1,0,0.0,0.0,1.0,0.0,0.0
8618,1,34,12928,14,34,0,1,-1,1,0,1.0,0.0,1.0,0.6931471805599453,0.0
8619,8,140,95956,14,140,0,0,-1,1,0,0.0,0.0,1.0,0.0,0.0
8620,1,171,1276936,14,171,1,1,-1,2,1,0.6666666666666666,0.0,0.6666666666666666,20.873633484694086,1.2069489608125845
8621,3,171,1276936,14,171,0,0,-1,1,0,0.0,0.0,1.0,0.0,0.0
8622,1,171,1276936,14,171,0,1,-1,1,0,1.0,0.0,1.0,0.6931471805599453,0.0
8623,13,78,118096,14,78,0,0,-1,1,0,0.0,0.0,1.0,0.0,0.0
8624,1,52,9232,14,52,0,1,52,1,0,0.6666666666666666,0.0,1.0,63.49766659920109,0.0
8625,3,52,25876,14,52,0,0,-1,1,0,0.0,0.0,1.0,0.0,0.0
8626,1,52,14560,14,52,1,1,-1,2,1,0.7333333333333334,0.0,0.6666666666666666,1.0986122886681098,1.206948960812582
8627,6,52,38824,14,52,0,0,-1,1,0,0.0,0.0,1.0,0.0,0.0
8628,1,52,9232,14,52,0,1,52,1,0,0.8,0.0,1.0,62.92230245429753,0.0
8629,3,52,25888,14,52,0,0,-1,1,0,0.0,0.0,1.0,0.0,0.0
8630,1,127,32776,14,127,0,1,-1,1,0,1.0,0.0,1.0,0.6931471805599453,0.0
8631,8,127,58264,14,127,0,0,-1,1,0,0.0,0.0,1.0,0.0,0.0
8632,1,52,9232,14,52,1,1,52,2,1,0.6666666666666666,0.0,0.6666666666666666,63.61544963485747,1.2069489608125767
8633,3,52,29140,14,52,0,0,-1,1,0,0.0,0.0,1.0,0.0,0.0
8634,1,52,12952,14,52,0,1,-1,1,0,1.0,0.0,1.0,0.6931471805599453,0.0
8635,11,171,43720,14,171,0,0,-1,1,0,0.0,0.0,1.0,0.0,0.0
8636,1,127,41524,14,127,0,1,-1,1,0,0.6666666666666666,0.0,1.0,6.473890696352275,0.0
8637,3,127,41524,14,127,0,0,-1,1,0,0.0,0.0,1.0,0.0,0.0
8638,1,127,65608,14,127,1,1,-1,2,1,0.7333333333333334,0.0,0.6666666666666666,1.0986122886681098,1.206948960812582
8639,55,109,897856,14,109,0,0,-1,1,0,0.0,0.0,1.0,0.0,0.0
8640,1,47,8640,14,47,0,1,47,1,0,0.8,0.0,1.0,56.85387686605343,0.0
8641,3,171,27700,14,171,0,0,-1,1,0,0.0,0.0,1.0,0.0,0.0
8642,1,171,83104,14,171,0,1,-1,1,0,1.0,0.0,1.0,0.6931471805599453,0.0
8643,6,171,83104,14,171,0,0,-1,1,0,0.0,0.0,1.0,0.0,0.0
8644,1,34,8644,14,34,1,1,34,2,1,0.6666666666666666,0.0,0.6666666666666666,41.826653931669085,1.2069489608125612
8645,3,34,25936,14,34,0,0,-1,1,0,0.0,0.0,1.0,0.0,0.0
8646,1,34,19456,14,34,0,1,-1,1,0,1.0,0.0,1.0,0.6931471805599453,0.0
8647,13,52,58372,14,52,0,0,-1,1,0,0.0,0.0,1.0,0.0,0.0
8648,1,140,9232,14,140,0,1,140,1,0,0.6666666666666666,0.0,1.0,170.53210261025885,0.0
8649,3,52,43792,14,52,0,0,-1,1,0,0.0,0.0,1.0,0.0,0.0
8650,1,140,12976,14,140,1,1,-1,2,1,0.7333333333333334,0.0,0.6666666666666666,1.0986122886681098,1.206948960812582
8651,8,52,38932,14,52,0,0,-1,1,0,0.0,0.0,1.0,0.0,0.0
8652,1,140,9736,14,140,0,1,140,1,0,0.8,0.0,1.0,169.95673846535527,0.0
8653,3,140,25960,14,140,0,0,-1,1,0,0.0,0.0,1.0,0.0,0.0
8654,1,171,49300,14,171,0,1,-1,1,0,1.0,0.0,1.0,0.6931471805599453,0.0
8655,19,171,87640,14,171,0,0,-1,1,0,0.0,0.0,1.0,0.0,0.0
8656,1,47,8656,14,47,1,1,47,2,1,0.6666666666666666,0.0,0.6666666666666666,57.83470611906516,1.2069489608125767
8657,3,140,25972,14,140,0,0,-1,1,0,0.0,0.0,1.0,0.0,0.0
8658,1,52,32884,14,52,0,1,-1,1,0,1.0,0.0,1.0,0.6931471805599453,0.0
8659,6,52,38968,14,52,0,0,-1,1,0,0.0,0.0,1.0,0.0,0.0
8660,1,47,8660,14,47,0,1,47,1,0,0.6666666666666666,0.0,1.0,57.42924101095699,0.0
8661,3,47,25984,14,47,0,0,-1,1,0,0.0,0.0,1.0,0.0,0.0
8662,1,127,24676,14,127,1,1,-1,2,1,0.7333333333333334,0.0,0.6666666666666666,1.0986122886681098,1.206948960812582
8663,8,127,58480,14,127,0,0,-1,1,0,0.0,0.0,1.0,0.0,0.0
8664,1,140,9232,14,140,0,1,140,1,0,0.8,0.0,1.0,170.24442053780706,0.0
8665,3,140,29248,14,140,0,0,-1,1,0,0.0,0.0,1.0,0.0,0.0
8666,1,140,13000,14,140,0,1,-1,1,0,1.0,0.0,1.0,0.6931471805599453,0.0
8667,13,127,65824,14,127,0,0,-1,1,0,0.0,0.0,1.0,0.0,0.0
8668,1,140,14632,14,140,1,1,-1,2,1,0.6666666666666666,0.0,0.6666666666666666,6.591673732008659,1.2069489608125827
8669,3,140,26008,14,140,0,0,-1,1,0,0.0,0.0,1.0,0.0,0.0
8670,1,65,166696,14,65,0,1,-1,1,0,1.0,0.0,1.0,0.6931471805599453,0.0
8671,26,65,166696,14,65,0,0,-1,1,0,0.0,0.0,1.0,0.0,0.0
8672,1,47,8672,14,47,0,1,47,1,0,0.6666666666666666,0.0,1.0,57.71692308340877,0.0
8673,3,140,49408,14,140,0,0,-1,1,0,0.0,0.0,1.0,0.0,0.0
8674,1,47,13012,14,47,1,1,-1,2,1,0.7333333333333334,0.0,0.6666666666666666,1.0986122886681098,1.206948960812582
8675,6,47,39040,14,47,0,0,-1,1,0,0.0,0.0,1.0,0.0,0.0
8676,1,78,13912,14,78,0,1,-1,1,0,0.8,0.0,1.0,15.26278900569715,0.0
8677,3,78,26032,14,78,0,0,-1,1,0,0.0,0.0,1.0,0.0,0.0
8678,1,78,19528,14,78,0,1,-1,1,0,1.0,0.0,1.0,0.6931471805599453,0.0
8679,52,171,400948,14,171,0,0,-1,1,0,0.0,0.0,1.0,0.0,0.0
8680,1,47,8680,14,47,1,1,47,2,1,0.6666666666666666,0.0,0.6666666666666666,58.12238819151694,1.2069489608125767
8681,3,78,74176,14,78,0,0,-1,1,0,0.0,0.0,1.0,0.0,0.0
8682,1,47,13024,14,47,0,1,-1,1,0,1.0,0.0,1.0,0.6931471805599453,0.0
8683,8,109,281716,14,109,0,0,-1,1,0,0.0,0.0,1.0,0.0,0.0
8684,1,52,10996,14,52,0,1,-1,1,0,0.6666666666666666,0.0,1.0,9.769727562356604,0.0
8685,3,52,26056,14,52,0,0,-1,1,0,0.0,0.0,1.0,0.0,0.0
8686,1,52,29320,14,52,1,1,-1,2,1,0.7333333333333334,0.0,0.6666666666666666,1.0986122886681098,1.206948960812582
8687,50,109,250504,14,109,0,0,-1,1,0,0.0,0.0,1.0,0.0,0.0
8688,1,140,9232,14,140,0,1,140,1,0,0.8,0.0,1.0,169.6690563929035,0.0
8689,3,47,26068,14,47,0,0,-1,1,0,0.0,0.0,1.0,0.0,0.0
8690,1,52,20896,14,52,0,1,-1,1,0,1.0,0.0,1.0,0.6931471805599453,0.0
8691,6,52,39112,14,52,0,0,-1,1,0,0.0,0.0,1.0,0.0,0.0
8692,1,140,9232,14,140,1,1,140,2,1,0.6666666666666666,0.0,0.6666666666666666,170.07452150101167,1.2069489608125767
8693,3,140,26080,14,140,0,0,-1,1,0,0.0,0.0,1.0,0.0,0.0
8694,1,184,225988,14,184,0,1,-1,1,0,1.0,0.0,1.0,0.6931471805599453,0.0
8695,8,184,225988,14,184,0,0,-1,1,0,0.0,0.0,1.0,0.0,0.0
8696,1,140,24784,14,140,0,1,-1,1,0,0.6666666666666666,0.0,1.0,10.345091707260165,0.0
8697,3,202,190996,14,202,0,0,-1,1,0,0.0,0.0,1.0,0.0,0.0
8698,1,140,24784,14,140,1,1,-1,2,1,0.7333333333333334,0.0,0.6666666666666666,1.0986122886681098,1.206948960812582
8699,16,202,190996,14,202,0,0,-1,1,0,0.0,0.0,1.0,0.0,0.0
8700,1,78,74356,14,78,0,1,-1,1,0,0.8,0.0,1.0,6.1862086239004945,0.0
8701,3,78,74356,14,78,0,0,-1,1,0,0.0,0.0,1.0,0.0,0.0
8702,1,78,223072,14,78,0,1,-1,1,0,1.0,0.0,1.0,0.6931471805599453,0.0
8703,44,109,952864,14,109,0,0,-1,1,0,0.0,0.0,1.0,0.0,0.0
8704,1,21,8704,14,21,1,1,21,2,1,0.6666666666666666,0.0,0.6666666666666666,26.39396588917653,1.2069489608125925
8705,3,171,26116,14,171,0,0,-1,1,0,0.0,0.0,1.0,0.0,0.0
8706,1,140,13060,14,140,0,1,-1,1,0,1.0,0.0,1.0,0.6931471805599453,0.0
8707,6,140,39184,14,140,0,0,-1,1,0,0.0,0.0,1.0,0.0,0.0
8708,1,140,9232,14,140,0,1,140,1,0,0.6666666666666666,0.0,1.0,170.24442053780706,0.0
8709,3,140,26128,14,140,0,0,-1,1,0,0.0,0.0,1.0,0.0,0.0
8710,1,140,19600,14,140,1,1,-1,2,1,0.7333333333333334,0.0,0.6666666666666666,1.0986122886681098,1.206948960812582
8711,11,109,58804,14,109,0,0,-1,1,0,0.0,0.0,1.0,0.0,0.0
8712,1,47,8712,14,47,0,1,47,1,0,0.8,0.0,1.0,57.14155893850521,0.0
8713,3,140,44116,14,140,0,0,-1,1,0,0.0,0.0,1.0,0.0,0.0
8714,1,47,13072,14,47,0,1,-1,1,0,1.0,0.0,1.0,0.6931471805599453,0.0
8715,8,140,39220,14,140,0,0,-1,1,0,0.0,0.0,1.0,0.0,0.0
8716,1,47,9808,14,47,1,1,47,2,1,0.6666666666666666,0.0,0.6666666666666666,57.2593419741616,1.2069489608125767
8717,3,47,26152,14,47,0,0,-1,1,0,0.0,0.0,1.0,0.0,0.0
8718,1,171,29428,14,171,0,1,-1,1,0,1.0,0.0,1.0,0.6931471805599453,0.0
8719,11,171,88288,14,171,0,0,-1,1,0,0.0,0.0,1.0,0.0,0.0
8720,1,47,8720,14,47,0,1,47,1,0,0.6666666666666666,0.0,1.0,57.71692308340877,0.0
8721,3,47,26164,14,47,0,0,-1,1,0,0.0,0.0,1.0,0.0,0.0
8722,1,140,22084,14,140,1,1,-1,2,1,0.7333333333333334,0.0,0.6666666666666666,1.0986122886681098,1.206948960812582
8723,6,140,39256,14,140,0,0,-1,1,0,0.0,0.0,1.0,0.0,0.0
8724,1,47,8724,14,47,0,1,47,1,0,0.8,0.0,1.0,57.14155893850521,0.0
8725,3,47,26176,14,47,0,0,-1,1,0,0.0,0.0,1.0,0.0,0.0
8726,1,140,19636,14,140,0,1,-1,1,0,1.0,0.0,1.0,0.6931471805599453,0.0
8727,8,140,58912,14,140,0,0,-1,1,0,0.0,0.0,1.0,0.0,0.0
8728,1,47,8728,14,47,1,1,47,2,1,0.6666666666666666,0.0,0.6666666666666666,58.12238819151693,1.2069489608125925
8729,3,140,29464,14,140,0,0,-1,1,0,0.0,0.0,1.0,0.0,0.0
8730,1,47,13096,14,47,0,1,-1,1,0,1.0,0.0,1.0,0.6931471805599453,0.0
8731,21,127,149200,14,127,0,0,-1,1,0,0.0,0.0,1.0,0.0,0.0
8732,1,140,14740,14,140,0,1,-1,1,0,0.6666666666666666,0.0,1.0,6.473890696352275,0.0
8733,3,140,26200,14,140,0,0,-1,1,0,0.0,0.0,1.0,0.0,0.0
8734,1,140,44224,14,140,1,1,-1,2,1,0.7333333333333334,0.0,0.6666666666666666,1.0986122886681098,1.206948960812582
8735,21,140,132676,14,140,0,0,-1,1,0,0.0,0.0,1.0,0.0,0.0
8736,1,34,8736,14,34,0,1,34,1,0,0.8,0.0,1.0,41.42118882356092,0.0
8737,3,140,26212,14,140,0,0,-1,1,0,0.0,0.0,1.0,0.0,0.0
8738,1,47,13108,14,47,0,1,-1,1,0,1.0,0.0,1.0,0.6931471805599453,0.0
8739,6,47,39328,14,47,0,0,-1,1,0,0.0,0.0,1.0,0.0,0.0
8740,1,109,95956,14,109,1,1,-1,2,1,0.6666666666666666,0.0,0.6666666666666666,10.175192670464769,1.2069489608125807
8741,3,109,95956,14,109,0,0,-1,1,0,0.0,0.0,1.0,0.0,0.0
8742,1,109,95956,14,109,0,1,-1,1,0,1.0,0.0,1.0,0.6931471805599453,0.0
8743,13,109,95956,14,109,0,0,-1,1,0,0.0,0.0,1.0,0.0,0.0
8744,1,34,8744,14,34,0,1,34,1,0,0.6666666666666666,0.0,1.0,41.99655296846448,0.0
8745,3,52,112084,14,52,0,0,-1,1,0,0.0,0.0,1.0,0.0,0.0
8746,1,34,13120,14,34,1,1,-1,2,1,0.7333333333333334,0.0,0.6666666666666666,1.0986122886681098,1.206948960812582
8747,8,47,39364,14,47,0,0,-1,1,0,0.0,0.0,1.0,0.0,0.0
8748,1,78,10528,14,78,0,1,-1,1,0,0.8,0.0,1.0,25.202415604849158,0.0
8749,3,78,26248,14,78,0,0,-1,1,0,0.0,0.0,1.0,0.0,0.0
8750,1,78,29536,14,78,0,1,-1,1,0,1.0,0.0,1.0,0.6931471805599453,0.0
8751,32,52,189268,14,52,0,0,-1,1,0,0.0,0.0,1.0,0.0,0.0
8752,1,34,8752,14,34,1,1,34,2,1,0.6666666666666666,0.0,0.6666666666666666,42.402018076572645,1.2069489608125767
8753,3,78,26260,14,78,0,0,-1,1,0,0.0,0.0,1.0,0.0,0.0
8754,1,78,14776,14,78,0,1,-1,1,0,1.0,0.0,1.0,0.6931471805599453,0.0
8755,6,78,39400,14,78,0,0,-1,1,0,0.0,0.0,1.0,0.0,0.0
8756,1,34,8756,14,34,0,1,34,1,0,0.6666666666666666,0.0,1.0,41.99655296846448,0.0
8757,3,34,26272,14,34,0,0,-1,1,0,0.0,0.0,1.0,0.0,0.0
8758,1,215,250504,14,215,1,1,-1,2,1,0.7333333333333334,0.0,0.6666666666666666,1.0986122886681098,1.206948960812582
8759,8,215,250504,14,215,0,0,-1,1,0,0.0,0.0,1.0,0.0,0.0
8760,1,78,8760,14,78,0,1,78,1,0,0.8,0.0,1.0,94.3630426841862,0.0
8761,3,65,94768,14,65,0,0,-1,1,0,0.0,0.0,1.0,0.0,0.0
8762,1,78,13144,14,78,0,1,-1,1,0,1.0,0.0,1.0,0.6931471805599453,0.0
8763,11,47,44368,14,47,0,0,-1,1,0,0.0,0.0,1.0,0.0,0.0
8764,1,78,22192,14,78,1,1,-1,2,1,0.6666666666666666,0.0,0.6666666666666666,6.591673732008659,1.2069489608125827
8765,3,78,26296,14,78,0,0,-1,1,0,0.0,0.0,1.0,0.0,0.0
8766,1,78,66580,14,78,0,1,-1,1,0,1.0,0.0,1.0,0.6931471805599453,0.0
8767,16,78,199744,14,78,0,0,-1,1,0,0.0,0.0,1.0,0.0,0.0
8768,1,96,9232,14,96,0,1,96,1,0,0.6666666666666666,0.0,1.0,117.30256667718174,0.0
8769,3,140,26308,14,140,0,0,-1,1,0,0.0,0.0,1.0,0.0,0.0
8770,1,140,13156,14,140,1,1,-1,2,1,0.7333333333333334,0.0,0.6666666666666666,1.0986122886681098,1.206948960812582
8771,6,140,39472,14,140,0,0,-1,1,0,0.0,0.0,1.0,0.0,0.0
8772,1,140,9232,14,140,0,1,140,1,0,0.8,0.0,1.0,170.53210261025885,0.0
8773,3,140,26320,14,140,0,0,-1,1,0,0.0,0.0,1.0,0.0,0.0
8774,1,140,19744,14,140,0,1,-1,1,0,1.0,0.0,1.0,0.6931471805599453,0.0
8775,16,140,59236,14,140,0,0,-1,1,0,0.0,0.0,1.0,0.0,0.0
8776,1,140,9232,14,140,1,1,140,2,1,0.6666666666666666,0.0,0.6666666666666666,171.2252497908188,1.2069489608125767
8777,3,140,44440,14,140,0,0,-1,1,0,0.0,0.0,1.0,0.0,0.0
8778,1,140,13168,14,140,0,1,-1,1,0,1.0,0.0,1.0,0.6931471805599453,0.0
8779,8,140,39508,14,140,0,0,-1,1,0,0.0,0.0,1.0,0.0,0.0
8780,1,140,9880,14,140,0,1,140,1,0,0.6666666666666666,0.0,1.0,170.53210261025885,0.0
8781,3,140,26344,14,140,0,0,-1,1,0,0.0,0.0,1.0,0.0,0.0
8782,1,171,33352,14,171,1,1,-1,2,1,0.7333333333333334,0.0,0.6666666666666666,1.0986122886681098,1.206948960812582
8783,13,171,88936,14,171,0,0,-1,1,0,0.0,0.0,1.0,0.0,0.0
8784,1,96,9232,14,96,0,1,96,1,0,0.8,0.0,1.0,116.72720253227818,0.0
8785,3,140,26356,14,140,0,0,-1,1,0,0.0,0.0,1.0,0.0,0.0
8786,1,140,50056,14,140,0,1,-1,1,0,1.0,0.0,1.0,0.6931471805599453,0.0
8787,6,140,50056,14,140,0,0,-1,1,0,0.0,0.0,1.0,0.0,0.0
8788,1,96,9232,14,96,1,1,96,2,1,0.6666666666666666,0.0,0.6666666666666666,117.13266764038634,1.2069489608125767
8789,3,96,26368,14,96,0,0,-1,1,0,0.0,0.0,1.0,0.0,0.0
8790,1,127,19780,14,127,0,1,-1,1,0,1.0,0.0,1.0,0.6931471805599453,0.0
8791,8,127,59344,14,127,0,0,-1,1,0,0.0,0.0,1.0,0.0,0.0
8792,1,34,8792,14,34,0,1,34,1,0,0.6666666666666666,0.0,1.0,41.99655296846448,0.0
8793,3,127,42280,14,127,0,0,-1,1,0,0.0,0.0,1.0,0.0,0.0
8794,1,34,13192,14,34,1,1,-1,2,1,0.7333333333333334,0.0,0.6666666666666666,1.0986122886681098,1.206948960812582
8795,24,127,84544,14,127,0,0,-1,1,0,0.0,0.0,1.0,0.0,0.0
8796,1,34,14848,14,34,0,1,-1,1,0,0.8,0.0,1.0,6.1862086239004945,0.0
8797,3,34,26392,14,34,0,0,-1,1,0,0.0,0.0,1.0,0.0,0.0
8798,1,101,67768,14,101,0,1,-1,1,0,1.0,0.0,1.0,0.6931471805599453,0.0
8799,13,101,133648,14,101,0,0,-1,1,0,0.0,0.0,1.0,0.0,0.0
8800,1,96,9232,14,96,1,1,96,2,1,0.6666666666666666,0.0,0.6666666666666666,117.70803178528992,1.2069489608125767
8801,3,78,33424,14,78,0,0,-1,1,0,0.0,0.0,1.0,0.0,0.0
8802,1,140,13204,14,140,0,1,-1,1,0,1.0,0.0,1.0,0.6931471805599453,0.0
8803,6,140,39616,14,140,0,0,-1,1,0,0.0,0.0,1.0,0.0,0.0
8804,1,140,9232,14,140,0,1,140,1,0,0.6666666666666666,0.0,1.0,170.53210261025885,0.0
8805,3,140,26416,14,140,0,0,-1,1,0,0.0,0.0,1.0,0.0,0.0
8806,1,140,19816,14,140,1,1,-1,2,1,0.7333333333333334,0.0,0.6666666666666666,1.0986122886681098,1.206948960812582
8807,19,78,150496,14,78,0,0,-1,1,0,0.0,0.0,1.0,0.0,0.0
8808,1,96,9232,14,96,0,1,96,1,0,0.8,0.0,1.0,117.01488460472997,0.0
8809,3,78,66904,14,78,0,0,-1,1,0,0.0,0.0,1.0,0.0,0.0
8810,1,96,13216,14,96,0,1,-1,1,0,1.0,0.0,1.0,0.6931471805599453,0.0
8811,8,52,39652,14,52,0,0,-1,1,0,0.0,0.0,1.0,0.0,0.0
8812,1,52,25108,14,52,1,1,-1,2,1,0.6666666666666666,0.0,0.6666666666666666,9.887510598012987,1.2069489608125807
8813,3,52,26440,14,52,0,0,-1,1,0,0.0,0.0,1.0,0.0,0.0
8814,1,52,29752,14,52,0,1,-1,1,0,1.0,0.0,1.0,0.6931471805599453,0.0
8815,21,52,100420,14,52,0,0,-1,1,0,0.0,0.0,1.0,0.0,0.0
8816,1,47,8816,14,47,0,1,47,1,0,0.6666666666666666,0.0,1.0,58.00460515586055,0.0
8817,3,96,26452,14,96,0,0,-1,1,0,0.0,0.0,1.0,0.0,0.0
8818,1,78,80512,14,78,1,1,-1,2,1,0.7333333333333334,0.0,0.6666666666666666,1.0986122886681098,1.206948960812582
8819,6,78,80512,14,78,0,0,-1,1,0,0.0,0.0,1.0,0.0,0.0
8820,1,47,8820,14,47,0,1,47,1,0,0.8,0.0,1.0,57.42924101095699,0.0
8821,3,47,26464,14,47,0,0,-1,1,0,0.0,0.0,1.0,0.0,0.0
8822,1,47,22336,14,47,0,1,-1,1,0,1.0,0.0,1.0,0.6931471805599453,0.0
8823,8,47,59560,14,47,0,0,-1,1,0,0.0,0.0,1.0,0.0,0.0
8824,1,47,11176,14,47,1,1,-1,2,1,0.6666666666666666,0.0,0.6666666666666666,10.750556815368329,1.2069489608125845
8825,3,140,50272,14,140,0,0,-1,1,0,0.0,0.0,1.0,0.0,0.0
8826,1,47,13240,14,47,0,1,-1,1,0,1.0,0.0,1.0,0.6931471805599453,0.0
8827,13,122,44692,14,122,0,0,-1,1,0,0.0,0.0,1.0,0.0,0.0
8828,1,171,190996,14,171,0,1,-1,1,0,0.6666666666666666,0.0,1.0,6.473890696352275,0.0
8829,3,171,190996,14,171,0,0,-1,1,0,0.0,0.0,1.0,0.0,0.0
8830,1,171,190996,14,171,1,1,-1,2,1,0.7333333333333334,0.0,0.6666666666666666,1.0986122886681098,1.206948960812582
8831,37,122,381976,14,122,0,0,-1,1,0,0.0,0.0,1.0,0.0,0.0
8832,1,21,8832,14,21,0,1,21,1,0,0.8,0.0,1.0,25.125454563713028,0.0
8833,3,78,37744,14,78,0,0,-1,1,0,0.0,0.0,1.0,0.0,0.0
8834,1,96,13252,14,96,0,1,-1,1,0,1.0,0.0,1.0,0.6931471805599453,0.0
8835,6,96,39760,14,96,0,0,-1,1,0,0.0,0.0,1.0,0.0,0.0
8836,1,78,9448,14,78,1,1,78,2,1,0.6666666666666666,0.0,0.6666666666666666,95.05618986474613,1.2069489608125767
8837,3,78,26512,14,78,0,0,-1,1,0,0.0,0.0,1.0,0.0,0.0
8838,1,78,19888,14,78,0,1,-1,1,0,1.0,0.0,1.0,0.6931471805599453,0.0
8839,11,78,59668,14,78,0,0,-1,1,0,0.0,0.0,1.0,0.0,0.0
8840,1,96,9232,14,96,0,1,96,1,0,0.6666666666666666,0.0,1.0,117.30256667718174,0.0
8841,3,140,75544,14,140,0,0,-1,1,0,0.0,0.0,1.0,0.0,0.0
8842,1,96,13264,14,96,1,1,-1,2,1,0.7333333333333334,0.0,0.6666666666666666,1.0986122886681098,1.206948960812582
8843,8,78,39796,14,78,0,0,-1,1,0,0.0,0.0,1.0,0.0,0.0
8844,1,96,9952,14,96,0,1,96,1,0,0.8,0.0,1.0,116.72720253227818,0.0
8845,3,96,26536,14,96,0,0,-1,1,0,0.0,0.0,1.0,0.0,0.0
8846,1,78,85048,14,78,0,1,-1,1,0,1.0,0.0,1.0,0.6931471805599453,0.0
8847,11,78,89584,14,78,0,0,-1,1,0,0.0,0.0,1.0,0.0,0.0
8848,1,140,9232,14,140,1,1,140,2,1,0.6666666666666666,0.0,0.6666666666666666,170.36220357346346,1.2069489608125767
8849,3,47,26548,14,47,0,0,-1,1,0,0.0,0.0,1.0,0.0,0.0
8850,1,47,22408,14,47,0,1,-1,1,0,1.0,0.0,1.0,0.6931471805599453,0.0
8851,6,47,39832,14,47,0,0,-1,1,0,0.0,0.0,1.0,0.0,0.0
8852,1,140,9232,14,140,0,1,140,1,0,0.6666666666666666,0.0,1.0,169.9567384653553,0.0
8853,3,140,26560,14,140,0,0,-1,1,0,0.0,0.0,1.0,0.0,0.0
8854,1,96,19924,14,96,1,1,-1,2,1,0.7333333333333334,0.0,0.6666666666666666,1.0986122886681098,1.206948960812582
8855,8,96,59776,14,96,0,0,-1,1,0,0.0,0.0,1.0,0.0,0.0
8856,1,140,9232,14,140,0,1,140,1,0,0.8,0.0,1.0,169.9567384653553,0.0
8857,3,109,45520,14,109,0,0,-1,1,0,0.0,0.0,1.0,0.0,0.0
8858,1,140,13288,14,140,0,1,-1,1,0,1.0,0.0,1.0,0.6931471805599453,0.0
8859,42,78,255472,14,78,0,0,-1,1,0,0.0,0.0,1.0,0.0,0.0
8860,1,122,345544,14,122,1,1,-1,2,1,0.6666666666666666,0.0,0.6666666666666666,6.591673732008659,1.2069489608125827
8861,3,122,345544,14,122,0,0,-1,1,0,0.0,0.0,1.0,0.0,0.0
8862,1,122,345544,14,122,0,1,-1,1,0,1.0,0.0,1.0,0.6931471805599453,0.0
8863,26,78,227176,14,78,0,0,-1,1,0,0.0,0.0,1.0,0.0,0.0
8864,1,21,8864,14,21,0,1,21,1,0,0.6666666666666666,0.0,1.0,25.988500781068367,0.0
8865,3,171,182068,14,171,0,0,-1,1,0,0.0,0.0,1.0,0.0,0.0
8866,1,140,18952,14,140,1,1,-1,2,1,0.7333333333333334,0.0,0.6666666666666666,1.0986122886681098,1.206948960812582
8867,6,140,39904,14,140,0,0,-1,1,0,0.0,0.0,1.0,0.0,0.0
8868,1,78,95956,14,78,0,1,-1,1,0,0.8,0.0,1.0,9.769727562356604,0.0
8869,3,78,95956,14,78,0,0,-1,1,0,0.0,0.0,1.0,0.0,0.0
8870,1,78,95956,14,78,0,1,-1,1,0,1.0,0.0,1.0,0.6931471805599453,0.0
8871,21,78,75796,14,78,0,0,-1,1,0,0.0,0.0,1.0,0.0,0.0
8872,1,21,8872,14,21,1,1,21,2,1,0.6666666666666666,0.0,0.6666666666666666,26.39396588917653,1.2069489608125925
8873,3,171,575728,14,171,0,0,-1,1,0,0.0,0.0,1.0,0.0,0.0
8874,1,21,13312,14,21,0,1,-1,1,0,1.0,0.0,1.0,0.6931471805599453,0.0
8875,8,96,39940,14,96,0,0,-1,1,0,0.0,0.0,1.0,0.0,0.0
8876,1,96,9988,14,96,0,1,96,1,0,0.6666666666666666,0.0,1.0,115.86415631492284,0.0
8877,3,96,26632,14,96,0,0,-1,1,0,0.0,0.0,1.0,0.0,0.0
8878,1,96,29968,14,96,1,1,-1,2,1,0.7333333333333334,0.0,0.6666666666666666,1.0986122886681098,1.206948960812582
8879,13,171,89908,14,171,0,0,-1,1,0,0.0,0.0,1.0,0.0,0.0
8880,1,34,8880,14,34,0,1,34,1,0,0.8,0.0,1.0,41.42118882356092,0.0
8881,3,184,250504,14,184,0,0,-1,1,0,0.0,0.0,1.0,0.0,0.0
8882,1,184,250504,14,184,0,1,-1,1,0,1.0,0.0,1.0,0.6931471805599453,0.0
8883,6,184,250504,14,184,0,0,-1,1,0,0.0,0.0,1.0,0.0,0.0
8884,1,34,8884,14,34,1,1,34,2,1,0.6666666666666666,0.0,0.6666666666666666,41.82665393166908,1.2069489608125767
8885,3,34,26656,14,34,0,0,-1,1,0,0.0,0.0,1.0,0.0,0.0
8886,1,96,33748,14,96,0,1,-1,1,0,1.0,0.0,1.0,0.6931471805599453,0.0
8887,8,96,59992,14,96,0,0,-1,1,0,0.0,0.0,1.0,0.0,0.0
8888,1,34,8888,14,34,0,1,34,1,0,0.6666666666666666,0.0,1.0,41.42118882356092,0.0
8889,3,184,250504,14,184,0,0,-1,1,0,0.0,0.0,1.0,0.0,0.0
8890,1,34,13336,14,34,1,1,-1,2,1,0.7333333333333334,0.0,0.6666666666666666,1.0986122886681098,1.206948960812582
8891,11,70,45016,14,70,0,0,-1,1,0,0.0,0.0,1.0,0.0,0.0
8892,1,184,250504,14,184,0,1,-1,1,0,0.8,0.0,1.0,3.9889840465642745,0.0
8893,3,184,250504,14,184,0,0,-1,1,0,0.0,0.0,1.0,0.0,0.0
8894,1,184,250504,14,184,0,1,-1,1,0,1.0,0.0,1.0,0.6931471805599453,0.0
8895,44,70,486952,14,70,0,0,-1,1,0,0.0,0.0,1.0,0.0,0.0
8896,1,47,8896,14,47,1,1,47,2,1,0.6666666666666666,0.0,0.6666666666666666,58.12238819151694,1.2069489608125612
8897,3,34,26692,14,34,0,0,-1,1,0,0.0,0.0,1.0,0.0,0.0
8898,1,70,16900,14,70,0,1,-1,1,0,1.0,0.0,1.0,0.6931471805599453,0.0
8899,6,70,40048,14,70,0,0,-1,1,0,0.0,0.0,1.0,0.0,0.0
8900,1,140,9232,14,140,0,1,140,1,0,0.6666666666666666,0.0,1.0,170.24442053780706,0.0
8901,3,140,26704,14,140,0,0,-1,1,0,0.0,0.0,1.0,0.0,0.0
8902,1,140,20032,14,140,1,1,-1,2,1,0.7333333333333334,0.0,0.6666666666666666,1.0986122886681098,1.206948960812582
8903,13,96,60100,14,96,0,0,-1,1,0,0.0,0.0,1.0,0.0,0.0
8904,1,140,9232,14,140,0,1,140,1,0,0.8,0.0,1.0,170.53210261025885,0.0
8905,3,96,45088,14,96,0,0,-1,1,0,0.0,0.0,1.0,0.0,0.0
8906,1,140,13360,14,140,0,1,-1,1,0,1.0,0.0,1.0,0.6931471805599453,0.0
8907,8,96,40084,14,96,0,0,-1,1,0,0.0,0.0,1.0,0.0,0.0
8908,1,140,10024,14,140,1,1,-1,2,1,0.6666666666666666,0.0,0.6666666666666666,4.394449154672439,1.2069489608125827
8909,3,140,26728,14,140,0,0,-1,1,0,0.0,0.0,1.0,0.0,0.0
8910,1,96,114208,14,96,0,1,-1,1,0,1.0,0.0,1.0,0.6931471805599453,0.0
8911,21,96,114208,14,96,0,0,-1,1,0,0.0,0.0,1.0,0.0,0.0
8912,1,47,8912,14,47,0,1,47,1,0,0.6666666666666666,0.0,1.0,58.00460515586055,0.0
8913,3,47,26740,14,47,0,0,-1,1,0,0.0,0.0,1.0,0.0,0.0
8914,1,47,33856,14,47,1,1,-1,2,1,0.7333333333333334,0.0,0.6666666666666666,1.0986122886681098,1.206948960812582
8915,6,47,40120,14,47,0,0,-1,1,0,0.0,0.0,1.0,0.0,0.0
8916,1,47,8916,14,47,0,1,47,1,0,0.8,0.0,1.0,57.42924101095699,0.0
8917,3,47,26752,14,47,0,0,-1,1,0,0.0,0.0,1.0,0.0,0.0
8918,1,47,20068,14,47,0,1,-1,1,0,1.0,0.0,1.0,0.6931471805599453,0.0
8919,8,47,60208,14,47,0,0,-1,1,0,0.0,0.0,1.0,0.0,0.0
8920,1,96,14308,14,96,1,1,-1,2,1,0.6666666666666666,0.0,0.6666666666666666,21.736679702049432,1.2069489608125845
8921,3,140,30112,14,140,0,0,-1,1,0,0.0,0.0,1.0,0.0,0.0
8922,1,96,14308,14,96,0,1,-1,1,0,1.0,0.0,1.0,0.6931471805599453,0.0
8923,13,70,67768,14,70,0,0,-1,1,0,0.0,0.0,1.0,0.0,0.0
8924,1,96,15064,14,96,0,1,-1,1,0,0.6666666666666666,0.0,1.0,4.276666119016055,0.0
8925,3,96,26776,14,96,0,0,-1,1,0,0.0,0.0,1.0,0.0,0.0
8926,1,47,50848,14,47,1,1,-1,2,1,0.7333333333333334,0.0,0.6666666666666666,1.0986122886681098,1.206948960812582
8927,16,47,135592,14,47,0,0,-1,1,0,0.0,0.0,1.0,0.0,0.0
8928,1,47,8928,14,47,0,1,47,1,0,0.8,0.0,1.0,57.42924101095699,0.0
8929,3,96,85840,14,96,0,0,-1,1,0,0.0,0.0,1.0,0.0,0.0
8930,1,47,13396,14,47,0,1,-1,1,0,1.0,0.0,1.0,0.6931471805599453,0.0
8931,6,47,40192,14,47,0,0,-1,1,0,0.0,0.0,1.0,0.0,0.0
8932,1,140,9232,14,140,1,1,140,2,1,0.6666666666666666,0.0,0.6666666666666666,170.07452150101167,1.2069489608125767
8933,3,140,26800,14,140,0,0,-1,1,0,0.0,0.0,1.0,0.0,0.0
8934,1,140,20104,14,140,0,1,-1,1,0,1.0,0.0,1.0,0.6931471805599453,0.0
8935,47,109,1100608,14,109,0,0,-1,1,0,0.0,0.0,1.0,0.0,0.0
8936,1,47,8936,14,47,0,1,47,1,0,0.6666666666666666,0.0,1.0,58.00460515586055,0.0
8937,3,96,85912,14,96,0,0,-1,1,0,0.0,0.0,1.0,0.0,0.0
8938,1,47,13408,14,47,1,1,-1,2,1,0.7333333333333334,0.0,0.6666666666666666,1.0986122886681098,1.206948960812582
8939,8,122,50920,14,122,0,0,-1,1,0,0.0,0.0,1.0,0.0,0.0
8940,1,47,11320,14,47,0,1,-1,1,0,0.8,0.0,1.0,3.9889840465642745,0.0
8941,3,47,26824,14,47,0,0,-1,1,0,0.0,0.0,1.0,0.0,0.0
8942,1,47,30184,14,47,0,1,-1,1,0,1.0,0.0,1.0,0.6931471805599453,0.0
8943,50,153,619648,14,153,0,0,-1,1,0,0.0,0.0,1.0,0.0,0.0
8944,1,91,8944,14,91,1,1,91,2,1,0.6666666666666666,0.0,0.6666666666666666,110.20119583478692,1.2069489608125767
8945,3,47,26836,14,47,0,0,-1,1,0,0.0,0.0,1.0,0.0,0.0
8946,1,96,86020,14,96,0,1,-1,1,0,1.0,0.0,1.0,0.6931471805599453,0.0
8947,6,96,86020,14,96,0,0,-1,1,0,0.0,0.0,1.0,0.0,0.0
8948,1,91,8948,14,91,0,1,91,1,0,0.6666666666666666,0.0,1.0,109.79573072667874,0.0
8949,3,91,26848,14,91,0,0,-1,1,0,0.0,0.0,1.0,0.0,0.0
8950,1,140,22660,14,140,1,1,-1,2,1,0.7333333333333334,0.0,0.6666666666666666,1.0986122886681098,1.206948960812582
8951,8,140,60424,14,140,0,0,-1,1,0,0.0,0.0,1.0,0.0,0.0
8952,1,91,17008,14,91,0,1,-1,1,0,0.8,0.0,1.0,9.769727562356604,0.0
8953,3,140,34000,14,140,0,0,-1,1,0,0.0,0.0,1.0,0.0,0.0
8954,1,91,17008,14,91,0,1,-1,1,0,1.0,0.0,1.0,0.6931471805599453,0.0
8955,29,96,76516,14,96,0,0,-1,1,0,0.0,0.0,1.0,0.0,0.0
8956,1,140,51028,14,140,1,1,-1,2,1,0.6666666666666666,0.0,0.6666666666666666,4.394449154672439,1.2069489608125827
8957,3,140,51028,14,140,0,0,-1,1,0,0.0,0.0,1.0,0.0,0.0
8958,1,140,153088,14,140,0,1,-1,1,0,1.0,0.0,1.0,0.6931471805599453,0.0
8959,112,246,497176,14,246,0,0,-1,1,0,0.0,0.0,1.0,0.0,0.0
8960,1,21,8960,14,21,0,1,21,1,0,0.6666666666666666,0.0,1.0,26.27618285352015,0.0
8961,3,47,26884,14,47,0,0,-1,1,0,0.0,0.0,1.0,0.0,0.0
8962,1,47,13444,14,47,1,1,-1,2,1,0.7333333333333334,0.0,0.6666666666666666,1.0986122886681098,1.206948960812582
8963,6,47,40336,14,47,0,0,-1,1,0,0.0,0.0,1.0,0.0,0.0
8964,1,47,8964,14,47,0,1,47,1,0,0.8,0.0,1.0,56.85387686605343,0.0
8965,3,47,26896,14,47,0,0,-1,1,0,0.0,0.0,1.0,0.0,0.0
8966,1,47,20176,14,47,0,1,-1,1,0,1.0,0.0,1.0,0.6931471805599453,0.0
8967,11,140,60532,14,140,0,0,-1,1,0,0.0,0.0,1.0,0.0,0.0
8968,1,47,8968,14,47,1,1,47,2,1,0.6666666666666666,0.0,0.6666666666666666,58.12238819151694,1.2069489608125612
8969,3,52,45412,14,52,0,0,-1,1,0,0.0,0.0,1.0,0.0,0.0
8970,1,47,13456,14,47,0,1,-1,1,0,1.0,0.0,1.0,0.6931471805599453,0.0
8971,8,140,40372,14,140,0,0,-1,1,0,0.0,0.0,1.0,0.0,0.0
8972,1,47,10096,14,47,0,1,-1,1,0,0.6666666666666666,0.0,1.0,4.276666119016055,0.0
8973,3,47,26920,14,47,0,0,-1,1,0,0.0,0.0,1.0,0.0,0.0
8974,1,47,30292,14,47,1,1,-1,2,1,0.7333333333333334,0.0,0.6666666666666666,1.0986122886681098,1.206948960812582
8975,11,47,90880,14,47,0,0,-1,1,0,0.0,0.0,1.0,0.0,0.0
8976,1,47,8976,14,47,0,1,47,1,0,0.8,0.0,1.0,57.42924101095699,0.0
8977,3,47,26932,14,47,0,0,-1,1,0,0.0,0.0,1.0,0.0,0.0
8978,1,91,25576,14,91,0,1,-1,1,0,1.0,0.0,1.0,0.6931471805599453,0.0
8979,6,91,40408,14,91,0,0,-1,1,0,0.0,0.0,1.0,0.0,0.0
8980,1,47,8980,14,47,1,1,47,2,1,0.6666666666666666,0.0,0.6666666666666666,57.83470611906515,1.2069489608125767
8981,3,47,26944,14,47,0,0,-1,1,0,0.0,0.0,1.0,0.0,0.0
8982,1,184,138400,14,184,0,1,-1,1,0,1.0,0.0,1.0,0.6931471805599453,0.0
8983,8,184,138400,14,184,0,0,-1,1,0,0.0,0.0,1.0,0.0,0.0
8984,1,47,8984,14,47,0,1,47,1,0,0.6666666666666666,0.0,1.0,57.71692308340877,0.0
8985,3,184,138400,14,184,0,0,-1,1,0,0.0,0.0,1.0,0.0,0.0
8986,1,47,13480,14,47,1,1,-1,2,1,0.7333333333333334,0.0,0.6666666666666666,1.0986122886681098,1.206948960812582
8987,39,91,345544,14,91,0,0,-1,1,0,0.0,0.0,1.0,0.0,0.0
8988,1,78,15172,14,78,0,1,-1,1,0,0.8,0.0,1.0,3.9889840465642745,0.0
8989,3,78,26968,14,78,0,0,-1,1,0,0.0,0.0,1.0,0.0,0.0
8990,1,78,45520,14,78,0,1,-1,1,0,1.0,0.0,1.0,0.6931471805599453,0.0
8991,21,140,136564,14,140,0,0,-1,1,0,0.0,0.0,1.0,0.0,0.0
8992,1,47,8992,14,47,1,1,47,2,1,0.6666666666666666,0.0,0.6666666666666666,58.41007026396871,1.2069489608125925
8993,3,78,26980,14,78,0,0,-1,1,0,0.0,0.0,1.0,0.0,0.0
8994,1,47,13492,14,47,0,1,-1,1,0,1.0,0.0,1.0,0.6931471805599453,0.0
8995,6,47,40480,14,47,0,0,-1,1,0,0.0,0.0,1.0,0.0,0.0
8996,1,47,11392,14,47,0,1,-1,1,0,0.6666666666666666,0.0,1.0,9.769727562356604,0.0
8997,3,47,26992,14,47,0,0,-1,1,0,0.0,0.0,1.0,0.0,0.0
8998,1,47,20248,14,47,1,1,-1,2,1,0.7333333333333334,0.0,0.6666666666666666,1.0986122886681098,1.206948960812582
8999,13,184,129760,14,184,0,0,-1,1,0,0.0,0.0,1.0,0.0,0.0
9000,1,47,9000,14,47,0,1,47,1,0,0.8,0.0,1.0,57.71692308340877,0.0
9001,3,140,102544,14,140,0,0,-1,1,0,0.0,0.0,1.0,0.0,0.0
9002,1,47,13504,14,47,0,1,-1,1,0,1.0,0.0,1.0,0.6931471805599453,0.0
9003,8,78,40516,14,78,0,0,-1,1,0,0.0,0.0,1.0,0.0,0.0
9004,1,39,10132,14,39,1,1,-1,2,1,0.6666666666666666,0.0,0.6666666666666666,4.394449154672439,1.2069489608125827
9005,3,39,27016,14,39,0,0,-1,1,0,0.0,0.0,1.0,0.0,0.0
9006,1,39,30400,14,39,0,1,-1,1,0,1.0,0.0,1.0,0.6931471805599453,0.0
9007,16,78,91204,14,78,0,0,-1,1,0,0.0,0.0,1.0,0.0,0.0
9008,1,47,9008,14,47,0,1,47,1,0,0.6666666666666666,0.0,1.0,58.29228722831233,0.0
9009,3,39,27028,14,39,0,0,-1,1,0,0.0,0.0,1.0,0.0,0.0
9010,1,39,15208,14,39,1,1,-1,2,1,0.7333333333333334,0.0,0.6666666666666666,1.0986122886681098,1.206948960812582
9011,6,39,40552,14,39,0,0,-1,1,0,0.0,0.0,1.0,0.0,0.0
9012,1,47,9012,14,47,0,1,47,1,0,0.8,0.0,1.0,57.71692308340877,0.0
9013,3,47,27040,14,47,0,0,-1,1,0,0.0,0.0,1.0,0.0,0.0
9014,1,91,61720,14,91,0,1,-1,1,0,1.0,0.0,1.0,0.6931471805599453,0.0
9015,8,91,61720,14,91,0,0,-1,1,0,0.0,0.0,1.0,0.0,0.0
9016,1,140,21688,14,140,1,1,-1,2,1,0.6666666666666666,0.0,0.6666666666666666,15.955936186257095,1.2069489608125845
9017,3,39,30436,14,39,0,0,-1,1,0,0.0,0.0,1.0,0.0,0.0
9018,1,140,21688,14,140,0,1,-1,1,0,1.0,0.0,1.0,0.6931471805599453,0.0
9019,11,39,45664,14,39,0,0,-1,1,0,0.0,0.0,1.0,0.0,0.0
9020,1,140,22840,14,140,0,1,-1,1,0,0.6666666666666666,0.0,1.0,4.276666119016055,0.0
9021,3,140,27064,14,140,0,0,-1,1,0,0.0,0.0,1.0,0.0,0.0
9022,1,153,250504,14,153,1,1,-1,2,1,0.7333333333333334,0.0,0.6666666666666666,1.0986122886681098,1.206948960812582
9023,32,153,250504,14,153,0,0,-1,1,0,0.0,0.0,1.0,0.0,0.0
9024,1,21,9024,14,21,0,1,21,1,0,0.8,0.0,1.0,25.413136636164808,0.0
9025,3,47,27076,14,47,0,0,-1,1,0,0.0,0.0,1.0,0.0,0.0
9026,1,184,32560,14,184,0,1,-1,1,0,1.0,0.0,1.0,0.6931471805599453,0.0
9027,6,184,40624,14,184,0,0,-1,1,0,0.0,0.0,1.0,0.0,0.0
9028,1,39,9028,14,39,1,1,39,2,1,0.6666666666666666,0.0,0.6666666666666666,47.6073974474614,1.2069489608125767
9029,3,39,27088,14,39,0,0,-1,1,0,0.0,0.0,1.0,0.0,0.0
9030,1,39,20320,14,39,0,1,-1,1,0,1.0,0.0,1.0,0.6931471805599453,0.0
9031,39,184,146500,14,184,0,0,-1,1,0,0.0,0.0,1.0,0.0,0.0
9032,1,39,9032,14,39,0,1,39,1,0,0.6666666666666666,0.0,1.0,47.489614411805015,0.0
9033,3,47,45736,14,47,0,0,-1,1,0,0.0,0.0,1.0,0.0,0.0
9034,1,39,13552,14,39,1,1,-1,2,1,0.7333333333333334,0.0,0.6666666666666666,1.0986122886681098,1.206948960812582
9035,8,39,40660,14,39,0,0,-1,1,0,0.0,0.0,1.0,0.0,0.0
9036,1,39,10168,14,39,0,1,-1,1,0,0.8,0.0,1.0,3.9889840465642745,0.0
9037,3,39,27112,14,39,0,0,-1,1,0,0.0,0.0,1.0,0.0,0.0
9038,1,91,34324,14,91,0,1,-1,1,0,1.0,0.0,1.0,0.6931471805599453,0.0
9039,13,91,91528,14,91,0,0,-1,1,0,0.0,0.0,1.0,0.0,0.0
9040,1,21,9040,14,21,1,1,21,2,1,0.6666666666666666,0.0,0.6666666666666666,26.393965889176535,1.2069489608125845
9041,3,184,48904,14,184,0,0,-1,1,0,0.0,0.0,1.0,0.0,0.0
9042,1,184,77272,14,184,0,1,-1,1,0,1.0,0.0,1.0,0.6931471805599453,0.0
9043,6,184,77272,14,184,0,0,-1,1,0,0.0,0.0,1.0,0.0,0.0
9044,1,21,9044,14,21,0,1,21,1,0,0.6666666666666666,0.0,1.0,25.988500781068367,0.0
9045,3,21,27136,14,21,0,0,-1,1,0,0.0,0.0,1.0,0.0,0.0
9046,1,91,28996,14,91,1,1,-1,2,1,0.7333333333333334,0.0,0.6666666666666666,1.0986122886681098,1.206948960812582
9047,8,91,61072,14,91,0,0,-1,1,0,0.0,0.0,1.0,0.0,0.0
9048,1,39,9048,14,39,0,1,39,1,0,0.8,0.0,1.0,47.489614411805015,0.0
9049,3,47,30544,14,47,0,0,-1,1,0,0.0,0.0,1.0,0.0,0.0
9050,1,39,13576,14,39,0,1,-1,1,0,1.0,0.0,1.0,0.6931471805599453,0.0
9051,24,91,69712,14,91,0,0,-1,1,0,0.0,0.0,1.0,0.0,0.0
9052,1,39,15280,14,39,1,1,-1,2,1,0.6666666666666666,0.0,0.6666666666666666,4.394449154672439,1.2069489608125827
9053,3,39,27160,14,39,0,0,-1,1,0,0.0,0.0,1.0,0.0,0.0
9054,1,39,45844,14,39,0,1,-1,1,0,1.0,0.0,1.0,0.6931471805599453,0.0
9055,13,39,137536,14,39,0,0,-1,1,0,0.0,0.0,1.0,0.0,0.0
9056,1,65,9232,14,65,0,1,65,1,0,0.6666666666666666,0.0,1.0,79.21803671414541,0.0
9057,3,78,58048,14,78,0,0,-1,1,0,0.0,0.0,1.0,0.0,0.0
9058,1,65,13588,14,65,1,1,-1,2,1,0.7333333333333334,0.0,0.6666666666666666,1.0986122886681098,1.206948960812582
9059,6,65,40768,14,65,0,0,-1,1,0,0.0,0.0,1.0,0.0,0.0
9060,1,65,9232,14,65,0,1,65,1,0,0.8,0.0,1.0,78.35499049679008,0.0
9061,3,65,27184,14,65,0,0,-1,1,0,0.0,0.0,1.0,0.0,0.0
9062,1,65,20392,14,65,0,1,-1,1,0,1.0,0.0,1.0,0.6931471805599453,0.0
9063,32,91,392020,14,91,0,0,-1,1,0,0.0,0.0,1.0,0.0,0.0
9064,1,65,9232,14,65,1,1,65,2,1,0.6666666666666666,0.0,0.6666666666666666,79.62350182225357,1.206948960812608
9065,3,122,176740,14,122,0,0,-1,1,0,0.0,0.0,1.0,0.0,0.0
9066,1,65,13600,14,65,0,1,-1,1,0,1.0,0.0,1.0,0.6931471805599453,0.0
9067,8,47,40804,14,47,0,0,-1,1,0,0.0,0.0,1.0,0.0,0.0
9068,1,91,39364,14,91,0,1,-1,1,0,0.6666666666666666,0.0,1.0,4.276666119016055,0.0
9069,3,91,39364,14,91,0,0,-1,1,0,0.0,0.0,1.0,0.0,0.0
9070,1,91,39364,14,91,1,1,-1,2,1,0.7333333333333334,0.0,0.6666666666666666,1.0986122886681098,1.206948960812582
9071,19,91,103336,14,91,0,0,-1,1,0,0.0,0.0,1.0,0.0,0.0
9072,1,65,9232,14,65,0,1,65,1,0,0.8,0.0,1.0,78.93035464169364,0.0
9073,3,65,27220,14,65,0,0,-1,1,0,0.0,0.0,1.0,0.0,0.0
9074,1,65,15316,14,65,0,1,-1,1,0,1.0,0.0,1.0,0.6931471805599453,0.0
9075,6,65,40840,14,65,0,0,-1,1,0,0.0,0.0,1.0,0.0,0.0
9076,1,65,9232,14,65,1,1,65,2,1,0.6666666666666666,0.0,0.6666666666666666,79.3358197498018,1.206948960812608
9077,3,65,27232,14,65,0,0,-1,1,0,0.0,0.0,1.0,0.0,0.0
9078,1,184,1276936,14,184,0,1,-1,1,0,1.0,0.0,1.0,0.6931471805599453,0.0
9079,8,184,1276936,14,184,0,0,-1,1,0,0.0,0.0,1.0,0.0,0.0
9080,1,65,14560,14,65,0,1,-1,1,0,0.6666666666666666,0.0,1.0,10.057409634808385,0.0
9081,3,96,314656,14,96,0,0,-1,1,0,0.0,0.0,1.0,0.0,0.0
9082,1,65,14560,14,65,1,1,-1,2,1,0.7333333333333334,0.0,0.6666666666666666,1.0986122886681098,1.206948960812582
9083,13,91,118096,14,91,0,0,-1,1,0,0.0,0.0,1.0,0.0,0.0
9084,1,65,34504,14,65,0,1,-1,1,0,0.8,0.0,1.0,3.9889840465642745,0.0
9085,3,65,34504,14,65,0,0,-1,1,0,0.0,0.0,1.0,0.0,0.0
9086,1,184,1276936,14,184,0,1,-1,1,0,1.0,0.0,1.0,0.6931471805599453,0.0
9087,24,184,1276936,14,184,0,0,-1,1,0,0.0,0.0,1.0,0.0,0.0
9088,1,109,9232,14,109,1,1,109,2,1,0.6666666666666666,0.0,0.6666666666666666,133.4284019002342,1.2069489608126394
9089,3,140,32776,14,140,0,0,-1,1,0,0.0,0.0,1.0,0.0,0.0
9090,1,140,41524,14,140,0,1,-1,1,0,1.0,0.0,1.0,0.6931471805599453,0.0
9091,6,140,41524,14,140,0,0,-1,1,0,0.0,0.0,1.0,0.0,0.0
9092,1,140,65608,14,140,0,1,-1,1,0,0.6666666666666666,0.0,1.0,15.55047107814893,0.0
9093,3,140,65608,14,140,0,0,-1,1,0,0.0,0.0,1.0,0.0,0.0
9094,1,140,65608,14,140,1,1,-1,2,1,0.7333333333333334,0.0,0.6666666666666666,1.0986122886681098,1.206948960812582
9095,11,140,61396,14,140,0,0,-1,1,0,0.0,0.0,1.0,0.0,0.0
9096,1,21,9096,14,21,0,1,21,1,0,0.8,0.0,1.0,25.700818708616588,0.0
9097,3,122,560356,14,122,0,0,-1,1,0,0.0,0.0,1.0,0.0,0.0
9098,1,21,13648,14,21,0,1,-1,1,0,1.0,0.0,1.0,0.6931471805599453,0.0
9099,8,122,897856,14,122,0,0,-1,1,0,0.0,0.0,1.0,0.0,0.0
9100,1,21,10240,14,21,1,1,-1,2,1,0.6666666666666666,0.0,0.6666666666666666,4.394449154672439,1.2069489608125827
9101,3,21,27304,14,21,0,0,-1,1,0,0.0,0.0,1.0,0.0,0.0
9102,1,184,83104,14,184,0,1,-1,1,0,1.0,0.0,1.0,0.6931471805599453,0.0
9103,11,184,92176,14,184,0,0,-1,1,0,0.0,0.0,1.0,0.0,0.0
9104,1,60,9104,14,60,0,1,60,1,0,0.6666666666666666,0.0,1.0,73.43729319835309,0.0
9105,3,153,27316,14,153,0,0,-1,1,0,0.0,0.0,1.0,0.0,0.0
9106,1,153,23056,14,153,1,1,-1,2,1,0.7333333333333334,0.0,0.6666666666666666,1.0986122886681098,1.206948960812582
9107,6,153,40984,14,153,0,0,-1,1,0,0.0,0.0,1.0,0.0,0.0
9108,1,60,9108,14,60,0,1,60,1,0,0.8,0.0,1.0,72.86192905344953,0.0
9109,3,60,27328,14,60,0,0,-1,1,0,0.0,0.0,1.0,0.0,0.0
9110,1,60,20500,14,60,0,1,-1,1,0,1.0,0.0,1.0,0.6931471805599453,0.0
9111,8,60,61504,14,60,0,0,-1,1,0,0.0,0.0,1.0,0.0,0.0
9112,1,60,9112,14,60,1,1,60,2,1,0.6666666666666666,0.0,0.6666666666666666,73.55507623400946,1.2069489608125767
9113,3,60,30760,14,60,0,0,-1,1,0,0.0,0.0,1.0,0.0,0.0
9114,1,60,13672,14,60,0,1,-1,1,0,1.0,0.0,1.0,0.6931471805599453,0.0
9115,16,153,103840,14,153,0,0,-1,1,0,0.0,0.0,1.0,0.0,0.0
9116,1,153,25972,14,153,0,1,-1,1,0,0.6666666666666666,0.0,1.0,4.276666119016055,0.0
9117,3,153,27352,14,153,0,0,-1,1,0,0.0,0.0,1.0,0.0,0.0
9118,1,153,46168,14,153,1,1,-1,2,1,0.7333333333333334,0.0,0.6666666666666666,1.0986122886681098,1.206948960812582
9119,26,65,155824,14,65,0,0,-1,1,0,0.0,0.0,1.0,0.0,0.0
9120,1,109,9232,14,109,0,1,109,1,0,0.8,0.0,1.0,132.44757264722247,0.0
9121,3,60,27364,14,60,0,0,-1,1,0,0.0,0.0,1.0,0.0,0.0
9122,1,60,13684,14,60,0,1,-1,1,0,1.0,0.0,1.0,0.6931471805599453,0.0
9123,6,60,41056,14,60,0,0,-1,1,0,0.0,0.0,1.0,0.0,0.0
9124,1,153,17332,14,153,1,1,-1,2,1,0.6666666666666666,0.0,0.6666666666666666,9.887510598012987,1.2069489608125807
9125,3,153,27376,14,153,0,0,-1,1,0,0.0,0.0,1.0,0.0,0.0
9126,1,153,20536,14,153,0,1,-1,1,0,1.0,0.0,1.0,0.6931471805599453,0.0
9127,19,153,69316,14,153,0,0,-1,1,0,0.0,0.0,1.0,0.0,0.0
9128,1,109,9232,14,109,0,1,109,1,0,0.6666666666666666,0.0,1.0,133.02293679212605,0.0
9129,3,65,156004,14,65,0,0,-1,1,0,0.0,0.0,1.0,0.0,0.0
9130,1,109,13696,14,109,1,1,-1,2,1,0.7333333333333334,0.0,0.6666666666666666,1.0986122886681098,1.206948960812582
9131,8,153,41092,14,153,0,0,-1,1,0,0.0,0.0,1.0,0.0,0.0
9132,1,60,13012,14,60,0,1,-1,1,0,0.8,0.0,1.0,3.9889840465642745,0.0
9133,3,60,27400,14,60,0,0,-1,1,0,0.0,0.0,1.0,0.0,0.0
9134,1,60,30832,14,60,0,1,-1,1,0,1.0,0.0,1.0,0.6931471805599453,0.0
9135,13,60,92500,14,60,0,0,-1,1,0,0.0,0.0,1.0,0.0,0.0
9136,1,34,9136,14,34,1,1,34,2,1,0.6666666666666666,0.0,0.6666666666666666,42.114336004120865,1.2069489608125612
9137,3,34,27412,14,34,0,0,-1,1,0,0.0,0.0,1.0,0.0,0.0
9138,1,34,15424,14,34,0,1,-1,1,0,1.0,0.0,1.0,0.6931471805599453,0.0
9139,6,34,41128,14,34,0,0,-1,1,0,0.0,0.0,1.0,0.0,0.0
9140,1,34,9140,14,34,0,1,34,1,0,0.6666666666666666,0.0,1.0,41.7088708960127,0.0
9141,3,34,27424,14,34,0,0,-1,1,0,0.0,0.0,1.0,0.0,0.0
9142,1,60,34720,14,60,1,1,-1,2,1,0.7333333333333334,0.0,0.6666666666666666,1.0986122886681098,1.206948960812582
9143,8,60,61720,14,60,0,0,-1,1,0,0.0,0.0,1.0,0.0,0.0
9144,1,34,9144,14,34,0,1,34,1,0,0.8,0.0,1.0,41.13350675110914,0.0
9145,3,65,30868,14,65,0,0,-1,1,0,0.0,0.0,1.0,0.0,0.0
9146,1,34,13720,14,34,0,1,-1,1,0,1.0,0.0,1.0,0.6931471805599453,0.0
9147,11,65,46312,14,65,0,0,-1,1,0,0.0,0.0,1.0,0.0,0.0
9148,1,122,250504,14,122,1,1,-1,2,1,0.6666666666666666,0.0,0.6666666666666666,4.394449154672439,1.2069489608125827
9149,3,122,250504,14,122,0,0,-1,1,0,0.0,0.0,1.0,0.0,0.0
9150,1,122,250504,14,122,0,1,-1,1,0,1.0,0.0,1.0,0.6931471805599453,0.0
9151,34,91,593728,14,91,0,0,-1,1,0,0.0,0.0,1.0,0.0,0.0
9152,1,109,9232,14,109,0,1,109,1,0,0.6666666666666666,0.0,1.0,133.31061886457783,0.0
9153,3,153,27460,14,153,0,0,-1,1,0,0.0,0.0,1.0,0.0,0.0
9154,1,153,26080,14,153,1,1,-1,2,1,0.7333333333333334,0.0,0.6666666666666666,1.0986122886681098,1.206948960812582
9155,6,153,41200,14,153,0,0,-1,1,0,0.0,0.0,1.0,0.0,0.0
9156,1,109,9232,14,109,0,1,109,1,0,0.8,0.0,1.0,132.1598905747707,0.0
9157,3,109,27472,14,109,0,0,-1,1,0,0.0,0.0,1.0,0.0,0.0
9158,1,109,20608,14,109,0,1,-1,1,0,1.0,0.0,1.0,0.6931471805599453,0.0
9159,13,197,225988,14,197,0,0,-1,1,0,0.0,0.0,1.0,0.0,0.0
9160,1,153,9232,14,153,1,1,153,2,1,0.6666666666666666,0.0,0.6666666666666666,186.37025576085955,1.2069489608125767
9161,3,153,46384,14,153,0,0,-1,1,0,0.0,0.0,1.0,0.0,0.0
9162,1,153,13744,14,153,0,1,-1,1,0,1.0,0.0,1.0,0.6931471805599453,0.0
9163,8,34,41236,14,34,0,0,-1,1,0,0.0,0.0,1.0,0.0,0.0
9164,1,153,10312,14,153,0,1,-1,1,0,0.6666666666666666,0.0,1.0,4.276666119016055,0.0
9165,3,153,27496,14,153,0,0,-1,1,0,0.0,0.0,1.0,0.0,0.0
9166,1,91,223072,14,91,1,1,-1,2,1,0.7333333333333334,0.0,0.6666666666666666,1.0986122886681098,1.206948960812582
9167,16,91,223072,14,91,0,0,-1,1,0,0.0,0.0,1.0,0.0,0.0
9168,1,109,9232,14,109,0,1,109,1,0,0.8,0.0,1.0,132.73525471967426,0.0
9169,3,153,27508,14,153,0,0,-1,1,0,0.0,0.0,1.0,0.0,0.0
9170,1,153,39184,14,153,0,1,-1,1,0,1.0,0.0,1.0,0.6931471805599453,0.0
9171,6,153,41272,14,153,0,0,-1,1,0,0.0,0.0,1.0,0.0,0.0
9172,1,109,9232,14,109,1,1,109,2,1,0.6666666666666666,0.0,0.6666666666666666,133.14071982778242,1.2069489608126394
9173,3,109,27520,14,109,0,0,-1,1,0,0.0,0.0,1.0,0.0,0.0
9174,1,122,58804,14,122,0,1,-1,1,0,1.0,0.0,1.0,0.6931471805599453,0.0
9175,8,122,61936,14,122,0,0,-1,1,0,0.0,0.0,1.0,0.0,0.0
9176,1,60,9176,14,60,0,1,60,1,0,0.6666666666666666,0.0,1.0,72.86192905344953,0.0
9177,3,109,30976,14,109,0,0,-1,1,0,0.0,0.0,1.0,0.0,0.0
9178,1,60,13768,14,60,1,1,-1,2,1,0.7333333333333334,0.0,0.6666666666666666,1.0986122886681098,1.206948960812582
9179,13,60,69712,14,60,0,0,-1,1,0,0.0,0.0,1.0,0.0,0.0
9180,1,60,15496,14,60,0,1,-1,1,0,0.8,0.0,1.0,3.9889840465642745,0.0
9181,3,60,27544,14,60,0,0,-1,1,0,0.0,0.0,1.0,0.0,0.0
9182,1,171,8153620,14,171,0,1,-1,1,0,1.0,0.0,1.0,0.6931471805599453,0.0
9183,88,171,8153620,14,171,0,0,-1,1,0,0.0,0.0,1.0,0.0,0.0
9184,1,47,9184,14,47,1,1,47,2,1,0.6666666666666666,0.0,0.6666666666666666,58.41007026396872,1.2069489608125767
9185,3,184,55888,14,184,0,0,-1,1,0,0.0,0.0,1.0,0.0,0.0
9186,1,109,13780,14,109,0,1,-1,1,0,1.0,0.0,1.0,0.6931471805599453,0.0
9187,6,109,41344,14,109,0,0,-1,1,0,0.0,0.0,1.0,0.0,0.0
9188,1,60,9188,14,60,0,1,60,1,0,0.6666666666666666,0.0,1.0,72.28656490854596,0.0
9189,3,60,27568,14,60,0,0,-1,1,0,0.0,0.0,1.0,0.0,0.0
9190,1,60,20680,14,60,1,1,-1,2,1,0.7333333333333334,0.0,0.6666666666666666,1.0986122886681098,1.206948960812582
9191,16,60,104704,14,60,0,0,-1,1,0,0.0,0.0,1.0,0.0,0.0
9192,1,47,9192,14,47,0,1,47,1,0,0.8,0.0,1.0,57.71692308340877,0.0
9193,3,91,176740,14,91,0,0,-1,1,0,0.0,0.0,1.0,0.0,0.0
9194,1,47,13792,14,47,0,1,-1,1,0,1.0,0.0,1.0,0.6931471805599453,0.0
9195,8,153,78568,14,153,0,0,-1,1,0,0.0,0.0,1.0,0.0,0.0
9196,1,153,44224,14,153,1,1,-1,2,1,0.6666666666666666,0.0,0.6666666666666666,4.394449154672439,1.2069489608125827
9197,3,153,44224,14,153,0,0,-1,1,0,0.0,0.0,1.0,0.0,0.0
9198,1,153,44224,14,153,0,1,-1,1,0,1.0,0.0,1.0,0.6931471805599453,0.0
9199,26,65,157192,14,65,0,0,-1,1,0,0.0,0.0,1.0,0.0,0.0
9200,1,47,13120,14,47,0,1,-1,1,0,0.6666666666666666,0.0,1.0,16.413517295504274,0.0
9201,3,47,27604,14,47,0,0,-1,1,0,0.0,0.0,1.0,0.0,0.0
9202,1,60,17476,14,60,1,1,-1,2,1,0.7333333333333334,0.0,0.6666666666666666,1.0986122886681098,1.206948960812582
9203,6,60,41416,14,60,0,0,-1,1,0,0.0,0.0,1.0,0.0,0.0
9204,1,47,13120,14,47,0,1,-1,1,0,0.8,0.0,1.0,15.838153150600712,0.0
9205,3,47,27616,14,47,0,0,-1,1,0,0.0,0.0,1.0,0.0,0.0
9206,1,122,95956,14,122,0,1,-1,1,0,1.0,0.0,1.0,0.6931471805599453,0.0
9207,8,122,95956,14,122,0,0,-1,1,0,0.0,0.0,1.0,0.0,0.0
9208,1,60,39364,14,60,1,1,-1,2,1,0.6666666666666666,0.0,0.6666666666666666,10.462874742916549,1.2069489608125807
9209,3,122,95956,14,122,0,0,-1,1,0,0.0,0.0,1.0,0.0,0.0
9210,1,60,39364,14,60,0,1,-1,1,0,1.0,0.0,1.0,0.6931471805599453,0.0
9211,19,122,95956,14,122,0,0,-1,1,0,0.0,0.0,1.0,0.0,0.0
9212,1,60,118096,14,60,0,1,-1,1,0,0.6666666666666666,0.0,1.0,4.276666119016055,0.0
9213,3,60,118096,14,60,0,0,-1,1,0,0.0,0.0,1.0,0.0,0.0
9214,1,153,1276936,14,153,1,1,-1,2,1,0.7333333333333334,0.0,0.6666666666666666,1.0986122886681098,1.206948960812582
9215,78,153,1276936,14,153,0,0,-1,1,0,0.0,0.0,1.0,0.0,0.0
9216,1,29,9216,14,29,0,1,29,1,0,0.8,0.0,1.0,34.489717017961475,0.0
9217,3,47,27652,14,47,0,0,-1,1,0,0.0,0.0,1.0,0.0,0.0
9218,1,47,13828,14,47,0,1,-1,1,0,1.0,0.0,1.0,0.6931471805599453,0.0
9219,6,47,41488,14,47,0,0,-1,1,0,0.0,0.0,1.0,0.0,0.0
9220,1,109,9232,14,109,1,1,109,2,1,0.6666666666666666,0.0,0.6666666666666666,132.56535568287887,1.2069489608125767
9221,3,109,27664,14,109,0,0,-1,1,0,0.0,0.0,1.0,0.0,0.0
9222,1,109,20752,14,109,0,1,-1,1,0,1.0,0.0,1.0,0.6931471805599453,0.0
9223,11,47,62260,14,47,0,0,-1,1,0,0.0,0.0,1.0,0.0,0.0
9224,1,153,9232,14,153,0,1,153,1,0,0.6666666666666666,0.0,1.0,186.54015479765494,0.0
9225,3,228,250504,14,228,0,0,-1,1,0,0.0,0.0,1.0,0.0,0.0
9226,1,153,13840,14,153,1,1,-1,2,1,0.7333333333333334,0.0,0.6666666666666666,1.0986122886681098,1.206948960812582
9227,8,109,41524,14,109,0,0,-1,1,0,0.0,0.0,1.0,0.0,0.0
9228,1,153,10384,14,153,0,1,-1,1,0,0.8,0.0,1.0,3.9889840465642745,0.0
9229,3,153,27688,14,153,0,0,-1,1,0,0.0,0.0,1.0,0.0,0.0
9230,1,91,31156,14,91,0,1,-1,1,0,1.0,0.0,1.0,0.6931471805599453,0.0
9231,11,91,93472,14,91,0,0,-1,1,0,0.0,0.0,1.0,0.0,0.0
9232,1,34,9232,14,34,1,1,34,2,1,0.6666666666666666,0.0,0.6666666666666666,42.11433600412086,1.2069489608125767
9233,3,153,27700,14,153,0,0,-1,1,0,0.0,0.0,1.0,0.0,0.0
9234,1,109,23380,14,109,0,1,-1,1,0,1.0,0.0,1.0,0.6931471805599453,0.0
9235,6,109,41560,14,109,0,0,-1,1,0,0.0,0.0,1.0,0.0,0.0
9236,1,34,9236,14,34,0,1,34,1,0,0.6666666666666666,0.0,1.0,41.7088708960127,0.0
9237,3,34,27712,14,34,0,0,-1,1,0,0.0,0.0,1.0,0.0,0.0
9238,1,153,20788,14,153,1,1,-1,2,1,0.7333333333333334,0.0,0.6666666666666666,1.0986122886681098,1.206948960812582
9239,8,153,62368,14,153,0,0,-1,1,0,0.0,0.0,1.0,0.0,0.0
9240,1,34,9240,14,34,0,1,34,1,0,0.8,0.0,1.0,41.42118882356092,0.0
9241,3,153,31192,14,153,0,0,-1,1,0,0.0,0.0,1.0,0.0,0.0
9242,1,34,13864,14,34,0,1,-1,1,0,1.0,0.0,1.0,0.6931471805599453,0.0
9243,34,91,899584,14,91,0,0,-1,1,0,0.0,0.0,1.0,0.0,0.0
9244,1,153,15604,14,153,1,1,-1,2,1,0.6666666666666666,0.0,0.6666666666666666,4.394449154672439,1.2069489608125827
9245,3,153,27736,14,153,0,0,-1,1,0,0.0,0.0,1.0,0.0,0.0
9246,1,153,46816,14,153,0,1,-1,1,0,1.0,0.0,1.0,0.6931471805599453,0.0
9247,34,184,399976,14,184,0,0,-1,1,0,0.0,0.0,1.0,0.0,0.0
9248,1,34,9248,14,34,0,1,34,1,0,0.6666666666666666,0.0,1.0,41.99655296846448,0.0
9249,3,184,33352,14,184,0,0,-1,1,0,0.0,0.0,1.0,0.0,0.0
9250,1,34,13876,14,34,1,1,-1,2,1,0.7333333333333334,0.0,0.6666666666666666,1.0986122886681098,1.206948960812582
9251,6,34,41632,14,34,0,0,-1,1,0,0.0,0.0,1.0,0.0,0.0
9252,1,109,11716,14,109,0,1,-1,1,0,0.8,0.0,1.0,9.482045489904824,0.0
9253,3,109,27760,14,109,0,0,-1,1,0,0.0,0.0,1.0,0.0,0.0
9254,1,109,20824,14,109,0,1,-1,1,0,1.0,0.0,1.0,0.6931471805599453,0.0
9255,13,153,70288,14,153,0,0,-1,1,0,0.0,0.0,1.0,0.0,0.0
9256,1,34,9256,14,34,1,1,34,2,1,0.6666666666666666,0.0,0.6666666666666666,42.40201807657264,1.2069489608125767
9257,3,259,975400,14,259,0,0,-1,1,0,0.0,0.0,1.0,0.0,0.0
9258,1,34,13888,14,34,0,1,-1,1,0,1.0,0.0,1.0,0.6931471805599453,0.0
9259,8,47,41668,14,47,0,0,-1,1,0,0.0,0.0,1.0,0.0,0.0
9260,1,109,10420,14,109,0,1,-1,1,0,0.6666666666666666,0.0,1.0,4.276666119016055,0.0
9261,3,109,27784,14,109,0,0,-1,1,0,0.0,0.0,1.0,0.0,0.0
9262,1,109,31264,14,109,1,1,-1,2,1,0.7333333333333334,0.0,0.6666666666666666,1.0986122886681098,1.206948960812582
9263,21,140,93796,14,140,0,0,-1,1,0,0.0,0.0,1.0,0.0,0.0
9264,1,34,9264,14,34,0,1,34,1,0,0.8,0.0,1.0,41.7088708960127,0.0
9265,3,109,27796,14,109,0,0,-1,1,0,0.0,0.0,1.0,0.0,0.0
9266,1,109,15640,14,109,0,1,-1,1,0,1.0,0.0,1.0,0.6931471805599453,0.0
9267,6,109,41704,14,109,0,0,-1,1,0,0.0,0.0,1.0,0.0,0.0
9268,1,34,9268,14,34,1,1,34,2,1,0.6666666666666666,0.0,0.6666666666666666,42.11433600412086,1.2069489608125767
9269,3,34,27808,14,34,0,0,-1,1,0,0.0,0.0,1.0,0.0,0.0
9270,1,91,79216,14,91,0,1,-1,1,0,1.0,0.0,1.0,0.6931471805599453,0.0
9271,8,91,79216,14,91,0,0,-1,1,0,0.0,0.0,1.0,0.0,0.0
9272,1,60,9272,14,60,0,1,60,1,0,0.6666666666666666,0.0,1.0,72.86192905344953,0.0
9273,3,153,31300,14,153,0,0,-1,1,0,0.0,0.0,1.0,0.0,0.0
9274,1,60,13912,14,60,1,1,-1,2,1,0.7333333333333334,0.0,0.6666666666666666,1.0986122886681098,1.206948960812582
9275,11,153,46960,14,153,0,0,-1,1,0,0.0,0.0,1.0,0.0,0.0
9276,1,60,23488,14,60,0,1,-1,1,0,0.8,0.0,1.0,3.9889840465642745,0.0
9277,3,60,27832,14,60,0,0,-1,1,0,0.0,0.0,1.0,0.0,0.0
9278,1,91,70468,14,91,0,1,-1,1,0,1.0,0.0,1.0,0.6931471805599453,0.0
9279,19,91,211408,14,91,0,0,-1,1,0,0.0,0.0,1.0,0.0,0.0
9280,1,122,9280,14,122,1,1,122,2,1,0.6666666666666666,0.0,0.6666666666666666,149.14877201517857,1.2069489608125143
9281,3,60,27844,14,60,0,0,-1,1,0,0.0,0.0,1.0,0.0,0.0
9282,1,60,13924,14,60,0,1,-1,1,0,1.0,0.0,1.0,0.6931471805599453,0.0
9283,6,60,41776,14,60,0,0,-1,1,0,0.0,0.0,1.0,0.0,0.0
9284,1,34,9284,14,34,0,1,34,1,0,0.6666666666666666,0.0,1.0,41.7088708960127,0.0
9285,3,34,27856,14,34,0,0,-1,1,0,0.0,0.0,1.0,0.0,0.0
9286,1,34,20896,14,34,1,1,-1,2,1,0.7333333333333334,0.0,0.6666666666666666,1.0986122886681098,1.206948960812582
9287,39,166,225988,14,166,0,0,-1,1,0,0.0,0.0,1.0,0.0,0.0
9288,1,184,190996,14,184,0,1,-1,1,0,0.8,0.0,1.0,21.618896666393045,0.0
9289,3,91,80512,14,91,0,0,-1,1,0,0.0,0.0,1.0,0.0,0.0
9290,1,184,190996,14,184,0,1,-1,1,0,1.0,0.0,1.0,0.6931471805599453,0.0
9291,8,34,41812,14,34,0,0,-1,1,0,0.0,0.0,1.0,0.0,0.0
9292,1,184,190996,14,184,1,1,-1,2,1,0.6666666666666666,0.0,0.6666666666666666,4.394449154672439,1.2069489608125827
9293,3,184,190996,14,184,0,0,-1,1,0,0.0,0.0,1.0,0.0,0.0
9294,1,60,35296,14,60,0,1,-1,1,0,1.0,0.0,1.0,0.6931471805599453,0.0
9295,13,60,94120,14,60,0,0,-1,1,0,0.0,0.0,1.0,0.0,0.0
9296,1,122,9296,14,122,0,1,122,1,0,0.6666666666666666,0.0,1.0,149.03098897952216,0.0
9297,3,184,190996,14,184,0,0,-1,1,0,0.0,0.0,1.0,0.0,0.0
9298,1,135,67048,14,135,1,1,-1,2,1,0.7333333333333334,0.0,0.6666666666666666,1.0986122886681098,1.206948960812582
9299,6,135,67048,14,135,0,0,-1,1,0,0.0,0.0,1.0,0.0,0.0
9300,1,122,9300,14,122,0,1,122,1,0,0.8,0.0,1.0,148.4556248346186,0.0
9301,3,122,27904,14,122,0,0,-1,1,0,0.0,0.0,1.0,0.0,0.0
9302,1,34,20932,14,34,0,1,-1,1,0,1.0,0.0,1.0,0.6931471805599453,0.0
9303,8,34,62800,14,34,0,0,-1,1,0,0.0,0.0,1.0,0.0,0.0
9304,1,153,9304,14,153,1,1,153,2,1,0.6666666666666666,0.0,0.6666666666666666,186.08257368840776,1.2069489608125767
9305,3,91,31408,14,91,0,0,-1,1,0,0.0,0.0,1.0,0.0,0.0
9306,1,153,13960,14,153,0,1,-1,1,0,1.0,0.0,1.0,0.6931471805599453,0.0
9307,37,91,119284,14,91,0,0,-1,1,0,0.0,0.0,1.0,0.0,0.0
9308,1,153,15712,14,153,0,1,-1,1,0,0.6666666666666666,0.0,1.0,4.276666119016055,0.0
9309,3,153,27928,14,153,0,0,-1,1,0,0.0,0.0,1.0,0.0,0.0
9310,1,91,59668,14,91,1,1,-1,2,1,0.7333333333333334,0.0,0.6666666666666666,1.0986122886681098,1.206948960812582
9311,13,91,141424,14,91,0,0,-1,1,0,0.0,0.0,1.0,0.0,0.0
9312,1,122,9312,14,122,0,1,122,1,0,0.8,0.0,1.0,148.4556248346186,0.0
9313,3,109,35368,14,109,0,0,-1,1,0,0.0,0.0,1.0,0.0,0.0
9314,1,153,13972,14,153,0,1,-1,1,0,1.0,0.0,1.0,0.6931471805599453,0.0
9315,6,153,41920,14,153,0,0,-1,1,0,0.0,0.0,1.0,0.0,0.0
9316,1,153,9316,14,153,1,1,153,2,1,0.6666666666666666,0.0,0.6666666666666666,185.21952747105243,1.2069489608125767
9317,3,153,27952,14,153,0,0,-1,1,0,0.0,0.0,1.0,0.0,0.0
9318,1,153,20968,14,153,0,1,-1,1,0,1.0,0.0,1.0,0.6931471805599453,0.0
9319,26,91,179152,14,91,0,0,-1,1,0,0.0,0.0,1.0,0.0,0.0
9320,1,122,9320,14,122,0,1,122,1,0,0.6666666666666666,0.0,1.0,149.03098897952216,0.0
9321,3,60,70792,14,60,0,0,-1,1,0,0.0,0.0,1.0,0.0,0.0
9322,1,122,13984,14,122,1,1,-1,2,1,0.7333333333333334,0.0,0.6666666666666666,1.0986122886681098,1.206948960812582
9323,8,60,41956,14,60,0,0,-1,1,0,0.0,0.0,1.0,0.0,0.0
9324,1,109,59776,14,109,0,1,-1,1,0,0.8,0.0,1.0,3.9889840465642745,0.0
9325,3,109,59776,14,109,0,0,-1,1,0,0.0,0.0,1.0,0.0,0.0
9326,1,109,59776,14,109,0,1,-1,1,0,1.0,0.0,1.0,0.6931471805599453,0.0
9327,21,91,119536,14,91,0,0,-1,1,0,0.0,0.0,1.0,0.0,0.0
9328,1,34,9328,14,34,1,1,34,2,1,0.6666666666666666,0.0,0.6666666666666666,42.114336004120865,1.2069489608125612
9329,3,122,27988,14,122,0,0,-1,1,0,0.0,0.0,1.0,0.0,0.0
9330,1,135,345544,14,135,0,1,-1,1,0,1.0,0.0,1.0,0.6931471805599453,0.0
9331,6,135,345544,14,135,0,0,-1,1,0,0.0,0.0,1.0,0.0,0.0
9332,1,34,9332,14,34,0,1,34,1,0,0.6666666666666666,0.0,1.0,41.7088708960127,0.0
9333,3,34,28000,14,34,0,0,-1,1,0,0.0,0.0,1.0,0.0,0.0
9334,1,34,23632,14,34,1,1,-1,2,1,0.7333333333333334,0.0,0.6666666666666666,1.0986122886681098,1.206948960812582
9335,8,34,63016,14,34,0,0,-1,1,0,0.0,0.0,1.0,0.0,0.0
9336,1,34,11824,14,34,0,1,-1,1,0,0.8,0.0,1.0,9.769727562356604,0.0
9337,3,153,53188,14,153,0,0,-1,1,0,0.0,0.0,1.0,0.0,0.0
9338,1,34,14008,14,34,0,1,-1,1,0,1.0,0.0,1.0,0.6931471805599453,0.0
9339,13,153,47284,14,153,0,0,-1,1,0,0.0,0.0,1.0,0.0,0.0
9340,1,91,95956,14,91,1,1,-1,2,1,0.6666666666666666,0.0,0.6666666666666666,4.394449154672439,1.2069489608125827
9341,3,91,95956,14,91,0,0,-1,1,0,0.0,0.0,1.0,0.0,0.0
9342,1,91,106432,14,91,0,1,-1,1,0,1.0,0.0,1.0,0.6931471805599453,0.0
9343,32,60,319300,14,60,0,0,-1,1,0,0.0,0.0,1.0,0.0,0.0
9344,1,122,9344,14,122,0,1,122,1,0,0.6666666666666666,0.0,1.0,149.03098897952216,0.0
9345,3,184,575728,14,184,0,0,-1,1,0,0.0,0.0,1.0,0.0,0.0
9346,1,60,14020,14,60,1,1,-1,2,1,0.7333333333333334,0.0,0.6666666666666666,1.0986122886681098,1.206948960812582
9347,6,60,42064,14,60,0,0,-1,1,0,0.0,0.0,1.0,0.0,0.0
9348,1,60,9348,14,60,0,1,60,1,0,0.8,0.0,1.0,72.57424698099774,0.0
9349,3,60,28048,14,60,0,0,-1,1,0,0.0,0.0,1.0,0.0,0.0
9350,1,60,21040,14,60,0,1,-1,1,0,1.0,0.0,1.0,0.6931471805599453,0.0
9351,11,109,63124,14,109,0,0,-1,1,0,0.0,0.0,1.0,0.0,0.0
9352,1,60,9352,14,60,1,1,60,2,1,0.6666666666666666,0.0,0.6666666666666666,74.13044037891304,1.2069489608125767
9353,3,184,269728,14,184,0,0,-1,1,0,0.0,0.0,1.0,0.0,0.0
9354,1,60,14032,14,60,0,1,-1,1,0,1.0,0.0,1.0,0.6931471805599453,0.0
9355,8,197,250504,14,197,0,0,-1,1,0,0.0,0.0,1.0,0.0,0.0
9356,1,60,10528,14,60,0,1,-1,1,0,0.6666666666666666,0.0,1.0,4.276666119016055,0.0
9357,3,60,28072,14,60,0,0,-1,1,0,0.0,0.0,1.0,0.0,0.0
9358,1,47,31588,14,47,1,1,-1,2,1,0.7333333333333334,0.0,0.6666666666666666,1.0986122886681098,1.206948960812582
9359,11,47,94768,14,47,0,0,-1,1,0,0.0,0.0,1.0,0.0,0.0
9360,1,60,9360,14,60,0,1,60,1,0,0.8,0.0,1.0,73.43729319835309,0.0
9361,3,47,28084,14,47,0,0,-1,1,0,0.0,0.0,1.0,0.0,0.0
9362,1,47,23704,14,47,0,1,-1,1,0,1.0,0.0,1.0,0.6931471805599453,0.0
9363,6,47,42136,14,47,0,0,-1,1,0,0.0,0.0,1.0,0.0,0.0
9364,1,60,9364,14,60,1,1,60,2,1,0.6666666666666666,0.0,0.6666666666666666,73.84275830646125,1.2069489608125767
9365,3,60,28096,14,60,0,0,-1,1,0,0.0,0.0,1.0,0.0,0.0
9366,1,60,21076,14,60,0,1,-1,1,0,1.0,0.0,1.0,0.6931471805599453,0.0
9367,8,60,63232,14,60,0,0,-1,1,0,0.0,0.0,1.0,0.0,0.0
9368,1,60,9368,14,60,0,1,60,1,0,0.6666666666666666,0.0,1.0,73.72497527080486,0.0
9369,3,60,31624,14,60,0,0,-1,1,0,0.0,0.0,1.0,0.0,0.0
9370,1,60,14056,14,60,1,1,-1,2,1,0.7333333333333334,0.0,0.6666666666666666,1.0986122886681098,1.206948960812582
9371,24,184,144340,14,184,0,0,-1,1,0,0.0,0.0,1.0,0.0,0.0
9372,1,153,17800,14,153,0,1,-1,1,0,0.8,0.0,1.0,3.9889840465642745,0.0
9373,3,153,28120,14,153,0,0,-1,1,0,0.0,0.0,1.0,0.0,0.0
9374,1,153,47464,14,153,0,1,-1,1,0,1.0,0.0,1.0,0.6931471805599453,0.0
9375,24,47,360448,14,47,0,0,-1,1,0,0.0,0.0,1.0,0.0,0.0
9376,1,122,9376,14,122,1,1,122,2,1,0.6666666666666666,0.0,0.6666666666666666,149.43645408763032,1.2069489608125767
9377,3,109,60100,14,109,0,0,-1,1,0,0.0,0.0,1.0,0.0,0.0
9378,1,153,14068,14,153,0,1,-1,1,0,1.0,0.0,1.0,0.6931471805599453,0.0
9379,6,153,42208,14,153,0,0,-1,1,0,0.0,0.0,1.0,0.0,0.0
9380,1,153,26728,14,153,0,1,-1,1,0,0.6666666666666666,0.0,1.0,9.769727562356604,0.0
9381,3,153,28144,14,153,0,0,-1,1,0,0.0,0.0,1.0,0.0,0.0
9382,1,153,26728,14,153,1,1,-1,2,1,0.7333333333333334,0.0,0.6666666666666666,1.0986122886681098,1.206948960812582
9383,21,109,120256,14,109,0,0,-1,1,0,0.0,0.0,1.0,0.0,0.0
9384,1,122,9384,14,122,0,1,122,1,0,0.8,0.0,1.0,148.7433069070704,0.0
9385,3,83,240568,14,83,0,0,-1,1,0,0.0,0.0,1.0,0.0,0.0
9386,1,122,14080,14,122,0,1,-1,1,0,1.0,0.0,1.0,0.6931471805599453,0.0
9387,8,60,42244,14,60,0,0,-1,1,0,0.0,0.0,1.0,0.0,0.0
9388,1,109,14308,14,109,1,1,-1,2,1,0.6666666666666666,0.0,0.6666666666666666,4.394449154672439,1.2069489608125827
9389,3,109,28168,14,109,0,0,-1,1,0,0.0,0.0,1.0,0.0,0.0
9390,1,109,31696,14,109,0,1,-1,1,0,1.0,0.0,1.0,0.6931471805599453,0.0
9391,13,60,95092,14,60,0,0,-1,1,0,0.0,0.0,1.0,0.0,0.0
9392,1,122,9392,14,122,0,1,122,1,0,0.6666666666666666,0.0,1.0,149.03098897952216,0.0
9393,3,109,28180,14,109,0,0,-1,1,0,0.0,0.0,1.0,0.0,0.0
9394,1,109,15856,14,109,1,1,-1,2,1,0.7333333333333334,0.0,0.6666666666666666,1.0986122886681098,1.206948960812582
9395,6,109,42280,14,109,0,0,-1,1,0,0.0,0.0,1.0,0.0,0.0
9396,1,122,9396,14,122,0,1,122,1,0,0.8,0.0,1.0,148.4556248346186,0.0
9397,3,122,28192,14,122,0,0,-1,1,0,0.0,0.0,1.0,0.0,0.0
9398,1,83,67768,14,83,0,1,-1,1,0,1.0,0.0,1.0,0.6931471805599453,0.0
9399,8,83,67768,14,83,0,0,-1,1,0,0.0,0.0,1.0,0.0,0.0
9400,1,122,9400,14,122,1,1,122,2,1,0.6666666666666666,0.0,0.6666666666666666,148.86108994272678,1.2069489608125143
9401,3,60,50848,14,60,0,0,-1,1,0,0.0,0.0,1.0,0.0,0.0
9402,1,122,14104,14,122,0,1,-1,1,0,1.0,0.0,1.0,0.6931471805599453,0.0
9403,11,60,135592,14,60,0,0,-1,1,0,0.0,0.0,1.0,0.0,0.0
9404,1,60,23812,14,60,0,1,-1,1,0,0.6666666666666666,0.0,1.0,4.276666119016055,0.0
9405,3,60,28216,14,60,0,0,-1,1,0,0.0,0.0,1.0,0.0,0.0
9406,1,60,71440,14,60,1,1,-1,2,1,0.7333333333333334,0.0,0.6666666666666666,1.0986122886681098,1.206948960812582
9407,21,109,214324,14,109,0,0,-1,1,0,0.0,0.0,1.0,0.0,0.0
9408,1,122,9408,14,122,0,1,122,1,0,0.8,0.0,1.0,148.4556248346186,0.0
9409,3,60,28228,14,60,0,0,-1,1,0,0.0,0.0,1.0,0.0,0.0
9410,1,60,17872,14,60,0,1,-1,1,0,1.0,0.0,1.0,0.6931471805599453,0.0
9411,6,60,42352,14,60,0,0,-1,1,0,0.0,0.0,1.0,0.0,0.0
9412,1,34,9412,14,34,1,1,34,2,1,0.6666666666666666,0.0,0.6666666666666666,41.5389718592173,1.2069489608125767
9413,3,34,28240,14,34,0,0,-1,1,0,0.0,0.0,1.0,0.0,0.0
9414,1,34,21184,14,34,0,1,-1,1,0,1.0,0.0,1.0,0.6931471805599453,0.0
9415,13,60,63556,14,60,0,0,-1,1,0,0.0,0.0,1.0,0.0,0.0
9416,1,34,9416,14,34,0,1,34,1,0,0.6666666666666666,0.0,1.0,41.99655296846448,0.0
9417,3,104,47680,14,104,0,0,-1,1,0,0.0,0.0,1.0,0.0,0.0
9418,1,34,14128,14,34,1,1,-1,2,1,0.7333333333333334,0.0,0.6666666666666666,1.0986122886681098,1.206948960812582
9419,8,104,42388,14,104,0,0,-1,1,0,0.0,0.0,1.0,0.0,0.0
9420,1,34,10600,14,34,0,1,-1,1,0,0.8,0.0,1.0,3.9889840465642745,0.0
9421,3,34,28264,14,34,0,0,-1,1,0,0.0,0.0,1.0,0.0,0.0
9422,1,60,80512,14,60,0,1,-1,1,0,1.0,0.0,1.0,0.6931471805599453,0.0
9423,19,60,95416,14,60,0,0,-1,1,0,0.0,0.0,1.0,0.0,0.0
9424,1,122,9424,14,122,1,1,122,2,1,0.6666666666666666,0.0,0.6666666666666666,149.43645408763032,1.2069489608125767
9425,3,153,28276,14,153,0,0,-1,1,0,0.0,0.0,1.0,0.0,0.0
9426,1,153,35800,14,153,0,1,-1,1,0,1.0,0.0,1.0,0.6931471805599453,0.0
9427,6,153,42424,14,153,0,0,-1,1,0,0.0,0.0,1.0,0.0,0.0
9428,1,122,9428,14,122,0,1,122,1,0,0.6666666666666666,0.0,1.0,149.03098897952216,0.0
9429,3,122,28288,14,122,0,0,-1,1,0,0.0,0.0,1.0,0.0,0.0
9430,1,104,21220,14,104,1,1,-1,2,1,0.7333333333333334,0.0,0.6666666666666666,1.0986122886681098,1.206948960812582
9431,8,104,63664,14,104,0,0,-1,1,0,0.0,0.0,1.0,0.0,0.0
9432,1,60,13444,14,60,0,1,-1,1,0,0.8,0.0,1.0,15.55047107814893,0.0
9433,3,34,31840,14,34,0,0,-1,1,0,0.0,0.0,1.0,0.0,0.0
9434,1,60,14152,14,60,0,1,-1,1,0,1.0,0.0,1.0,0.6931471805599453,0.0
9435,13,153,71656,14,153,0,0,-1,1,0,0.0,0.0,1.0,0.0,0.0
9436,1,60,15928,14,60,1,1,-1,2,1,0.6666666666666666,0.0,0.6666666666666666,4.394449154672439,1.2069489608125827
9437,3,60,28312,14,60,0,0,-1,1,0,0.0,0.0,1.0,0.0,0.0
9438,1,104,53764,14,104,0,1,-1,1,0,1.0,0.0,1.0,0.6931471805599453,0.0
9439,21,104,143368,14,104,0,0,-1,1,0,0.0,0.0,1.0,0.0,0.0
9440,1,60,9440,14,60,0,1,60,1,0,0.6666666666666666,0.0,1.0,74.01265734325665,0.0
9441,3,104,121012,14,104,0,0,-1,1,0,0.0,0.0,1.0,0.0,0.0
9442,1,122,14164,14,122,1,1,-1,2,1,0.7333333333333334,0.0,0.6666666666666666,1.0986122886681098,1.206948960812582
9443,6,122,42496,14,122,0,0,-1,1,0,0.0,0.0,1.0,0.0,0.0
9444,1,60,10096,14,60,0,1,-1,1,0,0.8,0.0,1.0,18.55862587170148,0.0
9445,3,60,28336,14,60,0,0,-1,1,0,0.0,0.0,1.0,0.0,0.0
9446,1,60,21256,14,60,0,1,-1,1,0,1.0,0.0,1.0,0.6931471805599453,0.0
9447,32,153,107620,14,153,0,0,-1,1,0,0.0,0.0,1.0,0.0,0.0
9448,1,60,9448,14,60,1,1,60,2,1,0.6666666666666666,0.0,0.6666666666666666,74.41812245136481,1.206948960812608
9449,3,60,71764,14,60,0,0,-1,1,0,0.0,0.0,1.0,0.0,0.0
9450,1,60,14176,14,60,0,1,-1,1,0,1.0,0.0,1.0,0.6931471805599453,0.0
9451,8,153,60568,14,153,0,0,-1,1,0,0.0,0.0,1.0,0.0,0.0
9452,1,60,11968,14,60,0,1,-1,1,0,0.6666666666666666,0.0,1.0,4.276666119016055,0.0
9453,3,60,28360,14,60,0,0,-1,1,0,0.0,0.0,1.0,0.0,0.0
9454,1,60,31912,14,60,1,1,-1,2,1,0.7333333333333334,0.0,0.6666666666666666,1.0986122886681098,1.206948960812582
9455,34,153,817936,14,153,0,0,-1,1,0,0.0,0.0,1.0,0.0,0.0
9456,1,60,9456,14,60,0,1,60,1,0,0.8,0.0,1.0,73.43729319835309,0.0
9457,3,60,28372,14,60,0,0,-1,1,0,0.0,0.0,1.0,0.0,0.0
9458,1,60,26944,14,60,0,1,-1,1,0,1.0,0.0,1.0,0.6931471805599453,0.0
9459,6,60,42568,14,60,0,0,-1,1,0,0.0,0.0,1.0,0.0,0.0
9460,1,60,9460,14,60,1,1,60,2,1,0.6666666666666666,0.0,0.6666666666666666,73.84275830646125,1.2069489608125767
9461,3,60,28384,14,60,0,0,-1,1,0,0.0,0.0,1.0,0.0,0.0
9462,1,60,23956,14,60,0,1,-1,1,0,1.0,0.0,1.0,0.6931471805599453,0.0
9463,8,60,63880,14,60,0,0,-1,1,0,0.0,0.0,1.0,0.0,0.0
9464,1,91,45520,14,91,0,1,-1,1,0,0.6666666666666666,0.0,1.0,10.057409634808385,0.0
9465,3,60,35944,14,60,0,0,-1,1,0,0.0,0.0,1.0,0.0,0.0
9466,1,91,45520,14,91,1,1,-1,2,1,0.7333333333333334,0.0,0.6666666666666666,1.0986122886681098,1.206948960812582
9467,52,104,345544,14,104,0,0,-1,1,0,0.0,0.0,1.0,0.0,0.0
9468,1,91,53944,14,91,0,1,-1,1,0,0.8,0.0,1.0,3.9889840465642745,0.0
9469,3,91,53944,14,91,0,0,-1,1,0,0.0,0.0,1.0,0.0,0.0
9470,1,153,182068,14,153,0,1,-1,1,0,1.0,0.0,1.0,0.6931471805599453,0.0
9471,29,153,485512,14,153,0,0,-1,1,0,0.0,0.0,1.0,0.0,0.0
9472,1,29,9472,14,29,1,1,29,2,1,0.6666666666666666,0.0,0.6666666666666666,36.04591041587676,1.2069489608125925
9473,3,60,28420,14,60,0,0,-1,1,0,0.0,0.0,1.0,0.0,0.0
9474,1,60,20248,14,60,0,1,-1,1,0,1.0,0.0,1.0,0.6931471805599453,0.0
9475,6,60,42640,14,60,0,0,-1,1,0,0.0,0.0,1.0,0.0,0.0
9476,1,122,9476,14,122,0,1,122,1,0,0.6666666666666666,0.0,1.0,148.4556248346186,0.0
9477,3,122,28432,14,122,0,0,-1,1,0,0.0,0.0,1.0,0.0,0.0
9478,1,122,21328,14,122,1,1,-1,2,1,0.7333333333333334,0.0,0.6666666666666666,1.0986122886681098,1.206948960812582
9479,11,197,129760,14,197,0,0,-1,1,0,0.0,0.0,1.0,0.0,0.0
9480,1,153,21688,14,153,0,1,-1,1,0,0.8,0.0,1.0,30.983159120641496,0.0
9481,3,153,102544,14,153,0,0,-1,1,0,0.0,0.0,1.0,0.0,0.0
9482,1,153,21688,14,153,0,1,-1,1,0,1.0,0.0,1.0,0.6931471805599453,0.0
9483,8,52,42676,14,52,0,0,-1,1,0,0.0,0.0,1.0,0.0,0.0
9484,1,153,21688,14,153,1,1,-1,2,1,0.6666666666666666,0.0,0.6666666666666666,4.394449154672439,1.2069489608125827
9485,3,153,28456,14,153,0,0,-1,1,0,0.0,0.0,1.0,0.0,0.0
9486,1,60,32020,14,60,0,1,-1,1,0,1.0,0.0,1.0,0.6931471805599453,0.0
9487,11,60,96064,14,60,0,0,-1,1,0,0.0,0.0,1.0,0.0,0.0
9488,1,78,9488,14,78,0,1,78,1,0,0.6666666666666666,0.0,1.0,95.22608890154153,0.0
9489,3,153,28468,14,153,0,0,-1,1,0,0.0,0.0,1.0,0.0,0.0
9490,1,52,40552,14,52,1,1,-1,2,1,0.7333333333333334,0.0,0.6666666666666666,1.0986122886681098,1.206948960812582
9491,6,52,42712,14,52,0,0,-1,1,0,0.0,0.0,1.0,0.0,0.0
9492,1,78,9492,14,78,0,1,78,1,0,0.8,0.0,1.0,94.65072475663797,0.0
9493,3,78,28480,14,78,0,0,-1,1,0,0.0,0.0,1.0,0.0,0.0
9494,1,153,21688,14,153,0,1,-1,1,0,1.0,0.0,1.0,0.6931471805599453,0.0
9495,8,153,64096,14,153,0,0,-1,1,0,0.0,0.0,1.0,0.0,0.0
9496,1,78,9496,14,78,1,1,78,2,1,0.6666666666666666,0.0,0.6666666666666666,95.34387193719792,1.2069489608125767
9497,3,52,32056,14,52,0,0,-1,1,0,0.0,0.0,1.0,0.0,0.0
9498,1,78,14248,14,78,0,1,-1,1,0,1.0,0.0,1.0,0.6931471805599453,0.0
9499,37,104,410884,14,104,0,0,-1,1,0,0.0,0.0,1.0,0.0,0.0
9500,1,166,250504,14,166,0,1,-1,1,0,0.6666666666666666,0.0,1.0,4.276666119016055,0.0
9501,3,166,250504,14,166,0,0,-1,1,0,0.0,0.0,1.0,0.0,0.0
9502,1,166,250504,14,166,1,1,-1,2,1,0.7333333333333334,0.0,0.6666666666666666,1.0986122886681098,1.206948960812582
9503,16,153,144340,14,153,0,0,-1,1,0,0.0,0.0,1.0,0.0,0.0
9504,1,78,9504,14,78,0,1,78,1,0,0.8,0.0,1.0,94.65072475663797,0.0
9505,3,122,28516,14,122,0,0,-1,1,0,0.0,0.0,1.0,0.0,0.0
9506,1,52,14260,14,52,0,1,-1,1,0,1.0,0.0,1.0,0.6931471805599453,0.0
9507,6,52,42784,14,52,0,0,-1,1,0,0.0,0.0,1.0,0.0,0.0
9508,1,52,12040,14,52,1,1,-1,2,1,0.6666666666666666,0.0,0.6666666666666666,9.887510598012987,1.2069489608125807
9509,3,52,28528,14,52,0,0,-1,1,0,0.0,0.0,1.0,0.0,0.0
9510,1,52,21400,14,52,0,1,-1,1,0,1.0,0.0,1.0,0.6931471805599453,0.0
9511,13,52,72232,14,52,0,0,-1,1,0,0.0,0.0,1.0,0.0,0.0
9512,1,78,9512,14,78,0,1,78,1,0,0.6666666666666666,0.0,1.0,95.22608890154153,0.0
9513,3,197,146500,14,197,0,0,-1,1,0,0.0,0.0,1.0,0.0,0.0
9514,1,78,14272,14,78,1,1,-1,2,1,0.7333333333333334,0.0,0.6666666666666666,1.0986122886681098,1.206948960812582
9515,8,52,42820,14,52,0,0,-1,1,0,0.0,0.0,1.0,0.0,0.0
9516,1,78,10708,14,78,0,1,-1,1,0,0.8,0.0,1.0,3.9889840465642745,0.0
9517,3,78,28552,14,78,0,0,-1,1,0,0.0,0.0,1.0,0.0,0.0
9518,1,78,32128,14,78,0,1,-1,1,0,1.0,0.0,1.0,0.6931471805599453,0.0
9519,21,104,96388,14,104,0,0,-1,1,0,0.0,0.0,1.0,0.0,0.0
9520,1,78,9520,14,78,1,1,78,2,1,0.6666666666666666,0.0,0.6666666666666666,95.6315540096497,1.2069489608125767
9521,3,34,28564,14,34,0,0,-1,1,0,0.0,0.0,1.0,0.0,0.0
9522,1,34,16072,14,34,0,1,-1,1,0,1.0,0.0,1.0,0.6931471805599453,0.0
9523,6,34,42856,14,34,0,0,-1,1,0,0.0,0.0,1.0,0.0,0.0
9524,1,78,9524,14,78,0,1,78,1,0,0.6666666666666666,0.0,1.0,95.22608890154153,0.0
9525,3,78,28576,14,78,0,0,-1,1,0,0.0,0.0,1.0,0.0,0.0
9526,1,197,695464,14,197,1,1,-1,2,1,0.7333333333333334,0.0,0.6666666666666666,1.0986122886681098,1.206948960812582
9527,8,197,695464,14,197,0,0,-1,1,0,0.0,0.0,1.0,0.0,0.0
9528,1,52,15280,14,52,0,1,-1,1,0,0.8,0.0,1.0,18.55862587170148,0.0
9529,3,104,61072,14,104,0,0,-1,1,0,0.0,0.0,1.0,0.0,0.0
9530,1,52,15280,14,52,0,1,-1,1,0,1.0,0.0,1.0,0.6931471805599453,0.0
9531,11,78,48256,14,78,0,0,-1,1,0,0.0,0.0,1.0,0.0,0.0
9532,1,52,24136,14,52,1,1,-1,2,1,0.6666666666666666,0.0,0.6666666666666666,4.394449154672439,1.2069489608125827
9533,3,52,28600,14,52,0,0,-1,1,0,0.0,0.0,1.0,0.0,0.0
9534,1,104,122200,14,104,0,1,-1,1,0,1.0,0.0,1.0,0.6931471805599453,0.0
9535,37,104,217240,14,104,0,0,-1,1,0,0.0,0.0,1.0,0.0,0.0
9536,1,29,9536,14,29,0,1,29,1,0,0.6666666666666666,0.0,1.0,35.92812738022038,0.0
9537,3,78,28612,14,78,0,0,-1,1,0,0.0,0.0,1.0,0.0,0.0
9538,1,78,14308,14,78,1,1,-1,2,1,0.7333333333333334,0.0,0.6666666666666666,1.0986122886681098,1.206948960812582
9539,6,78,42928,14,78,0,0,-1,1,0,0.0,0.0,1.0,0.0,0.0
9540,1,104,39364,14,104,0,1,-1,1,0,0.8,0.0,1.0,19.421672089056827,0.0
9541,3,104,39364,14,104,0,0,-1,1,0,0.0,0.0,1.0,0.0,0.0
9542,1,104,39364,14,104,0,1,-1,1,0,1.0,0.0,1.0,0.6931471805599453,0.0
9543,26,52,122308,14,52,0,0,-1,1,0,0.0,0.0,1.0,0.0,0.0
9544,1,104,39364,14,104,1,1,-1,2,1,0.6666666666666666,0.0,0.6666666666666666,16.531300331160658,1.2069489608125845
9545,3,78,48328,14,78,0,0,-1,1,0,0.0,0.0,1.0,0.0,0.0
9546,1,104,39364,14,104,0,1,-1,1,0,1.0,0.0,1.0,0.6931471805599453,0.0
9547,8,104,42964,14,104,0,0,-1,1,0,0.0,0.0,1.0,0.0,0.0
9548,1,104,39364,14,104,0,1,-1,1,0,0.6666666666666666,0.0,1.0,4.276666119016055,0.0
9549,3,104,39364,14,104,0,0,-1,1,0,0.0,0.0,1.0,0.0,0.0
9550,1,60,40804,14,60,1,1,-1,2,1,0.7333333333333334,0.0,0.6666666666666666,1.0986122886681098,1.206948960812582
9551,13,60,96712,14,60,0,0,-1,1,0,0.0,0.0,1.0,0.0,0.0
9552,1,29,9552,14,29,0,1,29,1,0,0.8,0.0,1.0,35.35276323531682,0.0
9553,3,104,103336,14,104,0,0,-1,1,0,0.0,0.0,1.0,0.0,0.0
9554,1,104,275560,14,104,0,1,-1,1,0,1.0,0.0,1.0,0.6931471805599453,0.0
9555,6,104,275560,14,104,0,0,-1,1,0,0.0,0.0,1.0,0.0,0.0
9556,1,29,9556,14,29,1,1,29,2,1,0.6666666666666666,0.0,0.6666666666666666,35.75822834342498,1.2069489608125925
9557,3,29,28672,14,29,0,0,-1,1,0,0.0,0.0,1.0,0.0,0.0
9558,1,78,21508,14,78,0,1,-1,1,0,1.0,0.0,1.0,0.6931471805599453,0.0
9559,8,78,64528,14,78,0,0,-1,1,0,0.0,0.0,1.0,0.0,0.0
9560,1,122,9560,14,122,0,1,122,1,0,0.6666666666666666,0.0,1.0,148.4556248346186,0.0
9561,3,78,32272,14,78,0,0,-1,1,0,0.0,0.0,1.0,0.0,0.0
9562,1,122,14344,14,122,1,1,-1,2,1,0.7333333333333334,0.0,0.6666666666666666,1.0986122886681098,1.206948960812582
9563,16,197,1276936,14,197,0,0,-1,1,0,0.0,0.0,1.0,0.0,0.0
9564,1,122,16144,14,122,0,1,-1,1,0,0.8,0.0,1.0,3.9889840465642745,0.0
9565,3,122,28696,14,122,0,0,-1,1,0,0.0,0.0,1.0,0.0,0.0
9566,1,78,48436,14,78,0,1,-1,1,0,1.0,0.0,1.0,0.6931471805599453,0.0
9567,13,78,145312,14,78,0,0,-1,1,0,0.0,0.0,1.0,0.0,0.0
9568,1,122,9568,14,122,1,1,122,2,1,0.6666666666666666,0.0,0.6666666666666666,149.43645408763032,1.2069489608125767
9569,3,78,36340,14,78,0,0,-1,1,0,0.0,0.0,1.0,0.0,0.0
9570,1,73,14356,14,73,0,1,-1,1,0,1.0,0.0,1.0,0.6931471805599453,0.0
9571,6,73,43072,14,73,0,0,-1,1,0,0.0,0.0,1.0,0.0,0.0
9572,1,73,9572,14,73,0,1,73,1,0,0.6666666666666666,0.0,1.0,88.29461709594207,0.0
9573,3,73,28720,14,73,0,0,-1,1,0,0.0,0.0,1.0,0.0,0.0
9574,1,73,21544,14,73,1,1,-1,2,1,0.7333333333333334,0.0,0.6666666666666666,1.0986122886681098,1.206948960812582
9575,39,197,6810136,14,197,0,0,-1,1,0,0.0,0.0,1.0,0.0,0.0
9576,1,122,9576,14,122,0,1,122,1,0,0.8,0.0,1.0,148.7433069070704,0.0
9577,3,153,72736,14,153,0,0,-1,1,0,0.0,0.0,1.0,0.0,0.0
9578,1,122,14368,14,122,0,1,-1,1,0,1.0,0.0,1.0,0.6931471805599453,0.0
9579,8,153,65608,14,153,0,0,-1,1,0,0.0,0.0,1.0,0.0,0.0
9580,1,34,18196,14,34,1,1,-1,2,1,0.6666666666666666,0.0,0.6666666666666666,4.394449154672439,1.2069489608125827
9581,3,34,28744,14,34,0,0,-1,1,0,0.0,0.0,1.0,0.0,0.0
9582,1,34,32344,14,34,0,1,-1,1,0,1.0,0.0,1.0,0.6931471805599453,0.0
9583,16,135,560356,14,135,0,0,-1,1,0,0.0,0.0,1.0,0.0,0.0
9584,1,122,9584,14,122,0,1,122,1,0,0.6666666666666666,0.0,1.0,149.31867105197395,0.0
9585,3,122,28756,14,122,0,0,-1,1,0,0.0,0.0,1.0,0.0,0.0
9586,1,73,16180,14,73,1,1,-1,2,1,0.7333333333333334,0.0,0.6666666666666666,1.0986122886681098,1.206948960812582
9587,6,73,43144,14,73,0,0,-1,1,0,0.0,0.0,1.0,0.0,0.0
9588,1,122,9588,14,122,0,1,122,1,0,0.8,0.0,1.0,148.7433069070704,0.0
9589,3,122,28768,14,122,0,0,-1,1,0,0.0,0.0,1.0,0.0,0.0
9590,1,166,24280,14,166,0,1,-1,1,0,1.0,0.0,1.0,0.6931471805599453,0.0
9591,8,166,64744,14,166,0,0,-1,1,0,0.0,0.0,1.0,0.0,0.0
9592,1,73,12148,14,73,1,1,-1,2,1,0.6666666666666666,0.0,0.6666666666666666,10.462874742916549,1.2069489608125807
9593,3,122,599056,14,122,0,0,-1,1,0,0.0,0.0,1.0,0.0,0.0
9594,1,73,14392,14,73,0,1,-1,1,0,1.0,0.0,1.0,0.6931471805599453,0.0
9595,13,73,48580,14,73,0,0,-1,1,0,0.0,0.0,1.0,0.0,0.0
9596,1,73,36448,14,73,0,1,-1,1,0,0.6666666666666666,0.0,1.0,4.276666119016055,0.0
9597,3,73,36448,14,73,0,0,-1,1,0,0.0,0.0,1.0,0.0,0.0
9598,1,166,138400,14,166,1,1,-1,2,1,0.7333333333333334,0.0,0.6666666666666666,1.0986122886681098,1.206948960812582
9599,26,166,328048,14,166,0,0,-1,1,0,0.0,0.0,1.0,0.0,0.0
9600,1,21,9600,14,21,0,1,21,1,0,0.8,0.0,1.0,25.125454563713028,0.0
9601,3,166,28804,14,166,0,0,-1,1,0,0.0,0.0,1.0,0.0,0.0
9602,1,122,14404,14,122,0,1,-1,1,0,1.0,0.0,1.0,0.6931471805599453,0.0
9603,6,122,43216,14,122,0,0,-1,1,0,0.0,0.0,1.0,0.0,0.0
9604,1,166,17332,14,166,1,1,-1,2,1,0.6666666666666666,0.0,0.6666666666666666,24.4571524231502,1.2069489608125845
9605,3,166,28816,14,166,0,0,-1,1,0,0.0,0.0,1.0,0.0,0.0
9606,1,166,21616,14,166,0,1,-1,1,0,1.0,0.0,1.0,0.6931471805599453,0.0
9607,11,122,64852,14,122,0,0,-1,1,0,0.0,0.0,1.0,0.0,0.0
9608,1,60,9608,14,60,0,1,60,1,0,0.6666666666666666,0.0,1.0,73.72497527080486,0.0
9609,3,73,54736,14,73,0,0,-1,1,0,0.0,0.0,1.0,0.0,0.0
9610,1,60,14416,14,60,1,1,-1,2,1,0.7333333333333334,0.0,0.6666666666666666,1.0986122886681098,1.206948960812582
9611,8,166,43252,14,166,0,0,-1,1,0,0.0,0.0,1.0,0.0,0.0
9612,1,60,10816,14,60,0,1,-1,1,0,0.8,0.0,1.0,3.9889840465642745,0.0
9613,3,60,28840,14,60,0,0,-1,1,0,0.0,0.0,1.0,0.0,0.0
9614,1,122,32452,14,122,0,1,-1,1,0,1.0,0.0,1.0,0.6931471805599453,0.0
9615,11,122,97360,14,122,0,0,-1,1,0,0.0,0.0,1.0,0.0,0.0
9616,1,60,9616,14,60,1,1,60,2,1,0.6666666666666666,0.0,0.6666666666666666,74.13044037891304,1.2069489608125767
9617,3,47,28852,14,47,0,0,-1,1,0,0.0,0.0,1.0,0.0,0.0
9618,1,47,24352,14,47,0,1,-1,1,0,1.0,0.0,1.0,0.6931471805599453,0.0
9619,6,47,43288,14,47,0,0,-1,1,0,0.0,0.0,1.0,0.0,0.0
9620,1,60,9620,14,60,0,1,60,1,0,0.6666666666666666,0.0,1.0,73.72497527080486,0.0
9621,3,60,28864,14,60,0,0,-1,1,0,0.0,0.0,1.0,0.0,0.0
9622,1,47,21652,14,47,1,1,-1,2,1,0.7333333333333334,0.0,0.6666666666666666,1.0986122886681098,1.206948960812582
9623,8,47,64960,14,47,0,0,-1,1,0,0.0,0.0,1.0,0.0,0.0
9624,1,60,9624,14,60,0,1,60,1,0,0.8,0.0,1.0,73.43729319835309,0.0
9625,3,47,32488,14,47,0,0,-1,1,0,0.0,0.0,1.0,0.0,0.0
9626,1,60,14440,14,60,0,1,-1,1,0,1.0,0.0,1.0,0.6931471805599453,0.0
9627,19,47,109672,14,47,0,0,-1,1,0,0.0,0.0,1.0,0.0,0.0
9628,1,73,61720,14,73,1,1,-1,2,1,0.6666666666666666,0.0,0.6666666666666666,4.394449154672439,1.2069489608125827
9629,3,73,61720,14,73,0,0,-1,1,0,0.0,0.0,1.0,0.0,0.0
9630,1,73,61720,14,73,0,1,-1,1,0,1.0,0.0,1.0,0.6931471805599453,0.0
9631,60,158,395440,14,158,0,0,-1,1,0,0.0,0.0,1.0,0.0,0.0
9632,1,21,9632,14,21,0,1,21,1,0,0.6666666666666666,0.0,1.0,25.988500781068367,0.0
9633,3,47,28900,14,47,0,0,-1,1,0,0.0,0.0,1.0,0.0,0.0
9634,1,122,14452,14,122,1,1,-1,2,1,0.7333333333333334,0.0,0.6666666666666666,1.0986122886681098,1.206948960812582
9635,6,122,43360,14,122,0,0,-1,1,0,0.0,0.0,1.0,0.0,0.0
9636,1,122,18304,14,122,0,1,-1,1,0,0.8,0.0,1.0,9.482045489904824,0.0
9637,3,122,28912,14,122,0,0,-1,1,0,0.0,0.0,1.0,0.0,0.0
9638,1,122,21688,14,122,0,1,-1,1,0,1.0,0.0,1.0,0.6931471805599453,0.0
9639,16,135,250504,14,135,0,0,-1,1,0,0.0,0.0,1.0,0.0,0.0
9640,1,21,9640,14,21,1,1,21,2,1,0.6666666666666666,0.0,0.6666666666666666,26.39396588917653,1.2069489608125925
9641,3,73,164752,14,73,0,0,-1,1,0,0.0,0.0,1.0,0.0,0.0
9642,1,21,14464,14,21,0,1,-1,1,0,1.0,0.0,1.0,0.6931471805599453,0.0
9643,8,166,43396,14,166,0,0,-1,1,0,0.0,0.0,1.0,0.0,0.0
9644,1,166,10852,14,166,0,1,-1,1,0,0.6666666666666666,0.0,1.0,4.276666119016055,0.0
9645,3,166,28936,14,166,0,0,-1,1,0,0.0,0.0,1.0,0.0,0.0
9646,1,166,32560,14,166,1,1,-1,2,1,0.7333333333333334,0.0,0.6666666666666666,1.0986122886681098,1.206948960812582
9647,13,122,97684,14,122,0,0,-1,1,0,0.0,0.0,1.0,0.0,0.0
9648,1,73,9648,14,73,0,1,73,1,0,0.8,0.0,1.0,88.29461709594207,0.0
9649,3,60,28948,14,60,0,0,-1,1,0,0.0,0.0,1.0,0.0,0.0
9650,1,60,16288,14,60,0,1,-1,1,0,1.0,0.0,1.0,0.6931471805599453,0.0
9651,6,60,43432,14,60,0,0,-1,1,0,0.0,0.0,1.0,0.0,0.0
9652,1,73,9652,14,73,1,1,73,2,1,0.6666666666666666,0.0,0.6666666666666666,88.70008220405025,1.2069489608125767
9653,3,73,28960,14,73,0,0,-1,1,0,0.0,0.0,1.0,0.0,0.0
9654,1,104,223072,14,104,0,1,-1,1,0,1.0,0.0,1.0,0.6931471805599453,0.0
9655,8,104,223072,14,104,0,0,-1,1,0,0.0,0.0,1.0,0.0,0.0
9656,1,73,9656,14,73,0,1,73,1,0,0.6666666666666666,0.0,1.0,88.29461709594207,0.0
9657,3,60,32596,14,60,0,0,-1,1,0,0.0,0.0,1.0,0.0,0.0
9658,1,73,14488,14,73,1,1,-1,2,1,0.7333333333333334,0.0,0.6666666666666666,1.0986122886681098,1.206948960812582
9659,11,166,48904,14,166,0,0,-1,1,0,0.0,0.0,1.0,0.0,0.0
9660,1,122,27520,14,122,0,1,-1,1,0,0.8,0.0,1.0,3.9889840465642745,0.0
9661,3,122,28984,14,122,0,0,-1,1,0,0.0,0.0,1.0,0.0,0.0
9662,1,122,73384,14,122,0,1,-1,1,0,1.0,0.0,1.0,0.6931471805599453,0.0
9663,88,184,27114424,14,184,0,0,-1,1,0,0.0,0.0,1.0,0.0,0.0
9664,1,21,9664,14,21,1,1,21,2,1,0.6666666666666666,0.0,0.6666666666666666,26.393965889176535,1.2069489608125845
9665,3,73,28996,14,73,0,0,-1,1,0,0.0,0.0,1.0,0.0,0.0
9666,1,73,69712,14,73,0,1,-1,1,0,1.0,0.0,1.0,0.6931471805599453,0.0
9667,6,73,69712,14,73,0,0,-1,1,0,0.0,0.0,1.0,0.0,0.0
9668,1,21,9668,14,21,0,1,21,1,0,0.6666666666666666,0.0,1.0,25.413136636164808,0.0
9669,3,21,29008,14,21,0,0,-1,1,0,0.0,0.0,1.0,0.0,0.0
9670,1,21,21760,14,21,1,1,-1,2,1,0.7333333333333334,0.0,0.6666666666666666,1.0986122886681098,1.206948960812582
9671,13,73,65284,14,73,0,0,-1,1,0,0.0,0.0,1.0,0.0,0.0
9672,1,60,13120,14,60,0,1,-1,1,0,0.8,0.0,1.0,31.846205337996835,0.0
9673,3,60,48976,14,60,0,0,-1,1,0,0.0,0.0,1.0,0.0,0.0
9674,1,60,14512,14,60,0,1,-1,1,0,1.0,0.0,1.0,0.6931471805599453,0.0
9675,8,73,43540,14,73,0,0,-1,1,0,0.0,0.0,1.0,0.0,0.0
9676,1,60,13120,14,60,1,1,-1,2,1,0.6666666666666666,0.0,0.6666666666666666,4.394449154672439,1.2069489608125827
9677,3,60,29032,14,60,0,0,-1,1,0,0.0,0.0,1.0,0.0,0.0
9678,1,166,93040,14,166,0,1,-1,1,0,1.0,0.0,1.0,0.6931471805599453,0.0
9679,24,166,98008,14,166,0,0,-1,1,0,0.0,0.0,1.0,0.0,0.0
9680,1,21,9680,14,21,0,1,21,1,0,0.6666666666666666,0.0,1.0,26.27618285352015,0.0
9681,3,60,29044,14,60,0,0,-1,1,0,0.0,0.0,1.0,0.0,0.0
9682,1,104,176740,14,104,1,1,-1,2,1,0.7333333333333334,0.0,0.6666666666666666,1.0986122886681098,1.206948960812582
9683,6,104,176740,14,104,0,0,-1,1,0,0.0,0.0,1.0,0.0,0.0
9684,1,21,9684,14,21,0,1,21,1,0,0.8,0.0,1.0,25.700818708616588,0.0
9685,3,21,29056,14,21,0,0,-1,1,0,0.0,0.0,1.0,0.0,0.0
9686,1,166,44224,14,166,0,1,-1,1,0,1.0,0.0,1.0,0.6931471805599453,0.0
9687,8,166,65392,14,166,0,0,-1,1,0,0.0,0.0,1.0,0.0,0.0
9688,1,73,39364,14,73,1,1,-1,2,1,0.6666666666666666,0.0,0.6666666666666666,25.895562785409105,1.2069489608125845
9689,3,73,39364,14,73,0,0,-1,1,0,0.0,0.0,1.0,0.0,0.0
9690,1,73,39364,14,73,0,1,-1,1,0,1.0,0.0,1.0,0.6931471805599453,0.0
9691,13,60,73600,14,60,0,0,-1,1,0,0.0,0.0,1.0,0.0,0.0
9692,1,73,39364,14,73,0,1,-1,1,0,0.6666666666666666,0.0,1.0,4.276666119016055,0.0
9693,3,73,39364,14,73,0,0,-1,1,0,0.0,0.0,1.0,0.0,0.0
9694,1,166,209680,14,166,1,1,-1,2,1,0.7333333333333334,0.0,0.6666666666666666,1.0986122886681098,1.206948960812582
9695,34,166,209680,14,166,0,0,-1,1,0,0.0,0.0,1.0,0.0,0.0
9696,1,47,9696,14,47,0,1,47,1,0,0.8,0.0,1.0,57.14155893850521,0.0
9697,3,135,95956,14,135,0,0,-1,1,0,0.0,0.0,1.0,0.0,0.0
9698,1,21,14548,14,21,0,1,-1,1,0,1.0,0.0,1.0,0.6931471805599453,0.0
9699,6,21,43648,14,21,0,0,-1,1,0,0.0,0.0,1.0,0.0,0.0
9700,1,166,1276936,14,166,1,1,-1,2,1,0.6666666666666666,0.0,0.6666666666666666,15.380572041353533,1.2069489608125807
9701,3,166,1276936,14,166,0,0,-1,1,0,0.0,0.0,1.0,0.0,0.0
9702,1,166,1276936,14,166,0,1,-1,1,0,1.0,0.0,1.0,0.6931471805599453,0.0
9703,32,135,110536,14,135,0,0,-1,1,0,0.0,0.0,1.0,0.0,0.0
9704,1,47,9704,14,47,0,1,47,1,0,0.6666666666666666,0.0,1.0,57.71692308340877,0.0
9705,3,179,1702276,14,179,0,0,-1,1,0,0.0,0.0,1.0,0.0,0.0
9706,1,47,14560,14,47,1,1,-1,2,1,0.7333333333333334,0.0,0.6666666666666666,1.0986122886681098,1.206948960812582
9707,8,166,6810136,14,166,0,0,-1,1,0,0.0,0.0,1.0,0.0,0.0
9708,1,122,12292,14,122,0,1,-1,1,0,0.8,0.0,1.0,3.9889840465642745,0.0
9709,3,122,29128,14,122,0,0,-1,1,0,0.0,0.0,1.0,0.0,0.0
9710,1,122,32776,14,122,0,1,-1,1,0,1.0,0.0,1.0,0.6931471805599453,0.0
9711,24,60,165940,14,60,0,0,-1,1,0,0.0,0.0,1.0,0.0,0.0
9712,1,47,9712,14,47,1,1,47,2,1,0.6666666666666666,0.0,0.6666666666666666,57.54702404661337,1.2069489608125925
9713,3,47,29140,14,47,0,0,-1,1,0,0.0,0.0,1.0,0.0,0.0
9714,1,166,18448,14,166,0,1,-1,1,0,1.0,0.0,1.0,0.6931471805599453,0.0
9715,6,166,43720,14,166,0,0,-1,1,0,0.0,0.0,1.0,0.0,0.0
9716,1,47,9716,14,47,0,1,47,1,0,0.6666666666666666,0.0,1.0,57.14155893850521,0.0
9717,3,47,29152,14,47,0,0,-1,1,0,0.0,0.0,1.0,0.0,0.0
9718,1,122,41524,14,122,1,1,-1,2,1,0.7333333333333334,0.0,0.6666666666666666,1.0986122886681098,1.206948960812582
9719,8,122,65608,14,122,0,0,-1,1,0,0.0,0.0,1.0,0.0,0.0
9720,1,166,27700,14,166,0,1,-1,1,0,0.8,0.0,1.0,9.769727562356604,0.0
9721,3,166,36916,14,166,0,0,-1,1,0,0.0,0.0,1.0,0.0,0.0
9722,1,166,27700,14,166,0,1,-1,1,0,1.0,0.0,1.0,0.6931471805599453,0.0
9723,16,104,55384,14,104,0,0,-1,1,0,0.0,0.0,1.0,0.0,0.0
9724,1,166,83104,14,166,1,1,-1,2,1,0.6666666666666666,0.0,0.6666666666666666,4.394449154672439,1.2069489608125827
9725,3,166,83104,14,166,0,0,-1,1,0,0.0,0.0,1.0,0.0,0.0
9726,1,91,599056,14,91,0,1,-1,1,0,1.0,0.0,1.0,0.6931471805599453,0.0
9727,52,91,747952,14,91,0,0,-1,1,0,0.0,0.0,1.0,0.0,0.0
9728,1,29,9728,14,29,0,1,29,1,0,0.6666666666666666,0.0,1.0,35.92812738022038,0.0
9729,3,166,29188,14,166,0,0,-1,1,0,0.0,0.0,1.0,0.0,0.0
9730,1,47,14596,14,47,1,1,-1,2,1,0.7333333333333334,0.0,0.6666666666666666,1.0986122886681098,1.206948960812582
9731,6,47,43792,14,47,0,0,-1,1,0,0.0,0.0,1.0,0.0,0.0
9732,1,47,9732,14,47,0,1,47,1,0,0.8,0.0,1.0,56.85387686605343,0.0
9733,3,47,29200,14,47,0,0,-1,1,0,0.0,0.0,1.0,0.0,0.0
9734,1,47,21904,14,47,0,1,-1,1,0,1.0,0.0,1.0,0.6931471805599453,0.0
9735,11,47,65716,14,47,0,0,-1,1,0,0.0,0.0,1.0,0.0,0.0
9736,1,135,9736,14,135,1,1,135,2,1,0.6666666666666666,0.0,0.6666666666666666,164.8691421301229,1.2069489608125767
9737,3,166,49300,14,166,0,0,-1,1,0,0.0,0.0,1.0,0.0,0.0
9738,1,135,14608,14,135,0,1,-1,1,0,1.0,0.0,1.0,0.6931471805599453,0.0
9739,8,47,43828,14,47,0,0,-1,1,0,0.0,0.0,1.0,0.0,0.0
9740,1,135,10960,14,135,0,1,-1,1,0,0.6666666666666666,0.0,1.0,4.276666119016055,0.0
9741,3,135,29224,14,135,0,0,-1,1,0,0.0,0.0,1.0,0.0,0.0
9742,1,47,32884,14,47,1,1,-1,2,1,0.7333333333333334,0.0,0.6666666666666666,1.0986122886681098,1.206948960812582
9743,11,47,98656,14,47,0,0,-1,1,0,0.0,0.0,1.0,0.0,0.0
9744,1,135,9744,14,135,0,1,135,1,0,0.8,0.0,1.0,164.17599494956292,0.0
9745,3,135,29236,14,135,0,0,-1,1,0,0.0,0.0,1.0,0.0,0.0
9746,1,122,24676,14,122,0,1,-1,1,0,1.0,0.0,1.0,0.6931471805599453,0.0
9747,6,122,43864,14,122,0,0,-1,1,0,0.0,0.0,1.0,0.0,0.0
9748,1,135,9748,14,135,1,1,135,2,1,0.6666666666666666,0.0,0.6666666666666666,164.5814600576711,1.2069489608125767
9749,3,135,29248,14,135,0,0,-1,1,0,0.0,0.0,1.0,0.0,0.0
9750,1,122,21940,14,122,0,1,-1,1,0,1.0,0.0,1.0,0.6931471805599453,0.0
9751,8,122,65824,14,122,0,0,-1,1,0,0.0,0.0,1.0,0.0,0.0
9752,1,135,9752,14,135,0,1,135,1,0,0.6666666666666666,0.0,1.0,164.46367702201474,0.0
9753,3,122,32920,14,122,0,0,-1,1,0,0.0,0.0,1.0,0.0,0.0
9754,1,135,14632,14,135,1,1,-1,2,1,0.7333333333333334,0.0,0.6666666666666666,1.0986122886681098,1.206948960812582
9755,21,60,166696,14,60,0,0,-1,1,0,0.0,0.0,1.0,0.0,0.0
9756,1,135,16468,14,135,0,1,-1,1,0,0.8,0.0,1.0,3.9889840465642745,0.0
9757,3,135,29272,14,135,0,0,-1,1,0,0.0,0.0,1.0,0.0,0.0
9758,1,135,49408,14,135,0,1,-1,1,0,1.0,0.0,1.0,0.6931471805599453,0.0
9759,21,153,148228,14,153,0,0,-1,1,0,0.0,0.0,1.0,0.0,0.0
9760,1,42,9760,14,42,1,1,42,2,1,0.6666666666666666,0.0,0.6666666666666666,51.76628053082106,1.2069489608125925
9761,3,47,29284,14,47,0,0,-1,1,0,0.0,0.0,1.0,0.0,0.0
9762,1,135,14644,14,135,0,1,-1,1,0,1.0,0.0,1.0,0.6931471805599453,0.0
9763,6,135,43936,14,135,0,0,-1,1,0,0.0,0.0,1.0,0.0,0.0
9764,1,73,13912,14,73,0,1,-1,1,0,0.6666666666666666,0.0,1.0,9.769727562356604,0.0
9765,3,73,29296,14,73,0,0,-1,1,0,0.0,0.0,1.0,0.0,0.0
9766,1,73,21976,14,73,1,1,-1,2,1,0.7333333333333334,0.0,0.6666666666666666,1.0986122886681098,1.206948960812582
9767,13,73,74176,14,73,0,0,-1,1,0,0.0,0.0,1.0,0.0,0.0
9768,1,42,9768,14,42,0,1,42,1,0,0.8,0.0,1.0,51.07313335026112,0.0
9769,3,104,281716,14,104,0,0,-1,1,0,0.0,0.0,1.0,0.0,0.0
9770,1,42,14656,14,42,0,1,-1,1,0,1.0,0.0,1.0,0.6931471805599453,0.0
9771,8,135,43972,14,135,0,0,-1,1,0,0.0,0.0,1.0,0.0,0.0
9772,1,47,10996,14,47,1,1,-1,2,1,0.6666666666666666,0.0,0.6666666666666666,4.394449154672439,1.2069489608125827
9773,3,47,29320,14,47,0,0,-1,1,0,0.0,0.0,1.0,0.0,0.0
9774,1,47,32992,14,47,0,1,-1,1,0,1.0,0.0,1.0,0.6931471805599453,0.0
9775,44,153,634228,14,153,0,0,-1,1,0,0.0,0.0,1.0,0.0,0.0
9776,1,42,9776,14,42,0,1,42,1,0,0.6666666666666666,0.0,1.0,51.648497495164676,0.0
9777,3,47,29332,14,47,0,0,-1,1,0,0.0,0.0,1.0,0.0,0.0
9778,1,47,20896,14,47,1,1,-1,2,1,0.7333333333333334,0.0,0.6666666666666666,1.0986122886681098,1.206948960812582
9779,6,47,44008,14,47,0,0,-1,1,0,0.0,0.0,1.0,0.0,0.0
9780,1,42,9780,14,42,0,1,42,1,0,0.8,0.0,1.0,51.07313335026112,0.0
9781,3,42,29344,14,42,0,0,-1,1,0,0.0,0.0,1.0,0.0,0.0
9782,1,179,225988,14,179,0,1,-1,1,0,1.0,0.0,1.0,0.6931471805599453,0.0
9783,8,179,225988,14,179,0,0,-1,1,0,0.0,0.0,1.0,0.0,0.0
9784,1,135,9784,14,135,1,1,135,2,1,0.6666666666666666,0.0,0.6666666666666666,164.29377798521932,1.2069489608125767
9785,3,197,190996,14,197,0,0,-1,1,0,0.0,0.0,1.0,0.0,0.0
9786,1,135,14680,14,135,0,1,-1,1,0,1.0,0.0,1.0,0.6931471805599453,0.0
9787,11,197,190996,14,197,0,0,-1,1,0,0.0,0.0,1.0,0.0,0.0
9788,1,135,24784,14,135,0,1,-1,1,0,0.6666666666666666,0.0,1.0,4.276666119016055,0.0
9789,3,135,29368,14,135,0,0,-1,1,0,0.0,0.0,1.0,0.0,0.0
9790,1,73,74356,14,73,1,1,-1,2,1,0.7333333333333334,0.0,0.6666666666666666,1.0986122886681098,1.206948960812582
9791,16,73,223072,14,73,0,0,-1,1,0,0.0,0.0,1.0,0.0,0.0
9792,1,42,9792,14,42,0,1,42,1,0,0.8,0.0,1.0,50.78545127780934,0.0
9793,3,166,29380,14,166,0,0,-1,1,0,0.0,0.0,1.0,0.0,0.0
9794,1,166,14692,14,166,0,1,-1,1,0,1.0,0.0,1.0,0.6931471805599453,0.0
9795,6,166,44080,14,166,0,0,-1,1,0,0.0,0.0,1.0,0.0,0.0
9796,1,135,9796,14,135,1,1,135,2,1,0.6666666666666666,0.0,0.6666666666666666,164.29377798521932,1.2069489608125767
9797,3,135,29392,14,135,0,0,-1,1,0,0.0,0.0,1.0,0.0,0.0
9798,1,135,22048,14,135,0,1,-1,1,0,1.0,0.0,1.0,0.6931471805599453,0.0
9799,16,47,66148,14,47,0,0,-1,1,0,0.0,0.0,1.0,0.0,0.0
9800,1,135,9800,14,135,0,1,135,1,0,0.6666666666666666,0.0,1.0,164.46367702201474,0.0
9801,3,104,49624,14,104,0,0,-1,1,0,0.0,0.0,1.0,0.0,0.0
9802,1,135,14704,14,135,1,1,-1,2,1,0.7333333333333334,0.0,0.6666666666666666,1.0986122886681098,1.206948960812582
9803,8,135,44116,14,135,0,0,-1,1,0,0.0,0.0,1.0,0.0,0.0
9804,1,135,11032,14,135,0,1,-1,1,0,0.8,0.0,1.0,3.9889840465642745,0.0
9805,3,135,29416,14,135,0,0,-1,1,0,0.0,0.0,1.0,0.0,0.0
9806,1,104,59668,14,104,0,1,-1,1,0,1.0,0.0,1.0,0.6931471805599453,0.0
9807,13,104,99304,14,104,0,0,-1,1,0,0.0,0.0,1.0,0.0,0.0
9808,1,42,9808,14,42,1,1,42,2,1,0.6666666666666666,0.0,0.6666666666666666,51.766280530821064,1.2069489608125612
9809,3,166,29428,14,166,0,0,-1,1,0,0.0,0.0,1.0,0.0,0.0
9810,1,166,55888,14,166,0,1,-1,1,0,1.0,0.0,1.0,0.6931471805599453,0.0
9811,6,166,55888,14,166,0,0,-1,1,0,0.0,0.0,1.0,0.0,0.0
9812,1,42,9812,14,42,0,1,42,1,0,0.6666666666666666,0.0,1.0,51.360815422712896,0.0
9813,3,42,29440,14,42,0,0,-1,1,0,0.0,0.0,1.0,0.0,0.0
9814,1,135,22084,14,135,1,1,-1,2,1,0.7333333333333334,0.0,0.6666666666666666,1.0986122886681098,1.206948960812582
9815,8,135,66256,14,135,0,0,-1,1,0,0.0,0.0,1.0,0.0,0.0
9816,1,135,9816,14,135,0,1,135,1,0,0.8,0.0,1.0,164.17599494956292,0.0
9817,3,135,33136,14,135,0,0,-1,1,0,0.0,0.0,1.0,0.0,0.0
9818,1,135,14728,14,135,0,1,-1,1,0,1.0,0.0,1.0,0.6931471805599453,0.0
9819,26,73,83896,14,73,0,0,-1,1,0,0.0,0.0,1.0,0.0,0.0
9820,1,135,16576,14,135,1,1,-1,2,1,0.6666666666666666,0.0,0.6666666666666666,4.394449154672439,1.2069489608125827
9821,3,135,29464,14,135,0,0,-1,1,0,0.0,0.0,1.0,0.0,0.0
9822,1,122,59776,14,122,0,1,-1,1,0,1.0,0.0,1.0,0.6931471805599453,0.0
9823,13,122,149200,14,122,0,0,-1,1,0,0.0,0.0,1.0,0.0,0.0
9824,1,42,9824,14,42,0,1,42,1,0,0.6666666666666666,0.0,1.0,51.648497495164676,0.0
9825,3,47,37312,14,47,0,0,-1,1,0,0.0,0.0,1.0,0.0,0.0
9826,1,135,14740,14,135,1,1,-1,2,1,0.7333333333333334,0.0,0.6666666666666666,1.0986122886681098,1.206948960812582
9827,6,135,44224,14,135,0,0,-1,1,0,0.0,0.0,1.0,0.0,0.0
9828,1,135,9828,14,135,0,1,135,1,0,0.8,0.0,1.0,163.88831287711116,0.0
9829,3,135,29488,14,135,0,0,-1,1,0,0.0,0.0,1.0,0.0,0.0
9830,1,135,22120,14,135,0,1,-1,1,0,1.0,0.0,1.0,0.6931471805599453,0.0
9831,68,104,255472,14,104,0,0,-1,1,0,0.0,0.0,1.0,0.0,0.0
9832,1,42,9832,14,42,1,1,42,2,1,0.6666666666666666,0.0,0.6666666666666666,52.05396260327284,1.2069489608125767
9833,3,47,74680,14,47,0,0,-1,1,0,0.0,0.0,1.0,0.0,0.0
9834,1,42,14752,14,42,0,1,-1,1,0,1.0,0.0,1.0,0.6931471805599453,0.0
9835,8,166,53188,14,166,0,0,-1,1,0,0.0,0.0,1.0,0.0,0.0
9836,1,104,95956,14,104,0,1,-1,1,0,0.6666666666666666,0.0,1.0,4.276666119016055,0.0
9837,3,104,95956,14,104,0,0,-1,1,0,0.0,0.0,1.0,0.0,0.0
9838,1,104,95956,14,104,1,1,-1,2,1,0.7333333333333334,0.0,0.6666666666666666,1.0986122886681098,1.206948960812582
9839,19,47,112084,14,47,0,0,-1,1,0,0.0,0.0,1.0,0.0,0.0
9840,1,73,10528,14,73,0,1,-1,1,0,0.8,0.0,1.0,19.709354161508607,0.0
9841,3,42,29524,14,42,0,0,-1,1,0,0.0,0.0,1.0,0.0,0.0
9842,1,73,16612,14,73,0,1,-1,1,0,1.0,0.0,1.0,0.6931471805599453,0.0
9843,6,73,44296,14,73,0,0,-1,1,0,0.0,0.0,1.0,0.0,0.0
9844,1,73,10528,14,73,1,1,-1,2,1,0.6666666666666666,0.0,0.6666666666666666,20.11481926961677,1.2069489608125845
9845,3,73,29536,14,73,0,0,-1,1,0,0.0,0.0,1.0,0.0,0.0
9846,1,73,24928,14,73,0,1,-1,1,0,1.0,0.0,1.0,0.6931471805599453,0.0
9847,8,73,66472,14,73,0,0,-1,1,0,0.0,0.0,1.0,0.0,0.0
9848,1,73,12472,14,73,0,1,-1,1,0,0.6666666666666666,0.0,1.0,10.057409634808385,0.0
9849,3,73,56104,14,73,0,0,-1,1,0,0.0,0.0,1.0,0.0,0.0
9850,1,73,14776,14,73,1,1,-1,2,1,0.7333333333333334,0.0,0.6666666666666666,1.0986122886681098,1.206948960812582
9851,13,73,49876,14,73,0,0,-1,1,0,0.0,0.0,1.0,0.0,0.0
9852,1,210,250504,14,210,0,1,-1,1,0,0.8,0.0,1.0,3.9889840465642745,0.0
9853,3,210,250504,14,210,0,0,-1,1,0,0.0,0.0,1.0,0.0,0.0
9854,1,210,250504,14,210,0,1,-1,1,0,1.0,0.0,1.0,0.6931471805599453,0.0
9855,52,96,959092,14,96,0,0,-1,1,0,0.0,0.0,1.0,0.0,0.0
9856,1,29,9856,14,29,1,1,29,2,1,0.6666666666666666,0.0,0.6666666666666666,36.33359248832854,1.2069489608125925
9857,3,60,94768,14,60,0,0,-1,1,0,0.0,0.0,1.0,0.0,0.0
9858,1,42,14788,14,42,0,1,-1,1,0,1.0,0.0,1.0,0.6931471805599453,0.0
9859,6,42,44368,14,42,0,0,-1,1,0,0.0,0.0,1.0,0.0,0.0
9860,1,73,9860,14,73,0,1,73,1,0,0.6666666666666666,0.0,1.0,88.58229916839386,0.0
9861,3,73,29584,14,73,0,0,-1,1,0,0.0,0.0,1.0,0.0,0.0
9862,1,73,22192,14,73,1,1,-1,2,1,0.7333333333333334,0.0,0.6666666666666666,1.0986122886681098,1.206948960812582
9863,11,73,66580,14,73,0,0,-1,1,0,0.0,0.0,1.0,0.0,0.0
9864,1,135,9864,14,135,0,1,135,1,0,0.8,0.0,1.0,164.46367702201474,0.0
9865,3,96,84292,14,96,0,0,-1,1,0,0.0,0.0,1.0,0.0,0.0
9866,1,135,14800,14,135,0,1,-1,1,0,1.0,0.0,1.0,0.6931471805599453,0.0
9867,8,73,44404,14,73,0,0,-1,1,0,0.0,0.0,1.0,0.0,0.0
9868,1,135,11104,14,135,1,1,-1,2,1,0.6666666666666666,0.0,0.6666666666666666,4.394449154672439,1.2069489608125827
9869,3,135,29608,14,135,0,0,-1,1,0,0.0,0.0,1.0,0.0,0.0
9870,1,197,144340,14,197,0,1,-1,1,0,1.0,0.0,1.0,0.6931471805599453,0.0
9871,11,197,144340,14,197,0,0,-1,1,0,0.0,0.0,1.0,0.0,0.0
9872,1,135,9872,14,135,0,1,135,1,0,0.6666666666666666,0.0,1.0,165.03904116691828,0.0
9873,3,135,29620,14,135,0,0,-1,1,0,0.0,0.0,1.0,0.0,0.0
9874,1,135,25000,14,135,1,1,-1,2,1,0.7333333333333334,0.0,0.6666666666666666,1.0986122886681098,1.206948960812582
9875,6,135,44440,14,135,0,0,-1,1,0,0.0,0.0,1.0,0.0,0.0
9876,1,135,9876,14,135,0,1,135,1,0,0.8,0.0,1.0,164.46367702201474,0.0
9877,3,135,29632,14,135,0,0,-1,1,0,0.0,0.0,1.0,0.0,0.0
9878,1,135,22228,14,135,0,1,-1,1,0,1.0,0.0,1.0,0.6931471805599453,0.0
9879,8,135,66688,14,135,0,0,-1,1,0,0.0,0.0,1.0,0.0,0.0
9880,1,135,9880,14,135,1,1,135,2,1,0.6666666666666666,0.0,0.6666666666666666,165.15682420257468,1.2069489608125767
9881,3,166,33352,14,166,0,0,-1,1,0,0.0,0.0,1.0,0.0,0.0
9882,1,135,14824,14,135,0,1,-1,1,0,1.0,0.0,1.0,0.6931471805599453,0.0
9883,29,166,126664,14,166,0,0,-1,1,0,0.0,0.0,1.0,0.0,0.0
9884,1,135,18772,14,135,0,1,-1,1,0,0.6666666666666666,0.0,1.0,4.276666119016055,0.0
9885,3,135,29656,14,135,0,0,-1,1,0,0.0,0.0,1.0,0.0,0.0
9886,1,135,50056,14,135,1,1,-1,2,1,0.7333333333333334,0.0,0.6666666666666666,1.0986122886681098,1.206948960812582
9887,70,241,975400,14,241,0,0,-1,1,0,0.0,0.0,1.0,0.0,0.0
9888,1,29,9888,14,29,0,1,29,1,0,0.8,0.0,1.0,35.35276323531682,0.0
9889,3,122,29668,14,122,0,0,-1,1,0,0.0,0.0,1.0,0.0,0.0
9890,1,122,15856,14,122,0,1,-1,1,0,1.0,0.0,1.0,0.6931471805599453,0.0
9891,6,122,44512,14,122,0,0,-1,1,0,0.0,0.0,1.0,0.0,0.0
9892,1,122,42280,14,122,1,1,-1,2,1,0.6666666666666666,0.0,0.6666666666666666,9.887510598012987,1.2069489608125807
9893,3,122,42280,14,122,0,0,-1,1,0,0.0,0.0,1.0,0.0,0.0
9894,1,122,42280,14,122,0,1,-1,1,0,1.0,0.0,1.0,0.6931471805599453,0.0
9895,19,122,84544,14,122,0,0,-1,1,0,0.0,0.0,1.0,0.0,0.0
9896,1,29,9896,14,29,0,1,29,1,0,0.6666666666666666,0.0,1.0,35.92812738022038,0.0
9897,3,241,481624,14,241,0,0,-1,1,0,0.0,0.0,1.0,0.0,0.0
9898,1,29,14848,14,29,1,1,-1,2,1,0.7333333333333334,0.0,0.6666666666666666,1.0986122886681098,1.206948960812582
9899,8,96,67768,14,96,0,0,-1,1,0,0.0,0.0,1.0,0.0,0.0
9900,1,73,23812,14,73,0,1,-1,1,0,0.8,0.0,1.0,3.9889840465642745,0.0
9901,3,73,29704,14,73,0,0,-1,1,0,0.0,0.0,1.0,0.0,0.0
9902,1,73,33424,14,73,0,1,-1,1,0,1.0,0.0,1.0,0.6931471805599453,0.0
9903,13,73,100276,14,73,0,0,-1,1,0,0.0,0.0,1.0,0.0,0.0
9904,1,135,9904,14,135,1,1,135,2,1,0.6666666666666666,0.0,0.6666666666666666,165.15682420257468,1.2069489608125767
9905,3,42,29716,14,42,0,0,-1,1,0,0.0,0.0,1.0,0.0,0.0
9906,1,42,16720,14,42,0,1,-1,1,0,1.0,0.0,1.0,0.6931471805599453,0.0
9907,6,42,44584,14,42,0,0,-1,1,0,0.0,0.0,1.0,0.0,0.0
9908,1,135,9908,14,135,0,1,135,1,0,0.6666666666666666,0.0,1.0,164.75135909446652,0.0
9909,3,135,29728,14,135,0,0,-1,1,0,0.0,0.0,1.0,0.0,0.0
9910,1,73,37636,14,73,1,1,-1,2,1,0.7333333333333334,0.0,0.6666666666666666,1.0986122886681098,1.206948960812582
9911,8,73,66904,14,73,0,0,-1,1,0,0.0,0.0,1.0,0.0,0.0
9912,1,135,9912,14,135,0,1,135,1,0,0.8,0.0,1.0,164.17599494956292,0.0
9913,3,47,33460,14,47,0,0,-1,1,0,0.0,0.0,1.0,0.0,0.0
9914,1,135,14872,14,135,0,1,-1,1,0,1.0,0.0,1.0,0.6931471805599453,0.0
9915,11,47,50200,14,47,0,0,-1,1,0,0.0,0.0,1.0,0.0,0.0
9916,1,47,25108,14,47,1,1,-1,2,1,0.6666666666666666,0.0,0.6666666666666666,4.394449154672439,1.2069489608125827
9917,3,47,29752,14,47,0,0,-1,1,0,0.0,0.0,1.0,0.0,0.0
9918,1,47,75328,14,47,0,1,-1,1,0,1.0,0.0,1.0,0.6931471805599453,0.0
9919,21,148,225988,14,148,0,0,-1,1,0,0.0,0.0,1.0,0.0,0.0
9920,1,91,9920,14,91,0,1,91,1,0,0.6666666666666666,0.0,1.0,111.23414108893763,0.0
9921,3,135,29764,14,135,0,0,-1,1,0,0.0,0.0,1.0,0.0,0.0
9922,1,73,80512,14,73,1,1,-1,2,1,0.7333333333333334,0.0,0.6666666666666666,1.0986122886681098,1.206948960812582
9923,6,73,80512,14,73,0,0,-1,1,0,0.0,0.0,1.0,0.0,0.0
9924,1,42,9924,14,42,0,1,42,1,0,0.8,0.0,1.0,50.78545127780934,0.0
9925,3,42,29776,14,42,0,0,-1,1,0,0.0,0.0,1.0,0.0,0.0
9926,1,42,22336,14,42,0,1,-1,1,0,1.0,0.0,1.0,0.6931471805599453,0.0
9927,13,135,67012,14,135,0,0,-1,1,0,0.0,0.0,1.0,0.0,0.0
9928,1,42,9928,14,42,1,1,42,2,1,0.6666666666666666,0.0,0.6666666666666666,52.05396260327284,1.2069489608125767
9929,3,135,50272,14,135,0,0,-1,1,0,0.0,0.0,1.0,0.0,0.0
9930,1,42,14896,14,42,0,1,-1,1,0,1.0,0.0,1.0,0.6931471805599453,0.0
9931,8,117,44692,14,117,0,0,-1,1,0,0.0,0.0,1.0,0.0,0.0
9932,1,42,11176,14,42,0,1,-1,1,0,0.6666666666666666,0.0,1.0,4.276666119016055,0.0
9933,3,42,29800,14,42,0,0,-1,1,0,0.0,0.0,1.0,0.0,0.0
9934,1,166,190996,14,166,1,1,-1,2,1,0.7333333333333334,0.0,0.6666666666666666,1.0986122886681098,1.206948960812582
9935,26,166,190996,14,166,0,0,-1,1,0,0.0,0.0,1.0,0.0,0.0
9936,1,91,9936,14,91,0,1,91,1,0,0.8,0.0,1.0,110.65877694403407,0.0
9937,3,73,29812,14,73,0,0,-1,1,0,0.0,0.0,1.0,0.0,0.0
9938,1,73,37744,14,73,0,1,-1,1,0,1.0,0.0,1.0,0.6931471805599453,0.0
9939,6,73,44728,14,73,0,0,-1,1,0,0.0,0.0,1.0,0.0,0.0
9940,1,91,9940,14,91,1,1,91,2,1,0.6666666666666666,0.0,0.6666666666666666,111.06424205214223,1.2069489608125767
9941,3,91,29824,14,91,0,0,-1,1,0,0.0,0.0,1.0,0.0,0.0
9942,1,73,22372,14,73,0,1,-1,1,0,1.0,0.0,1.0,0.6931471805599453,0.0
9943,8,73,67120,14,73,0,0,-1,1,0,0.0,0.0,1.0,0.0,0.0
9944,1,73,9944,14,73,0,1,73,1,0,0.6666666666666666,0.0,1.0,89.15766331329742,0.0
9945,3,73,33568,14,73,0,0,-1,1,0,0.0,0.0,1.0,0.0,0.0
9946,1,73,14920,14,73,1,1,-1,2,1,0.7333333333333334,0.0,0.6666666666666666,1.0986122886681098,1.206948960812582
9947,13,135,75544,14,135,0,0,-1,1,0,0.0,0.0,1.0,0.0,0.0
9948,1,73,16792,14,73,0,1,-1,1,0,0.8,0.0,1.0,3.9889840465642745,0.0
9949,3,73,29848,14,73,0,0,-1,1,0,0.0,0.0,1.0,0.0,0.0
9950,1,73,56680,14,73,0,1,-1,1,0,1.0,0.0,1.0,0.6931471805599453,0.0
9951,16,73,151144,14,73,0,0,-1,1,0,0.0,0.0,1.0,0.0,0.0
9952,1,91,9952,14,91,1,1,91,2,1,0.6666666666666666,0.0,0.6666666666666666,111.6396061970458,1.206948960812608
9953,3,73,85048,14,73,0,0,-1,1,0,0.0,0.0,1.0,0.0,0.0
9954,1,91,14932,14,91,0,1,-1,1,0,1.0,0.0,1.0,0.6931471805599453,0.0
9955,6,91,44800,14,91,0,0,-1,1,0,0.0,0.0,1.0,0.0,0.0
9956,1,42,9956,14,42,0,1,42,1,0,0.6666666666666666,0.0,1.0,50.49776920535756,0.0
9957,3,42,29872,14,42,0,0,-1,1,0,0.0,0.0,1.0,0.0,0.0
9958,1,42,22408,14,42,1,1,-1,2,1,0.7333333333333334,0.0,0.6666666666666666,1.0986122886681098,1.206948960812582
9959,24,73,127636,14,73,0,0,-1,1,0,0.0,0.0,1.0,0.0,0.0
9960,1,91,9960,14,91,0,1,91,1,0,0.8,0.0,1.0,110.94645901648586,0.0
9961,3,73,107728,14,73,0,0,-1,1,0,0.0,0.0,1.0,0.0,0.0
9962,1,91,14944,14,91,0,1,-1,1,0,1.0,0.0,1.0,0.6931471805599453,0.0
9963,8,73,56752,14,73,0,0,-1,1,0,0.0,0.0,1.0,0.0,0.0
9964,1,104,45520,14,104,1,1,-1,2,1,0.6666666666666666,0.0,0.6666666666666666,4.394449154672439,1.2069489608125827
9965,3,104,45520,14,104,0,0,-1,1,0,0.0,0.0,1.0,0.0,0.0
9966,1,104,45520,14,104,0,1,-1,1,0,1.0,0.0,1.0,0.6931471805599453,0.0
9967,37,73,255472,14,73,0,0,-1,1,0,0.0,0.0,1.0,0.0,0.0
9968,1,135,9968,14,135,0,1,135,1,0,0.6666666666666666,0.0,1.0,164.17599494956292,0.0
9969,3,91,29908,14,91,0,0,-1,1,0,0.0,0.0,1.0,0.0,0.0
9970,1,117,345544,14,117,1,1,-1,2,1,0.7333333333333334,0.0,0.6666666666666666,1.0986122886681098,1.206948960812582
9971,6,117,345544,14,117,0,0,-1,1,0,0.0,0.0,1.0,0.0,0.0
9972,1,135,9972,14,135,0,1,135,1,0,0.8,0.0,1.0,163.60063080465937,0.0
9973,3,135,29920,14,135,0,0,-1,1,0,0.0,0.0,1.0,0.0,0.0
9974,1,166,182068,14,166,0,1,-1,1,0,1.0,0.0,1.0,0.6931471805599453,0.0
9975,8,166,182068,14,166,0,0,-1,1,0,0.0,0.0,1.0,0.0,0.0
9976,1,135,18952,14,135,1,1,-1,2,1,0.6666666666666666,0.0,0.6666666666666666,10.462874742916549,1.2069489608125807
9977,3,42,37888,14,42,0,0,-1,1,0,0.0,0.0,1.0,0.0,0.0
9978,1,135,18952,14,135,0,1,-1,1,0,1.0,0.0,1.0,0.6931471805599453,0.0
9979,19,73,85264,14,73,0,0,-1,1,0,0.0,0.0,1.0,0.0,0.0
9980,1,73,95956,14,73,0,1,-1,1,0,0.6666666666666666,0.0,1.0,4.276666119016055,0.0
9981,3,73,95956,14,73,0,0,-1,1,0,0.0,0.0,1.0,0.0,0.0
9982,1,73,170584,14,73,1,1,-1,2,1,0.7333333333333334,0.0,0.6666666666666666,1.0986122886681098,1.206948960812582
9983,44,166,575728,14,166,0,0,-1,1,0,0.0,0.0,1.0,0.0,0.0
9984,1,42,9984,14,42,0,1,42,1,0,0.8,0.0,1.0,50.78545127780934,0.0
9985,3,91,29956,14,91,0,0,-1,1,0,0.0,0.0,1.0,0.0,0.0
9986,1,166,21688,14,166,0,1,-1,1,0,1.0,0.0,1.0,0.6931471805599453,0.0
9987,6,166,44944,14,166,0,0,-1,1,0,0.0,0.0,1.0,0.0,0.0
9988,1,91,9988,14,91,1,1,91,2,1,0.6666666666666666,0.0,0.6666666666666666,110.48887790723867,1.2069489608125767
9989,3,91,29968,14,91,0,0,-1,1,0,0.0,0.0,1.0,0.0,0.0
9990,1,91,22480,14,91,0,1,-1,1,0,1.0,0.0,1.0,0.6931471805599453,0.0
9991,11,166,67444,14,166,0,0,-1,1,0,0.0,0.0,1.0,0.0,0.0
9992,1,179,250504,14,179,0,1,-1,1,0,0.6666666666666666,0.0,1.0,19.997036233960387,0.0
9993,3,73,96064,14,73,0,0,-1,1,0,0.0,0.0,1.0,0.0,0.0
9994,1,179,250504,14,179,1,1,-1,2,1,0.7333333333333334,0.0,0.6666666666666666,1.0986122886681098,1.206948960812582
9995,8,65,44980,14,65,0,0,-1,1,0,0.0,0.0,1.0,0.0,0.0
9996,1,179,250504,14,179,0,1,-1,1,0,0.8,0.0,1.0,3.9889840465642745,0.0
9997,3,179,250504,14,179,0,0,-1,1,0,0.0,0.0,1.0,0.0,0.0
9998,1,91,33748,14,91,0,1,-1,1,0,1.0,0.0,1.0,0.6931471805599453,0.0
9999,11,91,101248,14,91,0,0,-1,1,0,0.0,0.0,1.0,0.0,0.0
10000,1,29,10000,14,29,1,1,29,2,1,0.6666666666666666,0.0,0.6666666666666666,36.04591041587677,1.2069489608125612
