node,stopping_time,total_stopping_time,maximum_excursion,binary_length,parity_vector_length,in_degree,out_degree,distance_from_root,ancestor_count,branching_factor,level_set,umap_1,umap_2
1,0,0,1,1,0,1,1,0,4,1,0,6.4567904,5.010637
2,1,1,2,2,1,1,1,1,4,1,1,3.6138635,4.425684
3,6,7,16,2,7,1,1,7,2,1,7,5.779131,4.1502066
4,1,2,4,3,2,2,1,2,4,2,2,4.113898,5.004205
5,3,5,16,3,5,1,1,5,2,1,5,4.8050656,4.318307
6,1,8,16,3,8,1,1,8,2,1,8,5.4079003,4.9933286
7,11,16,52,3,16,1,1,16,2,1,16,3.328184,5.580055
8,1,3,8,4,3,1,1,3,2,1,3,4.3812633,4.489992
9,3,19,52,4,19,1,1,19,2,1,19,4.1304893,5.468083
10,1,6,16,4,6,2,1,6,3,2,6,6.1300364,5.1143417
11,8,14,52,4,14,1,1,14,2,1,14,5.754172,4.490681
12,1,9,16,4,9,1,1,9,2,1,9,3.8377604,3.317829
13,3,9,40,4,9,1,1,9,2,1,9,4.2889113,4.8167067
14,1,17,52,4,17,1,1,17,2,1,17,6.4246774,6.12171
15,11,17,160,4,17,1,1,17,2,1,17,5.1733007,6.268535
16,1,4,16,5,4,2,1,4,3,2,4,3.3543422,4.9215775
17,3,12,52,5,12,1,1,12,2,1,12,5.290832,4.766953
18,1,20,52,5,20,1,1,20,2,1,20,4.9311333,3.8686795
19,6,20,88,5,20,1,1,20,2,1,20,6.568667,4.2524266
20,1,7,20,5,7,1,1,7,2,1,7,3.666302,6.0171027
21,3,7,64,5,7,1,1,7,2,1,7,6.108864,7.0569506
22,1,15,52,5,15,2,1,15,3,2,15,3.4399254,4.5193534
23,8,15,160,5,15,1,1,15,2,1,15,5.2004128,5.490643
24,1,10,24,5,10,1,1,10,2,1,10,4.1299934,5.5001755
25,3,23,88,5,23,1,1,23,2,1,23,5.984864,6.0565186
26,1,10,40,5,10,1,1,10,2,1,10,4.5729294,6.3113184
27,96,111,9232,5,111,1,1,111,2,1,111,7.5868526,5.3062263
28,1,18,52,5,18,2,1,18,3,2,18,5.2788115,6.602693
29,3,18,88,5,18,1,1,18,2,1,18,4.759378,3.9012096
30,1,18,160,5,18,1,1,18,2,1,18,6.3574996,3.8066971
31,91,106,9232,5,106,1,1,106,2,1,106,5.986914,3.529985
32,1,5,32,6,5,1,1,5,2,1,5,5.151563,7.4524603
33,3,26,100,6,26,1,1,26,2,1,26,6.3121433,5.491784
34,1,13,52,6,13,2,1,13,3,2,13,5.84468,7.444327
35,6,13,160,6,13,1,1,13,2,1,13,6.0567675,6.3920274
36,1,21,52,6,21,1,1,21,2,1,21,3.3873525,4.645181
37,3,21,112,6,21,1,1,21,2,1,21,6.932655,5.55016
38,1,21,88,6,21,1,1,21,2,1,21,4.0262623,5.6799664
39,13,34,304,6,34,1,1,34,2,1,34,5.043027,5.9993496
40,1,8,40,6,8,2,1,8,3,2,8,6.771492,4.921759
41,3,109,9232,6,109,1,1,109,2,1,109,4.6248045,7.116674
42,1,8,64,6,8,1,1,8,2,1,8,5.57848,6.2676797
43,8,29,196,6,29,1,1,29,2,1,29,4.1030316,4.008827
44,1,16,52,6,16,1,1,16,2,1,16,5.0957155,4.8550444
45,3,16,136,6,16,1,1,16,2,1,16,4.1862726,5.980886
46,1,16,160,6,16,2,1,16,3,2,16,5.3776627,5.3309064
47,88,104,9232,6,104,1,1,104,2,1,104,5.628998,5.4669476
48,1,11,48,6,11,1,1,11,2,1,11,7.079693,4.136636
49,3,24,148,6,24,1,1,24,2,1,24,3.8787613,4.342829
50,1,24,88,6,24,1,1,24,2,1,24,7.080394,4.6091537
51,6,24,232,6,24,1,1,24,2,1,24,5.2210736,3.1212893
52,1,11,52,6,11,2,1,11,3,2,11,5.5003266,3.1015902
53,3,11,160,6,11,1,1,11,2,1,11,6.12465,4.6978464
54,1,112,9232,6,112,1,1,112,2,1,112,4.283556,6.709577
55,8,112,9232,6,112,1,1,112,2,1,112,5.9037123,4.4263825
56,1,19,56,6,19,1,1,19,2,1,19,4.7339067,4.7425747
57,3,32,196,6,32,1,1,32,2,1,32,5.652099,2.9421127
58,1,19,88,6,19,2,1,19,3,2,19,3.4626217,6.6975884
59,11,32,304,6,32,1,1,32,2,1,32,3.6891956,4.221661
60,1,19,160,6,19,1,1,19,2,1,19,5.1156774,6.409574
61,3,19,184,6,19,1,1,19,2,1,19,5.780771,5.602937
62,1,107,9232,6,107,1,1,107,2,1,107,5.9770794,5.358944
63,88,107,9232,6,107,1,1,107,2,1,107,6.717162,5.238928
64,1,6,64,7,6,2,1,6,3,2,6,4.3342147,7.0000496
65,3,27,196,7,27,1,1,27,2,1,27,3.7345588,3.4330904
66,1,27,100,7,27,1,1,27,2,1,27,3.9227662,5.1019964
67,6,27,304,7,27,1,1,27,2,1,27,7.088887,5.7860203
68,1,14,68,7,14,1,1,14,2,1,14,6.9785075,4.4004025
69,3,14,208,7,14,1,1,14,2,1,14,5.748975,5.0641327
70,1,14,160,7,14,2,1,14,3,2,14,5.406543,3.2227437
71,83,102,9232,7,102,1,1,102,2,1,102,5.929205,5.1675515
72,1,22,72,7,22,1,1,22,2,1,22,4.8202767,3.4256158
73,3,115,9232,7,115,1,1,115,2,1,115,5.0215926,5.3183866
74,1,22,112,7,22,1,1,22,2,1,22,5.293758,5.527309
75,8,14,340,7,14,1,1,14,2,1,14,4.4719343,4.1124654
76,1,22,88,7,22,2,1,22,3,2,22,4.3969073,5.2393527
77,3,22,232,7,22,1,1,22,2,1,22,4.7331877,5.886881
78,1,35,304,7,35,1,1,35,2,1,35,5.9621115,4.086374
79,13,35,808,7,35,1,1,35,2,1,35,6.065077,4.7275114
80,1,9,80,7,9,1,1,9,2,1,9,4.283359,5.924454
81,3,22,244,7,22,1,1,22,2,1,22,6.676365,5.25725
82,1,110,9232,7,110,2,1,110,3,2,110,6.6999903,4.235507
83,6,110,9232,7,110,1,1,110,2,1,110,4.992795,4.0647445
84,1,9,84,7,9,1,1,9,2,1,9,5.657754,5.552177
85,3,9,256,7,9,1,1,9,2,1,9,4.729431,5.0301723
86,1,30,196,7,30,1,1,30,2,1,30,4.0616603,5.721361
87,8,30,592,7,30,1,1,30,2,1,30,5.5840096,3.6897526
88,1,17,88,7,17,2,1,17,3,2,17,4.7694254,4.770826
89,3,30,304,7,30,1,1,30,2,1,30,4.2831564,6.5520988
90,1,17,136,7,17,1,1,17,2,1,17,6.6532507,4.492243
91,73,92,9232,7,92,1,1,92,2,1,92,3.8322477,6.6303644
92,1,17,160,7,17,1,1,17,2,1,17,4.332075,5.298131
93,3,17,280,7,17,1,1,17,2,1,17,7.600309,4.9562745
94,1,105,9232,7,105,2,1,105,3,2,105,7.178184,4.760558
95,13,105,9232,7,105,1,1,105,2,1,105,3.7723727,4.4164596
96,1,12,96,7,12,1,1,12,2,1,12,5.430581,5.742451
97,3,118,9232,7,118,1,1,118,2,1,118,6.8511124,6.495206
98,1,25,148,7,25,1,1,25,2,1,25,6.0457387,3.019701
99,6,25,448,7,25,1,1,25,2,1,25,6.563656,6.861273
100,1,25,100,7,25,2,1,25,3,2,25,5.981126,4.4365196
101,3,25,304,7,25,1,1,25,2,1,25,5.098402,6.382397
102,1,25,232,7,25,1,1,25,2,1,25,4.8214197,4.8429685
103,68,87,9232,7,87,1,1,87,2,1,87,6.006864,7.3567643
104,1,12,104,7,12,1,1,12,2,1,12,7.319681,4.3733425
105,3,38,808,7,38,1,1,38,2,1,38,3.9874768,5.8909516
106,1,12,160,7,12,2,1,12,3,2,12,4.3645883,4.3797135
107,8,100,9232,7,100,1,1,100,2,1,100,6.0513835,4.948279
108,1,113,9232,7,113,1,1,113,2,1,113,3.5667918,6.6494346
109,3,113,9232,7,113,1,1,113,2,1,113,5.781239,5.059683
110,1,113,9232,7,113,1,1,113,2,1,113,5.69153,3.8489544
111,50,69,9232,7,69,1,1,69,2,1,69,5.9648438,6.6181407
112,1,20,112,7,20,2,1,20,3,2,20,5.1526647,4.1875176
113,3,12,340,7,12,1,1,12,2,1,12,7.2988896,4.537167
114,1,33,196,7,33,1,1,33,2,1,33,6.8423586,4.254988
115,6,33,520,7,33,1,1,33,2,1,33,5.715392,5.583632
116,1,20,116,7,20,1,1,20,2,1,20,6.39094,6.745799
117,3,20,352,7,20,1,1,20,2,1,20,4.341834,6.0802875
118,1,33,304,7,33,2,1,33,3,2,33,7.195257,3.5579057
119,8,33,808,7,33,1,1,33,2,1,33,4.7616296,5.376832
120,1,20,160,7,20,1,1,20,2,1,20,6.6298766,4.8528585
121,3,95,9232,7,95,1,1,95,2,1,95,3.7505167,3.6181393
122,1,20,184,7,20,1,1,20,2,1,20,4.998099,5.8421097
123,13,46,628,7,46,1,1,46,2,1,46,5.649413,3.5934098
124,1,108,9232,7,108,2,1,108,3,2,108,5.3313684,5.981485
125,3,108,9232,7,108,1,1,108,2,1,108,6.099352,5.835241
126,1,108,9232,7,108,1,1,108,2,1,108,3.5113728,4.532156
127,24,46,4372,7,46,1,1,46,2,1,46,5.891872,4.4103427
128,1,7,128,8,7,1,1,7,2,1,7,5.561843,5.056634
129,3,121,9232,8,121,1,1,121,2,1,121,5.246733,5.994697
130,1,28,196,8,28,2,1,28,3,2,28,4.876553,5.8426347
131,6,28,592,8,28,1,1,28,2,1,28,5.387293,5.9160013
132,1,28,132,8,28,1,1,28,2,1,28,5.3082414,3.2082505
133,3,28,400,8,28,1,1,28,2,1,28,6.630136,4.08177
134,1,28,304,8,28,1,1,28,2,1,28,5.4116306,4.1372666
135,11,41,916,8,41,1,1,41,2,1,41,6.7813525,5.561459
136,1,15,136,8,15,2,1,15,3,2,15,5.7065077,4.0724406
137,3,90,9232,8,90,1,1,90,2,1,90,3.615998,4.9639397
138,1,15,208,8,15,1,1,15,2,1,15,5.336938,2.7819333
139,8,41,628,8,41,1,1,41,2,1,41,5.993901,5.5371857
140,1,15,160,8,15,1,1,15,2,1,15,5.3180766,3.862647
141,3,15,424,8,15,1,1,15,2,1,15,5.0959516,3.4975538
142,1,103,9232,8,103,2,1,103,3,2,103,5.5421696,4.491024
143,11,103,9232,8,103,1,1,103,2,1,103,4.8832817,3.1081016
144,1,23,144,8,23,1,1,23,2,1,23,4.9917674,4.3239245
145,3,116,9232,8,116,1,1,116,2,1,116,5.772754,5.725718
146,1,116,9232,8,116,1,1,116,2,1,116,5.9954896,3.0065088
147,6,116,9232,8,116,1,1,116,2,1,116,5.3135347,5.7606835
148,1,23,148,8,23,2,1,23,3,2,23,7.279045,6.6574607
149,3,23,448,8,23,1,1,23,2,1,23,5.8815923,6.2740726
150,1,15,340,8,15,1,1,15,2,1,15,5.6329527,3.6799436
151,8,15,1024,8,15,1,1,15,2,1,15,4.348857,5.024107
152,1,23,152,8,23,1,1,23,2,1,23,6.755456,4.7500315
153,3,36,520,8,36,1,1,36,2,1,36,4.917209,6.16846
154,1,23,232,8,23,2,1,23,3,2,23,4.5600967,4.76727
155,65,85,9232,8,85,1,1,85,2,1,85,5.0285125,7.399991
156,1,36,304,8,36,1,1,36,2,1,36,4.097501,5.919226
157,3,36,472,8,36,1,1,36,2,1,36,3.3844173,4.1108155
158,1,36,808,8,36,1,1,36,2,1,36,4.7951508,5.1603208
159,34,54,9232,8,54,1,1,54,2,1,54,6.189834,5.105287
160,1,10,160,8,10,2,1,10,3,2,10,6.3240595,4.498679
161,3,98,9232,8,98,1,1,98,2,1,98,5.872371,5.924283
162,1,23,244,8,23,1,1,23,2,1,23,4.935228,6.3248596
163,6,23,736,8,23,1,1,23,2,1,23,3.9067068,4.9638557
164,1,111,9232,8,111,1,1,111,2,1,111,5.577465,6.6912923
165,3,111,9232,8,111,1,1,111,2,1,111,5.1869874,6.146473
166,1,111,9232,8,111,2,1,111,3,2,111,5.6873865,4.1530094
167,47,67,9232,8,67,1,1,67,2,1,67,3.5177674,5.0123777
168,1,10,168,8,10,1,1,10,2,1,10,7.284651,4.2804503
169,3,49,4372,8,49,1,1,49,2,1,49,6.816723,3.9877133
170,1,10,256,8,10,1,1,10,2,1,10,6.984039,6.34466
171,8,124,9232,8,124,1,1,124,2,1,124,5.849119,3.8342307
172,1,31,196,8,31,2,1,31,3,2,31,5.8313723,5.722513
173,3,31,520,8,31,1,1,31,2,1,31,5.0921855,4.3891296
174,1,31,592,8,31,1,1,31,2,1,31,4.4611735,6.854079
175,13,80,9232,8,80,1,1,80,2,1,80,4.857114,4.368999
176,1,18,176,8,18,1,1,18,2,1,18,6.3064647,5.941712
177,3,31,532,8,31,1,1,31,2,1,31,5.5888624,6.1979403
178,1,31,304,8,31,2,1,31,3,2,31,6.0324526,4.977943
179,6,31,808,8,31,1,1,31,2,1,31,5.7050457,3.655498
180,1,18,180,8,18,1,1,18,2,1,18,5.0254216,4.8563404
181,3,18,544,8,18,1,1,18,2,1,18,4.8797827,5.839149
182,1,93,9232,8,93,1,1,93,2,1,93,5.4425435,5.106699
183,8,93,9232,8,93,1,1,93,2,1,93,6.5977864,4.544307
184,1,18,184,8,18,2,1,18,3,2,18,3.77236,4.76851
185,3,44,628,8,44,1,1,44,2,1,44,6.7091784,4.5817757
186,1,18,280,8,18,1,1,18,2,1,18,7.3225355,4.5042048
187,11,44,952,8,44,1,1,44,2,1,44,5.5789084,6.5486035
188,1,106,9232,8,106,1,1,106,2,1,106,6.4498954,5.163441
189,3,106,9232,8,106,1,1,106,2,1,106,5.701043,5.918085
190,1,106,9232,8,106,2,1,106,3,2,106,5.4981856,7.3814387
191,21,44,4372,8,44,1,1,44,2,1,44,6.831289,4.3940516
192,1,13,192,8,13,1,1,13,2,1,13,5.1126924,4.654674
193,3,119,9232,8,119,1,1,119,2,1,119,5.5983887,3.0337687
194,1,119,9232,8,119,1,1,119,2,1,119,5.5787516,4.697381
195,6,119,9232,8,119,1,1,119,2,1,119,4.133363,6.549325
196,1,26,196,8,26,2,1,26,3,2,26,6.2764816,4.679474
197,3,26,592,8,26,1,1,26,2,1,26,4.2569427,6.4801087
198,1,26,448,8,26,1,1,26,2,1,26,3.9946508,5.8259897
199,13,119,9232,8,119,1,1,119,2,1,119,4.5390263,3.7995977
200,1,26,200,8,26,1,1,26,2,1,26,5.05929,4.4639196
201,3,18,1024,8,18,1,1,18,2,1,18,6.993179,5.417628
202,1,26,304,8,26,2,1,26,3,2,26,5.954105,5.4903183
203,8,39,916,8,39,1,1,39,2,1,39,4.600615,4.898115
204,1,26,232,8,26,1,1,26,2,1,26,5.688273,3.6122506
205,3,26,616,8,26,1,1,26,2,1,26,4.0028114,5.6237016
206,1,88,9232,8,88,1,1,88,2,1,88,5.4123116,4.167065
207,21,88,9232,8,88,1,1,88,2,1,88,4.3910837,4.359388
208,1,13,208,8,13,2,1,13,3,2,13,4.8583665,4.8166075
209,3,39,628,8,39,1,1,39,2,1,39,6.6944966,5.813301
210,1,39,808,8,39,1,1,39,2,1,39,6.1198373,4.515593
211,6,39,952,8,39,1,1,39,2,1,39,4.5600753,4.620073
212,1,13,212,8,13,1,1,13,2,1,13,4.8431783,3.372054
213,3,13,640,8,13,1,1,13,2,1,13,7.4620776,4.3120513
214,1,101,9232,8,101,2,1,101,3,2,101,6.421489,5.676946
215,8,101,9232,8,101,1,1,101,2,1,101,7.0978775,5.221872
216,1,114,9232,8,114,1,1,114,2,1,114,3.9613268,5.772714
217,3,26,736,8,26,1,1,26,2,1,26,5.6578865,6.974464
218,1,114,9232,8,114,1,1,114,2,1,114,5.6971054,6.7051725
219,13,52,1672,8,52,1,1,52,2,1,52,5.526438,4.807003
220,1,114,9232,8,114,2,1,114,3,2,114,5.8589168,5.2631392
221,3,114,9232,8,114,1,1,114,2,1,114,5.4075913,5.050397
222,1,70,9232,8,70,1,1,70,2,1,70,3.2997696,5.0351133
223,50,70,9232,8,70,1,1,70,2,1,70,6.865951,3.453153
224,1,21,224,8,21,1,1,21,2,1,21,5.1375523,5.797638
225,3,52,4372,8,52,1,1,52,2,1,52,6.35152,5.6095138
226,1,13,340,8,13,2,1,13,3,2,13,3.5014827,3.6388767
227,6,13,1024,8,13,1,1,13,2,1,13,5.491773,4.086621
228,1,34,228,8,34,1,1,34,2,1,34,3.6457627,5.140008
229,3,34,688,8,34,1,1,34,2,1,34,6.973537,6.5841246
230,1,34,520,8,34,1,1,34,2,1,34,5.148559,5.091747
231,19,127,9232,8,127,1,1,127,2,1,127,4.0693455,5.2577076
232,1,21,232,8,21,2,1,21,3,2,21,4.581571,4.0865574
233,3,83,9232,8,83,1,1,83,2,1,83,7.3344264,6.0305653
234,1,21,352,8,21,1,1,21,2,1,21,4.6072497,4.0781894
235,8,127,9232,8,127,1,1,127,2,1,127,6.390455,4.6916766
236,1,34,304,8,34,1,1,34,2,1,34,5.385876,7.544647
237,3,34,712,8,34,1,1,34,2,1,34,5.090727,5.3812656
238,1,34,808,8,34,2,1,34,3,2,34,4.4665117,3.9462745
239,32,52,9232,8,52,1,1,52,2,1,52,5.9027042,4.112488
240,1,21,240,8,21,1,1,21,2,1,21,6.1307096,3.271119
241,3,21,724,8,21,1,1,21,2,1,21,3.2378225,4.0913997
242,1,96,9232,8,96,1,1,96,2,1,96,4.972399,4.122835
243,6,96,9232,8,96,1,1,96,2,1,96,7.155253,5.5112114
244,1,21,244,8,21,2,1,21,3,2,21,4.9221144,6.1870394
245,3,21,736,8,21,1,1,21,2,1,21,5.878547,4.0499606
246,1,47,628,8,47,1,1,47,2,1,47,4.603263,4.619109
247,8,47,1672,8,47,1,1,47,2,1,47,4.5863023,7.1086793
248,1,109,9232,8,109,1,1,109,2,1,109,6.282479,3.0331933
249,3,47,952,8,47,1,1,47,2,1,47,6.7273946,6.111606
250,1,109,9232,8,109,2,1,109,3,2,109,3.48444,3.9439774
251,44,65,9232,8,65,1,1,65,2,1,65,5.00648,6.3327084
252,1,109,9232,8,109,1,1,109,2,1,109,4.4083686,6.6186986
253,3,109,9232,8,109,1,1,109,2,1,109,7.151537,6.337717
254,1,47,4372,8,47,1,1,47,2,1,47,6.000923,4.2497106
255,21,47,13120,8,47,1,1,-1,2,1,-1,4.474097,3.7724311
256,1,8,256,9,8,2,1,8,3,2,8,5.452938,5.4303126
257,3,122,9232,9,122,1,1,122,2,1,122,4.2678432,6.620735
258,1,122,9232,9,122,1,1,122,2,1,122,6.16439,5.059396
259,6,122,9232,9,122,1,1,122,2,1,122,3.9826272,5.8911614
260,1,29,260,9,29,1,1,29,2,1,29,6.260701,3.6917894
261,3,29,784,9,29,1,1,29,2,1,29,3.6021912,6.771245
262,1,29,592,9,29,2,1,29,3,2,29,4.7331157,3.0090647
263,11,78,9232,9,78,1,1,78,2,1,78,4.2519603,4.353689
264,1,29,264,9,29,1,1,29,2,1,29,3.8571417,4.526064
265,3,122,9232,9,122,1,1,122,2,1,122,3.9296422,5.835462
266,1,29,400,9,29,1,1,29,2,1,29,4.8956575,3.6341686
267,8,21,1204,9,21,1,1,21,2,1,21,4.550644,3.4258306
268,1,29,304,9,29,2,1,29,3,2,29,6.985197,5.282954
269,3,29,808,9,29,1,1,29,2,1,29,5.731199,4.361753
270,1,42,916,9,42,1,1,42,2,1,42,6.1151404,3.5304215
271,11,42,2752,9,42,1,1,42,2,1,42,4.770928,5.109858
272,1,16,272,9,16,1,1,16,2,1,16,6.0805407,3.6045942
273,3,29,820,9,29,1,1,29,2,1,29,4.503017,4.2892213
274,1,91,9232,9,91,2,1,91,3,2,91,6.325456,6.5904756
275,6,91,9232,9,91,1,1,91,2,1,91,4.4537024,7.057484
276,1,16,276,9,16,1,1,16,2,1,16,6.50442,3.3881545
277,3,16,832,9,16,1,1,16,2,1,16,3.783176,5.363374
278,1,42,628,9,42,1,1,42,2,1,42,4.808124,4.0732145
279,8,42,1888,9,42,1,1,42,2,1,42,5.547955,2.7384608
280,1,16,280,9,16,2,1,16,3,2,16,4.6576076,5.5423713
281,3,42,952,9,42,1,1,42,2,1,42,5.643979,5.779769
282,1,16,424,9,16,1,1,16,2,1,16,3.4932055,4.9252524
283,39,60,9232,9,60,1,1,60,2,1,60,6.3990645,6.509278
284,1,104,9232,9,104,1,1,104,2,1,104,4.311137,4.949656
285,3,104,9232,9,104,1,1,104,2,1,104,3.261533,5.3264704
286,1,104,9232,9,104,2,1,104,3,2,104,6.5301304,4.487019
287,16,42,4372,9,42,1,1,42,2,1,42,6.330724,4.774248
288,1,24,288,9,24,1,1,24,2,1,24,7.3233333,5.6500335
289,3,29,868,9,29,1,1,29,2,1,29,4.5614796,6.0865974
290,1,117,9232,9,117,1,1,117,2,1,117,5.821711,3.781478
291,6,117,9232,9,117,1,1,117,2,1,117,4.5635557,5.6820416
292,1,117,9232,9,117,2,1,117,3,2,117,4.5308475,5.8221555
293,3,117,9232,9,117,1,1,117,2,1,117,7.4859476,5.575076
294,1,117,9232,9,117,1,1,117,2,1,117,6.0364795,4.7230654
295,13,55,2248,9,55,1,1,55,2,1,55,5.5468245,4.0797644
296,1,24,296,9,24,1,1,24,2,1,24,7.215445,5.4972863
297,3,73,9232,9,73,1,1,73,2,1,73,6.292982,5.5004945
298,1,24,448,9,24,2,1,24,3,2,24,5.991875,5.1953692
299,8,117,9232,9,117,1,1,117,2,1,117,5.4614234,6.501422
300,1,16,340,9,16,1,1,16,2,1,16,6.8894887,4.959914
301,3,16,904,9,16,1,1,16,2,1,16,3.6812408,6.0435147
302,1,16,1024,9,16,1,1,16,2,1,16,6.3020744,5.9380035
303,21,42,3076,9,42,1,1,42,2,1,42,7.30157,6.415882
304,1,24,304,9,24,2,1,24,3,2,24,6.167053,5.959128
305,3,37,916,9,37,1,1,37,2,1,37,4.254943,3.8382525
306,1,37,520,9,37,1,1,37,2,1,37,7.8139997,4.7415805
307,6,37,1384,9,37,1,1,37,2,1,37,5.3560457,7.1300426
308,1,24,308,9,24,1,1,24,2,1,24,5.260635,6.4207935
309,3,24,928,9,24,1,1,24,2,1,24,6.7331014,5.2212505
310,1,86,9232,9,86,2,1,86,3,2,86,6.3620696,3.9734578
311,8,86,9232,9,86,1,1,86,2,1,86,5.160697,5.932747
312,1,37,312,9,37,1,1,37,2,1,37,3.979998,3.6702614
313,3,130,9232,9,130,1,1,130,2,1,130,4.967254,6.549275
314,1,37,472,9,37,1,1,37,2,1,37,6.7505326,6.037434
315,11,37,1600,9,37,1,1,37,2,1,37,4.64961,3.846328
316,1,37,808,9,37,2,1,37,3,2,37,4.871065,5.572174
317,3,37,952,9,37,1,1,37,2,1,37,5.4783688,4.5802913
318,1,55,9232,9,55,1,1,55,2,1,55,4.997003,6.053721
319,34,55,9232,9,55,1,1,55,2,1,55,3.85589,4.4181323
320,1,11,320,9,11,1,1,11,2,1,11,5.2490363,7.148905
321,3,24,964,9,24,1,1,24,2,1,24,4.593336,5.9100137
322,1,99,9232,9,99,2,1,99,3,2,99,6.273794,4.0035634
323,6,99,9232,9,99,1,1,99,2,1,99,4.2363033,5.8796673
324,1,24,324,9,24,1,1,24,2,1,24,4.215782,6.392394
325,3,24,976,9,24,1,1,24,2,1,24,5.1239376,5.5341687
326,1,24,736,9,24,1,1,24,2,1,24,6.464205,3.3488772
327,34,143,9232,9,143,1,1,143,2,1,143,7.131702,5.963689
328,1,112,9232,9,112,2,1,112,3,2,112,5.2110124,3.695267
329,3,50,1672,9,50,1,1,50,2,1,50,5.6533012,5.2370334
330,1,112,9232,9,112,1,1,112,2,1,112,7.1630235,5.1374474
331,8,24,1492,9,24,1,1,24,2,1,24,4.044777,5.9061203
332,1,112,9232,9,112,1,1,112,2,1,112,4.8421702,2.8365104
333,3,112,9232,9,112,1,1,112,2,1,112,7.728482,5.674827
334,1,68,9232,9,68,2,1,68,3,2,68,3.1941848,5.3760753
335,13,68,9232,9,68,1,1,68,2,1,68,7.0499926,6.356402
336,1,11,336,9,11,1,1,11,2,1,11,6.999137,3.7795556
337,3,112,9232,9,112,1,1,112,2,1,112,3.7229407,3.5682464
338,1,50,4372,9,50,1,1,50,2,1,50,3.9934971,6.47428
339,6,50,4372,9,50,1,1,50,2,1,50,5.727098,4.365285
340,1,11,340,9,11,2,1,11,3,2,11,4.869393,2.884289
341,3,11,1024,9,11,1,1,11,2,1,11,4.6315436,4.475151
342,1,125,9232,9,125,1,1,125,2,1,125,5.022054,5.282038
343,8,125,9232,9,125,1,1,125,2,1,125,4.036766,5.7538366
344,1,32,344,9,32,1,1,32,2,1,32,3.596743,5.340478
345,3,125,9232,9,125,1,1,125,2,1,125,3.891478,5.276611
346,1,32,520,9,32,2,1,32,3,2,32,7.208037,6.0090833
347,16,125,9232,9,125,1,1,125,2,1,125,3.7435741,4.9740834
348,1,32,592,9,32,1,1,32,2,1,32,6.5958567,5.470425
349,3,32,1048,9,32,1,1,32,2,1,32,6.2628746,4.501778
350,1,81,9232,9,81,1,1,81,2,1,81,5.4073586,5.885158
351,13,81,9232,9,81,1,1,81,2,1,81,4.30827,4.7166033
352,1,19,352,9,19,2,1,19,3,2,19,5.048262,3.5422277
353,3,125,9232,9,125,1,1,125,2,1,125,6.7251306,5.426497
354,1,32,532,9,32,1,1,32,2,1,32,3.946302,5.103309
355,6,32,1600,9,32,1,1,32,2,1,32,5.2905655,5.132055
356,1,32,356,9,32,1,1,32,2,1,32,5.874388,5.698774
357,3,32,1072,9,32,1,1,32,2,1,32,7.112598,3.5479968
358,1,32,808,9,32,2,1,32,3,2,32,5.5844917,6.393365
359,26,50,9232,9,50,1,1,50,2,1,50,6.5940804,5.338044
360,1,19,360,9,19,1,1,19,2,1,19,4.3227224,3.3834414
361,3,45,2752,9,45,1,1,45,2,1,45,6.3566413,5.4661884
362,1,19,544,9,19,1,1,19,2,1,19,3.9294784,4.8115797
363,8,45,1636,9,45,1,1,45,2,1,45,6.4817944,6.209576
364,1,94,9232,9,94,2,1,94,3,2,94,5.338719,7.0545034
365,3,94,9232,9,94,1,1,94,2,1,94,4.4462123,5.871405
366,1,94,9232,9,94,1,1,94,2,1,94,5.780913,6.9820476
367,16,45,4192,9,45,1,1,45,2,1,45,5.559233,3.3364854
368,1,19,368,9,19,1,1,19,2,1,19,5.4961376,6.526488
369,3,19,1108,9,19,1,1,19,2,1,19,3.8184142,4.160558
370,1,45,628,9,45,2,1,45,3,2,45,5.8384104,6.714033
371,6,45,1672,9,45,1,1,45,2,1,45,5.8334537,5.2708006
372,1,19,372,9,19,1,1,19,2,1,19,6.4491854,5.0927277
373,3,19,1120,9,19,1,1,19,2,1,19,3.786281,3.983162
374,1,45,952,9,45,1,1,45,2,1,45,5.8208165,6.110913
375,8,45,2536,9,45,1,1,45,2,1,45,4.655632,2.7433252
376,1,107,9232,9,107,2,1,107,3,2,107,5.5922055,3.664648
377,3,63,9232,9,63,1,1,63,2,1,63,6.7482,6.045949
378,1,107,9232,9,107,1,1,107,2,1,107,3.7150078,4.076357
379,13,58,2752,9,58,1,1,58,2,1,58,5.7776556,4.051128
380,1,107,9232,9,107,1,1,107,2,1,107,7.737582,5.033059
381,3,107,9232,9,107,1,1,107,2,1,107,6.927511,4.905543
382,1,45,4372,9,45,2,1,45,3,2,45,7.3092923,5.922602
383,19,45,13120,9,45,1,1,-1,2,1,-1,6.2227635,4.268768
384,1,14,384,9,14,1,1,14,2,1,14,4.506108,5.949207
385,3,32,1156,9,32,1,1,32,2,1,32,5.357106,5.4285383
386,1,120,9232,9,120,1,1,120,2,1,120,6.5516353,5.399234
387,6,120,9232,9,120,1,1,120,2,1,120,5.4783244,6.8054934
388,1,120,9232,9,120,2,1,120,3,2,120,6.259654,4.738935
389,3,120,9232,9,120,1,1,120,2,1,120,5.871553,5.825293
390,1,120,9232,9,120,1,1,120,2,1,120,6.2290463,6.4515657
391,11,120,9232,9,120,1,1,120,2,1,120,5.3256245,4.1187153
392,1,27,392,9,27,1,1,27,2,1,27,6.755428,5.3927994
393,3,58,2248,9,58,1,1,58,2,1,58,4.40754,3.4788175
394,1,27,592,9,27,2,1,27,3,2,27,5.9729385,4.5444355
395,8,76,9232,9,76,1,1,76,2,1,76,5.1420555,3.2607548
396,1,27,448,9,27,1,1,27,2,1,27,3.1363926,5.368051
397,3,27,1192,9,27,1,1,27,2,1,27,6.1453104,3.7552662
398,1,120,9232,9,120,1,1,120,2,1,120,5.7220283,4.220345
399,11,120,9232,9,120,1,1,120,2,1,120,2.9706576,4.9673214
400,1,27,400,9,27,2,1,27,3,2,27,6.2128677,4.484796
401,3,19,1204,9,19,1,1,19,2,1,19,6.271105,5.504779
402,1,19,1024,9,19,1,1,19,2,1,19,6.706319,4.3310976
403,6,19,1816,9,19,1,1,19,2,1,19,4.659511,5.687657
404,1,27,404,9,27,1,1,27,2,1,27,7.0687413,4.284057
405,3,27,1216,9,27,1,1,27,2,1,27,5.673032,3.51098
406,1,40,916,9,40,2,1,40,3,2,40,5.9348435,5.2698927
407,8,40,2752,9,40,1,1,40,2,1,40,3.1027873,5.011606
408,1,27,408,9,27,1,1,27,2,1,27,5.5612392,4.7784843
409,3,40,1384,9,40,1,1,40,2,1,40,5.7040334,5.0743923
410,1,27,616,9,27,1,1,27,2,1,27,5.5507474,5.204673
411,24,133,9232,9,133,1,1,133,2,1,133,5.492961,4.1232705
412,1,89,9232,9,89,2,1,89,3,2,89,4.471443,4.9621296
413,3,89,9232,9,89,1,1,89,2,1,89,7.3714094,4.4733176
414,1,89,9232,9,89,1,1,89,2,1,89,5.716043,6.964919
415,24,133,9232,9,133,1,1,133,2,1,133,6.765715,4.1332445
416,1,14,416,9,14,1,1,14,2,1,14,5.737625,4.514418
417,3,133,9232,9,133,1,1,133,2,1,133,5.648811,6.098893
418,1,40,628,9,40,2,1,40,3,2,40,4.207,4.801492
419,6,40,1888,9,40,1,1,40,2,1,40,4.645084,6.4878726
420,1,40,808,9,40,1,1,40,2,1,40,6.8272524,5.1853027
421,3,40,1264,9,40,1,1,40,2,1,40,3.4799101,5.509937
422,1,40,952,9,40,1,1,40,2,1,40,3.6328511,3.9300318
423,16,32,3220,9,32,1,1,32,2,1,32,4.4767933,4.679956
424,1,14,424,9,14,2,1,14,3,2,14,5.044803,3.035171
425,3,58,9232,9,58,1,1,58,2,1,58,6.3838396,6.2431602
426,1,14,640,9,14,1,1,14,2,1,14,4.327231,4.7493806
427,8,53,2752,9,53,1,1,53,2,1,53,3.9389462,4.451695
428,1,102,9232,9,102,1,1,102,2,1,102,4.540023,2.9074965
429,3,102,9232,9,102,1,1,102,2,1,102,5.3180375,3.1854496
430,1,102,9232,9,102,2,1,102,3,2,102,6.579396,5.1316185
431,13,40,4372,9,40,1,1,40,2,1,40,6.8027663,3.795728
432,1,115,9232,9,115,1,1,115,2,1,115,3.5762496,3.7154365
433,3,27,1300,9,27,1,1,27,2,1,27,3.9598453,6.3724813
434,1,27,736,9,27,1,1,27,2,1,27,5.973475,4.051807
435,6,27,1960,9,27,1,1,27,2,1,27,5.9340186,4.9575486
436,1,115,9232,9,115,2,1,115,3,2,115,5.800284,3.252791
437,3,115,9232,9,115,1,1,115,2,1,115,5.0808177,4.8022075
438,1,53,1672,9,53,1,1,53,2,1,53,4.6426196,4.2226963
439,8,53,2968,9,53,1,1,53,2,1,53,6.443329,5.9050827
440,1,115,9232,9,115,1,1,115,2,1,115,5.2792597,5.3628693
441,3,27,1492,9,27,1,1,27,2,1,27,5.51036,4.455133
442,1,115,9232,9,115,2,1,115,3,2,115,5.195008,4.0324297
443,11,53,2248,9,53,1,1,53,2,1,53,5.317659,5.475242
444,1,71,9232,9,71,1,1,71,2,1,71,4.07842,3.9765494
445,3,71,9232,9,71,1,1,71,2,1,71,6.916201,4.9245777
446,1,71,9232,9,71,1,1,71,2,1,71,6.480263,6.114808
447,65,97,39364,9,97,1,1,-1,2,1,-1,4.3985868,6.448141
448,1,22,448,9,22,2,1,22,3,2,22,5.6698184,3.810611
449,3,115,9232,9,115,1,1,115,2,1,115,6.646922,5.629841
450,1,53,4372,9,53,1,1,53,2,1,53,4.77334,3.9277368
451,6,53,4372,9,53,1,1,53,2,1,53,4.5714955,5.167059
452,1,14,452,9,14,1,1,14,2,1,14,5.881617,3.481632
453,3,14,1360,9,14,1,1,14,2,1,14,4.7394924,4.7150607
454,1,14,1024,9,14,2,1,14,3,2,14,4.302437,5.54237
455,13,40,3076,9,40,1,1,40,2,1,40,5.8549356,3.4534578
456,1,35,456,9,35,1,1,35,2,1,35,4.475327,6.7096415
457,3,128,9232,9,128,1,1,128,2,1,128,6.5861464,6.233512
458,1,35,688,9,35,1,1,35,2,1,35,5.188355,5.7384744
459,8,128,9232,9,128,1,1,128,2,1,128,3.4824212,5.059138
460,1,35,520,9,35,2,1,35,3,2,35,5.2665153,6.474926
461,3,35,1384,9,35,1,1,35,2,1,35,5.1943088,2.7373447
462,1,128,9232,9,128,1,1,128,2,1,128,5.572064,5.0524297
463,19,128,9232,9,128,1,1,128,2,1,128,4.772687,5.510652
464,1,22,464,9,22,1,1,22,2,1,22,7.513816,5.0013447
465,3,35,1396,9,35,1,1,35,2,1,35,7.1309857,4.593059
466,1,84,9232,9,84,2,1,84,3,2,84,3.8406758,3.5635111
467,6,84,9232,9,84,1,1,84,2,1,84,6.4938784,5.9227223
468,1,22,468,9,22,1,1,22,2,1,22,4.1753902,5.179804
469,3,22,1408,9,22,1,1,22,2,1,22,6.2222724,4.700985
470,1,128,9232,9,128,1,1,128,2,1,128,5.7148805,7.089621
471,8,128,9232,9,128,1,1,128,2,1,128,4.980428,6.792122
472,1,35,472,9,35,2,1,35,3,2,35,6.4628334,5.500664
473,3,35,1600,9,35,1,1,35,2,1,35,5.453515,2.7643747
474,1,35,712,9,35,1,1,35,2,1,35,4.490289,4.819588
475,13,27,3616,9,27,1,1,27,2,1,27,6.5913777,3.387989
476,1,35,808,9,35,1,1,35,2,1,35,4.5362124,6.2784367
477,3,35,1432,9,35,1,1,35,2,1,35,7.6390843,5.3949776
478,1,53,9232,9,53,2,1,53,3,2,53,6.4297295,3.0304675
479,26,53,9232,9,53,1,1,53,2,1,53,5.321217,6.6145005
480,1,22,480,9,22,1,1,22,2,1,22,4.1531425,5.3901057
481,3,48,2752,9,48,1,1,48,2,1,48,4.7382545,2.9618976
482,1,22,724,9,22,1,1,22,2,1,22,4.8655562,3.8916
483,6,22,2176,9,22,1,1,22,2,1,22,3.9386983,4.838959
484,1,97,9232,9,97,2,1,97,3,2,97,6.167461,6.4904976
485,3,97,9232,9,97,1,1,97,2,1,97,4.524027,5.642329
486,1,97,9232,9,97,1,1,97,2,1,97,5.0803833,6.903684
487,32,141,9232,9,141,1,1,141,2,1,141,4.432412,4.2598476
488,1,22,488,9,22,1,1,22,2,1,22,5.60215,3.7479157
489,3,48,4192,9,48,1,1,48,2,1,48,4.129324,6.32187
490,1,22,736,9,22,2,1,22,3,2,22,6.5117545,6.6033278
491,8,141,9232,9,141,1,1,141,2,1,141,3.3859022,4.9150214
492,1,48,628,9,48,1,1,48,2,1,48,5.323086,3.436221
493,3,48,1480,9,48,1,1,48,2,1,48,5.6090336,6.6606054
494,1,48,1672,9,48,1,1,48,2,1,48,4.1001935,4.8782654
495,44,97,14308,9,97,1,1,-1,2,1,-1,6.8308063,5.4328103
496,1,110,9232,9,110,2,1,110,3,2,110,5.186412,5.1812367
497,3,22,1492,9,22,1,1,22,2,1,22,4.636866,6.612119
498,1,48,952,9,48,1,1,48,2,1,48,5.7184753,6.2169642
499,6,48,2248,9,48,1,1,48,2,1,48,5.637401,5.630014
500,1,110,9232,9,110,1,1,110,2,1,110,5.32394,6.6853
501,3,110,9232,9,110,1,1,110,2,1,110,3.816415,3.8301568
502,1,66,9232,9,66,2,1,66,3,2,66,4.8876114,4.4605865
503,8,66,9232,9,66,1,1,66,2,1,66,6.6892757,6.104512
504,1,110,9232,9,110,1,1,110,2,1,110,5.391473,3.7555778
505,3,61,2752,9,61,1,1,61,2,1,61,5.4532285,3.0724177
506,1,110,9232,9,110,1,1,110,2,1,110,5.2794495,5.2327614
507,16,35,2896,9,35,1,1,35,2,1,35,4.824604,5.9910326
508,1,48,4372,9,48,2,1,48,3,2,48,5.7280884,3.9727104
509,3,48,4372,9,48,1,1,48,2,1,48,5.7016225,4.4338956
510,1,48,13120,9,48,1,1,-1,2,1,-1,7.067688,4.527668
511,29,61,39364,9,61,1,1,-1,2,1,-1,6.1342497,4.5561666
512,1,9,512,10,9,1,1,9,2,1,9,6.3838887,4.3092394
513,3,35,1540,10,35,1,1,35,2,1,35,5.784346,5.3868046
514,1,123,9232,10,123,2,1,123,3,2,123,6.1511583,5.496754
515,6,123,9232,10,123,1,1,123,2,1,123,5.190827,5.4366083
516,1,123,9232,10,123,1,1,123,2,1,123,3.9636793,4.6471105
517,3,123,9232,10,123,1,1,123,2,1,123,5.3590093,4.794858
518,1,123,9232,10,123,1,1,123,2,1,123,5.2770915,4.337317
519,11,61,3508,10,61,1,1,61,2,1,61,5.143735,6.673116
520,1,30,520,10,30,2,1,30,3,2,30,4.4808373,3.466087
521,3,123,9232,10,123,1,1,123,2,1,123,6.2420835,6.0008783
522,1,30,784,10,30,1,1,30,2,1,30,4.907632,6.8492885
523,8,123,9232,10,123,1,1,123,2,1,123,6.5804834,4.4417853
524,1,30,592,10,30,1,1,30,2,1,30,5.292317,3.0956912
525,3,30,1576,10,30,1,1,30,2,1,30,6.2258987,3.8557808
526,1,79,9232,10,79,2,1,79,3,2,79,5.6285224,3.6078866
527,11,79,9232,10,79,1,1,79,2,1,79,6.176925,4.6448383
528,1,30,528,10,30,1,1,30,2,1,30,6.3989215,5.9239516
529,3,30,1588,10,30,1,1,30,2,1,30,6.3412275,6.2003503
530,1,123,9232,10,123,1,1,123,2,1,123,3.724966,5.229955
531,6,123,9232,10,123,1,1,123,2,1,123,3.5501072,4.8123674
532,1,30,532,10,30,2,1,30,3,2,30,3.559617,4.7355957
533,3,30,1600,10,30,1,1,30,2,1,30,6.7219596,3.9059944
534,1,22,1204,10,22,1,1,22,2,1,22,3.7881455,4.442984
535,8,22,3616,10,22,1,1,22,2,1,22,4.594278,5.3388114
536,1,30,536,10,30,1,1,30,2,1,30,3.6199155,4.575218
537,3,22,1816,10,22,1,1,22,2,1,22,4.449162,4.9517775
538,1,30,808,10,30,2,1,30,3,2,30,4.668303,5.108538
539,21,48,9232,10,48,1,1,48,2,1,48,6.132892,5.081469
540,1,43,916,10,43,1,1,43,2,1,43,4.869025,3.7582014
541,3,43,1624,10,43,1,1,43,2,1,43,4.800513,4.3585815
542,1,43,2752,10,43,1,1,43,2,1,43,5.3708267,5.1965017
543,21,136,9232,10,136,1,1,136,2,1,136,5.615629,4.8021464
544,1,17,544,10,17,2,1,17,3,2,17,6.8178,3.9938216
545,3,43,1636,10,43,1,1,43,2,1,43,6.6429305,4.838995
546,1,30,820,10,30,1,1,30,2,1,30,5.0845575,6.088244
547,6,30,2464,10,30,1,1,30,2,1,30,7.3136497,3.930599
548,1,92,9232,10,92,1,1,92,2,1,92,4.482221,6.1743517
549,3,92,9232,10,92,1,1,92,2,1,92,4.3469872,5.039956
550,1,92,9232,10,92,2,1,92,3,2,92,4.670166,6.58011
551,13,43,4192,10,43,1,1,43,2,1,43,4.516022,5.920493
552,1,17,552,10,17,1,1,17,2,1,17,5.2489834,4.0998015
553,3,136,9232,10,136,1,1,136,2,1,136,5.2932897,4.2019396
554,1,17,832,10,17,1,1,17,2,1,17,4.339256,6.958684
555,8,30,2500,10,30,1,1,30,2,1,30,4.0567093,3.9655058
556,1,43,628,10,43,2,1,43,3,2,43,4.195685,4.434658
557,3,43,1672,10,43,1,1,43,2,1,43,5.8221965,4.5249896
558,1,43,1888,10,43,1,1,43,2,1,43,4.086767,5.9184656
559,26,87,8080,10,87,1,1,87,2,1,87,6.087873,2.8249433
560,1,17,560,10,17,1,1,17,2,1,17,4.5446644,5.3102374
561,3,43,1684,10,43,1,1,43,2,1,43,5.3425837,3.7612185
562,1,43,952,10,43,2,1,43,3,2,43,5.686456,6.176039
563,6,43,2536,10,43,1,1,43,2,1,43,6.239936,7.0815616
564,1,17,564,10,17,1,1,17,2,1,17,5.7250147,5.0733376
565,3,17,1696,10,17,1,1,17,2,1,17,5.0926647,4.751462
566,1,61,9232,10,61,1,1,61,2,1,61,5.0490527,3.9735022
567,8,61,9232,10,61,1,1,61,2,1,61,5.0497546,6.0556617
568,1,105,9232,10,105,2,1,105,3,2,105,6.1660414,4.2247343
569,3,56,2752,10,56,1,1,56,2,1,56,7.105975,5.9895864
570,1,105,9232,10,105,1,1,105,2,1,105,4.7364664,5.5295835
571,11,30,2896,10,30,1,1,30,2,1,30,4.132153,4.8905935
572,1,105,9232,10,105,1,1,105,2,1,105,5.7115607,5.420257
573,3,105,9232,10,105,1,1,105,2,1,105,5.7041216,6.114902
574,1,43,4372,10,43,2,1,43,3,2,43,3.3746321,5.0765247
575,16,43,13120,10,43,1,1,-1,2,1,-1,5.4959154,5.8428063
576,1,25,576,10,25,1,1,25,2,1,25,5.1754107,3.5155993
577,3,30,1732,10,30,1,1,30,2,1,30,6.8739743,4.4127817
578,1,30,868,10,30,1,1,30,2,1,30,4.6670647,3.2755575
579,6,30,2608,10,30,1,1,30,2,1,30,4.7360873,6.9103665
580,1,118,9232,10,118,2,1,118,3,2,118,4.440982,7.2360973
581,3,118,9232,10,118,1,1,118,2,1,118,3.5946262,5.080674
582,1,118,9232,10,118,1,1,118,2,1,118,6.5302925,5.985284
583,16,30,3940,10,30,1,1,30,2,1,30,5.990307,5.772758
584,1,118,9232,10,118,1,1,118,2,1,118,5.6226487,7.0810933
585,3,56,2968,10,56,1,1,56,2,1,56,4.411389,4.3485284
586,1,118,9232,10,118,2,1,118,3,2,118,6.2041583,4.91233
587,8,118,9232,10,118,1,1,118,2,1,118,5.6655927,3.2639132
588,1,118,9232,10,118,1,1,118,2,1,118,5.770642,4.135653
589,3,118,9232,10,118,1,1,118,2,1,118,6.769998,3.4584115
590,1,56,2248,10,56,1,1,56,2,1,56,6.240444,5.0468383
591,13,56,5992,10,56,1,1,56,2,1,56,5.5708065,6.864539
592,1,25,592,10,25,2,1,25,3,2,25,6.0151887,4.0106297
593,3,74,9232,10,74,1,1,74,2,1,74,5.590057,6.130893
594,1,74,9232,10,74,1,1,74,2,1,74,5.8023596,6.4905453
595,6,74,9232,10,74,1,1,74,2,1,74,4.9764175,5.2669034
596,1,25,596,10,25,1,1,25,2,1,25,4.4802213,3.9250968
597,3,25,1792,10,25,1,1,25,2,1,25,4.517243,4.977944
598,1,118,9232,10,118,2,1,118,3,2,118,6.003895,6.5449963
599,8,118,9232,10,118,1,1,118,2,1,118,5.741535,7.314192
600,1,17,600,10,17,1,1,17,2,1,17,3.8584075,5.6990423
601,3,56,4372,10,56,1,1,56,2,1,56,4.09668,4.3193
602,1,17,904,10,17,1,1,17,2,1,17,6.2297697,3.4760363
603,26,69,5812,10,69,1,1,69,2,1,69,5.2201824,7.1146007
604,1,17,1024,10,17,2,1,17,3,2,17,6.6404414,4.748515
605,3,17,1816,10,17,1,1,17,2,1,17,4.034728,4.2688937
606,1,43,3076,10,43,1,1,43,2,1,43,5.048986,5.3532047
607,13,43,9232,10,43,1,1,43,2,1,43,5.976237,6.1351275
608,1,25,608,10,25,1,1,25,2,1,25,4.7291546,5.680161
609,3,131,9232,10,131,1,1,131,2,1,131,3.8346584,5.6733327
610,1,38,916,10,38,2,1,38,3,2,38,5.2897906,4.0670533
611,6,38,2752,10,38,1,1,38,2,1,38,6.350486,3.1083574
612,1,38,612,10,38,1,1,38,2,1,38,6.4341273,5.1984706
613,3,38,1840,10,38,1,1,38,2,1,38,3.9408722,5.064024
614,1,38,1384,10,38,1,1,38,2,1,38,6.38991,7.1980386
615,19,69,10528,10,69,1,1,-1,2,1,-1,5.118237,3.8146985
616,1,25,616,10,25,2,1,25,3,2,25,4.862918,6.050119
617,3,131,9232,10,131,1,1,131,2,1,131,3.633446,3.9077976
618,1,25,928,10,25,1,1,25,2,1,25,6.1820164,5.04685
619,8,131,9232,10,131,1,1,131,2,1,131,4.6451097,3.368213
620,1,87,9232,10,87,1,1,87,2,1,87,7.759267,5.332466
621,3,87,9232,10,87,1,1,87,2,1,87,5.338895,5.2509584
622,1,87,9232,10,87,2,1,87,3,2,87,4.363176,5.0537896
623,21,131,9232,10,131,1,1,131,2,1,131,5.729079,3.8795774
624,1,38,624,10,38,1,1,38,2,1,38,6.671589,6.362375
625,3,25,1876,10,25,1,1,25,2,1,25,6.05007,4.812327
626,1,131,9232,10,131,1,1,131,2,1,131,4.3739953,6.125
627,6,131,9232,10,131,1,1,131,2,1,131,5.065502,5.592603
628,1,38,628,10,38,2,1,38,3,2,38,5.5526137,5.237253
629,3,38,1888,10,38,1,1,38,2,1,38,5.459635,6.2285995
630,1,38,1600,10,38,1,1,38,2,1,38,4.156061,6.3980947
631,8,38,4264,10,38,1,1,38,2,1,38,4.678925,4.1790442
632,1,38,808,10,38,1,1,38,2,1,38,6.0784054,4.8602
633,3,30,3616,10,30,1,1,30,2,1,30,4.7323084,4.078302
634,1,38,952,10,38,2,1,38,3,2,38,5.867211,3.4934425
635,13,30,3220,10,30,1,1,30,2,1,30,5.9941974,4.714535
636,1,56,9232,10,56,1,1,56,2,1,56,4.2113967,5.486754
637,3,56,9232,10,56,1,1,56,2,1,56,4.676104,3.9656398
638,1,56,9232,10,56,1,1,56,2,1,56,3.7820437,6.2726073
639,37,131,41524,10,131,1,1,-1,2,1,-1,5.5022483,6.149842
640,1,12,640,10,12,2,1,12,3,2,12,4.741976,6.0481496
641,3,51,2752,10,51,1,1,51,2,1,51,5.991945,5.6552753
642,1,25,964,10,25,1,1,25,2,1,25,5.8249574,4.703821
643,6,25,2896,10,25,1,1,25,2,1,25,5.795751,5.937044
644,1,100,9232,10,100,1,1,100,2,1,100,5.562227,4.11533
645,3,100,9232,10,100,1,1,100,2,1,100,4.972694,6.6205673
646,1,100,9232,10,100,2,1,100,3,2,100,5.6025023,3.8992145
647,11,38,4372,10,38,1,1,38,2,1,38,4.6368103,3.913776
648,1,25,648,10,25,1,1,25,2,1,25,5.292926,4.412288
649,3,144,9232,10,144,1,1,144,2,1,144,6.167836,5.393842
650,1,25,976,10,25,1,1,25,2,1,25,6.096629,6.3738995
651,8,100,9232,10,100,1,1,100,2,1,100,5.4941554,6.334311
652,1,25,736,10,25,2,1,25,3,2,25,6.7752094,4.741761
653,3,25,1960,10,25,1,1,25,2,1,25,7.2089434,6.300049
654,1,144,9232,10,144,1,1,144,2,1,144,5.8503547,5.255402
655,11,144,9232,10,144,1,1,144,2,1,144,7.723748,5.653417
656,1,113,9232,10,113,1,1,113,2,1,113,4.8855977,4.673596
657,3,51,1972,10,51,1,1,51,2,1,51,5.11996,4.2482038
658,1,51,1672,10,51,2,1,51,3,2,51,3.7298117,3.6089494
659,6,51,2968,10,51,1,1,51,2,1,51,4.7636223,6.814505
660,1,113,9232,10,113,1,1,113,2,1,113,5.3734555,3.4537091
661,3,113,9232,10,113,1,1,113,2,1,113,4.5705476,5.309096
662,1,25,1492,10,25,1,1,25,2,1,25,5.065638,2.7288356
663,8,25,4480,10,25,1,1,25,2,1,25,5.9568276,6.7493043
664,1,113,9232,10,113,2,1,113,3,2,113,4.4956017,3.3939981
665,3,51,2248,10,51,1,1,51,2,1,51,5.9366074,5.0533476
666,1,113,9232,10,113,1,1,113,2,1,113,7.2844725,3.8638113
667,39,144,21688,10,144,1,1,-1,2,1,-1,5.8577495,5.757737
668,1,69,9232,10,69,1,1,69,2,1,69,5.0419006,4.3276086
669,3,69,9232,10,69,1,1,69,2,1,69,5.289153,3.4399264
670,1,69,9232,10,69,2,1,69,3,2,69,7.095423,4.697616
671,63,95,39364,10,95,1,1,-1,2,1,-1,3.7846446,4.5997443
672,1,12,672,10,12,1,1,12,2,1,12,5.2685843,6.5263433
673,3,64,2752,10,64,1,1,64,2,1,64,3.169841,4.3379545
674,1,113,9232,10,113,1,1,113,2,1,113,5.815174,6.111457
675,6,113,9232,10,113,1,1,113,2,1,113,4.633997,5.15952
676,1,51,4372,10,51,2,1,51,3,2,51,5.75047,5.256872
677,3,51,4372,10,51,1,1,51,2,1,51,6.4562025,3.8995917
678,1,51,4372,10,51,1,1,51,2,1,51,4.7217183,5.232641
679,21,64,5812,10,64,1,1,64,2,1,64,4.252999,5.036269
680,1,12,680,10,12,1,1,12,2,1,12,6.0753284,5.055505
681,3,64,39364,10,64,1,1,-1,2,1,-1,5.4440246,2.5423687
682,1,12,1024,10,12,2,1,12,3,2,12,7.153871,4.7142415
683,8,38,3076,10,38,1,1,38,2,1,38,6.5986915,3.9818377
684,1,126,9232,10,126,1,1,126,2,1,126,5.5594687,4.412365
685,3,126,9232,10,126,1,1,126,2,1,126,6.755531,4.0140204
686,1,126,9232,10,126,1,1,126,2,1,126,5.8737893,4.6414833
687,13,38,6964,10,38,1,1,38,2,1,38,5.6051016,7.1251903
688,1,33,688,10,33,2,1,33,3,2,33,7.208739,5.6605387
689,3,126,9232,10,126,1,1,126,2,1,126,5.112551,5.6687636
690,1,126,9232,10,126,1,1,126,2,1,126,3.138338,6.1183248
691,6,126,9232,10,126,1,1,126,2,1,126,3.4569106,4.0944357
692,1,33,692,10,33,1,1,33,2,1,33,5.3057485,6.7479696
693,3,33,2080,10,33,1,1,33,2,1,33,5.4413304,5.3059096
694,1,126,9232,10,126,2,1,126,3,2,126,4.951917,6.9530926
695,8,126,9232,10,126,1,1,126,2,1,126,4.5803947,5.302118
696,1,33,696,10,33,1,1,33,2,1,33,4.283495,5.146962
697,3,126,9232,10,126,1,1,126,2,1,126,4.626619,4.9499855
698,1,33,1048,10,33,1,1,33,2,1,33,6.1758447,4.2581553
699,11,64,3544,10,64,1,1,64,2,1,64,4.100447,6.0609326
700,1,82,9232,10,82,2,1,82,3,2,82,3.7929244,6.4137216
701,3,82,9232,10,82,1,1,82,2,1,82,4.7650623,4.894494
702,1,82,9232,10,82,1,1,82,2,1,82,7.001728,6.490089
703,132,170,250504,10,170,1,1,-1,2,1,-1,4.427796,3.1883106
704,1,20,704,10,20,1,1,20,2,1,20,3.4336636,5.8014536
705,3,33,2116,10,33,1,1,33,2,1,33,5.2905145,5.1809783
706,1,126,9232,10,126,2,1,126,3,2,126,5.4089985,4.879604
707,6,126,9232,10,126,1,1,126,2,1,126,6.8939943,5.816597
708,1,33,708,10,33,1,1,33,2,1,33,5.0047584,4.1213574
709,3,33,2128,10,33,1,1,33,2,1,33,6.123658,4.653827
710,1,33,1600,10,33,1,1,33,2,1,33,3.91578,3.47118
711,13,64,4804,10,64,1,1,64,2,1,64,5.7162395,6.328237
712,1,33,712,10,33,2,1,33,3,2,33,6.6640687,4.172044
713,3,25,3616,10,25,1,1,25,2,1,25,4.942854,5.568441
714,1,33,1072,10,33,1,1,33,2,1,33,6.5155597,5.826176
715,8,25,3220,10,25,1,1,25,2,1,25,4.1361394,3.9411721
716,1,33,808,10,33,1,1,33,2,1,33,6.8738585,6.409848
717,3,33,2152,10,33,1,1,33,2,1,33,3.8554807,4.335349
718,1,51,9232,10,51,2,1,51,3,2,51,4.0561213,6.5900693
719,21,51,9232,10,51,1,1,51,2,1,51,5.8624387,7.451819
720,1,20,720,10,20,1,1,20,2,1,20,4.9521804,4.998935
721,3,46,2164,10,46,1,1,46,2,1,46,4.522031,4.085753
722,1,46,2752,10,46,1,1,46,2,1,46,6.5952353,4.3747683
723,6,46,3256,10,46,1,1,46,2,1,46,5.374917,3.8522935
724,1,20,724,10,20,2,1,20,3,2,20,5.3639684,3.6656334
725,3,20,2176,10,20,1,1,20,2,1,20,6.7193923,4.51629
726,1,46,1636,10,46,1,1,46,2,1,46,6.217037,5.0461726
727,8,46,4912,10,46,1,1,46,2,1,46,5.9441853,3.7236264
728,1,95,9232,10,95,1,1,95,2,1,95,3.5820768,5.266973
729,3,33,2464,10,33,1,1,33,2,1,33,5.769375,6.1447663
730,1,95,9232,10,95,2,1,95,3,2,95,4.93666,5.5746727
731,13,139,9232,10,139,1,1,139,2,1,139,7.403921,5.0508294
732,1,95,9232,10,95,1,1,95,2,1,95,6.6663504,6.8144493
733,3,95,9232,10,95,1,1,95,2,1,95,6.7101345,4.179905
734,1,46,4192,10,46,1,1,46,2,1,46,4.3976555,3.7718217
735,16,46,11176,10,46,1,1,-1,2,1,-1,4.9021244,6.0162973
736,1,20,736,10,20,2,1,20,3,2,20,5.416667,3.7442708
737,3,139,9232,10,139,1,1,139,2,1,139,5.0277557,5.378558
738,1,20,1108,10,20,1,1,20,2,1,20,5.6349306,6.500218
739,6,20,3328,10,20,1,1,20,2,1,20,4.5632157,5.321384
740,1,46,740,10,46,1,1,46,2,1,46,4.714684,7.245696
741,3,46,2224,10,46,1,1,46,2,1,46,4.9350266,4.358424
742,1,46,1672,10,46,2,1,46,3,2,46,5.9199004,6.515813
743,39,95,14308,10,95,1,1,-1,2,1,-1,7.438915,4.15086
744,1,20,744,10,20,1,1,20,2,1,20,6.068466,6.022195
745,3,90,8080,10,90,1,1,90,2,1,90,5.171102,6.277393
746,1,20,1120,10,20,1,1,20,2,1,20,3.402827,4.0792336
747,8,46,4264,10,46,1,1,46,2,1,46,5.8814416,5.452564
748,1,46,952,10,46,2,1,46,3,2,46,5.0322995,5.269221
749,3,46,2248,10,46,1,1,46,2,1,46,3.864558,4.4262266
750,1,46,2536,10,46,1,1,46,2,1,46,3.4423478,3.5753148
751,34,139,21688,10,139,1,1,-1,2,1,-1,6.9060817,5.251557
752,1,108,9232,10,108,1,1,108,2,1,108,6.6884127,5.1640234
753,3,20,2260,10,20,1,1,20,2,1,20,4.1444325,3.5280712
754,1,64,9232,10,64,2,1,64,3,2,64,7.2775745,4.025427
755,6,64,9232,10,64,1,1,64,2,1,64,4.5619025,5.528315
756,1,108,9232,10,108,1,1,108,2,1,108,6.3216405,5.77952
757,3,108,9232,10,108,1,1,108,2,1,108,4.0302114,6.6831393
758,1,59,2752,10,59,1,1,59,2,1,59,6.8775105,4.1173234
759,8,59,5128,10,59,1,1,59,2,1,59,6.9383755,5.7602
760,1,108,9232,10,108,2,1,108,3,2,108,5.3550186,6.814372
761,3,33,2896,10,33,1,1,33,2,1,33,5.290387,3.7933981
762,1,108,9232,10,108,1,1,108,2,1,108,5.756703,4.042838
763,32,152,9232,10,152,1,1,152,2,1,152,5.5437417,5.817378
764,1,46,4372,10,46,1,1,46,2,1,46,7.533773,4.612472
765,3,46,4372,10,46,1,1,46,2,1,46,4.8354487,3.767771
766,1,46,13120,10,46,2,1,-1,3,2,-1,7.0787754,4.510825
767,26,59,39364,10,59,1,1,-1,2,1,-1,3.811142,6.4935923
768,1,15,768,10,15,1,1,15,2,1,15,7.2841163,5.1589
769,3,33,2308,10,33,1,1,33,2,1,33,5.996375,6.2842774
770,1,33,1156,10,33,1,1,33,2,1,33,5.1100197,6.8126287
771,6,33,3472,10,33,1,1,33,2,1,33,5.789521,6.4865527
772,1,121,9232,10,121,2,1,121,3,2,121,4.72989,5.5936017
773,3,121,9232,10,121,1,1,121,2,1,121,3.8585951,5.392468
774,1,121,9232,10,121,1,1,121,2,1,121,7.5224423,5.958337
775,11,152,9232,10,152,1,1,152,2,1,152,4.825626,5.43251
776,1,121,9232,10,121,1,1,121,2,1,121,3.3139462,4.3332624
777,3,33,3940,10,33,1,1,33,2,1,33,5.1776447,5.5320196
778,1,121,9232,10,121,2,1,121,3,2,121,5.742518,4.4620986
779,8,59,3508,10,59,1,1,59,2,1,59,7.3107376,4.8027916
780,1,121,9232,10,121,1,1,121,2,1,121,5.4296083,5.842986
781,3,121,9232,10,121,1,1,121,2,1,121,3.796533,5.418403
782,1,121,9232,10,121,1,1,121,2,1,121,4.391729,3.882632
783,11,121,9232,10,121,1,1,121,2,1,121,6.219822,5.986307
784,1,28,784,10,28,2,1,28,3,2,28,5.818444,4.098709
785,3,121,9232,10,121,1,1,121,2,1,121,5.932689,3.205687
786,1,59,2248,10,59,1,1,59,2,1,59,6.0155077,6.0143037
787,6,59,3544,10,59,1,1,59,2,1,59,4.6084733,5.0835624
788,1,28,788,10,28,1,1,28,2,1,28,5.2895474,4.2246842
789,3,28,2368,10,28,1,1,28,2,1,28,4.8074527,5.087897
790,1,77,9232,10,77,2,1,77,3,2,77,3.692712,5.6644816
791,8,77,9232,10,77,1,1,77,2,1,77,5.2760863,5.736245
792,1,28,792,10,28,1,1,28,2,1,28,5.1190424,6.2780714
793,3,77,9232,10,77,1,1,77,2,1,77,6.1680765,6.009026
794,1,28,1192,10,28,1,1,28,2,1,28,3.2369313,5.9310865
795,44,103,39364,10,103,1,1,-1,2,1,-1,6.131573,4.0578094
796,1,121,9232,10,121,2,1,121,3,2,121,5.064095,4.7009144
797,3,121,9232,10,121,1,1,121,2,1,121,5.0531073,6.746558
798,1,121,9232,10,121,1,1,121,2,1,121,4.994346,6.3534
799,21,72,12148,10,72,1,1,-1,2,1,-1,4.4375367,4.2037272
800,1,28,800,10,28,1,1,28,2,1,28,5.122726,6.0777698
801,3,59,4372,10,59,1,1,59,2,1,59,6.518009,6.4200716
802,1,20,1204,10,20,2,1,20,3,2,20,4.294375,5.229035
803,6,20,3616,10,20,1,1,20,2,1,20,5.217685,4.4603276
804,1,20,1024,10,20,1,1,20,2,1,20,4.300094,3.0878754
805,3,20,2416,10,20,1,1,20,2,1,20,4.8760433,5.9455624
806,1,20,1816,10,20,1,1,20,2,1,20,5.481531,5.672794
807,13,72,39364,10,72,1,1,-1,2,1,-1,4.968075,6.1051087
808,1,28,808,10,28,2,1,28,3,2,28,4.132879,3.20055
809,3,46,9232,10,46,1,1,46,2,1,46,6.331709,3.4286091
810,1,28,1216,10,28,1,1,28,2,1,28,5.515109,3.995314
811,8,134,9232,10,134,1,1,134,2,1,134,4.368577,5.679776
812,1,41,916,10,41,1,1,41,2,1,41,3.5138915,5.7663994
813,3,41,2440,10,41,1,1,41,2,1,41,5.1433816,6.347175
814,1,41,2752,10,41,2,1,41,3,2,41,4.5446525,4.50677
815,16,134,9232,10,134,1,1,134,2,1,134,6.119345,4.5291057
816,1,28,816,10,28,1,1,28,2,1,28,4.6423965,3.411056
817,3,41,2452,10,41,1,1,41,2,1,41,5.4870443,4.919293
818,1,41,1384,10,41,1,1,41,2,1,41,5.370287,6.356529
819,6,41,3688,10,41,1,1,41,2,1,41,4.384699,7.1681576
820,1,28,820,10,28,2,1,28,3,2,28,4.885668,6.216704
821,3,28,2464,10,28,1,1,28,2,1,28,3.4042358,5.04282
822,1,134,9232,10,134,1,1,134,2,1,134,5.660979,5.9477234
823,8,134,9232,10,134,1,1,134,2,1,134,5.944027,4.4533505
824,1,90,9232,10,90,1,1,90,2,1,90,3.4009728,4.39425
825,3,134,9232,10,134,1,1,134,2,1,134,6.6405215,4.4989614
826,1,90,9232,10,90,2,1,90,3,2,90,3.7148502,4.7528996
827,11,41,4192,10,41,1,1,41,2,1,41,6.676744,3.9699323
828,1,90,9232,10,90,1,1,90,2,1,90,5.90547,6.5023623
829,3,90,9232,10,90,1,1,90,2,1,90,6.9029403,5.135677
830,1,134,9232,10,134,1,1,134,2,1,134,5.6871023,5.2042522
831,24,134,18952,10,134,1,1,-1,2,1,-1,4.75607,4.29789
832,1,15,832,10,15,2,1,15,3,2,15,5.5131354,3.3489056
833,3,28,2500,10,28,1,1,28,2,1,28,6.7736616,6.1169057
834,1,134,9232,10,134,1,1,134,2,1,134,5.580307,5.788863
835,6,134,9232,10,134,1,1,134,2,1,134,6.4292088,4.525821
836,1,41,836,10,41,1,1,41,2,1,41,4.5503263,4.3627887
837,3,41,2512,10,41,1,1,41,2,1,41,3.9102821,5.2495465
838,1,41,1888,10,41,2,1,41,3,2,41,4.7258563,5.197586
839,24,85,8080,10,85,1,1,85,2,1,85,3.3018692,5.1007247
840,1,41,840,10,41,1,1,41,2,1,41,5.8541765,3.8198774
841,3,41,4264,10,41,1,1,41,2,1,41,5.398646,5.1892643
842,1,41,1264,10,41,1,1,41,2,1,41,4.9034963,3.7539527
843,8,41,3796,10,41,1,1,41,2,1,41,6.337676,3.314771
844,1,41,952,10,41,2,1,41,3,2,41,6.4929357,3.796808
845,3,41,2536,10,41,1,1,41,2,1,41,5.683603,6.325887
846,1,33,3220,10,33,1,1,33,2,1,33,4.5696936,5.6112375
847,13,33,8584,10,33,1,1,33,2,1,33,4.886382,4.605948
848,1,15,848,10,15,1,1,15,2,1,15,4.554172,5.5911317
849,3,59,9232,10,59,1,1,59,2,1,59,5.4600334,6.264468
850,1,59,9232,10,59,2,1,59,3,2,59,4.8373585,6.2458467
851,6,59,9232,10,59,1,1,59,2,1,59,5.1488566,6.1360335
852,1,15,852,10,15,1,1,15,2,1,15,5.5965505,3.4894135
853,3,15,2560,10,15,1,1,15,2,1,15,7.763937,5.522651
854,1,54,2752,10,54,1,1,54,2,1,54,6.9952602,5.37479
855,8,54,5776,10,54,1,1,54,2,1,54,3.2846448,5.360337
856,1,103,9232,10,103,2,1,103,3,2,103,3.379566,6.396884
857,3,28,2896,10,28,1,1,28,2,1,28,4.76512,5.937473
858,1,103,9232,10,103,1,1,103,2,1,103,5.7913084,6.05578
859,26,147,9232,10,147,1,1,147,2,1,147,4.1888337,4.4899426
860,1,103,9232,10,103,1,1,103,2,1,103,4.7302,5.003649
861,3,103,9232,10,103,1,1,103,2,1,103,6.315738,7.089697
862,1,41,4372,10,41,2,1,41,3,2,41,5.745564,3.5375118
863,13,41,13120,10,41,1,1,-1,2,1,-1,7.5730996,5.4335485
864,1,116,9232,10,116,1,1,116,2,1,116,6.157119,3.651308
865,3,147,9232,10,147,1,1,147,2,1,147,6.951529,4.0044365
866,1,28,1300,10,28,1,1,28,2,1,28,4.173486,3.6119123
867,6,28,3904,10,28,1,1,28,2,1,28,4.736628,6.25842
868,1,28,868,10,28,2,1,28,3,2,28,4.3199124,3.1606061
869,3,28,2608,10,28,1,1,28,2,1,28,3.8966799,4.908888
870,1,28,1960,10,28,1,1,28,2,1,28,7.188981,5.3152194
871,57,178,190996,10,178,1,1,-1,2,1,-1,6.304824,5.0021243
872,1,116,9232,10,116,1,1,116,2,1,116,6.2839556,5.301952
873,3,147,9232,10,147,1,1,147,2,1,147,5.7874527,4.5185146
874,1,116,9232,10,116,2,1,116,3,2,116,4.706884,4.8061385
875,8,28,3940,10,28,1,1,28,2,1,28,6.5130477,4.8218164
876,1,54,1672,10,54,1,1,54,2,1,54,6.598567,3.8382123
877,3,54,2632,10,54,1,1,54,2,1,54,4.3669434,5.462443
878,1,54,2968,10,54,1,1,54,2,1,54,4.4659925,3.7766562
879,19,147,10024,10,147,1,1,-1,2,1,-1,5.1955476,4.4920273
880,1,116,9232,10,116,2,1,116,3,2,116,4.9867163,3.435018
881,3,116,9232,10,116,1,1,116,2,1,116,5.0889773,4.344796
882,1,28,1492,10,28,1,1,28,2,1,28,4.8876524,5.652493
883,6,28,3976,10,28,1,1,28,2,1,28,3.1675613,5.9217854
884,1,116,9232,10,116,1,1,116,2,1,116,6.3612356,4.314916
885,3,116,9232,10,116,1,1,116,2,1,116,6.9539175,6.6289396
886,1,54,2248,10,54,2,1,54,3,2,54,3.5161223,5.80892
887,8,54,5992,10,54,1,1,54,2,1,54,4.275538,5.782059
888,1,72,9232,10,72,1,1,72,2,1,72,4.489815,5.255578
889,3,147,21688,10,147,1,1,-1,2,1,-1,4.531037,6.0541153
890,1,72,9232,10,72,1,1,72,2,1,72,5.615681,3.3856335
891,13,46,8584,10,46,1,1,46,2,1,46,5.9172792,6.857417
892,1,72,9232,10,72,2,1,72,3,2,72,6.955925,6.592545
893,3,72,9232,10,72,1,1,72,2,1,72,7.574031,5.1507835
894,1,98,39364,10,98,1,1,-1,2,1,-1,7.207908,4.4445653
895,39,98,39364,10,98,1,1,-1,2,1,-1,4.3912954,6.3308825
896,1,23,896,10,23,1,1,23,2,1,23,5.539703,3.2255313
897,3,67,2752,10,67,1,1,67,2,1,67,4.5945153,3.5521946
898,1,116,9232,10,116,2,1,116,3,2,116,3.9904125,3.6320524
899,6,116,9232,10,116,1,1,116,2,1,116,5.3489904,6.675087
900,1,54,4372,10,54,1,1,54,2,1,54,5.8892756,6.3200808
901,3,54,4372,10,54,1,1,54,2,1,54,7.724901,5.5287824
902,1,54,4372,10,54,1,1,54,2,1,54,5.246618,2.759244
903,11,116,9232,10,116,1,1,116,2,1,116,5.3305507,5.6431336
904,1,15,904,10,15,2,1,15,3,2,15,5.176925,7.109263
905,3,67,5812,10,67,1,1,67,2,1,67,5.3132625,3.8339713
906,1,15,1360,10,15,1,1,15,2,1,15,5.5222917,5.779707
907,8,54,13120,10,54,1,1,-1,2,1,-1,4.123214,5.9230137
908,1,15,1024,10,15,1,1,15,2,1,15,6.4057946,3.3257585
909,3,15,2728,10,15,1,1,15,2,1,15,4.028962,6.461495
910,1,41,3076,10,41,2,1,41,3,2,41,6.725141,3.6964743
911,11,41,9232,10,41,1,1,41,2,1,41,6.5739655,3.8392937
912,1,36,912,10,36,1,1,36,2,1,36,5.9821105,5.5341806
913,3,129,9232,10,129,1,1,129,2,1,129,3.2145987,3.8955824
914,1,129,9232,10,129,1,1,129,2,1,129,5.095768,4.389638
915,6,129,9232,10,129,1,1,129,2,1,129,7.4633136,5.5028343
916,1,36,916,10,36,2,1,36,3,2,36,5.759147,5.0967407
917,3,36,2752,10,36,1,1,36,2,1,36,5.309288,5.582048
918,1,129,9232,10,129,1,1,129,2,1,129,4.043197,5.537241
919,8,129,9232,10,129,1,1,129,2,1,129,3.3252947,4.606894
920,1,36,920,10,36,1,1,36,2,1,36,3.6443307,5.325768
921,3,129,9232,10,129,1,1,129,2,1,129,4.778035,6.9613266
922,1,36,1384,10,36,2,1,36,3,2,36,6.107388,6.0613127
923,16,67,10528,10,67,1,1,-1,2,1,-1,5.736633,5.1746907
924,1,129,9232,10,129,1,1,129,2,1,129,5.0475574,5.736892
925,3,129,9232,10,129,1,1,129,2,1,129,6.166272,3.9128554
926,1,129,9232,10,129,1,1,129,2,1,129,7.582092,4.224303
927,60,116,15856,10,116,1,1,-1,2,1,-1,3.9025376,4.8477955
928,1,23,928,10,23,2,1,23,3,2,23,3.7294507,6.714211
929,3,129,9232,10,129,1,1,129,2,1,129,5.490648,3.7227676
930,1,36,1396,10,36,1,1,36,2,1,36,4.9655175,4.1338897
931,6,36,4192,10,36,1,1,36,2,1,36,6.8167324,6.54823
932,1,85,9232,10,85,1,1,85,2,1,85,4.4141474,4.569825
933,3,85,9232,10,85,1,1,85,2,1,85,3.7013397,4.218359
934,1,85,9232,10,85,2,1,85,3,2,85,3.7642798,3.8297522
935,19,129,9232,10,129,1,1,129,2,1,129,5.1773996,5.9159956
936,1,23,936,10,23,1,1,23,2,1,23,4.106459,4.582463
937,3,173,250504,10,173,1,1,-1,2,1,-1,5.642604,5.3777275
938,1,23,1408,10,23,1,1,23,2,1,23,6.9707675,4.6767845
939,8,85,9232,10,85,1,1,85,2,1,85,4.9060984,3.480453
940,1,129,9232,10,129,2,1,129,3,2,129,5.425279,3.245432
941,3,129,9232,10,129,1,1,129,2,1,129,5.3638034,5.745482
942,1,129,9232,10,129,1,1,129,2,1,129,5.0394526,4.6969376
943,13,36,9556,10,36,1,1,36,2,1,36,4.77773,5.8892846
944,1,36,944,10,36,1,1,36,2,1,36,4.2047663,4.2941074
945,3,36,2836,10,36,1,1,36,2,1,36,5.201703,3.7938297
946,1,36,1600,10,36,2,1,36,3,2,36,5.730264,6.155346
947,6,36,4264,10,36,1,1,36,2,1,36,5.7807426,4.0785604
948,1,36,948,10,36,1,1,36,2,1,36,6.508486,6.796314
949,3,36,2848,10,36,1,1,36,2,1,36,7.617906,4.222234
950,1,28,3616,10,28,1,1,28,2,1,28,4.4334116,6.6420207
951,8,28,6424,10,28,1,1,28,2,1,28,5.5359135,5.377335
952,1,36,952,10,36,2,1,36,3,2,36,5.8038335,6.760112
953,3,28,3220,10,28,1,1,28,2,1,28,3.7318702,6.544876
954,1,36,1432,10,36,1,1,36,2,1,36,7.211329,4.9652343
955,11,28,4840,10,28,1,1,28,2,1,28,4.412389,6.59146
956,1,54,9232,10,54,1,1,54,2,1,54,5.647961,5.27218
957,3,54,9232,10,54,1,1,54,2,1,54,6.8980317,4.0757775
958,1,54,9232,10,54,2,1,54,3,2,54,3.6790814,3.6338797
959,34,129,41524,10,129,1,1,-1,2,1,-1,5.9265003,6.4810953
960,1,23,960,10,23,1,1,23,2,1,23,4.95229,3.1773155
961,3,49,2884,10,49,1,1,49,2,1,49,5.68118,3.972121
962,1,49,2752,10,49,1,1,49,2,1,49,6.2868557,4.0399346
963,6,49,4336,10,49,1,1,49,2,1,49,4.892881,4.4401484
964,1,23,964,10,23,2,1,23,3,2,23,6.4460754,6.598279
965,3,23,2896,10,23,1,1,23,2,1,23,4.1218705,4.976939
966,1,23,2176,10,23,1,1,23,2,1,23,5.9035225,3.3997395
967,13,142,9232,10,142,1,1,142,2,1,142,6.4652033,6.4024734
968,1,98,9232,10,98,1,1,98,2,1,98,5.4607935,4.9513674
969,3,49,4912,10,49,1,1,49,2,1,49,6.2080717,4.0127926
970,1,98,9232,10,98,2,1,98,3,2,98,5.79169,4.982329
971,8,36,4372,10,36,1,1,36,2,1,36,5.169632,7.464154
972,1,98,9232,10,98,1,1,98,2,1,98,5.7253485,3.8275316
973,3,98,9232,10,98,1,1,98,2,1,98,5.3147516,3.3114183
974,1,142,9232,10,142,1,1,142,2,1,142,6.2015624,3.759708
975,16,142,9880,10,142,1,1,142,2,1,142,4.0228286,6.9631486
976,1,23,976,10,23,2,1,23,3,2,23,5.1025076,4.981148
977,3,98,9232,10,98,1,1,98,2,1,98,4.1548157,5.4288206
978,1,49,4192,10,49,1,1,49,2,1,49,6.258225,6.714539
979,6,49,4408,10,49,1,1,49,2,1,49,5.4088116,3.403728
980,1,23,980,10,23,1,1,23,2,1,23,4.9113607,4.219267
981,3,23,2944,10,23,1,1,23,2,1,23,6.102849,3.1022546
982,1,142,9232,10,142,2,1,142,3,2,142,6.5148997,4.1473184
983,8,142,9232,10,142,1,1,142,2,1,142,6.092333,5.658993
984,1,49,984,10,49,1,1,49,2,1,49,3.2454343,4.788329
985,3,23,3328,10,23,1,1,23,2,1,23,6.168305,6.228009
986,1,49,1480,10,49,1,1,49,2,1,49,6.443855,4.106462
987,13,36,7504,10,36,1,1,36,2,1,36,3.808646,4.179352
988,1,49,1672,10,49,2,1,49,3,2,49,3.470907,5.4626045
989,3,49,2968,10,49,1,1,49,2,1,49,6.516935,4.4945116
990,1,98,14308,10,98,1,1,-1,2,1,-1,6.1050677,5.366399
991,42,98,15064,10,98,1,1,-1,2,1,-1,5.475627,3.9498386
992,1,111,9232,10,111,1,1,111,2,1,111,4.403848,3.1418092
993,3,93,8080,10,93,1,1,93,2,1,93,3.2220623,3.9405339
994,1,23,1492,10,23,2,1,23,3,2,23,4.6373124,5.736715
995,6,23,4480,10,23,1,1,23,2,1,23,4.635712,3.7584867
996,1,49,996,10,49,1,1,49,2,1,49,5.386178,6.1290627
997,3,49,2992,10,49,1,1,49,2,1,49,4.68187,4.444599
998,1,49,2248,10,49,1,1,49,2,1,49,4.7634244,4.074107
999,16,49,11392,10,49,1,1,-1,2,1,-1,6.028785,5.116899
1000,1,111,9232,10,111,2,1,111,3,2,111,5.545768,3.852352
1001,3,142,21688,10,142,1,1,-1,2,1,-1,6.285734,7.0057445
1002,1,111,9232,10,111,1,1,111,2,1,111,5.0354447,4.2346287
1003,8,41,8584,10,41,1,1,41,2,1,41,3.2759008,5.3020153
1004,1,67,9232,10,67,1,1,67,2,1,67,5.8610272,5.3629627
1005,3,67,9232,10,67,1,1,67,2,1,67,5.2464023,6.6309767
1006,1,67,9232,10,67,2,1,67,3,2,67,3.0414252,5.855629
1007,34,93,39364,10,93,1,1,-1,2,1,-1,6.0613723,4.5459642
1008,1,111,9232,10,111,1,1,111,2,1,111,5.5976934,4.514912
1009,3,111,9232,10,111,1,1,111,2,1,111,5.764768,4.4815207
1010,1,62,2752,10,62,1,1,62,2,1,62,5.71142,3.6051404
1011,6,62,4552,10,62,1,1,62,2,1,62,3.9007154,3.4537137
1012,1,111,9232,10,111,2,1,111,3,2,111,5.6600914,3.5195124
1013,3,111,9232,10,111,1,1,111,2,1,111,6.995792,5.769506
1014,1,36,2896,10,36,1,1,36,2,1,36,5.7396474,5.1364036
1015,8,36,6856,10,36,1,1,36,2,1,36,5.734072,4.3856583
1016,1,49,4372,10,49,1,1,49,2,1,49,3.2233813,5.736607
1017,3,155,9232,10,155,1,1,155,2,1,155,5.486566,4.941576
1018,1,49,4372,10,49,2,1,49,3,2,49,6.373047,6.0031457
1019,19,62,5812,10,62,1,1,62,2,1,62,4.1838145,3.4637241
1020,1,49,13120,10,49,1,1,-1,2,1,-1,5.7748246,5.5228643
1021,3,49,13120,10,49,1,1,-1,2,1,-1,4.2275147,6.0061464
1022,1,62,39364,10,62,1,1,-1,2,1,-1,5.97398,5.003176
1023,29,62,118096,10,62,1,1,-1,2,1,-1,7.148656,5.2155123
1024,1,10,1024,11,10,2,1,10,3,2,10,7.5353727,5.035116
1025,3,36,3076,11,36,1,1,36,2,1,36,4.623837,4.0711284
1026,1,36,1540,11,36,1,1,36,2,1,36,4.9276104,2.88164
1027,6,36,4624,11,36,1,1,36,2,1,36,6.992378,3.662555
1028,1,124,9232,11,124,1,1,124,2,1,124,6.7566404,6.08509
1029,3,124,9232,11,124,1,1,124,2,1,124,7.8161488,5.531511
1030,1,124,9232,11,124,2,1,124,3,2,124,5.79338,5.3269815
1031,11,36,6964,11,36,1,1,36,2,1,36,5.2916856,5.627711
1032,1,124,9232,11,124,1,1,124,2,1,124,5.9984636,5.8131123
1033,3,155,9232,11,155,1,1,155,2,1,155,5.6415577,4.2494736
1034,1,124,9232,11,124,1,1,124,2,1,124,3.3075318,6.103063
1035,8,124,9232,11,124,1,1,124,2,1,124,7.730488,5.0816073
1036,1,124,9232,11,124,2,1,124,3,2,124,5.0547814,5.4793124
1037,3,124,9232,11,124,1,1,124,2,1,124,3.1410573,5.893449
1038,1,62,3508,11,62,1,1,62,2,1,62,3.1584225,4.2224135
1039,11,62,10528,11,62,1,1,-1,2,1,-1,5.3956923,4.5411515
1040,1,31,1040,11,31,1,1,31,2,1,31,4.4964504,3.5863771
1041,3,124,9232,11,124,1,1,124,2,1,124,5.290905,7.518907
1042,1,124,9232,11,124,2,1,124,3,2,124,2.9518993,5.429793
1043,6,124,9232,11,124,1,1,124,2,1,124,6.477142,3.136692
1044,1,31,1044,11,31,1,1,31,2,1,31,5.911957,5.5642495
1045,3,31,3136,11,31,1,1,31,2,1,31,3.61872,5.736078
1046,1,124,9232,11,124,1,1,124,2,1,124,5.3424354,6.5357223
1047,8,124,9232,11,124,1,1,124,2,1,124,6.3360825,4.5547733
1048,1,31,1048,11,31,2,1,31,3,2,31,3.9761324,4.1370173
1049,3,62,3544,11,62,1,1,62,2,1,62,5.3156853,2.66377
1050,1,31,1576,11,31,1,1,31,2,1,31,5.365868,4.931972
1051,39,93,45520,11,93,1,1,-1,2,1,-1,4.9413834,5.0423117
1052,1,80,9232,11,80,1,1,80,2,1,80,5.046804,6.950448
1053,3,80,9232,11,80,1,1,80,2,1,80,4.2946506,6.316651
1054,1,80,9232,11,80,2,1,80,3,2,80,4.854609,6.675466
1055,130,168,250504,11,168,1,1,-1,2,1,-1,4.752978,6.1191635
1056,1,31,1056,11,31,1,1,31,2,1,31,5.6647453,6.6496353
1057,3,80,9232,11,80,1,1,80,2,1,80,7.0516167,5.394772
1058,1,31,1588,11,31,1,1,31,2,1,31,5.2155356,3.9583704
1059,6,31,4768,11,31,1,1,31,2,1,31,4.847966,5.9875236
1060,1,124,9232,11,124,2,1,124,3,2,124,5.8617806,5.3544245
1061,3,124,9232,11,124,1,1,124,2,1,124,5.3083396,6.975013
1062,1,124,9232,11,124,1,1,124,2,1,124,4.4861917,5.1183233
1063,13,75,8080,11,75,1,1,75,2,1,75,5.181163,5.802345
1064,1,31,1064,11,31,1,1,31,2,1,31,3.7857618,5.807483
1065,3,75,12148,11,75,1,1,-1,2,1,-1,3.5419896,5.7268896
1066,1,31,1600,11,31,2,1,31,3,2,31,4.824796,5.46062
1067,8,62,4804,11,62,1,1,62,2,1,62,7.3117266,5.2771764
1068,1,23,1204,11,23,1,1,23,2,1,23,3.5094817,4.9218535
1069,3,23,3208,11,23,1,1,23,2,1,23,6.254734,5.2837076
1070,1,23,3616,11,23,1,1,23,2,1,23,4.3581457,6.0477915
1071,21,168,10852,11,168,1,1,-1,2,1,-1,5.7492604,6.2711124
1072,1,31,1072,11,31,2,1,31,3,2,31,5.7148027,4.3468456
1073,3,23,3220,11,23,1,1,23,2,1,23,5.2456985,6.4314137
1074,1,23,1816,11,23,1,1,23,2,1,23,4.7958946,5.6720448
1075,6,23,4840,11,23,1,1,23,2,1,23,6.492527,2.8919833
1076,1,31,1076,11,31,1,1,31,2,1,31,5.464931,3.440591
1077,3,31,3232,11,31,1,1,31,2,1,31,4.2698097,4.4743905
1078,1,49,9232,11,49,2,1,49,3,2,49,5.344923,5.8260283
1079,8,49,9232,11,49,1,1,49,2,1,49,5.0662274,3.5758839
1080,1,44,1080,11,44,1,1,44,2,1,44,6.121575,5.655769
1081,3,137,9232,11,137,1,1,137,2,1,137,3.6847007,6.321499
1082,1,44,1624,11,44,1,1,44,2,1,44,5.757672,5.5429115
1083,11,137,9232,11,137,1,1,137,2,1,137,4.4391522,6.060997
1084,1,44,2752,11,44,2,1,44,3,2,44,5.8034163,3.9510984
1085,3,44,3256,11,44,1,1,44,2,1,44,6.7378945,5.9931087
1086,1,137,9232,11,137,1,1,137,2,1,137,6.1300173,6.6459394
1087,19,137,24784,11,137,1,1,-1,2,1,-1,4.1796346,3.4781456
1088,1,18,1088,11,18,1,1,18,2,1,18,5.140303,4.531429
1089,3,44,3268,11,44,1,1,44,2,1,44,6.7833624,4.9631324
1090,1,44,1636,11,44,2,1,44,3,2,44,6.0627956,3.035299
1091,6,44,4912,11,44,1,1,44,2,1,44,6.4991074,5.970424
1092,1,31,1092,11,31,1,1,31,2,1,31,4.2288947,6.1228333
1093,3,31,3280,11,31,1,1,31,2,1,31,7.255347,6.323029
1094,1,31,2464,11,31,1,1,31,2,1,31,5.3682823,6.469221
1095,24,75,7396,11,75,1,1,75,2,1,75,6.88075,4.99031
1096,1,93,9232,11,93,2,1,93,3,2,93,5.1049905,5.731135
1097,3,137,9232,11,137,1,1,137,2,1,137,3.3438866,4.236101
1098,1,93,9232,11,93,1,1,93,2,1,93,4.2173376,5.507939
1099,8,31,4948,11,31,1,1,31,2,1,31,2.9822574,5.936532
1100,1,93,9232,11,93,1,1,93,2,1,93,6.586177,4.4299536
1101,3,93,9232,11,93,1,1,93,2,1,93,3.32364,4.7077956
1102,1,44,4192,11,44,2,1,44,3,2,44,5.7494125,6.387997
1103,13,44,11176,11,44,1,1,-1,2,1,-1,3.2027292,5.6365213
1104,1,18,1104,11,18,1,1,18,2,1,18,5.9319344,6.3276834
1105,3,93,9232,11,93,1,1,93,2,1,93,4.8366585,3.6023045
1106,1,137,9232,11,137,1,1,137,2,1,137,5.243057,6.8505745
1107,6,137,9232,11,137,1,1,137,2,1,137,6.0317454,3.537129
1108,1,18,1108,11,18,2,1,18,3,2,18,4.934003,3.9685545
1109,3,18,3328,11,18,1,1,18,2,1,18,5.902447,4.147733
1110,1,31,2500,11,31,1,1,31,2,1,31,3.4196355,5.3905406
1111,8,31,7504,11,31,1,1,31,2,1,31,6.3167896,3.7485366
1112,1,44,1112,11,44,1,1,44,2,1,44,3.134278,5.2110395
1113,3,137,9232,11,137,1,1,137,2,1,137,4.8937054,3.704593
1114,1,44,1672,11,44,2,1,44,3,2,44,5.524501,6.111865
1115,37,93,14308,11,93,1,1,-1,2,1,-1,4.0380516,4.9097447
1116,1,44,1888,11,44,1,1,44,2,1,44,5.849386,6.4850388
1117,3,44,3352,11,44,1,1,44,2,1,44,3.5474353,3.903931
1118,1,88,8080,11,88,1,1,88,2,1,88,5.6098657,4.0086837
1119,13,88,17008,11,88,1,1,-1,2,1,-1,4.743184,6.835477
1120,1,18,1120,11,18,2,1,18,3,2,18,5.5659676,3.413955
1121,3,44,4264,11,44,1,1,44,2,1,44,5.4716444,5.284523
1122,1,44,1684,11,44,1,1,44,2,1,44,3.786097,5.821904
1123,6,44,5056,11,44,1,1,44,2,1,44,6.383842,3.6277509
1124,1,44,1124,11,44,1,1,44,2,1,44,4.283694,3.2550063
1125,3,44,3376,11,44,1,1,44,2,1,44,4.8894324,2.99584
1126,1,44,2536,11,44,2,1,44,3,2,44,5.0229626,7.022997
1127,32,137,21688,11,137,1,1,-1,2,1,-1,5.619111,7.368281
1128,1,18,1128,11,18,1,1,18,2,1,18,5.2521014,5.60174
1129,3,36,8584,11,36,1,1,36,2,1,36,5.921417,3.430509
1130,1,18,1696,11,18,1,1,18,2,1,18,6.2715917,4.6128054
1131,8,36,5092,11,36,1,1,36,2,1,36,3.8615458,3.9944112
1132,1,62,9232,11,62,2,1,62,3,2,62,3.4716914,5.0341215
1133,3,62,9232,11,62,1,1,62,2,1,62,5.5784054,5.911716
1134,1,62,9232,11,62,1,1,62,2,1,62,6.4544096,4.610387
1135,21,62,14560,11,62,1,1,-1,2,1,-1,6.374618,6.552759
1136,1,106,9232,11,106,1,1,106,2,1,106,5.2973003,4.1693797
1137,3,18,3412,11,18,1,1,18,2,1,18,4.9035015,4.809223
1138,1,57,2752,11,57,2,1,57,3,2,57,5.099986,4.171261
1139,6,57,5128,11,57,1,1,57,2,1,57,7.5610523,5.481044
1140,1,106,9232,11,106,1,1,106,2,1,106,6.6493044,4.123448
1141,3,106,9232,11,106,1,1,106,2,1,106,6.587168,4.8473787
1142,1,31,2896,11,31,1,1,31,2,1,31,3.4725256,4.8790174
1143,8,31,7720,11,31,1,1,31,2,1,31,4.1688538,6.9890814
1144,1,106,9232,11,106,2,1,106,3,2,106,3.3502245,6.3226175
1145,3,150,9232,11,150,1,1,150,2,1,150,7.24881,3.5456562
1146,1,106,9232,11,106,1,1,106,2,1,106,4.4100566,5.506014
1147,13,57,5812,11,57,1,1,57,2,1,57,5.2951093,6.437932
1148,1,44,4372,11,44,1,1,44,2,1,44,6.3590736,3.8001637
1149,3,44,4372,11,44,1,1,44,2,1,44,5.4514804,5.7836313
1150,1,44,13120,11,44,2,1,-1,3,2,-1,3.700649,3.1902895
1151,24,57,39364,11,57,1,1,-1,2,1,-1,3.4311857,6.1811624
1152,1,26,1152,11,26,1,1,26,2,1,26,5.43504,4.5092216
1153,3,150,9232,11,150,1,1,150,2,1,150,4.9032254,3.8432987
1154,1,31,1732,11,31,1,1,31,2,1,31,4.9513445,5.6567626
1155,6,31,5200,11,31,1,1,31,2,1,31,4.33338,3.5781574
1156,1,31,1156,11,31,2,1,31,3,2,31,5.0171695,7.0154467
1157,3,31,3472,11,31,1,1,31,2,1,31,4.4236436,4.8384767
1158,1,31,2608,11,31,1,1,31,2,1,31,5.454969,5.2543745
1159,11,57,7828,11,57,1,1,57,2,1,57,5.1593122,6.6561317
1160,1,119,9232,11,119,1,1,119,2,1,119,5.4957805,5.0203667
1161,3,181,190996,11,181,1,1,-1,2,1,-1,5.887706,6.1168394
1162,1,119,9232,11,119,2,1,119,3,2,119,4.8997273,6.2779493
1163,8,150,9232,11,150,1,1,150,2,1,150,5.626553,4.6615157
1164,1,119,9232,11,119,1,1,119,2,1,119,3.3326664,4.9117436
1165,3,119,9232,11,119,1,1,119,2,1,119,6.0754714,5.2602124
1166,1,31,3940,11,31,1,1,31,2,1,31,4.83891,4.7500668
1167,11,31,11824,11,31,1,1,-1,2,1,-1,6.2579284,5.405296
1168,1,119,9232,11,119,2,1,119,3,2,119,7.202368,4.955173
1169,3,57,3508,11,57,1,1,57,2,1,57,5.3228827,7.4332576
1170,1,57,2968,11,57,1,1,57,2,1,57,4.0332866,6.2327166
1171,6,57,5272,11,57,1,1,57,2,1,57,6.1286197,4.0072594
1172,1,119,9232,11,119,1,1,119,2,1,119,3.25819,3.9569988
1173,3,119,9232,11,119,1,1,119,2,1,119,5.156621,5.1918497
1174,1,119,9232,11,119,2,1,119,3,2,119,4.104253,6.3908224
1175,8,119,9232,11,119,1,1,119,2,1,119,5.5347147,4.2829957
1176,1,119,9232,11,119,1,1,119,2,1,119,5.7497716,5.774034
1177,3,31,3976,11,31,1,1,31,2,1,31,4.11069,3.7133496
1178,1,119,9232,11,119,1,1,119,2,1,119,4.909744,6.111068
1179,26,57,13444,11,57,1,1,-1,2,1,-1,5.6639175,5.2261834
1180,1,57,2248,11,57,2,1,57,3,2,57,6.0469728,4.4568834
1181,3,57,3544,11,57,1,1,57,2,1,57,4.2278376,7.267713
1182,1,57,5992,11,57,1,1,57,2,1,57,6.2871966,4.877167
1183,26,88,45520,11,88,1,1,-1,2,1,-1,7.746541,4.61097
1184,1,26,1184,11,26,1,1,26,2,1,26,4.194889,3.5848987
1185,3,150,21688,11,150,1,1,-1,2,1,-1,3.1581597,4.7238083
1186,1,75,9232,11,75,2,1,75,3,2,75,4.5157084,5.327517
1187,6,75,9232,11,75,1,1,75,2,1,75,3.7744646,4.160678
1188,1,75,9232,11,75,1,1,75,2,1,75,3.9343731,4.7325954
1189,3,75,9232,11,75,1,1,75,2,1,75,4.7453775,7.0887375
1190,1,75,9232,11,75,1,1,75,2,1,75,4.187038,3.484909
1191,21,49,15280,11,49,1,1,-1,2,1,-1,5.989486,6.043871
1192,1,26,1192,11,26,2,1,26,3,2,26,3.727576,6.0632215
1193,3,101,39364,11,101,1,1,-1,2,1,-1,3.390785,5.731701
1194,1,26,1792,11,26,1,1,26,2,1,26,4.1434565,4.961711
1195,8,119,9232,11,119,1,1,119,2,1,119,7.1234965,5.6153164
1196,1,119,9232,11,119,1,1,119,2,1,119,6.1980996,6.0531077
1197,3,119,9232,11,119,1,1,119,2,1,119,6.794444,4.769608
1198,1,119,9232,11,119,2,1,119,3,2,119,3.935889,4.428327
1199,13,70,12148,11,70,1,1,-1,2,1,-1,4.7081842,4.157465
1200,1,18,1200,11,18,1,1,18,2,1,18,4.0438695,3.8198
1201,3,57,4372,11,57,1,1,57,2,1,57,4.947017,4.8564024
1202,1,57,4372,11,57,1,1,57,2,1,57,5.0393677,6.791412
1203,6,57,5416,11,57,1,1,57,2,1,57,4.880379,6.125599
1204,1,18,1204,11,18,2,1,18,3,2,18,5.9954696,4.75821
1205,3,18,3616,11,18,1,1,18,2,1,18,5.411923,4.5096354
1206,1,70,5812,11,70,1,1,70,2,1,70,5.913275,4.8210487
1207,8,70,8152,11,70,1,1,70,2,1,70,5.307865,6.735244
1208,1,18,1208,11,18,1,1,18,2,1,18,4.126754,6.6162243
1209,3,57,13120,11,57,1,1,-1,2,1,-1,4.3873367,6.7603874
1210,1,18,1816,11,18,2,1,18,3,2,18,5.183538,5.918392
1211,11,70,39364,11,70,1,1,-1,2,1,-1,4.7468805,3.2546408
1212,1,44,3076,11,44,1,1,44,2,1,44,5.0022564,3.1865113
1213,3,44,3640,11,44,1,1,44,2,1,44,3.9596837,3.5606115
1214,1,44,9232,11,44,1,1,44,2,1,44,6.3044276,6.7343607
1215,21,163,27700,11,163,1,1,-1,2,1,-1,7.750874,5.0227284
1216,1,26,1216,11,26,2,1,26,3,2,26,3.3664181,4.3195796
1217,3,132,9232,11,132,1,1,132,2,1,132,5.578401,4.289101
1218,1,132,9232,11,132,1,1,132,2,1,132,4.8180733,4.072223
1219,6,132,9232,11,132,1,1,132,2,1,132,4.9087563,4.445154
1220,1,39,1220,11,39,1,1,39,2,1,39,7.5357776,5.9249463
1221,3,39,3664,11,39,1,1,39,2,1,39,4.206813,3.4086137
1222,1,39,2752,11,39,2,1,39,3,2,39,6.418538,3.9723203
1223,13,132,9232,11,132,1,1,132,2,1,132,6.052266,3.4045873
1224,1,39,1224,11,39,1,1,39,2,1,39,5.4689245,5.680502
1225,3,132,9232,11,132,1,1,132,2,1,132,4.1626306,4.21823
1226,1,39,1840,11,39,1,1,39,2,1,39,4.5522804,6.0234923
1227,8,132,9232,11,132,1,1,132,2,1,132,4.643227,5.765481
1228,1,39,1384,11,39,2,1,39,3,2,39,5.8948083,4.7864504
1229,3,39,3688,11,39,1,1,39,2,1,39,3.4691527,5.6743665
1230,1,70,10528,11,70,1,1,-1,2,1,-1,5.0124254,4.1151533
1231,19,70,12472,11,70,1,1,-1,2,1,-1,4.6794586,5.2915063
1232,1,26,1232,11,26,1,1,26,2,1,26,4.6733656,5.665449
1233,3,132,9232,11,132,1,1,132,2,1,132,6.4595113,4.858681
1234,1,132,9232,11,132,2,1,132,3,2,132,5.705094,6.3865814
1235,6,132,9232,11,132,1,1,132,2,1,132,3.1363273,4.697326
1236,1,26,1236,11,26,1,1,26,2,1,26,3.7335908,3.431483
1237,3,26,3712,11,26,1,1,26,2,1,26,6.7078004,5.1760006
1238,1,132,9232,11,132,1,1,132,2,1,132,4.686489,5.7309203
1239,8,132,9232,11,132,1,1,132,2,1,132,5.5140514,4.338425
1240,1,88,9232,11,88,2,1,88,3,2,88,5.702663,6.867821
1241,3,39,4192,11,39,1,1,39,2,1,39,5.7598333,4.861538
1242,1,88,9232,11,88,1,1,88,2,1,88,5.094061,5.2574396
1243,13,70,9448,11,70,1,1,70,2,1,70,3.7583184,6.17476
1244,1,88,9232,11,88,1,1,88,2,1,88,4.0003123,3.0703738
1245,3,88,9232,11,88,1,1,88,2,1,88,6.682316,3.8597016
1246,1,132,9232,11,132,2,1,132,3,2,132,2.942665,4.373612
1247,21,132,18952,11,132,1,1,-1,2,1,-1,6.710038,3.8288236
1248,1,39,1248,11,39,1,1,39,2,1,39,5.820932,5.2098246
1249,3,176,250504,11,176,1,1,-1,2,1,-1,4.9816465,5.4234567
1250,1,26,1876,11,26,1,1,26,2,1,26,5.5310907,4.719753
1251,6,26,5632,11,26,1,1,26,2,1,26,6.3068924,6.0539365
1252,1,132,9232,11,132,2,1,132,3,2,132,6.537187,5.4998865
1253,3,132,9232,11,132,1,1,132,2,1,132,6.037129,5.497121
1254,1,132,9232,11,132,1,1,132,2,1,132,4.739058,3.9851143
1255,32,88,14308,11,88,1,1,-1,2,1,-1,5.6861405,4.624679
1256,1,39,1256,11,39,1,1,39,2,1,39,4.921966,7.194916
1257,3,39,9556,11,39,1,1,39,2,1,39,6.674906,4.809808
1258,1,39,1888,11,39,2,1,39,3,2,39,4.707764,5.119905
1259,8,83,8080,11,83,1,1,83,2,1,83,5.984951,7.061254
1260,1,39,1600,11,39,1,1,39,2,1,39,3.1930883,4.683967
1261,3,39,3784,11,39,1,1,39,2,1,39,4.2282033,4.4812417
1262,1,39,4264,11,39,1,1,39,2,1,39,5.121732,3.5866997
1263,42,176,138400,11,176,1,1,-1,2,1,-1,4.3658347,5.5003204
1264,1,39,1264,11,39,2,1,39,3,2,39,5.8968687,6.87432
1265,3,39,3796,11,39,1,1,39,2,1,39,5.3199396,3.1952953
1266,1,31,3616,11,31,1,1,31,2,1,31,5.220845,4.6635113
1267,6,31,5704,11,31,1,1,31,2,1,31,4.1432476,5.5605283
1268,1,39,1268,11,39,1,1,39,2,1,39,4.18152,5.216602
1269,3,39,3808,11,39,1,1,39,2,1,39,6.992951,4.812997
1270,1,31,3220,11,31,2,1,31,3,2,31,3.4725914,3.8760083
1271,8,31,8584,11,31,1,1,31,2,1,31,4.8748546,4.373074
1272,1,57,9232,11,57,1,1,57,2,1,57,4.3039675,5.808918
1273,3,31,4840,11,31,1,1,31,2,1,31,5.1480036,5.044626
1274,1,57,9232,11,57,1,1,57,2,1,57,6.2553744,4.49103
1275,24,83,39364,11,83,1,1,-1,2,1,-1,6.2553806,5.7960176
1276,1,57,9232,11,57,2,1,57,3,2,57,5.739801,4.777344
1277,3,57,9232,11,57,1,1,57,2,1,57,6.0621967,5.0132294
1278,1,132,41524,11,132,1,1,-1,2,1,-1,4.992591,4.2248106
1279,37,132,65608,11,132,1,1,-1,2,1,-1,6.1321197,2.7380738
1280,1,13,1280,11,13,1,1,13,2,1,13,3.944269,5.6619353
1281,3,52,3844,11,52,1,1,52,2,1,52,4.8138366,4.282307
1282,1,52,2752,11,52,2,1,52,3,2,52,4.981017,5.389589
1283,6,52,5776,11,52,1,1,52,2,1,52,6.4476147,6.044258
1284,1,26,1284,11,26,1,1,26,2,1,26,4.3690643,5.210402
1285,3,26,3856,11,26,1,1,26,2,1,26,4.8253098,4.2842693
1286,1,26,2896,11,26,1,1,26,2,1,26,6.4708476,4.729246
1287,11,145,9232,11,145,1,1,145,2,1,145,2.9818923,5.037146
1288,1,101,9232,11,101,2,1,101,3,2,101,5.534082,3.5820868
1289,3,145,9232,11,145,1,1,145,2,1,145,5.5195565,3.1545877
1290,1,101,9232,11,101,1,1,101,2,1,101,6.7884564,4.392622
1291,8,52,5812,11,52,1,1,52,2,1,52,3.7864234,4.510222
1292,1,101,9232,11,101,1,1,101,2,1,101,4.2897196,6.887701
1293,3,101,9232,11,101,1,1,101,2,1,101,4.1761265,4.9756174
1294,1,39,4372,11,39,2,1,39,3,2,39,4.299033,5.886942
1295,11,39,13120,11,39,1,1,-1,2,1,-1,5.9973283,7.3918757
1296,1,26,1296,11,26,1,1,26,2,1,26,3.774313,3.6743586
1297,3,101,9232,11,101,1,1,101,2,1,101,5.3252187,6.4388022
1298,1,145,9232,11,145,1,1,145,2,1,145,5.4943843,7.3727565
1299,6,145,9232,11,145,1,1,145,2,1,145,4.967101,4.5259066
1300,1,26,1300,11,26,2,1,26,3,2,26,4.370997,5.411094
1301,3,26,3904,11,26,1,1,26,2,1,26,5.3907566,4.362818
1302,1,101,9232,11,101,1,1,101,2,1,101,6.081511,7.2295985
1303,8,101,9232,11,101,1,1,101,2,1,101,4.2833524,5.7206445
1304,1,26,1304,11,26,1,1,26,2,1,26,4.5270734,5.271197
1305,3,52,4408,11,52,1,1,52,2,1,52,3.1507185,5.004799
1306,1,26,1960,11,26,2,1,26,3,2,26,6.005612,4.4312925
1307,55,176,190996,11,176,1,1,-1,2,1,-1,7.08664,6.001349
1308,1,145,9232,11,145,1,1,145,2,1,145,5.5897274,4.172495
1309,3,145,9232,11,145,1,1,145,2,1,145,4.824199,7.1049004
1310,1,145,9232,11,145,1,1,145,2,1,145,4.6598134,6.8334923
1311,16,101,19924,11,101,1,1,-1,2,1,-1,3.770541,4.665407
1312,1,114,9232,11,114,2,1,114,3,2,114,6.2223372,6.442803
1313,3,26,3940,11,26,1,1,26,2,1,26,6.3859677,6.133872
1314,1,52,1972,11,52,1,1,52,2,1,52,5.3346186,5.560278
1315,6,52,5920,11,52,1,1,52,2,1,52,7.2167516,5.118854
1316,1,52,1672,11,52,1,1,52,2,1,52,6.839438,6.6393037
1317,3,52,3952,11,52,1,1,52,2,1,52,5.741675,5.609576
1318,1,52,2968,11,52,2,1,52,3,2,52,7.056307,4.269076
1319,13,145,10024,11,145,1,1,-1,2,1,-1,6.8771963,6.2741675
1320,1,114,9232,11,114,1,1,114,2,1,114,5.4797497,6.7421913
1321,3,101,15064,11,101,1,1,-1,2,1,-1,7.4317923,4.7532516
1322,1,114,9232,11,114,1,1,114,2,1,114,5.0348425,3.538902
1323,8,52,5956,11,52,1,1,52,2,1,52,5.273986,7.29223
1324,1,26,1492,11,26,2,1,26,3,2,26,6.5108676,3.499169
1325,3,26,3976,11,26,1,1,26,2,1,26,6.365074,6.603319
1326,1,26,4480,11,26,1,1,26,2,1,26,3.7239769,4.96159
1327,21,52,13444,11,52,1,1,-1,2,1,-1,4.8956604,5.6098332
1328,1,114,9232,11,114,1,1,114,2,1,114,6.212906,5.492695
1329,3,52,3988,11,52,1,1,52,2,1,52,4.6256304,3.9229953
1330,1,52,2248,11,52,2,1,52,3,2,52,4.051378,5.9637456
1331,6,52,5992,11,52,1,1,52,2,1,52,3.8306086,6.755014
1332,1,114,9232,11,114,1,1,114,2,1,114,3.6885037,6.5441866
1333,3,114,9232,11,114,1,1,114,2,1,114,5.2695856,6.037385
1334,1,145,21688,11,145,1,1,-1,2,1,-1,6.659437,3.7826033
1335,8,145,21688,11,145,1,1,-1,2,1,-1,6.0253134,7.164475
1336,1,70,9232,11,70,2,1,70,3,2,70,4.492207,5.0117984
1337,3,44,8584,11,44,1,1,44,2,1,44,6.503457,3.4257174
1338,1,70,9232,11,70,1,1,70,2,1,70,6.9141574,4.8413754
1339,11,26,6784,11,26,1,1,26,2,1,26,4.0130606,3.8962023
1340,1,70,9232,11,70,1,1,70,2,1,70,5.251822,4.1272364
1341,3,70,9232,11,70,1,1,70,2,1,70,4.9181004,7.307827
1342,1,96,39364,11,96,2,1,-1,3,2,-1,4.7647324,5.9504128
1343,37,96,39364,11,96,1,1,-1,2,1,-1,6.3115826,5.0265436
1344,1,13,1344,11,13,1,1,13,2,1,13,6.395971,4.411963
1345,3,114,9232,11,114,1,1,114,2,1,114,7.0990434,6.253184
1346,1,65,2752,11,65,1,1,65,2,1,65,5.8489914,3.0918143
1347,6,65,6064,11,65,1,1,65,2,1,65,6.702283,5.614762
1348,1,114,9232,11,114,2,1,114,3,2,114,5.5729623,6.2252455
1349,3,114,9232,11,114,1,1,114,2,1,114,5.294746,4.8098407
1350,1,114,9232,11,114,1,1,114,2,1,114,3.7334244,5.640182
1351,26,158,17332,11,158,1,1,-1,2,1,-1,5.208951,5.1688395
1352,1,52,4372,11,52,1,1,52,2,1,52,3.666436,5.7651334
1353,3,39,6856,11,39,1,1,39,2,1,39,5.8093133,2.7942657
1354,1,52,4372,11,52,2,1,52,3,2,52,4.9374404,5.2173595
1355,8,114,9232,11,114,1,1,114,2,1,114,6.5428576,5.8409367
1356,1,52,4372,11,52,1,1,52,2,1,52,5.720411,5.0674124
1357,3,52,4372,11,52,1,1,52,2,1,52,3.2579658,6.5167437
1358,1,65,5812,11,65,1,1,65,2,1,65,4.543641,6.23757
1359,13,65,13768,11,65,1,1,-1,2,1,-1,5.550353,3.5746188
1360,1,13,1360,11,13,2,1,13,3,2,13,4.5735908,5.5691514
1361,3,52,13120,11,52,1,1,-1,2,1,-1,7.654545,4.8435373
1362,1,65,39364,11,65,1,1,-1,2,1,-1,5.8163314,4.0241237
1363,6,65,39364,11,65,1,1,-1,2,1,-1,6.9141073,5.882653
1364,1,13,1364,11,13,1,1,13,2,1,13,5.066275,3.7098157
1365,3,13,4096,11,13,1,1,13,2,1,13,5.3206615,5.336415
1366,1,39,3076,11,39,2,1,39,3,2,39,3.759068,5.76501
1367,8,39,9232,11,39,1,1,39,2,1,39,4.363805,4.736735
1368,1,127,9232,11,127,1,1,127,2,1,127,7.014751,4.1874294
1369,3,39,4624,11,39,1,1,39,2,1,39,6.894162,6.3445745
1370,1,127,9232,11,127,1,1,127,2,1,127,3.9907453,6.946974
1371,16,114,10420,11,114,1,1,-1,2,1,-1,5.244825,6.0659847
1372,1,127,9232,11,127,2,1,127,3,2,127,4.4182324,4.3069425
1373,3,127,9232,11,127,1,1,127,2,1,127,4.4368777,3.6320016
1374,1,39,6964,11,39,1,1,39,2,1,39,5.6474257,4.845884
1375,13,39,20896,11,39,1,1,-1,2,1,-1,3.2137594,4.2507524
1376,1,34,1376,11,34,1,1,34,2,1,34,6.36011,7.1479945
1377,3,158,9232,11,158,1,1,158,2,1,158,4.0591636,5.7239127
1378,1,127,9232,11,127,2,1,127,3,2,127,3.1526961,4.0021014
1379,6,127,9232,11,127,1,1,127,2,1,127,6.4659014,5.580326
1380,1,127,9232,11,127,1,1,127,2,1,127,5.706682,6.2050295
1381,3,127,9232,11,127,1,1,127,2,1,127,3.9817646,4.6866727
1382,1,127,9232,11,127,1,1,127,2,1,127,5.6115155,3.534381
1383,63,96,95956,11,96,1,1,-1,2,1,-1,5.523832,5.663655
1384,1,34,1384,11,34,2,1,34,3,2,34,4.839924,4.2163043
1385,3,65,10528,11,65,1,1,-1,2,1,-1,3.9083676,4.7246113
1386,1,34,2080,11,34,1,1,34,2,1,34,6.3231387,3.8010726
1387,8,65,6244,11,65,1,1,65,2,1,65,5.091695,6.950493
1388,1,127,9232,11,127,1,1,127,2,1,127,4.029498,6.4591484
1389,3,127,9232,11,127,1,1,127,2,1,127,7.108525,5.1459007
1390,1,127,9232,11,127,2,1,127,3,2,127,4.86703,3.763773
1391,16,114,15856,11,114,1,1,-1,2,1,-1,6.626672,7.0144587
1392,1,34,1392,11,34,1,1,34,2,1,34,4.9179697,4.496623
1393,3,34,4180,11,34,1,1,34,2,1,34,4.6956067,6.160871
1394,1,127,9232,11,127,1,1,127,2,1,127,4.685277,6.238218
1395,6,127,9232,11,127,1,1,127,2,1,127,4.7887545,4.953648
1396,1,34,1396,11,34,2,1,34,3,2,34,5.2862678,6.829277
1397,3,34,4192,11,34,1,1,34,2,1,34,5.3612275,6.2003965
1398,1,65,3544,11,65,1,1,65,2,1,65,4.942225,5.4334784
1399,8,65,9448,11,65,1,1,65,2,1,65,5.386361,5.3091393
1400,1,83,9232,11,83,1,1,83,2,1,83,6.520436,4.0438643
1401,3,96,45520,11,96,1,1,-1,2,1,-1,4.664756,4.3780107
1402,1,83,9232,11,83,2,1,83,3,2,83,3.9598656,4.032747
1403,13,127,9232,11,127,1,1,127,2,1,127,6.621698,5.95835
1404,1,83,9232,11,83,1,1,83,2,1,83,5.602097,3.985379
1405,3,83,9232,11,83,1,1,83,2,1,83,5.2941236,5.1069064
1406,1,171,250504,11,171,1,1,-1,2,1,-1,4.536562,5.756187
1407,132,171,250504,11,171,1,1,-1,2,1,-1,7.049278,4.9299808
1408,1,21,1408,11,21,2,1,21,3,2,21,4.7436743,3.812276
1409,3,83,9232,11,83,1,1,83,2,1,83,3.9448705,5.5061755
1410,1,34,2116,11,34,1,1,34,2,1,34,4.726088,3.141332
1411,6,34,6352,11,34,1,1,34,2,1,34,6.0809317,6.038136
1412,1,127,9232,11,127,1,1,127,2,1,127,4.5468907,6.249226
1413,3,127,9232,11,127,1,1,127,2,1,127,6.687322,3.0796313
1414,1,127,9232,11,127,2,1,127,3,2,127,6.0374374,4.4229403
1415,11,34,9556,11,34,1,1,34,2,1,34,5.6174626,3.8498847
1416,1,34,1416,11,34,1,1,34,2,1,34,6.6007485,6.089458
1417,3,78,8080,11,78,1,1,78,2,1,78,4.1907377,4.056281
1418,1,34,2128,11,34,1,1,34,2,1,34,3.6150177,3.8331096
1419,8,127,9232,11,127,1,1,127,2,1,127,5.1093745,5.9133368
1420,1,34,1600,11,34,2,1,34,3,2,34,7.0508885,5.1581097
1421,3,34,4264,11,34,1,1,34,2,1,34,5.286393,4.1694694
1422,1,65,4804,11,65,1,1,65,2,1,65,5.3568954,6.186531
1423,11,65,14416,11,65,1,1,-1,2,1,-1,3.651796,5.47237
1424,1,34,1424,11,34,1,1,34,2,1,34,4.315484,4.521978
1425,3,26,4276,11,26,1,1,26,2,1,26,5.062879,4.9789433
1426,1,26,3616,11,26,2,1,26,3,2,26,4.191432,6.712668
1427,6,26,6424,11,26,1,1,26,2,1,26,3.1620955,5.9866233
1428,1,34,1428,11,34,1,1,34,2,1,34,5.9610877,6.1301875
1429,3,34,4288,11,34,1,1,34,2,1,34,5.6339893,2.9445217
1430,1,26,3220,11,26,1,1,26,2,1,26,3.5223725,4.6005945
1431,8,26,9664,11,26,1,1,26,2,1,26,3.7167659,5.957786
1432,1,34,1432,11,34,2,1,34,3,2,34,6.3712745,5.9310718
1433,3,26,4840,11,26,1,1,26,2,1,26,4.5384374,5.593677
1434,1,34,2152,11,34,1,1,34,2,1,34,5.308456,3.846707
1435,19,78,39364,11,78,1,1,-1,2,1,-1,5.1171904,6.7288694
1436,1,52,9232,11,52,1,1,52,2,1,52,5.89856,4.4359183
1437,3,52,9232,11,52,1,1,52,2,1,52,5.9984326,5.437159
1438,1,52,9232,11,52,2,1,52,3,2,52,5.7789855,5.021635
1439,32,127,41524,11,127,1,1,-1,2,1,-1,6.175535,5.4782925
1440,1,21,1440,11,21,1,1,21,2,1,21,4.7596188,4.480496
1441,3,140,9232,11,140,1,1,140,2,1,140,6.0040255,5.637911
1442,1,47,2164,11,47,1,1,47,2,1,47,5.673016,6.7707467
1443,6,47,6496,11,47,1,1,47,2,1,47,6.1564527,4.88809
1444,1,47,2752,11,47,2,1,47,3,2,47,4.8115125,5.4285994
1445,3,47,4336,11,47,1,1,47,2,1,47,5.8752546,4.580146
1446,1,47,3256,11,47,1,1,47,2,1,47,5.4928646,6.734414
1447,16,52,10996,11,52,1,1,-1,2,1,-1,5.087456,5.1499667
1448,1,21,1448,11,21,1,1,21,2,1,21,4.383863,3.8749125
1449,3,140,24784,11,140,1,1,-1,2,1,-1,4.7073035,5.2754908
1450,1,21,2176,11,21,2,1,21,3,2,21,3.860343,4.402163
1451,8,140,9232,11,140,1,1,140,2,1,140,5.3882546,6.8063493
1452,1,47,1636,11,47,1,1,47,2,1,47,5.1406364,5.411759
1453,3,47,4360,11,47,1,1,47,2,1,47,5.505875,5.021979
1454,1,47,4912,11,47,1,1,47,2,1,47,4.4469824,5.8825026
1455,13,140,14740,11,140,1,1,-1,2,1,-1,7.1861625,6.736648
1456,1,96,9232,11,96,2,1,96,3,2,96,5.9425793,3.6217349
1457,3,34,4372,11,34,1,1,34,2,1,34,4.4773946,4.002924
1458,1,34,2464,11,34,1,1,34,2,1,34,7.6723204,4.853346
1459,6,34,6568,11,34,1,1,34,2,1,34,4.0438204,5.177941
1460,1,96,9232,11,96,1,1,96,2,1,96,5.894225,3.194943
1461,3,96,9232,11,96,1,1,96,2,1,96,4.0566006,5.817907
1462,1,140,9232,11,140,2,1,140,3,2,140,3.954038,6.9553347
1463,8,140,9880,11,140,1,1,140,2,1,140,7.0208163,4.2642465
1464,1,96,9232,11,96,1,1,96,2,1,96,4.3783917,4.7983456
1465,3,34,4948,11,34,1,1,34,2,1,34,6.597919,4.7437134
1466,1,96,9232,11,96,1,1,96,2,1,96,4.075617,4.759651
1467,11,140,9232,11,140,1,1,140,2,1,140,3.6560907,3.8741803
1468,1,47,4192,11,47,2,1,47,3,2,47,4.5260572,3.381381
1469,3,47,4408,11,47,1,1,47,2,1,47,5.1805477,3.1025047
1470,1,47,11176,11,47,1,1,-1,2,1,-1,5.4624057,5.4848967
1471,50,171,190996,11,171,1,1,-1,2,1,-1,7.131735,4.6366043
1472,1,21,1472,11,21,1,1,21,2,1,21,4.8638735,7.276454
1473,3,96,9232,11,96,1,1,96,2,1,96,6.0642266,4.999829
1474,1,140,9232,11,140,2,1,140,3,2,140,3.1212819,4.198586
1475,6,140,9232,11,140,1,1,140,2,1,140,5.4587083,7.2381806
1476,1,21,1476,11,21,1,1,21,2,1,21,7.205448,5.3145213
1477,3,21,4432,11,21,1,1,21,2,1,21,6.5624995,5.159754
1478,1,21,3328,11,21,1,1,21,2,1,21,6.7293572,5.240151
1479,13,96,9988,11,96,1,1,96,2,1,96,6.815682,5.658524
1480,1,47,1480,11,47,2,1,47,3,2,47,3.9579813,4.3641663
1481,3,34,7504,11,34,1,1,34,2,1,34,6.7474933,5.640701
1482,1,47,2224,11,47,1,1,47,2,1,47,4.745131,5.147596
1483,8,140,9232,11,140,1,1,140,2,1,140,5.4717646,6.46582
1484,1,47,1672,11,47,1,1,47,2,1,47,4.435025,3.502598
1485,3,47,4456,11,47,1,1,47,2,1,47,6.0754857,4.6138415
1486,1,96,14308,11,96,2,1,-1,3,2,-1,4.1345315,4.486236
1487,39,96,15064,11,96,1,1,-1,2,1,-1,3.493446,3.5160773
1488,1,21,1488,11,21,1,1,21,2,1,21,5.6442747,5.81028
1489,3,47,4468,11,47,1,1,47,2,1,47,4.9225583,3.1797912
1490,1,91,8080,11,91,1,1,91,2,1,91,5.5692434,5.6686864
1491,6,91,8080,11,91,1,1,91,2,1,91,6.701883,5.3959703
1492,1,21,1492,11,21,2,1,21,3,2,21,6.241682,4.898173
1493,3,21,4480,11,21,1,1,21,2,1,21,6.3082213,5.261687
1494,1,47,4264,11,47,1,1,47,2,1,47,7.479093,3.952911
1495,8,47,10096,11,47,1,1,-1,2,1,-1,5.0598063,3.611117
1496,1,47,1496,11,47,1,1,47,2,1,47,6.220271,6.2309713
1497,3,47,5056,11,47,1,1,47,2,1,47,4.264168,4.473372
1498,1,47,2248,11,47,2,1,47,3,2,47,3.9241843,6.719591
1499,13,47,11392,11,47,1,1,-1,2,1,-1,6.979181,6.1663656
1500,1,47,2536,11,47,1,1,47,2,1,47,6.5322757,5.967358
1501,3,47,4504,11,47,1,1,47,2,1,47,5.2513475,6.7681823
1502,1,140,21688,11,140,1,1,-1,2,1,-1,6.6514354,5.941529
1503,34,140,22840,11,140,1,1,-1,2,1,-1,6.546134,4.6558623
1504,1,109,9232,11,109,2,1,109,3,2,109,4.5777035,5.675275
1505,3,39,8584,11,39,1,1,39,2,1,39,4.906487,4.4217167
1506,1,21,2260,11,21,1,1,21,2,1,21,5.6039004,5.464319
1507,6,21,6784,11,21,1,1,21,2,1,21,6.3142715,3.1670003
1508,1,65,9232,11,65,1,1,65,2,1,65,5.871939,5.660302
1509,3,65,9232,11,65,1,1,65,2,1,65,4.3485985,5.390478
1510,1,65,9232,11,65,2,1,65,3,2,65,5.0308475,3.6594636
1511,32,91,39364,11,91,1,1,-1,2,1,-1,5.1951947,4.939687
1512,1,109,9232,11,109,1,1,109,2,1,109,7.2220426,5.508636
1513,3,65,14560,11,65,1,1,-1,2,1,-1,6.417244,4.615244
1514,1,109,9232,11,109,1,1,109,2,1,109,7.0477824,4.6731
1515,8,140,65608,11,140,1,1,-1,2,1,-1,6.9885097,5.2479
1516,1,60,2752,11,60,2,1,60,3,2,60,4.650171,6.161719
1517,3,60,4552,11,60,1,1,60,2,1,60,6.9755588,5.386025
1518,1,60,5128,11,60,1,1,60,2,1,60,6.421184,6.20711
1519,26,153,25972,11,153,1,1,-1,2,1,-1,5.1245527,5.9702525
1520,1,109,9232,11,109,1,1,109,2,1,109,6.682418,4.425289
1521,3,109,9232,11,109,1,1,109,2,1,109,4.1220455,4.391384
1522,1,34,2896,11,34,2,1,34,3,2,34,5.6575403,4.600485
1523,6,34,6856,11,34,1,1,34,2,1,34,4.866399,3.383987
1524,1,109,9232,11,109,1,1,109,2,1,109,5.1290736,4.3217654
1525,3,109,9232,11,109,1,1,109,2,1,109,3.5327632,4.876753
1526,1,153,9232,11,153,1,1,153,2,1,153,6.0098395,5.779118
1527,8,153,10312,11,153,1,1,-1,2,1,-1,5.832828,4.910496
1528,1,47,4372,11,47,2,1,47,3,2,47,5.309301,5.034675
1529,3,60,5812,11,60,1,1,60,2,1,60,4.919306,4.955288
1530,1,47,4372,11,47,1,1,47,2,1,47,4.7613397,5.2219896
1531,16,60,8728,11,60,1,1,60,2,1,60,4.1042414,3.9412026
1532,1,47,13120,11,47,1,1,-1,2,1,-1,4.7112675,4.5595284
1533,3,47,13120,11,47,1,1,-1,2,1,-1,7.3576326,5.1589704
1534,1,60,39364,11,60,2,1,-1,3,2,-1,5.546309,6.2547755
1535,26,60,118096,11,60,1,1,-1,2,1,-1,5.244573,4.7783856
1536,1,16,1536,11,16,1,1,16,2,1,16,4.9770465,3.6974795
1537,3,153,9232,11,153,1,1,153,2,1,153,5.910055,6.595873
1538,1,34,2308,11,34,1,1,34,2,1,34,5.752373,6.8151016
1539,6,34,6928,11,34,1,1,34,2,1,34,4.3275666,5.7032247
1540,1,34,1540,11,34,2,1,34,3,2,34,5.139292,6.1927805
1541,3,34,4624,11,34,1,1,34,2,1,34,5.3715615,5.446994
1542,1,34,3472,11,34,1,1,34,2,1,34,5.4680805,2.96027
1543,11,109,10420,11,109,1,1,-1,2,1,-1,5.283914,5.0431323
1544,1,122,9232,11,122,1,1,122,2,1,122,4.258295,4.3116274
1545,3,60,7828,11,60,1,1,60,2,1,60,4.6545897,5.431759
1546,1,122,9232,11,122,2,1,122,3,2,122,5.930211,3.119224
1547,8,34,6964,11,34,1,1,34,2,1,34,3.4589143,3.7928505
1548,1,122,9232,11,122,1,1,122,2,1,122,5.514036,5.5120816
1549,3,122,9232,11,122,1,1,122,2,1,122,5.572467,3.7955067
1550,1,153,9232,11,153,1,1,153,2,1,153,6.805234,3.990856
1551,11,153,15712,11,153,1,1,-1,2,1,-1,4.7370887,5.3662767
1552,1,122,9232,11,122,2,1,122,3,2,122,6.038669,5.5145283
1553,3,122,9232,11,122,1,1,122,2,1,122,6.9414864,4.8235083
1554,1,34,3940,11,34,1,1,34,2,1,34,3.5066888,5.3310585
1555,6,34,7000,11,34,1,1,34,2,1,34,3.6029422,3.441603
1556,1,122,9232,11,122,1,1,122,2,1,122,6.5369554,5.319946
1557,3,122,9232,11,122,1,1,122,2,1,122,5.825837,5.664502
1558,1,60,3508,11,60,2,1,60,3,2,60,7.4585333,5.6973443
1559,8,60,10528,11,60,1,1,-1,2,1,-1,4.707331,5.294798
1560,1,122,9232,11,122,1,1,122,2,1,122,6.6701274,6.759187
1561,3,60,5272,11,60,1,1,60,2,1,60,3.951521,5.197993
1562,1,122,9232,11,122,1,1,122,2,1,122,4.6888843,6.5224586
1563,21,153,26728,11,153,1,1,-1,2,1,-1,6.3162255,5.6913323
1564,1,122,9232,11,122,2,1,122,3,2,122,4.007894,5.470791
1565,3,122,9232,11,122,1,1,122,2,1,122,6.876236,4.688367
1566,1,122,9232,11,122,1,1,122,2,1,122,3.9072826,4.0513973
1567,21,60,23812,11,60,1,1,-1,2,1,-1,4.403182,6.348403
1568,1,29,1568,11,29,1,1,29,2,1,29,4.88539,4.540916
1569,3,34,4708,11,34,1,1,34,2,1,34,4.1721888,6.0823107
1570,1,122,9232,11,122,2,1,122,3,2,122,3.251781,5.9637995
1571,6,122,9232,11,122,1,1,122,2,1,122,5.493142,4.11113
1572,1,60,2248,11,60,1,1,60,2,1,60,2.9423685,4.390626
1573,3,60,4720,11,60,1,1,60,2,1,60,3.9369164,6.3649526
1574,1,60,3544,11,60,1,1,60,2,1,60,6.1964226,5.6361537
1575,13,60,11968,11,60,1,1,-1,2,1,-1,6.0326996,4.7835803
1576,1,29,1576,11,29,2,1,29,3,2,29,4.5970144,4.895004
1577,3,91,45520,11,91,1,1,-1,2,1,-1,4.8595815,3.54954
1578,1,29,2368,11,29,1,1,29,2,1,29,7.0739536,5.554616
1579,8,122,9232,11,122,1,1,122,2,1,122,3.9401793,3.6452193
1580,1,78,9232,11,78,1,1,78,2,1,78,5.8826475,5.3880167
1581,3,78,9232,11,78,1,1,78,2,1,78,6.098974,3.3307245
1582,1,78,9232,11,78,2,1,78,3,2,78,5.1468377,3.5575106
1583,127,166,250504,11,166,1,1,-1,2,1,-1,6.0708423,4.755429
1584,1,29,1584,11,29,1,1,29,2,1,29,5.11638,5.229207
1585,3,78,9232,11,78,1,1,78,2,1,78,3.7073684,5.7462325
1586,1,78,9232,11,78,1,1,78,2,1,78,4.4432383,5.623876
1587,6,78,9232,11,78,1,1,78,2,1,78,4.7496457,6.2256484
1588,1,29,1588,11,29,2,1,29,3,2,29,4.548945,4.8569956
1589,3,29,4768,11,29,1,1,29,2,1,29,6.706574,6.1342006
1590,1,104,39364,11,104,1,1,-1,2,1,-1,5.318807,4.499801
1591,8,104,39364,11,104,1,1,-1,2,1,-1,6.174502,6.3881035
1592,1,122,9232,11,122,1,1,122,2,1,122,5.881226,5.026441
1593,3,122,9232,11,122,1,1,122,2,1,122,5.847985,2.7057064
1594,1,122,9232,11,122,2,1,122,3,2,122,5.642233,4.975214
1595,11,73,8080,11,73,1,1,73,2,1,73,6.4990416,4.2974944
1596,1,122,9232,11,122,1,1,122,2,1,122,5.7670074,4.6107526
1597,3,122,9232,11,122,1,1,122,2,1,122,6.147352,5.1306586
1598,1,73,12148,11,73,1,1,-1,2,1,-1,4.056416,6.0887294
1599,16,73,36448,11,73,1,1,-1,2,1,-1,4.6918797,3.9341831
1600,1,29,1600,11,29,2,1,29,3,2,29,5.4566655,2.909169
1601,3,60,4804,11,60,1,1,60,2,1,60,3.8271773,4.587959
1602,1,60,4372,11,60,1,1,60,2,1,60,4.782382,4.869635
1603,6,60,7216,11,60,1,1,60,2,1,60,5.6214986,5.079125
1604,1,21,1604,11,21,1,1,21,2,1,21,4.086003,5.589211
1605,3,21,4816,11,21,1,1,21,2,1,21,4.494476,3.9118896
1606,1,21,3616,11,21,2,1,21,3,2,21,3.1317537,4.8786054
1607,16,166,10852,11,166,1,1,-1,2,1,-1,7.300543,4.7895365
1608,1,21,1608,11,21,1,1,21,2,1,21,5.5351915,6.3734736
1609,3,73,8152,11,73,1,1,73,2,1,73,5.024801,3.7212465
1610,1,21,2416,11,21,1,1,21,2,1,21,6.6572967,5.761376
1611,8,21,7252,11,21,1,1,21,2,1,21,7.1292186,4.192606
1612,1,21,1816,11,21,2,1,21,3,2,21,6.7421494,6.580255
1613,3,21,4840,11,21,1,1,21,2,1,21,7.106109,5.487756
1614,1,73,39364,11,73,1,1,-1,2,1,-1,6.456803,3.8767796
1615,13,73,39364,11,73,1,1,-1,2,1,-1,7.0461383,5.509646
1616,1,29,1616,11,29,1,1,29,2,1,29,5.2871733,4.3074074
1617,3,47,4852,11,47,1,1,47,2,1,47,3.9128795,6.038421
1618,1,47,9232,11,47,2,1,47,3,2,47,5.3759904,3.2774196
1619,6,47,9232,11,47,1,1,47,2,1,47,7.4142346,4.2500086
1620,1,29,1620,11,29,1,1,29,2,1,29,4.2598715,5.60435
1621,3,29,4864,11,29,1,1,29,2,1,29,3.4236689,5.0049877
1622,1,135,9232,11,135,1,1,135,2,1,135,6.5057564,4.1328707
1623,8,135,10960,11,135,1,1,-1,2,1,-1,5.3617997,4.694361
1624,1,42,1624,11,42,2,1,42,3,2,42,6.4766874,5.320363
1625,3,135,9232,11,135,1,1,135,2,1,135,4.6524615,6.7527795
1626,1,42,2440,11,42,1,1,42,2,1,42,5.265121,3.8090434
1627,26,73,13912,11,73,1,1,-1,2,1,-1,3.9160202,5.748495
1628,1,42,2752,11,42,1,1,42,2,1,42,5.4080176,7.387829
1629,3,42,4888,11,42,1,1,42,2,1,42,7.5399046,5.124195
1630,1,135,9232,11,135,2,1,135,3,2,135,7.1013966,5.4809666
1631,13,135,24784,11,135,1,1,-1,2,1,-1,5.796801,5.0276012
1632,1,29,1632,11,29,1,1,29,2,1,29,7.2562985,4.705911
1633,3,135,9232,11,135,1,1,135,2,1,135,5.430454,4.980902
1634,1,42,2452,11,42,1,1,42,2,1,42,4.3952327,3.1076431
1635,6,42,7360,11,42,1,1,42,2,1,42,5.1280913,4.2563386
1636,1,42,1636,11,42,2,1,42,3,2,42,5.2177725,5.38407
1637,3,42,4912,11,42,1,1,42,2,1,42,4.932538,5.7848973
1638,1,42,3688,11,42,1,1,42,2,1,42,2.857453,4.703962
1639,70,104,95956,11,104,1,1,-1,2,1,-1,7.525562,6.4033117
1640,1,29,1640,11,29,1,1,29,2,1,29,4.8546896,5.3211
1641,3,73,12472,11,73,1,1,-1,2,1,-1,5.1730213,6.1243286
1642,1,29,2464,11,29,2,1,29,3,2,29,5.717055,5.1803207
1643,8,73,7396,11,73,1,1,73,2,1,73,6.2986536,7.025451
1644,1,135,9232,11,135,1,1,135,2,1,135,5.20144,3.1150994
1645,3,135,9232,11,135,1,1,135,2,1,135,5.4635897,5.2028127
1646,1,135,9232,11,135,1,1,135,2,1,135,6.1413035,4.7646303
1647,19,135,18772,11,135,1,1,-1,2,1,-1,6.586113,3.75536
1648,1,91,9232,11,91,2,1,91,3,2,91,5.07261,6.803284
1649,3,29,4948,11,29,1,1,29,2,1,29,5.7372193,4.4124403
1650,1,135,9232,11,135,1,1,135,2,1,135,5.381631,5.7472215
1651,6,135,9232,11,135,1,1,135,2,1,135,4.3857737,5.3990145
1652,1,91,9232,11,91,1,1,91,2,1,91,4.5739326,3.7771213
1653,3,91,9232,11,91,1,1,91,2,1,91,4.514975,4.8583045
1654,1,42,4192,11,42,2,1,42,3,2,42,5.726255,6.9490604
1655,8,42,11176,11,42,1,1,-1,2,1,-1,4.44504,6.510322
1656,1,91,9232,11,91,1,1,91,2,1,91,5.168841,4.4212265
1657,3,73,9448,11,73,1,1,73,2,1,73,2.9281225,5.7114944
1658,1,91,9232,11,91,1,1,91,2,1,91,4.3128867,3.9520411
1659,13,42,8404,11,42,1,1,42,2,1,42,5.5237417,6.51909
1660,1,135,9232,11,135,2,1,135,3,2,135,4.8014927,3.7364578
1661,3,135,9232,11,135,1,1,135,2,1,135,5.1892753,4.5917664
1662,1,135,18952,11,135,1,1,-1,2,1,-1,5.3227096,5.841486
1663,39,73,95956,11,73,1,1,-1,2,1,-1,4.4648895,6.1583643
1664,1,16,1664,11,16,1,1,16,2,1,16,5.151079,5.200666
1665,3,179,250504,11,179,1,1,-1,2,1,-1,7.133127,3.5349762
1666,1,29,2500,11,29,2,1,29,3,2,29,3.6628263,6.6529074
1667,6,29,7504,11,29,1,1,29,2,1,29,4.411025,4.307757
1668,1,135,9232,11,135,1,1,135,2,1,135,6.9520397,5.2413507
1669,3,135,9232,11,135,1,1,135,2,1,135,6.8207283,3.4449477
1670,1,135,9232,11,135,1,1,135,2,1,135,5.805166,5.327936
1671,11,42,11284,11,42,1,1,-1,2,1,-1,6.5938745,5.0130157
1672,1,42,1672,11,42,2,1,42,3,2,42,5.403938,6.6067142
1673,3,91,14308,11,91,1,1,-1,2,1,-1,4.7912455,3.3460202
1674,1,42,2512,11,42,1,1,42,2,1,42,6.490631,4.6757665
1675,8,135,9232,11,135,1,1,135,2,1,135,4.27088,5.674438
1676,1,42,1888,11,42,1,1,42,2,1,42,5.2906156,3.6261759
1677,3,42,5032,11,42,1,1,42,2,1,42,5.080752,6.216997
1678,1,86,8080,11,86,2,1,86,3,2,86,4.7186756,4.3887367
1679,11,86,17008,11,86,1,1,-1,2,1,-1,4.3709297,6.390472
1680,1,42,1680,11,42,1,1,42,2,1,42,6.3202586,4.6520066
1681,3,42,5044,11,42,1,1,42,2,1,42,5.353201,3.1764045
1682,1,42,4264,11,42,1,1,42,2,1,42,4.7218885,5.7448845
1683,6,42,7576,11,42,1,1,42,2,1,42,7.0474377,4.277244
1684,1,42,1684,11,42,2,1,42,3,2,42,3.5652447,5.9138455
1685,3,42,5056,11,42,1,1,42,2,1,42,4.3312607,5.7473087
1686,1,42,3796,11,42,1,1,42,2,1,42,6.1419697,3.2731833
1687,8,42,11392,11,42,1,1,-1,2,1,-1,7.070195,4.734946
1688,1,42,1688,11,42,1,1,42,2,1,42,4.028695,4.5429974
1689,3,34,5704,11,34,1,1,34,2,1,34,5.341215,3.7460806
1690,1,42,2536,11,42,2,1,42,3,2,42,5.3410764,7.1427913
1691,29,135,21688,11,135,1,1,-1,2,1,-1,3.2155883,3.8999557
1692,1,34,3220,11,34,1,1,34,2,1,34,6.200633,5.1610756
1693,3,34,5080,11,34,1,1,34,2,1,34,5.907379,4.688707
1694,1,34,8584,11,34,1,1,34,2,1,34,5.2056847,7.0300183
1695,52,179,48904,11,179,1,1,-1,2,1,-1,3.7231753,5.278848
1696,1,16,1696,11,16,2,1,16,3,2,16,5.6006494,5.087917
1697,3,34,5092,11,34,1,1,34,2,1,34,5.175807,5.848848
1698,1,60,9232,11,60,1,1,60,2,1,60,6.928514,4.040119
1699,6,60,9232,11,60,1,1,60,2,1,60,4.966744,7.0592885
1700,1,60,9232,11,60,1,1,60,2,1,60,4.006976,4.452781
1701,3,60,9232,11,60,1,1,60,2,1,60,7.377676,3.9367921
1702,1,60,9232,11,60,2,1,60,3,2,60,6.634344,4.5686536
1703,19,60,14560,11,60,1,1,-1,2,1,-1,7.414087,3.821241
1704,1,16,1704,11,16,1,1,16,2,1,16,5.64653,4.7145386
1705,3,135,65608,11,135,1,1,-1,2,1,-1,4.903385,3.0658858
1706,1,16,2560,11,16,1,1,16,2,1,16,6.545687,6.489633
1707,8,148,9232,11,148,1,1,148,2,1,148,6.316204,3.2952576
1708,1,55,2752,11,55,2,1,55,3,2,55,5.985816,3.6258721
1709,3,55,5128,11,55,1,1,55,2,1,55,6.595283,5.71539
1710,1,55,5776,11,55,1,1,55,2,1,55,4.9159493,5.303782
1711,13,148,17332,11,148,1,1,-1,2,1,-1,6.0070763,5.246814
1712,1,104,9232,11,104,1,1,104,2,1,104,5.2654734,5.1871767
1713,3,29,5140,11,29,1,1,29,2,1,29,7.0891557,4.338938
1714,1,29,2896,11,29,2,1,29,3,2,29,7.2865567,4.609067
1715,6,29,7720,11,29,1,1,29,2,1,29,3.3453772,6.0254316
1716,1,104,9232,11,104,1,1,104,2,1,104,7.455152,4.5097523
1717,3,104,9232,11,104,1,1,104,2,1,104,5.896689,6.035854
1718,1,148,9232,11,148,1,1,148,2,1,148,6.072532,3.2839727
1719,8,148,11608,11,148,1,1,-1,2,1,-1,5.497221,4.028038
1720,1,104,9232,11,104,2,1,104,3,2,104,3.2513392,4.3480935
1721,3,55,5812,11,55,1,1,55,2,1,55,7.029461,3.4603543
1722,1,104,9232,11,104,1,1,104,2,1,104,6.176094,7.1485734
1723,11,55,8728,11,55,1,1,55,2,1,55,6.9227943,4.1802354
1724,1,42,4372,11,42,1,1,42,2,1,42,5.8166065,6.9745364
1725,3,42,5176,11,42,1,1,42,2,1,42,4.5426517,4.333624
1726,1,42,13120,11,42,2,1,-1,3,2,-1,7.4288855,5.0077353
1727,21,55,39364,11,55,1,1,-1,2,1,-1,5.3243704,6.2516665
1728,1,117,9232,11,117,1,1,117,2,1,117,5.7160077,4.268569
1729,3,104,9232,11,104,1,1,104,2,1,104,4.2738967,7.0823298
1730,1,148,9232,11,148,1,1,148,2,1,148,6.007232,4.174286
1731,6,148,9232,11,148,1,1,148,2,1,148,5.961736,4.0608854
1732,1,29,1732,11,29,2,1,29,3,2,29,5.05621,4.922553
1733,3,29,5200,11,29,1,1,29,2,1,29,5.5130734,6.5030313
1734,1,29,3904,11,29,1,1,29,2,1,29,6.2066727,4.3860536
1735,13,104,11716,11,104,1,1,-1,2,1,-1,4.778604,4.4240108
1736,1,29,1736,11,29,1,1,29,2,1,29,5.2741117,4.693182
1737,3,104,9232,11,104,1,1,104,2,1,104,6.4942856,4.085164
1738,1,29,2608,11,29,2,1,29,3,2,29,5.211547,3.3259056
1739,8,55,7828,11,55,1,1,55,2,1,55,5.5925217,3.4963348
1740,1,29,1960,11,29,1,1,29,2,1,29,4.593608,6.1809707
1741,3,29,5224,11,29,1,1,29,2,1,29,7.213028,3.6590817
1742,1,179,190996,11,179,1,1,-1,2,1,-1,4.038079,6.0314145
1743,57,179,190996,11,179,1,1,-1,2,1,-1,4.2397776,5.638483
1744,1,117,9232,11,117,2,1,117,3,2,117,3.7579172,4.3566465
1745,3,148,9232,11,148,1,1,148,2,1,148,6.0812244,4.3068676
1746,1,148,9232,11,148,1,1,148,2,1,148,6.2506638,5.906439
1747,6,148,9232,11,148,1,1,148,2,1,148,4.6801214,6.0653057
1748,1,117,9232,11,117,1,1,117,2,1,117,6.6968036,6.6016006
1749,3,117,9232,11,117,1,1,117,2,1,117,3.6986525,5.3660426
1750,1,29,3940,11,29,2,1,29,3,2,29,4.2335553,3.0166926
1751,8,29,11824,11,29,1,1,-1,2,1,-1,4.9303207,4.6995835
1752,1,55,1752,11,55,1,1,55,2,1,55,6.2106504,4.7315073
1753,3,55,5920,11,55,1,1,55,2,1,55,5.172549,3.789751
1754,1,55,2632,11,55,1,1,55,2,1,55,3.805082,5.1065216
1755,13,42,13336,11,42,1,1,-1,2,1,-1,5.6263323,7.0620584
1756,1,55,2968,11,55,2,1,55,3,2,55,4.668484,3.592129
1757,3,55,5272,11,55,1,1,55,2,1,55,6.4202,4.941541
1758,1,148,10024,11,148,1,1,-1,2,1,-1,4.6609926,3.1404161
1759,16,148,26728,11,148,1,1,-1,2,1,-1,4.303645,6.477628
1760,1,117,9232,11,117,1,1,117,2,1,117,5.3659163,6.5902095
1761,3,104,15064,11,104,1,1,-1,2,1,-1,6.624581,6.075576
1762,1,117,9232,11,117,2,1,117,3,2,117,7.0386653,5.1226215
1763,6,117,9232,11,117,1,1,117,2,1,117,5.8949847,5.200478
1764,1,29,1764,11,29,1,1,29,2,1,29,3.8857787,6.0318937
1765,3,29,5296,11,29,1,1,29,2,1,29,5.117677,3.632983
1766,1,29,3976,11,29,1,1,29,2,1,29,6.4202952,5.46049
1767,34,148,22660,11,148,1,1,-1,2,1,-1,4.1183844,3.7285206
1768,1,117,9232,11,117,2,1,117,3,2,117,5.7965736,6.130511
1769,3,55,13444,11,55,1,1,-1,2,1,-1,4.0782456,5.8081355
1770,1,117,9232,11,117,1,1,117,2,1,117,4.679927,4.9628124
1771,8,55,10096,11,55,1,1,-1,2,1,-1,6.4443007,6.3990254
1772,1,55,2248,11,55,1,1,55,2,1,55,5.181207,6.049279
1773,3,55,5320,11,55,1,1,55,2,1,55,6.1281357,4.76971
1774,1,55,5992,11,55,2,1,55,3,2,55,6.816583,4.444979
1775,24,86,45520,11,86,1,1,-1,2,1,-1,3.9948542,3.3173623
1776,1,73,9232,11,73,1,1,73,2,1,73,6.766944,4.5206165
1777,3,117,9232,11,117,1,1,117,2,1,117,6.0903535,5.4893723
1778,1,148,21688,11,148,1,1,-1,2,1,-1,3.4831002,6.0588512
1779,6,148,21688,11,148,1,1,-1,2,1,-1,6.3154664,7.0818844
1780,1,73,9232,11,73,2,1,73,3,2,73,6.9216475,3.7950752
1781,3,73,9232,11,73,1,1,73,2,1,73,5.434855,4.9446406
1782,1,47,8584,11,47,1,1,47,2,1,47,6.3501153,6.0945373
1783,8,47,12040,11,47,1,1,-1,2,1,-1,3.6964061,3.7041135
1784,1,73,9232,11,73,1,1,73,2,1,73,6.516895,5.796283
1785,3,29,6784,11,29,1,1,29,2,1,29,6.9270854,5.7245984
1786,1,73,9232,11,73,2,1,73,3,2,73,6.4836445,3.3403986
1787,19,47,15280,11,47,1,1,-1,2,1,-1,5.771134,4.2002225
1788,1,99,39364,11,99,1,1,-1,2,1,-1,5.707554,6.599563
1789,3,99,39364,11,99,1,1,-1,2,1,-1,6.3835435,6.2570615
1790,1,99,39364,11,99,1,1,-1,2,1,-1,5.2171774,2.9579334
1791,29,99,103336,11,99,1,1,-1,2,1,-1,4.4259214,4.7420993
1792,1,24,1792,11,24,2,1,24,3,2,24,5.1518264,5.4425373
1793,3,117,9232,11,117,1,1,117,2,1,117,4.5575466,4.7093434
1794,1,68,2752,11,68,1,1,68,2,1,68,4.546779,5.1597776
1795,6,68,8080,11,68,1,1,68,2,1,68,3.2464778,5.8806257
1796,1,117,9232,11,117,1,1,117,2,1,117,7.3389664,5.4050756
1797,3,117,9232,11,117,1,1,117,2,1,117,4.685359,5.8439507
1798,1,117,9232,11,117,2,1,117,3,2,117,5.5048356,3.9074159
1799,11,68,12148,11,68,1,1,-1,2,1,-1,6.8033366,6.245772
1800,1,55,4372,11,55,1,1,55,2,1,55,6.536289,5.264464
1801,3,161,17332,11,161,1,1,-1,2,1,-1,4.7785053,7.2350483
1802,1,55,4372,11,55,1,1,55,2,1,55,5.187857,4.824068
1803,8,42,8116,11,42,1,1,42,2,1,42,6.2974343,3.4598866
1804,1,55,4372,11,55,2,1,55,3,2,55,5.9006057,4.245327
1805,3,55,5416,11,55,1,1,55,2,1,55,5.8067746,6.016156
1806,1,117,9232,11,117,1,1,117,2,1,117,6.114237,3.937466
1807,11,117,18304,11,117,1,1,-1,2,1,-1,6.6215744,5.8525853
1808,1,16,1808,11,16,1,1,16,2,1,16,6.214483,4.4286385
1809,3,55,5428,11,55,1,1,55,2,1,55,4.7078514,4.026502
1810,1,68,5812,11,68,2,1,68,3,2,68,5.5039735,3.213908
1811,6,68,8152,11,68,1,1,68,2,1,68,6.0078783,4.6290026
1812,1,16,1812,11,16,1,1,16,2,1,16,3.6404035,4.4037323
1813,3,16,5440,11,16,1,1,16,2,1,16,6.5403404,4.908555
1814,1,55,13120,11,55,1,1,-1,2,1,-1,5.2530212,3.765216
1815,8,55,13120,11,55,1,1,-1,2,1,-1,5.6399794,3.5212996
1816,1,16,1816,11,16,2,1,16,3,2,16,6.1202235,5.2387805
1817,3,68,39364,11,68,1,1,-1,2,1,-1,4.112869,5.392618
1818,1,16,2728,11,16,1,1,16,2,1,16,3.5575826,6.6581683
1819,99,161,1276936,11,161,1,1,-1,2,1,-1,5.397453,3.8183062
1820,1,42,3076,11,42,1,1,42,2,1,42,6.7278924,3.1917377
1821,3,42,5464,11,42,1,1,42,2,1,42,4.3437862,5.947573
1822,1,42,9232,11,42,2,1,42,3,2,42,5.9852524,4.6329155
1823,19,161,27700,11,161,1,1,-1,2,1,-1,4.5050793,5.306289
1824,1,37,1824,11,37,1,1,37,2,1,37,5.370392,5.8337336
1825,3,42,5476,11,42,1,1,42,2,1,42,5.6157417,5.735557
1826,1,130,9232,11,130,1,1,130,2,1,130,6.5614333,7.1252093
1827,6,130,9232,11,130,1,1,130,2,1,130,6.9471874,3.5440927
1828,1,130,9232,11,130,2,1,130,3,2,130,7.3152547,5.478525
1829,3,130,9232,11,130,1,1,130,2,1,130,5.6132374,5.528966
1830,1,130,9232,11,130,1,1,130,2,1,130,4.5255804,4.6041093
1831,13,68,13912,11,68,1,1,-1,2,1,-1,7.426558,3.9664695
1832,1,37,1832,11,37,1,1,37,2,1,37,6.2094593,5.1084805
1833,3,42,20896,11,42,1,1,-1,2,1,-1,6.7557354,6.5387416
1834,1,37,2752,11,37,2,1,37,3,2,37,7.1314096,5.517639
1835,8,130,9232,11,130,1,1,130,2,1,130,3.8903513,6.9548864
1836,1,130,9232,11,130,1,1,130,2,1,130,6.281142,5.2703743
1837,3,130,9232,11,130,1,1,130,2,1,130,5.246812,4.222372
1838,1,130,9232,11,130,1,1,130,2,1,130,4.268778,3.7221599
1839,16,161,18628,11,161,1,1,-1,2,1,-1,5.0238547,4.0442247
1840,1,37,1840,11,37,2,1,37,3,2,37,3.484673,4.301314
1841,3,130,9232,11,130,1,1,130,2,1,130,5.9281926,4.9988356
1842,1,130,9232,11,130,1,1,130,2,1,130,3.098935,4.6982045
1843,6,130,9232,11,130,1,1,130,2,1,130,7.5559897,4.3760624
1844,1,37,1844,11,37,1,1,37,2,1,37,6.53398,4.876467
1845,3,37,5536,11,37,1,1,37,2,1,37,6.332819,5.1191263
1846,1,68,10528,11,68,2,1,-1,3,2,-1,6.1096025,6.730567
1847,8,68,12472,11,68,1,1,-1,2,1,-1,4.2439084,3.1121402
1848,1,130,9232,11,130,1,1,130,2,1,130,6.537087,4.796637
1849,3,68,6244,11,68,1,1,68,2,1,68,4.5773582,6.096471
1850,1,130,9232,11,130,1,1,130,2,1,130,6.895093,3.7791982
1851,11,130,9376,11,130,1,1,130,2,1,130,7.2047167,6.143508
1852,1,130,9232,11,130,2,1,130,3,2,130,5.012391,5.8820605
1853,3,130,9232,11,130,1,1,130,2,1,130,3.4560413,4.6641846
1854,1,117,15856,11,117,1,1,-1,2,1,-1,5.55129,5.948863
1855,19,117,42280,11,117,1,1,-1,2,1,-1,3.8966467,4.3916035
1856,1,24,1856,11,24,1,1,24,2,1,24,3.8701327,5.4723063
1857,3,37,5572,11,37,1,1,37,2,1,37,5.2230725,4.2369394
1858,1,130,9232,11,130,2,1,130,3,2,130,4.506422,5.364493
1859,6,130,9232,11,130,1,1,130,2,1,130,4.0305533,3.9618142
1860,1,37,1860,11,37,1,1,37,2,1,37,5.3409243,6.066002
1861,3,37,5584,11,37,1,1,37,2,1,37,4.905934,4.9463263
1862,1,37,4192,11,37,1,1,37,2,1,37,4.0810475,6.3314033
1863,37,68,15928,11,68,1,1,-1,2,1,-1,6.4213166,4.959081
1864,1,86,9232,11,86,2,1,86,3,2,86,4.819879,5.5737514
1865,3,68,9448,11,68,1,1,68,2,1,68,5.867691,5.423829
1866,1,86,9232,11,86,1,1,86,2,1,86,6.085143,4.0065107
1867,8,37,8404,11,37,1,1,37,2,1,37,4.888229,3.9244196
1868,1,86,9232,11,86,1,1,86,2,1,86,5.107809,2.652175
1869,3,86,9232,11,86,1,1,86,2,1,86,4.210089,2.9595258
1870,1,130,9232,11,130,2,1,130,3,2,130,7.1887527,5.1874104
1871,13,130,18952,11,130,1,1,-1,2,1,-1,5.1934457,2.9395614
1872,1,24,1872,11,24,1,1,24,2,1,24,5.194227,3.8852825
1873,3,86,9232,11,86,1,1,86,2,1,86,4.7092147,6.434597
1874,1,174,250504,11,174,1,1,-1,2,1,-1,4.2102365,4.260369
1875,6,174,250504,11,174,1,1,-1,2,1,-1,4.1248965,5.9153404
1876,1,24,1876,11,24,2,1,24,3,2,24,6.594879,3.984663
1877,3,24,5632,11,24,1,1,24,2,1,24,6.062286,4.6443806
1878,1,86,9232,11,86,1,1,86,2,1,86,4.271264,5.005652
1879,8,86,12688,11,86,1,1,-1,2,1,-1,5.3086705,5.578399
1880,1,130,9232,11,130,1,1,130,2,1,130,4.158588,6.162977
1881,3,37,6352,11,37,1,1,37,2,1,37,5.244595,7.11836
1882,1,130,9232,11,130,2,1,130,3,2,130,4.0326614,5.770448
1883,29,86,14308,11,86,1,1,-1,2,1,-1,4.939578,5.8706417
1884,1,130,9232,11,130,1,1,130,2,1,130,4.8489885,6.6530905
1885,3,130,9232,11,130,1,1,130,2,1,130,6.5955257,4.986572
1886,1,37,9556,11,37,1,1,37,2,1,37,7.0379276,6.827023
1887,13,37,28672,11,37,1,1,-1,2,1,-1,5.16843,5.1707916
1888,1,37,1888,11,37,2,1,37,3,2,37,4.185048,4.6562696
1889,3,81,8080,11,81,1,1,81,2,1,81,5.069053,5.6178036
1890,1,37,2836,11,37,1,1,37,2,1,37,5.7892747,5.051504
1891,6,37,8512,11,37,1,1,37,2,1,37,5.1174207,3.723248
1892,1,37,1892,11,37,1,1,37,2,1,37,5.192557,5.008996
1893,3,37,5680,11,37,1,1,37,2,1,37,3.634282,5.589492
1894,1,37,4264,11,37,2,1,37,3,2,37,6.5063276,5.502164
1895,39,174,138400,11,174,1,1,-1,2,1,-1,6.62514,5.352388
1896,1,37,1896,11,37,1,1,37,2,1,37,5.9196067,4.4332113
1897,3,68,14416,11,68,1,1,-1,2,1,-1,7.187471,5.0914383
1898,1,37,2848,11,37,1,1,37,2,1,37,3.2471437,4.725478
1899,8,68,8548,11,68,1,1,68,2,1,68,6.1048765,5.815207
1900,1,29,3616,11,29,2,1,29,3,2,29,3.6668901,4.7834816
1901,3,29,5704,11,29,1,1,29,2,1,29,5.4546824,6.010013
1902,1,29,6424,11,29,1,1,29,2,1,29,5.818062,6.266865
1903,24,130,21688,11,130,1,1,-1,2,1,-1,5.799155,4.072719
1904,1,37,1904,11,37,1,1,37,2,1,37,4.073861,7.113436
1905,3,37,5716,11,37,1,1,37,2,1,37,7.2268476,4.488988
1906,1,29,3220,11,29,2,1,29,3,2,29,6.5870485,6.1842833
1907,6,29,8584,11,29,1,1,29,2,1,29,5.050374,4.1391416
1908,1,37,1908,11,37,1,1,37,2,1,37,4.4927917,7.057139
1909,3,37,5728,11,37,1,1,37,2,1,37,5.9741354,4.1806154
1910,1,29,4840,11,29,1,1,29,2,1,29,5.3599124,4.222257
1911,8,29,12904,11,29,1,1,-1,2,1,-1,4.140224,3.2480602
1912,1,55,9232,11,55,2,1,55,3,2,55,6.1057887,5.46328
1913,3,81,39364,11,81,1,1,-1,2,1,-1,6.148492,4.1080375
1914,1,55,9232,11,55,1,1,55,2,1,55,4.5985484,4.648008
1915,13,174,1276936,11,174,1,1,-1,2,1,-1,5.265462,5.0162024
1916,1,55,9232,11,55,1,1,55,2,1,55,7.1168613,3.592562
1917,3,55,9232,11,55,1,1,55,2,1,55,6.2941356,5.184733
1918,1,130,41524,11,130,2,1,-1,3,2,-1,5.0654335,5.0584993
1919,34,130,65608,11,130,1,1,-1,2,1,-1,5.3478003,4.91568
1920,1,24,1920,11,24,1,1,24,2,1,24,4.54992,4.0531735
1921,3,143,9232,11,143,1,1,143,2,1,143,6.2878594,5.755398
1922,1,50,2884,11,50,1,1,50,2,1,50,6.0562162,6.1722813
1923,6,50,8656,11,50,1,1,50,2,1,50,3.54218,3.5833035
1924,1,50,2752,11,50,2,1,50,3,2,50,4.582379,5.330691
1925,3,50,5776,11,50,1,1,50,2,1,50,5.067399,6.755212
1926,1,50,4336,11,50,1,1,50,2,1,50,4.79662,5.606609
1927,11,50,13012,11,50,1,1,-1,2,1,-1,6.4643207,5.796346
1928,1,24,1928,11,24,1,1,24,2,1,24,6.48875,4.9845147
1929,3,55,10996,11,55,1,1,-1,2,1,-1,5.537792,7.242318
1930,1,24,2896,11,24,2,1,24,3,2,24,6.971115,5.812016
1931,8,143,9232,11,143,1,1,143,2,1,143,5.3517294,6.727202
1932,1,24,2176,11,24,1,1,24,2,1,24,6.1368895,4.9839683
1933,3,24,5800,11,24,1,1,24,2,1,24,5.2809944,4.377787
1934,1,143,9232,11,143,1,1,143,2,1,143,4.0087028,5.44884
1935,11,143,19600,11,143,1,1,-1,2,1,-1,4.308159,3.308227
1936,1,99,9232,11,99,2,1,99,3,2,99,3.6312594,4.9711595
1937,3,50,5812,11,50,1,1,50,2,1,50,5.380432,6.4950433
1938,1,50,4912,11,50,1,1,50,2,1,50,5.270974,4.5407815
1939,6,50,8728,11,50,1,1,50,2,1,50,5.2338996,4.7568555
1940,1,99,9232,11,99,1,1,99,2,1,99,3.7359393,4.8141875
1941,3,99,9232,11,99,1,1,99,2,1,99,6.0763955,3.5780773
1942,1,37,4372,11,37,2,1,37,3,2,37,6.637299,6.654814
1943,8,37,13120,11,37,1,1,-1,2,1,-1,4.965138,6.7799373
1944,1,99,9232,11,99,1,1,99,2,1,99,4.9054255,4.4518805
1945,3,37,6568,11,37,1,1,37,2,1,37,4.3429465,5.105099
1946,1,99,9232,11,99,1,1,99,2,1,99,6.175125,6.575764
1947,16,81,22192,11,81,1,1,-1,2,1,-1,3.830542,3.7188766
1948,1,143,9232,11,143,2,1,143,3,2,143,6.959199,4.040732
1949,3,143,9232,11,143,1,1,143,2,1,143,4.772083,4.482876
1950,1,143,9880,11,143,1,1,143,2,1,143,6.451479,5.278717
1951,42,174,33352,11,174,1,1,-1,2,1,-1,4.8651137,5.828851
1952,1,24,1952,11,24,1,1,24,2,1,24,5.488247,6.0375633
1953,3,37,5860,11,37,1,1,37,2,1,37,4.158893,6.6010356
1954,1,99,9232,11,99,2,1,99,3,2,99,4.988587,3.105757
1955,6,99,9232,11,99,1,1,99,2,1,99,6.5222087,4.585816
1956,1,50,4192,11,50,1,1,50,2,1,50,6.357712,5.857595
1957,3,50,5872,11,50,1,1,50,2,1,50,3.1998725,5.505689
1958,1,50,4408,11,50,1,1,50,2,1,50,4.751023,4.3156104
1959,42,81,80512,11,81,1,1,-1,2,1,-1,7.420709,5.233553
1960,1,24,1960,11,24,2,1,24,3,2,24,5.4016356,6.2185817
1961,3,174,190996,11,174,1,1,-1,2,1,-1,4.6941905,4.5569024
1962,1,24,2944,11,24,1,1,24,2,1,24,5.2477965,5.1692233
1963,8,81,9448,11,81,1,1,81,2,1,81,4.6538935,6.4249086
1964,1,143,9232,11,143,1,1,143,2,1,143,3.634985,5.418643
1965,3,143,9232,11,143,1,1,143,2,1,143,6.377988,3.519381
1966,1,143,9232,11,143,2,1,143,3,2,143,6.2698965,5.9879575
1967,13,99,19924,11,99,1,1,-1,2,1,-1,7.202811,6.1045456
1968,1,50,1968,11,50,1,1,50,2,1,50,6.8519287,3.2422678
1969,3,24,5908,11,24,1,1,24,2,1,24,5.5997434,7.095633
1970,1,24,3328,11,24,1,1,24,2,1,24,6.5199366,5.290708
1971,6,24,8872,11,24,1,1,24,2,1,24,7.016896,4.7814374
1972,1,50,1972,11,50,2,1,50,3,2,50,5.806249,3.487222
1973,3,50,5920,11,50,1,1,50,2,1,50,4.5554156,3.5365276
1974,1,37,7504,11,37,1,1,37,2,1,37,5.9839997,5.9372153
1975,8,37,13336,11,37,1,1,-1,2,1,-1,7.1367273,4.621893
1976,1,50,1976,11,50,1,1,50,2,1,50,3.9182508,4.2988877
1977,3,143,9232,11,143,1,1,143,2,1,143,4.8446283,7.3864317
1978,1,50,2968,11,50,2,1,50,3,2,50,6.140425,5.025929
1979,11,143,10024,11,143,1,1,-1,2,1,-1,4.2897835,4.052069
1980,1,99,14308,11,99,1,1,-1,2,1,-1,4.5887966,4.0364347
1981,3,99,14308,11,99,1,1,-1,2,1,-1,4.9165325,3.1747003
1982,1,99,15064,11,99,1,1,-1,2,1,-1,6.8318515,6.417702
1983,21,50,50848,11,50,1,1,-1,2,1,-1,5.584187,3.2720118
1984,1,112,9232,11,112,2,1,112,3,2,112,7.0089808,6.2240543
1985,3,50,5956,11,50,1,1,50,2,1,50,3.447792,3.9412632
1986,1,94,8080,11,94,1,1,94,2,1,94,3.9302893,5.652193
1987,6,94,8944,11,94,1,1,94,2,1,94,5.0576315,6.0836067
1988,1,24,1988,11,24,1,1,24,2,1,24,4.4033823,7.106376
1989,3,24,5968,11,24,1,1,24,2,1,24,5.848319,4.4089108
1990,1,24,4480,11,24,2,1,24,3,2,24,7.1114097,3.9179127
1991,13,50,13444,11,50,1,1,-1,2,1,-1,4.86746,4.0215883
1992,1,50,1992,11,50,1,1,50,2,1,50,5.8226724,6.503067
1993,3,50,10096,11,50,1,1,-1,2,1,-1,5.0626984,5.967116
1994,1,50,2992,11,50,1,1,50,2,1,50,5.6803327,5.645348
1995,8,50,8980,11,50,1,1,50,2,1,50,3.2032208,3.8418784
1996,1,50,2248,11,50,2,1,50,3,2,50,5.1411247,6.3751926
1997,3,50,5992,11,50,1,1,50,2,1,50,4.4470305,5.8237357
1998,1,50,11392,11,50,1,1,-1,2,1,-1,7.2390213,5.418964
1999,16,50,20248,11,50,1,1,-1,2,1,-1,3.9142833,7.013847
2000,1,112,9232,11,112,1,1,112,2,1,112,7.434396,5.783506
2001,3,50,6004,11,50,1,1,50,2,1,50,7.400364,4.921225
2002,1,143,21688,11,143,2,1,-1,3,2,-1,4.6818805,4.1507816
2003,6,143,21688,11,143,1,1,-1,2,1,-1,7.131462,4.742652
2004,1,112,9232,11,112,1,1,112,2,1,112,6.762,5.429428
2005,3,112,9232,11,112,1,1,112,2,1,112,6.0330696,5.2675653
2006,1,42,8584,11,42,1,1,42,2,1,42,4.9424815,3.112711
2007,8,42,13552,11,42,1,1,-1,2,1,-1,5.3987784,5.534615
2008,1,68,9232,11,68,2,1,68,3,2,68,4.316565,4.7313704
2009,3,24,6784,11,24,1,1,24,2,1,24,5.378908,5.1672797
2010,1,68,9232,11,68,1,1,68,2,1,68,5.150206,2.6267414
2011,13,42,15280,11,42,1,1,-1,2,1,-1,7.0134397,4.9255366
2012,1,68,9232,11,68,1,1,68,2,1,68,4.1229177,3.4962783
2013,3,68,9232,11,68,1,1,68,2,1,68,6.0726943,5.605633
2014,1,94,39364,11,94,2,1,-1,3,2,-1,4.803872,4.0402412
2015,21,94,39364,11,94,1,1,-1,2,1,-1,5.85763,3.2933486
2016,1,112,9232,11,112,1,1,112,2,1,112,4.568128,5.2515583
2017,3,68,14560,11,68,1,1,-1,2,1,-1,4.6697965,4.916532
2018,1,112,9232,11,112,1,1,112,2,1,112,5.5816793,4.9297276
2019,6,112,9232,11,112,1,1,112,2,1,112,7.210345,3.9890814
2020,1,63,2752,11,63,2,1,63,3,2,63,5.8051577,5.3233676
2021,3,63,6064,11,63,1,1,63,2,1,63,4.2587976,5.347569
2022,1,63,4552,11,63,1,1,63,2,1,63,4.8210435,5.03202
2023,16,156,23056,11,156,1,1,-1,2,1,-1,5.9285026,4.745813
2024,1,112,9232,11,112,1,1,112,2,1,112,6.365227,6.123789
2025,3,156,25972,11,156,1,1,-1,2,1,-1,6.8781304,3.9308574
2026,1,112,9232,11,112,2,1,112,3,2,112,5.0856385,4.0261903
2027,8,156,17332,11,156,1,1,-1,2,1,-1,6.8276253,5.429274
2028,1,37,2896,11,37,1,1,37,2,1,37,6.3432593,6.9239774
2029,3,37,6088,11,37,1,1,37,2,1,37,4.815452,2.7758543
2030,1,37,6856,11,37,1,1,37,2,1,37,5.4810624,6.833455
2031,19,63,34720,11,63,1,1,-1,2,1,-1,5.906633,4.714647
2032,1,50,4372,11,50,2,1,50,3,2,50,4.4298944,6.990116
2033,3,112,9232,11,112,1,1,112,2,1,112,7.1703258,5.352188
2034,1,156,9232,11,156,1,1,156,2,1,156,3.9752238,4.3145223
2035,6,156,9232,11,156,1,1,156,2,1,156,4.7355876,4.091501
2036,1,50,4372,11,50,1,1,50,2,1,50,5.621268,5.3680387
2037,3,50,6112,11,50,1,1,50,2,1,50,6.5333476,5.839901
2038,1,63,5812,11,63,2,1,63,3,2,63,5.604815,4.059262
2039,8,63,13768,11,63,1,1,-1,2,1,-1,6.5585337,2.9618917
2040,1,50,13120,11,50,1,1,-1,2,1,-1,5.0889463,6.1078258
2041,3,63,8728,11,63,1,1,63,2,1,63,4.6575623,4.76531
2042,1,50,13120,11,50,1,1,-1,2,1,-1,5.9374695,3.4215543
2043,29,156,44224,11,156,1,1,-1,2,1,-1,6.945332,6.0116444
2044,1,63,39364,11,63,2,1,-1,3,2,-1,4.9619675,3.6039693
2045,3,63,39364,11,63,1,1,-1,2,1,-1,4.9374967,4.734548
2046,1,63,118096,11,63,1,1,-1,2,1,-1,5.238398,5.3333173
2047,94,156,1276936,11,156,1,1,-1,2,1,-1,4.976263,2.9343202
2048,1,11,2048,12,11,1,1,11,2,1,11,4.402798,5.5866456
2049,3,156,9232,12,156,1,1,156,2,1,156,6.841046,5.539662
2050,1,37,3076,12,37,2,1,37,3,2,37,6.6495614,6.2091227
2051,6,37,9232,12,37,1,1,37,2,1,37,5.8514585,7.163248
2052,1,37,2052,12,37,1,1,37,2,1,37,6.341166,5.2046204
2053,3,37,6160,12,37,1,1,37,2,1,37,6.621345,4.761285
2054,1,37,4624,12,37,1,1,37,2,1,37,5.7059317,6.1453257
2055,11,37,13876,12,37,1,1,-1,2,1,-1,3.6825323,5.318218
2056,1,125,9232,12,125,2,1,125,3,2,125,3.0841918,5.1839523
2057,3,112,10420,12,112,1,1,-1,2,1,-1,7.283447,6.1587505
2058,1,125,9232,12,125,1,1,125,2,1,125,5.1729655,3.5257065
2059,8,37,9268,12,37,1,1,37,2,1,37,6.9937325,4.741175
2060,1,125,9232,12,125,1,1,125,2,1,125,4.0768523,4.0447183
2061,3,125,9232,12,125,1,1,125,2,1,125,7.350659,5.6253166
2062,1,37,6964,12,37,2,1,37,3,2,37,4.4519525,6.23323
2063,11,37,20896,12,37,1,1,-1,2,1,-1,5.4663987,5.732427
2064,1,125,9232,12,125,1,1,125,2,1,125,5.1352234,6.269579
2065,3,125,9232,12,125,1,1,125,2,1,125,3.247813,4.745991
2066,1,156,9232,12,156,1,1,156,2,1,156,5.3522925,6.3255663
2067,6,156,9304,12,156,1,1,156,2,1,156,4.963261,5.086866
2068,1,125,9232,12,125,2,1,125,3,2,125,6.7773576,5.937325
2069,3,125,9232,12,125,1,1,125,2,1,125,4.6460004,5.502009
2070,1,125,9232,12,125,1,1,125,2,1,125,6.4640994,4.635821
2071,8,125,13984,12,125,1,1,-1,2,1,-1,5.3301888,2.8586028
2072,1,125,9232,12,125,1,1,125,2,1,125,7.3136716,5.770549
2073,3,37,7000,12,37,1,1,37,2,1,37,5.597662,3.959214
2074,1,125,9232,12,125,2,1,125,3,2,125,5.375067,4.2951975
2075,21,94,95956,12,94,1,1,-1,2,1,-1,7.2186594,4.5028744
2076,1,63,3508,12,63,1,1,63,2,1,63,5.2417192,4.934974
2077,3,63,6232,12,63,1,1,63,2,1,63,4.398668,4.5019174
2078,1,63,10528,12,63,1,1,-1,2,1,-1,5.208658,3.8055344
2079,21,50,31588,12,50,1,1,-1,2,1,-1,7.098113,5.1597633
2080,1,32,2080,12,32,2,1,32,3,2,32,4.155862,3.5149648
2081,3,63,6244,12,63,1,1,63,2,1,63,7.0225544,4.198085
2082,1,125,9232,12,125,1,1,125,2,1,125,7.1296415,4.273287
2083,6,125,9376,12,125,1,1,125,2,1,125,4.669735,5.4336696
2084,1,125,9232,12,125,1,1,125,2,1,125,6.3154035,5.503442
2085,3,125,9232,12,125,1,1,125,2,1,125,5.0271215,3.403677
2086,1,125,9232,12,125,2,1,125,3,2,125,5.948227,3.0857034
2087,13,112,15856,12,112,1,1,-1,2,1,-1,5.9647174,5.2835894
2088,1,32,2088,12,32,1,1,32,2,1,32,6.641001,4.035679
2089,3,63,23812,12,63,1,1,-1,2,1,-1,3.607505,5.5737505
2090,1,32,3136,12,32,1,1,32,2,1,32,5.182026,7.000435
2091,8,37,9412,12,37,1,1,37,2,1,37,4.386952,6.459288
2092,1,125,9232,12,125,2,1,125,3,2,125,4.1998267,3.5973208
2093,3,125,9232,12,125,1,1,125,2,1,125,5.145002,3.761911
2094,1,125,9232,12,125,1,1,125,2,1,125,6.6688905,3.241513
2095,21,107,21220,12,107,1,1,-1,2,1,-1,4.006099,4.9021997
2096,1,32,2096,12,32,1,1,32,2,1,32,4.7518,3.2220645
2097,3,63,6292,12,63,1,1,63,2,1,63,5.5083513,4.9212914
2098,1,63,3544,12,63,2,1,63,3,2,63,5.2824097,5.2555656
2099,6,63,9448,12,63,1,1,63,2,1,63,5.4555707,5.7954154
2100,1,32,2100,12,32,1,1,32,2,1,32,7.303187,6.540378
2101,3,32,6304,12,32,1,1,32,2,1,32,4.008759,5.129649
2102,1,94,45520,12,94,1,1,-1,2,1,-1,6.3674884,4.8046684
2103,8,94,45520,12,94,1,1,-1,2,1,-1,5.277676,3.7998354
2104,1,81,9232,12,81,2,1,81,3,2,81,4.882393,6.7824225
2105,3,125,9232,12,125,1,1,125,2,1,125,5.3153224,5.6466208
2106,1,81,9232,12,81,1,1,81,2,1,81,7.078853,4.1544313
2107,11,156,21688,12,156,1,1,-1,2,1,-1,3.9537518,6.7722597
2108,1,81,9232,12,81,1,1,81,2,1,81,6.244628,6.360939
2109,3,81,9232,12,81,1,1,81,2,1,81,5.3247747,7.522983
2110,1,169,250504,12,169,2,1,-1,3,2,-1,4.552555,6.2797
2111,130,169,250504,12,169,1,1,-1,2,1,-1,4.200728,5.7831287
2112,1,32,2112,12,32,1,1,32,2,1,32,4.1341176,5.2738395
2113,3,81,9232,12,81,1,1,81,2,1,81,4.033039,6.7097373
2114,1,81,9232,12,81,1,1,81,2,1,81,4.327887,5.1854324
2115,6,81,9520,12,81,1,1,81,2,1,81,5.159581,5.3787045
2116,1,32,2116,12,32,2,1,32,3,2,32,3.9240234,6.2605042
2117,3,32,6352,12,32,1,1,32,2,1,32,5.5020046,3.2340307
2118,1,32,4768,12,32,1,1,32,2,1,32,6.9010534,5.4263325
2119,24,81,14308,12,81,1,1,-1,2,1,-1,6.0087266,7.358041
2120,1,125,9232,12,125,1,1,125,2,1,125,5.8641872,4.708913
2121,3,107,39364,12,107,1,1,-1,2,1,-1,5.5234246,4.35697
2122,1,125,9232,12,125,2,1,125,3,2,125,4.993277,5.8463807
2123,8,32,9556,12,32,1,1,32,2,1,32,3.9164317,7.0737953
2124,1,125,9232,12,125,1,1,125,2,1,125,6.957696,5.7284417
2125,3,125,9232,12,125,1,1,125,2,1,125,2.8543105,5.5190945
2126,1,76,8080,12,76,1,1,76,2,1,76,4.6546903,7.068273
2127,13,76,21544,12,76,1,1,-1,2,1,-1,5.4982824,4.2969756
2128,1,32,2128,12,32,2,1,32,3,2,32,5.0800934,5.5221906
2129,3,125,9232,12,125,1,1,125,2,1,125,4.1103067,3.8177743
2130,1,76,12148,12,76,1,1,-1,2,1,-1,6.1460195,6.4877586
2131,6,76,12148,12,76,1,1,-1,2,1,-1,4.426632,3.202347
2132,1,32,2132,12,32,1,1,32,2,1,32,7.2646914,4.7586455
2133,3,32,6400,12,32,1,1,32,2,1,32,6.3588643,3.3293762
2134,1,63,4804,12,63,2,1,63,3,2,63,4.9801865,6.1443353
2135,8,63,14416,12,63,1,1,-1,2,1,-1,5.2791333,5.382664
2136,1,24,2136,12,24,1,1,24,2,1,24,7.0143676,3.9253418
2137,3,63,7216,12,63,1,1,63,2,1,63,3.8965578,4.885039
2138,1,24,3208,12,24,1,1,24,2,1,24,5.3041415,6.4002714
2139,32,76,61720,12,76,1,1,-1,2,1,-1,5.077017,6.096365
2140,1,24,3616,12,24,2,1,24,3,2,24,5.935104,4.807823
2141,3,24,6424,12,24,1,1,24,2,1,24,5.325513,4.502135
2142,1,169,10852,12,169,1,1,-1,2,1,-1,7.167153,5.3727174
2143,13,169,32560,12,169,1,1,-1,2,1,-1,3.7379112,5.4151893
2144,1,32,2144,12,32,1,1,32,2,1,32,5.808889,6.103371
2145,3,76,8152,12,76,1,1,76,2,1,76,4.700123,6.571409
2146,1,24,3220,12,24,2,1,24,3,2,24,6.6156383,4.949432
2147,6,24,9664,12,24,1,1,24,2,1,24,2.9649546,4.569951
2148,1,24,2148,12,24,1,1,24,2,1,24,5.2164974,3.2873461
2149,3,24,6448,12,24,1,1,24,2,1,24,6.523046,6.523806
2150,1,24,4840,12,24,1,1,24,2,1,24,6.152871,3.3077173
2151,70,107,176740,12,107,1,1,-1,2,1,-1,5.9939404,4.8390656
2152,1,32,2152,12,32,2,1,32,3,2,32,6.157691,2.936734
2153,3,76,39364,12,76,1,1,-1,2,1,-1,3.315855,4.962707
2154,1,32,3232,12,32,1,1,32,2,1,32,6.585729,4.10951
2155,8,169,1276936,12,169,1,1,-1,2,1,-1,6.453777,6.530232
2156,1,50,9232,12,50,1,1,50,2,1,50,4.2412915,4.394876
2157,3,50,9232,12,50,1,1,50,2,1,50,4.3448553,4.4048996
2158,1,50,9232,12,50,2,1,50,3,2,50,5.0768547,2.7807708
2159,29,125,41524,12,125,1,1,-1,2,1,-1,6.1868258,3.0715253
2160,1,45,2160,12,45,1,1,45,2,1,45,4.6237817,5.86398
2161,3,32,6484,12,32,1,1,32,2,1,32,4.7605124,6.5077925
2162,1,138,9232,12,138,1,1,138,2,1,138,4.7134304,6.2729654
2163,6,138,9736,12,138,1,1,138,2,1,138,5.3129544,5.5177865
2164,1,45,2164,12,45,2,1,45,3,2,45,4.823154,5.230636
2165,3,45,6496,12,45,1,1,45,2,1,45,5.833686,3.729835
2166,1,138,9232,12,138,1,1,138,2,1,138,6.02887,5.730291
2167,8,138,14632,12,138,1,1,-1,2,1,-1,5.4248004,4.9491396
2168,1,45,2752,12,45,1,1,45,2,1,45,4.903241,5.217395
2169,3,76,13912,12,76,1,1,-1,2,1,-1,6.7524133,4.243532
2170,1,45,3256,12,45,2,1,45,3,2,45,3.5360754,4.065572
2171,13,50,10996,12,50,1,1,-1,2,1,-1,6.6517663,4.744458
2172,1,138,9232,12,138,1,1,138,2,1,138,5.0682783,6.167299
2173,3,138,9232,12,138,1,1,138,2,1,138,6.507058,6.5957613
2174,1,138,24784,12,138,1,1,-1,2,1,-1,5.1028385,4.634149
2175,32,76,74356,12,76,1,1,-1,2,1,-1,4.3852353,4.3944125
2176,1,19,2176,12,19,2,1,19,3,2,19,6.9231143,6.3057446
2177,3,138,9232,12,138,1,1,138,2,1,138,3.3786561,5.163647
2178,1,45,3268,12,45,1,1,45,2,1,45,5.1151857,4.1958222
2179,6,45,9808,12,45,1,1,45,2,1,45,5.2941732,3.4455833
2180,1,45,2180,12,45,1,1,45,2,1,45,6.207518,4.9675455
2181,3,45,6544,12,45,1,1,45,2,1,45,5.5583143,7.382609
2182,1,45,4912,12,45,2,1,45,3,2,45,4.9549623,3.7691653
2183,11,138,14740,12,138,1,1,-1,2,1,-1,4.114314,4.9380555
2184,1,32,2184,12,32,1,1,32,2,1,32,3.5778685,4.2377663
2185,3,107,95956,12,107,1,1,-1,2,1,-1,3.394656,6.569509
2186,1,32,3280,12,32,1,1,32,2,1,32,4.135529,5.0306993
2187,8,76,10528,12,76,1,1,-1,2,1,-1,7.2100286,6.552427
2188,1,32,2464,12,32,2,1,32,3,2,32,5.008302,6.627192
2189,3,32,6568,12,32,1,1,32,2,1,32,3.6337683,4.055112
2190,1,76,7396,12,76,1,1,76,2,1,76,5.13255,4.515523
2191,11,76,22192,12,76,1,1,-1,2,1,-1,6.2549267,3.865538
2192,1,94,9232,12,94,1,1,94,2,1,94,5.6170993,4.606084
2193,3,138,9232,12,138,1,1,138,2,1,138,5.749082,4.4054213
2194,1,138,9232,12,138,2,1,138,3,2,138,4.8518867,3.9374049
2195,6,138,9880,12,138,1,1,138,2,1,138,6.6933007,3.7821414
2196,1,94,9232,12,94,1,1,94,2,1,94,5.520358,2.9795458
2197,3,94,9232,12,94,1,1,94,2,1,94,4.344578,4.850526
2198,1,32,4948,12,32,1,1,32,2,1,32,5.0624614,4.2482533
2199,8,32,14848,12,32,1,1,-1,2,1,-1,5.8414583,4.638724
2200,1,94,9232,12,94,2,1,94,3,2,94,6.752553,4.8833227
2201,3,138,9232,12,138,1,1,138,2,1,138,3.9893935,7.101252
2202,1,94,9232,12,94,1,1,94,2,1,94,4.9852486,5.158349
2203,19,50,25108,12,50,1,1,-1,2,1,-1,4.323017,4.6053963
2204,1,45,4192,12,45,1,1,45,2,1,45,3.4110432,5.308755
2205,3,45,6616,12,45,1,1,45,2,1,45,4.8245773,4.8770456
2206,1,45,11176,12,45,2,1,-1,3,2,-1,6.3807735,6.862542
2207,44,169,190996,12,169,1,1,-1,2,1,-1,5.456361,5.347687
2208,1,19,2208,12,19,1,1,19,2,1,19,4.5750265,6.2540545
2209,3,76,9448,12,76,1,1,76,2,1,76,5.9237967,6.5115933
2210,1,94,9232,12,94,1,1,94,2,1,94,5.118114,3.1103554
2211,6,94,9952,12,94,1,1,94,2,1,94,5.780138,5.770537
2212,1,138,9232,12,138,2,1,138,3,2,138,7.3525853,3.8556964
2213,3,138,9232,12,138,1,1,138,2,1,138,5.7828736,6.0421042
2214,1,138,9232,12,138,1,1,138,2,1,138,6.705854,5.954688
2215,70,120,345544,12,120,1,1,-1,2,1,-1,5.243099,5.2370577
2216,1,19,2216,12,19,1,1,19,2,1,19,4.303907,7.282921
2217,3,76,95956,12,76,1,1,-1,2,1,-1,3.9150295,3.8461106
2218,1,19,3328,12,19,2,1,19,3,2,19,5.952116,3.9735496
2219,8,94,9988,12,94,1,1,94,2,1,94,7.610749,4.4730983
2220,1,32,2500,12,32,1,1,32,2,1,32,3.7339747,4.793377
2221,3,32,6664,12,32,1,1,32,2,1,32,7.1888337,4.091982
2222,1,32,7504,12,32,1,1,32,2,1,32,3.6707067,5.9878697
2223,13,182,250504,12,182,1,1,-1,2,1,-1,6.190163,5.6764345
2224,1,45,2224,12,45,2,1,45,3,2,45,5.901808,6.8300242
2225,3,138,9232,12,138,1,1,138,2,1,138,6.7689357,4.899172
2226,1,138,9232,12,138,1,1,138,2,1,138,5.7827725,4.5135465
2227,6,138,10024,12,138,1,1,-1,2,1,-1,5.4239774,5.621611
2228,1,45,2228,12,45,1,1,45,2,1,45,6.150899,6.8962526
2229,3,45,6688,12,45,1,1,45,2,1,45,6.08879,5.2871876
2230,1,94,14308,12,94,2,1,-1,3,2,-1,3.7606785,6.617357
2231,8,94,15064,12,94,1,1,-1,2,1,-1,7.2356668,5.313826
2232,1,45,2232,12,45,1,1,45,2,1,45,5.207302,7.0428762
2233,3,138,9232,12,138,1,1,138,2,1,138,6.606149,5.1256323
2234,1,45,3352,12,45,1,1,45,2,1,45,6.5415306,4.1828756
2235,11,45,11320,12,45,1,1,-1,2,1,-1,4.966084,5.792299
2236,1,89,8080,12,89,2,1,89,3,2,89,5.617042,4.968816
2237,3,89,8080,12,89,1,1,89,2,1,89,3.5200512,4.6642323
2238,1,89,17008,12,89,1,1,-1,2,1,-1,3.838364,4.574247
2239,19,138,51028,12,138,1,1,-1,2,1,-1,3.2964308,6.190374
2240,1,19,2240,12,19,1,1,19,2,1,19,5.7710505,3.766792
2241,3,45,6724,12,45,1,1,45,2,1,45,6.013243,4.423247
2242,1,45,4264,12,45,2,1,45,3,2,45,5.314708,5.7661834
2243,6,45,10096,12,45,1,1,-1,2,1,-1,7.0014396,5.2607017
2244,1,45,2244,12,45,1,1,45,2,1,45,4.980972,3.5887494
2245,3,45,6736,12,45,1,1,45,2,1,45,4.32221,4.467006
2246,1,45,5056,12,45,1,1,45,2,1,45,5.448192,4.8735714
2247,13,76,15172,12,76,1,1,-1,2,1,-1,6.673951,3.6697807
2248,1,45,2248,12,45,2,1,45,3,2,45,6.3762846,5.9574656
2249,3,45,11392,12,45,1,1,-1,2,1,-1,6.689904,4.2874207
2250,1,45,3376,12,45,1,1,45,2,1,45,5.102706,6.5809474
2251,8,37,10132,12,37,1,1,-1,2,1,-1,6.346871,6.9281693
2252,1,45,2536,12,45,1,1,45,2,1,45,3.592507,3.4912107
2253,3,45,6760,12,45,1,1,45,2,1,45,3.613268,5.538255
2254,1,138,21688,12,138,2,1,-1,3,2,-1,6.001944,2.9272199
2255,32,138,22840,12,138,1,1,-1,2,1,-1,7.2970324,4.247417
2256,1,19,2256,12,19,1,1,19,2,1,19,4.0802956,4.9519734
2257,3,37,6772,12,37,1,1,37,2,1,37,6.3815,4.714255
2258,1,37,8584,12,37,1,1,37,2,1,37,5.185699,5.5259604
2259,6,37,10168,12,37,1,1,-1,2,1,-1,5.862571,6.1794505
2260,1,19,2260,12,19,2,1,19,3,2,19,6.854654,4.146536
2261,3,19,6784,12,19,1,1,19,2,1,19,3.8834088,3.7799053
2262,1,37,5092,12,37,1,1,37,2,1,37,6.5839047,3.6479135
2263,8,37,15280,12,37,1,1,-1,2,1,-1,3.7953377,6.480354
2264,1,63,9232,12,63,1,1,63,2,1,63,7.105974,5.671453
2265,3,63,9232,12,63,1,1,63,2,1,63,5.241891,4.0422907
2266,1,63,9232,12,63,2,1,63,3,2,63,7.1275024,4.6952024
2267,13,89,39364,12,89,1,1,-1,2,1,-1,4.2034774,6.187735
2268,1,63,9232,12,63,1,1,63,2,1,63,6.024374,5.937309
2269,3,63,9232,12,63,1,1,63,2,1,63,6.2113223,5.883654
2270,1,63,14560,12,63,1,1,-1,2,1,-1,6.32572,5.1842923
2271,21,63,34504,12,63,1,1,-1,2,1,-1,4.606454,5.715741
2272,1,107,9232,12,107,2,1,107,3,2,107,3.7633557,3.47499
2273,3,138,65608,12,138,1,1,-1,2,1,-1,6.9437847,4.4927382
2274,1,19,3412,12,19,1,1,19,2,1,19,6.408424,4.3702297
2275,6,19,10240,12,19,1,1,-1,2,1,-1,4.758233,3.9707363
2276,1,58,2752,12,58,1,1,58,2,1,58,4.6588764,3.5153508
2277,3,58,6832,12,58,1,1,58,2,1,58,6.5862303,3.3968582
2278,1,58,5128,12,58,2,1,58,3,2,58,6.320085,7.251356
2279,24,151,25972,12,151,1,1,-1,2,1,-1,3.6191263,5.050834
2280,1,107,9232,12,107,1,1,107,2,1,107,5.1244025,3.0518484
2281,3,151,17332,12,151,1,1,-1,2,1,-1,5.2355766,3.492179
2282,1,107,9232,12,107,1,1,107,2,1,107,4.70914,3.4833436
2283,8,58,13012,12,58,1,1,-1,2,1,-1,6.206751,6.526157
2284,1,32,2896,12,32,2,1,32,3,2,32,6.677535,3.720566
2285,3,32,6856,12,32,1,1,32,2,1,32,3.0827925,6.0591574
2286,1,32,7720,12,32,1,1,32,2,1,32,5.242693,3.5897648
2287,81,120,250504,12,120,1,1,-1,2,1,-1,6.033258,6.911954
2288,1,107,9232,12,107,1,1,107,2,1,107,4.871517,4.5491304
2289,3,107,9232,12,107,1,1,107,2,1,107,6.771011,3.926546
2290,1,151,9232,12,151,2,1,151,3,2,151,5.803606,5.643575
2291,6,151,10312,12,151,1,1,-1,2,1,-1,4.106495,3.4359498
2292,1,107,9232,12,107,1,1,107,2,1,107,4.4704714,2.852183
2293,3,107,9232,12,107,1,1,107,2,1,107,5.192685,5.6251287
2294,1,58,5812,12,58,1,1,58,2,1,58,6.824276,4.3470373
2295,8,58,15496,12,58,1,1,-1,2,1,-1,5.809226,4.929416
2296,1,45,4372,12,45,2,1,45,3,2,45,6.4319677,5.7579327
2297,3,58,8728,12,58,1,1,58,2,1,58,3.391637,4.892035
2298,1,45,4372,12,45,1,1,45,2,1,45,4.4377027,3.6083903
2299,24,151,44224,12,151,1,1,-1,2,1,-1,5.2993245,2.8468292
2300,1,45,13120,12,45,1,1,-1,2,1,-1,6.8502526,5.5364985
2301,3,45,13120,12,45,1,1,-1,2,1,-1,5.952446,5.009902
2302,1,58,39364,12,58,2,1,-1,3,2,-1,4.118288,4.876297
2303,24,58,118096,12,58,1,1,-1,2,1,-1,4.757831,2.978494
2304,1,27,2304,12,27,1,1,27,2,1,27,5.4466205,7.4454274
2305,3,107,9232,12,107,1,1,107,2,1,107,6.9295053,3.665126
2306,1,151,9232,12,151,1,1,151,2,1,151,5.0147734,6.756877
2307,6,151,10384,12,151,1,1,-1,2,1,-1,3.776712,5.1281147
2308,1,32,2308,12,32,2,1,32,3,2,32,5.441241,5.9963
2309,3,32,6928,12,32,1,1,32,2,1,32,4.681294,4.450296
2310,1,32,5200,12,32,1,1,32,2,1,32,5.1807814,2.8768106
2311,11,151,15604,12,151,1,1,-1,2,1,-1,6.706587,4.8078694
2312,1,32,2312,12,32,1,1,32,2,1,32,4.309345,3.9337642
2313,3,107,11716,12,107,1,1,-1,2,1,-1,6.159945,4.2658563
2314,1,32,3472,12,32,2,1,32,3,2,32,6.734511,5.22116
2315,8,107,10420,12,107,1,1,-1,2,1,-1,5.8293085,5.0252705
2316,1,32,2608,12,32,1,1,32,2,1,32,4.118616,6.0225887
2317,3,32,6952,12,32,1,1,32,2,1,32,5.3267994,3.3922842
2318,1,58,7828,12,58,1,1,58,2,1,58,7.105331,6.858803
2319,11,58,23488,12,58,1,1,-1,2,1,-1,4.736211,5.2215395
2320,1,120,9232,12,120,2,1,120,3,2,120,4.1291637,4.2408147
2321,3,32,6964,12,32,1,1,32,2,1,32,4.304731,4.6252437
2322,1,182,190996,12,182,1,1,-1,2,1,-1,5.70804,5.638989
2323,6,182,190996,12,182,1,1,-1,2,1,-1,3.3438728,5.1183515
2324,1,120,9232,12,120,1,1,120,2,1,120,6.328495,4.7189045
2325,3,120,9232,12,120,1,1,120,2,1,120,4.720356,3.3169115
2326,1,151,9232,12,151,2,1,151,3,2,151,7.3856134,4.2107553
2327,8,151,15712,12,151,1,1,-1,2,1,-1,3.3882139,4.0999885
2328,1,120,9232,12,120,1,1,120,2,1,120,5.6180973,6.5151696
2329,3,151,9232,12,151,1,1,151,2,1,151,6.2174354,3.5941615
2330,1,120,9232,12,120,1,1,120,2,1,120,5.485592,7.554238
2331,21,107,59776,12,107,1,1,-1,2,1,-1,5.3674707,4.812961
2332,1,32,3940,12,32,2,1,32,3,2,32,2.9412699,5.3432074
2333,3,32,7000,12,32,1,1,32,2,1,32,6.3677254,5.2431626
2334,1,32,11824,12,32,1,1,-1,2,1,-1,3.93965,6.1209474
2335,16,89,95956,12,89,1,1,-1,2,1,-1,4.1797514,4.209109
2336,1,120,9232,12,120,1,1,120,2,1,120,6.6230884,3.269097
2337,3,58,7012,12,58,1,1,58,2,1,58,6.034824,3.0461702
2338,1,58,3508,12,58,2,1,58,3,2,58,6.2883787,3.4819489
2339,6,58,10528,12,58,1,1,-1,2,1,-1,7.03007,4.0837226
2340,1,58,2968,12,58,1,1,58,2,1,58,4.1396894,6.1706266
2341,3,58,7024,12,58,1,1,58,2,1,58,3.5854533,6.683483
2342,1,58,5272,12,58,1,1,58,2,1,58,3.2937758,6.152479
2343,13,151,17800,12,151,1,1,-1,2,1,-1,4.2773376,5.089357
2344,1,120,9232,12,120,2,1,120,3,2,120,5.42064,4.1965957
2345,3,151,26728,12,151,1,1,-1,2,1,-1,6.9576287,4.039005
2346,1,120,9232,12,120,1,1,120,2,1,120,5.3750606,3.3212144
2347,8,107,14308,12,107,1,1,-1,2,1,-1,4.3107257,6.195888
2348,1,120,9232,12,120,1,1,120,2,1,120,5.724295,4.2770944
2349,3,120,9232,12,120,1,1,120,2,1,120,3.4850006,3.7835202
2350,1,120,9232,12,120,2,1,120,3,2,120,5.7373304,6.54927
2351,19,58,23812,12,58,1,1,-1,2,1,-1,3.1550906,5.6173816
2352,1,120,9232,12,120,1,1,120,2,1,120,5.7082586,6.4321713
2353,3,32,7060,12,32,1,1,32,2,1,32,6.385526,5.4662747
2354,1,32,3976,12,32,1,1,32,2,1,32,6.86862,6.283812
2355,6,32,10600,12,32,1,1,-1,2,1,-1,5.784818,6.0843434
2356,1,120,9232,12,120,2,1,120,3,2,120,5.076109,5.096579
2357,3,120,9232,12,120,1,1,120,2,1,120,3.9929354,4.816822
2358,1,58,13444,12,58,1,1,-1,2,1,-1,6.5670686,6.8138604
2359,8,58,15928,12,58,1,1,-1,2,1,-1,7.6224003,5.3727555
2360,1,58,2360,12,58,1,1,58,2,1,58,4.5054293,4.477346
2361,3,58,10096,12,58,1,1,-1,2,1,-1,5.11944,3.4969172
2362,1,58,3544,12,58,2,1,58,3,2,58,3.2960868,5.5948915
2363,11,58,11968,12,58,1,1,-1,2,1,-1,3.910984,4.628289
2364,1,58,5992,12,58,1,1,58,2,1,58,6.0881677,6.347906
2365,3,58,7096,12,58,1,1,58,2,1,58,4.7980547,5.694457
2366,1,89,45520,12,89,1,1,-1,2,1,-1,5.0874095,3.7984004
2367,26,89,53944,12,89,1,1,-1,2,1,-1,6.074738,5.716582
2368,1,27,2368,12,27,2,1,27,3,2,27,4.361304,3.3503656
2369,3,120,9232,12,120,1,1,120,2,1,120,5.6381083,6.874867
2370,1,151,21688,12,151,1,1,-1,2,1,-1,6.2868876,5.2934074
2371,6,151,21688,12,151,1,1,-1,2,1,-1,6.117439,5.7526875
2372,1,76,9232,12,76,1,1,76,2,1,76,5.4722786,6.9684105
2373,3,76,9232,12,76,1,1,76,2,1,76,5.56641,5.0904994
2374,1,76,9232,12,76,2,1,76,3,2,76,6.122654,6.8015723
2375,44,164,250504,12,164,1,1,-1,2,1,-1,5.7271495,7.4519057
2376,1,76,9232,12,76,1,1,76,2,1,76,4.5070014,6.4510627
2377,3,50,12040,12,50,1,1,-1,2,1,-1,5.2886662,5.422696
2378,1,76,9232,12,76,1,1,76,2,1,76,6.0812907,6.4514923
2379,8,76,10708,12,76,1,1,-1,2,1,-1,6.70029,6.5734196
2380,1,76,9232,12,76,2,1,76,3,2,76,5.8039284,5.93556
2381,3,76,9232,12,76,1,1,76,2,1,76,5.643715,2.6559782
2382,1,50,15280,12,50,1,1,-1,2,1,-1,6.2119746,3.843325
2383,13,50,24136,12,50,1,1,-1,2,1,-1,4.499515,5.2483582
2384,1,27,2384,12,27,1,1,27,2,1,27,3.2937696,3.9480834
2385,3,102,39364,12,102,1,1,-1,2,1,-1,4.448774,4.550867
2386,1,102,39364,12,102,2,1,-1,3,2,-1,7.5189037,4.7853365
2387,6,102,39364,12,102,1,1,-1,2,1,-1,3.6806016,3.917198
2388,1,27,2388,12,27,1,1,27,2,1,27,6.1272416,6.3977375
2389,3,27,7168,12,27,1,1,27,2,1,27,6.1996183,5.8195286
2390,1,120,9232,12,120,1,1,120,2,1,120,4.1908345,7.013739
2391,8,120,16144,12,120,1,1,-1,2,1,-1,5.272022,4.590597
2392,1,120,9232,12,120,2,1,120,3,2,120,4.7075367,4.119652
2393,3,71,8080,12,71,1,1,71,2,1,71,4.189557,4.6686587
2394,1,120,9232,12,120,1,1,120,2,1,120,6.860377,6.818219
2395,16,32,18196,12,32,1,1,-1,2,1,-1,4.6760783,4.748953
2396,1,120,9232,12,120,1,1,120,2,1,120,5.8816624,4.6359386
2397,3,120,9232,12,120,1,1,120,2,1,120,5.300667,4.9737325
2398,1,71,12148,12,71,2,1,-1,3,2,-1,3.4031208,4.791262
2399,13,71,36448,12,71,1,1,-1,2,1,-1,4.8089075,4.2028484
2400,1,19,2400,12,19,1,1,19,2,1,19,5.343607,3.2374656
2401,3,164,17332,12,164,1,1,-1,2,1,-1,3.8743052,5.250282
2402,1,58,4372,12,58,1,1,58,2,1,58,5.2575307,6.359078
2403,6,58,10816,12,58,1,1,-1,2,1,-1,6.467782,6.1568484
2404,1,58,4372,12,58,2,1,58,3,2,58,4.0819407,6.34272
2405,3,58,7216,12,58,1,1,58,2,1,58,5.945823,3.7039506
2406,1,58,5416,12,58,1,1,58,2,1,58,6.301134,5.675356
2407,26,71,61720,12,71,1,1,-1,2,1,-1,6.588777,4.5582366
2408,1,19,2408,12,19,1,1,19,2,1,19,4.992298,5.0325933
2409,3,120,18304,12,120,1,1,-1,2,1,-1,3.6715097,6.8316216
2410,1,19,3616,12,19,2,1,19,3,2,19,4.7092657,5.1954947
2411,8,164,10852,12,164,1,1,-1,2,1,-1,6.5320625,6.862219
2412,1,71,5812,12,71,1,1,71,2,1,71,4.880499,6.4301667
2413,3,71,7240,12,71,1,1,71,2,1,71,3.3849423,3.9986434
2414,1,71,8152,12,71,1,1,71,2,1,71,6.6502714,6.8882194
2415,16,120,27520,12,120,1,1,-1,2,1,-1,6.1391525,4.692666
2416,1,19,2416,12,19,2,1,19,3,2,19,6.5606837,4.928391
2417,3,19,7252,12,19,1,1,19,2,1,19,4.1321816,6.1587057
2418,1,58,13120,12,58,1,1,-1,2,1,-1,7.0363054,5.3874054
2419,6,58,13120,12,58,1,1,-1,2,1,-1,4.854068,4.0633965
2420,1,19,2420,12,19,1,1,19,2,1,19,6.221501,5.6432943
2421,3,19,7264,12,19,1,1,19,2,1,19,6.842039,4.8379006
2422,1,71,39364,12,71,2,1,-1,3,2,-1,3.3586187,5.7066817
2423,8,71,39364,12,71,1,1,-1,2,1,-1,5.5713944,7.459853
2424,1,45,3076,12,45,1,1,45,2,1,45,3.7017827,6.0139365
2425,3,164,1276936,12,164,1,1,-1,2,1,-1,4.9804497,6.5373273
2426,1,45,3640,12,45,1,1,45,2,1,45,4.772049,3.9567418
2427,13,120,12292,12,120,1,1,-1,2,1,-1,6.1519895,7.330155
2428,1,45,9232,12,45,2,1,45,3,2,45,4.795201,5.552398
2429,3,45,9232,12,45,1,1,45,2,1,45,5.4194098,5.7638955
2430,1,164,27700,12,164,1,1,-1,2,1,-1,7.2658143,3.5641835
2431,21,164,83104,12,164,1,1,-1,2,1,-1,4.8402953,5.2262044
2432,1,27,2432,12,27,1,1,27,2,1,27,5.2509127,7.598949
2433,3,45,7300,12,45,1,1,45,2,1,45,5.0389123,4.915935
2434,1,133,9232,12,133,2,1,133,3,2,133,5.6360264,3.4960022
2435,6,133,10960,12,133,1,1,-1,2,1,-1,4.4721813,3.9040132
2436,1,133,9232,12,133,1,1,133,2,1,133,7.4915257,6.1820374
2437,3,133,9232,12,133,1,1,133,2,1,133,3.9227164,4.349398
2438,1,133,9232,12,133,1,1,133,2,1,133,4.9074545,6.8081665
2439,11,133,16468,12,133,1,1,-1,2,1,-1,3.4911182,4.406812
2440,1,40,2440,12,40,2,1,40,3,2,40,4.1323905,6.7159276
2441,3,71,13912,12,71,1,1,-1,2,1,-1,5.772318,5.853174
2442,1,40,3664,12,40,1,1,40,2,1,40,7.0289207,6.4251614
2443,8,45,10996,12,45,1,1,-1,2,1,-1,5.647351,7.3332386
2444,1,40,2752,12,40,1,1,40,2,1,40,6.9608984,3.7350152
2445,3,40,7336,12,40,1,1,40,2,1,40,6.11663,4.600362
2446,1,133,9232,12,133,2,1,133,3,2,133,6.4452534,3.1633048
2447,11,133,24784,12,133,1,1,-1,2,1,-1,5.3692527,6.1716747
2448,1,40,2448,12,40,1,1,40,2,1,40,5.4003534,4.625171
2449,3,133,9232,12,133,1,1,133,2,1,133,5.585704,6.1799073
2450,1,133,9232,12,133,1,1,133,2,1,133,7.077166,5.1798825
2451,6,133,11032,12,133,1,1,-1,2,1,-1,5.036703,2.8024893
2452,1,40,2452,12,40,2,1,40,3,2,40,6.185363,4.7423673
2453,3,40,7360,12,40,1,1,40,2,1,40,6.449043,6.6626525
2454,1,133,9232,12,133,1,1,133,2,1,133,4.456046,4.4071684
2455,8,133,16576,12,133,1,1,-1,2,1,-1,7.167051,4.7230797
2456,1,40,2456,12,40,1,1,40,2,1,40,6.548608,3.5728772
2457,3,133,9232,12,133,1,1,133,2,1,133,3.0862916,5.0428176
2458,1,40,3688,12,40,2,1,40,3,2,40,5.025555,4.239591
2459,29,102,95956,12,102,1,1,-1,2,1,-1,4.0437636,5.6056647
2460,1,71,10528,12,71,1,1,-1,2,1,-1,7.8177824,4.631719
2461,3,71,10528,12,71,1,1,-1,2,1,-1,7.659388,4.8052707
2462,1,71,12472,12,71,1,1,-1,2,1,-1,5.6665516,3.5735657
2463,34,208,250504,12,208,1,1,-1,2,1,-1,7.3029366,6.025988
2464,1,27,2464,12,27,2,1,27,3,2,27,5.764165,5.417628
2465,3,71,7396,12,71,1,1,71,2,1,71,4.5231776,7.0102606
2466,1,133,9232,12,133,1,1,133,2,1,133,4.2113266,5.1827474
2467,6,133,11104,12,133,1,1,-1,2,1,-1,6.0511127,4.0397367
2468,1,133,9232,12,133,1,1,133,2,1,133,4.732449,3.2777662
2469,3,133,9232,12,133,1,1,133,2,1,133,5.7649703,4.214576
2470,1,133,9232,12,133,2,1,133,3,2,133,6.427795,4.6296506
2471,16,133,18772,12,133,1,1,-1,2,1,-1,4.723447,2.9074733
2472,1,27,2472,12,27,1,1,27,2,1,27,4.447018,5.924586
2473,3,120,42280,12,120,1,1,-1,2,1,-1,4.5810995,3.1535335
2474,1,27,3712,12,27,1,1,27,2,1,27,6.552616,6.0044026
2475,8,71,23812,12,71,1,1,-1,2,1,-1,3.639128,3.4366064
2476,1,133,9232,12,133,2,1,133,3,2,133,4.8649426,3.7145684
2477,3,133,9232,12,133,1,1,133,2,1,133,5.811471,5.4778886
2478,1,133,9232,12,133,1,1,133,2,1,133,3.8452632,4.266534
2479,13,45,25108,12,45,1,1,-1,2,1,-1,4.898805,3.2329648
2480,1,89,9232,12,89,1,1,89,2,1,89,5.739274,5.7928185
2481,3,40,7444,12,40,1,1,40,2,1,40,4.322637,5.3014565
2482,1,40,4192,12,40,2,1,40,3,2,40,6.8826776,3.896399
2483,6,40,11176,12,40,1,1,-1,2,1,-1,5.5040817,4.1594157
2484,1,89,9232,12,89,1,1,89,2,1,89,5.5419974,3.7257986
2485,3,89,9232,12,89,1,1,89,2,1,89,5.850178,5.293698
2486,1,71,9448,12,71,1,1,71,2,1,71,7.5285425,4.115342
2487,8,71,16792,12,71,1,1,-1,2,1,-1,6.079759,7.032878
2488,1,89,9232,12,89,2,1,89,3,2,89,3.768608,3.3350425
2489,3,40,8404,12,40,1,1,40,2,1,40,5.9151387,2.8074012
2490,1,89,9232,12,89,1,1,89,2,1,89,4.7377486,5.38918
2491,11,102,45520,12,102,1,1,-1,2,1,-1,5.272017,3.567074
2492,1,133,9232,12,133,1,1,133,2,1,133,5.4710584,3.9255407
2493,3,133,9232,12,133,1,1,133,2,1,133,4.255084,6.303097
2494,1,133,18952,12,133,2,1,-1,3,2,-1,3.962429,6.2019243
2495,26,71,95956,12,71,1,1,-1,2,1,-1,3.9258816,3.5793588
2496,1,40,2496,12,40,1,1,40,2,1,40,3.9354243,6.643591
2497,3,89,9232,12,89,1,1,89,2,1,89,5.6446786,6.1509027
2498,1,177,250504,12,177,1,1,-1,2,1,-1,5.696122,3.9195027
2499,6,177,250504,12,177,1,1,-1,2,1,-1,5.908555,3.2438836
2500,1,27,2500,12,27,2,1,27,3,2,27,5.15972,5.695454
2501,3,27,7504,12,27,1,1,27,2,1,27,7.6493936,5.4903126
2502,1,27,5632,12,27,1,1,27,2,1,27,5.0025163,4.7139416
2503,13,63,16900,12,63,1,1,-1,2,1,-1,6.618529,5.7372828
2504,1,133,9232,12,133,1,1,133,2,1,133,5.3646526,5.294125
2505,3,89,12688,12,89,1,1,-1,2,1,-1,4.3703775,5.051221
2506,1,133,9232,12,133,2,1,133,3,2,133,4.325923,3.4613802
2507,8,40,11284,12,40,1,1,-1,2,1,-1,6.316273,5.4818616
2508,1,133,9232,12,133,1,1,133,2,1,133,4.5295343,5.8826623
2509,3,133,9232,12,133,1,1,133,2,1,133,6.587155,3.8595154
2510,1,89,14308,12,89,1,1,-1,2,1,-1,7.333154,6.881257
2511,32,89,25432,12,89,1,1,-1,2,1,-1,5.3379483,5.77905
2512,1,40,2512,12,40,2,1,40,3,2,40,4.5643663,4.067837
2513,3,133,9232,12,133,1,1,133,2,1,133,4.2398376,3.5421681
2514,1,40,9556,12,40,1,1,40,2,1,40,4.1482005,6.967742
2515,6,40,11320,12,40,1,1,-1,2,1,-1,4.3830986,3.7648408
2516,1,40,2516,12,40,1,1,40,2,1,40,6.065711,4.36981
2517,3,40,7552,12,40,1,1,40,2,1,40,6.568228,3.8128524
2518,1,84,8080,12,84,2,1,84,3,2,84,3.7462108,6.152143
2519,8,84,17008,12,84,1,1,-1,2,1,-1,4.3116107,6.1938457
2520,1,40,2520,12,40,1,1,40,2,1,40,6.6609826,3.1601756
2521,3,40,8512,12,40,1,1,40,2,1,40,4.9156747,6.6392217
2522,1,40,3784,12,40,1,1,40,2,1,40,6.0787444,3.8395386
2523,13,133,19168,12,133,1,1,-1,2,1,-1,5.3594556,3.3453543
2524,1,40,4264,12,40,2,1,40,3,2,40,3.6025243,4.3723073
2525,3,40,7576,12,40,1,1,40,2,1,40,5.6822352,5.766387
2526,1,177,138400,12,177,1,1,-1,2,1,-1,5.5681887,5.962554
2527,42,177,138400,12,177,1,1,-1,2,1,-1,6.632111,4.2975864
2528,1,40,2528,12,40,1,1,40,2,1,40,4.9939246,5.1294155
2529,3,71,14416,12,71,1,1,-1,2,1,-1,4.041155,6.7318807
2530,1,40,3796,12,40,2,1,40,3,2,40,5.457291,6.152266
2531,6,40,11392,12,40,1,1,-1,2,1,-1,4.847688,3.3075595
2532,1,32,3616,12,32,1,1,32,2,1,32,6.268313,5.678139
2533,3,32,7600,12,32,1,1,32,2,1,32,5.320453,4.585922
2534,1,32,5704,12,32,1,1,32,2,1,32,4.190325,5.4098015
2535,39,84,61720,12,84,1,1,-1,2,1,-1,4.8968453,7.009843
2536,1,40,2536,12,40,2,1,40,3,2,40,6.576553,7.1802206
2537,3,133,21688,12,133,1,1,-1,2,1,-1,4.6930323,5.0363092
2538,1,40,3808,12,40,1,1,40,2,1,40,3.4684734,5.187035
2539,8,177,32560,12,177,1,1,-1,2,1,-1,3.2540965,5.465858
2540,1,32,3220,12,32,1,1,32,2,1,32,7.0666246,4.206329
2541,3,32,7624,12,32,1,1,32,2,1,32,5.499888,3.7244682
2542,1,32,8584,12,32,2,1,32,3,2,32,4.732918,5.1177073
2543,44,177,48904,12,177,1,1,-1,2,1,-1,5.2433453,6.94923
2544,1,58,9232,12,58,1,1,58,2,1,58,3.0959969,5.4933667
2545,3,40,7636,12,40,1,1,40,2,1,40,7.75095,5.7447815
2546,1,32,4840,12,32,1,1,32,2,1,32,5.9264135,2.961447
2547,6,32,11464,12,32,1,1,-1,2,1,-1,6.0241427,3.0250978
2548,1,58,9232,12,58,2,1,58,3,2,58,4.6362147,4.9726176
2549,3,58,9232,12,58,1,1,58,2,1,58,4.5150266,5.8572993
2550,1,84,39364,12,84,1,1,-1,2,1,-1,6.224604,6.2038684
2551,8,84,39364,12,84,1,1,-1,2,1,-1,5.0516663,3.9834402
2552,1,58,9232,12,58,1,1,58,2,1,58,3.6663485,5.7477403
2553,3,177,1276936,12,177,1,1,-1,2,1,-1,5.453109,5.3809967
2554,1,58,9232,12,58,2,1,58,3,2,58,4.212899,4.58447
2555,16,58,14560,12,58,1,1,-1,2,1,-1,4.6361756,4.439089
2556,1,133,41524,12,133,1,1,-1,2,1,-1,6.791532,4.9781785
2557,3,133,41524,12,133,1,1,-1,2,1,-1,5.6007385,5.7282634
2558,1,133,65608,12,133,1,1,-1,2,1,-1,4.5795937,4.7520614
2559,65,115,897856,12,115,1,1,-1,2,1,-1,5.8996463,6.481369
2560,1,14,2560,12,14,2,1,14,3,2,14,6.900554,4.101528
2561,3,146,9232,12,146,1,1,146,2,1,146,6.5669475,4.4766116
2562,1,53,3844,12,53,1,1,53,2,1,53,5.5516877,5.8456445
2563,6,53,11536,12,53,1,1,-1,2,1,-1,3.989488,6.499258
2564,1,53,2752,12,53,1,1,53,2,1,53,4.851481,5.286188
2565,3,53,7696,12,53,1,1,53,2,1,53,4.817317,4.490441
2566,1,53,5776,12,53,2,1,53,3,2,53,6.097885,6.5523996
2567,11,146,17332,12,146,1,1,-1,2,1,-1,6.188851,4.0152493
2568,1,27,2568,12,27,1,1,27,2,1,27,3.650239,6.5454187
2569,3,53,13012,12,53,1,1,-1,2,1,-1,5.208887,3.9913409
2570,1,27,3856,12,27,1,1,27,2,1,27,3.1684816,4.594315
2571,8,53,11572,12,53,1,1,-1,2,1,-1,6.035127,6.177109
2572,1,27,2896,12,27,2,1,27,3,2,27,6.377852,4.5894623
2573,3,27,7720,12,27,1,1,27,2,1,27,3.690372,4.79624
2574,1,146,9232,12,146,1,1,146,2,1,146,3.4702766,6.517236
2575,11,146,26080,12,146,1,1,-1,2,1,-1,5.2027626,2.8714955
2576,1,102,9232,12,102,1,1,102,2,1,102,3.225325,4.2191033
2577,3,27,7732,12,27,1,1,27,2,1,27,5.5780144,3.8754113
2578,1,146,9232,12,146,2,1,146,3,2,146,6.8332562,5.2182765
2579,6,146,11608,12,146,1,1,-1,2,1,-1,5.4416637,4.5785785
2580,1,102,9232,12,102,1,1,102,2,1,102,4.270816,3.76817
2581,3,102,9232,12,102,1,1,102,2,1,102,5.72003,5.7158914
2582,1,53,5812,12,53,1,1,53,2,1,53,4.8249693,6.9318447
2583,8,53,17440,12,53,1,1,-1,2,1,-1,2.905359,5.4630346
2584,1,102,9232,12,102,2,1,102,3,2,102,5.8948145,7.158217
2585,3,53,8728,12,53,1,1,53,2,1,53,4.4619136,3.9435709
2586,1,102,9232,12,102,1,1,102,2,1,102,6.712173,4.5762067
2587,19,146,44224,12,146,1,1,-1,2,1,-1,6.197316,5.272579
2588,1,40,4372,12,40,1,1,40,2,1,40,3.870213,4.179551
2589,3,40,7768,12,40,1,1,40,2,1,40,6.5019703,5.5464816
2590,1,40,13120,12,40,2,1,-1,3,2,-1,6.586415,3.5949044
2591,19,53,39364,12,53,1,1,-1,2,1,-1,7.0826044,6.472554
2592,1,27,2592,12,27,1,1,27,2,1,27,4.017948,5.467331
2593,3,40,7780,12,40,1,1,40,2,1,40,6.411474,4.4829016
2594,1,102,9232,12,102,1,1,102,2,1,102,3.8618035,6.394762
2595,6,102,11680,12,102,1,1,-1,2,1,-1,7.0195236,4.257802
2596,1,146,9232,12,146,2,1,146,3,2,146,4.765316,6.187279
2597,3,146,9232,12,146,1,1,146,2,1,146,5.501279,5.0729427
2598,1,146,9232,12,146,1,1,146,2,1,146,6.274611,4.6007094
2599,13,146,19744,12,146,1,1,-1,2,1,-1,6.798222,3.655747
2600,1,27,2600,12,27,1,1,27,2,1,27,5.5086083,4.159179
2601,3,177,33352,12,177,1,1,-1,2,1,-1,6.3420243,5.544251
2602,1,27,3904,12,27,2,1,27,3,2,27,7.3182054,3.8546875
2603,8,102,11716,12,102,1,1,-1,2,1,-1,5.324319,3.921458
2604,1,102,9232,12,102,1,1,102,2,1,102,5.0448227,6.8678412
2605,3,102,9232,12,102,1,1,102,2,1,102,3.5376825,6.0431046
2606,1,102,9232,12,102,1,1,102,2,1,102,3.5319195,6.5244274
2607,21,84,33424,12,84,1,1,-1,2,1,-1,5.8991113,5.3853087
2608,1,27,2608,12,27,2,1,27,3,2,27,5.074968,6.9128375
2609,3,53,7828,12,53,1,1,53,2,1,53,4.896421,4.689951
2610,1,53,4408,12,53,1,1,53,2,1,53,5.669962,4.6173205
2611,6,53,11752,12,53,1,1,-1,2,1,-1,5.2474318,2.664101
2612,1,27,2612,12,27,1,1,27,2,1,27,5.106089,4.53524
2613,3,27,7840,12,27,1,1,27,2,1,27,5.6994395,5.7767105
2614,1,177,190996,12,177,2,1,-1,3,2,-1,6.4413524,5.462883
2615,8,177,190996,12,177,1,1,-1,2,1,-1,7.426846,6.170226
2616,1,146,9232,12,146,1,1,146,2,1,146,3.885631,6.096068
2617,3,84,9448,12,84,1,1,84,2,1,84,4.8435135,5.0377016
2618,1,146,9232,12,146,1,1,146,2,1,146,6.610474,6.5960336
2619,11,102,13264,12,102,1,1,-1,2,1,-1,5.0166206,3.9303913
2620,1,146,9232,12,146,2,1,146,3,2,146,4.71788,6.455376
2621,3,146,9232,12,146,1,1,146,2,1,146,6.3667,6.106444
2622,1,102,19924,12,102,1,1,-1,2,1,-1,3.2498233,5.060451
2623,16,102,59776,12,102,1,1,-1,2,1,-1,6.4387164,4.879571
2624,1,115,9232,12,115,1,1,115,2,1,115,7.4875445,4.7997894
2625,3,27,7876,12,27,1,1,27,2,1,27,6.4230127,4.639263
2626,1,27,3940,12,27,2,1,27,3,2,27,3.3075101,5.3357663
2627,6,27,11824,12,27,1,1,-1,2,1,-1,6.06782,3.960089
2628,1,53,2628,12,53,1,1,53,2,1,53,4.288032,3.3253663
2629,3,53,7888,12,53,1,1,53,2,1,53,3.8247423,5.508969
2630,1,53,5920,12,53,1,1,53,2,1,53,5.2037816,4.7349916
2631,16,190,250504,12,190,1,1,-1,2,1,-1,5.3586884,4.244271
2632,1,53,2632,12,53,2,1,53,3,2,53,5.444227,6.5037107
2633,3,40,13336,12,40,1,1,-1,2,1,-1,5.374253,6.1739726
2634,1,53,3952,12,53,1,1,53,2,1,53,5.308958,7.2458587
2635,8,53,11860,12,53,1,1,-1,2,1,-1,5.5678687,4.8793826
2636,1,53,2968,12,53,1,1,53,2,1,53,6.1087484,6.8823767
2637,3,53,7912,12,53,1,1,53,2,1,53,6.60901,4.8322787
2638,1,146,10024,12,146,2,1,-1,3,2,-1,3.6983874,5.6027284
2639,13,146,26728,12,146,1,1,-1,2,1,-1,7.7566195,4.443821
2640,1,115,9232,12,115,1,1,115,2,1,115,4.1920047,5.0807533
2641,3,102,14308,12,102,1,1,-1,2,1,-1,6.962055,6.6785746
2642,1,102,15064,12,102,1,1,-1,2,1,-1,3.1820343,5.9303565
2643,6,102,15064,12,102,1,1,-1,2,1,-1,5.4826527,6.493003
2644,1,115,9232,12,115,2,1,115,3,2,115,4.7305813,3.3571837
2645,3,115,9232,12,115,1,1,115,2,1,115,4.448364,2.8306386
2646,1,53,5956,12,53,1,1,53,2,1,53,6.9189296,5.550674
2647,8,53,17872,12,53,1,1,-1,2,1,-1,5.448108,6.966101
2648,1,27,2648,12,27,1,1,27,2,1,27,5.286542,6.4219785
2649,3,97,8944,12,97,1,1,97,2,1,97,5.567646,5.869606
2650,1,27,3976,12,27,2,1,27,3,2,27,6.1833673,7.17902
2651,29,146,22660,12,146,1,1,-1,2,1,-1,6.3576035,5.62501
2652,1,27,4480,12,27,1,1,27,2,1,27,5.306963,6.390537
2653,3,27,7960,12,27,1,1,27,2,1,27,5.30538,4.8473325
2654,1,53,13444,12,53,1,1,-1,2,1,-1,6.02117,6.614167
2655,13,53,40336,12,53,1,1,-1,2,1,-1,4.9484696,7.536891
2656,1,115,9232,12,115,2,1,115,3,2,115,3.4991202,6.3593435
2657,3,53,10096,12,53,1,1,-1,2,1,-1,5.5672984,5.336586
2658,1,53,3988,12,53,1,1,53,2,1,53,4.0028377,4.8023853
2659,6,53,11968,12,53,1,1,-1,2,1,-1,4.8711843,5.1672463
2660,1,53,2660,12,53,1,1,53,2,1,53,6.3878303,6.3059793
2661,3,53,7984,12,53,1,1,53,2,1,53,3.847281,6.2990108
2662,1,53,5992,12,53,2,1,53,3,2,53,4.656932,5.3495507
2663,21,84,45520,12,84,1,1,-1,2,1,-1,5.601129,4.508443
2664,1,115,9232,12,115,1,1,115,2,1,115,4.0414767,4.230956
2665,3,53,20248,12,53,1,1,-1,2,1,-1,4.081157,4.3067956
2666,1,115,9232,12,115,1,1,115,2,1,115,5.771016,4.7871284
2667,8,45,12004,12,45,1,1,-1,2,1,-1,3.5513995,5.8953485
2668,1,146,21688,12,146,2,1,-1,3,2,-1,4.932349,3.8177664
2669,3,146,21688,12,146,1,1,-1,2,1,-1,6.9750824,3.8954139
2670,1,146,21688,12,146,1,1,-1,2,1,-1,6.2444444,3.6411693
2671,26,45,30436,12,45,1,1,-1,2,1,-1,3.6625826,3.4277337
2672,1,71,9232,12,71,1,1,71,2,1,71,4.590983,6.129974
2673,3,115,9232,12,115,1,1,115,2,1,115,4.7426677,5.31646
2674,1,45,8584,12,45,2,1,45,3,2,45,7.3770633,5.23476
2675,6,45,12040,12,45,1,1,-1,2,1,-1,4.8309097,3.716425
2676,1,71,9232,12,71,1,1,71,2,1,71,4.6006646,7.135923
2677,3,71,9232,12,71,1,1,71,2,1,71,4.8972726,5.259915
2678,1,27,6784,12,27,1,1,27,2,1,27,4.6962285,4.961673
2679,8,27,18088,12,27,1,1,-1,2,1,-1,4.9442677,6.7613196
2680,1,71,9232,12,71,2,1,71,3,2,71,6.0933514,2.6914353
2681,3,45,15280,12,45,1,1,-1,2,1,-1,6.385256,5.293854
2682,1,71,9232,12,71,1,1,71,2,1,71,5.0862947,7.4572644
2683,13,71,13588,12,71,1,1,-1,2,1,-1,4.8509626,7.3678956
2684,1,97,39364,12,97,1,1,-1,2,1,-1,6.8261514,3.7110133
2685,3,97,39364,12,97,1,1,-1,2,1,-1,4.347897,6.859307
2686,1,97,39364,12,97,2,1,-1,3,2,-1,4.8402996,4.550621
2687,26,97,103336,12,97,1,1,-1,2,1,-1,6.2925467,3.1342573
2688,1,14,2688,12,14,1,1,14,2,1,14,4.435934,6.049285
2689,3,71,14560,12,71,1,1,-1,2,1,-1,2.9095657,5.055253
2690,1,115,9232,12,115,1,1,115,2,1,115,4.4088035,3.384141
2691,6,115,12112,12,115,1,1,-1,2,1,-1,6.089931,6.7516265
2692,1,66,2752,12,66,2,1,66,3,2,66,4.696814,6.2170134
2693,3,66,8080,12,66,1,1,66,2,1,66,6.5766068,4.344956
2694,1,66,6064,12,66,1,1,66,2,1,66,4.9740815,5.446082
2695,11,27,18196,12,27,1,1,-1,2,1,-1,6.2738748,4.2953773
2696,1,115,9232,12,115,1,1,115,2,1,115,4.27472,7.1615205
2697,3,159,23056,12,159,1,1,-1,2,1,-1,6.4643273,3.67641
2698,1,115,9232,12,115,2,1,115,3,2,115,4.8565807,5.4258447
2699,8,66,12148,12,66,1,1,-1,2,1,-1,7.0302267,3.7669704
2700,1,115,9232,12,115,1,1,115,2,1,115,4.5784173,4.737518
2701,3,115,9232,12,115,1,1,115,2,1,115,6.113345,4.657755
2702,1,159,17332,12,159,1,1,-1,2,1,-1,5.0880666,6.9935555
2703,11,159,27376,12,159,1,1,-1,2,1,-1,4.8043303,5.264117
2704,1,53,4372,12,53,2,1,53,3,2,53,3.3216298,5.237041
2705,3,40,8116,12,40,1,1,40,2,1,40,7.6529565,5.3517523
2706,1,40,6856,12,40,1,1,40,2,1,40,4.6649475,3.9392571
2707,6,40,12184,12,40,1,1,-1,2,1,-1,7.569214,4.7389283
2708,1,53,4372,12,53,1,1,53,2,1,53,5.104011,5.7843547
2709,3,53,8128,12,53,1,1,53,2,1,53,4.5085154,5.0908575
2710,1,115,9232,12,115,2,1,115,3,2,115,5.628548,5.518978
2711,8,115,18304,12,115,1,1,-1,2,1,-1,6.467572,6.9950466
2712,1,53,4372,12,53,1,1,53,2,1,53,5.1181808,4.8528576
2713,3,159,9232,12,159,1,1,159,2,1,159,3.6269581,3.9861023
2714,1,53,4372,12,53,1,1,53,2,1,53,4.0269957,3.9417834
2715,52,97,223072,12,97,1,1,-1,2,1,-1,6.0910363,3.731397
2716,1,66,5812,12,66,2,1,66,3,2,66,6.4121046,6.064546
2717,3,66,8152,12,66,1,1,66,2,1,66,5.40714,4.178379
2718,1,66,13768,12,66,1,1,-1,2,1,-1,6.6631374,4.4253488
2719,24,66,69712,12,66,1,1,-1,2,1,-1,5.1390247,6.7003694
2720,1,14,2720,12,14,1,1,14,2,1,14,4.806712,5.609384
2721,3,66,8728,12,66,1,1,66,2,1,66,5.712144,5.2207446
2722,1,53,13120,12,53,2,1,-1,3,2,-1,5.4001803,4.161424
2723,6,53,13120,12,53,1,1,-1,2,1,-1,3.8312182,4.9844966
2724,1,66,39364,12,66,1,1,-1,2,1,-1,4.3009133,5.631017
2725,3,66,39364,12,66,1,1,-1,2,1,-1,3.9931755,2.9812734
2726,1,66,39364,12,66,1,1,-1,2,1,-1,6.860196,4.244838
2727,24,128,95956,12,128,1,1,-1,2,1,-1,7.6087217,5.1692686
2728,1,14,2728,12,14,2,1,14,3,2,14,7.266808,3.9335709
2729,3,159,1276936,12,159,1,1,-1,2,1,-1,6.1951685,5.028526
2730,1,14,4096,12,14,1,1,14,2,1,14,4.9588256,6.5717382
2731,8,115,12292,12,115,1,1,-1,2,1,-1,4.8448324,5.723732
2732,1,40,3076,12,40,1,1,40,2,1,40,5.481099,5.353352
2733,3,40,8200,12,40,1,1,40,2,1,40,6.4320936,4.833919
2734,1,40,9232,12,40,2,1,40,3,2,40,6.809367,4.847887
2735,13,159,27700,12,159,1,1,-1,2,1,-1,7.036311,4.0507946
2736,1,128,9232,12,128,1,1,128,2,1,128,6.138679,5.9478216
2737,3,40,8212,12,40,1,1,40,2,1,40,5.0970197,5.60725
2738,1,40,4624,12,40,1,1,40,2,1,40,7.540961,4.7493367
2739,6,40,12328,12,40,1,1,-1,2,1,-1,5.2584844,5.860181
2740,1,128,9232,12,128,2,1,128,3,2,128,5.9558706,6.0068
2741,3,128,9232,12,128,1,1,128,2,1,128,3.5415251,5.4332952
2742,1,115,10420,12,115,1,1,-1,2,1,-1,5.7877626,5.4159036
2743,8,115,18520,12,115,1,1,-1,2,1,-1,4.8945303,5.534495
2744,1,128,9232,12,128,1,1,128,2,1,128,4.4800897,4.344488
2745,3,40,9268,12,40,1,1,40,2,1,40,6.613495,6.2735977
2746,1,128,9232,12,128,2,1,128,3,2,128,7.630611,4.4791865
2747,11,66,13912,12,66,1,1,-1,2,1,-1,4.3694034,7.0967364
2748,1,40,6964,12,40,1,1,40,2,1,40,5.7596474,3.120492
2749,3,40,8248,12,40,1,1,40,2,1,40,5.179375,3.9968357
2750,1,40,20896,12,40,1,1,-1,2,1,-1,6.0634766,3.5274851
2751,70,172,225988,12,172,1,1,-1,2,1,-1,7.068821,5.726955
2752,1,35,2752,12,35,2,1,35,3,2,35,5.509247,7.0538435
2753,3,128,9232,12,128,1,1,128,2,1,128,5.8593016,3.82222
2754,1,159,9232,12,159,1,1,159,2,1,159,3.2318463,5.7878838
2755,6,159,12400,12,159,1,1,-1,2,1,-1,5.2870326,7.1328263
2756,1,128,9232,12,128,1,1,128,2,1,128,5.8295517,6.092731
2757,3,128,9232,12,128,1,1,128,2,1,128,3.8771887,5.0469413
2758,1,128,9232,12,128,2,1,128,3,2,128,6.4077215,5.4809012
2759,13,159,18628,12,159,1,1,-1,2,1,-1,5.3756447,2.9603076
2760,1,128,9232,12,128,1,1,128,2,1,128,5.3315916,4.926992
2761,3,128,13984,12,128,1,1,-1,2,1,-1,4.1828694,3.205988
2762,1,128,9232,12,128,1,1,128,2,1,128,6.5632324,3.8105702
2763,8,40,12436,12,40,1,1,-1,2,1,-1,6.7124677,5.9088144
2764,1,128,9232,12,128,2,1,128,3,2,128,7.702739,5.539004
2765,3,128,9232,12,128,1,1,128,2,1,128,5.261431,3.5253882
2766,1,97,95956,12,97,1,1,-1,2,1,-1,5.5253296,3.4939275
2767,24,97,95956,12,97,1,1,-1,2,1,-1,4.350078,4.7366266
2768,1,35,2768,12,35,1,1,35,2,1,35,4.7979703,6.197767
2769,3,66,8308,12,66,1,1,66,2,1,66,5.6897173,3.6904352
2770,1,66,10528,12,66,2,1,-1,3,2,-1,5.0981255,5.165642
2771,6,66,12472,12,66,1,1,-1,2,1,-1,6.8890796,6.693904
2772,1,35,2772,12,35,1,1,35,2,1,35,4.6884785,6.2439413
2773,3,35,8320,12,35,1,1,35,2,1,35,7.065783,6.560016
2774,1,66,6244,12,66,1,1,66,2,1,66,3.3142397,5.604629
2775,8,66,18736,12,66,1,1,-1,2,1,-1,6.360807,4.773496
2776,1,128,9232,12,128,2,1,128,3,2,128,5.803414,6.14052
2777,3,128,9376,12,128,1,1,128,2,1,128,3.4256294,4.577072
2778,1,128,9232,12,128,1,1,128,2,1,128,5.7398715,5.7013745
2779,13,159,26728,12,159,1,1,-1,2,1,-1,4.556182,5.3246284
2780,1,128,9232,12,128,1,1,128,2,1,128,4.165491,5.0704923
2781,3,128,9232,12,128,1,1,128,2,1,128,6.9494176,3.6270163
2782,1,115,15856,12,115,2,1,-1,3,2,-1,3.931279,4.356947
2783,16,115,42280,12,115,1,1,-1,2,1,-1,5.3150983,5.1287365
2784,1,35,2784,12,35,1,1,35,2,1,35,5.8837237,5.9156575
2785,3,66,23812,12,66,1,1,-1,2,1,-1,7.101162,5.20415
2786,1,35,4180,12,35,1,1,35,2,1,35,4.1410136,4.5791893
2787,6,35,12544,12,35,1,1,-1,2,1,-1,7.023362,4.9358606
2788,1,128,9232,12,128,2,1,128,3,2,128,3.9191878,6.0716534
2789,3,128,9232,12,128,1,1,128,2,1,128,6.530019,5.4011345
2790,1,128,9232,12,128,1,1,128,2,1,128,6.3594093,2.8842375
2791,26,66,80512,12,66,1,1,-1,2,1,-1,4.5559473,6.000775
2792,1,35,2792,12,35,1,1,35,2,1,35,3.2607563,4.7405996
2793,3,110,21220,12,110,1,1,-1,2,1,-1,5.3136206,3.186969
2794,1,35,4192,12,35,2,1,35,3,2,35,5.475,3.5247226
2795,8,66,15928,12,66,1,1,-1,2,1,-1,4.270435,3.2043383
2796,1,66,3544,12,66,1,1,66,2,1,66,5.1824875,6.50401
2797,3,66,8392,12,66,1,1,66,2,1,66,4.6923456,2.656671
2798,1,66,9448,12,66,1,1,66,2,1,66,3.2209735,6.508373
2799,24,66,71764,12,66,1,1,-1,2,1,-1,5.2880116,3.8129008
2800,1,84,9232,12,84,2,1,84,3,2,84,6.0505505,4.9634376
2801,3,35,8404,12,35,1,1,35,2,1,35,5.7723327,5.1978717
2802,1,97,45520,12,97,1,1,-1,2,1,-1,7.633319,4.6061406
2803,6,97,45520,12,97,1,1,-1,2,1,-1,5.0500436,6.2284155
2804,1,84,9232,12,84,1,1,84,2,1,84,4.44368,4.244733
2805,3,84,9232,12,84,1,1,84,2,1,84,5.148688,6.8037724
2806,1,128,9232,12,128,2,1,128,3,2,128,5.056434,3.1829834
2807,8,128,18952,12,128,1,1,-1,2,1,-1,6.054067,4.15662
2808,1,84,9232,12,84,1,1,84,2,1,84,6.3901057,3.060776
2809,3,159,21688,12,159,1,1,-1,2,1,-1,6.009116,5.6976194
2810,1,84,9232,12,84,1,1,84,2,1,84,5.267841,6.2483053
2811,29,58,40552,12,58,1,1,-1,2,1,-1,5.1315737,4.088355
2812,1,172,250504,12,172,2,1,-1,3,2,-1,6.1625853,7.1236095
2813,3,172,250504,12,172,1,1,-1,2,1,-1,4.6341324,6.864346
2814,1,172,250504,12,172,1,1,-1,2,1,-1,6.6070776,6.9507546
2815,44,159,144340,12,159,1,1,-1,2,1,-1,3.0668216,5.669167
2816,1,22,2816,12,22,1,1,22,2,1,22,5.2497854,3.7412112
2817,3,84,9232,12,84,1,1,84,2,1,84,4.68735,4.2405047
2818,1,84,9232,12,84,2,1,84,3,2,84,5.9652634,5.9715686
2819,6,84,12688,12,84,1,1,-1,2,1,-1,4.996459,3.54076
2820,1,35,2820,12,35,1,1,35,2,1,35,5.6729784,5.3923416
2821,3,35,8464,12,35,1,1,35,2,1,35,5.732267,3.1624982
2822,1,35,6352,12,35,1,1,35,2,1,35,5.2599826,3.0594819
2823,11,58,19060,12,58,1,1,-1,2,1,-1,5.8146157,3.9678192
2824,1,128,9232,12,128,2,1,128,3,2,128,3.5947413,4.8013163
2825,3,84,14308,12,84,1,1,-1,2,1,-1,5.0276713,4.8696365
2826,1,128,9232,12,128,1,1,128,2,1,128,5.385059,2.9279826
2827,8,110,39364,12,110,1,1,-1,2,1,-1,5.802184,5.0794635
2828,1,128,9232,12,128,1,1,128,2,1,128,4.6905456,4.382346
2829,3,128,9232,12,128,1,1,128,2,1,128,7.050763,5.1614933
2830,1,35,9556,12,35,2,1,35,3,2,35,6.2841945,3.1339316
2831,11,35,28672,12,35,1,1,-1,2,1,-1,6.497683,6.2059083
2832,1,35,2832,12,35,1,1,35,2,1,35,6.1314692,6.960537
2833,3,128,9232,12,128,1,1,128,2,1,128,5.753186,3.7582407
2834,1,79,8080,12,79,1,1,79,2,1,79,3.0321872,5.5697446
2835,6,79,12760,12,79,1,1,-1,2,1,-1,5.355073,4.2381973
2836,1,35,2836,12,35,2,1,35,3,2,35,4.26071,4.6792884
2837,3,35,8512,12,35,1,1,35,2,1,35,4.9689445,6.494868
2838,1,128,9232,12,128,1,1,128,2,1,128,4.148132,6.8576436
2839,8,128,19168,12,128,1,1,-1,2,1,-1,6.609517,3.7131574
2840,1,35,2840,12,35,1,1,35,2,1,35,3.6656177,6.2578464
2841,3,79,12148,12,79,1,1,-1,2,1,-1,4.728223,4.4308414
2842,1,35,4264,12,35,2,1,35,3,2,35,6.3263683,6.1468625
2843,37,172,138400,12,172,1,1,-1,2,1,-1,5.1207547,4.6490526
2844,1,66,4804,12,66,1,1,66,2,1,66,4.0959706,4.8659163
2845,3,66,8536,12,66,1,1,66,2,1,66,3.5667112,4.188333
2846,1,66,14416,12,66,1,1,-1,2,1,-1,7.5249915,4.2483416
2847,24,172,43252,12,172,1,1,-1,2,1,-1,7.3762636,4.664431
2848,1,35,2848,12,35,2,1,35,3,2,35,5.63833,5.1358004
2849,3,66,8548,12,66,1,1,66,2,1,66,6.8739634,4.566549
2850,1,27,4276,12,27,1,1,27,2,1,27,6.0847106,3.4442413
2851,6,27,12832,12,27,1,1,-1,2,1,-1,5.3044553,5.417908
2852,1,27,3616,12,27,1,1,27,2,1,27,7.271305,3.8960915
2853,3,27,8560,12,27,1,1,27,2,1,27,5.751785,5.353458
2854,1,27,6424,12,27,2,1,27,3,2,27,4.6226535,3.3181689
2855,13,128,21688,12,128,1,1,-1,2,1,-1,5.7520514,4.2796946
2856,1,35,2856,12,35,1,1,35,2,1,35,4.1198215,6.3472476
2857,3,172,32560,12,172,1,1,-1,2,1,-1,6.241777,3.0026832
2858,1,35,4288,12,35,1,1,35,2,1,35,4.87788,4.07898
2859,8,79,12868,12,79,1,1,-1,2,1,-1,5.957535,4.7432203
2860,1,27,3220,12,27,2,1,27,3,2,27,5.57374,5.081308
2861,3,27,8584,12,27,1,1,27,2,1,27,4.624856,6.179741
2862,1,27,9664,12,27,1,1,27,2,1,27,5.3073235,7.253523
2863,16,79,28996,12,79,1,1,-1,2,1,-1,4.296616,2.9148958
2864,1,35,2864,12,35,1,1,35,2,1,35,6.255539,4.503108
2865,3,27,8596,12,27,1,1,27,2,1,27,6.5477104,5.149031
2866,1,27,4840,12,27,2,1,27,3,2,27,3.1883183,5.611108
2867,6,27,12904,12,27,1,1,-1,2,1,-1,4.4609985,5.0052533
2868,1,35,2868,12,35,1,1,35,2,1,35,3.8186705,6.2359457
2869,3,35,8608,12,35,1,1,35,2,1,35,6.5871677,5.4640055
2870,1,79,39364,12,79,1,1,-1,2,1,-1,5.2571964,3.9371
2871,8,79,39364,12,79,1,1,-1,2,1,-1,5.4569864,6.054737
2872,1,53,9232,12,53,2,1,53,3,2,53,5.8523164,6.7623467
2873,3,172,1276936,12,172,1,1,-1,2,1,-1,3.9130645,4.2863736
2874,1,53,9232,12,53,1,1,53,2,1,53,5.7973633,5.773713
2875,11,53,14560,12,53,1,1,-1,2,1,-1,7.395687,5.6637526
2876,1,53,9232,12,53,1,1,53,2,1,53,5.09295,3.1275299
2877,3,53,9232,12,53,1,1,53,2,1,53,5.2387314,6.4271917
2878,1,128,41524,12,128,2,1,-1,3,2,-1,4.999125,2.9586482
2879,32,128,65608,12,128,1,1,-1,2,1,-1,7.660411,5.2994194
2880,1,22,2880,12,22,1,1,22,2,1,22,5.793779,5.8520384
2881,3,35,8644,12,35,1,1,35,2,1,35,5.8770757,7.510939
2882,1,141,9232,12,141,1,1,141,2,1,141,5.763212,4.084641
2883,6,141,12976,12,141,1,1,-1,2,1,-1,5.6940994,3.6724563
2884,1,48,2884,12,48,2,1,48,3,2,48,5.713767,4.6491923
2885,3,48,8656,12,48,1,1,48,2,1,48,5.3136816,7.3241124
2886,1,48,6496,12,48,1,1,48,2,1,48,3.4353645,6.51616
2887,26,128,24676,12,128,1,1,-1,2,1,-1,4.4857383,3.260058
2888,1,48,2888,12,48,1,1,48,2,1,48,3.6175904,5.091167
2889,3,141,14632,12,141,1,1,-1,2,1,-1,4.8898892,3.318533
2890,1,48,4336,12,48,2,1,48,3,2,48,3.2963781,5.222016
2891,8,48,13012,12,48,1,1,-1,2,1,-1,6.037466,5.682516
2892,1,48,3256,12,48,1,1,48,2,1,48,7.3564677,4.620782
2893,3,48,8680,12,48,1,1,48,2,1,48,4.725553,5.091387
2894,1,53,10996,12,53,1,1,-1,2,1,-1,4.0782094,6.831545
2895,13,53,29320,12,53,1,1,-1,2,1,-1,6.468004,4.376535
2896,1,22,2896,12,22,2,1,22,3,2,22,3.5128264,6.264319
2897,3,141,9232,12,141,1,1,141,2,1,141,4.5301805,6.3805823
2898,1,141,24784,12,141,1,1,-1,2,1,-1,4.5689735,3.4637012
2899,6,141,24784,12,141,1,1,-1,2,1,-1,5.1510773,4.872577
2900,1,22,2900,12,22,1,1,22,2,1,22,3.433328,5.8267508
2901,3,22,8704,12,22,1,1,22,2,1,22,3.4458995,5.7102737
2902,1,141,9232,12,141,2,1,141,3,2,141,5.833036,3.429138
2903,8,141,19600,12,141,1,1,-1,2,1,-1,6.6949058,4.3367004
2904,1,48,2904,12,48,1,1,48,2,1,48,4.6328173,5.1649003
2905,3,48,9808,12,48,1,1,48,2,1,48,4.8024354,4.262896
2906,1,48,4360,12,48,1,1,48,2,1,48,4.06669,6.106224
2907,19,141,22084,12,141,1,1,-1,2,1,-1,5.7453766,5.761729
2908,1,48,4912,12,48,2,1,48,3,2,48,7.4652314,5.2227855
2909,3,48,8728,12,48,1,1,48,2,1,48,4.508309,6.177593
2910,1,141,14740,12,141,1,1,-1,2,1,-1,5.9547906,3.2179825
2911,13,141,44224,12,141,1,1,-1,2,1,-1,5.2183,6.2574105
2912,1,97,9232,12,97,1,1,97,2,1,97,5.259736,6.0990825
2913,3,110,95956,12,110,1,1,-1,2,1,-1,7.0047083,4.3525243
2914,1,35,4372,12,35,2,1,35,3,2,35,4.8093257,6.140771
2915,6,35,13120,12,35,1,1,-1,2,1,-1,6.1178484,3.0394824
2916,1,35,2916,12,35,1,1,35,2,1,35,2.906247,4.7697816
2917,3,35,8752,12,35,1,1,35,2,1,35,3.206261,4.4418874
2918,1,35,6568,12,35,1,1,35,2,1,35,3.2479382,5.988352
2919,42,216,250504,12,216,1,1,-1,2,1,-1,5.6080484,5.6040735
2920,1,97,9232,12,97,2,1,97,3,2,97,5.497112,5.5800686
2921,3,79,22192,12,79,1,1,-1,2,1,-1,3.6412928,4.425034
2922,1,97,9232,12,97,1,1,97,2,1,97,3.78538,4.5118012
2923,8,141,13156,12,141,1,1,-1,2,1,-1,3.8771434,3.946903
2924,1,141,9232,12,141,1,1,141,2,1,141,7.022369,6.197142
2925,3,141,9232,12,141,1,1,141,2,1,141,3.9676602,5.106057
2926,1,141,9880,12,141,2,1,141,3,2,141,5.297546,3.5385454
2927,26,172,33352,12,172,1,1,-1,2,1,-1,5.71241,2.8587332
2928,1,97,9232,12,97,1,1,97,2,1,97,5.807741,5.228667
2929,3,97,9232,12,97,1,1,97,2,1,97,5.9421606,3.1954348
2930,1,35,4948,12,35,1,1,35,2,1,35,4.3088403,5.4317703
2931,6,35,13192,12,35,1,1,-1,2,1,-1,6.008511,6.02137
2932,1,97,9232,12,97,2,1,97,3,2,97,5.2942104,5.479968
2933,3,97,9232,12,97,1,1,97,2,1,97,6.3039064,3.1802323
2934,1,141,9232,12,141,1,1,141,2,1,141,4.951418,5.8229575
2935,8,141,19816,12,141,1,1,-1,2,1,-1,3.39861,3.951052
2936,1,48,4192,12,48,1,1,48,2,1,48,5.579174,3.9942555
2937,3,53,25108,12,53,1,1,-1,2,1,-1,3.9009047,5.9183116
2938,1,48,4408,12,48,2,1,48,3,2,48,5.8085732,6.028175
2939,13,79,80512,12,79,1,1,-1,2,1,-1,4.8109293,7.3182573
2940,1,48,11176,12,48,1,1,-1,2,1,-1,4.240378,6.792283
2941,3,48,11176,12,48,1,1,-1,2,1,-1,5.0061355,4.956184
2942,1,172,190996,12,172,1,1,-1,2,1,-1,4.392002,4.3076625
2943,47,172,190996,12,172,1,1,-1,2,1,-1,5.3905077,5.543751
2944,1,22,2944,12,22,2,1,22,3,2,22,4.5946994,5.045643
2945,3,79,9448,12,79,1,1,79,2,1,79,3.490745,6.4871197
2946,1,97,9232,12,97,1,1,97,2,1,97,4.328905,5.938171
2947,6,97,13264,12,97,1,1,-1,2,1,-1,6.3631706,4.2358513
2948,1,141,9232,12,141,1,1,141,2,1,141,4.967867,4.9017315
2949,3,141,9232,12,141,1,1,141,2,1,141,3.8995466,5.6080804
2950,1,141,9232,12,141,2,1,141,3,2,141,7.812055,5.607864
2951,11,97,19924,12,97,1,1,-1,2,1,-1,4.681432,2.741422
2952,1,22,2952,12,22,1,1,22,2,1,22,4.376914,5.2241936
2953,3,123,345544,12,123,1,1,-1,2,1,-1,6.970301,3.5882359
2954,1,22,4432,12,22,1,1,22,2,1,22,6.7896714,4.8108964
2955,8,141,18952,12,141,1,1,-1,2,1,-1,5.1296062,5.3111644
2956,1,22,3328,12,22,2,1,22,3,2,22,5.5800242,5.8708997
2957,3,22,8872,12,22,1,1,22,2,1,22,6.4876175,5.844124
2958,1,97,9988,12,97,1,1,97,2,1,97,4.3039017,3.6069915
2959,11,97,29968,12,97,1,1,-1,2,1,-1,6.0053215,3.7779636
2960,1,48,2960,12,48,1,1,48,2,1,48,5.826016,6.6624117
2961,3,35,8884,12,35,1,1,35,2,1,35,6.326607,3.2805943
2962,1,35,7504,12,35,2,1,35,3,2,35,3.792373,3.380244
2963,6,35,13336,12,35,1,1,-1,2,1,-1,4.5590563,5.8749676
2964,1,48,2964,12,48,1,1,48,2,1,48,5.8171654,5.1959925
2965,3,48,8896,12,48,1,1,48,2,1,48,5.572758,6.051333
2966,1,141,9232,12,141,1,1,141,2,1,141,7.495294,5.8555217
2967,8,141,20032,12,141,1,1,-1,2,1,-1,6.0961537,5.5623655
2968,1,48,2968,12,48,2,1,48,3,2,48,3.4622042,4.658121
2969,3,141,10024,12,141,1,1,-1,2,1,-1,7.1675625,5.080816
2970,1,48,4456,12,48,1,1,48,2,1,48,4.368416,4.500888
2971,16,48,33856,12,48,1,1,-1,2,1,-1,7.308677,5.333554
2972,1,97,14308,12,97,1,1,-1,2,1,-1,5.781239,2.9331832
2973,3,97,14308,12,97,1,1,-1,2,1,-1,5.4739685,7.139751
2974,1,97,15064,12,97,2,1,-1,3,2,-1,5.5020137,6.3708487
2975,19,48,50848,12,48,1,1,-1,2,1,-1,6.0733595,6.2715373
2976,1,22,2976,12,22,1,1,22,2,1,22,3.7137434,5.3045917
2977,3,141,9232,12,141,1,1,141,2,1,141,4.5922065,4.6515636
2978,1,48,4468,12,48,1,1,48,2,1,48,4.6291623,5.3327074
2979,6,48,13408,12,48,1,1,-1,2,1,-1,7.024486,4.9800844
2980,1,92,8080,12,92,2,1,92,3,2,92,5.2900896,3.385349
2981,3,92,8944,12,92,1,1,92,2,1,92,4.5486965,5.7142534
2982,1,92,8080,12,92,1,1,92,2,1,92,4.7341294,3.3768282
2983,24,141,22660,12,141,1,1,-1,2,1,-1,4.718163,2.924682
2984,1,22,2984,12,22,1,1,22,2,1,22,4.347178,5.0512366
2985,3,141,51028,12,141,1,1,-1,2,1,-1,6.69667,3.763425
2986,1,22,4480,12,22,2,1,22,3,2,22,6.121328,5.247615
2987,8,48,13444,12,48,1,1,-1,2,1,-1,5.9072514,3.886756
2988,1,48,4264,12,48,1,1,48,2,1,48,4.3656416,4.46481
2989,3,48,8968,12,48,1,1,48,2,1,48,4.846794,4.508313
2990,1,48,10096,12,48,1,1,-1,2,1,-1,6.202594,6.509922
2991,13,48,30292,12,48,1,1,-1,2,1,-1,7.5236526,4.1200876
2992,1,48,2992,12,48,2,1,48,3,2,48,7.136852,4.6638727
2993,3,48,8980,12,48,1,1,48,2,1,48,4.9987054,6.237368
2994,1,48,5056,12,48,1,1,48,2,1,48,6.0094566,3.5986843
2995,6,48,13480,12,48,1,1,-1,2,1,-1,4.1962967,5.612486
2996,1,48,2996,12,48,1,1,48,2,1,48,7.8048687,5.6761923
2997,3,48,8992,12,48,1,1,48,2,1,48,6.298986,3.493684
2998,1,48,11392,12,48,2,1,-1,3,2,-1,4.0175066,4.0573716
2999,8,48,20248,12,48,1,1,-1,2,1,-1,7.4478025,5.394141
3000,1,48,3000,12,48,1,1,48,2,1,48,5.381288,3.4739304
3001,3,40,10132,12,40,1,1,-1,2,1,-1,7.2064853,6.5072374
3002,1,48,4504,12,48,1,1,48,2,1,48,4.155787,6.7289853
3003,11,40,15208,12,40,1,1,-1,2,1,-1,6.709721,6.8918014
3004,1,141,21688,12,141,2,1,-1,3,2,-1,6.613059,4.4207253
3005,3,141,21688,12,141,1,1,-1,2,1,-1,3.4896638,5.365121
3006,1,141,22840,12,141,1,1,-1,2,1,-1,5.349436,5.2983165
3007,34,154,250504,12,154,1,1,-1,2,1,-1,6.568116,4.8272023
3008,1,110,9232,12,110,1,1,110,2,1,110,4.853455,3.9268188
3009,3,40,9028,12,40,1,1,40,2,1,40,6.8879,3.578237
3010,1,40,8584,12,40,2,1,40,3,2,40,3.7643611,5.0344644
3011,6,40,13552,12,40,1,1,-1,2,1,-1,5.9507003,5.2145934
3012,1,22,3012,12,22,1,1,22,2,1,22,3.1308928,4.920008
3013,3,22,9040,12,22,1,1,22,2,1,22,3.5231085,4.0950484
3014,1,22,6784,12,22,1,1,22,2,1,22,5.5841618,5.983354
3015,13,92,28996,12,92,1,1,-1,2,1,-1,4.1484756,5.727198
3016,1,66,9232,12,66,2,1,66,3,2,66,4.7859797,6.943209
3017,3,40,15280,12,40,1,1,-1,2,1,-1,6.553584,4.9916444
3018,1,66,9232,12,66,1,1,66,2,1,66,3.348362,6.010281
3019,8,66,13588,12,66,1,1,-1,2,1,-1,5.2011003,4.019938
3020,1,66,9232,12,66,1,1,66,2,1,66,7.0172586,5.6449594
3021,3,66,9232,12,66,1,1,66,2,1,66,7.4862456,5.33993
3022,1,92,39364,12,92,2,1,-1,3,2,-1,7.1784616,4.539394
3023,16,92,39364,12,92,1,1,-1,2,1,-1,3.4449444,5.5231075
3024,1,110,9232,12,110,1,1,110,2,1,110,6.5590925,4.8255844
3025,3,66,9232,12,66,1,1,66,2,1,66,3.8703995,5.181854
3026,1,66,14560,12,66,1,1,-1,2,1,-1,6.648683,4.0541406
3027,6,66,14560,12,66,1,1,-1,2,1,-1,7.442655,5.287186
3028,1,110,9232,12,110,2,1,110,3,2,110,5.639532,4.0144887
3029,3,110,9232,12,110,1,1,110,2,1,110,5.87484,6.5802236
3030,1,141,65608,12,141,1,1,-1,2,1,-1,6.8247457,5.646893
3031,8,141,65608,12,141,1,1,-1,2,1,-1,5.649158,6.967622
3032,1,61,3032,12,61,1,1,61,2,1,61,5.0711126,3.8726528
3033,3,22,10240,12,22,1,1,-1,2,1,-1,4.4242177,6.9120474
3034,1,61,4552,12,61,2,1,61,3,2,61,5.875815,5.9822383
3035,13,154,23056,12,154,1,1,-1,2,1,-1,4.829975,6.2446117
3036,1,61,5128,12,61,1,1,61,2,1,61,5.627808,5.3995895
3037,3,61,9112,12,61,1,1,61,2,1,61,6.196193,5.031149
3038,1,154,25972,12,154,1,1,-1,2,1,-1,7.087717,6.609821
3039,21,154,46168,12,154,1,1,-1,2,1,-1,4.716872,5.2353654
3040,1,110,9232,12,110,2,1,110,3,2,110,5.7577477,4.1447573
3041,3,154,17332,12,154,1,1,-1,2,1,-1,5.8696265,4.762538
3042,1,110,9232,12,110,1,1,110,2,1,110,3.7074335,6.86235
3043,6,110,13696,12,110,1,1,-1,2,1,-1,3.6798406,5.666027
3044,1,35,3044,12,35,1,1,35,2,1,35,3.4117208,5.403733
3045,3,35,9136,12,35,1,1,35,2,1,35,3.9557145,6.074135
3046,1,35,6856,12,35,2,1,35,3,2,35,5.9552217,5.521623
3047,16,61,34720,12,61,1,1,-1,2,1,-1,4.302094,4.9102488
3048,1,110,9232,12,110,1,1,110,2,1,110,6.0588055,4.386593
3049,3,123,250504,12,123,1,1,-1,2,1,-1,6.4252734,7.113383
3050,1,110,9232,12,110,1,1,110,2,1,110,5.009854,5.2688074
3051,8,154,26080,12,154,1,1,-1,2,1,-1,5.1471004,6.6548166
3052,1,154,9232,12,154,2,1,154,3,2,154,4.081888,5.5355573
3053,3,154,9232,12,154,1,1,154,2,1,154,5.7393007,4.467416
3054,1,154,10312,12,154,1,1,-1,2,1,-1,7.0060663,5.3287506
3055,47,92,223072,12,92,1,1,-1,2,1,-1,4.8646994,5.0923853
3056,1,48,4372,12,48,1,1,48,2,1,48,4.548449,5.368879
3057,3,110,9232,12,110,1,1,110,2,1,110,3.5337682,4.259402
3058,1,61,5812,12,61,2,1,61,3,2,61,3.4156473,4.851321
3059,6,61,13768,12,61,1,1,-1,2,1,-1,4.169774,3.4446409
3060,1,48,4372,12,48,1,1,48,2,1,48,4.510573,3.7384784
3061,3,48,9184,12,48,1,1,48,2,1,48,5.215405,4.4576755
3062,1,61,8728,12,61,1,1,61,2,1,61,4.987863,4.268046
3063,8,61,20680,12,61,1,1,-1,2,1,-1,6.103723,6.617339
3064,1,48,13120,12,48,2,1,-1,3,2,-1,6.2001886,5.2942963
3065,3,154,44224,12,154,1,1,-1,2,1,-1,4.500399,5.470648
3066,1,48,13120,12,48,1,1,-1,2,1,-1,6.293111,4.3448067
3067,21,61,17476,12,61,1,1,-1,2,1,-1,6.6606045,4.7706957
3068,1,61,39364,12,61,1,1,-1,2,1,-1,6.13034,6.1712236
3069,3,61,39364,12,61,1,1,-1,2,1,-1,6.566075,5.2019825
3070,1,61,118096,12,61,2,1,-1,3,2,-1,3.670182,6.878905
3071,88,154,1276936,12,154,1,1,-1,2,1,-1,5.2925467,5.641022
3072,1,17,3072,12,17,1,1,17,2,1,17,4.0173106,5.273187
3073,3,110,9232,12,110,1,1,110,2,1,110,6.3644557,6.2182374
3074,1,154,9232,12,154,1,1,154,2,1,154,4.7801447,2.6681163
3075,6,154,13840,12,154,1,1,-1,2,1,-1,6.3841705,4.337497
3076,1,35,3076,12,35,2,1,35,3,2,35,7.0687423,5.5483994
3077,3,35,9232,12,35,1,1,35,2,1,35,5.6567593,3.2765484
3078,1,35,6928,12,35,1,1,35,2,1,35,4.2854276,4.676605
3079,11,154,20788,12,154,1,1,-1,2,1,-1,3.4826262,5.7249093
3080,1,35,3080,12,35,1,1,35,2,1,35,6.617211,6.0299807
3081,3,154,15604,12,154,1,1,-1,2,1,-1,5.912359,7.082322
3082,1,35,4624,12,35,2,1,35,3,2,35,4.456977,3.8579512
3083,8,35,13876,12,35,1,1,-1,2,1,-1,4.171409,5.786938
3084,1,35,3472,12,35,1,1,35,2,1,35,4.402579,6.4145885
3085,3,35,9256,12,35,1,1,35,2,1,35,6.9958825,5.5040402
3086,1,110,10420,12,110,1,1,-1,2,1,-1,4.297988,6.8254213
3087,11,110,31264,12,110,1,1,-1,2,1,-1,4.057881,6.237709
3088,1,123,9232,12,123,2,1,123,3,2,123,4.6467485,7.320719
3089,3,35,9268,12,35,1,1,35,2,1,35,6.1939826,6.791458
3090,1,61,7828,12,61,1,1,61,2,1,61,5.257384,2.8363287
3091,6,61,13912,12,61,1,1,-1,2,1,-1,4.883823,7.1637635
3092,1,123,9232,12,123,1,1,123,2,1,123,4.2285233,5.978352
3093,3,123,9280,12,123,1,1,123,2,1,123,6.378047,2.9944599
3094,1,35,6964,12,35,2,1,35,3,2,35,5.6584463,6.19882
3095,8,35,20896,12,35,1,1,-1,2,1,-1,5.507793,6.2387743
3096,1,123,9232,12,123,1,1,123,2,1,123,4.2682414,3.7999516
3097,3,185,190996,12,185,1,1,-1,2,1,-1,6.3385296,6.0245924
3098,1,123,9232,12,123,1,1,123,2,1,123,6.450312,5.3184495
3099,50,136,67048,12,136,1,1,-1,2,1,-1,4.0230856,3.7202752
3100,1,154,9232,12,154,2,1,154,3,2,154,7.064514,4.3188663
3101,3,154,9304,12,154,1,1,154,2,1,154,5.87908,6.231716
3102,1,154,15712,12,154,1,1,-1,2,1,-1,5.5727105,7.3142114
3103,26,92,59668,12,92,1,1,-1,2,1,-1,4.080596,4.5031614
3104,1,123,9232,12,123,1,1,123,2,1,123,4.1939344,6.336051
3105,3,154,9316,12,154,1,1,154,2,1,154,5.252976,5.7427435
3106,1,123,9232,12,123,2,1,123,3,2,123,5.2997303,7.303734
3107,6,123,13984,12,123,1,1,-1,2,1,-1,5.9078765,3.2844806
3108,1,35,3940,12,35,1,1,35,2,1,35,5.2157345,7.077507
3109,3,35,9328,12,35,1,1,35,2,1,35,5.619365,4.893903
3110,1,35,7000,12,35,1,1,35,2,1,35,6.513664,3.0178194
3111,13,35,23632,12,35,1,1,-1,2,1,-1,4.5261354,4.2791314
3112,1,123,9232,12,123,2,1,123,3,2,123,5.8059926,5.000027
3113,3,92,95956,12,92,1,1,-1,2,1,-1,6.324545,3.1112409
3114,1,123,9232,12,123,1,1,123,2,1,123,5.812038,4.8293405
3115,8,61,14020,12,61,1,1,-1,2,1,-1,7.253415,5.2382193
3116,1,61,3508,12,61,1,1,61,2,1,61,5.459779,6.3324237
3117,3,61,9352,12,61,1,1,61,2,1,61,3.7297502,6.4720573
3118,1,61,10528,12,61,2,1,-1,3,2,-1,5.4338403,5.8300247
3119,19,48,31588,12,48,1,1,-1,2,1,-1,5.599261,6.280088
3120,1,123,9232,12,123,1,1,123,2,1,123,3.4353876,5.449393
3121,3,61,9364,12,61,1,1,61,2,1,61,3.778779,3.271787
3122,1,61,5272,12,61,1,1,61,2,1,61,4.92615,4.7407465
3123,6,61,14056,12,61,1,1,-1,2,1,-1,6.778975,4.9892716
3124,1,123,9232,12,123,2,1,123,3,2,123,5.5072107,4.528312
3125,3,123,9376,12,123,1,1,123,2,1,123,5.5472727,5.6409383
3126,1,154,26728,12,154,1,1,-1,2,1,-1,6.0508966,2.8201838
3127,8,154,26728,12,154,1,1,-1,2,1,-1,5.5236983,3.6282563
3128,1,123,9232,12,123,1,1,123,2,1,123,5.321291,4.1596637
3129,3,110,14308,12,110,1,1,-1,2,1,-1,6.0676246,5.1191177
3130,1,123,9232,12,123,2,1,123,3,2,123,5.8201675,4.4962735
3131,11,110,15856,12,110,1,1,-1,2,1,-1,6.407216,3.2230694
3132,1,123,9232,12,123,1,1,123,2,1,123,4.076051,5.9347553
3133,3,123,9400,12,123,1,1,123,2,1,123,5.5537066,5.0549455
3134,1,61,23812,12,61,1,1,-1,2,1,-1,6.980748,4.6782007
3135,21,61,71440,12,61,1,1,-1,2,1,-1,7.0251503,6.503225
3136,1,30,3136,12,30,2,1,30,3,2,30,4.944383,4.9325895
3137,3,35,9412,12,35,1,1,35,2,1,35,4.9556623,5.2769513
3138,1,35,4708,12,35,1,1,35,2,1,35,6.8642535,4.242277
3139,6,35,14128,12,35,1,1,-1,2,1,-1,3.7093077,6.1370378
3140,1,123,9232,12,123,1,1,123,2,1,123,6.91133,4.2259154
3141,3,123,9424,12,123,1,1,123,2,1,123,6.3607035,5.401426
3142,1,123,9232,12,123,2,1,123,3,2,123,4.985604,4.5051756
3143,19,105,21220,12,105,1,1,-1,2,1,-1,5.4794264,3.4868455
3144,1,61,3144,12,61,1,1,61,2,1,61,5.808981,3.376807
3145,3,61,15928,12,61,1,1,-1,2,1,-1,7.490496,4.8264055
3146,1,61,4720,12,61,1,1,61,2,1,61,5.192069,7.0039945
3147,8,123,14164,12,123,1,1,-1,2,1,-1,6.4930086,5.270218
3148,1,61,3544,12,61,2,1,61,3,2,61,3.6993108,5.9321804
3149,3,61,9448,12,61,1,1,61,2,1,61,3.7474844,6.5141234
3150,1,61,11968,12,61,1,1,-1,2,1,-1,7.3665257,4.577448
3151,13,61,31912,12,61,1,1,-1,2,1,-1,7.1653805,5.2956295
3152,1,30,3152,12,30,1,1,30,2,1,30,4.1137676,6.0270386
3153,3,61,9460,12,61,1,1,61,2,1,61,4.9598527,6.2565217
3154,1,92,45520,12,92,2,1,-1,3,2,-1,5.321907,3.6021137
3155,6,92,45520,12,92,1,1,-1,2,1,-1,7.1219172,3.7361515
3156,1,30,3156,12,30,1,1,30,2,1,30,5.7380695,6.0114613
3157,3,30,9472,12,30,1,1,30,2,1,30,3.1321695,4.7376103
3158,1,123,9232,12,123,1,1,123,2,1,123,7.3988934,4.6363482
3159,8,123,21328,12,123,1,1,-1,2,1,-1,5.8284297,5.1515884
3160,1,79,9232,12,79,2,1,79,3,2,79,5.4933248,6.209952
3161,3,154,21688,12,154,1,1,-1,2,1,-1,5.0904884,6.6074953
3162,1,79,9232,12,79,1,1,79,2,1,79,5.5435033,4.006328
3163,24,53,40552,12,53,1,1,-1,2,1,-1,7.2391047,4.503708
3164,1,79,9232,12,79,1,1,79,2,1,79,3.7725906,6.261102
3165,3,79,9496,12,79,1,1,79,2,1,79,4.401056,5.022262
3166,1,167,250504,12,167,2,1,-1,3,2,-1,3.6152847,4.6927204
3167,13,167,250504,12,167,1,1,-1,2,1,-1,5.4190373,5.3296685
3168,1,30,3168,12,30,1,1,30,2,1,30,7.169472,6.4242744
3169,3,53,12040,12,53,1,1,-1,2,1,-1,5.7471657,7.3301563
3170,1,79,9232,12,79,1,1,79,2,1,79,6.1853437,4.755142
3171,6,79,14272,12,79,1,1,-1,2,1,-1,5.8702397,5.6757393
3172,1,79,9232,12,79,2,1,79,3,2,79,4.659578,6.169748
3173,3,79,9520,12,79,1,1,79,2,1,79,6.626954,5.0605135
3174,1,79,9232,12,79,1,1,79,2,1,79,7.200954,4.318249
3175,65,198,695464,12,198,1,1,-1,2,1,-1,5.83968,3.9803903
3176,1,30,3176,12,30,1,1,30,2,1,30,3.7781096,4.3572063
3177,3,53,24136,12,53,1,1,-1,2,1,-1,7.016719,4.4076314
3178,1,30,4768,12,30,2,1,30,3,2,30,3.9809408,4.166154
3179,8,79,14308,12,79,1,1,-1,2,1,-1,4.516881,4.6869297
3180,1,105,39364,12,105,1,1,-1,2,1,-1,5.5357485,4.6895213
3181,3,105,39364,12,105,1,1,-1,2,1,-1,7.2239933,3.6444838
3182,1,105,39364,12,105,1,1,-1,2,1,-1,3.3645358,5.675442
3183,29,61,40804,12,61,1,1,-1,2,1,-1,4.4730144,4.653103
3184,1,123,9232,12,123,2,1,123,3,2,123,6.457443,5.0366936
3185,3,30,9556,12,30,1,1,30,2,1,30,6.032087,6.7514877
3186,1,123,9232,12,123,1,1,123,2,1,123,3.5514758,4.7956877
3187,6,123,14344,12,123,1,1,-1,2,1,-1,7.5418696,5.897296
3188,1,123,9232,12,123,1,1,123,2,1,123,5.9127274,7.4868865
3189,3,123,9568,12,123,1,1,123,2,1,123,6.469516,5.3125415
3190,1,74,8080,12,74,2,1,74,3,2,74,3.8966057,3.7898808
3191,8,74,21544,12,74,1,1,-1,2,1,-1,5.1117425,3.3883018
3192,1,123,9232,12,123,1,1,123,2,1,123,3.829759,6.0999045
3193,3,35,18196,12,35,1,1,-1,2,1,-1,3.8947165,5.011156
3194,1,123,9232,12,123,1,1,123,2,1,123,3.4601278,6.234797
3195,13,74,16180,12,74,1,1,-1,2,1,-1,5.8236823,2.8044567
3196,1,74,12148,12,74,2,1,-1,3,2,-1,6.11999,3.985673
3197,3,74,12148,12,74,1,1,-1,2,1,-1,6.517893,5.8566
3198,1,74,36448,12,74,1,1,-1,2,1,-1,5.562484,6.238303
3199,32,167,138400,12,167,1,1,-1,2,1,-1,7.0783014,5.9320903
3200,1,30,3200,12,30,1,1,30,2,1,30,5.3187394,7.424834
3201,3,167,17332,12,167,1,1,-1,2,1,-1,4.5048842,3.079793
3202,1,61,4804,12,61,2,1,61,3,2,61,5.551366,3.973948
3203,6,61,14416,12,61,1,1,-1,2,1,-1,5.6274257,7.370623
3204,1,61,4372,12,61,1,1,61,2,1,61,5.3243175,5.614274
3205,3,61,9616,12,61,1,1,61,2,1,61,4.8163013,4.43782
3206,1,61,7216,12,61,1,1,61,2,1,61,4.0047216,3.3649035
3207,11,48,21652,12,48,1,1,-1,2,1,-1,3.9968185,3.3638692
3208,1,22,3208,12,22,2,1,22,3,2,22,5.8451424,6.103771
3209,3,74,61720,12,74,1,1,-1,2,1,-1,5.6988974,6.080917
3210,1,22,4816,12,22,1,1,22,2,1,22,5.599564,4.4810658
3211,8,123,14452,12,123,1,1,-1,2,1,-1,3.6120493,4.7343707
3212,1,22,3616,12,22,1,1,22,2,1,22,6.4346304,4.051326
3213,3,22,9640,12,22,1,1,22,2,1,22,4.166741,5.4653635
3214,1,167,10852,12,167,2,1,-1,3,2,-1,5.2182193,4.550609
3215,11,167,32560,12,167,1,1,-1,2,1,-1,5.721458,4.3947783
3216,1,22,3216,12,22,1,1,22,2,1,22,4.0816627,4.340726
3217,3,74,9652,12,74,1,1,74,2,1,74,5.969801,6.7783017
3218,1,74,8152,12,74,1,1,74,2,1,74,5.952461,4.969418
3219,6,74,14488,12,74,1,1,-1,2,1,-1,4.093729,3.7453594
3220,1,22,3220,12,22,2,1,22,3,2,22,7.3223805,5.770081
3221,3,22,9664,12,22,1,1,22,2,1,22,5.4772706,4.9862995
3222,1,22,7252,12,22,1,1,22,2,1,22,5.3131065,5.2333813
3223,8,22,21760,12,22,1,1,-1,2,1,-1,6.036537,5.3884454
3224,1,22,3224,12,22,1,1,22,2,1,22,6.3321114,3.9258435
3225,3,61,13120,12,61,1,1,-1,2,1,-1,6.8965044,5.8740244
3226,1,22,4840,12,22,2,1,22,3,2,22,6.3522367,6.950354
3227,65,105,176740,12,105,1,1,-1,2,1,-1,5.080728,4.474849
3228,1,74,39364,12,74,1,1,-1,2,1,-1,5.5969605,5.17484
3229,3,74,39364,12,74,1,1,-1,2,1,-1,6.9289637,5.944972
3230,1,74,39364,12,74,1,1,-1,2,1,-1,3.0723605,4.2065563
3231,37,167,209680,12,167,1,1,-1,2,1,-1,4.8860188,6.514203
3232,1,30,3232,12,30,2,1,30,3,2,30,5.3933535,3.6686792
3233,3,167,1276936,12,167,1,1,-1,2,1,-1,5.954975,5.2401843
3234,1,48,4852,12,48,1,1,48,2,1,48,3.3449442,4.699819
3235,6,48,14560,12,48,1,1,-1,2,1,-1,5.0384107,4.7570825
3236,1,48,9232,12,48,1,1,48,2,1,48,6.696145,5.6059875
3237,3,48,9712,12,48,1,1,48,2,1,48,4.5910406,4.1675987
3238,1,48,9232,12,48,2,1,48,3,2,48,4.009979,5.46619
3239,26,123,41524,12,123,1,1,-1,2,1,-1,7.1426144,4.476374
3240,1,30,3240,12,30,1,1,30,2,1,30,7.291292,4.868896
3241,3,167,83104,12,167,1,1,-1,2,1,-1,4.3672295,5.0307217
3242,1,30,4864,12,30,1,1,30,2,1,30,6.245042,5.4760094
3243,8,48,14596,12,48,1,1,-1,2,1,-1,7.220795,5.5910254
3244,1,136,9232,12,136,2,1,136,3,2,136,5.0245295,3.059473
3245,3,136,9736,12,136,1,1,136,2,1,136,6.557735,6.6331196
3246,1,136,10960,12,136,1,1,-1,2,1,-1,4.6068635,5.802399
3247,13,48,32884,12,48,1,1,-1,2,1,-1,6.5751047,4.0851617
3248,1,43,3248,12,43,1,1,43,2,1,43,3.9829097,6.889465
3249,3,136,9748,12,136,1,1,136,2,1,136,5.338511,3.453643
3250,1,136,9232,12,136,2,1,136,3,2,136,3.1805756,5.471805
3251,6,136,14632,12,136,1,1,-1,2,1,-1,3.2456305,5.0518994
3252,1,43,3252,12,43,1,1,43,2,1,43,3.235574,5.978464
3253,3,43,9760,12,43,1,1,43,2,1,43,4.210112,4.276523
3254,1,74,13912,12,74,1,1,-1,2,1,-1,4.7161565,6.0406327
3255,8,74,21976,12,74,1,1,-1,2,1,-1,4.252679,6.2055993
3256,1,43,3256,12,43,2,1,43,3,2,43,5.418912,6.5915394
3257,3,48,10996,12,48,1,1,-1,2,1,-1,3.7663033,3.8130867
3258,1,43,4888,12,43,1,1,43,2,1,43,6.2130265,3.836174
3259,11,48,20896,12,48,1,1,-1,2,1,-1,6.773732,5.990121
3260,1,136,9232,12,136,1,1,136,2,1,136,6.0559387,2.8734694
3261,3,136,9784,12,136,1,1,136,2,1,136,5.0801954,6.2837157
3262,1,136,24784,12,136,2,1,-1,3,2,-1,5.7107277,4.712162
3263,29,74,74356,12,74,1,1,-1,2,1,-1,3.8284667,5.3478255
3264,1,30,3264,12,30,1,1,30,2,1,30,4.8178782,4.8073997
3265,3,136,9796,12,136,1,1,136,2,1,136,3.7483323,3.796782
3266,1,136,9232,12,136,1,1,136,2,1,136,4.3052807,6.445377
3267,6,136,14704,12,136,1,1,-1,2,1,-1,5.463439,5.7930183
3268,1,43,3268,12,43,2,1,43,3,2,43,2.9024365,5.123269
3269,3,43,9808,12,43,1,1,43,2,1,43,6.737461,4.431091
3270,1,43,7360,12,43,1,1,43,2,1,43,6.483604,4.719068
3271,13,136,22084,12,136,1,1,-1,2,1,-1,6.7001185,4.2519684
3272,1,43,3272,12,43,1,1,43,2,1,43,5.9784217,5.4844017
3273,3,136,16576,12,136,1,1,-1,2,1,-1,6.5206604,5.604789
3274,1,43,4912,12,43,2,1,43,3,2,43,6.6127586,3.7239404
3275,8,136,14740,12,136,1,1,-1,2,1,-1,5.208256,7.0798826
3276,1,43,3688,12,43,1,1,43,2,1,43,5.6185913,4.013745
3277,3,43,9832,12,43,1,1,43,2,1,43,4.0506473,7.159026
3278,1,105,95956,12,105,1,1,-1,2,1,-1,5.229456,4.7279305
3279,32,105,95956,12,105,1,1,-1,2,1,-1,4.671851,3.6153831
3280,1,30,3280,12,30,2,1,30,3,2,30,6.4042187,3.701169
3281,3,74,10528,12,74,1,1,-1,2,1,-1,3.4764323,5.5895486
3282,1,74,12472,12,74,1,1,-1,2,1,-1,5.5783234,2.7959552
3283,6,74,14776,12,74,1,1,-1,2,1,-1,7.5030055,5.6583104
3284,1,30,3284,12,30,1,1,30,2,1,30,6.1997547,6.6962023
3285,3,30,9856,12,30,1,1,30,2,1,30,7.364528,6.4145007
3286,1,74,7396,12,74,2,1,74,3,2,74,5.6165614,4.99858
3287,8,74,22192,12,74,1,1,-1,2,1,-1,5.9932814,4.6067495
3288,1,136,9232,12,136,1,1,136,2,1,136,5.5064564,6.458174
3289,3,136,11104,12,136,1,1,-1,2,1,-1,4.387136,5.4480844
3290,1,136,9232,12,136,1,1,136,2,1,136,6.3301377,5.3979626
3291,13,136,25000,12,136,1,1,-1,2,1,-1,5.7849693,7.2840204
3292,1,136,9232,12,136,2,1,136,3,2,136,4.214126,4.911897
3293,3,136,9880,12,136,1,1,136,2,1,136,4.8210535,6.1363573
3294,1,136,18772,12,136,1,1,-1,2,1,-1,7.578178,5.1133122
3295,19,136,50056,12,136,1,1,-1,2,1,-1,3.893728,3.6624515
3296,1,92,9232,12,92,1,1,92,2,1,92,5.684045,3.9230595
3297,3,123,42280,12,123,1,1,-1,2,1,-1,4.0885777,4.2002397
3298,1,30,4948,12,30,2,1,30,3,2,30,6.7590876,7.0575204
3299,6,30,14848,12,30,1,1,-1,2,1,-1,4.68043,6.737653
3300,1,136,9232,12,136,1,1,136,2,1,136,4.883675,6.4859247
3301,3,136,9904,12,136,1,1,136,2,1,136,4.282515,5.75857
3302,1,136,9232,12,136,1,1,136,2,1,136,4.386327,3.569363
3303,24,74,37636,12,74,1,1,-1,2,1,-1,7.054024,5.50699
3304,1,92,9232,12,92,2,1,92,3,2,92,5.0236635,4.817761
3305,3,48,25108,12,48,1,1,-1,2,1,-1,4.0072956,4.3643436
3306,1,92,9232,12,92,1,1,92,2,1,92,5.493483,2.8487349
3307,8,74,80512,12,74,1,1,-1,2,1,-1,4.0070133,4.8296957
3308,1,43,4192,12,43,1,1,43,2,1,43,4.6864014,7.422361
3309,3,43,9928,12,43,1,1,43,2,1,43,4.755493,4.4955783
3310,1,43,11176,12,43,2,1,-1,3,2,-1,7.59376,3.9622734
3311,42,167,190996,12,167,1,1,-1,2,1,-1,3.8176198,6.090681
3312,1,92,9232,12,92,1,1,92,2,1,92,6.4171376,3.655894
3313,3,92,9940,12,92,1,1,92,2,1,92,6.30553,3.104839
3314,1,74,9448,12,74,1,1,74,2,1,74,5.9701223,3.4654794
3315,6,74,14920,12,74,1,1,-1,2,1,-1,5.76928,6.145828
3316,1,92,9232,12,92,2,1,92,3,2,92,6.2037525,4.864964
3317,3,92,9952,12,92,1,1,92,2,1,92,4.4461293,4.886452
3318,1,43,8404,12,43,1,1,43,2,1,43,5.917171,4.2517104
3319,8,43,22408,12,43,1,1,-1,2,1,-1,5.7994213,6.3225856
3320,1,136,9232,12,136,1,1,136,2,1,136,4.5670547,4.9454274
3321,3,105,45520,12,105,1,1,-1,2,1,-1,3.79509,5.051663
3322,1,136,9232,12,136,2,1,136,3,2,136,6.2633405,4.0737505
3323,68,118,345544,12,118,1,1,-1,2,1,-1,6.1544266,5.905442
3324,1,136,18952,12,136,1,1,-1,2,1,-1,4.0487847,5.178115
3325,3,136,18952,12,136,1,1,-1,2,1,-1,6.958716,5.705604
3326,1,74,95956,12,74,1,1,-1,2,1,-1,4.2405276,5.011709
3327,29,74,170584,12,74,1,1,-1,2,1,-1,5.793405,3.250515
3328,1,17,3328,12,17,2,1,17,3,2,17,4.979917,4.609216
3329,3,92,9988,12,92,1,1,92,2,1,92,4.4522834,4.0628853
3330,1,180,250504,12,180,1,1,-1,2,1,-1,3.6726923,5.938757
3331,6,180,250504,12,180,1,1,-1,2,1,-1,6.037562,6.0509315
3332,1,30,3332,12,30,1,1,30,2,1,30,6.517795,3.8623557
3333,3,30,10000,12,30,1,1,30,2,1,30,7.227292,4.21494
3334,1,30,7504,12,30,2,1,30,3,2,30,5.4816895,6.07773
3335,11,180,250504,12,180,1,0,-1,2,1,-1,5.7608504,5.2123847
3336,1,136,9232,12,136,1,1,136,2,1,136,3.5812,5.6934466
3337,3,66,16900,12,66,1,0,-1,2,1,-1,6.580334,7.04177
3338,1,136,9232,12,136,1,1,136,2,1,136,5.456277,7.472553
3339,8,92,15028,12,92,1,0,-1,2,1,-1,3.5383086,5.204133
3340,1,136,9232,12,136,2,1,136,3,2,136,5.279803,6.4561095
3341,3,136,10024,12,136,1,0,-1,2,1,-1,5.802106,5.2305317
3342,1,43,11284,12,43,1,1,-1,2,1,-1,5.681362,3.356386
3343,11,43,33856,12,43,1,0,-1,2,1,-1,3.5785573,6.0066953
3344,1,43,3344,12,43,1,1,43,2,1,43,3.9577374,5.2568846
3345,3,136,10036,12,136,1,0,-1,2,1,-1,5.956076,3.6893022
3346,1,92,14308,12,92,2,1,-1,3,2,-1,5.5889454,3.9747882
3347,6,92,15064,12,92,1,0,-1,2,1,-1,4.6556745,3.5608633
3348,1,43,3348,12,43,1,1,43,2,1,43,4.723904,3.7263832
3349,3,43,10048,12,43,1,0,-1,2,1,-1,4.1780233,5.800156
3350,1,136,9232,12,136,1,1,136,2,1,136,6.490757,5.737172
3351,8,136,22624,12,136,1,0,-1,2,1,-1,5.1526246,4.901134
3352,1,43,3352,12,43,2,1,43,3,2,43,4.917533,3.7162406
3353,3,43,11320,12,43,1,0,-1,2,1,-1,3.6094878,5.5112424
3354,1,43,5032,12,43,1,1,43,2,1,43,6.7027664,5.2488728
3355,34,92,86020,12,92,1,0,-1,2,1,-1,6.352438,3.9767509
3356,1,87,8080,12,87,1,1,87,2,1,87,3.4353628,4.87996
3357,3,87,10072,12,87,1,0,-1,2,1,-1,5.3881,5.3180833
3358,1,87,17008,12,87,2,1,-1,3,2,-1,3.9237995,6.451566
3359,16,136,51028,12,136,1,0,-1,2,1,-1,4.3606715,2.9833155
3360,1,43,3360,12,43,1,1,43,2,1,43,7.017713,5.3292084
3361,3,43,10084,12,43,1,0,-1,2,1,-1,4.0362525,6.1537695
3362,1,43,5044,12,43,1,1,43,2,1,43,6.2870092,5.7841616
3363,6,43,15136,12,43,1,0,-1,2,1,-1,7.0514326,5.7248507
3364,1,43,4264,12,43,2,1,43,3,2,43,6.935301,3.8985584
3365,3,43,10096,12,43,1,0,-1,2,1,-1,4.093377,3.8587887
3366,1,43,7576,12,43,1,1,43,2,1,43,6.8113537,3.7368357
3367,13,87,25576,12,87,1,0,-1,2,1,-1,4.0539203,4.8013964
3368,1,43,3368,12,43,1,1,43,2,1,43,5.553413,6.5287642
3369,3,180,138400,12,180,1,0,-1,2,1,-1,5.7701545,2.8028896
3370,1,43,5056,12,43,2,1,43,3,2,43,4.9137135,5.3801312
3371,8,74,15172,12,74,1,0,-1,2,1,-1,5.550699,5.3614516
3372,1,43,3796,12,43,1,1,43,2,1,43,6.0425057,5.721819
3373,3,43,10120,12,43,1,0,-1,2,1,-1,7.6101136,4.6771493
3374,1,43,11392,12,43,1,1,-1,2,1,-1,5.215412,4.577832
3375,29,136,34180,12,136,1,0,-1,2,1,-1,6.3940763,4.8368335
3376,1,43,3376,12,43,2,1,43,3,2,43,4.6117544,3.9420903
3377,3,35,10132,12,35,1,0,-1,2,1,-1,4.7483325,4.6599936
3378,1,35,5704,12,35,1,1,35,2,1,35,5.534782,5.0505824
3379,6,35,15208,12,35,1,0,-1,2,1,-1,5.225978,5.0468397
3380,1,43,3380,12,43,1,1,43,2,1,43,6.440743,5.485798
3381,3,43,10144,12,43,1,0,-1,2,1,-1,6.2550898,5.387769
3382,1,136,21688,12,136,2,1,-1,3,2,-1,4.5477753,4.257391
3383,8,136,22840,12,136,1,0,-1,2,1,-1,6.667203,5.0507226
3384,1,35,3384,12,35,1,1,35,2,1,35,7.4945645,4.8424687
3385,3,180,32560,12,180,1,0,-1,2,1,-1,7.6072083,4.267889
3386,1,35,5080,12,35,1,1,35,2,1,35,5.712974,6.891039
3387,11,43,17152,12,43,1,0,-1,2,1,-1,6.248555,6.5381947
3388,1,35,8584,12,35,2,1,35,3,2,35,6.239122,5.402226
3389,3,35,10168,12,35,1,0,-1,2,1,-1,6.6076016,4.4465294
3390,1,180,48904,12,180,1,1,-1,2,1,-1,4.2851005,5.2705765
3391,47,180,77272,12,180,1,0,-1,2,1,-1,7.1403193,4.177062
3392,1,17,3392,12,17,1,1,17,2,1,17,5.4609036,4.1147857
3393,3,43,10180,12,43,1,0,-1,2,1,-1,4.102802,4.775561
3394,1,35,5092,12,35,2,1,35,3,2,35,5.0928736,6.0328755
3395,6,35,15280,12,35,1,0,-1,2,1,-1,6.230672,6.12138
3396,1,61,9232,12,61,1,1,61,2,1,61,7.466612,5.03726
3397,3,61,10192,12,61,1,0,-1,2,1,-1,4.8347983,4.8764625
3398,1,61,9232,12,61,1,1,61,2,1,61,5.93488,7.1100283
3399,78,118,176740,12,118,1,0,-1,2,1,-1,5.4485693,5.55686
3400,1,61,9232,12,61,2,1,61,3,2,61,6.340233,6.861528
3401,3,87,39364,12,87,1,0,-1,2,1,-1,4.016817,5.9593606
3402,1,61,9232,12,61,1,1,61,2,1,61,5.2671204,4.164802
3403,8,61,15316,12,61,1,0,-1,2,1,-1,5.2621903,4.348491
3404,1,61,9232,12,61,1,1,61,2,1,61,5.311083,6.861594
3405,3,61,10216,12,61,1,0,-1,2,1,-1,4.787991,6.9694047
3406,1,61,14560,12,61,2,1,-1,3,2,-1,6.511317,6.362315
3407,13,61,34504,12,61,1,0,-1,2,1,-1,3.7201421,6.487702
3408,1,17,3408,12,17,1,1,17,2,1,17,3.904376,3.49474
3409,3,136,41524,12,136,1,0,-1,2,1,-1,6.8807383,6.147023
3410,1,136,65608,12,136,1,1,-1,2,1,-1,4.060568,6.302453
3411,6,136,65608,12,136,1,0,-1,2,1,-1,6.43022,3.8037539
3412,1,17,3412,12,17,2,1,17,3,2,17,4.4198933,4.3073397
3413,3,17,10240,12,17,1,0,-1,2,1,-1,5.7939296,3.968885
3414,1,149,9232,12,149,1,1,149,2,1,149,7.5036254,6.088866
3415,8,149,23056,12,149,1,0,-1,2,1,-1,4.5810776,4.7189474
3416,1,56,3416,12,56,1,1,56,2,1,56,7.3383555,4.718913
3417,3,56,11536,12,56,1,0,-1,2,1,-1,3.076442,4.353446
3418,1,56,5128,12,56,2,1,56,3,2,56,3.541675,5.8378687
3419,16,149,25972,12,149,1,0,-1,2,1,-1,5.8281474,5.677161
3420,1,56,5776,12,56,1,1,56,2,1,56,6.6505346,4.6696687
3421,3,56,10264,12,56,1,0,-1,2,1,-1,6.7021947,4.224091
3422,1,149,17332,12,149,1,1,-1,2,1,-1,5.636628,3.9360394
3423,13,149,52000,12,149,1,0,-1,2,1,-1,6.6390777,5.724705
3424,1,105,9232,12,105,2,1,105,3,2,105,5.043976,3.3328474
3425,3,56,13012,12,56,1,0,-1,2,1,-1,4.8034716,6.66664
3426,1,30,5140,12,30,1,1,30,2,1,30,3.3528457,6.127612
3427,6,30,15424,12,30,1,0,-1,2,1,-1,4.629899,4.158878
3428,1,30,3428,12,30,1,1,30,2,1,30,5.3363504,3.2171443
3429,3,30,10288,12,30,1,0,-1,2,1,-1,4.8574314,5.524065
3430,1,30,7720,12,30,2,1,30,3,2,30,7.1869063,6.692075
3431,75,118,250504,12,118,1,0,-1,2,1,-1,6.0907893,5.361974
3432,1,105,9232,12,105,1,1,105,2,1,105,5.903922,5.8047266
3433,3,149,26080,12,149,1,0,-1,2,1,-1,6.6239786,4.092882
3434,1,105,9232,12,105,1,1,105,2,1,105,3.5440629,4.0946693
3435,8,149,24784,12,149,1,0,-1,2,1,-1,4.4626956,6.5731645
3436,1,149,9232,12,149,2,1,149,3,2,149,4.147859,4.4043703
3437,3,149,10312,12,149,1,0,-1,2,1,-1,5.0252094,4.6223826
3438,1,149,11608,12,149,1,1,-1,2,1,-1,6.919796,6.5865173
3439,16,149,39184,12,149,1,0,-1,2,1,-1,5.380049,5.8849125
3440,1,105,9232,12,105,1,1,105,2,1,105,3.389941,5.1619043
3441,3,105,10324,12,105,1,0,-1,2,1,-1,4.6656814,6.32784
3442,1,56,5812,12,56,2,1,56,3,2,56,5.3456354,4.684369
3443,6,56,15496,12,56,1,0,-1,2,1,-1,4.3836184,5.9000497
3444,1,105,9232,12,105,1,1,105,2,1,105,6.395668,6.12708
3445,3,105,10336,12,105,1,0,-1,2,1,-1,6.4396577,6.8285885
3446,1,56,8728,12,56,1,1,56,2,1,56,6.1491685,5.762548
3447,8,56,23272,12,56,1,0,-1,2,1,-1,5.388378,6.68065
3448,1,43,4372,12,43,2,1,43,3,2,43,4.655545,5.541023
3449,3,149,44224,12,149,1,0,-1,2,1,-1,5.056582,7.154249
3450,1,43,5176,12,43,1,1,43,2,1,43,5.7590966,3.5308678
3451,13,56,17476,12,56,1,0,-1,2,1,-1,4.0155864,5.244963
3452,1,43,13120,12,43,1,1,-1,2,1,-1,4.323359,3.8237925
3453,3,43,13120,12,43,1,0,-1,2,1,-1,4.4727354,5.977366
3454,1,56,39364,12,56,2,1,-1,3,2,-1,5.02849,4.8609314
3455,21,56,118096,12,56,1,0,-1,2,1,-1,6.385854,4.129474
3456,1,118,9232,12,118,1,1,118,2,1,118,5.0514455,5.7490416
3457,3,43,10372,12,43,1,0,-1,2,1,-1,4.7055573,6.486834
3458,1,105,9232,12,105,1,1,105,2,1,105,6.139509,2.9574437
3459,6,105,15568,12,105,1,0,-1,2,1,-1,6.0592275,3.0748796
3460,1,149,9232,12,149,2,1,149,3,2,149,4.5336947,5.4911857
3461,3,149,10384,12,149,1,0,-1,2,1,-1,6.64958,6.6464186
3462,1,149,9232,12,149,1,1,149,2,1,149,5.065408,5.5996614
3463,11,105,23380,12,105,1,0,-1,2,1,-1,6.7334895,6.6804013
3464,1,30,3464,12,30,1,1,30,2,1,30,5.422626,5.555646
3465,3,149,19744,12,149,1,0,-1,2,1,-1,5.785028,4.387908
3466,1,30,5200,12,30,2,1,30,3,2,30,5.2501616,7.369593
3467,8,149,15604,12,149,1,0,-1,2,1,-1,3.9749804,4.0737343
3468,1,30,3904,12,30,1,1,30,2,1,30,5.9167986,4.270276
3469,3,30,10408,12,30,1,0,-1,2,1,-1,6.853928,3.7576797
3470,1,105,11716,12,105,1,1,-1,2,1,-1,3.624045,5.0600786
3471,11,105,35152,12,105,1,0,-1,2,1,-1,5.0187254,4.221703
3472,1,30,3472,12,30,2,1,30,3,2,30,5.883328,6.9773374
3473,3,105,10420,12,105,1,0,-1,2,1,-1,6.1539187,3.2563777
3474,1,105,9232,12,105,1,1,105,2,1,105,4.0938797,5.3274894
3475,6,105,15640,12,105,1,0,-1,2,1,-1,5.854888,3.519571
3476,1,30,3476,12,30,1,1,30,2,1,30,4.128229,6.275588
3477,3,30,10432,12,30,1,0,-1,2,1,-1,3.5777545,4.904031
3478,1,56,7828,12,56,2,1,56,3,2,56,6.3816023,5.6959696
3479,8,56,23488,12,56,1,0,-1,2,1,-1,5.2025495,3.5204906
3480,1,30,3480,12,30,1,1,30,2,1,30,3.3234506,4.819984
3481,3,56,11752,12,56,1,0,-1,2,1,-1,4.5211954,5.7909265
3482,1,30,5224,12,30,1,1,30,2,1,30,6.1251163,4.6372886
3483,21,87,80512,12,87,1,0,-1,2,1,-1,4.986607,5.29431
3484,1,180,190996,12,180,2,1,-1,3,2,-1,5.865744,5.709723
3485,3,180,190996,12,180,1,0,-1,2,1,-1,7.2740836,5.7710414
3486,1,180,190996,12,180,1,1,-1,2,1,-1,6.4470544,3.2984803
3487,26,131,67048,12,131,1,0,-1,2,1,-1,4.303319,7.181636
3488,1,118,9232,12,118,1,1,118,2,1,118,5.51326,4.7448487
3489,3,87,10468,12,87,1,0,-1,2,1,-1,6.099935,5.0211825
3490,1,149,9232,12,149,2,1,149,3,2,149,2.981666,5.069071
3491,6,149,15712,12,149,1,0,-1,2,1,-1,4.910766,3.6844614
3492,1,149,9232,12,149,1,1,149,2,1,149,6.6996074,6.1438804
3493,3,149,10480,12,149,1,0,-1,2,1,-1,6.4926667,5.7758617
3494,1,149,9232,12,149,1,1,149,2,1,149,5.530173,6.826822
3495,16,56,26548,12,56,1,0,-1,2,1,-1,5.6953936,2.915232
3496,1,118,9232,12,118,2,1,118,3,2,118,5.8278284,5.49298
3497,3,105,59776,12,105,1,0,-1,2,1,-1,4.447611,6.0414014
3498,1,118,9232,12,118,1,1,118,2,1,118,4.4705873,5.6833277
3499,8,131,345544,12,131,1,0,-1,2,1,-1,6.339441,5.2045135
3500,1,30,3940,12,30,1,1,30,2,1,30,5.2744427,4.549459
3501,3,30,10504,12,30,1,0,-1,2,1,-1,3.4766848,4.9049873
3502,1,30,11824,12,30,2,1,-1,3,2,-1,4.1346908,6.2065406
3503,13,87,95956,12,87,1,0,-1,2,1,-1,7.765732,4.7685127
3504,1,56,3504,12,56,1,1,56,2,1,56,3.0377803,4.8721194
3505,3,56,10516,12,56,1,0,-1,2,1,-1,6.5554624,6.9646354
3506,1,56,5920,12,56,1,1,56,2,1,56,6.741121,6.6816607
3507,6,56,15784,12,56,1,0,-1,2,1,-1,5.714396,5.978931
3508,1,56,3508,12,56,2,1,56,3,2,56,4.181163,3.952134
3509,3,56,10528,12,56,1,0,-1,2,1,-1,5.238174,3.613012
3510,1,43,13336,12,43,1,1,-1,2,1,-1,5.965317,2.8553057
3511,8,43,23704,12,43,1,0,-1,2,1,-1,3.931867,4.4474297
3512,1,56,3512,12,56,1,1,56,2,1,56,5.2551103,3.396646
3513,3,56,11860,12,56,1,0,-1,2,1,-1,4.5675554,5.803513
3514,1,56,5272,12,56,2,1,56,3,2,56,4.148321,4.8022647
3515,11,149,17800,12,149,1,0,-1,2,1,-1,5.2171254,3.5700936
3516,1,149,10024,12,149,1,1,-1,2,1,-1,4.033584,6.1670527
3517,3,149,10552,12,149,1,0,-1,2,1,-1,7.042811,5.5187144
3518,1,149,26728,12,149,1,1,-1,2,1,-1,7.10156,5.713039
3519,39,79,202984,12,79,1,0,-1,2,1,-1,6.6510587,5.831906
3520,1,118,9232,12,118,2,1,118,3,2,118,4.325064,4.55629
3521,3,105,14308,12,105,1,0,-1,2,1,-1,5.543668,4.140351
3522,1,105,15064,12,105,1,1,-1,2,1,-1,3.8992693,4.058046
3523,6,105,15856,12,105,1,0,-1,2,1,-1,5.974125,3.9358118
3524,1,118,9232,12,118,1,1,118,2,1,118,5.7279844,6.707307
3525,3,118,10576,12,118,1,0,-1,2,1,-1,5.071284,5.2498994
3526,1,118,9232,12,118,2,1,118,3,2,118,4.937785,3.0441213
3527,13,56,23812,12,56,1,0,-1,2,1,-1,3.7556176,4.678219
3528,1,30,3528,12,30,1,1,30,2,1,30,3.2972798,6.3712306
3529,3,56,17872,12,56,1,0,-1,2,1,-1,6.1194105,3.9419692
3530,1,30,5296,12,30,1,1,30,2,1,30,6.7660108,6.0401616
3531,8,100,15892,12,100,1,0,-1,2,1,-1,6.8474092,5.6742606
3532,1,30,3976,12,30,2,1,30,3,2,30,7.033999,3.6741154
3533,3,30,10600,12,30,1,0,-1,2,1,-1,5.5022755,5.5325327
3534,1,149,22660,12,149,1,1,-1,2,1,-1,6.001803,4.285529
3535,26,149,35800,12,149,1,0,-1,2,1,-1,3.786587,3.8284798
3536,1,118,9232,12,118,1,1,118,2,1,118,5.7011795,6.2638745
3537,3,30,10612,12,30,1,0,-1,2,1,-1,6.6660604,6.30276
3538,1,56,13444,12,56,2,1,-1,3,2,-1,4.4384837,4.2428026
3539,6,56,15928,12,56,1,0,-1,2,1,-1,4.745954,4.8941813
3540,1,118,9232,12,118,1,1,118,2,1,118,4.3758035,5.8449087
3541,3,118,10624,12,118,1,0,-1,2,1,-1,6.058183,5.680192
3542,1,56,10096,12,56,1,1,-1,2,1,-1,5.828753,3.8658512
3543,8,56,23920,12,56,1,0,-1,2,1,-1,6.5090747,3.5005631
3544,1,56,3544,12,56,2,1,56,3,2,56,5.518715,5.951047
3545,3,56,11968,12,56,1,0,-1,2,1,-1,7.1548505,5.826238
3546,1,56,5320,12,56,1,1,56,2,1,56,5.3228374,3.2710683
3547,13,56,26944,12,56,1,0,-1,2,1,-1,3.7599702,5.348793
3548,1,56,5992,12,56,1,1,56,2,1,56,4.253311,5.8508024
3549,3,56,10648,12,56,1,0,-1,2,1,-1,3.7382486,4.8810754
3550,1,87,45520,12,87,2,1,-1,3,2,-1,4.122278,3.9254727
3551,21,87,53944,12,87,1,0,-1,2,1,-1,6.300134,5.9459443
3552,1,74,9232,12,74,1,1,74,2,1,74,5.495927,3.5066128
3553,3,56,20248,12,56,1,0,-1,2,1,-1,4.8639536,5.5210395
3554,1,118,9232,12,118,1,1,118,2,1,118,5.205412,3.0458512
3555,6,118,16000,12,118,1,0,-1,2,1,-1,4.697222,5.7612276
3556,1,149,21688,12,149,2,1,-1,3,2,-1,6.140833,3.8444486
3557,3,149,21688,12,149,1,0,-1,2,1,-1,4.0337286,6.3156223
3558,1,149,21688,12,149,1,1,-1,2,1,-1,6.473665,5.2589664
3559,19,48,40552,12,48,1,0,-1,2,1,-1,4.5260406,6.6728315
3560,1,74,9232,12,74,1,1,74,2,1,74,5.8204856,6.3569493
3561,3,48,30436,12,48,1,0,-1,2,1,-1,6.68585,6.8498616
3562,1,74,9232,12,74,2,1,74,3,2,74,4.3444877,4.14077
3563,8,162,250504,12,162,1,0,-1,2,1,-1,5.0527472,6.264282
3564,1,48,8584,12,48,1,1,48,2,1,48,6.35906,3.6271987
3565,3,48,10696,12,48,1,0,-1,2,1,-1,5.092027,5.037182
3566,1,48,12040,12,48,1,1,-1,2,1,-1,3.9632752,3.7354803
3567,57,193,146500,12,193,1,0,-1,2,1,-1,4.2609763,7.0462184
3568,1,74,9232,12,74,2,1,74,3,2,74,5.766162,5.8556376
3569,3,74,10708,12,74,1,0,-1,2,1,-1,6.438649,5.3661146
3570,1,30,6784,12,30,1,1,30,2,1,30,7.3560486,5.145779
3571,6,30,16072,12,30,1,0,-1,2,1,-1,5.5223355,5.7006445
3572,1,74,9232,12,74,1,1,74,2,1,74,4.842272,3.4306462
3573,3,74,10720,12,74,1,0,-1,2,1,-1,4.621935,6.327743
3574,1,48,15280,12,48,2,1,-1,3,2,-1,3.5532253,6.2382693
3575,8,48,24136,12,48,1,0,-1,2,1,-1,5.923817,5.8003993
3576,1,100,39364,12,100,1,1,-1,2,1,-1,6.508975,4.0943723
3577,3,74,13588,12,74,1,0,-1,2,1,-1,6.7424817,3.3944783
3578,1,100,39364,12,100,1,1,-1,2,1,-1,6.3099246,7.212168
3579,16,74,20392,12,74,1,0,-1,2,1,-1,5.006092,5.6610813
3580,1,100,39364,12,100,2,1,-1,3,2,-1,6.3123155,5.34602
3581,3,100,39364,12,100,1,0,-1,2,1,-1,3.7958064,5.610923
3582,1,100,103336,12,100,1,1,-1,2,1,-1,5.302212,4.517122
3583,29,100,275560,12,100,1,0,-1,2,1,-1,3.743172,6.1880183
3584,1,25,3584,12,25,1,1,25,2,1,25,3.5957935,4.7691684
3585,3,74,14560,12,74,1,0,-1,2,1,-1,6.8756924,4.9749312
3586,1,118,9232,12,118,2,1,118,3,2,118,5.799995,4.399132
3587,6,118,16144,12,118,1,0,-1,2,1,-1,4.9938083,2.5567813
3588,1,69,3588,12,69,1,1,69,2,1,69,6.549457,5.7452035
3589,3,69,10768,12,69,1,0,-1,2,1,-1,4.625303,3.5120308
3590,1,69,8080,12,69,1,1,69,2,1,69,4.8769717,5.2734823
3591,11,149,65608,12,149,1,0,-1,2,1,-1,4.197526,6.2011213
3592,1,118,9232,12,118,2,1,118,3,2,118,7.297274,5.11745
3593,3,30,18196,12,30,1,0,-1,2,1,-1,6.2808967,5.5449176
3594,1,118,9232,12,118,1,1,118,2,1,118,4.2278085,6.838895
3595,8,69,16180,12,69,1,0,-1,2,1,-1,2.9787133,4.6086974
3596,1,118,9232,12,118,1,1,118,2,1,118,6.3547845,5.7315903
3597,3,118,10792,12,118,1,0,-1,2,1,-1,7.305087,5.068832
3598,1,69,12148,12,69,2,1,-1,3,2,-1,6.5910378,3.3225403
3599,11,69,36448,12,69,1,0,-1,2,1,-1,7.0366096,6.2276497
3600,1,56,4372,12,56,1,1,56,2,1,56,5.328401,6.135105
3601,3,118,10804,12,118,1,0,-1,2,1,-1,6.1219163,3.3232896
3602,1,162,17332,12,162,1,1,-1,2,1,-1,6.6004477,4.708215
3603,6,162,17332,12,162,1,0,-1,2,1,-1,5.9989605,6.3311152
3604,1,56,4372,12,56,2,1,56,3,2,56,6.355466,6.3365355
3605,3,56,10816,12,56,1,0,-1,2,1,-1,4.387548,6.7242184
3606,1,43,8116,12,43,1,1,43,2,1,43,5.6693316,6.820353
3607,8,43,24352,12,43,1,0,-1,2,1,-1,5.009288,2.9309402
3608,1,56,4372,12,56,1,1,56,2,1,56,4.3147583,5.977679
3609,3,43,12184,12,43,1,0,-1,2,1,-1,5.0015116,4.385887
3610,1,56,5416,12,56,2,1,56,3,2,56,5.8038816,5.2251678
3611,24,69,61720,12,69,1,0,-1,2,1,-1,5.3722377,4.616886
3612,1,118,9232,12,118,1,1,118,2,1,118,3.4592402,3.890469
3613,3,118,10840,12,118,1,0,-1,2,1,-1,5.6483936,6.644101
3614,1,118,18304,12,118,1,1,-1,2,1,-1,5.638162,3.7033036
3615,29,69,54916,12,69,1,0,-1,2,1,-1,6.4107513,5.7614756
3616,1,17,3616,12,17,2,1,17,3,2,17,4.4215593,6.2178183
3617,3,162,10852,12,162,1,0,-1,2,1,-1,6.1254272,4.6676965
3618,1,56,5428,12,56,1,1,56,2,1,56,5.270106,4.29745
3619,6,56,16288,12,56,1,0,-1,2,1,-1,6.5340433,6.631384
3620,1,69,5812,12,69,1,1,69,2,1,69,5.0318336,4.624143
3621,3,69,10864,12,69,1,0,-1,2,1,-1,4.797647,5.4563513
3622,1,69,8152,12,69,2,1,69,3,2,69,6.024098,5.315722
3623,13,118,27520,12,118,1,0,-1,2,1,-1,4.8194604,7.102362
3624,1,17,3624,12,17,1,1,17,2,1,17,5.2844944,5.003114
3625,3,69,69712,12,69,1,0,-1,2,1,-1,4.4926515,4.947628
3626,1,17,5440,12,17,1,1,17,2,1,17,5.9026513,4.494496
3627,8,56,16324,12,56,1,0,-1,2,1,-1,4.7216854,5.4791613
3628,1,56,13120,12,56,2,1,-1,3,2,-1,6.912811,4.0189548
3629,3,56,13120,12,56,1,0,-1,2,1,-1,7.283235,6.0078382
3630,1,56,13120,12,56,1,1,-1,2,1,-1,3.6139605,6.7702584
3631,60,100,176740,12,100,1,0,-1,2,1,-1,5.2210007,7.218455
3632,1,17,3632,12,17,1,1,17,2,1,17,5.937759,4.1238556
3633,3,69,39364,12,69,1,0,-1,2,1,-1,5.8426576,5.446502
3634,1,69,39364,12,69,2,1,-1,3,2,-1,4.286346,3.4424095
3635,6,69,39364,12,69,1,0,-1,2,1,-1,7.2705727,5.516405
3636,1,17,3636,12,17,1,1,17,2,1,17,5.1867805,2.6407228
3637,3,17,10912,12,17,1,0,-1,2,1,-1,6.950572,3.2156887
3638,1,162,1276936,12,162,1,1,-1,2,1,-1,5.67844,4.3446627
3639,8,162,1276936,12,162,1,0,-1,2,1,-1,5.0278697,4.460273
3640,1,43,3640,12,43,2,1,43,3,2,43,5.162012,5.373443
3641,3,118,12292,12,118,1,0,-1,2,1,-1,3.7672648,6.180792
3642,1,43,5464,12,43,1,1,43,2,1,43,7.846199,5.6689796
3643,11,162,18448,12,162,1,0,-1,2,1,-1,5.542988,6.004785
3644,1,43,9232,12,43,1,1,43,2,1,43,3.8065896,5.845528
3645,3,43,10936,12,43,1,0,-1,2,1,-1,6.5168962,6.5970736
3646,1,162,27700,12,162,2,1,-1,3,2,-1,6.8780293,4.6097293
3647,16,162,83104,12,162,1,0,-1,2,1,-1,3.8154683,5.7968626
3648,1,38,3648,12,38,1,1,38,2,1,38,5.951903,5.5058956
3649,3,43,10948,12,43,1,0,-1,2,1,-1,4.4096956,5.318183
3650,1,43,5476,12,43,1,1,43,2,1,43,3.7067523,5.229091
3651,6,43,16432,12,43,1,0,-1,2,1,-1,6.3313384,6.3181534
3652,1,131,9232,12,131,2,1,131,3,2,131,4.2362585,4.190572
3653,3,131,10960,12,131,1,0,-1,2,1,-1,5.826397,5.8323545
3654,1,131,9232,12,131,1,1,131,2,1,131,6.7211676,6.052108
3655,16,118,24676,12,118,1,0,-1,2,1,-1,6.521419,3.7704349
3656,1,131,9232,12,131,1,1,131,2,1,131,5.4198813,5.7935166
3657,3,118,18520,12,118,1,0,-1,2,1,-1,4.6830683,2.857541
3658,1,131,9232,12,131,2,1,131,3,2,131,3.8187888,4.4583173
3659,8,131,16468,12,131,1,0,-1,2,1,-1,5.149504,6.1651416
3660,1,131,9232,12,131,1,1,131,2,1,131,6.860409,5.3701653
3661,3,131,10984,12,131,1,0,-1,2,1,-1,5.396414,5.509759
3662,1,69,13912,12,69,1,1,-1,2,1,-1,5.0942407,5.5877333
3663,13,69,37096,12,69,1,0,-1,2,1,-1,5.3439245,5.7009196
3664,1,38,3664,12,38,2,1,38,3,2,38,5.085452,4.421956
3665,3,43,10996,12,43,1,0,-1,2,1,-1,5.0412674,5.4397774
3666,1,43,20896,12,43,1,1,-1,2,1,-1,4.7962785,4.149565
3667,6,43,20896,12,43,1,0,-1,2,1,-1,3.7249587,3.89525
3668,1,38,3668,12,38,1,1,38,2,1,38,4.370724,2.957564
3669,3,38,11008,12,38,1,0,-1,2,1,-1,3.7135472,6.052499
3670,1,131,9232,12,131,2,1,131,3,2,131,5.837092,5.992058
3671,8,131,24784,12,131,1,0,-1,2,1,-1,6.880521,4.1170673
3672,1,131,9232,12,131,1,1,131,2,1,131,7.1136246,5.746557
3673,3,162,12400,12,162,1,0,-1,2,1,-1,5.993277,5.177177
3674,1,131,9232,12,131,1,1,131,2,1,131,4.219738,5.585945
3675,19,100,31408,12,100,1,0,-1,2,1,-1,6.0438933,6.0496798
3676,1,131,9232,12,131,2,1,131,3,2,131,4.630428,5.7343316
3677,3,131,11032,12,131,1,0,-1,2,1,-1,5.0179806,6.104181
3678,1,162,18628,12,162,1,1,-1,2,1,-1,5.559274,3.094054
3679,13,162,55888,12,162,1,0,-1,2,1,-1,3.995686,6.300525
3680,1,38,3680,12,38,1,1,38,2,1,38,3.1977212,5.2741876
3681,3,131,13984,12,131,1,0,-1,2,1,-1,4.5164037,4.764779
3682,1,131,9232,12,131,2,1,131,3,2,131,6.687715,4.5775676
3683,6,131,16576,12,131,1,0,-1,2,1,-1,5.5105968,3.315874
3684,1,131,9232,12,131,1,1,131,2,1,131,5.2905636,2.7806497
3685,3,131,11056,12,131,1,0,-1,2,1,-1,3.6405,5.090625
3686,1,131,9232,12,131,1,1,131,2,1,131,4.3399096,3.0522087
3687,21,43,63016,12,43,1,0,-1,2,1,-1,5.323293,4.97784
3688,1,38,3688,12,38,2,1,38,3,2,38,6.0288515,4.0326777
3689,3,100,95956,12,100,1,0,-1,2,1,-1,4.415388,7.234935
3690,1,38,5536,12,38,1,1,38,2,1,38,6.9243608,5.7362704
3691,8,69,16612,12,69,1,0,-1,2,1,-1,6.1196327,4.370732
3692,1,69,10528,12,69,1,1,-1,2,1,-1,3.550309,6.225502
3693,3,69,11080,12,69,1,0,-1,2,1,-1,5.0391774,7.4683623
3694,1,69,12472,12,69,2,1,-1,3,2,-1,4.4950624,5.393798
3695,26,206,250504,12,206,1,0,-1,2,1,-1,6.9500184,5.545766
3696,1,131,9232,12,131,1,1,131,2,1,131,4.525934,5.9745574
3697,3,38,11092,12,38,1,0,-1,2,1,-1,5.5440855,2.8783255
3698,1,69,6244,12,69,1,1,69,2,1,69,4.624613,3.9325347
3699,6,69,16648,12,69,1,0,-1,2,1,-1,5.7885523,4.9203644
3700,1,131,9232,12,131,2,1,131,3,2,131,4.3338046,5.117959
3701,3,131,11104,12,131,1,0,-1,2,1,-1,4.9845595,7.3820086
3702,1,131,9376,12,131,1,1,131,2,1,131,4.450277,3.7819033
3703,8,131,25000,12,131,1,0,-1,2,1,-1,5.2907624,3.1638868
3704,1,131,9232,12,131,1,1,131,2,1,131,3.7914598,5.946405
3705,3,162,26728,12,162,1,0,-1,2,1,-1,5.387818,7.4460564
3706,1,131,9232,12,131,2,1,131,3,2,131,4.451873,3.6875288
3707,13,131,18772,12,131,1,0,-1,2,1,-1,5.146765,3.6242168
3708,1,118,15856,12,118,1,1,-1,2,1,-1,6.777494,6.461236
3709,3,118,15856,12,118,1,0,-1,2,1,-1,4.8102584,7.156638
3710,1,118,42280,12,118,1,1,-1,2,1,-1,7.456928,5.4898067
3711,60,237,481624,12,237,1,0,-1,2,1,-1,3.0257413,4.926167
3712,1,25,3712,12,25,2,1,25,3,2,25,7.0729055,5.2422047
3713,3,69,23812,12,69,1,0,-1,2,1,-1,5.9080076,4.629841
3714,1,38,5572,12,38,1,1,38,2,1,38,4.6399884,4.161417
3715,6,38,16720,12,38,1,0,-1,2,1,-1,4.460827,4.6058297
3716,1,131,9232,12,131,1,1,131,2,1,131,4.130062,5.883126
3717,3,131,11152,12,131,1,0,-1,2,1,-1,5.0649056,6.169186
3718,1,131,9232,12,131,2,1,131,3,2,131,4.1856275,3.8073936
3719,11,43,25108,12,43,1,0,-1,2,1,-1,3.501717,6.2296166
3720,1,38,3720,12,38,1,1,38,2,1,38,5.8150887,5.766372
3721,3,69,80512,12,69,1,0,-1,2,1,-1,7.1709385,5.3788548
3722,1,38,5584,12,38,1,1,38,2,1,38,3.3623555,5.8306746
3723,8,131,16756,12,131,1,0,-1,2,1,-1,5.5995693,7.3950553
3724,1,38,4192,12,38,2,1,38,3,2,38,7.4922695,5.5488615
3725,3,38,11176,12,38,1,0,-1,2,1,-1,6.3162107,5.999597
3726,1,69,15928,12,69,1,1,-1,2,1,-1,4.8720946,6.1292753
3727,11,69,37744,12,69,1,0,-1,2,1,-1,5.9199634,3.9924023
3728,1,87,9232,12,87,1,1,87,2,1,87,7.3374877,3.7525508
3729,3,69,11188,12,69,1,0,-1,2,1,-1,5.202552,4.2078156
3730,1,69,9448,12,69,2,1,69,3,2,69,6.133262,6.837411
3731,6,69,16792,12,69,1,0,-1,2,1,-1,5.9430337,7.2957144
3732,1,87,9232,12,87,1,1,87,2,1,87,4.56028,4.704855
3733,3,87,11200,12,87,1,0,-1,2,1,-1,6.0785503,3.5462382
3734,1,38,8404,12,38,1,1,38,2,1,38,4.6896043,6.5927963
3735,8,38,25216,12,38,1,0,-1,2,1,-1,4.5384593,4.2360034
3736,1,87,9232,12,87,2,1,87,3,2,87,3.509877,4.9634585
3737,3,100,45520,12,100,1,0,-1,2,1,-1,5.0181193,7.48295
3738,1,87,9232,12,87,1,1,87,2,1,87,5.496811,6.1205416
3739,63,113,345544,12,113,1,0,-1,2,1,-1,5.3563643,6.18242
3740,1,131,9232,12,131,1,1,131,2,1,131,5.18765,5.9029665
3741,3,131,11224,12,131,1,0,-1,2,1,-1,5.7065687,6.6059566
3742,1,131,18952,12,131,2,1,-1,3,2,-1,4.286083,6.1226177
3743,24,69,95956,12,69,1,0,-1,2,1,-1,5.6187773,6.992571
3744,1,25,3744,12,25,1,1,25,2,1,25,6.123746,5.1959224
3745,3,162,21688,12,162,1,0,-1,2,1,-1,5.2671413,6.822743
3746,1,87,9232,12,87,1,1,87,2,1,87,5.4729943,6.3418465
3747,6,87,16864,12,87,1,0,-1,2,1,-1,7.5016127,5.5708866
3748,1,175,250504,12,175,2,1,-1,3,2,-1,6.385203,5.9139132
3749,3,175,250504,12,175,1,0,-1,2,1,-1,6.1157928,4.252395
3750,1,175,250504,12,175,1,1,-1,2,1,-1,4.825989,5.2386103
3751,42,61,32056,12,61,1,0,-1,2,1,-1,7.4010735,6.7802086
3752,1,25,3752,12,25,1,1,25,2,1,25,5.8345847,4.276088
3753,3,162,144340,12,162,1,0,-1,2,1,-1,5.438589,7.1613126
3754,1,25,5632,12,25,2,1,25,3,2,25,6.749027,4.8268695
3755,8,61,16900,12,61,1,0,-1,2,1,-1,5.9930973,3.7363923
3756,1,87,9232,12,87,1,1,87,2,1,87,5.2489414,5.67442
3757,3,87,11272,12,87,1,0,-1,2,1,-1,5.19931,4.9581327
3758,1,87,12688,12,87,1,1,-1,2,1,-1,5.692407,3.0147164
3759,13,87,38068,12,87,1,0,-1,2,1,-1,4.0194983,5.237936
3760,1,131,9232,12,131,2,1,131,3,2,131,5.3315215,5.3020744
3761,3,38,11284,12,38,1,0,-1,2,1,-1,5.8259764,7.2499213
3762,1,38,6352,12,38,1,1,38,2,1,38,7.099317,3.6148245
3763,6,38,16936,12,38,1,0,-1,2,1,-1,3.2939324,6.4277596
3764,1,131,9232,12,131,1,1,131,2,1,131,6.363941,4.5605254
3765,3,131,11296,12,131,1,0,-1,2,1,-1,6.069037,6.247668
3766,1,87,14308,12,87,2,1,-1,3,2,-1,3.874185,4.181612
3767,8,87,25432,12,87,1,0,-1,2,1,-1,7.162787,3.781194
3768,1,131,9232,12,131,1,1,131,2,1,131,4.9029975,5.5405293
3769,3,113,39364,12,113,1,0,-1,2,1,-1,5.900498,6.9500847
3770,1,131,9232,12,131,1,1,131,2,1,131,7.0038023,5.794808
3771,11,113,39364,12,113,1,0,-1,2,1,-1,5.5089226,4.5674205
3772,1,38,9556,12,38,2,1,38,3,2,38,5.7125607,7.0017376
3773,3,38,11320,12,38,1,0,-1,2,1,-1,3.5361638,5.4754586
3774,1,38,28672,12,38,1,1,-1,2,1,-1,5.626088,4.9398937
3775,29,87,86020,12,87,1,0,-1,2,1,-1,5.7597795,3.3493922
3776,1,38,3776,12,38,1,1,38,2,1,38,4.89862,2.9022741
3777,3,131,11332,12,131,1,0,-1,2,1,-1,4.1522894,5.263507
3778,1,82,8080,12,82,2,1,82,3,2,82,4.4383545,4.5491314
3779,6,82,17008,12,82,1,0,-1,2,1,-1,3.5806656,5.443603
3780,1,38,3780,12,38,1,1,38,2,1,38,5.3922677,4.4805546
3781,3,38,11344,12,38,1,0,-1,2,1,-1,6.286794,3.4505773
3782,1,38,8512,12,38,1,1,38,2,1,38,5.668511,4.982626
3783,13,131,25540,12,131,1,0,-1,2,1,-1,6.2146845,5.6643667
3784,1,38,3784,12,38,2,1,38,3,2,38,4.413106,6.3041368
3785,3,131,19168,12,131,1,0,-1,2,1,-1,4.5118,4.692375
3786,1,38,5680,12,38,1,1,38,2,1,38,4.4617705,5.930249
3787,8,82,17044,12,82,1,0,-1,2,1,-1,5.011149,6.8791676
3788,1,38,4264,12,38,1,1,38,2,1,38,5.044354,5.444423
3789,3,38,11368,12,38,1,0,-1,2,1,-1,2.965928,4.980871
3790,1,175,138400,12,175,2,1,-1,3,2,-1,5.042927,4.2052135
3791,39,175,138400,12,175,1,0,-1,2,1,-1,3.4574215,6.2052155
3792,1,38,3792,12,38,1,1,38,2,1,38,5.90898,5.8542194
3793,3,69,11380,12,69,1,0,-1,2,1,-1,4.8891964,6.2718225
3794,1,69,14416,12,69,1,1,-1,2,1,-1,3.995937,6.7015953
3795,6,69,17080,12,69,1,0,-1,2,1,-1,5.002008,4.0929427
3796,1,38,3796,12,38,2,1,38,3,2,38,4.6506443,3.700146
3797,3,38,11392,12,38,1,0,-1,2,1,-1,6.0690985,4.932538
3798,1,69,8548,12,69,1,1,69,2,1,69,3.3585653,5.920852
3799,8,69,25648,12,69,1,0,-1,2,1,-1,6.628133,4.528662
3800,1,30,3800,12,30,1,1,30,2,1,30,4.9330335,5.7792416
3801,3,30,12832,12,30,1,0,-1,2,1,-1,5.9408007,5.8259587
3802,1,30,5704,12,30,2,1,30,3,2,30,5.6584034,5.0243664
3803,13,82,61720,12,82,1,0,-1,2,1,-1,7.0664015,3.7189925
3804,1,30,6424,12,30,1,1,30,2,1,30,5.5710464,3.4144108
3805,3,30,11416,12,30,1,0,-1,2,1,-1,4.9764094,6.7462716
3806,1,131,21688,12,131,1,1,-1,2,1,-1,5.011333,3.60507
3807,16,131,57832,12,131,1,0,-1,2,1,-1,4.1757584,5.3199506
3808,1,38,3808,12,38,2,1,38,3,2,38,6.061381,4.576707
3809,3,175,32560,12,175,1,0,-1,2,1,-1,4.0243316,4.203225
3810,1,38,5716,12,38,1,1,38,2,1,38,4.0791006,5.8945446
3811,6,38,17152,12,38,1,0,-1,2,1,-1,7.094107,6.52277
3812,1,30,3812,12,30,1,1,30,2,1,30,5.4058833,4.361703
3813,3,30,11440,12,30,1,0,-1,2,1,-1,3.5514164,6.7363305
3814,1,30,8584,12,30,2,1,30,3,2,30,7.0531435,6.3830833
3815,26,175,48904,12,175,1,0,-1,2,1,-1,4.3308754,2.9239273
3816,1,38,3816,12,38,1,1,38,2,1,38,5.249529,6.8952403
3817,3,82,28996,12,82,1,0,-1,2,1,-1,6.6475735,5.3959136
3818,1,38,5728,12,38,1,1,38,2,1,38,6.998703,5.17942
3819,8,30,21760,12,30,1,0,-1,2,1,-1,4.779738,4.3032174
3820,1,30,4840,12,30,2,1,30,3,2,30,3.9345212,6.746796
3821,3,30,11464,12,30,1,0,-1,2,1,-1,5.9651093,6.6676974
3822,1,30,12904,12,30,1,1,-1,2,1,-1,4.875616,4.1019955
3823,52,175,98008,12,175,1,0,-1,2,1,-1,4.702722,5.8151436
3824,1,56,9232,12,56,1,1,56,2,1,56,4.4263325,5.740086
3825,3,38,11476,12,38,1,0,-1,2,1,-1,4.489467,4.1730385
3826,1,82,39364,12,82,2,1,-1,3,2,-1,4.867115,5.3597107
3827,6,82,39364,12,82,1,0,-1,2,1,-1,6.9533606,6.7845907
3828,1,56,9232,12,56,1,1,56,2,1,56,4.623053,4.688416
3829,3,56,11488,12,56,1,0,-1,2,1,-1,6.757518,4.468303
3830,1,175,1276936,12,175,1,1,-1,2,1,-1,5.48837,2.6514142
3831,8,175,1276936,12,175,1,0,-1,2,1,-1,6.3080297,3.5573432
3832,1,56,9232,12,56,2,1,56,3,2,56,7.0203285,4.217035
3833,3,56,14560,12,56,1,0,-1,2,1,-1,5.1063256,4.0571365
3834,1,56,9232,12,56,1,1,56,2,1,56,6.7830005,5.0990615
3835,21,131,32776,12,131,1,0,-1,2,1,-1,4.4494023,3.6488075
3836,1,131,41524,12,131,1,1,-1,2,1,-1,4.0541778,4.877326
3837,3,131,41524,12,131,1,0,-1,2,1,-1,3.267901,4.312514
3838,1,131,65608,12,131,2,1,-1,3,2,-1,6.9921083,5.108327
3839,63,113,897856,12,113,1,0,-1,2,1,-1,5.7924113,5.4459896
3840,1,25,3840,12,25,1,1,25,2,1,25,7.068696,5.0888247
3841,3,38,11524,12,38,1,0,-1,2,1,-1,4.899518,2.8459764
3842,1,144,9232,12,144,1,1,144,2,1,144,4.166648,6.7273345
3843,6,144,17296,12,144,1,0,-1,2,1,-1,5.652089,4.605173
3844,1,51,3844,12,51,2,1,51,3,2,51,4.524995,6.519235
3845,3,51,11536,12,51,1,0,-1,2,1,-1,4.9920764,4.159979
3846,1,51,8656,12,51,1,1,51,2,1,51,7.3161907,3.9318554
3847,11,144,25972,12,144,1,0,-1,2,1,-1,3.942278,6.668227
3848,1,51,3848,12,51,1,1,51,2,1,51,5.545348,4.397726
3849,3,131,24676,12,131,1,0,-1,2,1,-1,7.297828,6.5625396
3850,1,51,5776,12,51,2,1,51,3,2,51,5.155149,4.445185
3851,8,144,17332,12,144,1,0,-1,2,1,-1,4.4113994,4.594557
3852,1,51,4336,12,51,1,1,51,2,1,51,5.2316985,5.7673397
3853,3,51,11560,12,51,1,0,-1,2,1,-1,5.118881,5.495252
3854,1,51,13012,12,51,1,1,-1,2,1,-1,5.084167,6.2867494
3855,11,51,39040,12,51,1,0,-1,2,1,-1,4.8429766,5.7342863
3856,1,25,3856,12,25,2,1,25,3,2,25,5.1995196,3.1372504
3857,3,51,11572,12,51,1,0,-1,2,1,-1,6.6096935,5.134551
3858,1,56,10996,12,56,1,1,-1,2,1,-1,5.221188,5.884531
3859,6,56,17368,12,56,1,0,-1,2,1,-1,4.6361227,3.6149654
3860,1,25,3860,12,25,1,1,25,2,1,25,5.9200535,5.538043
3861,3,25,11584,12,25,1,0,-1,2,1,-1,4.02771,5.614922
3862,1,144,9232,12,144,2,1,144,3,2,144,4.204438,6.450398
3863,8,144,26080,12,144,1,0,-1,2,1,-1,5.163154,7.3785872
3864,1,25,3864,12,25,1,1,25,2,1,25,3.983729,4.408166
3865,3,144,24784,12,144,1,0,-1,2,1,-1,3.3639271,5.796549
3866,1,25,5800,12,25,1,1,25,2,1,25,6.4673142,5.7004395
3867,37,82,223072,12,82,1,0,-1,2,1,-1,4.7468953,6.980968
3868,1,144,9232,12,144,2,1,144,3,2,144,7.5980134,5.1715302
3869,3,144,11608,12,144,1,0,-1,2,1,-1,5.1670675,3.4852798
3870,1,144,19600,12,144,1,1,-1,2,1,-1,6.7652946,5.729217
3871,32,113,58804,12,113,1,0,-1,2,1,-1,6.9569817,5.9662127
3872,1,100,9232,12,100,1,1,100,2,1,100,5.318852,4.818413
3873,3,51,11620,12,51,1,0,-1,2,1,-1,6.4333825,6.307577
3874,1,51,5812,12,51,2,1,51,3,2,51,6.9552417,6.932745
3875,6,51,17440,12,51,1,0,-1,2,1,-1,5.5002337,3.0694473
3876,1,51,4912,12,51,1,1,51,2,1,51,3.332319,5.925305
3877,3,51,11632,12,51,1,0,-1,2,1,-1,5.073766,7.191446
3878,1,51,8728,12,51,1,1,51,2,1,51,5.636041,3.0929065
3879,13,144,29464,12,144,1,0,-1,2,1,-1,3.2480853,3.9962173
3880,1,100,9232,12,100,2,1,100,3,2,100,7.698823,5.0507617
3881,3,144,44224,12,144,1,0,-1,2,1,-1,4.4236107,5.9252405
3882,1,100,9232,12,100,1,1,100,2,1,100,4.9921618,4.244257
3883,8,51,17476,12,51,1,0,-1,2,1,-1,6.507118,4.833534
3884,1,38,4372,12,38,1,1,38,2,1,38,4.266413,4.472142
3885,3,38,11656,12,38,1,0,-1,2,1,-1,4.0417223,4.4577904
3886,1,38,13120,12,38,2,1,-1,3,2,-1,5.930018,3.7907462
3887,16,51,39364,12,51,1,0,-1,2,1,-1,6.5528483,6.021806
3888,1,100,9232,12,100,1,1,100,2,1,100,6.2275767,5.913344
3889,3,38,11668,12,38,1,0,-1,2,1,-1,4.811641,3.8873343
3890,1,38,6568,12,38,1,1,38,2,1,38,6.5598674,5.8477936
3891,6,38,17512,12,38,1,0,-1,2,1,-1,6.217226,7.174607
3892,1,100,9232,12,100,2,1,100,3,2,100,5.236514,5.402808
3893,3,100,11680,12,100,1,0,-1,2,1,-1,6.0412993,3.2739613
3894,1,82,22192,12,82,1,1,-1,2,1,-1,5.1441245,3.7538762
3895,8,82,26296,12,82,1,0,-1,2,1,-1,5.7596216,4.871565
3896,1,144,9232,12,144,1,1,144,2,1,144,3.8018208,6.8584857
3897,3,144,13156,12,144,1,0,-1,2,1,-1,6.079445,7.3904047
3898,1,144,9232,12,144,2,1,144,3,2,144,5.3343368,5.9862185
3899,11,144,19744,12,144,1,0,-1,2,1,-1,7.375806,5.179018
3900,1,144,9880,12,144,1,1,144,2,1,144,5.234592,6.5052075
3901,3,144,11704,12,144,1,0,-1,2,1,-1,4.464294,5.2082763
3902,1,175,33352,12,175,1,1,-1,2,1,-1,2.8482392,5.2213016
3903,21,175,88936,12,175,1,0,-1,2,1,-1,5.734929,4.239634
3904,1,25,3904,12,25,2,1,25,3,2,25,4.774398,3.9149303
3905,3,100,11716,12,100,1,0,-1,2,1,-1,3.837811,5.9860888
3906,1,38,5860,12,38,1,1,38,2,1,38,4.9245677,4.7770305
3907,6,38,17584,12,38,1,0,-1,2,1,-1,5.438335,5.647754
3908,1,100,9232,12,100,1,1,100,2,1,100,3.3717391,6.578924
3909,3,100,11728,12,100,1,0,-1,2,1,-1,6.242899,3.5297663
3910,1,100,9232,12,100,2,1,100,3,2,100,7.0013576,5.6835184
3911,19,82,33424,12,82,1,0,-1,2,1,-1,3.340756,6.1048055
3912,1,51,4192,12,51,1,1,51,2,1,51,4.167598,6.3604836
3913,3,144,19816,12,144,1,0,-1,2,1,-1,5.220982,5.522022
3914,1,51,5872,12,51,1,1,51,2,1,51,2.9614956,4.4758377
3915,8,100,17620,12,100,1,0,-1,2,1,-1,5.6812606,5.375729
3916,1,51,4408,12,51,2,1,51,3,2,51,5.519243,3.5542212
3917,3,51,11752,12,51,1,0,-1,2,1,-1,5.4111805,5.776145
3918,1,82,80512,12,82,1,1,-1,2,1,-1,5.9084015,6.4344163
3919,13,82,80512,12,82,1,0,-1,2,1,-1,5.570421,4.7237353
3920,1,25,3920,12,25,1,1,25,2,1,25,6.998111,3.9328403
3921,3,51,11764,12,51,1,0,-1,2,1,-1,6.2860155,3.9982958
3922,1,175,190996,12,175,2,1,-1,3,2,-1,4.173579,6.2938185
3923,6,175,190996,12,175,1,0,-1,2,1,-1,5.002566,5.908811
3924,1,25,3924,12,25,1,1,25,2,1,25,5.555829,6.7814717
3925,3,25,11776,12,25,1,0,-1,2,1,-1,4.8425856,4.6953993
3926,1,82,9448,12,82,1,1,82,2,1,82,5.3451858,4.7479568
3927,8,82,26512,12,82,1,0,-1,2,1,-1,3.871866,6.8496156
3928,1,144,9232,12,144,2,1,144,3,2,144,3.6811862,5.454464
3929,3,100,13264,12,100,1,0,-1,2,1,-1,4.34134,4.1140246
3930,1,144,9232,12,144,1,1,144,2,1,144,6.48808,6.731065
3931,39,82,85048,12,82,1,0,-1,2,1,-1,6.1681333,4.647529
3932,1,144,9232,12,144,1,1,144,2,1,144,4.816169,6.0179486
3933,3,144,11800,12,144,1,0,-1,2,1,-1,5.9791503,7.144495
3934,1,100,19924,12,100,2,1,-1,3,2,-1,4.676636,5.9145136
3935,13,100,59776,12,100,1,0,-1,2,1,-1,5.91273,6.5471635
3936,1,51,3936,12,51,1,1,51,2,1,51,6.9953437,5.7022343
3937,3,126,345544,12,126,1,0,-1,2,1,-1,5.494298,6.631981
3938,1,25,5908,12,25,1,1,25,2,1,25,5.5328674,5.5439944
3939,6,25,17728,12,25,1,0,-1,2,1,-1,3.5978265,4.2679324
3940,1,25,3940,12,25,2,1,25,3,2,25,6.257692,6.1370735
3941,3,25,11824,12,25,1,0,-1,2,1,-1,5.41654,4.3580985
3942,1,25,8872,12,25,1,1,25,2,1,25,5.341335,3.8585324
3943,65,175,575728,12,175,1,0,-1,2,1,-1,6.849379,4.449395
3944,1,51,3944,12,51,1,1,51,2,1,51,3.6658568,5.1797576
3945,3,100,29968,12,100,1,0,-1,2,1,-1,6.877743,3.3766592
3946,1,51,5920,12,51,2,1,51,3,2,51,7.6091976,5.6247625
3947,8,188,250504,12,188,1,0,-1,2,1,-1,6.94416,6.8449287
3948,1,38,7504,12,38,1,1,38,2,1,38,5.244563,3.936649
3949,3,38,11848,12,38,1,0,-1,2,1,-1,6.0431733,5.0882697
3950,1,38,13336,12,38,1,1,-1,2,1,-1,5.893537,2.829362
3951,55,74,45016,12,74,1,0,-1,2,1,-1,5.541466,4.0674047
3952,1,51,3952,12,51,2,1,51,3,2,51,4.1583233,4.6441393
3953,3,51,11860,12,51,1,0,-1,2,1,-1,3.0122616,4.6159253
3954,1,144,9232,12,144,1,1,144,2,1,144,4.6538444,5.6919675
3955,6,144,17800,12,144,1,0,-1,2,1,-1,4.5696325,4.0656166
3956,1,51,3956,12,51,1,1,51,2,1,51,5.7461057,3.3994336
3957,3,51,11872,12,51,1,0,-1,2,1,-1,5.0523324,3.3467362
3958,1,144,10024,12,144,2,1,-1,3,2,-1,6.2810507,6.0204935
3959,8,144,26728,12,144,1,0,-1,2,1,-1,7.0584736,5.09745
3960,1,100,14308,12,100,1,1,-1,2,1,-1,3.1906238,3.8776386
3961,3,51,33856,12,51,1,0,-1,2,1,-1,5.90514,3.5449638
3962,1,100,14308,12,100,1,1,-1,2,1,-1,4.3660893,6.280595
3963,13,51,20068,12,51,1,0,-1,2,1,-1,6.0260463,6.101805
3964,1,100,15064,12,100,2,1,-1,3,2,-1,3.1780486,4.681327
3965,3,100,15064,12,100,1,0,-1,2,1,-1,5.5425997,3.880415
3966,1,51,50848,12,51,1,1,-1,2,1,-1,5.9160056,7.3053865
3967,21,51,135592,12,51,1,0,-1,2,1,-1,5.2207365,5.047825
3968,1,113,9232,12,113,1,1,113,2,1,113,5.2702036,5.633907
3969,3,144,11908,12,144,1,0,-1,2,1,-1,7.21695,4.9331756
3970,1,51,5956,12,51,2,1,51,3,2,51,4.824165,3.385
3971,6,51,17872,12,51,1,0,-1,2,1,-1,4.189527,4.104009
3972,1,95,8080,12,95,1,1,95,2,1,95,6.2989144,5.856362
3973,3,95,11920,12,95,1,0,-1,2,1,-1,7.0191326,6.01562
3974,1,95,8944,12,95,1,1,95,2,1,95,5.358614,5.6257014
3975,11,51,26836,12,51,1,0,-1,2,1,-1,5.125309,4.466142
3976,1,25,3976,12,25,2,1,25,3,2,25,5.8436065,4.7926054
3977,3,144,22660,12,144,1,0,-1,2,1,-1,4.147253,4.505222
3978,1,25,5968,12,25,1,1,25,2,1,25,3.508224,3.7555246
3979,8,95,17908,12,95,1,0,-1,2,1,-1,3.1215806,3.9686215
3980,1,25,4480,12,25,1,1,25,2,1,25,3.9350097,4.363955
3981,3,25,11944,12,25,1,0,-1,2,1,-1,3.6181514,6.7400117
3982,1,51,13444,12,51,2,1,-1,3,2,-1,5.8248997,6.526279
3983,11,51,40336,12,51,1,0,-1,2,1,-1,7.044949,4.9643254
3984,1,51,3984,12,51,1,1,51,2,1,51,6.2687798,4.3505907
3985,3,51,11956,12,51,1,0,-1,2,1,-1,5.878073,5.170076
3986,1,51,10096,12,51,1,1,-1,2,1,-1,4.772004,3.9769583
3987,6,51,17944,12,51,1,0,-1,2,1,-1,5.2637806,5.6621943
3988,1,51,3988,12,51,2,1,51,3,2,51,4.2210064,3.7082317
3989,3,51,11968,12,51,1,0,-1,2,1,-1,6.663574,6.829852
3990,1,51,8980,12,51,1,1,51,2,1,51,4.186248,3.2310045
3991,8,51,26944,12,51,1,0,-1,2,1,-1,6.376367,5.9347773
3992,1,51,3992,12,51,1,1,51,2,1,51,7.550863,4.206958
3993,3,51,13480,12,51,1,0,-1,2,1,-1,4.770395,3.706674
3994,1,51,5992,12,51,2,1,51,3,2,51,6.923922,4.999545
3995,16,82,45520,12,82,1,0,-1,2,1,-1,4.2608824,3.2701778
3996,1,51,11392,12,51,1,1,-1,2,1,-1,5.4111013,7.6365304
3997,3,51,11992,12,51,1,0,-1,2,1,-1,5.208891,6.501883
3998,1,51,20248,12,51,1,1,-1,2,1,-1,5.9033723,5.9093127
3999,39,188,129760,12,188,1,0,-1,2,1,-1,4.7149115,6.548978
4000,1,113,9232,12,113,2,1,113,3,2,113,4.8792524,3.2479997
4001,3,43,12004,12,43,1,0,-1,2,1,-1,4.243816,5.0491185
4002,1,51,6004,12,51,1,1,51,2,1,51,3.3943648,5.223066
4003,6,51,18016,12,51,1,0,-1,2,1,-1,4.4021554,3.2496436
4004,1,144,21688,12,144,1,1,-1,2,1,-1,4.7868466,5.204536
4005,3,144,21688,12,144,1,0,-1,2,1,-1,6.936406,4.03984
4006,1,144,21688,12,144,2,1,-1,3,2,-1,5.7943006,4.7488422
4007,24,43,30436,12,43,1,0,-1,2,1,-1,7.4825387,6.2773123
4008,1,113,9232,12,113,1,1,113,2,1,113,6.2730746,4.921799
4009,3,157,250504,12,157,1,0,-1,2,1,-1,6.4685173,2.930987
4010,1,113,9232,12,113,1,1,113,2,1,113,4.727579,4.085469
4011,8,188,32560,12,188,1,0,-1,2,1,-1,6.3890634,4.7546926
4012,1,43,8584,12,43,2,1,43,3,2,43,5.9911523,3.1661563
4013,3,43,12040,12,43,1,0,-1,2,1,-1,3.5963771,3.8970714
4014,1,43,13552,12,43,1,1,-1,2,1,-1,5.367664,4.5026226
4015,13,43,40660,12,43,1,0,-1,2,1,-1,5.22225,7.0403013
4016,1,69,9232,12,69,1,1,69,2,1,69,7.1172223,5.907517
4017,3,25,12052,12,25,1,0,-1,2,1,-1,3.9435349,3.7648218
4018,1,25,6784,12,25,2,1,25,3,2,25,4.355743,3.8841786
4019,6,25,18088,12,25,1,0,-1,2,1,-1,5.5575514,4.69579
4020,1,69,9232,12,69,1,1,69,2,1,69,5.1623774,2.9155457
4021,3,69,12064,12,69,1,0,-1,2,1,-1,4.0676074,4.7394595
4022,1,43,15280,12,43,1,1,-1,2,1,-1,4.211694,5.3473086
4023,8,43,27160,12,43,1,0,-1,2,1,-1,3.4200625,4.9555244
4024,1,69,9232,12,69,2,1,69,3,2,69,7.416638,3.6311066
4025,3,69,13588,12,69,1,0,-1,2,1,-1,3.6046457,4.909071
4026,1,69,9232,12,69,1,1,69,2,1,69,6.014099,3.9901495
4027,11,69,20392,12,69,1,0,-1,2,1,-1,4.439584,4.3259683
4028,1,95,39364,12,95,1,1,-1,2,1,-1,5.4450035,4.33123
4029,3,95,39364,12,95,1,0,-1,2,1,-1,3.9222236,3.3022244
4030,1,95,39364,12,95,2,1,-1,3,2,-1,5.004175,7.193076
4031,24,95,103336,12,95,1,0,-1,2,1,-1,5.395786,6.483378
4032,1,113,9232,12,113,1,1,113,2,1,113,6.049607,6.4129868
4033,3,69,12100,12,69,1,0,-1,2,1,-1,4.5743217,3.682306
4034,1,69,14560,12,69,1,1,-1,2,1,-1,4.792469,5.49479
4035,6,69,18160,12,69,1,0,-1,2,1,-1,5.188059,4.386184
4036,1,113,9232,12,113,2,1,113,3,2,113,6.1691422,4.149809
4037,3,113,12112,12,113,1,0,-1,2,1,-1,3.6917272,4.994544
4038,1,113,9232,12,113,1,1,113,2,1,113,7.036051,5.610558
4039,13,144,32776,12,144,1,0,-1,2,1,-1,6.160471,2.9177058
4040,1,64,4040,12,64,1,1,64,2,1,64,5.8896794,6.908552
4041,3,144,65608,12,144,1,0,-1,2,1,-1,4.1540008,3.7781975
4042,1,64,6064,12,64,2,1,64,3,2,64,5.3525667,4.271686
4043,8,25,18196,12,25,1,0,-1,2,1,-1,3.6202047,5.765589
4044,1,64,4552,12,64,1,1,64,2,1,64,4.85952,3.609984
4045,3,64,12136,12,64,1,0,-1,2,1,-1,6.2637086,3.8893926
4046,1,157,23056,12,157,1,1,-1,2,1,-1,6.74671,6.6435237
4047,16,157,40984,12,157,1,0,-1,2,1,-1,4.667149,3.5059462
4048,1,113,9232,12,113,2,1,113,3,2,113,4.8058105,4.0125437
4049,3,64,12148,12,64,1,0,-1,2,1,-1,6.281663,4.151458
4050,1,157,25972,12,157,1,1,-1,2,1,-1,5.3515162,6.5443053
4051,6,157,25972,12,157,1,0,-1,2,1,-1,3.6019256,4.6103826
4052,1,113,9232,12,113,1,1,113,2,1,113,4.496616,6.405083
4053,3,113,12160,12,113,1,0,-1,2,1,-1,3.7791555,5.297871
4054,1,157,17332,12,157,2,1,-1,3,2,-1,6.23976,5.535147
4055,8,157,27376,12,157,1,0,-1,2,1,-1,4.8634014,5.26702
4056,1,38,4056,12,38,1,1,38,2,1,38,6.210023,4.3363295
4057,3,113,13696,12,113,1,0,-1,2,1,-1,3.9089496,3.5891824
4058,1,38,6088,12,38,1,1,38,2,1,38,4.062852,5.62477
4059,13,64,30832,12,64,1,0,-1,2,1,-1,6.6154327,5.8400707
4060,1,38,6856,12,38,2,1,38,3,2,38,5.9861674,4.175192
4061,3,38,12184,12,38,1,0,-1,2,1,-1,6.929769,4.902715
4062,1,64,34720,12,64,1,1,-1,2,1,-1,6.604508,4.287294
4063,19,64,61720,12,64,1,0,-1,2,1,-1,4.6407504,4.01065
4064,1,51,4372,12,51,1,1,51,2,1,51,6.8581066,5.7248626
4065,3,126,250504,12,126,1,0,-1,2,1,-1,6.150416,3.608873
4066,1,113,9232,12,113,2,1,113,3,2,113,4.0457115,4.6661863
4067,6,113,18304,12,113,1,0,-1,2,1,-1,5.9317827,4.9607487
4068,1,157,9232,12,157,1,1,157,2,1,157,6.3493032,6.5253587
4069,3,157,12208,12,157,1,0,-1,2,1,-1,5.4043865,5.5189333
4070,1,157,9232,12,157,1,1,157,2,1,157,6.6364107,6.8497496
4071,16,157,46384,12,157,1,0,-1,2,1,-1,6.8579597,4.769184
4072,1,51,4372,12,51,2,1,51,3,2,51,3.7895372,5.9128637
4073,3,95,223072,12,95,1,0,-1,2,1,-1,3.6936631,4.0436764
4074,1,51,6112,12,51,1,1,51,2,1,51,3.9199722,3.210412
4075,8,157,39184,12,157,1,0,-1,2,1,-1,5.615273,3.4972007
4076,1,64,5812,12,64,1,1,64,2,1,64,4.002804,4.694864
4077,3,64,12232,12,64,1,0,-1,2,1,-1,5.9974008,5.6925473
4078,1,64,13768,12,64,2,1,-1,3,2,-1,4.2723527,4.2224917
4079,21,64,69712,12,64,1,0,-1,2,1,-1,4.248326,3.980635
4080,1,51,13120,12,51,1,1,-1,2,1,-1,5.4452114,6.9984536
4081,3,51,12244,12,51,1,0,-1,2,1,-1,3.4798362,6.1679597
4082,1,64,8728,12,64,1,1,64,2,1,64,3.9379056,4.161932
4083,6,64,18376,12,64,1,0,-1,2,1,-1,3.8469174,5.1451735
4084,1,51,13120,12,51,2,1,-1,3,2,-1,4.2824135,4.937053
4085,3,51,13120,12,51,1,0,-1,2,1,-1,6.5860887,5.060281
4086,1,157,44224,12,157,1,1,-1,2,1,-1,4.3244214,4.9994245
4087,8,157,44224,12,157,1,0,-1,2,1,-1,6.7750363,5.900304
4088,1,64,39364,12,64,1,1,-1,2,1,-1,4.9783897,4.818997
4089,3,64,17476,12,64,1,0,-1,2,1,-1,3.185576,4.0031857
4090,1,64,39364,12,64,2,1,-1,3,2,-1,5.914608,2.7273123
4091,21,126,95956,12,126,1,0,-1,2,1,-1,5.1244884,3.7683601
4092,1,64,118096,12,64,1,1,-1,2,1,-1,7.0056095,5.1180534
4093,3,64,118096,12,64,1,0,-1,2,1,-1,7.531114,5.861768
4094,1,157,1276936,12,157,1,1,-1,2,1,-1,5.899181,3.3978813
4095,83,157,1276936,12,157,1,0,-1,2,1,-1,4.570225,5.9476423
4096,1,12,4096,13,12,2,1,12,3,2,12,6.862475,5.048048
4097,3,113,12292,13,113,1,0,-1,2,1,-1,3.2418158,4.9750476
4098,1,157,9232,13,157,1,1,157,2,1,157,4.6201468,4.640107
4099,6,157,18448,13,157,1,0,-1,2,1,-1,7.1420717,6.230153
4100,1,38,4100,13,38,1,1,38,2,1,38,7.371112,6.4852476
4101,3,38,12304,13,38,1,0,-1,2,1,-1,5.5117183,5.673998
4102,1,38,9232,13,38,2,1,38,3,2,38,3.8665726,4.8771896
4103,11,157,27700,13,157,1,0,-1,2,1,-1,6.2032027,7.0809402
4104,1,38,4104,13,38,1,1,38,2,1,38,2.8719618,5.1029
4105,3,157,20788,13,157,1,0,-1,2,1,-1,4.887435,4.169835
4106,1,38,6160,13,38,1,1,38,2,1,38,7.012386,5.5566797
4107,8,38,18484,13,38,1,0,-1,2,1,-1,3.4841812,4.864148
4108,1,38,4624,13,38,2,1,38,3,2,38,5.7753034,3.090126
4109,3,38,12328,13,38,1,0,-1,2,1,-1,4.0745945,3.5908356
4110,1,38,13876,13,38,1,1,-1,2,1,-1,6.3163424,6.1668224
4111,11,38,41632,13,38,1,0,-1,2,1,-1,4.5867753,3.6745107
4112,1,126,9232,13,126,1,1,126,2,1,126,7.1226573,5.8599195
4113,3,38,12340,13,38,1,0,-1,2,1,-1,7.564483,5.395981
4114,1,113,10420,13,113,2,1,-1,3,2,-1,5.889407,3.3362882
4115,6,113,18520,13,113,1,0,-1,2,1,-1,6.2553635,5.203667
4116,1,126,9232,13,126,1,1,126,2,1,126,6.2936454,6.422644
4117,3,126,12352,13,126,1,0,-1,2,1,-1,4.5504937,4.778539
4118,1,38,9268,13,38,1,1,38,2,1,38,5.050126,4.786678
4119,8,38,27808,13,38,1,0,-1,2,1,-1,7.538556,3.873691
4120,1,126,9232,13,126,2,1,126,3,2,126,4.8337755,4.65033
4121,3,64,13912,13,64,1,0,-1,2,1,-1,6.403526,4.7067804
4122,1,126,9232,13,126,1,1,126,2,1,126,5.876167,5.4819546
4123,44,95,70468,13,95,1,0,-1,2,1,-1,5.950592,5.915257
4124,1,38,6964,13,38,1,1,38,2,1,38,6.3995833,3.4558313
4125,3,38,12376,13,38,1,0,-1,2,1,-1,5.6258388,3.288725
4126,1,38,20896,13,38,2,1,-1,3,2,-1,3.3899014,5.333456
4127,68,170,225988,13,170,1,0,-1,2,1,-1,3.5007255,3.458295
4128,1,126,9232,13,126,1,1,126,2,1,126,5.6379423,5.862763
4129,3,188,190996,13,188,1,0,-1,2,1,-1,4.526859,2.9059136
4130,1,126,9232,13,126,1,1,126,2,1,126,4.440631,4.1450057
4131,6,126,18592,13,126,1,0,-1,2,1,-1,5.2651744,5.669499
4132,1,157,9232,13,157,2,1,157,3,2,157,4.5276113,6.7332826
4133,3,157,12400,13,157,1,0,-1,2,1,-1,7.70636,5.2169585
4134,1,157,9304,13,157,1,1,157,2,1,157,3.8088117,4.473718
4135,13,95,31408,13,95,1,0,-1,2,1,-1,4.064081,3.4398568
4136,1,126,9232,13,126,1,1,126,2,1,126,3.8179142,5.6242027
4137,3,95,59668,13,95,1,0,-1,2,1,-1,5.5851173,4.122916
4138,1,126,9232,13,126,2,1,126,3,2,126,3.7165556,3.6564167
4139,8,157,18628,13,157,1,0,-1,2,1,-1,7.0746627,6.643477
4140,1,126,9232,13,126,1,1,126,2,1,126,5.482639,4.2860146
4141,3,126,12424,13,126,1,0,-1,2,1,-1,7.7684526,5.6863017
4142,1,126,13984,13,126,1,1,-1,2,1,-1,6.5684257,3.3473082
4143,29,64,41956,13,64,1,0,-1,2,1,-1,4.5113797,5.383747
4144,1,126,9232,13,126,2,1,126,3,2,126,4.8877597,6.233822
4145,3,38,12436,13,38,1,0,-1,2,1,-1,6.301947,4.520607
4146,1,38,7000,13,38,1,1,38,2,1,38,4.61374,6.287488
4147,6,38,18664,13,38,1,0,-1,2,1,-1,4.5147853,5.9195714
4148,1,126,9232,13,126,1,1,126,2,1,126,4.159038,6.3884373
4149,3,126,12448,13,126,1,0,-1,2,1,-1,7.647016,5.506777
4150,1,95,95956,13,95,2,1,-1,3,2,-1,4.743787,3.6601558
4151,8,95,95956,13,95,1,0,-1,2,1,-1,7.392796,6.251573
4152,1,64,4152,13,64,1,1,64,2,1,64,6.7533026,5.9059186
4153,3,64,14020,13,64,1,0,-1,2,1,-1,4.8268137,3.4529362
4154,1,64,6232,13,64,1,1,64,2,1,64,5.8705463,2.9349375
4155,11,64,21040,13,64,1,0,-1,2,1,-1,3.3880978,6.406503
4156,1,64,10528,13,64,2,1,-1,3,2,-1,3.24096,4.5619955
4157,3,64,12472,13,64,1,0,-1,2,1,-1,5.9618807,4.208731
4158,1,51,31588,13,51,1,1,-1,2,1,-1,3.877416,6.2433057
4159,21,51,94768,13,51,1,0,-1,2,1,-1,4.126895,5.852367
4160,1,33,4160,13,33,1,1,33,2,1,33,5.0948796,5.427705
4161,3,64,12484,13,64,1,0,-1,2,1,-1,4.858466,2.7973123
4162,1,64,6244,13,64,2,1,64,3,2,64,6.419704,5.3344374
4163,6,64,18736,13,64,1,0,-1,2,1,-1,4.8727593,5.892553
4164,1,126,9232,13,126,1,1,126,2,1,126,5.7785835,6.791912
4165,3,126,12496,13,126,1,0,-1,2,1,-1,3.4875329,5.876808
4166,1,126,9376,13,126,1,1,126,2,1,126,5.352031,5.4724703
4167,32,113,60100,13,113,1,0,-1,2,1,-1,3.4512465,4.637103
4168,1,126,9232,13,126,2,1,126,3,2,126,3.5254965,6.5691867
4169,3,157,26728,13,157,1,0,-1,2,1,-1,7.6021132,5.5712566
4170,1,126,9232,13,126,1,1,126,2,1,126,4.682506,4.9652977
4171,8,126,18772,13,126,1,0,-1,2,1,-1,4.6829257,5.078393
4172,1,126,9232,13,126,1,1,126,2,1,126,6.4867196,5.6034737
4173,3,126,12520,13,126,1,0,-1,2,1,-1,6.766121,5.372476
4174,1,113,15856,13,113,2,1,-1,3,2,-1,4.2533607,4.676852
4175,13,113,42280,13,113,1,0,-1,2,1,-1,4.100102,6.0842347
4176,1,33,4176,13,33,1,1,33,2,1,33,6.2409496,4.9215813
4177,3,126,12532,13,126,1,0,-1,2,1,-1,6.1528068,3.5236785
4178,1,64,23812,13,64,1,1,-1,2,1,-1,4.317237,6.8888135
4179,6,64,23812,13,64,1,0,-1,2,1,-1,5.385514,7.5108824
4180,1,33,4180,13,33,2,1,33,3,2,33,3.3510716,4.4553056
4181,3,33,12544,13,33,1,0,-1,2,1,-1,7.4882646,4.357964
4182,1,38,9412,13,38,1,1,38,2,1,38,6.5248637,6.4353657
4183,8,38,28240,13,38,1,0,-1,2,1,-1,3.49507,5.8235226
4184,1,126,9232,13,126,1,1,126,2,1,126,3.4015765,4.5762587
4185,3,38,14128,13,38,1,0,-1,2,1,-1,5.416777,7.040277
4186,1,126,9232,13,126,2,1,126,3,2,126,5.503497,5.9671903
4187,24,64,80512,13,64,1,0,-1,2,1,-1,6.4536695,3.3703952
4188,1,126,9232,13,126,1,1,126,2,1,126,3.4632971,4.276629
4189,3,126,12568,13,126,1,0,-1,2,1,-1,7.182568,6.380451
4190,1,108,21220,13,108,1,1,-1,2,1,-1,5.239679,3.965794
4191,13,108,63664,13,108,1,0,-1,2,1,-1,4.545797,4.5410047
4192,1,33,4192,13,33,2,1,33,3,2,33,6.2990522,5.366714
4193,3,64,15928,13,64,1,0,-1,2,1,-1,5.6434646,6.848674
4194,1,64,6292,13,64,1,1,64,2,1,64,4.8869724,3.56738
4195,6,64,18880,13,64,1,0,-1,2,1,-1,6.849231,5.1608396
4196,1,64,4196,13,64,1,1,64,2,1,64,4.177873,4.2755513
4197,3,64,12592,13,64,1,0,-1,2,1,-1,6.3116493,3.3169603
4198,1,64,9448,13,64,2,1,64,3,2,64,6.473397,6.9555483
4199,21,64,71764,13,64,1,0,-1,2,1,-1,5.788381,3.3339756
4200,1,33,4200,13,33,1,1,33,2,1,33,4.4737997,6.521401
4201,3,64,31912,13,64,1,0,-1,2,1,-1,6.04087,5.1274796
4202,1,33,6304,13,33,1,1,33,2,1,33,6.2928724,5.0580783
4203,8,64,26944,13,64,1,0,-1,2,1,-1,4.0744367,3.4712734
4204,1,95,45520,13,95,2,1,-1,3,2,-1,6.7162013,5.90277
4205,3,95,45520,13,95,1,0,-1,2,1,-1,3.540693,4.8203187
4206,1,95,45520,13,95,1,1,-1,2,1,-1,7.579524,5.325851
4207,57,108,345544,13,108,1,0,-1,2,1,-1,5.8916354,5.1538825
4208,1,82,9232,13,82,1,1,82,2,1,82,5.1868963,5.172883
4209,3,33,12628,13,33,1,0,-1,2,1,-1,5.13883,4.433905
4210,1,126,9232,13,126,2,1,126,3,2,126,4.038088,4.824856
4211,6,126,18952,13,126,1,0,-1,2,1,-1,5.6777334,6.424908
4212,1,82,9232,13,82,1,1,82,2,1,82,4.072236,5.4164453
4213,3,82,12640,13,82,1,0,-1,2,1,-1,6.927125,4.2856674
4214,1,157,21688,13,157,1,1,-1,2,1,-1,4.174694,3.9589984
4215,8,157,28456,13,157,1,0,-1,2,1,-1,5.001148,6.521427
4216,1,82,9232,13,82,2,1,82,3,2,82,5.225206,4.154081
4217,3,56,40552,13,56,1,0,-1,2,1,-1,3.740587,3.567212
4218,1,82,9232,13,82,1,1,82,2,1,82,3.4306116,5.2445097
4219,13,157,21688,13,157,1,0,-1,2,1,-1,5.1849756,6.00881
4220,1,170,250504,13,170,1,1,-1,2,1,-1,5.356153,3.3889287
4221,3,170,250504,13,170,1,0,-1,2,1,-1,3.105798,4.609467
4222,1,170,250504,13,170,2,1,-1,3,2,-1,6.0713325,4.2412715
4223,21,157,144340,13,157,1,0,-1,2,1,-1,6.0700054,7.0074234
4224,1,33,4224,13,33,1,1,33,2,1,33,3.0949972,5.53821
4225,3,56,12676,13,56,1,0,-1,2,1,-1,6.457592,4.5560913
4226,1,82,9232,13,82,1,1,82,2,1,82,7.33779,5.2049146
4227,6,82,19024,13,82,1,0,-1,2,1,-1,7.1177034,4.7902546
4228,1,82,9232,13,82,2,1,82,3,2,82,4.9515724,6.7716656
4229,3,82,12688,13,82,1,0,-1,2,1,-1,3.4722676,4.8982835
4230,1,82,9520,13,82,1,1,82,2,1,82,5.8153696,3.5264027
4231,11,38,28564,13,38,1,0,-1,2,1,-1,7.315939,6.1361156
4232,1,33,4232,13,33,1,1,33,2,1,33,5.602934,6.162
4233,3,201,695464,13,201,1,0,-1,2,1,-1,6.1753287,4.9203606
4234,1,33,6352,13,33,2,1,33,3,2,33,3.7246428,6.6313643
4235,8,56,19060,13,56,1,0,-1,2,1,-1,5.5119176,2.9980378
4236,1,33,4768,13,33,1,1,33,2,1,33,5.1771064,4.3676114
4237,3,33,12712,13,33,1,0,-1,2,1,-1,4.248663,4.2673893
4238,1,82,14308,13,82,1,1,-1,2,1,-1,4.3203483,6.412082
4239,11,82,42928,13,82,1,0,-1,2,1,-1,4.785952,3.1899817
4240,1,126,9232,13,126,2,1,126,3,2,126,5.511657,3.837819
4241,3,108,39364,13,108,1,0,-1,2,1,-1,4.1017146,3.8407865
4242,1,108,39364,13,108,1,1,-1,2,1,-1,3.0792766,4.657449
4243,6,108,39364,13,108,1,0,-1,2,1,-1,5.249767,4.4138665
4244,1,126,9232,13,126,1,1,126,2,1,126,6.6334033,3.9957786
4245,3,126,12736,13,126,1,0,-1,2,1,-1,5.8745775,4.4199505
4246,1,33,9556,13,33,2,1,33,3,2,33,5.773471,5.668571
4247,8,33,28672,13,33,1,0,-1,2,1,-1,3.9832394,6.0845966
4248,1,126,9232,13,126,1,1,126,2,1,126,5.803981,4.034406
4249,3,126,14344,13,126,1,0,-1,2,1,-1,6.047849,3.270287
4250,1,126,9232,13,126,1,1,126,2,1,126,4.631626,6.937977
4251,21,82,48436,13,82,1,0,-1,2,1,-1,4.7248354,5.9901657
4252,1,77,8080,13,77,2,1,77,3,2,77,4.473492,5.755205
4253,3,77,12760,13,77,1,0,-1,2,1,-1,3.8746073,3.742634
4254,1,77,21544,13,77,1,1,-1,2,1,-1,4.307132,4.1995244
4255,114,201,6810136,13,201,1,0,-1,2,1,-1,6.4434075,3.9028077
4256,1,33,4256,13,33,1,1,33,2,1,33,5.191629,6.689728
4257,3,38,18196,13,38,1,0,-1,2,1,-1,3.6868105,4.420808
4258,1,126,9232,13,126,2,1,126,3,2,126,5.8567085,6.074238
4259,6,126,19168,13,126,1,0,-1,2,1,-1,4.847353,5.5553584
4260,1,77,12148,13,77,1,1,-1,2,1,-1,7.335913,6.412187
4261,3,77,12784,13,77,1,0,-1,2,1,-1,3.403676,6.6848636
4262,1,77,12148,13,77,1,1,-1,2,1,-1,4.7323465,4.975896
4263,88,126,599056,13,126,1,0,-1,2,1,-1,7.4064126,4.5434265
4264,1,33,4264,13,33,2,1,33,3,2,33,6.481615,4.680066
4265,3,170,138400,13,170,1,0,-1,2,1,-1,4.57589,4.107052
4266,1,33,6400,13,33,1,1,33,2,1,33,5.2684817,4.6421285
4267,8,126,19204,13,126,1,0,-1,2,1,-1,4.52061,6.4882965
4268,1,64,4804,13,64,1,1,64,2,1,64,3.988702,3.77292
4269,3,64,12808,13,64,1,0,-1,2,1,-1,3.8332481,4.773686
4270,1,64,14416,13,64,2,1,-1,3,2,-1,5.828889,3.222842
4271,13,170,43252,13,170,1,0,-1,2,1,-1,5.033305,4.9885488
4272,1,25,4272,13,25,1,1,25,2,1,25,6.4605613,7.266162
4273,3,64,12820,13,64,1,0,-1,2,1,-1,4.997464,6.9236026
4274,1,64,7216,13,64,1,1,64,2,1,64,5.6489315,5.3184557
4275,6,64,19240,13,64,1,0,-1,2,1,-1,4.398656,6.608481
4276,1,25,4276,13,25,2,1,25,3,2,25,4.4260826,5.885009
4277,3,25,12832,13,25,1,0,-1,2,1,-1,5.061115,6.384177
4278,1,77,61720,13,77,1,1,-1,2,1,-1,6.7882934,5.940815
4279,8,77,61720,13,77,1,0,-1,2,1,-1,4.8135786,3.7678134
4280,1,25,4280,13,25,1,1,25,2,1,25,6.331073,5.364051
4281,3,126,14452,13,126,1,0,-1,2,1,-1,4.797127,5.136321
4282,1,25,6424,13,25,2,1,25,3,2,25,5.287889,5.5183945
4283,11,126,21688,13,126,1,0,-1,2,1,-1,4.9703593,6.208248
4284,1,170,10852,13,170,1,1,-1,2,1,-1,5.2417774,6.3822994
4285,3,170,12856,13,170,1,0,-1,2,1,-1,5.571769,5.4188366
4286,1,170,32560,13,170,1,1,-1,2,1,-1,5.668176,4.037869
4287,24,126,97684,13,126,1,0,-1,2,1,-1,3.2243688,5.1127095
4288,1,33,4288,13,33,2,1,33,3,2,33,7.507954,4.918467
4289,3,77,12868,13,77,1,0,-1,2,1,-1,5.0645366,6.3858814
4290,1,77,8152,13,77,1,1,77,2,1,77,6.0998654,6.4805913
4291,6,77,19312,13,77,1,0,-1,2,1,-1,6.0580096,3.4781349
4292,1,25,4292,13,25,1,1,25,2,1,25,4.6352277,4.714485
4293,3,25,12880,13,25,1,0,-1,2,1,-1,6.9597373,5.921834
4294,1,25,9664,13,25,2,1,25,3,2,25,6.049043,4.755901
4295,13,77,28996,13,77,1,0,-1,2,1,-1,5.820749,7.4623437
4296,1,25,4296,13,25,1,1,25,2,1,25,4.3401637,6.316894
4297,3,25,21760,13,25,1,0,-1,2,1,-1,5.8592896,4.203558
4298,1,25,6448,13,25,1,1,25,2,1,25,7.113769,5.896528
4299,8,64,19348,13,64,1,0,-1,2,1,-1,5.725567,5.236244
4300,1,25,4840,13,25,2,1,25,3,2,25,3.5525744,5.2064505
4301,3,25,12904,13,25,1,0,-1,2,1,-1,4.166662,4.389438
4302,1,108,176740,13,108,1,1,-1,2,1,-1,5.399058,4.0991893
4303,68,108,176740,13,108,1,0,-1,2,1,-1,5.9515066,3.3216262
4304,1,33,4304,13,33,1,1,33,2,1,33,4.086573,7.1382694
4305,3,77,39364,13,77,1,0,-1,2,1,-1,4.676185,2.9325838
4306,1,77,39364,13,77,2,1,-1,3,2,-1,6.554363,3.6758502
4307,6,77,39364,13,77,1,0,-1,2,1,-1,4.6482153,6.242586
4308,1,33,4308,13,33,1,1,33,2,1,33,4.4280667,3.8574786
4309,3,33,12928,13,33,1,0,-1,2,1,-1,4.7099447,3.7818418
4310,1,170,1276936,13,170,1,1,-1,2,1,-1,5.0488033,5.3502493
4311,8,170,1276936,13,170,1,0,-1,2,1,-1,4.039467,5.6801944
4312,1,51,9232,13,51,2,1,51,3,2,51,5.2361326,3.296074
4313,3,51,14560,13,51,1,0,-1,2,1,-1,4.8257504,6.516781
4314,1,51,9232,13,51,1,1,51,2,1,51,5.2822948,4.0898857
4315,13,126,32776,13,126,1,0,-1,2,1,-1,4.948287,6.331866
4316,1,51,9232,13,51,1,1,51,2,1,51,7.4681244,4.209285
4317,3,51,12952,13,51,1,0,-1,2,1,-1,4.905411,5.655337
4318,1,126,41524,13,126,2,1,-1,3,2,-1,4.227636,4.4231215
4319,26,126,65608,13,126,1,0,-1,2,1,-1,6.336707,5.206353
4320,1,46,4320,13,46,1,1,46,2,1,46,4.242337,4.1742783
4321,3,170,83104,13,170,1,0,-1,2,1,-1,5.306335,4.5338044
4322,1,33,6484,13,33,1,1,33,2,1,33,5.135904,3.9117339
4323,6,33,19456,13,33,1,0,-1,2,1,-1,7.3068323,5.940407
4324,1,139,9232,13,139,2,1,139,3,2,139,5.0544515,7.2449956
4325,3,139,12976,13,139,1,0,-1,2,1,-1,5.5377607,4.633817
4326,1,139,9736,13,139,1,1,139,2,1,139,4.785935,5.5562115
4327,19,170,49300,13,170,1,0,-1,2,1,-1,3.6093984,6.2053256
4328,1,46,4328,13,46,1,1,46,2,1,46,3.6043062,5.284669
4329,3,51,32884,13,51,1,0,-1,2,1,-1,6.4371576,5.9806714
4330,1,46,6496,13,46,2,1,46,3,2,46,6.0842004,4.882561
4331,8,126,24676,13,126,1,0,-1,2,1,-1,6.287154,4.1988378
4332,1,139,9232,13,139,1,1,139,2,1,139,3.8881638,3.4764864
4333,3,139,13000,13,139,1,0,-1,2,1,-1,4.526979,3.2454455
4334,1,139,14632,13,139,1,1,-1,2,1,-1,3.715713,5.8859053
4335,26,64,166696,13,64,1,0,-1,2,1,-1,6.005938,6.8250985
4336,1,46,4336,13,46,2,1,46,3,2,46,5.1969085,6.621753
4337,3,46,13012,13,46,1,0,-1,2,1,-1,4.934321,5.9598875
4338,1,77,13912,13,77,1,1,-1,2,1,-1,3.8110592,4.2444873
4339,6,77,19528,13,77,1,0,-1,2,1,-1,3.3571143,4.0371194
4340,1,46,4340,13,46,1,1,46,2,1,46,5.5164285,6.9585533
4341,3,46,13024,13,46,1,0,-1,2,1,-1,4.87623,5.2724576
4342,1,51,10996,13,51,2,1,-1,3,2,-1,6.0671263,4.1981106
4343,8,51,29320,13,51,1,0,-1,2,1,-1,4.7825413,5.5271516
4344,1,139,9232,13,139,1,1,139,2,1,139,4.0599027,5.7650075
4345,3,51,20896,13,51,1,0,-1,2,1,-1,6.025487,4.0620365
4346,1,139,9232,13,139,1,1,139,2,1,139,5.976806,3.1408806
4347,81,183,225988,13,183,1,0,-1,2,1,-1,3.109683,5.0011497
4348,1,139,24784,13,139,2,1,-1,3,2,-1,6.0471373,3.717407
4349,3,139,24784,13,139,1,0,-1,2,1,-1,6.4024334,6.286541
4350,1,77,74356,13,77,1,1,-1,2,1,-1,4.9902306,3.1730447
4351,32,77,223072,13,77,1,0,-1,2,1,-1,4.494916,4.624376
4352,1,20,4352,13,20,1,1,20,2,1,20,5.231057,4.920292
4353,3,139,13060,13,139,1,0,-1,2,1,-1,6.543064,3.196581
4354,1,139,9232,13,139,2,1,139,3,2,139,5.50388,4.801563
4355,6,139,19600,13,139,1,0,-1,2,1,-1,4.8424077,5.4551697
4356,1,46,4356,13,46,1,1,46,2,1,46,7.494147,5.03464
4357,3,46,13072,13,46,1,0,-1,2,1,-1,5.7388678,4.9201603
4358,1,46,9808,13,46,1,1,46,2,1,46,5.0647316,6.860343
4359,11,170,29428,13,170,1,0,-1,2,1,-1,2.9543788,4.929301
4360,1,46,4360,13,46,2,1,46,3,2,46,5.4541245,5.2720037
4361,3,139,22084,13,139,1,0,-1,2,1,-1,4.3392563,3.5687883
4362,1,46,6544,13,46,1,1,46,2,1,46,5.083705,5.560897
4363,8,139,19636,13,139,1,0,-1,2,1,-1,5.738215,6.0484233
4364,1,46,4912,13,46,1,1,46,2,1,46,4.00406,3.6965954
4365,3,46,13096,13,46,1,0,-1,2,1,-1,6.8350477,4.9164042
4366,1,139,14740,13,139,2,1,-1,3,2,-1,5.1113706,4.1256504
4367,11,139,44224,13,139,1,0,-1,2,1,-1,6.042365,3.9963202
4368,1,33,4368,13,33,1,1,33,2,1,33,3.63722,6.31643
4369,3,46,13108,13,46,1,0,-1,2,1,-1,6.5522885,3.9431067
4370,1,108,95956,13,108,1,1,-1,2,1,-1,6.400126,6.7467294
4371,6,108,95956,13,108,1,0,-1,2,1,-1,4.2198114,3.118585
4372,1,33,4372,13,33,2,1,33,3,2,33,3.1855457,5.2120166
4373,3,33,13120,13,33,1,0,-1,2,1,-1,6.2170253,5.9586844
4374,1,77,10528,13,77,1,1,-1,2,1,-1,4.501846,3.3043907
4375,8,77,29536,13,77,1,0,-1,2,1,-1,7.1446013,6.7917285
4376,1,33,4376,13,33,1,1,33,2,1,33,4.6142416,2.9378083
4377,3,77,14776,13,77,1,0,-1,2,1,-1,6.7793965,5.262466
4378,1,33,6568,13,33,2,1,33,3,2,33,5.9247594,4.1389604
4379,26,214,250504,13,214,1,0,-1,2,1,-1,3.9751148,3.256143
4380,1,77,7396,13,77,1,1,77,2,1,77,4.947529,5.7421446
4381,3,77,13144,13,77,1,0,-1,2,1,-1,4.87479,7.41915
4382,1,77,22192,13,77,1,1,-1,2,1,-1,4.927614,5.0031977
4383,16,77,66580,13,77,1,0,-1,2,1,-1,5.628243,6.5904045
4384,1,95,9232,13,95,2,1,95,3,2,95,2.9420817,5.37129
4385,3,139,13156,13,139,1,0,-1,2,1,-1,5.3783107,6.348395
4386,1,139,9232,13,139,1,1,139,2,1,139,7.1524706,6.5024357
4387,6,139,19744,13,139,1,0,-1,2,1,-1,6.17448,4.509107
4388,1,139,9232,13,139,1,1,139,2,1,139,6.2792315,3.524789
4389,3,139,13168,13,139,1,0,-1,2,1,-1,3.5466294,4.395225
4390,1,139,9880,13,139,2,1,139,3,2,139,5.916438,6.421992
4391,13,170,33352,13,170,1,0,-1,2,1,-1,5.5455785,4.9797053
4392,1,95,9232,13,95,1,1,95,2,1,95,4.110352,5.482574
4393,3,139,50056,13,139,1,0,-1,2,1,-1,5.230891,5.657328
4394,1,95,9232,13,95,1,1,95,2,1,95,4.8495073,4.7517257
4395,8,126,19780,13,126,1,0,-1,2,1,-1,3.4278026,6.4793534
4396,1,33,4948,13,33,2,1,33,3,2,33,5.865673,7.262004
4397,3,33,13192,13,33,1,0,-1,2,1,-1,5.0310035,4.4105926
4398,1,33,14848,13,33,1,1,-1,2,1,-1,6.6728034,6.9982147
4399,52,100,67768,13,100,1,0,-1,2,1,-1,4.880764,5.338704
4400,1,95,9232,13,95,1,1,95,2,1,95,5.8884063,4.370152
4401,3,139,13204,13,139,1,0,-1,2,1,-1,6.776957,4.5987453
4402,1,139,9232,13,139,2,1,139,3,2,139,4.294353,4.85242
4403,6,139,19816,13,139,1,0,-1,2,1,-1,5.0917625,4.7168255
4404,1,95,9232,13,95,1,1,95,2,1,95,3.3465729,4.5093527
4405,3,95,13216,13,95,1,0,-1,2,1,-1,7.3954687,6.0757337
4406,1,51,25108,13,51,1,1,-1,2,1,-1,5.4186497,6.1777987
4407,8,51,29752,13,51,1,0,-1,2,1,-1,4.4356174,6.8776374
4408,1,46,4408,13,46,2,1,46,3,2,46,4.9521146,5.4792366
4409,3,77,80512,13,77,1,0,-1,2,1,-1,6.576118,3.244724
4410,1,46,6616,13,46,1,1,46,2,1,46,6.860739,5.325975
4411,11,46,22336,13,46,1,0,-1,2,1,-1,3.9410775,5.330007
4412,1,46,11176,13,46,1,1,-1,2,1,-1,6.286624,6.5240026
4413,3,46,13240,13,46,1,0,-1,2,1,-1,4.260718,6.663903
4414,1,170,190996,13,170,2,1,-1,3,2,-1,3.646591,4.2987638
4415,44,170,190996,13,170,1,0,-1,2,1,-1,6.26198,6.046698
4416,1,20,4416,13,20,1,1,20,2,1,20,7.2162676,3.767535
4417,3,95,13252,13,95,1,0,-1,2,1,-1,5.159273,5.377758
4418,1,77,9448,13,77,1,1,77,2,1,77,6.634412,6.5464215
4419,6,77,19888,13,77,1,0,-1,2,1,-1,5.822651,4.7049317
4420,1,95,9232,13,95,2,1,95,3,2,95,6.592592,3.4479947
4421,3,95,13264,13,95,1,0,-1,2,1,-1,4.400446,3.1422734
4422,1,95,9952,13,95,1,1,95,2,1,95,5.5057044,3.2999074
4423,34,77,85048,13,77,1,0,-1,2,1,-1,6.3717403,5.2507577
4424,1,139,9232,13,139,1,1,139,2,1,139,4.989158,3.0787246
4425,3,46,22408,13,46,1,0,-1,2,1,-1,4.8180323,7.232551
4426,1,139,9232,13,139,2,1,139,3,2,139,5.787023,4.911412
4427,8,95,19924,13,95,1,0,-1,2,1,-1,5.722802,6.69766
4428,1,139,9232,13,139,1,1,139,2,1,139,5.6350813,6.4374576
4429,3,139,13288,13,139,1,0,-1,2,1,-1,3.1824043,4.08255
4430,1,121,345544,13,121,1,1,-1,2,1,-1,3.909053,6.3151145
4431,13,121,345544,13,121,1,0,-1,2,1,-1,4.9756937,4.3015213
4432,1,20,4432,13,20,2,1,20,3,2,20,7.1661134,4.058799
4433,3,139,18952,13,139,1,0,-1,2,1,-1,5.4845467,3.84013
4434,1,77,95956,13,77,1,1,-1,2,1,-1,5.660813,4.5951858
4435,6,77,95956,13,77,1,0,-1,2,1,-1,6.226357,4.1877313
4436,1,20,4436,13,20,1,1,20,2,1,20,6.758209,5.187417
4437,3,20,13312,13,20,1,0,-1,2,1,-1,6.4206,5.7941227
4438,1,95,9988,13,95,2,1,95,3,2,95,4.364675,5.9376483
4439,8,95,29968,13,95,1,0,-1,2,1,-1,6.1388903,4.0807223
4440,1,33,4440,13,33,1,1,33,2,1,33,3.8605373,5.044221
4441,3,183,250504,13,183,1,0,-1,2,1,-1,5.459316,4.683046
4442,1,33,6664,13,33,1,1,33,2,1,33,6.3180013,6.925162
4443,16,95,33748,13,95,1,0,-1,2,1,-1,5.5214634,7.1519217
4444,1,33,7504,13,33,2,1,33,3,2,33,5.954566,5.6980944
4445,3,33,13336,13,33,1,0,-1,2,1,-1,5.9334154,6.155393
4446,1,183,250504,13,183,1,1,-1,2,1,-1,5.3149323,3.6654112
4447,13,183,250504,13,183,1,0,-1,2,1,-1,5.391765,5.109492
4448,1,46,4448,13,46,1,1,46,2,1,46,7.3308086,5.878589
4449,3,69,16900,13,69,1,0,-1,2,1,-1,7.585735,4.586664
4450,1,139,9232,13,139,2,1,139,3,2,139,3.4840708,4.6243515
4451,6,139,20032,13,139,1,0,-1,2,1,-1,6.9490128,5.1397715
4452,1,139,9232,13,139,1,1,139,2,1,139,3.1365714,4.909268
4453,3,139,13360,13,139,1,0,-1,2,1,-1,5.3104286,5.760465
4454,1,139,10024,13,139,1,1,-1,2,1,-1,4.681214,3.9309475
4455,21,95,114208,13,95,1,0,-1,2,1,-1,4.74112,7.1259584
4456,1,46,4456,13,46,2,1,46,3,2,46,4.2785645,3.3233418
4457,3,46,33856,13,46,1,0,-1,2,1,-1,6.677606,4.3006873
4458,1,46,6688,13,46,1,1,46,2,1,46,4.0935626,3.1207552
4459,8,46,20068,13,46,1,0,-1,2,1,-1,3.6515384,5.0113406
4460,1,95,14308,13,95,1,1,-1,2,1,-1,3.620547,4.716626
4461,3,95,14308,13,95,1,0,-1,2,1,-1,7.3822,5.0394454
4462,1,95,15064,13,95,2,1,-1,3,2,-1,3.1266654,4.9670267
4463,16,46,50848,13,46,1,0,-1,2,1,-1,5.5300817,5.787865
4464,1,46,4464,13,46,1,1,46,2,1,46,4.3702683,4.033036
4465,3,46,13396,13,46,1,0,-1,2,1,-1,3.738116,4.0941224
4466,1,139,9232,13,139,1,1,139,2,1,139,5.989939,3.9861498
4467,6,139,20104,13,139,1,0,-1,2,1,-1,7.595632,5.0492268
4468,1,46,4468,13,46,2,1,46,3,2,46,5.6406417,4.674837
4469,3,46,13408,13,46,1,0,-1,2,1,-1,5.470754,2.7424579
4470,1,46,11320,13,46,1,1,-1,2,1,-1,4.655131,4.6285744
4471,8,46,30184,13,46,1,0,-1,2,1,-1,6.0511093,2.8249376
4472,1,90,8080,13,90,1,1,90,2,1,90,6.368224,3.7266233
4473,3,95,86020,13,95,1,0,-1,2,1,-1,6.2316346,5.532945
4474,1,90,8080,13,90,2,1,90,3,2,90,5.5867925,4.897234
4475,13,139,22660,13,139,1,0,-1,2,1,-1,5.6040373,5.9010267
4476,1,90,17008,13,90,1,1,-1,2,1,-1,4.7974834,4.1215506
4477,3,90,17008,13,90,1,0,-1,2,1,-1,6.1056094,3.9400072
4478,1,139,51028,13,139,1,1,-1,2,1,-1,7.7823834,4.8870497
4479,19,139,153088,13,139,1,0,-1,2,1,-1,3.9758344,4.495646
4480,1,20,4480,13,20,2,1,20,3,2,20,5.481561,3.6196098
4481,3,46,13444,13,46,1,0,-1,2,1,-1,5.1686354,7.367085
4482,1,46,6724,13,46,1,1,46,2,1,46,6.9737062,6.376062
4483,6,46,20176,13,46,1,0,-1,2,1,-1,5.8185945,7.4155207
4484,1,46,4484,13,46,1,1,46,2,1,46,4.548878,5.9950886
4485,3,46,13456,13,46,1,0,-1,2,1,-1,5.7691283,6.4509034
4486,1,46,10096,13,46,2,1,-1,3,2,-1,6.5799494,7.2731633
4487,11,46,30292,13,46,1,0,-1,2,1,-1,4.1110616,6.228598
4488,1,46,4488,13,46,1,1,46,2,1,46,3.3930943,5.395092
4489,3,90,25576,13,90,1,0,-1,2,1,-1,7.299322,5.281728
4490,1,46,6736,13,46,1,1,46,2,1,46,4.5377865,3.5327165
4491,8,183,138400,13,183,1,0,-1,2,1,-1,6.7203507,6.2909966
4492,1,46,5056,13,46,2,1,46,3,2,46,4.8915606,4.4133377
4493,3,46,13480,13,46,1,0,-1,2,1,-1,5.544798,4.2406807
4494,1,77,15172,13,77,1,1,-1,2,1,-1,4.0572214,3.1781576
4495,11,77,45520,13,77,1,0,-1,2,1,-1,3.2723105,5.7602496
4496,1,46,4496,13,46,1,1,46,2,1,46,3.84002,4.7981873
4497,3,46,13492,13,46,1,0,-1,2,1,-1,6.5727415,3.9174335
4498,1,46,11392,13,46,2,1,-1,3,2,-1,5.0339594,6.2678103
4499,6,46,20248,13,46,1,0,-1,2,1,-1,4.015072,4.0222225
4500,1,46,4500,13,46,1,1,46,2,1,46,5.315766,3.20242
4501,3,46,13504,13,46,1,0,-1,2,1,-1,4.1581993,4.2991743
4502,1,38,10132,13,38,1,1,-1,2,1,-1,3.8477776,5.0765104
4503,8,38,30400,13,38,1,0,-1,2,1,-1,3.8544025,6.2631855
4504,1,46,4504,13,46,2,1,46,3,2,46,4.849619,5.934272
4505,3,38,15208,13,38,1,0,-1,2,1,-1,5.4229712,6.670087
4506,1,46,6760,13,46,1,1,46,2,1,46,6.515565,3.6821158
4507,21,90,61720,13,90,1,0,-1,2,1,-1,5.435765,4.5347204
4508,1,139,21688,13,139,1,1,-1,2,1,-1,5.9859834,5.0474157
4509,3,139,21688,13,139,1,0,-1,2,1,-1,3.736948,4.03844
4510,1,139,22840,13,139,2,1,-1,3,2,-1,3.9842236,3.270979
4511,32,152,250504,13,152,1,0,-1,2,1,-1,7.2077303,4.5272927
4512,1,20,4512,13,20,1,1,20,2,1,20,4.4737544,6.192606
4513,3,183,32560,13,183,1,0,-1,2,1,-1,6.191222,3.2056637
4514,1,38,6772,13,38,1,1,38,2,1,38,6.3840384,6.2841535
4515,6,38,20320,13,38,1,0,-1,2,1,-1,6.0683784,4.833105
4516,1,38,8584,13,38,2,1,38,3,2,38,5.6598377,3.912964
4517,3,38,13552,13,38,1,0,-1,2,1,-1,5.4598403,3.354061
4518,1,38,10168,13,38,1,1,-1,2,1,-1,6.733673,5.897088
4519,16,90,34324,13,90,1,0,-1,2,1,-1,7.532355,6.347084
4520,1,20,4520,13,20,1,1,20,2,1,20,4.233584,4.838315
4521,3,183,77272,13,183,1,0,-1,2,1,-1,6.522202,5.33839
4522,1,20,6784,13,20,2,1,20,3,2,20,4.4259663,5.1087337
4523,8,90,28996,13,90,1,0,-1,2,1,-1,3.8362274,6.29787
4524,1,38,5092,13,38,1,1,38,2,1,38,5.434484,5.09358
4525,3,38,13576,13,38,1,0,-1,2,1,-1,3.2642982,4.5405316
4526,1,38,15280,13,38,1,1,-1,2,1,-1,5.473915,4.410625
4527,13,38,45844,13,38,1,0,-1,2,1,-1,7.116178,5.323828
4528,1,64,9232,13,64,2,1,64,3,2,64,7.458422,6.1183715
4529,3,64,13588,13,64,1,0,-1,2,1,-1,5.0392933,5.850569
4530,1,64,9232,13,64,1,1,64,2,1,64,5.276068,3.7617757
4531,6,64,20392,13,64,1,0,-1,2,1,-1,4.9307737,4.9296064
4532,1,64,9232,13,64,1,1,64,2,1,64,3.3036497,6.328609
4533,3,64,13600,13,64,1,0,-1,2,1,-1,6.291425,5.165505
4534,1,90,39364,13,90,2,1,-1,3,2,-1,6.2670555,6.540726
4535,8,90,39364,13,90,1,0,-1,2,1,-1,7.1241336,6.041519
4536,1,64,9232,13,64,1,1,64,2,1,64,5.979263,5.680288
4537,3,64,15316,13,64,1,0,-1,2,1,-1,6.1664534,5.862176
4538,1,64,9232,13,64,1,1,64,2,1,64,3.2812798,6.2523856
4539,11,183,1276936,13,183,1,0,-1,2,1,-1,2.8840365,4.758656
4540,1,64,14560,13,64,2,1,-1,3,2,-1,3.448713,4.7019534
4541,3,64,14560,13,64,1,0,-1,2,1,-1,6.112295,5.7237787
4542,1,64,34504,13,64,1,1,-1,2,1,-1,3.8121078,5.1257496
4543,29,183,1276936,13,183,1,0,-1,2,1,-1,4.0794377,3.269851
4544,1,108,9232,13,108,1,1,108,2,1,108,5.3080215,4.957968
4545,3,139,41524,13,139,1,0,-1,2,1,-1,6.0915074,3.8602788
4546,1,139,65608,13,139,2,1,-1,3,2,-1,6.014589,5.4515376
4547,6,139,65608,13,139,1,0,-1,2,1,-1,4.2318773,4.674309
4548,1,20,4548,13,20,1,1,20,2,1,20,6.2989674,3.7749474
4549,3,20,13648,13,20,1,0,-1,2,1,-1,4.5534153,4.8131943
4550,1,20,10240,13,20,1,1,-1,2,1,-1,4.3939195,6.9994335
4551,13,183,83104,13,183,1,0,-1,2,1,-1,4.982339,4.38532
4552,1,59,4552,13,59,2,1,59,3,2,59,6.829895,6.123239
4553,3,152,23056,13,152,1,0,-1,2,1,-1,6.6891894,6.060779
4554,1,59,6832,13,59,1,1,59,2,1,59,6.8946223,5.843189
4555,8,59,20500,13,59,1,0,-1,2,1,-1,6.8145776,3.3371887
4556,1,59,5128,13,59,1,1,59,2,1,59,6.1875157,3.7882686
4557,3,59,13672,13,59,1,0,-1,2,1,-1,3.59499,4.8442254
4558,1,152,25972,13,152,2,1,-1,3,2,-1,5.5978584,4.751787
4559,19,152,46168,13,152,1,0,-1,2,1,-1,4.790826,6.5119615
4560,1,108,9232,13,108,1,1,108,2,1,108,5.674892,7.1946836
4561,3,59,13684,13,59,1,0,-1,2,1,-1,5.5784106,7.254962
4562,1,152,17332,13,152,1,1,-1,2,1,-1,7.1304603,6.1469316
4563,6,152,20536,13,152,1,0,-1,2,1,-1,6.8306427,5.683465
4564,1,108,9232,13,108,2,1,108,3,2,108,5.958712,5.1208696
4565,3,108,13696,13,108,1,0,-1,2,1,-1,5.4125032,3.2770991
4566,1,59,13012,13,59,1,1,-1,2,1,-1,4.9436674,3.5486145
4567,8,59,30832,13,59,1,0,-1,2,1,-1,4.4844875,5.7495856
4568,1,33,4568,13,33,1,1,33,2,1,33,3.859371,5.2647815
4569,3,33,15424,13,33,1,0,-1,2,1,-1,6.6965976,5.1621585
4570,1,33,6856,13,33,2,1,33,3,2,33,4.6342316,6.0299735
4571,13,59,34720,13,59,1,0,-1,2,1,-1,7.3969393,4.784931
4572,1,33,7720,13,33,1,1,33,2,1,33,7.366538,4.839103
4573,3,33,13720,13,33,1,0,-1,2,1,-1,5.440857,4.0584893
4574,1,121,250504,13,121,1,1,-1,2,1,-1,7.3140993,4.4186077
4575,75,121,250504,13,121,1,0,-1,2,1,-1,5.8371825,5.7583456
4576,1,108,9232,13,108,2,1,108,3,2,108,7.0659103,5.530994
4577,3,152,26080,13,152,1,0,-1,2,1,-1,5.99978,3.8727574
4578,1,108,9232,13,108,1,1,108,2,1,108,4.032973,7.0554767
4579,6,108,20608,13,108,1,0,-1,2,1,-1,5.5336776,5.3359575
4580,1,152,9232,13,152,1,1,152,2,1,152,5.2959695,4.191725
4581,3,152,13744,13,152,1,0,-1,2,1,-1,6.4662523,6.4786716
4582,1,152,10312,13,152,2,1,-1,3,2,-1,5.096083,4.8608956
4583,44,90,223072,13,90,1,0,-1,2,1,-1,4.900257,3.3185058
4584,1,108,9232,13,108,1,1,108,2,1,108,5.6736193,4.7718
4585,3,152,39184,13,152,1,0,-1,2,1,-1,5.7473307,2.670111
4586,1,108,9232,13,108,1,1,108,2,1,108,3.389462,3.9383051
4587,8,121,58804,13,121,1,0,-1,2,1,-1,6.4418635,6.422308
4588,1,59,5812,13,59,2,1,59,3,2,59,4.488309,3.0287805
4589,3,59,13768,13,59,1,0,-1,2,1,-1,5.2766776,6.295833
4590,1,59,15496,13,59,1,1,-1,2,1,-1,5.575313,6.8383045
4591,106,170,8153620,13,170,1,0,-1,2,1,-1,4.8857217,3.2475123
4592,1,46,4592,13,46,1,1,46,2,1,46,6.1445856,7.04658
4593,3,108,13780,13,108,1,0,-1,2,1,-1,4.165779,6.4734154
4594,1,59,8728,13,59,2,1,59,3,2,59,7.2339377,4.1520023
4595,6,59,20680,13,59,1,0,-1,2,1,-1,4.7603436,4.4478736
4596,1,46,4596,13,46,1,1,46,2,1,46,5.8720484,5.524628
4597,3,46,13792,13,46,1,0,-1,2,1,-1,5.300299,6.0495253
4598,1,152,44224,13,152,1,1,-1,2,1,-1,6.875008,3.8093712
4599,8,152,44224,13,152,1,0,-1,2,1,-1,6.981826,7.048129
4600,1,46,13120,13,46,2,1,-1,3,2,-1,3.7080152,4.7745967
4601,3,59,17476,13,59,1,0,-1,2,1,-1,6.5362535,3.2391882
4602,1,46,13120,13,46,1,1,-1,2,1,-1,4.7869654,4.6805086
4603,16,121,95956,13,121,1,0,-1,2,1,-1,6.2976627,3.5990736
4604,1,59,39364,13,59,1,1,-1,2,1,-1,5.163788,6.428408
4605,3,59,39364,13,59,1,0,-1,2,1,-1,4.881363,6.5981054
4606,1,59,118096,13,59,2,1,-1,3,2,-1,7.1171803,4.3496547
4607,78,152,1276936,13,152,1,0,-1,2,1,-1,4.2256885,3.5792768
4608,1,28,4608,13,28,1,1,28,2,1,28,4.4106617,5.9573684
4609,3,46,13828,13,46,1,0,-1,2,1,-1,3.4926195,5.2994165
4610,1,108,9232,13,108,1,1,108,2,1,108,4.6171846,3.6270018
4611,6,108,20752,13,108,1,0,-1,2,1,-1,6.8800592,5.4694386
4612,1,152,9232,13,152,2,1,152,3,2,152,5.694107,4.852028
4613,3,152,13840,13,152,1,0,-1,2,1,-1,6.9231696,4.4722157
4614,1,152,10384,13,152,1,1,-1,2,1,-1,5.8844905,5.837348
4615,11,90,31156,13,90,1,0,-1,2,1,-1,3.0673223,5.2123346
4616,1,33,4616,13,33,1,1,33,2,1,33,4.4326053,4.5750175
4617,3,108,23380,13,108,1,0,-1,2,1,-1,6.107882,3.8026168
4618,1,33,6928,13,33,2,1,33,3,2,33,5.060647,3.1568332
4619,8,152,20788,13,152,1,0,-1,2,1,-1,4.209313,7.2450933
4620,1,33,5200,13,33,1,1,33,2,1,33,5.878761,3.7699049
4621,3,33,13864,13,33,1,0,-1,2,1,-1,5.457371,5.237317
4622,1,152,15604,13,152,1,1,-1,2,1,-1,4.5142503,6.156207
4623,11,152,46816,13,152,1,0,-1,2,1,-1,6.715663,3.5727098
4624,1,33,4624,13,33,2,1,33,3,2,33,6.441451,4.989568
4625,3,33,13876,13,33,1,0,-1,2,1,-1,4.872132,4.7055736
4626,1,108,11716,13,108,1,1,-1,2,1,-1,6.7884355,5.2749295
4627,6,108,20824,13,108,1,0,-1,2,1,-1,3.3848307,4.58635
4628,1,33,4628,13,33,1,1,33,2,1,33,4.845571,5.0714912
4629,3,33,13888,13,33,1,0,-1,2,1,-1,4.4101386,6.066324
4630,1,108,10420,13,108,2,1,-1,3,2,-1,6.720337,6.269161
4631,8,108,31264,13,108,1,0,-1,2,1,-1,5.9481783,3.9162369
4632,1,33,4632,13,33,1,1,33,2,1,33,5.9630294,6.253799
4633,3,108,15640,13,108,1,0,-1,2,1,-1,6.668247,6.2263217
4634,1,33,6952,13,33,1,1,33,2,1,33,4.27105,2.9130964
4635,26,90,79216,13,90,1,0,-1,2,1,-1,3.4193165,6.3448615
4636,1,59,7828,13,59,2,1,59,3,2,59,3.5792468,4.439164
4637,3,59,13912,13,59,1,0,-1,2,1,-1,4.58025,5.9902716
4638,1,59,23488,13,59,1,1,-1,2,1,-1,5.838549,5.7128005
4639,39,90,70468,13,90,1,0,-1,2,1,-1,6.505464,4.9250903
4640,1,121,9232,13,121,1,1,121,2,1,121,6.0402102,7.4032354
4641,3,59,13924,13,59,1,0,-1,2,1,-1,5.001826,3.8198075
4642,1,33,6964,13,33,2,1,33,3,2,33,5.313978,2.7350495
4643,6,33,20896,13,33,1,0,-1,2,1,-1,5.851966,3.6504116
4644,1,183,190996,13,183,1,1,-1,2,1,-1,4.284324,4.0512557
4645,3,183,190996,13,183,1,0,-1,2,1,-1,5.539265,6.5246754
4646,1,183,190996,13,183,1,1,-1,2,1,-1,7.332412,5.144979
4647,13,59,35296,13,59,1,0,-1,2,1,-1,5.9878645,4.2011447
4648,1,121,9232,13,121,2,1,121,3,2,121,5.8232484,6.803921
4649,3,134,67048,13,134,1,0,-1,2,1,-1,3.9968436,4.3119493
4650,1,121,9232,13,121,1,1,121,2,1,121,5.999623,5.8168325
4651,8,33,20932,13,33,1,0,-1,2,1,-1,4.569382,4.211855
4652,1,152,9232,13,152,1,1,152,2,1,152,4.871363,6.4034786
4653,3,152,13960,13,152,1,0,-1,2,1,-1,3.8241763,5.3407183
4654,1,152,15712,13,152,2,1,-1,3,2,-1,6.062322,5.6519136
4655,24,90,59668,13,90,1,0,-1,2,1,-1,6.333728,3.9394622
4656,1,121,9232,13,121,1,1,121,2,1,121,5.164392,3.9720573
4657,3,152,13972,13,152,1,0,-1,2,1,-1,6.340435,3.7660084
4658,1,152,9232,13,152,1,1,152,2,1,152,6.0635414,7.081844
4659,6,152,20968,13,152,1,0,-1,2,1,-1,6.324625,6.961256
4660,1,121,9232,13,121,2,1,121,3,2,121,4.874032,6.393339
4661,3,121,13984,13,121,1,0,-1,2,1,-1,7.5514593,4.7341547
4662,1,108,59776,13,108,1,1,-1,2,1,-1,5.2298374,4.371394
4663,8,108,59776,13,108,1,0,-1,2,1,-1,5.1181455,4.7595944
4664,1,33,4664,13,33,1,1,33,2,1,33,4.664669,4.954903
4665,3,134,345544,13,134,1,0,-1,2,1,-1,4.5403557,6.318662
4666,1,33,7000,13,33,2,1,33,3,2,33,6.7203183,4.3775783
4667,11,33,23632,13,33,1,0,-1,2,1,-1,4.0640745,6.675459
4668,1,33,11824,13,33,1,1,-1,2,1,-1,5.676989,6.8984303
4669,3,33,14008,13,33,1,0,-1,2,1,-1,5.469906,6.1571684
4670,1,90,95956,13,90,1,1,-1,2,1,-1,2.9898896,4.7694716
4671,16,90,106432,13,90,1,0,-1,2,1,-1,4.212199,6.5699105
4672,1,121,9232,13,121,2,1,121,3,2,121,3.9724343,5.3955984
4673,3,59,14020,13,59,1,0,-1,2,1,-1,5.948357,2.8399355
4674,1,59,7012,13,59,1,1,59,2,1,59,7.6931486,5.1497045
4675,6,59,21040,13,59,1,0,-1,2,1,-1,6.2021084,3.9742303
4676,1,59,4676,13,59,1,1,59,2,1,59,6.2037177,3.5004432
4677,3,59,14032,13,59,1,0,-1,2,1,-1,4.32433,5.9363728
4678,1,59,10528,13,59,2,1,-1,3,2,-1,6.2735395,6.779127
4679,16,46,31588,13,46,1,0,-1,2,1,-1,4.2402916,7.0579114
4680,1,59,4680,13,59,1,1,59,2,1,59,5.5289793,3.0345497
4681,3,46,23704,13,46,1,0,-1,2,1,-1,6.40236,5.8148885
4682,1,59,7024,13,59,1,1,59,2,1,59,5.875658,6.411382
4683,8,59,21076,13,59,1,0,-1,2,1,-1,6.942648,6.155729
4684,1,59,5272,13,59,2,1,59,3,2,59,6.0154085,4.231215
4685,3,59,14056,13,59,1,0,-1,2,1,-1,3.9298437,3.451218
4686,1,152,17800,13,152,1,1,-1,2,1,-1,6.6967955,5.9465504
4687,13,152,47464,13,152,1,0,-1,2,1,-1,6.0528774,6.3163514
4688,1,121,9232,13,121,1,1,121,2,1,121,7.0935574,4.5911884
4689,3,152,14068,13,152,1,0,-1,2,1,-1,4.7794886,4.6571603
4690,1,152,26728,13,152,2,1,-1,3,2,-1,4.937701,6.438529
4691,6,152,26728,13,152,1,0,-1,2,1,-1,7.5036554,3.9448664
4692,1,121,9232,13,121,1,1,121,2,1,121,3.6092246,3.514729
4693,3,121,14080,13,121,1,0,-1,2,1,-1,4.2537217,3.9369164
4694,1,108,14308,13,108,1,1,-1,2,1,-1,6.922795,6.3549094
4695,8,108,31696,13,108,1,0,-1,2,1,-1,5.480778,6.0535707
4696,1,121,9232,13,121,2,1,121,3,2,121,4.7828903,7.128802
4697,3,108,15856,13,108,1,0,-1,2,1,-1,6.479308,7.0620613
4698,1,121,9232,13,121,1,1,121,2,1,121,3.7905557,4.502502
4699,34,82,67768,13,82,1,0,-1,2,1,-1,4.8231473,3.377827
4700,1,121,9232,13,121,1,1,121,2,1,121,5.258861,3.311596
4701,3,121,14104,13,121,1,0,-1,2,1,-1,4.7279477,3.2174172
4702,1,59,23812,13,59,2,1,-1,3,2,-1,4.9721565,4.332667
4703,13,59,71440,13,59,1,0,-1,2,1,-1,5.430847,4.370861
4704,1,121,9232,13,121,1,1,121,2,1,121,4.5600677,3.9336421
4705,3,59,17872,13,59,1,0,-1,2,1,-1,5.403475,2.827152
4706,1,33,7060,13,33,1,1,33,2,1,33,3.7764344,4.544852
4707,6,33,21184,13,33,1,0,-1,2,1,-1,4.978359,5.405393
4708,1,33,4708,13,33,2,1,33,3,2,33,5.9496655,4.7867956
4709,3,33,14128,13,33,1,0,-1,2,1,-1,5.445954,3.6412928
4710,1,33,10600,13,33,1,1,-1,2,1,-1,3.5816748,5.853683
4711,19,59,80512,13,59,1,0,-1,2,1,-1,5.779182,3.669915
4712,1,121,9232,13,121,1,1,121,2,1,121,3.7661557,5.11916
4713,3,152,35800,13,152,1,0,-1,2,1,-1,4.050506,4.327565
4714,1,121,9232,13,121,2,1,121,3,2,121,6.8842373,3.562969
4715,8,103,21220,13,103,1,0,-1,2,1,-1,5.7851934,6.7797503
4716,1,59,13444,13,59,1,1,-1,2,1,-1,4.7324715,4.357716
4717,3,59,14152,13,59,1,0,-1,2,1,-1,5.946645,3.6074314
4718,1,59,15928,13,59,1,1,-1,2,1,-1,4.8738275,6.860701
4719,37,103,53764,13,103,1,0,-1,2,1,-1,7.403893,5.611149
4720,1,59,4720,13,59,2,1,59,3,2,59,5.6173534,5.655466
4721,3,121,14164,13,121,1,0,-1,2,1,-1,3.4187253,3.7724204
4722,1,59,10096,13,59,1,1,-1,2,1,-1,4.652453,3.6732469
4723,6,59,21256,13,59,1,0,-1,2,1,-1,6.692459,4.1516547
4724,1,59,4724,13,59,1,1,59,2,1,59,5.5266824,6.9312286
4725,3,59,14176,13,59,1,0,-1,2,1,-1,4.956554,6.4100747
4726,1,59,11968,13,59,2,1,-1,3,2,-1,4.7015157,2.9652514
4727,8,59,31912,13,59,1,0,-1,2,1,-1,4.382795,7.240306
4728,1,59,5992,13,59,1,1,59,2,1,59,4.507998,4.642324
4729,3,59,26944,13,59,1,0,-1,2,1,-1,6.5421824,6.260889
4730,1,59,7096,13,59,1,1,59,2,1,59,5.992374,6.3402095
4731,13,59,23956,13,59,1,0,-1,2,1,-1,7.1365952,6.600629
4732,1,90,45520,13,90,2,1,-1,3,2,-1,3.5731733,4.835504
4733,3,90,45520,13,90,1,0,-1,2,1,-1,6.0158563,6.484224
4734,1,90,53944,13,90,1,1,-1,2,1,-1,5.711334,6.8239155
4735,34,152,182068,13,152,1,0,-1,2,1,-1,3.7452939,3.2429652
4736,1,28,4736,13,28,1,1,28,2,1,28,3.2290232,4.133453
4737,3,59,20248,13,59,1,0,-1,2,1,-1,5.270259,6.423683
4738,1,121,9232,13,121,2,1,121,3,2,121,6.15506,7.290081
4739,6,121,21328,13,121,1,0,-1,2,1,-1,5.8497233,6.874832
4740,1,152,21688,13,152,1,1,-1,2,1,-1,3.8208113,4.666194
4741,3,152,21688,13,152,1,0,-1,2,1,-1,6.703452,7.2653737
4742,1,152,21688,13,152,1,1,-1,2,1,-1,4.6444144,3.2758005
4743,11,59,32020,13,59,1,0,-1,2,1,-1,4.934231,4.8490586
4744,1,77,9232,13,77,2,1,77,3,2,77,5.757168,6.353018
4745,3,51,40552,13,51,1,0,-1,2,1,-1,4.8441706,4.8072577
4746,1,77,9232,13,77,1,1,77,2,1,77,3.2937262,5.1780252
4747,8,152,21688,13,152,1,0,-1,2,1,-1,5.5324464,6.129983
4748,1,77,9232,13,77,1,1,77,2,1,77,3.6918883,3.9700186
4749,3,77,14248,13,77,1,0,-1,2,1,-1,7.3238053,6.5787683
4750,1,165,250504,13,165,2,1,-1,3,2,-1,6.495849,4.69559
4751,11,165,250504,13,165,1,0,-1,2,1,-1,5.1892724,6.863765
4752,1,77,9232,13,77,1,1,77,2,1,77,3.2318888,5.2774944
4753,3,51,14260,13,51,1,0,-1,2,1,-1,4.643072,6.643588
4754,1,51,12040,13,51,1,1,-1,2,1,-1,5.716166,5.936104
4755,6,51,21400,13,51,1,0,-1,2,1,-1,4.6145563,6.3495665
4756,1,77,9232,13,77,2,1,77,3,2,77,3.7996166,5.437259
4757,3,77,14272,13,77,1,0,-1,2,1,-1,6.5315847,6.1343813
4758,1,77,10708,13,77,1,1,-1,2,1,-1,6.2862124,4.028993
4759,8,77,32128,13,77,1,0,-1,2,1,-1,4.0431175,3.7946632
4760,1,77,9232,13,77,1,1,77,2,1,77,4.3527446,4.0934863
4761,3,33,16072,13,33,1,0,-1,2,1,-1,3.9849544,6.0234065
4762,1,77,9232,13,77,2,1,77,3,2,77,3.994944,6.8728266
4763,39,196,695464,13,196,1,0,-1,2,1,-1,5.037566,6.3609324
4764,1,51,15280,13,51,1,1,-1,2,1,-1,3.4937983,5.819735
4765,3,51,15280,13,51,1,0,-1,2,1,-1,4.9220324,6.8283763
4766,1,51,24136,13,51,1,1,-1,2,1,-1,5.228704,2.9695978
4767,37,103,122200,13,103,1,0,-1,2,1,-1,3.4884505,5.1942596
4768,1,28,4768,13,28,2,1,28,3,2,28,3.3410368,4.1503158
4769,3,77,14308,13,77,1,0,-1,2,1,-1,4.5944247,4.14416
4770,1,103,39364,13,103,1,1,-1,2,1,-1,5.714289,5.565965
4771,6,103,39364,13,103,1,0,-1,2,1,-1,5.242502,4.0513406
4772,1,103,39364,13,103,1,1,-1,2,1,-1,6.0863013,3.8904033
4773,3,103,39364,13,103,1,0,-1,2,1,-1,5.230082,3.8468015
4774,1,103,39364,13,103,2,1,-1,3,2,-1,6.2563653,3.7236147
4775,26,59,40804,13,59,1,0,-1,2,1,-1,4.875656,3.831149
4776,1,28,4776,13,28,1,1,28,2,1,28,3.6062615,4.8075933
4777,3,103,275560,13,103,1,0,-1,2,1,-1,6.641161,6.0251017
4778,1,28,7168,13,28,1,1,28,2,1,28,5.9563046,3.6894033
4779,8,77,21508,13,77,1,0,-1,2,1,-1,6.416101,7.2741857
4780,1,121,9232,13,121,2,1,121,3,2,121,5.6012316,6.608021
4781,3,121,14344,13,121,1,0,-1,2,1,-1,5.0091386,5.979858
4782,1,121,16144,13,121,1,1,-1,2,1,-1,3.3859391,6.134218
4783,13,77,48436,13,77,1,0,-1,2,1,-1,3.0092242,6.0111094
4784,1,121,9232,13,121,1,1,121,2,1,121,6.769849,6.6397805
4785,3,72,14356,13,72,1,0,-1,2,1,-1,3.9029014,6.055013
4786,1,72,8080,13,72,2,1,72,3,2,72,4.158854,4.727067
4787,6,72,21544,13,72,1,0,-1,2,1,-1,7.0837255,5.97334
4788,1,121,9232,13,121,1,1,121,2,1,121,5.291064,4.8475623
4789,3,121,14368,13,121,1,0,-1,2,1,-1,5.4813714,3.2627172
4790,1,33,18196,13,33,1,1,-1,2,1,-1,5.2341185,6.582262
4791,8,33,32344,13,33,1,0,-1,2,1,-1,3.4943707,5.7891474
4792,1,121,9232,13,121,2,1,121,3,2,121,6.114918,5.977345
4793,3,72,16180,13,72,1,0,-1,2,1,-1,6.7672663,3.0767615
4794,1,121,9232,13,121,1,1,121,2,1,121,3.724653,5.121992
4795,11,165,24280,13,165,1,0,-1,2,1,-1,4.8258457,4.615005
4796,1,72,12148,13,72,1,1,-1,2,1,-1,4.7490106,4.523066
4797,3,72,14392,13,72,1,0,-1,2,1,-1,5.8041973,6.565858
4798,1,72,36448,13,72,2,1,-1,3,2,-1,4.902977,5.808571
4799,26,165,138400,13,165,1,0,-1,2,1,-1,6.7268276,6.4750085
4800,1,20,4800,13,20,1,1,20,2,1,20,6.33251,5.91974
4801,3,121,14404,13,121,1,0,-1,2,1,-1,4.717249,5.8548265
4802,1,165,17332,13,165,1,1,-1,2,1,-1,6.5816355,3.2844768
4803,6,165,21616,13,165,1,0,-1,2,1,-1,5.486163,6.1530023
4804,1,59,4804,13,59,2,1,59,3,2,59,5.252917,3.7766314
4805,3,59,14416,13,59,1,0,-1,2,1,-1,6.3141394,4.526148
4806,1,59,10816,13,59,1,1,-1,2,1,-1,3.5707757,4.1568604
4807,13,121,32452,13,121,1,0,-1,2,1,-1,4.0831485,4.7892027
4808,1,59,4808,13,59,1,1,59,2,1,59,5.5300164,6.8916864
4809,3,46,24352,13,46,1,0,-1,2,1,-1,7.248215,5.166194
4810,1,59,7216,13,59,2,1,59,3,2,59,7.2857656,5.599177
4811,8,46,21652,13,46,1,0,-1,2,1,-1,4.245121,3.6177526
4812,1,59,5416,13,59,1,1,59,2,1,59,5.333853,3.0563915
4813,3,59,14440,13,59,1,0,-1,2,1,-1,5.699539,6.8357377
4814,1,72,61720,13,72,1,1,-1,2,1,-1,3.6895847,6.2526355
4815,26,72,61720,13,72,1,0,-1,2,1,-1,4.271073,5.7767816
4816,1,20,4816,13,20,2,1,20,3,2,20,5.248457,3.1534543
4817,3,121,14452,13,121,1,0,-1,2,1,-1,6.076999,5.2851114
4818,1,121,18304,13,121,1,1,-1,2,1,-1,4.870597,4.933138
4819,6,121,21688,13,121,1,0,-1,2,1,-1,6.03141,6.619898
4820,1,20,4820,13,20,1,1,20,2,1,20,3.9790943,4.0165105
4821,3,20,14464,13,20,1,0,-1,2,1,-1,6.2966843,4.2675757
4822,1,165,10852,13,165,2,1,-1,3,2,-1,4.788105,5.7941504
4823,8,165,32560,13,165,1,0,-1,2,1,-1,7.1864114,6.1507187
4824,1,72,5812,13,72,1,1,72,2,1,72,7.291328,5.0079637
4825,3,59,16288,13,59,1,0,-1,2,1,-1,5.1785016,7.1296787
4826,1,72,7240,13,72,1,1,72,2,1,72,7.4119,4.6239057
4827,13,103,223072,13,103,1,0,-1,2,1,-1,7.625353,5.043998
4828,1,72,8152,13,72,2,1,72,3,2,72,4.35973,7.136888
4829,3,72,14488,13,72,1,0,-1,2,1,-1,5.3712993,6.536292
4830,1,121,27520,13,121,1,1,-1,2,1,-1,6.91516,4.828125
4831,16,121,73384,13,121,1,0,-1,2,1,-1,3.0981526,5.521945
4832,1,20,4832,13,20,1,1,20,2,1,20,6.3613133,6.3697267
4833,3,72,69712,13,72,1,0,-1,2,1,-1,4.6708126,6.8529253
4834,1,20,7252,13,20,2,1,20,3,2,20,6.3451347,6.974923
4835,6,20,21760,13,20,1,0,-1,2,1,-1,4.133011,5.5560365
4836,1,59,13120,13,59,1,1,-1,2,1,-1,5.85949,4.703111
4837,3,59,14512,13,59,1,0,-1,2,1,-1,6.585223,3.3277888
4838,1,59,13120,13,59,1,1,-1,2,1,-1,4.5562086,5.023523
4839,39,165,93040,13,165,1,0,-1,2,1,-1,4.3466825,3.9479806
4840,1,20,4840,13,20,2,1,20,3,2,20,6.2528186,6.787543
4841,3,103,176740,13,103,1,0,-1,2,1,-1,5.6445236,5.017716
4842,1,20,7264,13,20,1,1,20,2,1,20,7.247978,3.7005677
4843,8,165,44224,13,165,1,0,-1,2,1,-1,4.0429907,7.0987325
4844,1,72,39364,13,72,1,1,-1,2,1,-1,4.781427,6.404036
4845,3,72,39364,13,72,1,0,-1,2,1,-1,5.2445865,4.404163
4846,1,72,39364,13,72,2,1,-1,3,2,-1,5.018783,3.3692453
4847,34,165,209680,13,165,1,0,-1,2,1,-1,3.9772356,3.5452616
4848,1,46,4848,13,46,1,1,46,2,1,46,6.3176303,4.1922894
4849,3,20,14548,13,20,1,0,-1,2,1,-1,5.5744734,6.510909
4850,1,165,1276936,13,165,1,1,-1,2,1,-1,5.139837,3.7935839
4851,6,165,1276936,13,165,1,0,-1,2,1,-1,5.657269,6.3057094
4852,1,46,4852,13,46,2,1,46,3,2,46,7.3771377,6.566485
4853,3,46,14560,13,46,1,0,-1,2,1,-1,4.9242477,6.0612855
4854,1,121,12292,13,121,1,1,-1,2,1,-1,2.855832,5.3623047
4855,8,121,32776,13,121,1,0,-1,2,1,-1,4.117345,5.845627
4856,1,46,9232,13,46,1,1,46,2,1,46,3.8666127,5.7218175
4857,3,165,18448,13,165,1,0,-1,2,1,-1,3.3226612,5.6615987
4858,1,46,9232,13,46,2,1,46,3,2,46,5.1382513,7.248029
4859,21,121,41524,13,121,1,0,-1,2,1,-1,5.4323173,7.558919
4860,1,165,27700,13,165,1,1,-1,2,1,-1,5.564793,6.254495
4861,3,165,27700,13,165,1,0,-1,2,1,-1,5.0479007,5.9553514
4862,1,165,83104,13,165,1,1,-1,2,1,-1,6.617836,4.5930305
4863,52,90,599056,13,90,1,0,-1,2,1,-1,3.3809524,4.3217316
4864,1,28,4864,13,28,2,1,28,3,2,28,5.5980606,3.934997
4865,3,46,14596,13,46,1,0,-1,2,1,-1,6.670509,5.0771985
4866,1,46,7300,13,46,1,1,46,2,1,46,6.79791,5.29805
4867,6,46,21904,13,46,1,0,-1,2,1,-1,4.2932224,5.7530456
4868,1,134,9232,13,134,1,1,134,2,1,134,3.9126992,4.69936
4869,3,134,14608,13,134,1,0,-1,2,1,-1,6.538939,5.546881
4870,1,134,10960,13,134,2,1,-1,3,2,-1,4.3882966,6.6680984
4871,11,46,32884,13,46,1,0,-1,2,1,-1,3.043434,5.191783
4872,1,134,9232,13,134,1,1,134,2,1,134,5.1260376,6.7708783
4873,3,121,24676,13,121,1,0,-1,2,1,-1,6.196706,3.3715398
4874,1,134,9232,13,134,1,1,134,2,1,134,7.2366285,4.1453147
4875,8,121,21940,13,121,1,0,-1,2,1,-1,7.2035856,5.5497303
4876,1,134,9232,13,134,2,1,134,3,2,134,5.623531,2.9994915
4877,3,134,14632,13,134,1,0,-1,2,1,-1,4.3000293,6.578201
4878,1,134,16468,13,134,1,1,-1,2,1,-1,6.690015,5.7434497
4879,11,134,49408,13,134,1,0,-1,2,1,-1,6.0219197,4.454915
4880,1,41,4880,13,41,1,1,41,2,1,41,3.0904684,4.243982
4881,3,134,14644,13,134,1,0,-1,2,1,-1,3.850497,6.6298947
4882,1,72,13912,13,72,2,1,-1,3,2,-1,6.442848,4.1851788
4883,6,72,21976,13,72,1,0,-1,2,1,-1,3.4194129,6.1146927
4884,1,41,4884,13,41,1,1,41,2,1,41,5.259219,6.8368835
4885,3,41,14656,13,41,1,0,-1,2,1,-1,7.449019,4.056105
4886,1,46,10996,13,46,1,1,-1,2,1,-1,5.7825456,4.0509367
4887,8,46,32992,13,46,1,0,-1,2,1,-1,4.1544027,3.4266226
4888,1,41,4888,13,41,2,1,41,3,2,41,3.425807,5.1678305
4889,3,46,20896,13,46,1,0,-1,2,1,-1,5.2823725,3.6753714
4890,1,41,7336,13,41,1,1,41,2,1,41,4.991456,2.926493
4891,75,178,225988,13,178,1,0,-1,2,1,-1,4.723397,6.668439
4892,1,134,9232,13,134,1,1,134,2,1,134,4.61414,5.015515
4893,3,134,14680,13,134,1,0,-1,2,1,-1,6.369104,6.000584
4894,1,134,24784,13,134,2,1,-1,3,2,-1,3.3502142,4.5579987
4895,26,72,74356,13,72,1,0,-1,2,1,-1,4.981698,4.176546
4896,1,41,4896,13,41,1,1,41,2,1,41,6.172625,4.3659062
4897,3,165,14692,13,165,1,0,-1,2,1,-1,5.549595,7.1485853
4898,1,134,9232,13,134,1,1,134,2,1,134,4.806227,4.239793
4899,6,134,22048,13,134,1,0,-1,2,1,-1,4.6009116,5.4096065
4900,1,134,9232,13,134,2,1,134,3,2,134,3.8982606,6.6784897
4901,3,134,14704,13,134,1,0,-1,2,1,-1,6.3116713,4.7452636
4902,1,134,11032,13,134,1,1,-1,2,1,-1,5.046709,3.5988336
4903,13,103,59668,13,103,1,0,-1,2,1,-1,4.078346,5.120796
4904,1,41,4904,13,41,1,1,41,2,1,41,6.7881346,4.9039974
4905,3,165,55888,13,165,1,0,-1,2,1,-1,4.119761,6.332559
4906,1,41,7360,13,41,2,1,41,3,2,41,3.9992602,4.71586
4907,8,134,22084,13,134,1,0,-1,2,1,-1,4.23115,3.018543
4908,1,134,9232,13,134,1,1,134,2,1,134,6.0582457,5.8763123
4909,3,134,14728,13,134,1,0,-1,2,1,-1,7.1174164,5.571823
4910,1,134,16576,13,134,1,1,-1,2,1,-1,5.1826544,4.063733
4911,16,121,59776,13,121,1,0,-1,2,1,-1,5.201932,7.2591214
4912,1,41,4912,13,41,2,1,41,3,2,41,5.127226,5.975146
4913,3,134,14740,13,134,1,0,-1,2,1,-1,3.2578702,4.50383
4914,1,134,9232,13,134,1,1,134,2,1,134,5.205829,3.5939617
4915,6,134,22120,13,134,1,0,-1,2,1,-1,4.5642505,5.234081
4916,1,41,4916,13,41,1,1,41,2,1,41,4.9690733,7.442309
4917,3,41,14752,13,41,1,0,-1,2,1,-1,4.8930297,6.5072417
4918,1,103,95956,13,103,2,1,-1,3,2,-1,6.335466,4.385175
4919,8,103,95956,13,103,1,0,-1,2,1,-1,5.321496,5.646259
4920,1,72,10528,13,72,1,1,-1,2,1,-1,3.6438076,5.5649257
4921,3,72,16612,13,72,1,0,-1,2,1,-1,7.303169,4.2679057
4922,1,72,10528,13,72,1,1,-1,2,1,-1,6.201904,6.5318418
4923,11,72,24928,13,72,1,0,-1,2,1,-1,4.153502,4.075029
4924,1,72,12472,13,72,2,1,-1,3,2,-1,4.6941543,5.941335
4925,3,72,14776,13,72,1,0,-1,2,1,-1,3.8435166,6.253888
4926,1,209,250504,13,209,1,1,-1,2,1,-1,4.434728,4.1069074
4927,21,209,250504,13,209,1,0,-1,2,1,-1,5.8479023,3.3545227
4928,1,28,4928,13,28,1,1,28,2,1,28,4.457951,6.3519564
4929,3,41,14788,13,41,1,0,-1,2,1,-1,4.171752,6.7151337
4930,1,72,7396,13,72,2,1,72,3,2,72,6.1287317,4.1571226
4931,6,72,22192,13,72,1,0,-1,2,1,-1,7.3540516,4.2154365
4932,1,134,9232,13,134,1,1,134,2,1,134,4.345201,4.7259502
4933,3,134,14800,13,134,1,0,-1,2,1,-1,5.382162,6.511896
4934,1,134,11104,13,134,1,1,-1,2,1,-1,5.120019,5.007402
4935,37,196,144340,13,196,1,0,-1,2,1,-1,4.753648,4.7744455
4936,1,134,9232,13,134,2,1,134,3,2,134,4.3087516,5.273667
4937,3,134,25000,13,134,1,0,-1,2,1,-1,5.941421,7.0111613
4938,1,134,9232,13,134,1,1,134,2,1,134,4.387369,6.8010383
4939,8,134,22228,13,134,1,0,-1,2,1,-1,5.369456,5.965827
4940,1,134,9232,13,134,1,1,134,2,1,134,6.0045094,4.5749717
4941,3,134,14824,13,134,1,0,-1,2,1,-1,5.65395,5.133487
4942,1,134,18772,13,134,2,1,-1,3,2,-1,4.662561,3.8079417
4943,13,134,50056,13,134,1,0,-1,2,1,-1,5.0651393,3.7553968
4944,1,28,4944,13,28,1,1,28,2,1,28,3.5541356,6.1421647
4945,3,121,15856,13,121,1,0,-1,2,1,-1,4.851119,4.470109
4946,1,121,42280,13,121,1,1,-1,2,1,-1,3.4704483,5.2615376
4947,6,121,42280,13,121,1,0,-1,2,1,-1,5.260598,5.532697
4948,1,28,4948,13,28,2,1,28,3,2,28,6.009228,5.1964927
4949,3,28,14848,13,28,1,0,-1,2,1,-1,6.406571,4.1271157
4950,1,72,23812,13,72,1,1,-1,2,1,-1,5.757151,3.3767378
4951,8,72,33424,13,72,1,0,-1,2,1,-1,6.5443816,4.6241317
4952,1,134,9232,13,134,1,1,134,2,1,134,6.861276,6.57171
4953,3,41,16720,13,41,1,0,-1,2,1,-1,3.419427,5.879165
4954,1,134,9232,13,134,2,1,134,3,2,134,4.068336,6.820859
4955,21,72,37636,13,72,1,0,-1,2,1,-1,6.3018465,5.4939976
4956,1,134,9232,13,134,1,1,134,2,1,134,3.579491,5.6428022
4957,3,134,14872,13,134,1,0,-1,2,1,-1,4.650667,3.5922282
4958,1,46,25108,13,46,1,1,-1,2,1,-1,5.621376,5.839741
4959,13,46,75328,13,46,1,0,-1,2,1,-1,4.7297597,6.185942
4960,1,90,9232,13,90,2,1,90,3,2,90,3.152397,5.3319035
4961,3,72,80512,13,72,1,0,-1,2,1,-1,6.423576,4.467765
4962,1,41,7444,13,41,1,1,41,2,1,41,3.701562,6.3405185
4963,6,41,22336,13,41,1,0,-1,2,1,-1,4.636403,7.0015926
4964,1,41,4964,13,41,1,1,41,2,1,41,6.5886445,5.1811404
4965,3,41,14896,13,41,1,0,-1,2,1,-1,4.1709914,5.568678
4966,1,41,11176,13,41,2,1,-1,3,2,-1,3.828172,5.134704
4967,39,165,190996,13,165,1,0,-1,2,1,-1,6.879825,6.764663
4968,1,90,9232,13,90,1,1,90,2,1,90,6.627272,5.8799725
4969,3,72,37744,13,72,1,0,-1,2,1,-1,4.478288,4.0627246
4970,1,90,9232,13,90,1,1,90,2,1,90,5.937232,4.282237
4971,8,72,22372,13,72,1,0,-1,2,1,-1,3.3960166,4.510877
4972,1,72,9448,13,72,2,1,72,3,2,72,3.6632245,5.010065
4973,3,72,14920,13,72,1,0,-1,2,1,-1,6.0738606,4.7221694
4974,1,72,16792,13,72,1,1,-1,2,1,-1,6.3189197,4.311994
4975,19,72,56680,13,72,1,0,-1,2,1,-1,3.5955448,3.5357866
4976,1,90,9232,13,90,1,1,90,2,1,90,5.645438,7.5595627
4977,3,90,14932,13,90,1,0,-1,2,1,-1,7.119138,4.5732255
4978,1,41,8404,13,41,2,1,41,3,2,41,6.3018827,7.296645
4979,6,41,22408,13,41,1,0,-1,2,1,-1,3.1606765,5.6991944
4980,1,90,9232,13,90,1,1,90,2,1,90,3.934178,4.288276
4981,3,90,14944,13,90,1,0,-1,2,1,-1,6.613017,4.392712
4982,1,103,45520,13,103,1,1,-1,2,1,-1,3.3579087,4.6124926
4983,8,103,45520,13,103,1,0,-1,2,1,-1,6.6800504,6.8957443
4984,1,134,9232,13,134,2,1,134,3,2,134,4.6474495,4.317674
4985,3,116,345544,13,116,1,0,-1,2,1,-1,4.7738237,7.162355
4986,1,134,9232,13,134,1,1,134,2,1,134,4.4695873,4.2080293
4987,13,165,182068,13,165,1,0,-1,2,1,-1,7.009512,6.1883874
4988,1,134,18952,13,134,1,1,-1,2,1,-1,5.016155,6.2820544
4989,3,134,18952,13,134,1,0,-1,2,1,-1,6.3111606,2.9332712
4990,1,72,95956,13,72,2,1,-1,3,2,-1,6.8978505,3.6421916
4991,26,72,170584,13,72,1,0,-1,2,1,-1,3.8588724,5.8967857
4992,1,41,4992,13,41,1,1,41,2,1,41,4.8459806,6.3413568
4993,3,165,21688,13,165,1,0,-1,2,1,-1,4.843679,3.1496916
4994,1,90,9232,13,90,1,1,90,2,1,90,6.1070733,6.7697515
4995,6,90,22480,13,90,1,0,-1,2,1,-1,7.450615,5.0424094
4996,1,178,250504,13,178,2,1,-1,3,2,-1,5.3182764,4.668811
4997,3,178,250504,13,178,1,0,-1,2,1,-1,3.795383,3.6534429
4998,1,178,250504,13,178,1,1,-1,2,1,-1,6.270544,6.045636
4999,11,90,33748,13,90,1,0,-1,2,1,-1,6.646323,5.898013
5000,1,28,5000,13,28,1,1,28,2,1,28,7.038226,6.2652507
5001,3,64,32056,13,64,0,0,-1,1,0,-1,4.798903,6.151206
5002,1,28,7504,13,28,1,1,28,2,1,28,6.1026044,7.2326374
5003,8,178,250504,13,178,0,0,-1,1,0,-1,5.6596684,2.9752254
5004,1,28,5632,13,28,0,1,28,1,0,28,5.0596447,2.745918
5005,3,28,15016,13,28,0,0,-1,1,0,-1,3.588574,5.1404514
5006,1,64,16900,13,64,0,1,-1,1,0,-1,7.0983615,6.1945505
5007,11,64,50704,13,64,0,0,-1,1,0,-1,3.9062128,6.5935926
5008,1,134,9232,13,134,1,1,134,2,1,134,5.4342847,4.753678
5009,3,90,15028,13,90,0,0,-1,1,0,-1,3.7195723,6.0050807
5010,1,90,12688,13,90,0,1,-1,1,0,-1,2.9594314,4.82531
5011,6,90,22552,13,90,0,0,-1,1,0,-1,5.6455345,4.4202614
5012,1,134,9232,13,134,0,1,134,1,0,134,3.7532372,3.917215
5013,3,134,15040,13,134,0,0,-1,1,0,-1,6.593269,4.774928
5014,1,41,11284,13,41,1,1,-1,2,1,-1,6.2185173,3.2920706
5015,8,41,33856,13,41,0,0,-1,1,0,-1,5.430976,4.4550953
5016,1,134,9232,13,134,0,1,134,1,0,134,4.1321125,4.602594
5017,3,41,16936,13,41,0,0,-1,1,0,-1,5.906216,5.4407697
5018,1,134,9232,13,134,0,1,134,1,0,134,3.9288104,4.727287
5019,16,64,57184,13,64,0,0,-1,1,0,-1,7.025161,5.7607074
5020,1,90,14308,13,90,1,1,-1,2,1,-1,4.369223,6.459009
5021,3,90,15064,13,90,0,0,-1,1,0,-1,5.953075,3.628072
5022,1,90,25432,13,90,0,1,-1,1,0,-1,4.5879307,2.8781295
5023,21,90,85840,13,90,0,0,-1,1,0,-1,4.4722877,6.7091556
5024,1,41,5024,13,41,0,1,41,1,0,41,5.134065,7.389359
5025,3,116,39364,13,116,0,0,-1,1,0,-1,6.653695,3.1212547
5026,1,134,9232,13,134,1,1,134,2,1,134,4.042064,5.443017
5027,6,134,22624,13,134,0,0,-1,1,0,-1,5.4643736,5.540718
5028,1,41,9556,13,41,0,1,41,1,0,41,6.898857,5.0638533
5029,3,41,15088,13,41,0,0,-1,1,0,-1,3.8035507,5.966357
5030,1,41,11320,13,41,0,1,-1,1,0,-1,6.385935,5.9619584
5031,19,116,103336,13,116,0,0,-1,1,0,-1,6.6833615,3.777044
5032,1,41,5032,13,41,1,1,41,2,1,41,5.1449356,5.9671392
5033,3,90,86020,13,90,0,0,-1,1,0,-1,4.8373833,7.106041
5034,1,41,7552,13,41,0,1,41,1,0,41,5.3620124,5.568887
5035,8,134,22660,13,134,0,0,-1,1,0,-1,7.3953385,4.850753
5036,1,85,8080,13,85,0,1,85,1,0,85,5.2027907,4.207281
5037,3,85,15112,13,85,0,0,-1,1,0,-1,7.259215,5.6425447
5038,1,85,17008,13,85,1,1,-1,2,1,-1,4.1279974,5.963725
5039,13,134,51028,13,134,0,0,-1,1,0,-1,5.6110473,3.5469244
5040,1,41,5040,13,41,0,1,41,1,0,41,6.573461,6.6394415
5041,3,41,15124,13,41,0,0,-1,1,0,-1,5.358565,6.467034
5042,1,41,8512,13,41,0,1,41,1,0,41,4.495994,4.012267
5043,6,41,22696,13,41,0,0,-1,1,0,-1,6.564793,6.6278243
5044,1,41,5044,13,41,1,1,41,2,1,41,5.1068845,7.3401465
5045,3,41,15136,13,41,0,0,-1,1,0,-1,4.446478,3.6598032
5046,1,134,19168,13,134,0,1,-1,1,0,-1,3.4571881,3.6328478
5047,8,134,34072,13,134,0,0,-1,1,0,-1,5.44211,5.6459846
5048,1,41,5048,13,41,0,1,41,1,0,41,4.3019824,6.7407117
5049,3,85,17044,13,85,0,0,-1,1,0,-1,5.6427464,7.505298
5050,1,41,7576,13,41,1,1,41,2,1,41,7.306528,4.6530914
5051,11,85,25576,13,85,0,0,-1,1,0,-1,5.26088,7.414545
5052,1,178,138400,13,178,0,1,-1,1,0,-1,6.5869503,3.5113964
5053,3,178,138400,13,178,0,0,-1,1,0,-1,4.721117,4.5280485
5054,1,178,138400,13,178,0,1,-1,1,0,-1,4.7491546,6.966241
5055,34,85,145780,13,85,0,0,-1,1,0,-1,5.2996755,6.3011165
5056,1,41,5056,13,41,1,1,41,2,1,41,6.1221004,5.830304
5057,3,72,15172,13,72,0,0,-1,1,0,-1,6.6163254,5.955086
5058,1,72,14416,13,72,0,1,-1,1,0,-1,5.2196684,4.1885495
5059,6,72,22768,13,72,0,0,-1,1,0,-1,5.902659,6.112998
5060,1,41,5060,13,41,0,1,41,1,0,41,4.2519193,6.232799
5061,3,41,15184,13,41,0,0,-1,1,0,-1,5.3385663,4.856366
5062,1,41,11392,13,41,1,1,-1,2,1,-1,3.4409409,4.2905793
5063,13,134,34180,13,134,0,0,-1,1,0,-1,3.701866,3.7566917
5064,1,33,5064,13,33,0,1,33,1,0,33,6.8869834,6.466433
5065,3,72,25648,13,72,0,0,-1,1,0,-1,4.1529965,7.1443
5066,1,33,7600,13,33,0,1,33,1,0,33,7.239473,4.2776694
5067,8,33,22804,13,33,0,0,-1,1,0,-1,6.6091733,6.4447536
5068,1,33,5704,13,33,1,1,33,2,1,33,4.9971533,4.339702
5069,3,33,15208,13,33,0,0,-1,1,0,-1,5.4830933,5.2173886
5070,1,85,61720,13,85,0,1,-1,1,0,-1,4.6806355,5.6655836
5071,16,85,61720,13,85,0,0,-1,1,0,-1,3.980259,6.681503
5072,1,41,5072,13,41,0,1,41,1,0,41,4.6817193,6.732289
5073,3,33,15220,13,33,0,0,-1,1,0,-1,4.5544596,4.516427
5074,1,134,21688,13,134,1,1,-1,2,1,-1,3.911601,6.840624
5075,6,134,22840,13,134,0,0,-1,1,0,-1,4.226762,6.3976283
5076,1,41,5076,13,41,0,1,41,1,0,41,5.627421,3.0246103
5077,3,41,15232,13,41,0,0,-1,1,0,-1,3.2619333,5.4610343
5078,1,178,32560,13,178,0,1,-1,1,0,-1,4.3852215,4.7350345
5079,8,178,34288,13,178,0,0,-1,1,0,-1,5.1779184,6.5045576
5080,1,33,5080,13,33,1,1,33,2,1,33,7.32136,3.6911347
5081,3,41,17152,13,41,0,0,-1,1,0,-1,5.4949055,6.324987
5082,1,33,7624,13,33,0,1,33,1,0,33,6.622189,3.3267298
5083,13,85,38608,13,85,0,0,-1,1,0,-1,5.2032332,4.525542
5084,1,33,8584,13,33,0,1,33,1,0,33,3.9755495,5.6757956
5085,3,33,15256,13,33,0,0,-1,1,0,-1,4.690908,5.5226507
5086,1,178,48904,13,178,1,1,-1,2,1,-1,5.519352,3.9100597
5087,26,178,77272,13,178,0,0,-1,1,0,-1,3.7638643,5.7740197
5088,1,59,9232,13,59,0,1,59,1,0,59,6.2350354,4.264949
5089,3,85,28996,13,85,0,0,-1,1,0,-1,6.831136,4.9244204
5090,1,41,7636,13,41,0,1,41,1,0,41,4.787777,5.6026683
5091,6,41,22912,13,41,0,0,-1,1,0,-1,3.7448564,4.71515
5092,1,33,5092,13,33,1,1,33,2,1,33,7.2336173,6.623004
5093,3,33,15280,13,33,0,0,-1,1,0,-1,4.524469,3.4649599
5094,1,33,11464,13,33,0,1,-1,1,0,-1,5.276089,3.5602272
5095,16,72,58048,13,72,0,0,-1,1,0,-1,5.7596893,6.387041
5096,1,59,9232,13,59,0,1,59,1,0,59,7.3574915,6.044851
5097,3,178,98008,13,178,0,0,-1,1,0,-1,7.263723,5.619389
5098,1,59,9232,13,59,1,1,59,2,1,59,5.3627996,4.4415884
5099,8,116,176740,13,116,0,0,-1,1,0,-1,5.643321,3.6565585
5100,1,85,39364,13,85,0,1,-1,1,0,-1,6.0476723,3.9033759
5101,3,85,39364,13,85,0,0,-1,1,0,-1,5.1573997,3.4108584
5102,1,85,39364,13,85,0,1,-1,1,0,-1,6.3424544,6.377102
5103,21,85,87208,13,85,0,0,-1,1,0,-1,7.6980147,4.8869224
5104,1,59,9232,13,59,1,1,59,2,1,59,5.992188,5.9637227
5105,3,59,15316,13,59,0,0,-1,1,0,-1,6.9006567,6.1207166
5106,1,178,1276936,13,178,0,1,-1,1,0,-1,6.010544,7.367265
5107,6,178,1276936,13,178,0,0,-1,1,0,-1,7.2667418,5.2387323
5108,1,59,9232,13,59,0,1,59,1,0,59,4.2260723,6.81979
5109,3,59,15328,13,59,0,0,-1,1,0,-1,6.456088,6.0529075
5110,1,59,14560,13,59,1,1,-1,2,1,-1,5.3339925,3.1325614
5111,8,59,34504,13,59,0,0,-1,1,0,-1,5.028607,5.7953877
5112,1,134,41524,13,134,0,1,-1,1,0,-1,5.28711,5.356249
5113,3,134,32776,13,134,0,0,-1,1,0,-1,6.9576917,5.5306234
5114,1,134,41524,13,134,0,1,-1,1,0,-1,6.1369452,4.6773934
5115,19,59,29140,13,59,0,0,-1,1,0,-1,4.068336,4.3661003
5116,1,134,65608,13,134,1,1,-1,2,1,-1,4.4602757,6.799212
5117,3,134,65608,13,134,0,0,-1,1,0,-1,5.631601,5.7507463
5118,1,116,897856,13,116,0,1,-1,1,0,-1,3.5035486,5.879893
5119,65,116,897856,13,116,0,0,-1,1,0,-1,6.199759,4.1825914
5120,1,15,5120,13,15,0,1,15,1,0,15,6.1103177,5.6708694
5121,3,41,15364,13,41,0,0,-1,1,0,-1,5.421584,5.0759673
5122,1,147,9232,13,147,1,1,147,2,1,147,6.0781136,5.150546
5123,6,147,23056,13,147,0,0,-1,1,0,-1,6.8103137,5.242348
5124,1,54,5124,13,54,0,1,54,1,0,54,4.547313,4.953395
5125,3,54,15376,13,54,0,0,-1,1,0,-1,6.7124195,4.705175
5126,1,54,11536,13,54,0,1,-1,1,0,-1,4.87331,4.745447
5127,11,147,34612,13,147,0,0,-1,1,0,-1,7.7126856,5.3212233
5128,1,54,5128,13,54,1,1,54,2,1,54,6.0665936,6.5590553
5129,3,147,25972,13,147,0,0,-1,1,0,-1,6.3785152,4.444214
5130,1,54,7696,13,54,0,1,54,1,0,54,7.0975075,5.1218805
5131,8,54,23092,13,54,0,0,-1,1,0,-1,5.3242965,6.5640697
5132,1,54,5776,13,54,0,1,54,1,0,54,3.8108478,6.7630844
5133,3,54,15400,13,54,0,0,-1,1,0,-1,3.056524,6.078908
5134,1,147,17332,13,147,1,1,-1,2,1,-1,4.799243,4.2396345
5135,11,147,52000,13,147,0,0,-1,1,0,-1,4.177858,4.1378345
5136,1,28,5136,13,28,0,1,28,1,0,28,4.7776423,4.2519584
5137,3,54,15412,13,54,0,0,-1,1,0,-1,4.928056,4.7956476
5138,1,54,13012,13,54,0,1,-1,1,0,-1,5.5454497,5.069353
5139,6,54,23128,13,54,0,0,-1,1,0,-1,4.6952868,6.3095193
5140,1,28,5140,13,28,1,1,28,2,1,28,4.786022,6.10394
5141,3,28,15424,13,28,0,0,-1,1,0,-1,6.45837,3.7109828
5142,1,54,11572,13,54,0,1,-1,1,0,-1,4.7647862,6.1984916
5143,8,54,34720,13,54,0,0,-1,1,0,-1,6.423459,6.1116633
5144,1,28,5144,13,28,0,1,28,1,0,28,5.26525,3.7087297
5145,3,59,17368,13,59,0,0,-1,1,0,-1,4.270042,5.3104124
5146,1,28,7720,13,28,1,1,28,2,1,28,4.2596426,6.2270927
5147,57,116,250504,13,116,0,0,-1,1,0,-1,5.356712,7.5604744
5148,1,147,9232,13,147,0,1,147,1,0,147,4.952758,2.706203
5149,3,147,15448,13,147,0,0,-1,1,0,-1,4.59073,4.2599792
5150,1,147,26080,13,147,0,1,-1,1,0,-1,7.297265,5.0802145
5151,60,90,237976,13,90,0,0,-1,1,0,-1,5.4385304,4.4946218
5152,1,103,9232,13,103,1,1,103,2,1,103,7.7241917,5.031191
5153,3,147,24784,13,147,0,0,-1,1,0,-1,5.5390787,6.9376926
5154,1,28,7732,13,28,0,1,28,1,0,28,5.2286487,4.3875294
5155,6,28,23200,13,28,0,0,-1,1,0,-1,6.5395465,4.486698
5156,1,147,9232,13,147,0,1,147,1,0,147,4.061219,3.348442
5157,3,147,15472,13,147,0,0,-1,1,0,-1,6.917169,5.0631433
5158,1,147,11608,13,147,1,1,-1,2,1,-1,5.113351,3.1035607
5159,13,147,39184,13,147,0,0,-1,1,0,-1,7.4149604,5.776081
5160,1,103,9232,13,103,0,1,103,1,0,103,4.9135947,3.3616335
5161,3,116,58804,13,116,0,0,-1,1,0,-1,5.083766,4.0565248
5162,1,103,9232,13,103,0,1,103,1,0,103,5.1382327,5.289655
5163,8,54,23236,13,54,0,0,-1,1,0,-1,3.8572304,5.8350224
5164,1,54,5812,13,54,1,1,54,2,1,54,5.2935643,5.0977683
5165,3,54,15496,13,54,0,0,-1,1,0,-1,5.7894278,7.025826
5166,1,54,17440,13,54,0,1,-1,1,0,-1,5.086625,3.8006928
5167,29,178,55888,13,178,0,0,-1,1,0,-1,5.4003506,6.7774296
5168,1,103,9232,13,103,0,1,103,1,0,103,4.120071,3.8379998
5169,3,54,15508,13,54,0,0,-1,1,0,-1,6.0174417,6.4319015
5170,1,54,8728,13,54,1,1,54,2,1,54,7.429162,5.8112454
5171,6,54,23272,13,54,0,0,-1,1,0,-1,7.02484,5.507556
5172,1,103,9232,13,103,0,1,103,1,0,103,6.2759166,4.4937286
5173,3,103,15520,13,103,0,0,-1,1,0,-1,6.426673,4.2957
5174,1,147,44224,13,147,0,1,-1,1,0,-1,7.361033,4.9592447
5175,8,147,44224,13,147,0,0,-1,1,0,-1,4.3080077,5.067945
5176,1,41,5176,13,41,1,1,41,2,1,41,5.866851,2.7650023
5177,3,54,17476,13,54,0,0,-1,1,0,-1,3.1757307,4.36791
5178,1,41,7768,13,41,0,1,41,1,0,41,7.063406,5.1432962
5179,11,116,95956,13,116,0,0,-1,1,0,-1,6.0771794,5.6681385
5180,1,41,13120,13,41,0,1,-1,1,0,-1,6.4161153,2.9372995
5181,3,41,15544,13,41,0,0,-1,1,0,-1,7.0010543,5.811748
5182,1,54,39364,13,54,1,1,-1,2,1,-1,3.5604796,4.9495125
5183,19,54,118096,13,54,0,0,-1,1,0,-1,7.1424932,4.4774795
5184,1,28,5184,13,28,0,1,28,1,0,28,6.115924,3.897543
5185,3,41,15556,13,41,0,0,-1,1,0,-1,4.919082,6.4205494
5186,1,41,7780,13,41,0,1,41,1,0,41,6.1891255,5.708912
5187,6,41,23344,13,41,0,0,-1,1,0,-1,4.515755,3.9751596
5188,1,103,9232,13,103,1,1,103,2,1,103,5.663106,7.390559
5189,3,103,15568,13,103,0,0,-1,1,0,-1,6.27488,4.976259
5190,1,103,11680,13,103,0,1,-1,1,0,-1,5.7181215,4.552569
5191,21,72,94768,13,72,0,0,-1,1,0,-1,3.8622816,6.561714
5192,1,147,9232,13,147,0,1,147,1,0,147,6.157621,2.9981534
5193,3,85,26296,13,85,0,0,-1,1,0,-1,5.154863,4.437067
5194,1,147,9232,13,147,1,1,147,2,1,147,3.8541226,6.31845
5195,8,103,23380,13,103,0,0,-1,1,0,-1,4.476564,5.8180113
5196,1,147,9232,13,147,0,1,147,1,0,147,4.0399323,4.160688
5197,3,147,15592,13,147,0,0,-1,1,0,-1,4.0985518,5.7357945
5198,1,147,19744,13,147,0,1,-1,1,0,-1,6.489909,5.5853825
5199,13,147,52648,13,147,0,0,-1,1,0,-1,5.126639,4.4280515
5200,1,28,5200,13,28,1,1,28,2,1,28,6.67339,3.5987341
5201,3,147,15604,13,147,0,0,-1,1,0,-1,6.5523267,6.9436507
5202,1,178,33352,13,178,0,1,-1,1,0,-1,4.203174,6.822355
5203,6,178,33352,13,178,0,0,-1,1,0,-1,3.8070207,3.5806084
5204,1,28,5204,13,28,0,1,28,1,0,28,6.5409384,3.6360257
5205,3,28,15616,13,28,0,0,-1,1,0,-1,6.1786523,2.785299
5206,1,103,11716,13,103,1,1,-1,2,1,-1,3.9573896,6.7475796
5207,8,103,35152,13,103,0,0,-1,1,0,-1,5.9246383,2.7419612
5208,1,103,9232,13,103,0,1,103,1,0,103,6.124905,7.2197986
5209,3,41,17584,13,41,0,0,-1,1,0,-1,4.22679,6.796844
5210,1,103,9232,13,103,0,1,103,1,0,103,4.698132,2.9486394
5211,32,134,84544,13,134,0,0,-1,1,0,-1,4.377555,6.3487077
5212,1,103,9232,13,103,1,1,103,2,1,103,6.564353,4.880846
5213,3,103,15640,13,103,0,0,-1,1,0,-1,5.7282987,5.9633656
5214,1,85,33424,13,85,0,1,-1,1,0,-1,4.307508,3.0160563
5215,13,85,79216,13,85,0,0,-1,1,0,-1,5.8851333,3.404278
5216,1,28,5216,13,28,0,1,28,1,0,28,6.977534,6.673802
5217,3,147,19816,13,147,0,0,-1,1,0,-1,5.000502,4.378244
5218,1,54,7828,13,54,1,1,54,2,1,54,7.481689,4.9445133
5219,6,54,23488,13,54,0,0,-1,1,0,-1,3.3535838,5.7184505
5220,1,54,5220,13,54,0,1,54,1,0,54,5.2210293,5.300727
5221,3,54,15664,13,54,0,0,-1,1,0,-1,6.9333167,6.7960205
5222,1,54,11752,13,54,0,1,-1,1,0,-1,3.3503213,4.691923
5223,32,59,100420,13,59,0,0,-1,1,0,-1,3.842466,6.573443
5224,1,28,5224,13,28,1,1,28,2,1,28,7.595489,5.3333383
5225,3,85,80512,13,85,0,0,-1,1,0,-1,6.2481923,4.485357
5226,1,28,7840,13,28,0,1,28,1,0,28,5.878256,4.858059
5227,8,54,23524,13,54,0,0,-1,1,0,-1,3.367742,5.020771
5228,1,178,190996,13,178,0,1,-1,1,0,-1,4.080438,4.4955144
5229,3,178,190996,13,178,0,0,-1,1,0,-1,4.8715553,7.313136
5230,1,178,190996,13,178,1,1,-1,2,1,-1,6.283029,4.3257957
5231,24,129,67048,13,129,0,0,-1,1,0,-1,6.5710626,4.130285
5232,1,147,9232,13,147,0,1,147,1,0,147,3.70197,4.5856814
5233,3,28,15700,13,28,0,0,-1,1,0,-1,6.6334333,4.117897
5234,1,85,9448,13,85,0,1,85,1,0,85,6.9478593,4.8190913
5235,6,85,23560,13,85,0,0,-1,1,0,-1,5.1996427,6.7222767
5236,1,147,9232,13,147,1,1,147,2,1,147,5.774809,6.6341724
5237,3,147,15712,13,147,0,0,-1,1,0,-1,7.1938744,5.518235
5238,1,103,13264,13,103,0,1,-1,1,0,-1,4.8258314,5.4314523
5239,8,103,35368,13,103,0,0,-1,1,0,-1,6.158104,4.3479233
5240,1,147,9232,13,147,0,1,147,1,0,147,6.258221,5.535149
5241,3,85,85048,13,85,0,0,-1,1,0,-1,4.3766828,5.3491344
5242,1,147,9232,13,147,1,1,147,2,1,147,4.700038,6.144572
5243,13,54,26548,13,54,0,0,-1,1,0,-1,6.390907,3.8807917
5244,1,103,19924,13,103,0,1,-1,1,0,-1,4.8731875,5.7203736
5245,3,103,19924,13,103,0,0,-1,1,0,-1,3.1419055,4.153039
5246,1,103,59776,13,103,0,1,-1,1,0,-1,4.0171523,6.3775344
5247,32,85,179332,13,85,0,0,-1,1,0,-1,6.1013346,4.91684
5248,1,116,9232,13,116,1,1,116,2,1,116,7.1010695,5.664691
5249,3,129,345544,13,129,0,0,-1,1,0,-1,5.935419,3.0545263
5250,1,28,7876,13,28,0,1,28,1,0,28,4.093813,5.8209696
5251,6,28,23632,13,28,0,0,-1,1,0,-1,5.735333,5.7381682
5252,1,28,5252,13,28,0,1,28,1,0,28,4.3022647,5.373801
5253,3,28,15760,13,28,0,0,-1,1,0,-1,6.875637,4.1114817
5254,1,28,11824,13,28,1,1,-1,2,1,-1,5.9228644,4.2392635
5255,11,85,95956,13,85,0,0,-1,1,0,-1,3.4090252,5.1748753
5256,1,54,5256,13,54,0,1,54,1,0,54,3.911846,3.797745
5257,3,178,575728,13,178,0,0,-1,1,0,-1,3.5981019,6.30675
5258,1,54,7888,13,54,0,1,54,1,0,54,3.6556582,6.571784
5259,8,103,23668,13,103,0,0,-1,1,0,-1,4.6629844,3.6954815
5260,1,54,5920,13,54,1,1,54,2,1,54,4.325709,3.4417994
5261,3,54,15784,13,54,0,0,-1,1,0,-1,3.7401516,3.977051
5262,1,191,250504,13,191,0,1,-1,1,0,-1,4.5913286,4.644674
5263,11,191,250504,13,191,0,0,-1,1,0,-1,3.337258,4.6352854
5264,1,54,5264,13,54,0,1,54,1,0,54,5.5238395,5.2926817
5265,3,41,15796,13,41,0,0,-1,1,0,-1,4.4711924,3.505875
5266,1,41,13336,13,41,1,1,-1,2,1,-1,3.8373394,5.0104313
5267,6,41,23704,13,41,0,0,-1,1,0,-1,6.3152766,3.2679486
5268,1,54,5268,13,54,0,1,54,1,0,54,6.7088337,7.115869
5269,3,54,15808,13,54,0,0,-1,1,0,-1,5.527356,4.4629717
5270,1,54,11860,13,54,0,1,-1,1,0,-1,6.5591416,5.2466264
5271,8,54,35584,13,54,0,0,-1,1,0,-1,6.136228,2.7522364
5272,1,54,5272,13,54,1,1,54,2,1,54,6.0879216,6.151923
5273,3,147,17800,13,147,0,0,-1,1,0,-1,4.431682,6.898028
5274,1,54,7912,13,54,0,1,54,1,0,54,4.800546,5.3047867
5275,21,103,60100,13,103,0,0,-1,1,0,-1,5.1158757,3.3339293
5276,1,147,10024,13,147,0,1,-1,1,0,-1,7.3001485,4.4279675
5277,3,147,15832,13,147,0,0,-1,1,0,-1,3.81904,6.1237173
5278,1,147,26728,13,147,1,1,-1,2,1,-1,3.377806,5.734334
5279,37,77,202984,13,77,0,0,-1,1,0,-1,4.8088217,3.6446805
5280,1,116,9232,13,116,0,1,116,1,0,116,5.304534,5.4980984
5281,3,54,33856,13,54,0,0,-1,1,0,-1,4.958922,7.348565
5282,1,103,14308,13,103,0,1,-1,1,0,-1,6.8913794,6.05553
5283,6,103,23776,13,103,0,0,-1,1,0,-1,6.033045,7.3941174
5284,1,103,15064,13,103,1,1,-1,2,1,-1,4.307704,4.5665035
5285,3,103,15856,13,103,0,0,-1,1,0,-1,5.1533885,4.959117
5286,1,103,15064,13,103,0,1,-1,1,0,-1,5.060913,6.5867505
5287,29,77,67768,13,77,0,0,-1,1,0,-1,4.376504,3.9506493
5288,1,116,9232,13,116,0,1,116,1,0,116,4.2491403,4.9696693
5289,3,54,135592,13,54,0,0,-1,1,0,-1,6.038108,4.467446
5290,1,116,9232,13,116,1,1,116,2,1,116,3.185112,5.520275
5291,8,54,23812,13,54,0,0,-1,1,0,-1,3.8986197,6.7166076
5292,1,54,5956,13,54,0,1,54,1,0,54,4.2939515,4.752639
5293,3,54,15880,13,54,0,0,-1,1,0,-1,5.302053,5.8093944
5294,1,54,17872,13,54,0,1,-1,1,0,-1,4.5068107,5.539954
5295,13,147,53620,13,147,0,0,-1,1,0,-1,6.6265697,5.335852
5296,1,28,5296,13,28,1,1,28,2,1,28,3.6022353,6.0273023
5297,3,98,15892,13,98,0,0,-1,1,0,-1,5.6891475,5.434252
5298,1,98,8944,13,98,0,1,98,1,0,98,4.0151367,3.5807707
5299,6,98,23848,13,98,0,0,-1,1,0,-1,6.9512677,6.1504383
5300,1,28,5300,13,28,0,1,28,1,0,28,3.3270173,5.774811
5301,3,28,15904,13,28,0,0,-1,1,0,-1,4.6510944,5.3528304
5302,1,147,22660,13,147,1,1,-1,2,1,-1,3.8133707,6.5565596
5303,8,147,35800,13,147,0,0,-1,1,0,-1,6.519814,4.921035
5304,1,28,5304,13,28,0,1,28,1,0,28,6.141853,3.0204086
5305,3,98,17908,13,98,0,0,-1,1,0,-1,6.582132,4.060358
5306,1,28,7960,13,28,0,1,28,1,0,28,4.169154,6.275098
5307,11,147,51028,13,147,0,0,-1,1,0,-1,6.2013955,5.98759
5308,1,54,13444,13,54,1,1,-1,2,1,-1,6.82851,6.6934624
5309,3,54,15928,13,54,0,0,-1,1,0,-1,6.040111,6.008818
5310,1,54,40336,13,54,0,1,-1,1,0,-1,6.523366,6.5522537
5311,24,98,121012,13,98,0,0,-1,1,0,-1,6.1692724,6.674852
5312,1,116,9232,13,116,0,1,116,1,0,116,7.1250973,5.049925
5313,3,54,15940,13,54,0,0,-1,1,0,-1,5.596449,4.1602945
5314,1,54,10096,13,54,1,1,-1,2,1,-1,5.4972367,4.648152
5315,6,54,23920,13,54,0,0,-1,1,0,-1,5.8877206,4.0519285
5316,1,54,5316,13,54,0,1,54,1,0,54,5.867578,6.674414
5317,3,54,15952,13,54,0,0,-1,1,0,-1,5.8092265,5.4360213
5318,1,54,11968,13,54,0,1,-1,1,0,-1,5.888243,3.9134557
5319,13,54,35908,13,54,0,0,-1,1,0,-1,6.1287274,3.5593035
5320,1,54,5320,13,54,1,1,54,2,1,54,6.595458,5.1898785
5321,3,54,26944,13,54,0,0,-1,1,0,-1,3.0347688,4.744313
5322,1,54,7984,13,54,0,1,54,1,0,54,5.9037685,6.3021827
5323,8,54,23956,13,54,0,0,-1,1,0,-1,6.6670303,7.2172685
5324,1,54,5992,13,54,0,1,54,1,0,54,4.811828,6.890345
5325,3,54,15976,13,54,0,0,-1,1,0,-1,3.572562,5.221675
5326,1,85,45520,13,85,1,1,-1,2,1,-1,4.7171063,5.6341376
5327,19,85,53944,13,85,0,0,-1,1,0,-1,3.7254472,4.9448476
5328,1,116,9232,13,116,0,1,116,1,0,116,4.689879,3.715663
5329,3,54,15988,13,54,0,0,-1,1,0,-1,5.165335,4.6466317
5330,1,54,20248,13,54,0,1,-1,1,0,-1,4.271076,4.150988
5331,6,54,23992,13,54,0,0,-1,1,0,-1,5.700922,4.438349
5332,1,116,9232,13,116,1,1,116,2,1,116,6.9564695,3.643659
5333,3,116,16000,13,116,0,0,-1,1,0,-1,6.73015,5.9700027
5334,1,46,12004,13,46,0,1,-1,1,0,-1,6.9562364,5.7502112
5335,8,46,36016,13,46,0,0,-1,1,0,-1,5.9596157,4.717285
5336,1,147,21688,13,147,0,1,-1,1,0,-1,4.149028,6.6692696
5337,3,54,18016,13,54,0,0,-1,1,0,-1,6.147783,4.845611
5338,1,147,21688,13,147,1,1,-1,2,1,-1,5.5250597,5.1629934
5339,13,46,40552,13,46,0,0,-1,1,0,-1,4.8233905,5.264624
5340,1,147,21688,13,147,0,1,-1,1,0,-1,5.7618113,6.7026887
5341,3,147,21688,13,147,0,0,-1,1,0,-1,4.6830535,6.5823026
5342,1,46,30436,13,46,0,1,-1,1,0,-1,3.9707417,6.902172
5343,26,46,81160,13,46,0,0,-1,1,0,-1,3.9927516,3.296164
5344,1,72,9232,13,72,1,1,72,2,1,72,4.013914,6.7149205
5345,3,160,250504,13,160,0,0,-1,1,0,-1,3.112873,5.207024
5346,1,116,9232,13,116,0,1,116,1,0,116,5.8136644,5.1105676
5347,6,116,24064,13,116,0,0,-1,1,0,-1,5.098746,4.9837375
5348,1,46,8584,13,46,0,1,46,1,0,46,4.0485992,4.8780627
5349,3,46,16048,13,46,0,0,-1,1,0,-1,6.827875,6.682792
5350,1,46,12040,13,46,1,1,-1,2,1,-1,5.929989,3.3804855
5351,47,191,146500,13,191,0,0,-1,1,0,-1,5.5551615,7.102487
5352,1,72,9232,13,72,0,1,72,1,0,72,4.9299016,6.625322
5353,3,46,40660,13,46,0,0,-1,1,0,-1,3.973386,5.737904
5354,1,72,9232,13,72,0,1,72,1,0,72,7.499485,5.52982
5355,8,98,34324,13,98,0,0,-1,1,0,-1,3.8204517,6.343896
5356,1,28,6784,13,28,1,1,28,2,1,28,7.687303,5.232539
5357,3,28,16072,13,28,0,0,-1,1,0,-1,5.93926,3.9769497
5358,1,28,18088,13,28,0,1,-1,1,0,-1,5.1545596,6.3633513
5359,34,191,695464,13,191,0,0,-1,1,0,-1,6.5404253,6.504741
5360,1,72,9232,13,72,0,1,72,1,0,72,5.1454334,5.777802
5361,3,72,16084,13,72,0,0,-1,1,0,-1,4.565615,3.3776133
5362,1,46,15280,13,46,1,1,-1,2,1,-1,6.7509327,6.0522733
5363,6,46,24136,13,46,0,0,-1,1,0,-1,6.3996363,6.956106
5364,1,72,9232,13,72,0,1,72,1,0,72,5.079511,5.187342
5365,3,72,16096,13,72,0,0,-1,1,0,-1,7.250839,4.384702
5366,1,72,13588,13,72,0,1,-1,1,0,-1,4.946945,3.485211
5367,8,72,36232,13,72,0,0,-1,1,0,-1,6.05142,6.497546
5368,1,98,39364,13,98,1,1,-1,2,1,-1,6.179864,4.934802
5369,3,72,20392,13,72,0,0,-1,1,0,-1,4.9664884,2.7485907
5370,1,98,39364,13,98,0,1,-1,1,0,-1,5.696035,5.646555
5371,21,129,176740,13,129,0,0,-1,1,0,-1,5.5689225,7.1438923
5372,1,98,39364,13,98,0,1,-1,1,0,-1,7.210001,6.3927355
5373,3,98,39364,13,98,0,0,-1,1,0,-1,4.081342,5.7726197
5374,1,98,103336,13,98,1,1,-1,2,1,-1,6.0027204,4.8843393
5375,26,98,275560,13,98,0,0,-1,1,0,-1,4.1399665,4.623611
5376,1,15,5376,13,15,0,1,15,1,0,15,5.59811,7.112006
5377,3,72,16132,13,72,0,0,-1,1,0,-1,3.69419,4.9251647
5378,1,72,14560,13,72,0,1,-1,1,0,-1,6.692694,6.823008
5379,6,72,24208,13,72,0,0,-1,1,0,-1,3.5757475,5.941453
5380,1,116,9232,13,116,1,1,116,2,1,116,6.232903,3.1195652
5381,3,116,16144,13,116,0,0,-1,1,0,-1,6.1103215,4.4346056
5382,1,116,12112,13,116,0,1,-1,1,0,-1,4.004568,5.7233105
5383,11,72,36340,13,72,0,0,-1,1,0,-1,3.8591528,3.6372638
5384,1,67,5384,13,67,0,1,67,1,0,67,5.2987,5.078132
5385,3,147,32776,13,147,0,0,-1,1,0,-1,6.8453655,5.6007504
5386,1,67,8080,13,67,1,1,67,2,1,67,5.6978188,3.13759
5387,8,147,65608,13,147,0,0,-1,1,0,-1,5.4497633,6.2432747
5388,1,67,6064,13,67,0,1,67,1,0,67,5.8282614,4.6569095
5389,3,67,16168,13,67,0,0,-1,1,0,-1,4.351572,6.9531827
5390,1,28,18196,13,28,0,1,-1,1,0,-1,4.0146575,6.7629766
5391,11,28,54592,13,28,0,0,-1,1,0,-1,7.4596553,5.4591317
5392,1,116,9232,13,116,1,1,116,2,1,116,6.6583858,3.248941
5393,3,67,16180,13,67,0,0,-1,1,0,-1,4.581584,4.434717
5394,1,160,23056,13,160,0,1,-1,1,0,-1,6.864618,6.0862775
5395,6,160,24280,13,160,0,0,-1,1,0,-1,4.2958484,4.848221
5396,1,116,9232,13,116,0,1,116,1,0,116,5.4913793,5.9542966
5397,3,116,16192,13,116,0,0,-1,1,0,-1,6.931034,3.4942923
5398,1,67,12148,13,67,1,1,-1,2,1,-1,4.2552404,5.006247
5399,8,67,36448,13,67,0,0,-1,1,0,-1,4.499005,5.2010646
5400,1,116,9232,13,116,0,1,116,1,0,116,7.044548,4.488394
5401,3,160,25972,13,160,0,0,-1,1,0,-1,6.8874464,3.8041658
5402,1,116,9232,13,116,0,1,116,1,0,116,4.6542873,5.162923
5403,34,72,155824,13,72,0,0,-1,1,0,-1,6.4925346,5.0530043
5404,1,160,17332,13,160,1,1,-1,2,1,-1,5.6005535,3.476777
5405,3,160,17332,13,160,0,0,-1,1,0,-1,5.853858,5.8955545
5406,1,160,27376,13,160,0,1,-1,1,0,-1,5.915838,4.017257
5407,16,67,82132,13,67,0,0,-1,1,0,-1,6.1404004,3.5428898
5408,1,54,5408,13,54,0,1,54,1,0,54,6.097736,6.207686
5409,3,116,16228,13,116,0,0,-1,1,0,-1,5.5554614,5.4158244
5410,1,41,8116,13,41,1,1,41,2,1,41,6.433682,6.4894805
5411,6,41,24352,13,41,0,0,-1,1,0,-1,5.7206035,5.6606665
5412,1,41,6856,13,41,0,1,41,1,0,41,5.5656104,5.78096
5413,3,41,16240,13,41,0,0,-1,1,0,-1,4.419645,4.9829926
5414,1,41,12184,13,41,0,1,-1,1,0,-1,5.6884828,7.5192094
5415,13,41,41128,13,41,0,0,-1,1,0,-1,4.548604,4.372151
5416,1,54,5416,13,54,1,1,54,2,1,54,3.8644133,6.5210304
5417,3,67,61720,13,67,0,0,-1,1,0,-1,3.1853983,6.2202215
5418,1,54,8128,13,54,0,1,54,1,0,54,4.3082166,6.4104323
5419,8,41,24388,13,41,0,0,-1,1,0,-1,5.5664806,6.941606
5420,1,116,9232,13,116,0,1,116,1,0,116,3.9662576,6.357362
5421,3,116,16264,13,116,0,0,-1,1,0,-1,3.4330595,6.4626575
5422,1,116,18304,13,116,1,1,-1,2,1,-1,6.0821,6.111273
5423,26,67,54916,13,67,0,0,-1,1,0,-1,3.6557016,6.3537474
5424,1,54,5424,13,54,0,1,54,1,0,54,5.6065593,6.4789596
5425,3,160,16276,13,160,0,0,-1,1,0,-1,6.291379,6.6382794
5426,1,160,9232,13,160,0,1,160,1,0,160,6.6325965,5.690344
5427,6,160,24424,13,160,0,0,-1,1,0,-1,5.5419254,3.653096
5428,1,54,5428,13,54,1,1,54,2,1,54,6.309584,4.548593
5429,3,54,16288,13,54,0,0,-1,1,0,-1,7.040543,3.6294916
5430,1,98,223072,13,98,0,1,-1,1,0,-1,5.1587353,6.389545
5431,8,98,223072,13,98,0,0,-1,1,0,-1,5.208101,2.7039824
5432,1,67,5812,13,67,0,1,67,1,0,67,4.106146,3.3967159
5433,3,160,39184,13,160,0,0,-1,1,0,-1,6.007663,5.025308
5434,1,67,8152,13,67,1,1,67,2,1,67,5.2781067,6.6729126
5435,11,116,27520,13,116,0,0,-1,1,0,-1,5.787432,5.703909
5436,1,67,13768,13,67,0,1,-1,1,0,-1,6.3966646,6.847772
5437,3,67,16312,13,67,0,0,-1,1,0,-1,6.349085,3.5808048
5438,1,67,69712,13,67,0,1,-1,1,0,-1,4.11267,4.32482
5439,21,67,123928,13,67,0,0,-1,1,0,-1,5.255577,5.527604
5440,1,15,5440,13,15,1,1,15,2,1,15,6.0177875,5.679919
5441,3,54,16324,13,54,0,0,-1,1,0,-1,6.1232057,4.931776
5442,1,67,8728,13,67,0,1,67,1,0,67,4.8357477,5.3614736
5443,6,67,24496,13,67,0,0,-1,1,0,-1,5.500106,4.3316026
5444,1,54,13120,13,54,0,1,-1,1,0,-1,4.3214164,4.3809104
5445,3,54,16336,13,54,0,0,-1,1,0,-1,3.3699102,5.5150633
5446,1,54,13120,13,54,1,1,-1,2,1,-1,4.8042145,3.3572514
5447,44,98,176740,13,98,0,0,-1,1,0,-1,5.012618,6.494167
5448,1,67,39364,13,67,0,1,-1,1,0,-1,4.685297,4.220864
5449,3,160,44224,13,160,0,0,-1,1,0,-1,5.1696415,7.5150394
5450,1,67,39364,13,67,0,1,-1,1,0,-1,5.8759885,6.863744
5451,8,54,24532,13,54,0,0,-1,1,0,-1,5.7540555,4.8483663
5452,1,67,39364,13,67,1,1,-1,2,1,-1,4.8634267,5.190536
5453,3,67,39364,13,67,0,0,-1,1,0,-1,5.7781696,3.1754713
5454,1,129,95956,13,129,0,1,-1,1,0,-1,6.121772,5.471115
5455,13,129,95956,13,129,0,0,-1,1,0,-1,3.7885602,6.837119
5456,1,15,5456,13,15,0,1,15,1,0,15,6.3832154,5.9677377
5457,3,67,118096,13,67,0,0,-1,1,0,-1,6.4276147,2.9117734
5458,1,160,1276936,13,160,1,1,-1,2,1,-1,6.7740335,4.8375864
5459,6,160,1276936,13,160,0,0,-1,1,0,-1,7.3474226,5.9464407
5460,1,15,5460,13,15,0,1,15,1,0,15,6.761179,4.645027
5461,3,15,16384,13,15,0,0,-1,1,0,-1,3.0562382,6.351483
5462,1,116,12292,13,116,0,1,-1,1,0,-1,4.927629,5.75976
5463,8,116,36880,13,116,0,0,-1,1,0,-1,4.2983737,7.313773
5464,1,41,5464,13,41,1,1,41,2,1,41,5.366885,3.969555
5465,3,160,18448,13,160,0,0,-1,1,0,-1,5.2074323,3.3720462
5466,1,41,8200,13,41,0,1,41,1,0,41,4.2448215,3.1052806
5467,16,116,41524,13,116,0,0,-1,1,0,-1,5.6616383,5.5220823
5468,1,41,9232,13,41,0,1,41,1,0,41,5.62078,7.2663555
5469,3,41,16408,13,41,0,0,-1,1,0,-1,5.1911845,4.3005114
5470,1,160,27700,13,160,1,1,-1,2,1,-1,6.761014,3.512787
5471,13,160,83104,13,160,0,0,-1,1,0,-1,4.989515,3.4021027
5472,1,129,9232,13,129,0,1,129,1,0,129,5.130622,6.7469068
5473,3,160,20788,13,160,0,0,-1,1,0,-1,5.7673864,6.2816844
5474,1,41,8212,13,41,0,1,41,1,0,41,4.9883323,2.8449943
5475,6,41,24640,13,41,0,0,-1,1,0,-1,6.8552938,3.3059983
5476,1,41,5476,13,41,1,1,41,2,1,41,7.125375,5.216082
5477,3,41,16432,13,41,0,0,-1,1,0,-1,7.75028,5.533108
5478,1,41,12328,13,41,0,1,-1,1,0,-1,5.9263196,6.9034195
5479,52,191,399976,13,191,0,0,-1,1,0,-1,6.629805,6.6315937
5480,1,129,9232,13,129,0,1,129,1,0,129,7.053805,5.0478435
5481,3,41,41632,13,41,0,0,-1,1,0,-1,4.399783,7.108271
5482,1,129,9232,13,129,1,1,129,2,1,129,5.4344683,3.150095
5483,8,116,24676,13,116,0,0,-1,1,0,-1,5.347288,5.1149793
5484,1,116,10420,13,116,0,1,-1,1,0,-1,5.1143045,4.8175616
5485,3,116,16456,13,116,0,0,-1,1,0,-1,4.673951,4.8866363
5486,1,116,18520,13,116,0,1,-1,1,0,-1,3.3896585,4.797588
5487,16,54,62512,13,54,0,0,-1,1,0,-1,6.191213,6.1085157
5488,1,129,9232,13,129,1,1,129,2,1,129,7.6696587,5.985409
5489,3,129,16468,13,129,0,0,-1,1,0,-1,5.5949764,4.8626084
5490,1,41,9268,13,41,0,1,41,1,0,41,6.65101,3.9688556
5491,6,41,24712,13,41,0,0,-1,1,0,-1,4.697742,5.6399364
5492,1,129,9232,13,129,0,1,129,1,0,129,7.391083,5.603874
5493,3,129,16480,13,129,0,0,-1,1,0,-1,6.9972863,5.8226047
5494,1,67,13912,13,67,1,1,-1,2,1,-1,4.9315968,7.311032
5495,8,67,37096,13,67,0,0,-1,1,0,-1,4.663207,4.9453144
5496,1,41,6964,13,41,0,1,41,1,0,41,5.040898,4.5056057
5497,3,98,70468,13,98,0,0,-1,1,0,-1,6.3936768,4.5522037
5498,1,41,8248,13,41,0,1,41,1,0,41,5.008323,5.2323203
5499,13,67,27844,13,67,0,0,-1,1,0,-1,5.2588196,3.4618843
5500,1,41,20896,13,41,1,1,-1,2,1,-1,4.5122914,6.970443
5501,3,41,20896,13,41,0,0,-1,1,0,-1,5.38133,2.6985893
5502,1,173,225988,13,173,0,1,-1,1,0,-1,6.5909476,5.1964235
5503,70,173,225988,13,173,0,0,-1,1,0,-1,7.190794,4.143059
5504,1,36,5504,13,36,0,1,36,1,0,36,6.8820806,6.4832087
5505,3,191,190996,13,191,0,0,-1,1,0,-1,7.2966604,4.0094633
5506,1,129,9232,13,129,1,1,129,2,1,129,5.1661325,2.854477
5507,6,129,24784,13,129,0,0,-1,1,0,-1,4.3791237,3.0938878
5508,1,160,9232,13,160,0,1,160,1,0,160,7.160414,5.7753386
5509,3,160,16528,13,160,0,0,-1,1,0,-1,4.3192043,4.722487
5510,1,160,12400,13,160,0,1,-1,1,0,-1,3.7008474,6.581844
5511,11,129,37204,13,129,0,0,-1,1,0,-1,4.404852,7.3190684
5512,1,129,9232,13,129,1,1,129,2,1,129,4.9122324,4.120947
5513,3,98,31408,13,98,0,0,-1,1,0,-1,4.4421425,4.2178817
5514,1,129,9232,13,129,0,1,129,1,0,129,5.7596154,5.4488797
5515,8,160,24820,13,160,0,0,-1,1,0,-1,6.3019686,5.405583
5516,1,129,9232,13,129,0,1,129,1,0,129,5.496266,6.2931137
5517,3,129,16552,13,129,0,0,-1,1,0,-1,4.1863284,4.187496
5518,1,160,18628,13,160,1,1,-1,2,1,-1,3.9682825,3.8149824
5519,11,160,55888,13,160,0,0,-1,1,0,-1,5.225016,7.440897
5520,1,129,9232,13,129,0,1,129,1,0,129,3.6478994,3.8245542
5521,3,129,16564,13,129,0,0,-1,1,0,-1,7.3146358,4.853478
5522,1,129,13984,13,129,0,1,-1,1,0,-1,5.0450025,4.488619
5523,6,129,24856,13,129,0,0,-1,1,0,-1,3.5562174,4.8258276
5524,1,129,9232,13,129,1,1,129,2,1,129,6.2399898,6.502828
5525,3,129,16576,13,129,0,0,-1,1,0,-1,6.196589,3.582029
5526,1,41,12436,13,41,0,1,-1,1,0,-1,4.629065,5.736361
5527,8,41,37312,13,41,0,0,-1,1,0,-1,5.1199903,6.692331
5528,1,129,9232,13,129,0,1,129,1,0,129,5.422849,2.5901635
5529,3,41,18664,13,41,0,0,-1,1,0,-1,5.83066,7.0875163
5530,1,129,9232,13,129,1,1,129,2,1,129,4.1967936,3.6675801
5531,19,41,63016,13,41,0,0,-1,1,0,-1,4.1850734,6.402012
5532,1,98,95956,13,98,0,1,-1,1,0,-1,3.6105883,5.053444
5533,3,98,95956,13,98,0,0,-1,1,0,-1,7.7858286,4.7476687
5534,1,98,95956,13,98,0,1,-1,1,0,-1,3.8267927,4.0346603
5535,44,129,359152,13,129,0,0,-1,1,0,-1,5.4314833,6.3289094
5536,1,36,5536,13,36,1,1,36,2,1,36,5.01387,6.2112365
5537,3,67,16612,13,67,0,0,-1,1,0,-1,6.054081,4.4658813
5538,1,67,8308,13,67,0,1,67,1,0,67,5.501243,7.12781
5539,6,67,24928,13,67,0,0,-1,1,0,-1,4.3284492,3.1267867
5540,1,67,10528,13,67,0,1,-1,1,0,-1,4.211172,6.318269
5541,3,67,16624,13,67,0,0,-1,1,0,-1,3.4813237,5.3246746
5542,1,67,12472,13,67,1,1,-1,2,1,-1,5.3470616,4.0183167
5543,16,204,250504,13,204,0,0,-1,1,0,-1,5.063065,6.9897428
5544,1,36,5544,13,36,0,1,36,1,0,36,3.5592124,3.7816777
5545,3,54,94768,13,54,0,0,-1,1,0,-1,5.6229744,2.7613978
5546,1,36,8320,13,36,0,1,36,1,0,36,4.109859,6.703149
5547,8,54,24964,13,54,0,0,-1,1,0,-1,6.6858225,6.4758663
5548,1,67,6244,13,67,1,1,67,2,1,67,3.872832,4.4404564
5549,3,67,16648,13,67,0,0,-1,1,0,-1,5.797205,2.8240085
5550,1,67,18736,13,67,0,1,-1,1,0,-1,4.7040777,3.4477904
5551,13,67,56212,13,67,0,0,-1,1,0,-1,4.7507286,4.145975
5552,1,129,9232,13,129,0,1,129,1,0,129,5.175791,6.966539
5553,3,129,16660,13,129,0,0,-1,1,0,-1,3.5748553,6.82649
5554,1,129,9376,13,129,1,1,129,2,1,129,7.078373,5.4457726
5555,6,129,25000,13,129,0,0,-1,1,0,-1,6.706686,3.3272605
5556,1,129,9232,13,129,0,1,129,1,0,129,5.030864,3.0688238
5557,3,129,16672,13,129,0,0,-1,1,0,-1,5.7262073,3.3853078
5558,1,160,26728,13,160,0,1,-1,1,0,-1,5.024195,3.502007
5559,8,160,37528,13,160,0,0,-1,1,0,-1,5.928219,6.643758
5560,1,129,9232,13,129,1,1,129,2,1,129,6.1223326,4.2149696
5561,3,129,18772,13,129,0,0,-1,1,0,-1,5.6340475,4.9116845
5562,1,129,9232,13,129,0,1,129,1,0,129,6.6902556,3.2718894
5563,11,116,28168,13,116,0,0,-1,1,0,-1,6.448871,5.0185914
5564,1,116,15856,13,116,0,1,-1,1,0,-1,4.820168,5.0597267
5565,3,116,16696,13,116,0,0,-1,1,0,-1,4.088752,5.991973
5566,1,116,42280,13,116,1,1,-1,2,1,-1,6.516063,4.735421
5567,57,235,481624,13,235,0,0,-1,1,0,-1,5.023665,4.830458
5568,1,36,5568,13,36,0,1,36,1,0,36,3.9420338,6.9478884
5569,3,129,16708,13,129,0,0,-1,1,0,-1,4.799708,3.2391744
5570,1,67,23812,13,67,0,1,-1,1,0,-1,4.0576396,4.349192
5571,6,67,25072,13,67,0,0,-1,1,0,-1,5.265261,6.5265045
5572,1,36,5572,13,36,1,1,36,2,1,36,5.533332,4.3867173
5573,3,36,16720,13,36,0,0,-1,1,0,-1,4.1504774,6.5930457
5574,1,36,12544,13,36,0,1,-1,1,0,-1,3.875242,4.402923
5575,13,67,37636,13,67,0,0,-1,1,0,-1,5.095635,5.200401
5576,1,129,9232,13,129,0,1,129,1,0,129,4.8707047,3.9046543
5577,3,41,28240,13,41,0,0,-1,1,0,-1,5.766159,4.5159507
5578,1,129,9232,13,129,1,1,129,2,1,129,5.645646,6.2645774
5579,8,41,25108,13,41,0,0,-1,1,0,-1,5.8215327,6.982138
5580,1,129,9232,13,129,0,1,129,1,0,129,7.260536,3.9489388
5581,3,129,16744,13,129,0,0,-1,1,0,-1,3.8517656,4.1943784
5582,1,67,80512,13,67,0,1,-1,1,0,-1,6.909363,6.099557
5583,26,67,80512,13,67,0,0,-1,1,0,-1,4.836619,5.4161596
5584,1,36,5584,13,36,1,1,36,2,1,36,7.4009514,4.681636
5585,3,129,16756,13,129,0,0,-1,1,0,-1,5.630076,2.759761
5586,1,111,21220,13,111,0,1,-1,1,0,-1,5.3740416,6.90426
5587,6,111,25144,13,111,0,0,-1,1,0,-1,7.444113,5.0508265
5588,1,36,5588,13,36,0,1,36,1,0,36,4.557059,7.0565023
5589,3,36,16768,13,36,0,0,-1,1,0,-1,4.5611987,6.831919
5590,1,67,15928,13,67,1,1,-1,2,1,-1,6.245066,5.5366187
5591,8,67,37744,13,67,0,0,-1,1,0,-1,6.0760045,4.8468623
5592,1,67,5592,13,67,0,1,67,1,0,67,4.581455,6.868894
5593,3,67,18880,13,67,0,0,-1,1,0,-1,5.7457485,4.279556
5594,1,67,8392,13,67,0,1,67,1,0,67,5.6897287,4.349056
5595,13,129,42496,13,129,0,0,-1,1,0,-1,7.154803,3.2825434
5596,1,67,9448,13,67,1,1,67,2,1,67,7.145437,4.584216
5597,3,67,16792,13,67,0,0,-1,1,0,-1,4.615137,7.233817
5598,1,67,71764,13,67,0,1,-1,1,0,-1,4.31165,6.3607306
5599,24,67,85048,13,67,0,0,-1,1,0,-1,5.7992806,6.8232555
5600,1,85,9232,13,85,0,1,85,1,0,85,6.091063,6.2744045
5601,3,67,31912,13,67,0,0,-1,1,0,-1,2.8967936,5.733378
5602,1,36,8404,13,36,1,1,36,2,1,36,7.0608435,5.75125
5603,6,36,25216,13,36,0,0,-1,1,0,-1,4.383175,7.0978193
5604,1,98,45520,13,98,0,1,-1,1,0,-1,4.812648,6.2805023
5605,3,98,45520,13,98,0,0,-1,1,0,-1,5.491215,4.082508
5606,1,98,45520,13,98,0,1,-1,1,0,-1,6.7154474,5.8967
5607,21,67,63880,13,67,0,0,-1,1,0,-1,3.593319,5.2991333
5608,1,85,9232,13,85,1,1,85,2,1,85,4.6626368,4.98055
5609,3,111,345544,13,111,0,0,-1,1,0,-1,6.9009194,5.869608
5610,1,85,9232,13,85,0,1,85,1,0,85,5.007233,5.5266967
5611,8,160,182068,13,160,0,0,-1,1,0,-1,3.8482072,4.4013786
5612,1,129,9232,13,129,0,1,129,1,0,129,4.4071274,4.1109324
5613,3,129,16840,13,129,0,0,-1,1,0,-1,7.221341,3.7266612
5614,1,129,18952,13,129,1,1,-1,2,1,-1,5.3219166,6.4440355
5615,21,67,95956,13,67,0,0,-1,1,0,-1,5.867008,4.8477087
5616,1,85,9232,13,85,0,1,85,1,0,85,4.8733015,5.0923023
5617,3,85,16852,13,85,0,0,-1,1,0,-1,3.7352247,4.2945304
5618,1,160,21688,13,160,0,1,-1,1,0,-1,4.7731647,6.7281494
5619,6,160,25288,13,160,0,0,-1,1,0,-1,4.929602,2.80455
5620,1,85,9232,13,85,1,1,85,2,1,85,5.8577404,3.6723564
5621,3,85,16864,13,85,0,0,-1,1,0,-1,4.065316,5.5209084
5622,1,59,40552,13,59,0,1,-1,1,0,-1,5.5266986,6.480099
5623,8,59,40552,13,59,0,0,-1,1,0,-1,5.192153,6.528496
5624,1,173,250504,13,173,0,1,-1,1,0,-1,6.4785695,6.3451953
5625,3,160,21688,13,160,0,0,-1,1,0,-1,6.807118,6.4613996
5626,1,173,250504,13,173,1,1,-1,2,1,-1,3.5864048,5.251855
5627,16,59,32056,13,59,0,0,-1,1,0,-1,3.0758104,5.235672
5628,1,173,250504,13,173,0,1,-1,1,0,-1,5.838267,6.541269
5629,3,173,250504,13,173,0,0,-1,1,0,-1,4.9639087,5.273591
5630,1,160,144340,13,160,0,1,-1,1,0,-1,6.735427,5.4587593
5631,24,160,433024,13,160,0,0,-1,1,0,-1,4.634482,6.824913
5632,1,23,5632,13,23,1,1,23,2,1,23,5.86578,7.3603544
5633,3,59,16900,13,59,0,0,-1,1,0,-1,5.346358,4.0220094
5634,1,85,9232,13,85,0,1,85,1,0,85,7.3160067,4.853229
5635,6,85,25360,13,85,0,0,-1,1,0,-1,5.461866,2.7124608
5636,1,85,9232,13,85,0,1,85,1,0,85,3.6380992,5.348358
5637,3,85,16912,13,85,0,0,-1,1,0,-1,4.618471,5.104394
5638,1,85,12688,13,85,1,1,-1,2,1,-1,5.4194818,7.5053678
5639,11,85,38068,13,85,0,0,-1,1,0,-1,6.60851,5.5753827
5640,1,36,5640,13,36,0,1,36,1,0,36,4.3956256,4.2888393
5641,3,41,28564,13,41,0,0,-1,1,0,-1,5.474805,3.7680569
5642,1,36,8464,13,36,0,1,36,1,0,36,3.573641,5.67678
5643,8,85,25396,13,85,0,0,-1,1,0,-1,6.575559,3.5240724
5644,1,36,6352,13,36,1,1,36,2,1,36,3.9535186,5.4135685
5645,3,36,16936,13,36,0,0,-1,1,0,-1,6.4919615,6.7663703
5646,1,59,19060,13,59,0,1,-1,1,0,-1,4.8398414,3.627459
5647,11,59,57184,13,59,0,0,-1,1,0,-1,7.1605597,3.774747
5648,1,129,9232,13,129,0,1,129,1,0,129,4.715925,5.4136543
5649,3,36,16948,13,36,0,0,-1,1,0,-1,5.387315,5.8159394
5650,1,85,14308,13,85,1,1,-1,2,1,-1,2.8719695,5.3295584
5651,6,85,25432,13,85,0,0,-1,1,0,-1,4.1757708,6.0126514
5652,1,129,9232,13,129,0,1,129,1,0,129,6.930062,6.8505836
5653,3,129,16960,13,129,0,0,-1,1,0,-1,6.426461,2.9652123
5654,1,111,39364,13,111,0,1,-1,1,0,-1,5.9040737,4.5776873
5655,8,111,39364,13,111,0,0,-1,1,0,-1,4.643622,2.7966685
5656,1,129,9232,13,129,1,1,129,2,1,129,4.250619,5.851495
5657,3,111,39364,13,111,0,0,-1,1,0,-1,3.916071,5.676287
5658,1,129,9232,13,129,0,1,129,1,0,129,4.081263,5.0888634
5659,34,67,96712,13,67,0,0,-1,1,0,-1,4.6556015,4.7171144
5660,1,36,9556,13,36,0,1,36,1,0,36,4.9943595,7.170577
5661,3,36,16984,13,36,0,0,-1,1,0,-1,3.1104906,5.17635
5662,1,36,28672,13,36,1,1,-1,2,1,-1,4.286979,4.617825
5663,26,85,86020,13,85,0,0,-1,1,0,-1,4.6394563,7.4494185
5664,1,36,5664,13,36,0,1,36,1,0,36,3.3110492,5.787688
5665,3,129,16996,13,129,0,0,-1,1,0,-1,3.4627845,3.6254265
5666,1,129,9232,13,129,0,1,129,1,0,129,5.6855874,2.7750447
5667,6,129,25504,13,129,0,0,-1,1,0,-1,6.252466,5.4566946
5668,1,80,8080,13,80,1,1,80,2,1,80,3.778119,3.310684
5669,3,80,17008,13,80,0,0,-1,1,0,-1,4.8741546,5.4872956
5670,1,80,12760,13,80,0,1,-1,1,0,-1,3.3950253,4.3357015
5671,13,80,43072,13,80,0,0,-1,1,0,-1,4.235954,3.9102364
5672,1,36,5672,13,36,0,1,36,1,0,36,5.486203,4.244918
5673,3,204,6810136,13,204,0,0,-1,1,0,-1,5.381396,3.1943755
5674,1,36,8512,13,36,1,1,36,2,1,36,6.0916843,6.312795
5675,8,129,25540,13,129,0,0,-1,1,0,-1,7.1410856,6.4939756
5676,1,129,9232,13,129,0,1,129,1,0,129,6.5184846,5.6590133
5677,3,129,17032,13,129,0,0,-1,1,0,-1,3.4162858,4.8121943
5678,1,129,19168,13,129,0,1,-1,1,0,-1,3.2496507,4.6405554
5679,32,160,163780,13,160,0,0,-1,1,0,-1,4.131171,4.8851476
5680,1,36,5680,13,36,1,1,36,2,1,36,4.700393,5.9463615
5681,3,80,17044,13,80,0,0,-1,1,0,-1,4.3760834,4.8592067
5682,1,80,12148,13,80,0,1,-1,1,0,-1,4.391995,6.5650263
5683,6,80,25576,13,80,0,0,-1,1,0,-1,6.0750885,3.687232
5684,1,36,5684,13,36,0,1,36,1,0,36,6.184542,5.499754
5685,3,36,17056,13,36,0,0,-1,1,0,-1,4.830758,4.484513
5686,1,173,138400,13,173,1,1,-1,2,1,-1,5.875693,6.3092694
5687,8,173,138400,13,173,0,0,-1,1,0,-1,5.176312,4.9442353
5688,1,67,5688,13,67,0,1,67,1,0,67,5.223078,6.1671467
5689,3,129,19204,13,129,0,0,-1,1,0,-1,4.6694555,6.95748
5690,1,67,8536,13,67,0,1,67,1,0,67,5.061386,6.5284634
5691,11,173,28816,13,173,0,0,-1,1,0,-1,4.512134,5.5528326
5692,1,67,14416,13,67,1,1,-1,2,1,-1,6.7333922,5.392627
5693,3,67,17080,13,67,0,0,-1,1,0,-1,6.6558685,5.6171937
5694,1,173,43252,13,173,0,1,-1,1,0,-1,4.8795576,2.9898076
5695,16,173,129760,13,173,0,0,-1,1,0,-1,3.79332,6.027454
5696,1,36,5696,13,36,0,1,36,1,0,36,5.954447,7.0091505
5697,3,67,17092,13,67,0,0,-1,1,0,-1,4.0841503,6.438194
5698,1,67,8548,13,67,1,1,67,2,1,67,4.3197904,5.4072065
5699,6,67,25648,13,67,0,0,-1,1,0,-1,5.072795,4.0540056
5700,1,28,5700,13,28,0,1,28,1,0,28,5.23641,5.682067
5701,3,28,17104,13,28,0,0,-1,1,0,-1,5.313519,4.1874533
5702,1,28,12832,13,28,0,1,-1,1,0,-1,3.542265,3.9487715
5703,16,54,38500,13,54,0,0,-1,1,0,-1,5.0086217,6.8680096
5704,1,28,5704,13,28,1,1,28,2,1,28,6.770418,5.4982986
5705,3,80,61720,13,80,0,0,-1,1,0,-1,4.3224115,4.2078924
5706,1,28,8560,13,28,0,1,28,1,0,28,6.6618514,7.031996
5707,8,28,25684,13,28,0,0,-1,1,0,-1,7.209921,5.1128435
5708,1,28,6424,13,28,0,1,28,1,0,28,4.5512853,3.2226217
5709,3,28,17128,13,28,0,0,-1,1,0,-1,6.67876,5.4095263
5710,1,129,21688,13,129,1,1,-1,2,1,-1,5.5457907,4.85849
5711,13,129,57832,13,129,0,0,-1,1,0,-1,6.559846,4.0307035
5712,1,36,5712,13,36,0,1,36,1,0,36,6.629783,4.3443427
5713,3,173,17140,13,173,0,0,-1,1,0,-1,5.73879,5.928572
5714,1,173,32560,13,173,0,1,-1,1,0,-1,6.50764,4.3406644
5715,6,173,32560,13,173,0,0,-1,1,0,-1,7.9477706,5.511943
5716,1,36,5716,13,36,1,1,36,2,1,36,4.388999,5.2261643
5717,3,36,17152,13,36,0,0,-1,1,0,-1,7.292084,5.097997
5718,1,80,12868,13,80,0,1,-1,1,0,-1,7.4438467,5.494362
5719,8,80,38608,13,80,0,0,-1,1,0,-1,4.147715,3.8820436
5720,1,28,5720,13,28,0,1,28,1,0,28,5.7355604,4.0493507
5721,3,80,19312,13,80,0,0,-1,1,0,-1,7.064044,5.59631
5722,1,28,8584,13,28,1,1,28,2,1,28,4.9714603,5.882033
5723,21,173,48904,13,173,0,0,-1,1,0,-1,4.4044805,6.54612
5724,1,28,9664,13,28,0,1,28,1,0,28,5.4187927,4.600744
5725,3,28,17176,13,28,0,0,-1,1,0,-1,4.8148847,4.2912726
5726,1,80,28996,13,80,0,1,-1,1,0,-1,4.20289,5.429159
5727,13,80,86992,13,80,0,0,-1,1,0,-1,6.5297856,4.3620296
5728,1,36,5728,13,36,1,1,36,2,1,36,2.7686875,5.151192
5729,3,28,21760,13,28,0,0,-1,1,0,-1,3.887626,4.773288
5730,1,28,8596,13,28,0,1,28,1,0,28,6.1840777,4.1363072
5731,6,28,25792,13,28,0,0,-1,1,0,-1,5.1346292,5.4299374
5732,1,28,5732,13,28,0,1,28,1,0,28,6.807701,4.398198
5733,3,28,17200,13,28,0,0,-1,1,0,-1,7.1496587,6.5304813
5734,1,28,12904,13,28,1,1,-1,2,1,-1,3.3571424,5.1230135
5735,39,173,98008,13,173,0,0,-1,1,0,-1,7.3453374,3.9868627
5736,1,36,5736,13,36,0,1,36,1,0,36,4.159307,6.9920683
5737,3,111,176740,13,111,0,0,-1,1,0,-1,6.3081207,5.390226
5738,1,36,8608,13,36,0,1,36,1,0,36,4.942945,4.237417
5739,8,173,44224,13,173,0,0,-1,1,0,-1,6.2984586,4.248399
5740,1,80,39364,13,80,1,1,-1,2,1,-1,4.9203377,5.568265
5741,3,80,39364,13,80,0,0,-1,1,0,-1,5.2828546,5.1700773
5742,1,80,39364,13,80,0,1,-1,1,0,-1,6.9025917,6.360272
5743,19,80,65428,13,80,0,0,-1,1,0,-1,7.542473,5.005592
5744,1,54,9232,13,54,0,1,54,1,0,54,5.880863,5.7916913
5745,3,36,17236,13,36,0,0,-1,1,0,-1,7.5942435,6.085231
5746,1,173,1276936,13,173,1,1,-1,2,1,-1,4.0100455,5.581662
5747,6,173,1276936,13,173,0,0,-1,1,0,-1,4.205132,4.7122903
5748,1,54,9232,13,54,0,1,54,1,0,54,3.9766157,5.4908085
5749,3,54,17248,13,54,0,0,-1,1,0,-1,4.941424,7.0411487
5750,1,54,14560,13,54,0,1,-1,1,0,-1,5.28962,6.8872027
5751,8,54,38824,13,54,0,0,-1,1,0,-1,5.572947,5.5742555
5752,1,54,9232,13,54,1,1,54,2,1,54,3.637732,5.0322123
5753,3,129,32776,13,129,0,0,-1,1,0,-1,4.2016625,4.13084
5754,1,54,9232,13,54,0,1,54,1,0,54,4.272407,6.2950044
5755,13,54,29140,13,54,0,0,-1,1,0,-1,3.2665548,4.3394465
5756,1,129,41524,13,129,0,1,-1,1,0,-1,4.4296584,4.6639333
5757,3,129,41524,13,129,0,0,-1,1,0,-1,5.163271,5.6043673
5758,1,129,65608,13,129,1,1,-1,2,1,-1,6.1933947,5.6361694
5759,57,111,897856,13,111,0,0,-1,1,0,-1,3.285352,5.2351594
5760,1,23,5760,13,23,0,1,23,1,0,23,5.314714,3.8528833
5761,3,173,83104,13,173,0,0,-1,1,0,-1,5.9954906,5.7963634
5762,1,36,8644,13,36,0,1,36,1,0,36,5.6873574,6.5199084
5763,6,36,25936,13,36,0,0,-1,1,0,-1,4.7265286,5.1718307
5764,1,142,9232,13,142,1,1,142,2,1,142,5.3643584,6.091803
5765,3,142,17296,13,142,0,0,-1,1,0,-1,6.652771,6.5745873
5766,1,142,12976,13,142,0,1,-1,1,0,-1,4.659838,5.1127486
5767,11,54,38932,13,54,0,0,-1,1,0,-1,4.9176526,5.3766084
5768,1,49,5768,13,49,0,1,49,1,0,49,6.6708746,5.964581
5769,3,173,49300,13,173,0,0,-1,1,0,-1,4.5574894,4.771351
5770,1,49,8656,13,49,1,1,49,2,1,49,4.715656,6.6277676
5771,8,142,25972,13,142,0,0,-1,1,0,-1,6.173991,6.9816666
5772,1,49,6496,13,49,0,1,49,1,0,49,6.774967,4.9268265
5773,3,49,17320,13,49,0,0,-1,1,0,-1,6.009267,3.632005
5774,1,129,24676,13,129,0,1,-1,1,0,-1,6.3986297,7.1940055
5775,11,129,58480,13,129,0,0,-1,1,0,-1,5.100402,3.6460438
5776,1,49,5776,13,49,1,1,49,2,1,49,3.5304232,5.9323735
5777,3,142,17332,13,142,0,0,-1,1,0,-1,4.2563767,6.98013
5778,1,142,14632,13,142,0,1,-1,1,0,-1,6.046225,4.2378483
5779,6,142,26008,13,142,0,0,-1,1,0,-1,7.3515654,6.415364
5780,1,49,5780,13,49,0,1,49,1,0,49,4.2879047,5.236818
5781,3,49,17344,13,49,0,0,-1,1,0,-1,4.0931892,5.6300693
5782,1,49,13012,13,49,1,1,-1,2,1,-1,6.3231792,5.5556893
5783,8,49,39040,13,49,0,0,-1,1,0,-1,6.6423254,5.0467434
5784,1,49,5784,13,49,0,1,49,1,0,49,3.758674,5.605156
5785,3,80,19528,13,80,0,0,-1,1,0,-1,4.291547,6.1031604
5786,1,49,8680,13,49,0,1,49,1,0,49,6.333406,4.2488337
5787,21,80,74176,13,80,0,0,-1,1,0,-1,4.9458666,3.9732022
5788,1,54,10996,13,54,1,1,-1,2,1,-1,6.3612537,6.0812383
5789,3,54,17368,13,54,0,0,-1,1,0,-1,3.354664,6.0716805
5790,1,54,29320,13,54,0,1,-1,1,0,-1,7.1021986,6.442511
5791,52,111,250504,13,111,0,0,-1,1,0,-1,3.4346375,4.1713514
5792,1,23,5792,13,23,0,1,23,1,0,23,4.0943646,6.1468625
5793,3,54,20896,13,54,0,0,-1,1,0,-1,4.6022224,6.2341437
5794,1,142,9232,13,142,1,1,142,2,1,142,3.5992384,6.1023517
5795,6,142,26080,13,142,0,0,-1,1,0,-1,4.8710294,3.6153402
5796,1,142,24784,13,142,0,1,-1,1,0,-1,4.141271,4.679266
5797,3,142,24784,13,142,0,0,-1,1,0,-1,7.6562805,5.3258796
5798,1,142,24784,13,142,0,1,-1,1,0,-1,5.8976746,5.286779
5799,19,204,190996,13,204,0,0,-1,1,0,-1,6.4911685,4.861845
5800,1,23,5800,13,23,1,1,23,2,1,23,4.356463,6.2034736
5801,3,80,223072,13,80,0,0,-1,1,0,-1,5.0634184,7.0803146
5802,1,23,8704,13,23,0,1,23,1,0,23,3.9676063,5.661111
5803,8,173,26116,13,173,0,0,-1,1,0,-1,6.5491877,6.3139577
5804,1,142,9232,13,142,0,1,142,1,0,142,5.1841407,5.9192243
5805,3,142,17416,13,142,0,0,-1,1,0,-1,5.162513,2.716105
5806,1,142,19600,13,142,1,1,-1,2,1,-1,4.3149333,4.515091
5807,13,111,58804,13,111,0,0,-1,1,0,-1,4.8190756,3.837141
5808,1,49,5808,13,49,0,1,49,1,0,49,6.086535,2.8503158
5809,3,49,17428,13,49,0,0,-1,1,0,-1,4.6969323,3.884908
5810,1,49,9808,13,49,0,1,49,1,0,49,5.0181446,5.99861
5811,6,49,26152,13,49,0,0,-1,1,0,-1,5.084455,6.2823544
5812,1,49,5812,13,49,1,1,49,2,1,49,4.7673526,3.894144
5813,3,49,17440,13,49,0,0,-1,1,0,-1,5.925361,4.7248497
5814,1,142,22084,13,142,0,1,-1,1,0,-1,7.0623417,5.9037113
5815,8,142,39256,13,142,0,0,-1,1,0,-1,6.6947355,5.748174
5816,1,49,5816,13,49,0,1,49,1,0,49,4.3183856,6.3438687
5817,3,142,19636,13,142,0,0,-1,1,0,-1,3.9453409,4.837958
5818,1,49,8728,13,49,1,1,49,2,1,49,7.344694,4.667686
5819,11,142,29464,13,142,0,0,-1,1,0,-1,6.4017205,5.6458273
5820,1,142,14740,13,142,0,1,-1,1,0,-1,7.7906337,5.207991
5821,3,142,17464,13,142,0,0,-1,1,0,-1,3.71755,4.1578093
5822,1,142,44224,13,142,0,1,-1,1,0,-1,5.5318823,7.474936
5823,26,142,132676,13,142,0,0,-1,1,0,-1,5.156094,3.7246873
5824,1,98,9232,13,98,1,1,98,2,1,98,2.90008,5.622141
5825,3,49,17476,13,49,0,0,-1,1,0,-1,5.8898025,3.3057287
5826,1,111,95956,13,111,0,1,-1,1,0,-1,4.946488,5.415295
5827,6,111,95956,13,111,0,0,-1,1,0,-1,5.285494,4.846582
5828,1,36,5828,13,36,0,1,36,1,0,36,5.575751,7.553244
5829,3,36,17488,13,36,0,0,-1,1,0,-1,3.7658787,5.0773954
5830,1,36,13120,13,36,1,1,-1,2,1,-1,4.931086,5.121959
5831,13,49,39364,13,49,0,0,-1,1,0,-1,3.426016,5.293008
5832,1,36,5832,13,36,0,1,36,1,0,36,6.050162,5.111217
5833,3,80,29536,13,80,0,0,-1,1,0,-1,5.6199536,4.6957245
5834,1,36,8752,13,36,0,1,36,1,0,36,6.9727726,5.244327
5835,8,80,26260,13,80,0,0,-1,1,0,-1,3.1605172,5.9047003
5836,1,36,6568,13,36,1,1,36,2,1,36,6.5587006,4.312493
5837,3,36,17512,13,36,0,0,-1,1,0,-1,5.9866776,4.893571
5838,1,217,250504,13,217,0,1,-1,1,0,-1,3.1769598,4.696911
5839,29,217,250504,13,217,0,0,-1,1,0,-1,7.282468,6.3398337
5840,1,98,9232,13,98,0,1,98,1,0,98,7.034705,4.5521564
5841,3,80,17524,13,80,0,0,-1,1,0,-1,5.4744287,4.715335
5842,1,80,22192,13,80,1,1,-1,2,1,-1,7.265102,5.570381
5843,6,80,26296,13,80,0,0,-1,1,0,-1,5.7872944,3.34319
5844,1,98,9232,13,98,0,1,98,1,0,98,4.3757195,5.109623
5845,3,98,17536,13,98,0,0,-1,1,0,-1,6.218297,4.429782
5846,1,142,13156,13,142,0,1,-1,1,0,-1,5.36854,3.2780292
5847,8,142,39472,13,142,0,0,-1,1,0,-1,4.521968,4.160468
5848,1,142,9232,13,142,1,1,142,2,1,142,6.5421968,7.198883
5849,3,142,19744,13,142,0,0,-1,1,0,-1,5.4835844,4.9141755
5850,1,142,9232,13,142,0,1,142,1,0,142,4.883023,3.041403
5851,13,142,44440,13,142,0,0,-1,1,0,-1,7.5386844,5.573714
5852,1,142,9880,13,142,0,1,142,1,0,142,6.9342003,6.0308876
5853,3,142,17560,13,142,0,0,-1,1,0,-1,4.195754,6.486305
5854,1,173,33352,13,173,1,1,-1,2,1,-1,7.4947057,6.194273
5855,16,173,88936,13,173,0,0,-1,1,0,-1,7.177116,5.848022
5856,1,98,9232,13,98,0,1,98,1,0,98,7.4210596,4.26501
5857,3,142,50056,13,142,0,0,-1,1,0,-1,6.2853847,5.1515837
5858,1,98,9232,13,98,0,1,98,1,0,98,6.8037,6.387546
5859,6,98,26368,13,98,0,0,-1,1,0,-1,4.635172,6.0348687
5860,1,36,5860,13,36,1,1,36,2,1,36,5.5507174,7.2156153
5861,3,36,17584,13,36,0,0,-1,1,0,-1,7.5920935,5.427601
5862,1,36,13192,13,36,0,1,-1,1,0,-1,7.003108,3.446762
5863,26,129,84544,13,129,0,0,-1,1,0,-1,5.6216865,5.704583
5864,1,98,9232,13,98,0,1,98,1,0,98,4.204335,6.1159472
5865,3,103,67768,13,103,0,0,-1,1,0,-1,4.3124785,7.1370635
5866,1,98,9232,13,98,1,1,98,2,1,98,7.394522,6.7499185
5867,8,80,33424,13,80,0,0,-1,1,0,-1,4.018193,4.5519047
5868,1,142,9232,13,142,0,1,142,1,0,142,4.4486556,4.8391595
5869,3,142,17608,13,142,0,0,-1,1,0,-1,6.427803,6.6733747
5870,1,142,19816,13,142,0,1,-1,1,0,-1,4.5918365,5.869308
5871,21,80,150496,13,80,0,0,-1,1,0,-1,5.4474454,4.989986
5872,1,49,5872,13,49,1,1,49,2,1,49,5.404332,4.0493073
5873,3,98,17620,13,98,0,0,-1,1,0,-1,6.7122517,5.5734463
5874,1,54,25108,13,54,0,1,-1,1,0,-1,7.052662,4.4477806
5875,6,54,26440,13,54,0,0,-1,1,0,-1,4.556841,4.977327
5876,1,49,5876,13,49,0,1,49,1,0,49,5.803063,6.86595
5877,3,49,17632,13,49,0,0,-1,1,0,-1,3.7664292,5.8338385
5878,1,80,80512,13,80,1,1,-1,2,1,-1,4.168321,3.6566446
5879,8,80,80512,13,80,0,0,-1,1,0,-1,3.675832,6.439058
5880,1,49,11176,13,49,0,1,-1,1,0,-1,5.778831,5.1330824
5881,3,49,22336,13,49,0,0,-1,1,0,-1,6.5814185,4.939936
5882,1,49,11176,13,49,0,1,-1,1,0,-1,7.8046527,5.40155
5883,19,142,50272,13,142,0,0,-1,1,0,-1,5.685896,4.770074
5884,1,173,190996,13,173,1,1,-1,2,1,-1,6.1168175,5.0949917
5885,3,173,190996,13,173,0,0,-1,1,0,-1,3.94087,4.05517
5886,1,173,190996,13,173,0,1,-1,1,0,-1,6.379251,3.7619572
5887,39,124,381976,13,124,0,0,-1,1,0,-1,4.40018,4.4897037
5888,1,23,5888,13,23,0,1,23,1,0,23,5.908091,5.083615
5889,3,98,17668,13,98,0,0,-1,1,0,-1,5.4875264,4.5030885
5890,1,80,9448,13,80,1,1,80,2,1,80,4.3282447,3.7010777
5891,6,80,26512,13,80,0,0,-1,1,0,-1,6.1780186,5.5747185
5892,1,98,9232,13,98,0,1,98,1,0,98,7.590867,5.7835326
5893,3,98,17680,13,98,0,0,-1,1,0,-1,3.8380346,3.479308
5894,1,98,13264,13,98,0,1,-1,1,0,-1,6.250414,3.5895038
5895,11,80,39796,13,80,0,0,-1,1,0,-1,6.4668803,6.7944274
5896,1,142,9232,13,142,1,1,142,2,1,142,6.6122203,4.48073
5897,3,80,85048,13,80,0,0,-1,1,0,-1,6.730113,4.310709
5898,1,142,9232,13,142,0,1,142,1,0,142,6.1099534,5.8562536
5899,8,49,26548,13,49,0,0,-1,1,0,-1,5.7576876,3.9188476
5900,1,142,9232,13,142,0,1,142,1,0,142,6.025086,6.4372463
5901,3,142,17704,13,142,0,0,-1,1,0,-1,6.3711047,3.352418
5902,1,98,19924,13,98,1,1,-1,2,1,-1,5.564029,4.2152047
5903,11,98,59776,13,98,0,0,-1,1,0,-1,3.3704374,4.638983
5904,1,23,5904,13,23,0,1,23,1,0,23,3.8978462,4.7161727
5905,3,142,17716,13,142,0,0,-1,1,0,-1,6.03793,3.0749552
5906,1,124,345544,13,124,0,1,-1,1,0,-1,6.17706,5.8155017
5907,6,124,345544,13,124,0,0,-1,1,0,-1,6.9840603,4.834686
5908,1,23,5908,13,23,1,1,23,2,1,23,5.5174947,5.8052835
5909,3,23,17728,13,23,0,0,-1,1,0,-1,6.4847164,5.3876343
5910,1,142,18952,13,142,0,1,-1,1,0,-1,5.4588075,5.1786256
5911,8,142,39904,13,142,0,0,-1,1,0,-1,4.2344437,6.053224
5912,1,23,5912,13,23,0,1,23,1,0,23,3.6283083,6.4536304
5913,3,80,95956,13,80,0,0,-1,1,0,-1,3.7918427,4.2584834
5914,1,23,8872,13,23,1,1,23,2,1,23,5.316805,5.6321974
5915,63,173,575728,13,173,0,0,-1,1,0,-1,6.428624,3.620358
5916,1,98,9988,13,98,0,1,98,1,0,98,5.3018436,3.2792232
5917,3,98,17752,13,98,0,0,-1,1,0,-1,6.3340883,6.8930917
5918,1,98,29968,13,98,0,1,-1,1,0,-1,5.9826503,7.4512215
5919,19,173,89908,13,173,0,0,-1,1,0,-1,6.004555,4.939168
5920,1,49,5920,13,49,1,1,49,2,1,49,6.119911,5.3991838
5921,3,186,250504,13,186,0,0,-1,1,0,-1,4.05969,4.917682
5922,1,36,8884,13,36,0,1,36,1,0,36,3.234491,4.875342
5923,6,36,26656,13,36,0,0,-1,1,0,-1,5.1869555,6.2409086
5924,1,36,7504,13,36,0,1,36,1,0,36,5.3745723,6.7474465
5925,3,36,17776,13,36,0,0,-1,1,0,-1,3.6320283,4.9882073
5926,1,36,13336,13,36,1,1,-1,2,1,-1,7.4473314,5.765951
5927,13,72,45016,13,72,0,0,-1,1,0,-1,3.1663983,6.062304
5928,1,49,5928,13,49,0,1,49,1,0,49,3.201213,6.3874874
5929,3,186,250504,13,186,0,0,-1,1,0,-1,5.365514,3.0749373
5930,1,49,8896,13,49,0,1,49,1,0,49,5.8176146,2.9636018
5931,8,36,26692,13,36,0,0,-1,1,0,-1,7.2198963,6.257398
5932,1,142,9232,13,142,1,1,142,2,1,142,5.941633,3.4979389
5933,3,142,17800,13,142,0,0,-1,1,0,-1,6.736775,5.773409
5934,1,142,20032,13,142,0,1,-1,1,0,-1,7.5493574,5.5374413
5935,16,98,60100,13,98,0,0,-1,1,0,-1,4.1439466,5.1300087
5936,1,49,5936,13,49,0,1,49,1,0,49,5.044987,4.945303
5937,3,142,17812,13,142,0,0,-1,1,0,-1,6.209055,3.554519
5938,1,142,10024,13,142,1,1,-1,2,1,-1,6.542352,6.0498047
5939,6,142,26728,13,142,0,0,-1,1,0,-1,4.0895495,7.18036
5940,1,49,5940,13,49,0,1,49,1,0,49,6.1728535,6.5437894
5941,3,49,17824,13,49,0,0,-1,1,0,-1,3.709912,5.7852
5942,1,49,33856,13,49,0,1,-1,1,0,-1,3.8215861,6.0711374
5943,8,49,40120,13,49,0,0,-1,1,0,-1,4.807078,3.9448218
5944,1,98,14308,13,98,1,1,-1,2,1,-1,4.5571604,5.68347
5945,3,49,20068,13,49,0,0,-1,1,0,-1,5.6898675,6.4464602
5946,1,98,14308,13,98,0,1,-1,1,0,-1,4.0958185,5.390729
5947,11,142,30112,13,142,0,0,-1,1,0,-1,5.9154873,5.3737235
5948,1,98,15064,13,98,0,1,-1,1,0,-1,7.3278623,4.479473
5949,3,98,17848,13,98,0,0,-1,1,0,-1,6.281541,6.061502
5950,1,49,50848,13,49,1,1,-1,2,1,-1,4.9726524,4.642506
5951,19,49,135592,13,49,0,0,-1,1,0,-1,4.507785,3.111716
5952,1,23,5952,13,23,0,1,23,1,0,23,6.245629,4.7160764
5953,3,49,17860,13,49,0,0,-1,1,0,-1,6.492869,3.0668962
5954,1,142,9232,13,142,0,1,142,1,0,142,6.45297,7.0491896
5955,6,142,26800,13,142,0,0,-1,1,0,-1,6.288138,3.5359118
5956,1,49,5956,13,49,1,1,49,2,1,49,4.929148,6.8507285
5957,3,49,17872,13,49,0,0,-1,1,0,-1,6.393379,5.3065205
5958,1,49,13408,13,49,0,1,-1,1,0,-1,6.3777175,5.388336
5959,21,124,50920,13,124,0,0,-1,1,0,-1,6.0354853,5.498146
5960,1,93,8080,13,93,0,1,93,1,0,93,4.6119595,7.254419
5961,3,49,30184,13,49,0,0,-1,1,0,-1,3.4623437,4.544398
5962,1,93,8944,13,93,1,1,93,2,1,93,5.1077914,4.9595323
5963,8,49,26836,13,49,0,0,-1,1,0,-1,6.562429,6.216584
5964,1,93,8080,13,93,0,1,93,1,0,93,4.849168,3.9289737
5965,3,93,17896,13,93,0,0,-1,1,0,-1,6.7989936,3.709458
5966,1,142,22660,13,142,0,1,-1,1,0,-1,5.921716,5.03506
5967,13,142,60424,13,142,0,0,-1,1,0,-1,4.6798816,5.6684
5968,1,23,5968,13,23,1,1,23,2,1,23,5.0845394,3.898843
5969,3,93,17908,13,93,0,0,-1,1,0,-1,7.5288987,5.6750355
5970,1,142,51028,13,142,0,1,-1,1,0,-1,5.2321568,5.024034
5971,6,142,51028,13,142,0,0,-1,1,0,-1,5.975834,3.684293
5972,1,23,5972,13,23,0,1,23,1,0,23,3.212098,5.6518807
5973,3,23,17920,13,23,0,0,-1,1,0,-1,4.5801387,3.4982047
5974,1,49,13444,13,49,1,1,-1,2,1,-1,6.1732945,6.4650607
5975,8,49,40336,13,49,0,0,-1,1,0,-1,4.2117724,6.795748
5976,1,49,5976,13,49,0,1,49,1,0,49,5.0547776,3.4027903
5977,3,49,20176,13,49,0,0,-1,1,0,-1,6.664142,4.39817
5978,1,49,8968,13,49,0,1,49,1,0,49,4.109248,3.4773874
5979,21,54,45412,13,54,0,0,-1,1,0,-1,4.7717357,4.882547
5980,1,49,10096,13,49,1,1,-1,2,1,-1,3.8501084,6.777798
5981,3,49,17944,13,49,0,0,-1,1,0,-1,6.885177,6.326409
5982,1,49,30292,13,49,0,1,-1,1,0,-1,6.3889174,7.1178303
5983,13,49,90880,13,49,0,0,-1,1,0,-1,3.7596195,3.6168306
5984,1,49,5984,13,49,0,1,49,1,0,49,4.781273,6.7867517
5985,3,93,25576,13,93,0,0,-1,1,0,-1,6.1325006,5.2680197
5986,1,49,8980,13,49,1,1,49,2,1,49,5.7150316,4.4372005
5987,6,49,26944,13,49,0,0,-1,1,0,-1,4.970239,6.4850564
5988,1,49,5988,13,49,0,1,49,1,0,49,4.5650597,4.2127995
5989,3,49,17968,13,49,0,0,-1,1,0,-1,3.8622096,6.516306
5990,1,49,13480,13,49,0,1,-1,1,0,-1,3.6053982,6.8590674
5991,42,93,345544,13,93,0,0,-1,1,0,-1,5.4338655,6.960746
5992,1,49,5992,13,49,1,1,49,2,1,49,6.979728,4.53849
5993,3,80,45520,13,80,0,0,-1,1,0,-1,3.638681,5.976325
5994,1,49,8992,13,49,0,1,49,1,0,49,3.750997,3.7949383
5995,8,80,26980,13,80,0,0,-1,1,0,-1,6.2623734,6.5640893
5996,1,49,11392,13,49,0,1,-1,1,0,-1,6.6804023,6.0408235
5997,3,49,17992,13,49,0,0,-1,1,0,-1,5.4232235,3.3027287
5998,1,49,20248,13,49,1,1,-1,2,1,-1,6.0977936,6.584054
5999,29,186,129760,13,186,0,0,-1,1,0,-1,4.647121,3.0732107
6000,1,49,6000,13,49,0,1,49,1,0,49,7.42481,4.951857
6001,3,49,18004,13,49,0,0,-1,1,0,-1,4.422506,3.6451705
6002,1,41,10132,13,41,0,1,-1,1,0,-1,5.9996157,5.322007
6003,6,41,27016,13,41,0,0,-1,1,0,-1,4.7206283,5.2473617
6004,1,49,6004,13,49,1,1,49,2,1,49,6.740012,6.976035
6005,3,49,18016,13,49,0,0,-1,1,0,-1,4.985437,5.7288327
6006,1,41,15208,13,41,0,1,-1,1,0,-1,5.726179,3.8693438
6007,8,41,40552,13,41,0,0,-1,1,0,-1,5.624812,6.8006473
6008,1,142,21688,13,142,0,1,-1,1,0,-1,5.2506585,6.570394
6009,3,93,61720,13,93,0,0,-1,1,0,-1,3.3673959,6.296403
6010,1,142,21688,13,142,1,1,-1,2,1,-1,4.0380077,3.1270041
6011,13,41,30436,13,41,0,0,-1,1,0,-1,3.7490156,3.9975655
6012,1,142,22840,13,142,0,1,-1,1,0,-1,5.5531063,7.239341
6013,3,142,22840,13,142,0,0,-1,1,0,-1,3.8364773,4.7218547
6014,1,155,250504,13,155,0,1,-1,1,0,-1,5.60279,4.6946387
6015,34,155,250504,13,155,0,0,-1,1,0,-1,6.772632,4.559497
6016,1,111,9232,13,111,1,1,111,2,1,111,7.145087,6.209698
6017,3,186,32560,13,186,0,0,-1,1,0,-1,4.7329583,6.5211515
6018,1,41,9028,13,41,0,1,41,1,0,41,3.7012994,4.8678217
6019,6,41,27088,13,41,0,0,-1,1,0,-1,6.107709,3.6367073
6020,1,41,8584,13,41,0,1,41,1,0,41,5.4849114,7.0000925
6021,3,41,18064,13,41,0,0,-1,1,0,-1,7.3756437,5.0529027
6022,1,41,13552,13,41,1,1,-1,2,1,-1,4.449081,3.6720235
6023,11,41,40660,13,41,0,0,-1,1,0,-1,5.362293,4.579522
6024,1,23,6024,13,23,0,1,23,1,0,23,6.464003,3.2473667
6025,3,93,34324,13,93,0,0,-1,1,0,-1,4.850649,4.6370997
6026,1,23,9040,13,23,0,1,23,1,0,23,4.6980314,5.050498
6027,8,186,48904,13,186,0,0,-1,1,0,-1,4.890579,5.081869
6028,1,23,6784,13,23,1,1,23,2,1,23,4.940091,6.1895475
6029,3,23,18088,13,23,0,0,-1,1,0,-1,5.92554,5.9237356
6030,1,93,28996,13,93,0,1,-1,1,0,-1,3.7767637,6.095119
6031,11,93,61072,13,93,0,0,-1,1,0,-1,6.810264,5.455531
6032,1,67,9232,13,67,0,1,67,1,0,67,6.5786242,5.3778343
6033,3,41,18100,13,41,0,0,-1,1,0,-1,3.3217108,6.5159326
6034,1,41,15280,13,41,1,1,-1,2,1,-1,4.580183,6.0011764
6035,6,41,27160,13,41,0,0,-1,1,0,-1,5.5309763,5.676468
6036,1,67,9232,13,67,0,1,67,1,0,67,4.309113,3.8207169
6037,3,67,18112,13,67,0,0,-1,1,0,-1,6.7006073,3.001766
6038,1,67,13588,13,67,0,1,-1,1,0,-1,4.6769476,6.370719
6039,8,67,40768,13,67,0,0,-1,1,0,-1,7.0753894,4.8258786
6040,1,67,9232,13,67,1,1,67,2,1,67,5.9320364,4.625836
6041,3,67,20392,13,67,0,0,-1,1,0,-1,6.073067,3.7908356
6042,1,67,9232,13,67,0,1,67,1,0,67,4.50658,5.239042
6043,16,124,176740,13,124,0,0,-1,1,0,-1,3.3122795,6.551769
6044,1,93,39364,13,93,0,1,-1,1,0,-1,5.860431,4.139948
6045,3,93,39364,13,93,0,0,-1,1,0,-1,5.8968625,6.999332
6046,1,93,39364,13,93,1,1,-1,2,1,-1,3.6280324,4.338132
6047,21,93,103336,13,93,0,0,-1,1,0,-1,4.791985,5.2193832
6048,1,111,9232,13,111,0,1,111,1,0,111,3.3565319,5.7249866
6049,3,67,18148,13,67,0,0,-1,1,0,-1,5.676678,5.2058964
6050,1,67,9232,13,67,0,1,67,1,0,67,5.568009,5.640223
6051,6,67,27232,13,67,0,0,-1,1,0,-1,4.153548,2.975022
6052,1,67,14560,13,67,1,1,-1,2,1,-1,7.0841722,3.5849023
6053,3,67,18160,13,67,0,0,-1,1,0,-1,5.0680766,3.8132422
6054,1,67,14560,13,67,0,1,-1,1,0,-1,4.612523,7.0205007
6055,29,93,118096,13,93,0,0,-1,1,0,-1,3.887777,6.3238893
6056,1,111,9232,13,111,0,1,111,1,0,111,6.380133,3.7572732
6057,3,186,1276936,13,186,0,0,-1,1,0,-1,4.9020634,3.313414
6058,1,111,9232,13,111,1,1,111,2,1,111,5.479481,3.2964172
6059,8,142,32776,13,142,0,0,-1,1,0,-1,7.470075,4.2805047
6060,1,142,65608,13,142,0,1,-1,1,0,-1,4.778569,4.7578716
6061,3,142,65608,13,142,0,0,-1,1,0,-1,6.6595645,3.4945974
6062,1,142,65608,13,142,0,1,-1,1,0,-1,6.532313,4.926525
6063,13,142,61396,13,142,0,0,-1,1,0,-1,6.664534,5.684796
6064,1,62,6064,13,62,1,1,62,2,1,62,4.697,5.2246943
6065,3,23,18196,13,23,0,0,-1,1,0,-1,6.6963873,5.5900393
6066,1,23,10240,13,23,0,1,-1,1,0,-1,3.7739081,4.3298974
6067,6,23,27304,13,23,0,0,-1,1,0,-1,6.0007215,4.45236
6068,1,62,6068,13,62,0,1,62,1,0,62,6.972832,4.9991207
6069,3,62,18208,13,62,0,0,-1,1,0,-1,4.9990215,6.845633
6070,1,155,23056,13,155,1,1,-1,2,1,-1,5.108779,6.2018566
6071,8,155,40984,13,155,0,0,-1,1,0,-1,6.326811,4.318884
6072,1,62,6072,13,62,0,1,62,1,0,62,7.007463,6.630359
6073,3,62,20500,13,62,0,0,-1,1,0,-1,5.1188955,6.1922565
6074,1,62,9112,13,62,0,1,62,1,0,62,4.4254313,6.3193264
6075,11,62,30760,13,62,0,0,-1,1,0,-1,7.4267898,5.0194025
6076,1,155,25972,13,155,1,1,-1,2,1,-1,4.672596,6.7999496
6077,3,155,25972,13,155,0,0,-1,1,0,-1,6.338327,6.6087956
6078,1,155,46168,13,155,0,1,-1,1,0,-1,4.4970703,5.32325
6079,29,67,155824,13,67,0,0,-1,1,0,-1,5.0041275,3.4875896
6080,1,111,9232,13,111,0,1,111,1,0,111,6.204079,6.2650957
6081,3,62,18244,13,62,0,0,-1,1,0,-1,3.4516592,3.76683
6082,1,155,17332,13,155,1,1,-1,2,1,-1,6.183225,3.6427803
6083,6,155,27376,13,155,0,0,-1,1,0,-1,4.885616,3.4580908
6084,1,111,9232,13,111,0,1,111,1,0,111,6.30771,3.0974433
6085,3,111,18256,13,111,0,0,-1,1,0,-1,5.873335,5.4002666
6086,1,111,13696,13,111,0,1,-1,1,0,-1,4.735453,6.009607
6087,13,155,41092,13,155,0,0,-1,1,0,-1,6.4887357,4.5566216
6088,1,36,6088,13,36,1,1,36,2,1,36,4.5445895,5.5929384
6089,3,62,30832,13,62,0,0,-1,1,0,-1,3.6222043,4.641075
6090,1,36,9136,13,36,0,1,36,1,0,36,4.7144027,3.5608525
6091,8,36,27412,13,36,0,0,-1,1,0,-1,5.1827073,6.494722
6092,1,36,6856,13,36,0,1,36,1,0,36,6.985374,5.486599
6093,3,36,18280,13,36,0,0,-1,1,0,-1,6.314768,5.3506966
6094,1,62,34720,13,62,1,1,-1,2,1,-1,5.968648,4.255807
6095,16,62,61720,13,62,0,0,-1,1,0,-1,4.363106,4.7499943
6096,1,111,9232,13,111,0,1,111,1,0,111,4.9149685,7.4180245
6097,3,36,18292,13,36,0,0,-1,1,0,-1,6.0153637,5.2873654
6098,1,124,250504,13,124,0,1,-1,1,0,-1,6.6514506,4.7843127
6099,6,124,250504,13,124,0,0,-1,1,0,-1,3.5389178,4.860377
6100,1,111,9232,13,111,1,1,111,2,1,111,6.186565,2.9950948
6101,3,111,18304,13,111,0,0,-1,1,0,-1,5.5620475,3.7988348
6102,1,155,26080,13,155,0,1,-1,1,0,-1,4.121941,6.951194
6103,8,155,41200,13,155,0,0,-1,1,0,-1,4.453106,3.598479
6104,1,155,9232,13,155,0,1,155,1,0,155,6.0103602,4.673815
6105,3,111,20608,13,111,0,0,-1,1,0,-1,4.865513,7.214464
6106,1,155,9232,13,155,1,1,155,2,1,155,4.2253437,6.6501493
6107,13,155,46384,13,155,0,0,-1,1,0,-1,6.344363,4.5192
6108,1,155,10312,13,155,0,1,-1,1,0,-1,4.05278,3.730576
6109,3,155,18328,13,155,0,0,-1,1,0,-1,5.5498037,6.743103
6110,1,93,223072,13,93,0,1,-1,1,0,-1,4.075231,5.331229
6111,47,93,223072,13,93,0,0,-1,1,0,-1,5.6171308,2.8658905
6112,1,49,6112,13,49,1,1,49,2,1,49,5.96056,5.919994
6113,3,155,39184,13,155,0,0,-1,1,0,-1,3.605871,4.486194
6114,1,111,9232,13,111,0,1,111,1,0,111,7.3895454,4.4807014
6115,6,111,27520,13,111,0,0,-1,1,0,-1,4.128026,7.207894
6116,1,62,6116,13,62,0,1,62,1,0,62,6.574454,7.1484666
6117,3,62,18352,13,62,0,0,-1,1,0,-1,6.566794,6.040703
6118,1,62,13768,13,62,1,1,-1,2,1,-1,6.9055266,5.171729
6119,16,62,69712,13,62,0,0,-1,1,0,-1,4.2837987,6.410442
6120,1,49,6120,13,49,0,1,49,1,0,49,4.583115,4.927648
6121,3,173,8153620,13,173,0,0,-1,1,0,-1,5.4573936,5.240194
6122,1,49,9184,13,49,0,1,49,1,0,49,3.2439985,5.3218145
6123,8,186,55888,13,186,0,0,-1,1,0,-1,6.1721025,3.9525895
6124,1,62,8728,13,62,1,1,62,2,1,62,5.645474,7.169827
6125,3,62,18376,13,62,0,0,-1,1,0,-1,4.954431,6.184026
6126,1,62,20680,13,62,0,1,-1,1,0,-1,5.570627,2.9004688
6127,19,62,104704,13,62,0,0,-1,1,0,-1,4.529249,6.5568886
6128,1,49,13120,13,49,0,1,-1,1,0,-1,3.4066098,3.7057981
6129,3,49,18388,13,49,0,0,-1,1,0,-1,6.85107,4.22155
6130,1,155,44224,13,155,1,1,-1,2,1,-1,6.2560196,3.7906642
6131,6,155,44224,13,155,0,0,-1,1,0,-1,6.0611243,4.424168
6132,1,49,13120,13,49,0,1,-1,1,0,-1,5.688382,5.8029337
6133,3,49,18400,13,49,0,0,-1,1,0,-1,4.597809,5.2679396
6134,1,62,17476,13,62,0,1,-1,1,0,-1,5.5339465,5.3454943
6135,8,62,41416,13,62,0,0,-1,1,0,-1,2.9861383,4.5834265
6136,1,62,39364,13,62,1,1,-1,2,1,-1,4.494019,3.329495
6137,3,124,95956,13,124,0,0,-1,1,0,-1,6.173254,3.7335198
6138,1,62,39364,13,62,0,1,-1,1,0,-1,4.762218,4.1469913
6139,29,124,95956,13,124,0,0,-1,1,0,-1,5.848601,4.8641634
6140,1,62,118096,13,62,0,1,-1,1,0,-1,3.6867285,5.5975747
6141,3,62,118096,13,62,0,0,-1,1,0,-1,4.8543334,7.035684
6142,1,155,1276936,13,155,1,1,-1,2,1,-1,6.785695,3.7687063
6143,81,155,1276936,13,155,0,0,-1,1,0,-1,4.293292,6.853563
6144,1,18,6144,13,18,0,1,18,1,0,18,6.462243,7.11708
6145,3,49,18436,13,49,0,0,-1,1,0,-1,5.7682176,3.029718
6146,1,111,9232,13,111,0,1,111,1,0,111,4.0377645,6.648129
6147,6,111,27664,13,111,0,0,-1,1,0,-1,6.599055,5.972425
6148,1,155,9232,13,155,1,1,155,2,1,155,5.5531015,6.098888
6149,3,155,18448,13,155,0,0,-1,1,0,-1,4.471649,3.2250485
6150,1,155,13840,13,155,0,1,-1,1,0,-1,5.2433314,4.626205
6151,11,111,41524,13,111,0,0,-1,1,0,-1,5.564488,3.2345972
6152,1,36,6152,13,36,0,1,36,1,0,36,7.1795382,5.9140244
6153,3,93,31156,13,93,0,0,-1,1,0,-1,5.694145,5.347211
6154,1,36,9232,13,36,1,1,36,2,1,36,3.7891476,4.2782955
6155,8,155,27700,13,155,0,0,-1,1,0,-1,6.230848,3.9830072
6156,1,36,6928,13,36,0,1,36,1,0,36,4.7395053,5.2958183
6157,3,36,18472,13,36,0,0,-1,1,0,-1,6.9122305,6.4422746
6158,1,155,20788,13,155,0,1,-1,1,0,-1,6.314307,3.0922196
6159,11,155,62368,13,155,0,0,-1,1,0,-1,6.197078,5.72358
6160,1,36,6160,13,36,1,1,36,2,1,36,5.7027664,4.436956
6161,3,36,18484,13,36,0,0,-1,1,0,-1,4.6622066,3.7309313
6162,1,155,15604,13,155,0,1,-1,1,0,-1,6.677422,4.0154047
6163,6,155,27736,13,155,0,0,-1,1,0,-1,3.138133,4.509238
6164,1,36,6164,13,36,0,1,36,1,0,36,4.316881,6.8220286
6165,3,36,18496,13,36,0,0,-1,1,0,-1,6.703225,6.4273963
6166,1,36,13876,13,36,1,1,-1,2,1,-1,5.1584754,3.2567883
6167,8,36,41632,13,36,0,0,-1,1,0,-1,5.1820645,7.442076
6168,1,36,6168,13,36,0,1,36,1,0,36,3.0979145,4.468938
6169,3,111,20824,13,111,0,0,-1,1,0,-1,4.048708,5.589439
6170,1,36,9256,13,36,0,1,36,1,0,36,5.955626,3.0313647
6171,94,261,975400,13,261,0,0,-1,1,0,-1,6.4527507,3.5123417
6172,1,111,10420,13,111,1,1,-1,2,1,-1,7.5982165,4.984725
6173,3,111,18520,13,111,0,0,-1,1,0,-1,6.8409176,7.042115
6174,1,111,31264,13,111,0,1,-1,1,0,-1,7.1411242,5.350597
6175,24,142,93796,13,142,0,0,-1,1,0,-1,3.12607,5.824552
6176,1,124,9232,13,124,0,1,124,1,0,124,5.7825527,3.732615
6177,3,111,18532,13,111,0,0,-1,1,0,-1,3.8723009,3.2114751
6178,1,36,9268,13,36,1,1,36,2,1,36,5.9725833,6.5021887
6179,6,36,27808,13,36,0,0,-1,1,0,-1,7.7899833,5.6953416
6180,1,62,7828,13,62,0,1,62,1,0,62,3.6971633,6.591586
6181,3,62,18544,13,62,0,0,-1,1,0,-1,5.1318884,5.825915
6182,1,62,13912,13,62,0,1,-1,1,0,-1,4.4533257,4.2531524
6183,13,155,46960,13,155,0,0,-1,1,0,-1,7.393837,6.4995637
6184,1,124,9232,13,124,1,1,124,2,1,124,6.3437696,3.145126
6185,3,93,70468,13,93,0,0,-1,1,0,-1,7.2363,5.514735
6186,1,124,9280,13,124,0,1,124,1,0,124,4.915151,6.87589
6187,8,62,27844,13,62,0,0,-1,1,0,-1,5.1459455,4.220159
6188,1,36,6964,13,36,0,1,36,1,0,36,4.2501087,2.902798
6189,3,36,18568,13,36,0,0,-1,1,0,-1,4.9132147,7.2462063
6190,1,36,20896,13,36,1,1,-1,2,1,-1,4.2094245,7.290918
6191,44,168,225988,13,168,0,0,-1,1,0,-1,6.256205,7.2090545
6192,1,124,9232,13,124,0,1,124,1,0,124,7.4878716,5.8007503
6193,3,186,190996,13,186,0,0,-1,1,0,-1,6.854602,3.5070474
6194,1,186,190996,13,186,0,1,-1,1,0,-1,6.434189,4.692291
6195,6,186,190996,13,186,0,0,-1,1,0,-1,4.710773,4.264891
6196,1,124,9232,13,124,1,1,124,2,1,124,6.7268047,4.479619
6197,3,124,18592,13,124,0,0,-1,1,0,-1,5.1807675,5.4259033
6198,1,137,67048,13,137,0,1,-1,1,0,-1,3.8383908,4.397424
6199,8,137,67048,13,137,0,0,-1,1,0,-1,3.2338812,5.184851
6200,1,155,9232,13,155,0,1,155,1,0,155,5.123743,7.5584993
6201,3,36,20932,13,36,0,0,-1,1,0,-1,5.166625,3.7129066
6202,1,155,9304,13,155,1,1,155,2,1,155,4.7326694,4.5890746
6203,11,93,31408,13,93,0,0,-1,1,0,-1,4.368516,4.038656
6204,1,155,15712,13,155,0,1,-1,1,0,-1,4.848816,4.223945
6205,3,155,18616,13,155,0,0,-1,1,0,-1,5.701863,6.0578823
6206,1,93,59668,13,93,0,1,-1,1,0,-1,6.7316246,5.5080233
6207,26,93,141424,13,93,0,0,-1,1,0,-1,5.8608556,4.8134756
6208,1,124,9232,13,124,1,1,124,2,1,124,6.144449,6.6029234
6209,3,155,18628,13,155,0,0,-1,1,0,-1,6.4783287,6.0804415
6210,1,155,9316,13,155,0,1,155,1,0,155,3.5452216,5.494885
6211,6,155,27952,13,155,0,0,-1,1,0,-1,4.191823,4.456618
6212,1,124,9232,13,124,0,1,124,1,0,124,6.944967,3.7871635
6213,3,124,18640,13,124,0,0,-1,1,0,-1,6.080405,5.652191
6214,1,124,13984,13,124,1,1,-1,2,1,-1,5.951217,5.018767
6215,21,62,41956,13,62,0,0,-1,1,0,-1,5.893829,2.9750137
6216,1,36,6216,13,36,0,1,36,1,0,36,3.2213805,5.510747
6217,3,111,59776,13,111,0,0,-1,1,0,-1,4.4183187,6.7691994
6218,1,36,9328,13,36,0,1,36,1,0,36,3.198291,4.4926305
6219,8,124,27988,13,124,0,0,-1,1,0,-1,3.7535985,6.436599
6220,1,36,7000,13,36,1,1,36,2,1,36,6.3305087,5.9390316
6221,3,36,18664,13,36,0,0,-1,1,0,-1,3.9043157,4.5564213
6222,1,36,23632,13,36,0,1,-1,1,0,-1,4.4356065,5.2353554
6223,13,36,63016,13,36,0,0,-1,1,0,-1,6.502375,3.6574128
6224,1,124,9232,13,124,0,1,124,1,0,124,7.3099804,6.6376376
6225,3,36,18676,13,36,0,0,-1,1,0,-1,5.114711,3.6574533
6226,1,93,95956,13,93,1,1,-1,2,1,-1,5.048938,5.3409057
6227,6,93,95956,13,93,0,0,-1,1,0,-1,6.2346044,4.2317495
6228,1,124,9232,13,124,0,1,124,1,0,124,6.2139044,2.7946568
6229,3,124,18688,13,124,0,0,-1,1,0,-1,4.5760837,3.6728492
6230,1,62,14020,13,62,0,1,-1,1,0,-1,5.6255136,3.6789515
6231,8,62,42064,13,62,0,0,-1,1,0,-1,4.8754044,5.7790656
6232,1,62,6232,13,62,1,1,62,2,1,62,4.494901,5.809427
6233,3,62,21040,13,62,0,0,-1,1,0,-1,4.9119463,3.8707128
6234,1,62,9352,13,62,0,1,62,1,0,62,3.3176234,4.1721816
6235,32,186,269728,13,186,0,0,-1,1,0,-1,6.696211,5.717725
6236,1,62,10528,13,62,0,1,-1,1,0,-1,4.269264,5.327106
6237,3,62,18712,13,62,0,0,-1,1,0,-1,6.833618,4.5781736
6238,1,49,31588,13,49,1,1,-1,2,1,-1,5.6380777,7.3160586
6239,13,49,94768,13,49,0,0,-1,1,0,-1,3.6266603,4.918383
6240,1,124,9232,13,124,0,1,124,1,0,124,5.977191,4.5762215
6241,3,49,23704,13,49,0,0,-1,1,0,-1,6.7625065,4.1378655
6242,1,62,9364,13,62,0,1,62,1,0,62,5.153848,4.529986
6243,6,62,28096,13,62,0,0,-1,1,0,-1,4.050405,3.2697737
6244,1,62,6244,13,62,1,1,62,2,1,62,4.6477394,3.081547
6245,3,62,18736,13,62,0,0,-1,1,0,-1,5.0580745,5.46757
6246,1,62,14056,13,62,0,1,-1,1,0,-1,3.7308915,6.7740226
6247,26,186,144340,13,186,0,0,-1,1,0,-1,4.238663,4.4268527
6248,1,124,9232,13,124,0,1,124,1,0,124,4.712094,6.537194
6249,3,155,47464,13,155,0,0,-1,1,0,-1,6.2872047,3.9012024
6250,1,124,9376,13,124,1,1,124,2,1,124,4.967751,5.8876014
6251,8,111,60100,13,111,0,0,-1,1,0,-1,3.555225,3.789857
6252,1,155,26728,13,155,0,1,-1,1,0,-1,3.9108212,3.6052449
6253,3,155,26728,13,155,0,0,-1,1,0,-1,4.621946,6.908138
6254,1,155,26728,13,155,0,1,-1,1,0,-1,4.744035,3.6583495
6255,24,111,120256,13,111,0,0,-1,1,0,-1,6.03693,5.6619987
6256,1,124,9232,13,124,1,1,124,2,1,124,4.6924415,5.6237054
6257,3,124,18772,13,124,0,0,-1,1,0,-1,7.532523,5.978614
6258,1,111,14308,13,111,0,1,-1,1,0,-1,4.560058,6.6591573
6259,6,111,28168,13,111,0,0,-1,1,0,-1,5.4395533,4.726299
6260,1,124,9232,13,124,0,1,124,1,0,124,6.6019926,4.8795695
6261,3,124,18784,13,124,0,0,-1,1,0,-1,5.2387433,3.8618817
6262,1,111,15856,13,111,1,1,-1,2,1,-1,7.0564237,5.5845027
6263,8,111,42280,13,111,0,0,-1,1,0,-1,5.6703057,7.298383
6264,1,124,9232,13,124,0,1,124,1,0,124,7.033032,5.9345365
6265,3,85,67768,13,85,0,0,-1,1,0,-1,4.334339,3.9578123
6266,1,124,9400,13,124,0,1,124,1,0,124,5.67809,5.528324
6267,13,62,50848,13,62,0,0,-1,1,0,-1,4.9475904,4.350104
6268,1,62,23812,13,62,1,1,-1,2,1,-1,6.297891,5.116921
6269,3,62,23812,13,62,0,0,-1,1,0,-1,5.49984,6.8927402
6270,1,62,71440,13,62,0,1,-1,1,0,-1,7.0009146,5.2037773
6271,39,111,214324,13,111,0,0,-1,1,0,-1,4.0460405,3.953317
6272,1,31,6272,13,31,0,1,31,1,0,31,4.9842606,6.112152
6273,3,62,18820,13,62,0,0,-1,1,0,-1,6.010948,3.8298464
6274,1,36,9412,13,36,1,1,36,2,1,36,6.23916,4.071768
6275,6,36,28240,13,36,0,0,-1,1,0,-1,5.177124,3.840095
6276,1,36,6276,13,36,0,1,36,1,0,36,5.090108,4.990705
6277,3,36,18832,13,36,0,0,-1,1,0,-1,5.9277625,6.453852
6278,1,36,14128,13,36,0,1,-1,1,0,-1,4.0102406,6.2625585
6279,11,106,42388,13,106,0,0,-1,1,0,-1,6.2817464,7.132943
6280,1,124,9232,13,124,1,1,124,2,1,124,5.603643,5.256365
6281,3,62,80512,13,62,0,0,-1,1,0,-1,3.8319073,5.751811
6282,1,124,9424,13,124,0,1,124,1,0,124,5.588699,7.0505986
6283,8,155,28276,13,155,0,0,-1,1,0,-1,4.384179,6.7181506
6284,1,124,9232,13,124,0,1,124,1,0,124,6.447825,3.4800768
6285,3,124,18856,13,124,0,0,-1,1,0,-1,4.683091,4.199419
6286,1,106,21220,13,106,1,1,-1,2,1,-1,5.9410987,5.305001
6287,11,106,63664,13,106,0,0,-1,1,0,-1,7.0430303,5.296379
6288,1,62,6288,13,62,0,1,62,1,0,62,5.932626,4.198119
6289,3,62,18868,13,62,0,0,-1,1,0,-1,6.3388343,7.2530317
6290,1,62,15928,13,62,0,1,-1,1,0,-1,6.4667535,6.8723044
6291,6,62,28312,13,62,0,0,-1,1,0,-1,4.83542,3.2241757
6292,1,62,6292,13,62,1,1,62,2,1,62,6.435003,4.382022
6293,3,62,18880,13,62,0,0,-1,1,0,-1,4.4421587,3.5973027
6294,1,124,14164,13,124,0,1,-1,1,0,-1,6.5751595,4.9780526
6295,8,124,42496,13,124,0,0,-1,1,0,-1,5.6320534,4.968227
6296,1,62,6296,13,62,0,1,62,1,0,62,6.0001674,3.444018
6297,3,62,21256,13,62,0,0,-1,1,0,-1,7.2202554,5.6606183
6298,1,62,9448,13,62,1,1,62,2,1,62,6.2269163,3.4476483
6299,19,62,71764,13,62,0,0,-1,1,0,-1,4.8950987,4.810223
6300,1,62,11968,13,62,0,1,-1,1,0,-1,6.5729055,5.887541
6301,3,62,18904,13,62,0,0,-1,1,0,-1,5.333075,4.722344
6302,1,62,31912,13,62,0,1,-1,1,0,-1,3.4017997,4.459026
6303,39,155,817936,13,155,0,0,-1,1,0,-1,6.43359,4.4614606
6304,1,31,6304,13,31,1,1,31,2,1,31,5.6258516,3.3469665
6305,3,62,26944,13,62,0,0,-1,1,0,-1,3.180162,6.132429
6306,1,62,9460,13,62,0,1,62,1,0,62,7.567478,6.048692
6307,6,62,28384,13,62,0,0,-1,1,0,-1,7.48868,3.8469453
6308,1,93,45520,13,93,0,1,-1,1,0,-1,4.14487,5.960011
6309,3,93,45520,13,93,0,0,-1,1,0,-1,3.3174486,4.343205
6310,1,93,45520,13,93,1,1,-1,2,1,-1,6.8737645,6.2691383
6311,55,106,345544,13,106,0,0,-1,1,0,-1,6.6554193,6.070532
6312,1,31,6312,13,31,0,1,31,1,0,31,4.269089,5.0559125
6313,3,155,182068,13,155,0,0,-1,1,0,-1,7.187711,6.550707
6314,1,31,9472,13,31,0,1,31,1,0,31,3.705878,3.4236388
6315,8,62,28420,13,62,0,0,-1,1,0,-1,7.8173714,4.5197325
6316,1,124,9232,13,124,1,1,124,2,1,124,5.6603045,4.504241
6317,3,124,18952,13,124,0,0,-1,1,0,-1,4.7608485,4.209043
6318,1,124,21328,13,124,0,1,-1,1,0,-1,6.726576,5.0093455
6319,13,199,129760,13,199,0,0,-1,1,0,-1,7.389258,5.9122
6320,1,80,9232,13,80,0,1,80,1,0,80,6.2771645,5.594629
6321,3,155,21688,13,155,0,0,-1,1,0,-1,4.4131618,5.053794
6322,1,155,21688,13,155,1,1,-1,2,1,-1,4.36099,4.95572
6323,6,155,28456,13,155,0,0,-1,1,0,-1,5.7125607,7.303179
6324,1,80,9232,13,80,0,1,80,1,0,80,4.604522,3.9457314
6325,3,80,18976,13,80,0,0,-1,1,0,-1,4.2402453,5.347133
6326,1,54,40552,13,54,0,1,-1,1,0,-1,4.255111,6.095124
6327,8,54,42712,13,54,0,0,-1,1,0,-1,3.691158,5.4926705
6328,1,80,9232,13,80,1,1,80,2,1,80,4.9405704,5.0994925
6329,3,155,21688,13,155,0,0,-1,1,0,-1,4.0263762,6.2130947
6330,1,80,9496,13,80,0,1,80,1,0,80,5.795121,7.0122995
6331,11,54,32056,13,54,0,0,-1,1,0,-1,5.0577183,3.1665037
6332,1,168,250504,13,168,0,1,-1,1,0,-1,4.6384087,6.2376275
6333,3,168,250504,13,168,0,0,-1,1,0,-1,5.101451,5.522781
6334,1,168,250504,13,168,1,1,-1,2,1,-1,6.911804,5.3004994
6335,19,155,144340,13,155,0,0,-1,1,0,-1,6.582192,4.6309013
6336,1,31,6336,13,31,0,1,31,1,0,31,5.7189617,3.4085348
6337,3,54,19012,13,54,0,0,-1,1,0,-1,4.95848,4.532301
6338,1,54,12040,13,54,0,1,-1,1,0,-1,5.2502513,4.6096025
6339,6,54,28528,13,54,0,0,-1,1,0,-1,4.9934144,3.9431713
6340,1,80,9232,13,80,1,1,80,2,1,80,5.5976834,7.06374
6341,3,80,19024,13,80,0,0,-1,1,0,-1,3.9561207,5.0468435
6342,1,80,14272,13,80,0,1,-1,1,0,-1,5.9859624,3.1142824
6343,13,54,42820,13,54,0,0,-1,1,0,-1,4.8899093,6.865426
6344,1,80,9232,13,80,0,1,80,1,0,80,5.4354644,2.824248
6345,3,80,32128,13,80,0,0,-1,1,0,-1,5.8937435,3.6295705
6346,1,80,9520,13,80,1,1,80,2,1,80,6.9726233,5.621866
6347,8,36,28564,13,36,0,0,-1,1,0,-1,6.41141,7.2626667
6348,1,80,9232,13,80,0,1,80,1,0,80,6.0032983,3.5488985
6349,3,80,19048,13,80,0,0,-1,1,0,-1,5.795672,6.973841
6350,1,199,695464,13,199,0,1,-1,1,0,-1,5.368798,4.7971206
6351,42,199,695464,13,199,0,0,-1,1,0,-1,6.097362,3.8095915
6352,1,31,6352,13,31,1,1,31,2,1,31,4.618979,6.5562882
6353,3,54,19060,13,54,0,0,-1,1,0,-1,5.561039,4.975782
6354,1,54,24136,13,54,0,1,-1,1,0,-1,5.3719635,6.096274
6355,6,54,28600,13,54,0,0,-1,1,0,-1,6.004704,4.2594724
6356,1,31,6356,13,31,0,1,31,1,0,31,7.2577825,6.263424
6357,3,31,19072,13,31,0,0,-1,1,0,-1,3.623292,4.4344716
6358,1,80,14308,13,80,1,1,-1,2,1,-1,4.474549,6.486044
6359,8,80,42928,13,80,0,0,-1,1,0,-1,4.5780563,4.673903
6360,1,106,39364,13,106,0,1,-1,1,0,-1,4.6155705,3.6886868
6361,3,106,39364,13,106,0,0,-1,1,0,-1,5.291497,6.069642
6362,1,106,39364,13,106,0,1,-1,1,0,-1,4.2505608,7.178803
6363,13,80,48328,13,80,0,0,-1,1,0,-1,4.6254134,6.6243258
6364,1,106,39364,13,106,1,1,-1,2,1,-1,5.6643977,3.5920403
6365,3,106,39364,13,106,0,0,-1,1,0,-1,4.1350546,5.0465026
6366,1,62,40804,13,62,0,1,-1,1,0,-1,6.902911,5.835
6367,29,62,96712,13,62,0,0,-1,1,0,-1,4.60732,4.80289
6368,1,124,9232,13,124,0,1,124,1,0,124,5.6922164,6.143991
6369,3,106,275560,13,106,0,0,-1,1,0,-1,6.3477798,4.1803045
6370,1,31,9556,13,31,1,1,31,2,1,31,6.0557394,7.0292187
6371,6,31,28672,13,31,0,0,-1,1,0,-1,3.8429205,4.441607
6372,1,124,9232,13,124,0,1,124,1,0,124,4.6646376,3.2748473
6373,3,124,19120,13,124,0,0,-1,1,0,-1,5.5271397,7.3108706
6374,1,124,14344,13,124,0,1,-1,1,0,-1,6.733342,6.4008765
6375,21,199,1276936,13,199,0,0,-1,1,0,-1,5.2375083,7.5508823
6376,1,124,9232,13,124,1,1,124,2,1,124,5.646182,4.664222
6377,3,80,48436,13,80,0,0,-1,1,0,-1,5.724872,4.916389
6378,1,124,9568,13,124,0,1,124,1,0,124,5.3169994,2.9014685
6379,8,80,36340,13,80,0,0,-1,1,0,-1,6.416045,3.197348
6380,1,75,8080,13,75,0,1,75,1,0,75,5.749957,3.9694889
6381,3,75,19144,13,75,0,0,-1,1,0,-1,6.738476,6.2944894
6382,1,75,21544,13,75,1,1,-1,2,1,-1,6.2342606,7.204726
6383,112,199,6810136,13,199,0,0,-1,1,0,-1,6.1430345,5.0913134
6384,1,124,9232,13,124,0,1,124,1,0,124,3.4917395,3.825776
6385,3,124,19156,13,124,0,0,-1,1,0,-1,4.7320805,7.2909365
6386,1,36,18196,13,36,0,1,-1,1,0,-1,4.4866624,5.9203405
6387,6,36,28744,13,36,0,0,-1,1,0,-1,7.7063556,5.391992
6388,1,124,9232,13,124,1,1,124,2,1,124,4.849934,3.1921835
6389,3,124,19168,13,124,0,0,-1,1,0,-1,6.3067513,5.813557
6390,1,75,16180,13,75,0,1,-1,1,0,-1,5.468048,6.3749046
6391,8,75,43144,13,75,0,0,-1,1,0,-1,6.304836,4.299331
6392,1,75,12148,13,75,0,1,-1,1,0,-1,4.7216687,7.1924467
6393,3,168,24280,13,168,0,0,-1,1,0,-1,4.415867,6.9614515
6394,1,75,12148,13,75,1,1,-1,2,1,-1,6.0001297,3.8830817
6395,86,124,599056,13,124,0,0,-1,1,0,-1,7.6815352,6.0145116
6396,1,75,36448,13,75,0,1,-1,1,0,-1,5.602767,6.5301723
6397,3,75,36448,13,75,0,0,-1,1,0,-1,4.5192885,4.3949947
6398,1,168,138400,13,168,0,1,-1,1,0,-1,4.55132,5.883514
6399,29,168,328048,13,168,0,0,-1,1,0,-1,5.422354,3.9854133
6400,1,31,6400,13,31,1,1,31,2,1,31,5.5003223,5.227795
6401,3,124,19204,13,124,0,0,-1,1,0,-1,5.87088,4.3074427
6402,1,168,17332,13,168,0,1,-1,1,0,-1,4.4582286,5.6013927
6403,6,168,28816,13,168,0,0,-1,1,0,-1,5.700678,4.554472
6404,1,62,6404,13,62,0,1,62,1,0,62,5.6681566,3.5691972
6405,3,62,19216,13,62,0,0,-1,1,0,-1,4.1254683,6.065638
6406,1,62,14416,13,62,1,1,-1,2,1,-1,3.892634,4.980852
6407,11,168,43252,13,168,0,0,-1,1,0,-1,7.0813046,5.8225737
6408,1,62,6408,13,62,0,1,62,1,0,62,4.6822643,6.353972
6409,3,124,32452,13,124,0,0,-1,1,0,-1,6.6916747,4.0109777
6410,1,62,9616,13,62,0,1,62,1,0,62,3.591841,4.287408
6411,8,49,28852,13,49,0,0,-1,1,0,-1,5.960869,6.9688644
6412,1,62,7216,13,62,1,1,62,2,1,62,5.787672,3.1089857
6413,3,62,19240,13,62,0,0,-1,1,0,-1,5.0186934,3.1902328
6414,1,49,21652,13,49,0,1,-1,1,0,-1,6.8232207,6.717462
6415,11,49,64960,13,49,0,0,-1,1,0,-1,7.005636,2.9956546
6416,1,23,6416,13,23,0,1,23,1,0,23,5.5463457,4.967702
6417,3,62,19252,13,62,0,0,-1,1,0,-1,5.329323,3.0634162
6418,1,75,61720,13,75,1,1,-1,2,1,-1,6.051647,4.109351
6419,6,75,61720,13,75,0,0,-1,1,0,-1,6.3510814,5.514626
6420,1,23,6420,13,23,0,1,23,1,0,23,5.845321,3.854188
6421,3,23,19264,13,23,0,0,-1,1,0,-1,4.251723,6.423683
6422,1,124,14452,13,124,0,1,-1,1,0,-1,4.1027393,5.0359488
6423,8,124,43360,13,124,0,0,-1,1,0,-1,5.7059307,3.75216
6424,1,23,6424,13,23,1,1,23,2,1,23,5.9549484,3.8139415
6425,3,124,21688,13,124,0,0,-1,1,0,-1,5.2213764,3.4584055
6426,1,23,9640,13,23,0,1,23,1,0,23,5.583501,7.362294
6427,34,75,164752,13,75,0,0,-1,1,0,-1,4.9271336,4.391363
6428,1,168,10852,13,168,0,1,-1,1,0,-1,4.86742,6.363884
6429,3,168,19288,13,168,0,0,-1,1,0,-1,5.1962714,5.8403935
6430,1,168,32560,13,168,1,1,-1,2,1,-1,5.7862806,3.1931171
6431,16,124,97684,13,124,0,0,-1,1,0,-1,5.5266833,3.5550675
6432,1,23,6432,13,23,0,1,23,1,0,23,6.708284,5.4611278
6433,3,62,19300,13,62,0,0,-1,1,0,-1,4.1146154,6.139308
6434,1,75,9652,13,75,0,1,75,1,0,75,4.6753683,4.1596184
6435,6,75,28960,13,75,0,0,-1,1,0,-1,5.618532,4.3412914
6436,1,75,8152,13,75,1,1,75,2,1,75,4.2130623,6.192208
6437,3,75,19312,13,75,0,0,-1,1,0,-1,7.0345883,3.4601033
6438,1,75,14488,13,75,0,1,-1,1,0,-1,6.6153426,6.709547
6439,13,168,48904,13,168,0,0,-1,1,0,-1,6.451748,4.479463
6440,1,23,6440,13,23,0,1,23,1,0,23,5.0747623,6.6834793
6441,3,124,73384,13,124,0,0,-1,1,0,-1,7.215576,4.1611705
6442,1,23,9664,13,23,1,1,23,2,1,23,5.5011325,5.857169
6443,8,75,28996,13,75,0,0,-1,1,0,-1,5.4266605,5.126057
6444,1,23,7252,13,23,0,1,23,1,0,23,4.804274,3.515416
6445,3,23,19336,13,23,0,0,-1,1,0,-1,5.728776,6.018705
6446,1,23,21760,13,23,0,1,-1,1,0,-1,5.3400145,5.5192394
6447,19,75,65284,13,75,0,0,-1,1,0,-1,5.327005,4.434298
6448,1,23,6448,13,23,1,1,23,2,1,23,3.4915338,6.3394113
6449,3,62,19348,13,62,0,0,-1,1,0,-1,4.656078,3.4191046
6450,1,62,13120,13,62,0,1,-1,1,0,-1,7.837313,5.534248
6451,6,62,29032,13,62,0,0,-1,1,0,-1,4.856982,3.4802513
6452,1,23,6452,13,23,0,1,23,1,0,23,6.2621627,4.3895645
6453,3,23,19360,13,23,0,0,-1,1,0,-1,4.05877,4.115599
6454,1,106,176740,13,106,1,1,-1,2,1,-1,5.301727,5.1797905
6455,8,106,176740,13,106,0,0,-1,1,0,-1,7.2045035,3.9007678
6456,1,75,39364,13,75,0,1,-1,1,0,-1,6.43748,6.569529
6457,3,168,44224,13,168,0,0,-1,1,0,-1,5.836945,6.8263416
6458,1,75,39364,13,75,0,1,-1,1,0,-1,6.8084636,4.0499134
6459,11,75,39364,13,75,0,0,-1,1,0,-1,4.024349,6.651196
6460,1,75,39364,13,75,1,1,-1,2,1,-1,3.8980317,4.012436
6461,3,75,39364,13,75,0,0,-1,1,0,-1,5.9245267,5.61275
6462,1,168,209680,13,168,0,1,-1,1,0,-1,4.703656,4.9223647
6463,37,168,209680,13,168,0,0,-1,1,0,-1,6.8210287,4.18304
6464,1,31,6464,13,31,0,1,31,1,0,31,5.007952,3.9870462
6465,3,23,19396,13,23,0,0,-1,1,0,-1,4.689075,6.1253824
6466,1,168,1276936,13,168,1,1,-1,2,1,-1,6.1527596,5.755585
6467,6,168,1276936,13,168,0,0,-1,1,0,-1,4.4708357,3.607614
6468,1,49,6468,13,49,0,1,49,1,0,49,4.279874,3.9768996
6469,3,49,19408,13,49,0,0,-1,1,0,-1,6.6622224,5.9638476
6470,1,49,14560,13,49,0,1,-1,1,0,-1,6.758211,5.8362694
6471,81,168,6810136,13,168,0,0,-1,1,0,-1,5.138393,4.8332634
6472,1,49,9232,13,49,1,1,49,2,1,49,4.528305,4.5544724
6473,3,124,32776,13,124,0,0,-1,1,0,-1,6.2643056,4.521847
6474,1,49,9712,13,49,0,1,49,1,0,49,3.2415597,5.8584895
6475,8,49,29140,13,49,0,0,-1,1,0,-1,6.8540215,3.817172
6476,1,49,9232,13,49,0,1,49,1,0,49,5.9982038,6.0594177
6477,3,49,19432,13,49,0,0,-1,1,0,-1,7.1900277,5.6441407
6478,1,124,41524,13,124,1,1,-1,2,1,-1,4.6507664,6.692
6479,13,124,65608,13,124,0,0,-1,1,0,-1,6.3819313,4.943196
6480,1,31,6480,13,31,0,1,31,1,0,31,3.6824965,5.7682495
6481,3,168,27700,13,168,0,0,-1,1,0,-1,4.233393,6.710874
6482,1,168,83104,13,168,0,1,-1,1,0,-1,6.7308035,5.3212566
6483,6,168,83104,13,168,0,0,-1,1,0,-1,4.9232826,7.0717497
6484,1,31,6484,13,31,1,1,31,2,1,31,5.118754,4.675105
6485,3,31,19456,13,31,0,0,-1,1,0,-1,3.6715617,4.0363045
6486,1,49,14596,13,49,0,1,-1,1,0,-1,7.1357636,5.825074
6487,8,49,43792,13,49,0,0,-1,1,0,-1,6.2679825,5.1794405
6488,1,137,9232,13,137,0,1,137,1,0,137,5.0134134,3.573266
6489,3,49,21904,13,49,0,0,-1,1,0,-1,6.387832,6.121138
6490,1,137,9736,13,137,1,1,137,2,1,137,4.597063,6.973049
6491,16,168,49300,13,168,0,0,-1,1,0,-1,5.8969646,6.628867
6492,1,137,10960,13,137,0,1,-1,1,0,-1,5.4598536,3.829009
6493,3,137,19480,13,137,0,0,-1,1,0,-1,3.690873,4.577879
6494,1,49,32884,13,49,0,1,-1,1,0,-1,4.5774975,5.2194047
6495,13,49,98656,13,49,0,0,-1,1,0,-1,6.4145665,5.5100875
6496,1,44,6496,13,44,1,1,44,2,1,44,6.1630487,5.865988
6497,3,124,24676,13,124,0,0,-1,1,0,-1,5.133411,6.0116186
6498,1,137,9748,13,137,0,1,137,1,0,137,7.123759,6.4325
6499,6,137,29248,13,137,0,0,-1,1,0,-1,6.1397448,3.8723774
6500,1,137,9232,13,137,0,1,137,1,0,137,7.4182696,3.7249453
6501,3,137,19504,13,137,0,0,-1,1,0,-1,7.482319,4.73555
6502,1,137,14632,13,137,1,1,-1,2,1,-1,6.7807007,4.695422
6503,24,62,166696,13,62,0,0,-1,1,0,-1,7.607759,5.5267873
6504,1,44,6504,13,44,0,1,44,1,0,44,4.1988215,5.1501265
6505,3,137,49408,13,137,0,0,-1,1,0,-1,6.5302343,4.5739255
6506,1,44,9760,13,44,0,1,44,1,0,44,3.3307984,3.8654928
6507,8,49,29284,13,49,0,0,-1,1,0,-1,6.462347,4.4943337
6508,1,75,13912,13,75,1,1,-1,2,1,-1,4.6016064,4.642488
6509,3,75,19528,13,75,0,0,-1,1,0,-1,5.2570105,7.2878084
6510,1,75,21976,13,75,0,1,-1,1,0,-1,3.959791,5.7689705
6511,16,75,74176,13,75,0,0,-1,1,0,-1,7.6933246,5.582279
6512,1,44,6512,13,44,0,1,44,1,0,44,7.574913,4.1017456
6513,3,44,19540,13,44,0,0,-1,1,0,-1,6.27819,5.513591
6514,1,49,10996,13,49,1,1,-1,2,1,-1,5.7293777,5.777626
6515,6,49,29320,13,49,0,0,-1,1,0,-1,6.530062,4.2577662
6516,1,44,6516,13,44,0,1,44,1,0,44,3.265873,5.40047
6517,3,44,19552,13,44,0,0,-1,1,0,-1,3.248984,5.2883167
6518,1,49,20896,13,49,0,1,-1,1,0,-1,6.4135113,5.067816
6519,8,49,44008,13,49,0,0,-1,1,0,-1,5.832421,4.8733587
6520,1,137,9232,13,137,1,1,137,2,1,137,5.024126,4.591575
6521,3,181,225988,13,181,0,0,-1,1,0,-1,6.87977,3.9233077
6522,1,137,9784,13,137,0,1,137,1,0,137,4.3605843,2.8664184
6523,13,199,190996,13,199,0,0,-1,1,0,-1,4.4797883,3.5109391
6524,1,137,24784,13,137,0,1,-1,1,0,-1,6.8530045,5.8259625
6525,3,137,24784,13,137,0,0,-1,1,0,-1,6.414101,4.438159
6526,1,75,74356,13,75,1,1,-1,2,1,-1,5.641924,4.8286934
6527,29,75,223072,13,75,0,0,-1,1,0,-1,6.4365206,6.9180713
6528,1,31,6528,13,31,0,1,31,1,0,31,3.793917,4.499013
6529,3,168,19588,13,168,0,0,-1,1,0,-1,5.112316,6.7754264
6530,1,137,9796,13,137,0,1,137,1,0,137,4.1091175,6.644969
6531,6,137,29392,13,137,0,0,-1,1,0,-1,4.73718,3.966103
6532,1,137,9232,13,137,1,1,137,2,1,137,3.9038928,5.1077185
6533,3,137,19600,13,137,0,0,-1,1,0,-1,4.3685684,3.1018627
6534,1,137,14704,13,137,0,1,-1,1,0,-1,5.423321,5.629789
6535,11,137,44116,13,137,0,0,-1,1,0,-1,7.1779265,4.8327427
6536,1,44,6536,13,44,0,1,44,1,0,44,3.6366045,5.399061
6537,3,106,59668,13,106,0,0,-1,1,0,-1,6.224963,5.323792
6538,1,44,9808,13,44,1,1,44,2,1,44,6.450513,7.18044
6539,8,168,29428,13,168,0,0,-1,1,0,-1,6.925112,6.2837048
6540,1,44,7360,13,44,0,1,44,1,0,44,7.21329,6.8110075
6541,3,44,19624,13,44,0,0,-1,1,0,-1,5.382302,7.4135575
6542,1,137,22084,13,137,0,1,-1,1,0,-1,3.5242507,4.547218
6543,11,137,66256,13,137,0,0,-1,1,0,-1,5.5570254,5.642317
6544,1,44,6544,13,44,1,1,44,2,1,44,6.0354223,5.3190136
6545,3,137,19636,13,137,0,0,-1,1,0,-1,7.6675377,4.6920223
6546,1,137,16576,13,137,0,1,-1,1,0,-1,5.838344,5.9851313
6547,6,137,29464,13,137,0,0,-1,1,0,-1,5.0898495,3.8375816
6548,1,44,6548,13,44,0,1,44,1,0,44,3.006231,4.7655272
6549,3,44,19648,13,44,0,0,-1,1,0,-1,5.4417005,6.608515
6550,1,137,14740,13,137,1,1,-1,2,1,-1,4.516984,5.1346383
6551,8,137,44224,13,137,0,0,-1,1,0,-1,5.0711017,4.1464767
6552,1,44,6552,13,44,0,1,44,1,0,44,4.1778803,5.6873055
6553,3,137,22120,13,137,0,0,-1,1,0,-1,6.476052,3.1187515
6554,1,44,9832,13,44,0,1,44,1,0,44,4.959616,6.474635
6555,26,49,74680,13,49,0,0,-1,1,0,-1,5.9175973,4.3453784
6556,1,106,95956,13,106,1,1,-1,2,1,-1,5.0198765,3.0685499
6557,3,106,95956,13,106,0,0,-1,1,0,-1,3.472257,6.146139
6558,1,106,95956,13,106,0,1,-1,1,0,-1,4.3477745,5.8186917
6559,21,49,112084,13,49,0,0,-1,1,0,-1,4.009338,3.4819467
6560,1,31,6560,13,31,0,1,31,1,0,31,5.4383283,3.5147254
6561,3,75,19684,13,75,0,0,-1,1,0,-1,5.3603754,4.087967
6562,1,75,10528,13,75,1,1,-1,2,1,-1,6.531843,5.867134
6563,6,75,29536,13,75,0,0,-1,1,0,-1,6.363848,6.662583
6564,1,75,12472,13,75,0,1,-1,1,0,-1,6.556868,5.963847
6565,3,75,19696,13,75,0,0,-1,1,0,-1,3.305757,4.2594104
6566,1,75,14776,13,75,0,1,-1,1,0,-1,6.0360527,4.528566
6567,16,75,49876,13,75,0,0,-1,1,0,-1,4.4843025,5.609842
6568,1,31,6568,13,31,1,1,31,2,1,31,5.4024057,6.8082104
6569,3,212,250504,13,212,0,0,-1,1,0,-1,4.090444,5.235513
6570,1,31,9856,13,31,0,1,31,1,0,31,4.5292377,7.2307234
6571,8,62,94768,13,62,0,0,-1,1,0,-1,3.6631994,5.65932
6572,1,75,7396,13,75,0,1,75,1,0,75,5.880805,4.370543
6573,3,75,19720,13,75,0,0,-1,1,0,-1,4.671979,7.2990227
6574,1,75,22192,13,75,1,1,-1,2,1,-1,5.003194,7.3586154
6575,13,75,66580,13,75,0,0,-1,1,0,-1,4.7558713,5.714772
6576,1,137,9232,13,137,0,1,137,1,0,137,3.7207046,4.630972
6577,3,137,19732,13,137,0,0,-1,1,0,-1,4.7058578,7.5674157
6578,1,137,11104,13,137,0,1,-1,1,0,-1,5.302042,4.326482
6579,6,137,29608,13,137,0,0,-1,1,0,-1,6.349035,7.0559
6580,1,137,9232,13,137,1,1,137,2,1,137,6.9954367,6.276178
6581,3,137,19744,13,137,0,0,-1,1,0,-1,4.519607,5.9937205
6582,1,137,25000,13,137,0,1,-1,1,0,-1,6.935278,3.7804606
6583,8,137,44440,13,137,0,0,-1,1,0,-1,6.295084,5.868753
6584,1,137,9232,13,137,0,1,137,1,0,137,5.8456693,4.225671
6585,3,137,22228,13,137,0,0,-1,1,0,-1,4.922994,6.2324467
6586,1,137,9880,13,137,1,1,137,2,1,137,5.7725744,5.131279
6587,11,168,33352,13,168,0,0,-1,1,0,-1,6.7358584,5.394143
6588,1,137,18772,13,137,0,1,-1,1,0,-1,3.6442313,4.484723
6589,3,137,19768,13,137,0,0,-1,1,0,-1,6.4887586,6.7748995
6590,1,137,50056,13,137,0,1,-1,1,0,-1,4.5484576,2.7587883
6591,75,243,975400,13,243,0,0,-1,1,0,-1,3.5344753,6.162995
6592,1,93,9232,13,93,1,1,93,2,1,93,4.670391,4.729969
6593,3,124,19780,13,124,0,0,-1,1,0,-1,3.5067244,3.7570927
6594,1,124,42280,13,124,0,1,-1,1,0,-1,4.4148054,7.061691
6595,6,124,42280,13,124,0,0,-1,1,0,-1,5.775452,3.074374
6596,1,31,6596,13,31,0,1,31,1,0,31,3.861571,7.057886
6597,3,31,19792,13,31,0,0,-1,1,0,-1,7.20743,5.6561475
6598,1,31,14848,13,31,1,1,-1,2,1,-1,6.2370224,5.249784
6599,13,98,67768,13,98,0,0,-1,1,0,-1,6.5612526,4.059707
6600,1,137,9232,13,137,0,1,137,1,0,137,3.3676124,5.688658
6601,3,75,33424,13,75,0,0,-1,1,0,-1,4.408701,4.512662
6602,1,137,9904,13,137,0,1,137,1,0,137,4.663545,6.8553066
6603,8,44,29716,13,44,0,0,-1,1,0,-1,6.1141634,6.4447103
6604,1,137,9232,13,137,1,1,137,2,1,137,6.7733884,3.8541038
6605,3,137,19816,13,137,0,0,-1,1,0,-1,3.9112897,5.251715
6606,1,75,37636,13,75,0,1,-1,1,0,-1,5.7267694,4.7992134
6607,21,75,66904,13,75,0,0,-1,1,0,-1,7.329381,4.655362
6608,1,93,9232,13,93,0,1,93,1,0,93,5.403924,4.0195823
6609,3,137,19828,13,137,0,0,-1,1,0,-1,5.517207,5.951329
6610,1,49,25108,13,49,1,1,-1,2,1,-1,5.9511847,7.0069723
6611,6,49,29752,13,49,0,0,-1,1,0,-1,6.0366197,5.212018
6612,1,93,9232,13,93,0,1,93,1,0,93,5.2848077,7.3392353
6613,3,93,19840,13,93,0,0,-1,1,0,-1,5.068217,3.0762708
6614,1,75,80512,13,75,0,1,-1,1,0,-1,6.219494,5.9465075
6615,8,75,80512,13,75,0,0,-1,1,0,-1,4.634745,6.859352
6616,1,44,6616,13,44,1,1,44,2,1,44,4.0855393,3.5934792
6617,3,44,22336,13,44,0,0,-1,1,0,-1,5.921008,3.1138723
6618,1,44,9928,13,44,0,1,44,1,0,44,7.8017755,4.840947
6619,13,137,50272,13,137,0,0,-1,1,0,-1,6.2868924,6.1290436
6620,1,44,11176,13,44,0,1,-1,1,0,-1,4.6529846,6.4906287
6621,3,44,19864,13,44,0,0,-1,1,0,-1,5.2745304,2.9902008
6622,1,168,190996,13,168,1,1,-1,2,1,-1,5.3465734,4.5981364
6623,42,168,190996,13,168,0,0,-1,1,0,-1,7.830075,5.000323
6624,1,93,9232,13,93,0,1,93,1,0,93,6.2063584,6.23561
6625,3,75,37744,13,75,0,0,-1,1,0,-1,6.9296107,5.016526
6626,1,93,9940,13,93,0,1,93,1,0,93,4.527553,5.088208
6627,6,93,29824,13,93,0,0,-1,1,0,-1,3.520994,4.4127774
6628,1,75,9448,13,75,1,1,75,2,1,75,2.96453,5.302376
6629,3,75,19888,13,75,0,0,-1,1,0,-1,6.147706,6.668967
6630,1,75,14920,13,75,0,1,-1,1,0,-1,6.115058,6.6936717
6631,21,137,75544,13,137,0,0,-1,1,0,-1,4.386946,4.871635
6632,1,93,9232,13,93,0,1,93,1,0,93,6.3508964,6.0097528
6633,3,75,56680,13,75,0,0,-1,1,0,-1,4.5058894,3.6346047
6634,1,93,9952,13,93,1,1,93,2,1,93,4.312804,7.0365458
6635,8,75,85048,13,75,0,0,-1,1,0,-1,4.87837,4.3184657
6636,1,44,8404,13,44,0,1,44,1,0,44,3.844338,4.298204
6637,3,44,19912,13,44,0,0,-1,1,0,-1,6.323832,5.2186666
6638,1,44,22408,13,44,0,1,-1,1,0,-1,4.0638103,5.007596
6639,26,75,127636,13,75,0,0,-1,1,0,-1,6.1384425,2.8490367
6640,1,137,9232,13,137,1,1,137,2,1,137,5.5746326,4.826965
6641,3,93,19924,13,93,0,0,-1,1,0,-1,5.9176793,6.8533597
6642,1,106,45520,13,106,0,1,-1,1,0,-1,5.0707984,5.318503
6643,6,106,45520,13,106,0,0,-1,1,0,-1,5.1799703,6.105114
6644,1,137,9232,13,137,0,1,137,1,0,137,5.8960133,7.0441647
6645,3,137,19936,13,137,0,0,-1,1,0,-1,7.2293077,3.7941566
6646,1,119,345544,13,119,1,1,-1,2,1,-1,6.379989,5.162029
6647,8,119,345544,13,119,0,0,-1,1,0,-1,6.375591,4.210548
6648,1,137,18952,13,137,0,1,-1,1,0,-1,4.2673783,5.3589907
6649,3,168,182068,13,168,0,0,-1,1,0,-1,5.615189,5.7127385
6650,1,137,18952,13,137,0,1,-1,1,0,-1,5.5435185,7.353713
6651,16,44,37888,13,44,0,0,-1,1,0,-1,6.6038427,3.8234642
6652,1,75,95956,13,75,1,1,-1,2,1,-1,6.964623,3.897449
6653,3,75,95956,13,75,0,0,-1,1,0,-1,4.3859196,6.796634
6654,1,75,170584,13,75,0,1,-1,1,0,-1,4.684562,3.119735
6655,57,168,575728,13,168,0,0,-1,1,0,-1,4.518626,5.63088
6656,1,18,6656,13,18,0,1,18,1,0,18,6.9186897,5.0269876
6657,3,168,21688,13,168,0,0,-1,1,0,-1,5.0156355,6.3746543
6658,1,93,9988,13,93,1,1,93,2,1,93,3.5276356,5.331502
6659,6,93,29968,13,93,0,0,-1,1,0,-1,3.8708234,6.271118
6660,1,181,250504,13,181,0,1,-1,1,0,-1,5.7975082,3.188962
6661,3,181,250504,13,181,0,0,-1,1,0,-1,4.4537086,6.8605247
6662,1,181,250504,13,181,0,1,-1,1,0,-1,6.92999,4.511556
6663,11,67,44980,13,67,0,0,-1,1,0,-1,3.7159526,6.191456
6664,1,31,6664,13,31,1,1,31,2,1,31,7.250042,4.6875434
6665,3,93,33748,13,93,0,0,-1,1,0,-1,6.9344683,3.460902
6666,1,31,10000,13,31,0,1,31,1,0,31,5.331776,5.0060873
6667,8,181,250504,13,181,0,0,-1,1,0,-1,6.0124817,5.512604
6668,1,31,7504,13,31,0,1,31,1,0,31,3.9506316,5.3897915
6669,3,31,20008,13,31,0,0,-1,1,0,-1,3.2268019,5.2501183
6670,1,181,250504,13,181,1,1,-1,2,1,-1,7.1628585,3.560072
6671,11,181,250504,13,181,0,0,-1,1,0,-1,4.933522,4.836972
6672,1,137,9232,13,137,0,1,137,1,0,137,4.4126945,6.1984243
6673,3,31,20020,13,31,0,0,-1,1,0,-1,5.5835605,3.2597694
6674,1,67,16900,13,67,0,1,-1,1,0,-1,3.8761358,4.5954456
6675,6,67,30040,13,67,0,0,-1,1,0,-1,7.169342,6.6089087
6676,1,137,9232,13,137,1,1,137,2,1,137,5.605029,5.1428747
6677,3,137,20032,13,137,0,0,-1,1,0,-1,4.453355,4.406061
6678,1,93,15028,13,93,0,1,-1,1,0,-1,6.836702,6.555389
6679,8,93,45088,13,93,0,0,-1,1,0,-1,4.680771,3.8464646
6680,1,137,9232,13,137,0,1,137,1,0,137,5.935465,2.8729937
6681,3,93,22552,13,93,0,0,-1,1,0,-1,5.5878067,4.604317
6682,1,137,10024,13,137,1,1,-1,2,1,-1,3.324117,4.0123773
6683,19,93,114208,13,93,0,0,-1,1,0,-1,4.3636737,6.348684
6684,1,44,11284,13,44,0,1,-1,1,0,-1,5.869354,3.4129713
6685,3,44,20056,13,44,0,0,-1,1,0,-1,7.022685,5.212671
6686,1,44,33856,13,44,0,1,-1,1,0,-1,4.58952,7.3306684
6687,19,49,101572,13,49,0,0,-1,1,0,-1,6.303652,3.0786133
6688,1,44,6688,13,44,1,1,44,2,1,44,7.150451,4.4359407
6689,3,44,20068,13,44,0,0,-1,1,0,-1,2.8764172,5.301568
6690,1,137,10036,13,137,0,1,-1,1,0,-1,6.033541,4.7554975
6691,6,137,30112,13,137,0,0,-1,1,0,-1,3.090333,5.9461675
6692,1,93,14308,13,93,0,1,-1,1,0,-1,3.849072,6.240329
6693,3,93,20080,13,93,0,0,-1,1,0,-1,7.475534,5.8154173
6694,1,93,15064,13,93,1,1,-1,2,1,-1,6.4666257,6.6821423
6695,13,44,50848,13,44,0,0,-1,1,0,-1,5.671542,3.584048
6696,1,44,6696,13,44,0,1,44,1,0,44,3.4389322,3.6683164
6697,3,93,85840,13,93,0,0,-1,1,0,-1,6.2146106,6.8834434
6698,1,44,10048,13,44,0,1,-1,1,0,-1,4.9830127,6.3095064
6699,8,137,30148,13,137,0,0,-1,1,0,-1,3.8335435,6.165058
6700,1,137,9232,13,137,1,1,137,2,1,137,6.403083,3.5757506
6701,3,137,20104,13,137,0,0,-1,1,0,-1,5.1643186,5.2333593
6702,1,137,22624,13,137,0,1,-1,1,0,-1,6.278199,6.250776
6703,26,93,85912,13,93,0,0,-1,1,0,-1,3.7324934,6.397573
6704,1,44,6704,13,44,0,1,44,1,0,44,4.773832,4.344497
6705,3,44,20116,13,44,0,0,-1,1,0,-1,5.302196,4.351723
6706,1,44,11320,13,44,1,1,-1,2,1,-1,4.1674147,4.3739533
6707,6,44,30184,13,44,0,0,-1,1,0,-1,4.341649,4.602942
6708,1,44,6708,13,44,0,1,44,1,0,44,6.355149,4.88726
6709,3,44,20128,13,44,0,0,-1,1,0,-1,4.087428,6.178428
6710,1,93,86020,13,93,0,1,-1,1,0,-1,4.8430324,3.4310308
6711,8,93,86020,13,93,0,0,-1,1,0,-1,3.8534667,5.9105234
6712,1,88,8080,13,88,1,1,88,2,1,88,7.4851,4.5751777
6713,3,137,22660,13,137,0,0,-1,1,0,-1,7.079931,5.9736137
6714,1,88,10072,13,88,0,1,-1,1,0,-1,6.777946,5.7851024
6715,11,137,34000,13,137,0,0,-1,1,0,-1,6.9955263,5.6764355
6716,1,88,17008,13,88,0,1,-1,1,0,-1,5.255412,4.025366
6717,3,88,20152,13,88,0,0,-1,1,0,-1,6.6452856,5.124164
6718,1,137,51028,13,137,1,1,-1,2,1,-1,5.771366,5.498955
6719,16,137,153088,13,137,0,0,-1,1,0,-1,3.999874,6.0265203
6720,1,44,6720,13,44,0,1,44,1,0,44,5.6462684,2.6950428
6721,3,44,20164,13,44,0,0,-1,1,0,-1,4.6293607,3.4598632
6722,1,44,10084,13,44,0,1,-1,1,0,-1,7.391986,5.7761097
6723,6,44,30256,13,44,0,0,-1,1,0,-1,7.6109557,4.580645
6724,1,44,6724,13,44,1,1,44,2,1,44,5.3564754,5.75102
6725,3,44,20176,13,44,0,0,-1,1,0,-1,5.7933016,4.698224
6726,1,44,15136,13,44,0,1,-1,1,0,-1,4.812615,2.9327893
6727,16,49,45412,13,49,0,0,-1,1,0,-1,4.991236,5.792613
6728,1,44,6728,13,44,0,1,44,1,0,44,5.2673936,4.543795
6729,3,137,34072,13,137,0,0,-1,1,0,-1,7.0708694,3.9702632
6730,1,44,10096,13,44,1,1,-1,2,1,-1,3.6518173,4.7534475
6731,8,44,30292,13,44,0,0,-1,1,0,-1,7.5960894,5.3391385
6732,1,44,7576,13,44,0,1,44,1,0,44,5.5946927,5.4441338
6733,3,44,20200,13,44,0,0,-1,1,0,-1,5.619118,5.9017625
6734,1,88,25576,13,88,0,1,-1,1,0,-1,5.7503996,7.1069
6735,13,88,68200,13,88,0,0,-1,1,0,-1,5.9065614,4.846747
6736,1,44,6736,13,44,1,1,44,2,1,44,4.2597003,5.2764974
6737,3,181,138400,13,181,0,0,-1,1,0,-1,6.900004,2.9744809
6738,1,181,138400,13,181,0,1,-1,1,0,-1,7.4980793,6.3034916
6739,6,181,138400,13,181,0,0,-1,1,0,-1,5.2589455,4.836115
6740,1,44,6740,13,44,0,1,44,1,0,44,5.338398,5.1568465
6741,3,44,20224,13,44,0,0,-1,1,0,-1,6.511318,6.108838
6742,1,75,15172,13,75,1,1,-1,2,1,-1,4.3565087,4.155265
6743,8,75,45520,13,75,0,0,-1,1,0,-1,4.982939,6.663606
6744,1,44,6744,13,44,0,1,44,1,0,44,5.8749056,3.6289573
6745,3,75,22768,13,75,0,0,-1,1,0,-1,5.314374,6.046543
6746,1,44,10120,13,44,0,1,-1,1,0,-1,4.022612,4.553978
6747,21,181,57652,13,181,0,0,-1,1,0,-1,4.273202,6.4234667
6748,1,44,11392,13,44,1,1,-1,2,1,-1,5.1159453,6.4483857
6749,3,44,20248,13,44,0,0,-1,1,0,-1,5.7149906,7.4722958
6750,1,137,34180,13,137,0,1,-1,1,0,-1,3.7669291,5.212251
6751,13,137,102544,13,137,0,0,-1,1,0,-1,6.486652,5.932363
6752,1,44,6752,13,44,0,1,44,1,0,44,6.2182946,4.0055356
6753,3,75,25648,13,75,0,0,-1,1,0,-1,5.4757595,4.576235
6754,1,36,10132,13,36,1,1,-1,2,1,-1,4.8532043,4.1646366
6755,6,36,30400,13,36,0,0,-1,1,0,-1,4.3262663,3.7514508
6756,1,36,6756,13,36,0,1,36,1,0,36,6.24242,3.0421076
6757,3,36,20272,13,36,0,0,-1,1,0,-1,3.3865416,4.462623
6758,1,36,15208,13,36,0,1,-1,1,0,-1,3.9001899,5.5762005
6759,24,62,115504,13,62,0,0,-1,1,0,-1,4.675548,6.692403
6760,1,44,6760,13,44,1,1,44,2,1,44,5.2468405,3.824526
6761,3,88,61720,13,88,0,0,-1,1,0,-1,4.4713006,2.8595567
6762,1,44,10144,13,44,0,1,-1,1,0,-1,5.139458,7.513252
6763,8,36,30436,13,36,0,0,-1,1,0,-1,4.413248,2.993732
6764,1,137,21688,13,137,0,1,-1,1,0,-1,4.5508685,6.11247
6765,3,137,21688,13,137,0,0,-1,1,0,-1,5.057094,6.4237294
6766,1,137,22840,13,137,1,1,-1,2,1,-1,3.4549596,5.240199
6767,29,150,250504,13,150,0,0,-1,1,0,-1,6.091461,2.6999898
6768,1,36,6768,13,36,0,1,36,1,0,36,4.5649004,2.7945178
6769,3,44,20308,13,44,0,0,-1,1,0,-1,3.16055,5.5972676
6770,1,181,32560,13,181,0,1,-1,1,0,-1,6.0321302,6.4558187
6771,6,181,32560,13,181,0,0,-1,1,0,-1,5.6337605,6.212916
6772,1,36,6772,13,36,1,1,36,2,1,36,5.1826572,6.6881347
6773,3,36,20320,13,36,0,0,-1,1,0,-1,6.32324,4.1988635
6774,1,44,17152,13,44,0,1,-1,1,0,-1,6.4269295,4.5952854
6775,8,44,45736,13,44,0,0,-1,1,0,-1,4.8503385,6.772779
6776,1,36,8584,13,36,0,1,36,1,0,36,5.753419,5.464469
6777,3,88,38608,13,88,0,0,-1,1,0,-1,6.324352,5.850503
6778,1,36,10168,13,36,1,1,-1,2,1,-1,6.479794,3.4073637
6779,13,88,34324,13,88,0,0,-1,1,0,-1,3.8756256,4.114546
6780,1,181,48904,13,181,0,1,-1,1,0,-1,6.7773724,3.0466719
6781,3,181,48904,13,181,0,0,-1,1,0,-1,5.7877393,5.319023
6782,1,181,77272,13,181,0,1,-1,1,0,-1,4.4152164,4.7657475
6783,24,181,260800,13,181,0,0,-1,1,0,-1,6.247109,4.9227514
6784,1,18,6784,13,18,1,1,18,2,1,18,6.440818,5.9570446
6785,3,88,28996,13,88,0,0,-1,1,0,-1,6.566635,6.872358
6786,1,44,10180,13,44,0,1,-1,1,0,-1,4.85551,6.594205
6787,6,44,30544,13,44,0,0,-1,1,0,-1,5.632173,2.9414754
6788,1,36,6788,13,36,0,1,36,1,0,36,4.5062475,4.572859
6789,3,36,20368,13,36,0,0,-1,1,0,-1,5.9525476,3.4568672
6790,1,36,15280,13,36,1,1,-1,2,1,-1,5.200766,6.076837
6791,11,36,45844,13,36,0,0,-1,1,0,-1,4.8303924,6.266393
6792,1,62,9232,13,62,0,1,62,1,0,62,6.7964096,5.362234
6793,3,75,58048,13,75,0,0,-1,1,0,-1,5.0458703,3.7582424
6794,1,62,10192,13,62,0,1,-1,1,0,-1,5.2334456,7.257999
6795,8,36,30580,13,36,0,0,-1,1,0,-1,4.884054,4.457494
6796,1,62,9232,13,62,1,1,62,2,1,62,6.732655,7.0877137
6797,3,62,20392,13,62,0,0,-1,1,0,-1,4.5653462,5.4057145
6798,1,119,176740,13,119,0,1,-1,1,0,-1,3.6917186,4.3665977
6799,11,119,176740,13,119,0,0,-1,1,0,-1,5.38564,6.264195
6800,1,62,9232,13,62,0,1,62,1,0,62,4.8753853,7.196913
6801,3,88,39364,13,88,0,0,-1,1,0,-1,6.559852,5.4712353
6802,1,88,39364,13,88,1,1,-1,2,1,-1,4.0514207,5.2389
6803,6,88,39364,13,88,0,0,-1,1,0,-1,3.813508,6.7587013
6804,1,62,9232,13,62,0,1,62,1,0,62,6.2310877,3.7740533
6805,3,62,20416,13,62,0,0,-1,1,0,-1,6.268974,3.1889746
6806,1,62,15316,13,62,0,1,-1,1,0,-1,4.753199,5.0730457
6807,8,62,45952,13,62,0,0,-1,1,0,-1,4.2089615,3.7610316
6808,1,62,9232,13,62,1,1,62,2,1,62,3.676328,4.0632253
6809,3,181,1276936,13,181,0,0,-1,1,0,-1,5.296037,2.8992264
6810,1,62,10216,13,62,0,1,-1,1,0,-1,3.921053,6.0648856
6811,70,93,314656,13,93,0,0,-1,1,0,-1,5.172001,4.2427845
6812,1,62,14560,13,62,0,1,-1,1,0,-1,6.484853,6.956071
6813,3,62,20440,13,62,0,0,-1,1,0,-1,6.8066506,4.6759195
6814,1,62,34504,13,62,1,1,-1,2,1,-1,7.4334497,5.8502126
6815,21,181,1276936,13,181,0,0,-1,1,0,-1,4.567826,6.5303903
6816,1,18,6816,13,18,0,1,18,1,0,18,7.9693656,5.67622
6817,3,137,32776,13,137,0,0,-1,1,0,-1,6.993947,6.381795
6818,1,137,41524,13,137,0,1,-1,1,0,-1,3.8378935,5.1868043
6819,6,137,41524,13,137,0,0,-1,1,0,-1,5.1437697,6.064038
6820,1,137,65608,13,137,1,1,-1,2,1,-1,6.7970314,6.1597214
6821,3,137,65608,13,137,0,0,-1,1,0,-1,4.583185,6.126695
6822,1,137,65608,13,137,0,1,-1,1,0,-1,4.3533506,4.04303
6823,60,119,560356,13,119,0,0,-1,1,0,-1,5.032227,4.4806857
6824,1,18,6824,13,18,0,1,18,1,0,18,3.6030364,4.16841
6825,3,119,897856,13,119,0,0,-1,1,0,-1,4.625731,6.716004
6826,1,18,10240,13,18,1,1,-1,2,1,-1,4.6211967,6.1259418
6827,8,181,83104,13,181,0,0,-1,1,0,-1,5.0653973,5.5785747
6828,1,150,9232,13,150,0,1,150,1,0,150,5.545077,2.7834995
6829,3,150,20488,13,150,0,0,-1,1,0,-1,4.439188,4.931193
6830,1,150,23056,13,150,0,1,-1,1,0,-1,3.0206156,6.120767
6831,13,44,69172,13,44,0,0,-1,1,0,-1,6.550601,5.333313
6832,1,57,6832,13,57,1,1,57,2,1,57,6.5516553,5.178499
6833,3,57,20500,13,57,0,0,-1,1,0,-1,2.8530982,5.3100266
6834,1,57,11536,13,57,0,1,-1,1,0,-1,3.583096,4.941785
6835,6,57,30760,13,57,0,0,-1,1,0,-1,4.164961,5.12357
6836,1,57,6836,13,57,0,1,57,1,0,57,5.3645754,5.0746884
6837,3,57,20512,13,57,0,0,-1,1,0,-1,6.148138,4.14143
6838,1,150,25972,13,150,1,1,-1,2,1,-1,4.350881,5.4949036
6839,8,150,46168,13,150,0,0,-1,1,0,-1,4.330571,6.3693724
6840,1,57,6840,13,57,0,1,57,1,0,57,5.19721,3.8945599
6841,3,57,23092,13,57,0,0,-1,1,0,-1,5.576708,7.456601
6842,1,57,10264,13,57,0,1,-1,1,0,-1,4.2599864,4.5331955
6843,11,137,34648,13,137,0,0,-1,1,0,-1,4.8853416,6.229152
6844,1,150,17332,13,150,1,1,-1,2,1,-1,6.6784687,4.362443
6845,3,150,20536,13,150,0,0,-1,1,0,-1,3.6849542,4.0926094
6846,1,150,52000,13,150,0,1,-1,1,0,-1,3.430391,5.4910803
6847,29,62,156004,13,62,0,0,-1,1,0,-1,3.9539614,3.993918
6848,1,106,9232,13,106,0,1,106,1,0,106,4.6449203,3.7538323
6849,3,57,20548,13,57,0,0,-1,1,0,-1,5.239116,7.217362
6850,1,57,13012,13,57,1,1,-1,2,1,-1,4.4751444,6.6034694
6851,6,57,30832,13,57,0,0,-1,1,0,-1,5.979231,6.8150945
6852,1,31,6852,13,31,0,1,31,1,0,31,6.5314054,5.943946
6853,3,31,20560,13,31,0,0,-1,1,0,-1,6.518612,3.5966768
6854,1,31,15424,13,31,0,1,-1,1,0,-1,6.46737,6.3025126
6855,13,88,46276,13,88,0,0,-1,1,0,-1,4.5254664,5.8171544
6856,1,31,6856,13,31,1,1,31,2,1,31,4.4947996,5.631441
6857,3,57,34720,13,57,0,0,-1,1,0,-1,3.0861344,6.248627
6858,1,31,10288,13,31,0,1,-1,1,0,-1,6.243602,6.8491473
6859,8,62,30868,13,62,0,0,-1,1,0,-1,6.8911114,4.7255077
6860,1,31,7720,13,31,0,1,31,1,0,31,5.24019,7.0962963
6861,3,31,20584,13,31,0,0,-1,1,0,-1,5.396613,4.539119
6862,1,119,250504,13,119,1,1,-1,2,1,-1,3.930798,4.374299
6863,60,119,250504,13,119,0,0,-1,1,0,-1,6.621633,7.0389714
6864,1,106,9232,13,106,0,1,106,1,0,106,7.3949027,4.113283
6865,3,150,20596,13,150,0,0,-1,1,0,-1,5.989355,5.173194
6866,1,150,26080,13,150,0,1,-1,1,0,-1,4.5795093,5.2352624
6867,6,150,30904,13,150,0,0,-1,1,0,-1,7.0364714,3.5441043
6868,1,106,9232,13,106,1,1,106,2,1,106,4.149684,6.0835853
6869,3,106,20608,13,106,0,0,-1,1,0,-1,5.6207457,7.1819167
6870,1,150,24784,13,150,0,1,-1,1,0,-1,5.0203857,6.524752
6871,8,150,46384,13,150,0,0,-1,1,0,-1,6.4907527,6.66359
6872,1,150,9232,13,150,0,1,150,1,0,150,6.60311,6.31227
6873,3,31,23200,13,31,0,0,-1,1,0,-1,7.3142233,5.500443
6874,1,150,10312,13,150,1,1,-1,2,1,-1,4.513162,6.0891194
6875,13,88,223072,13,88,0,0,-1,1,0,-1,5.122173,3.7830145
6876,1,150,11608,13,150,0,1,-1,1,0,-1,4.928612,3.4897995
6877,3,150,20632,13,150,0,0,-1,1,0,-1,3.8579712,3.8980014
6878,1,150,39184,13,150,0,1,-1,1,0,-1,7.6923904,5.7211566
6879,16,150,104488,13,150,0,0,-1,1,0,-1,3.5814283,4.96713
6880,1,106,9232,13,106,1,1,106,2,1,106,6.4952836,4.2039123
6881,3,119,58804,13,119,0,0,-1,1,0,-1,4.9373293,7.006126
6882,1,106,10324,13,106,0,1,-1,1,0,-1,4.8579855,6.1694045
6883,6,106,30976,13,106,0,0,-1,1,0,-1,4.4099274,5.1269884
6884,1,57,6884,13,57,0,1,57,1,0,57,6.8828025,5.20464
6885,3,57,20656,13,57,0,0,-1,1,0,-1,3.3191943,4.500409
6886,1,57,15496,13,57,1,1,-1,2,1,-1,6.8780465,5.559611
6887,104,168,8153620,13,168,0,0,-1,1,0,-1,6.7876005,5.479879
6888,1,106,9232,13,106,0,1,106,1,0,106,4.02247,3.1347315
6889,3,181,55888,13,181,0,0,-1,1,0,-1,5.5211687,3.3098638
6890,1,106,10336,13,106,0,1,-1,1,0,-1,5.085396,7.1471562
6891,8,150,39256,13,150,0,0,-1,1,0,-1,7.672744,5.5709586
6892,1,57,8728,13,57,1,1,57,2,1,57,5.610108,3.5273795
6893,3,57,20680,13,57,0,0,-1,1,0,-1,3.8773043,5.933697
6894,1,57,23272,13,57,0,1,-1,1,0,-1,4.424444,4.1594405
6895,34,88,176740,13,88,0,0,-1,1,0,-1,7.561777,4.0854893
6896,1,44,6896,13,44,0,1,44,1,0,44,4.7494516,6.6372876
6897,3,106,20692,13,106,0,0,-1,1,0,-1,6.400099,4.990924
6898,1,150,44224,13,150,1,1,-1,2,1,-1,4.749933,3.1061764
6899,6,150,44224,13,150,0,0,-1,1,0,-1,7.4322624,5.384855
6900,1,44,6900,13,44,0,1,44,1,0,44,5.952005,4.9316273
6901,3,44,20704,13,44,0,0,-1,1,0,-1,3.5598905,3.4171262
6902,1,57,17476,13,57,0,1,-1,1,0,-1,7.566208,5.104575
6903,8,57,46600,13,57,0,0,-1,1,0,-1,6.854643,3.0370784
6904,1,44,13120,13,44,1,1,-1,2,1,-1,3.586553,3.4045303
6905,3,119,95956,13,119,0,0,-1,1,0,-1,4.895791,4.1762567
6906,1,44,13120,13,44,0,1,-1,1,0,-1,6.5421944,5.7961516
6907,24,119,95956,13,119,0,0,-1,1,0,-1,6.1228757,3.4513614
6908,1,57,39364,13,57,0,1,-1,1,0,-1,4.769527,3.2843513
6909,3,57,39364,13,57,0,0,-1,1,0,-1,6.8356915,5.7982492
6910,1,57,118096,13,57,1,1,-1,2,1,-1,4.9929433,3.9955976
6911,75,150,1276936,13,150,0,0,-1,1,0,-1,5.4017444,6.6041274
6912,1,119,9232,13,119,0,1,119,1,0,119,6.4400845,6.090716
6913,3,44,20740,13,44,0,0,-1,1,0,-1,6.6902742,5.818206
6914,1,44,10372,13,44,0,1,-1,1,0,-1,4.488171,6.258545
6915,6,44,31120,13,44,0,0,-1,1,0,-1,5.815736,4.879382
6916,1,106,9232,13,106,1,1,106,2,1,106,5.7363214,6.677215
6917,3,106,20752,13,106,0,0,-1,1,0,-1,3.8265908,5.339603
6918,1,106,15568,13,106,0,1,-1,1,0,-1,4.376793,6.4136286
6919,11,225,250504,13,225,0,0,-1,1,0,-1,5.41079,4.0147715
6920,1,150,9232,13,150,0,1,150,1,0,150,6.4840746,6.362019
6921,3,75,94768,13,75,0,0,-1,1,0,-1,7.372829,6.198397
6922,1,150,10384,13,150,1,1,-1,2,1,-1,3.616315,4.2441926
6923,8,88,31156,13,88,0,0,-1,1,0,-1,6.7561526,4.52476
6924,1,150,9232,13,150,0,1,150,1,0,150,4.4318542,2.8398702
6925,3,150,20776,13,150,0,0,-1,1,0,-1,5.8454704,3.8477015
6926,1,106,23380,13,106,0,1,-1,1,0,-1,3.8893278,5.39095
6927,11,106,70144,13,106,0,0,-1,1,0,-1,4.9557376,5.112565
6928,1,31,6928,13,31,1,1,31,2,1,31,6.180038,7.447544
6929,3,150,20788,13,150,0,0,-1,1,0,-1,3.9298215,3.646552
6930,1,150,19744,13,150,0,1,-1,1,0,-1,5.042211,5.94628
6931,6,150,31192,13,150,0,0,-1,1,0,-1,3.541795,5.432315
6932,1,31,6932,13,31,0,1,31,1,0,31,4.5734253,6.7494564
6933,3,31,20800,13,31,0,0,-1,1,0,-1,4.036751,5.0761914
6934,1,150,15604,13,150,1,1,-1,2,1,-1,4.7400007,3.4179394
6935,8,150,46816,13,150,0,0,-1,1,0,-1,4.3163695,6.4124527
6936,1,31,6936,13,31,0,1,31,1,0,31,7.2027025,4.902089
6937,3,181,33352,13,181,0,0,-1,1,0,-1,5.9457326,6.064568
6938,1,31,10408,13,31,0,1,-1,1,0,-1,3.2144563,5.6227665
6939,39,88,675376,13,88,0,0,-1,1,0,-1,5.8832726,5.475135
6940,1,106,11716,13,106,1,1,-1,2,1,-1,4.65659,4.274774
6941,3,106,20824,13,106,0,0,-1,1,0,-1,5.071382,5.32433
6942,1,106,35152,13,106,0,1,-1,1,0,-1,6.9193673,6.6689167
6943,88,256,975400,13,256,0,0,-1,1,0,-1,4.6921396,7.4041314
6944,1,31,6944,13,31,0,1,31,1,0,31,5.820733,4.164923
6945,3,44,20836,13,44,0,0,-1,1,0,-1,4.56825,7.114948
6946,1,106,10420,13,106,1,1,-1,2,1,-1,5.8269024,3.9261281
6947,6,106,31264,13,106,0,0,-1,1,0,-1,3.1365573,5.591595
6948,1,106,9232,13,106,0,1,106,1,0,106,5.4007072,7.429066
6949,3,106,20848,13,106,0,0,-1,1,0,-1,4.6110616,5.9693413
6950,1,106,15640,13,106,0,1,-1,1,0,-1,5.975035,7.4533043
6951,13,111,67768,13,111,0,0,-1,1,0,-1,6.830581,4.601059
6952,1,31,6952,13,31,1,1,31,2,1,31,6.622773,5.5155163
6953,3,88,79216,13,88,0,0,-1,1,0,-1,5.134183,4.8513985
6954,1,31,10432,13,31,0,1,-1,1,0,-1,6.7051654,5.5209804
6955,8,150,31300,13,150,0,0,-1,1,0,-1,6.955218,5.379658
6956,1,57,7828,13,57,0,1,57,1,0,57,6.1875,4.264629
6957,3,57,20872,13,57,0,0,-1,1,0,-1,6.2543063,5.3803887
6958,1,57,23488,13,57,1,1,-1,2,1,-1,6.010513,5.6630344
6959,16,88,70468,13,88,0,0,-1,1,0,-1,3.00923,5.462759
6960,1,31,6960,13,31,0,1,31,1,0,31,6.8074336,3.2278862
6961,3,57,20884,13,57,0,0,-1,1,0,-1,6.1742215,6.232946
6962,1,57,11752,13,57,0,1,-1,1,0,-1,3.7915056,5.9270096
6963,6,57,31336,13,57,0,0,-1,1,0,-1,5.42663,2.7916124
6964,1,31,6964,13,31,1,1,31,2,1,31,6.199383,3.7020307
6965,3,31,20896,13,31,0,0,-1,1,0,-1,6.9767933,5.4306755
6966,1,88,80512,13,88,0,1,-1,1,0,-1,6.207884,3.3925712
6967,8,88,80512,13,88,0,0,-1,1,0,-1,5.033277,7.1019597
6968,1,181,190996,13,181,0,1,-1,1,0,-1,5.337536,7.491499
6969,3,57,23524,13,57,0,0,-1,1,0,-1,5.668499,4.4014754
6970,1,181,190996,13,181,1,1,-1,2,1,-1,6.951226,5.507057
6971,11,57,35296,13,57,0,0,-1,1,0,-1,3.5322337,5.945506
6972,1,181,190996,13,181,0,1,-1,1,0,-1,3.5318167,6.108958
6973,3,181,190996,13,181,0,0,-1,1,0,-1,6.219878,6.1503453
6974,1,132,67048,13,132,0,1,-1,1,0,-1,4.875176,4.513354
6975,26,132,158920,13,132,0,0,-1,1,0,-1,4.089453,3.0483115
6976,1,119,9232,13,119,1,1,119,2,1,119,6.5334907,3.821026
6977,3,31,20932,13,31,0,0,-1,1,0,-1,6.0029507,4.779871
6978,1,88,10468,13,88,0,1,-1,1,0,-1,3.8738875,6.2236767
6979,6,88,31408,13,88,0,0,-1,1,0,-1,4.7519283,3.069025
6980,1,150,9232,13,150,0,1,150,1,0,150,3.0350127,4.381517
6981,3,150,20944,13,150,0,0,-1,1,0,-1,4.3593965,5.596726
6982,1,150,15712,13,150,1,1,-1,2,1,-1,5.702468,2.8675709
6983,21,88,59668,13,88,0,0,-1,1,0,-1,5.8003216,7.4802012
6984,1,150,9232,13,150,0,1,150,1,0,150,4.043307,6.6456904
6985,3,106,35368,13,106,0,0,-1,1,0,-1,4.4144535,4.661541
6986,1,150,10480,13,150,0,1,-1,1,0,-1,4.362128,7.2040386
6987,8,150,31444,13,150,0,0,-1,1,0,-1,5.429151,3.7479506
6988,1,150,9232,13,150,1,1,150,2,1,150,4.259223,5.8592515
6989,3,150,20968,13,150,0,0,-1,1,0,-1,4.2999215,3.6688342
6990,1,57,26548,13,57,0,1,-1,1,0,-1,7.1720953,5.4932756
6991,13,57,70792,13,57,0,0,-1,1,0,-1,7.0670333,4.8152246
6992,1,119,9232,13,119,0,1,119,1,0,119,5.4284678,7.184151
6993,3,106,20980,13,106,0,0,-1,1,0,-1,5.8267,4.827929
6994,1,106,59776,13,106,1,1,-1,2,1,-1,7.549466,5.9949937
6995,6,106,59776,13,106,0,0,-1,1,0,-1,4.85499,5.7850013
6996,1,119,9232,13,119,0,1,119,1,0,119,4.9431443,5.0949445
6997,3,119,20992,13,119,0,0,-1,1,0,-1,6.1003623,5.9346223
6998,1,132,345544,13,132,0,1,-1,1,0,-1,6.768958,5.0454087
6999,8,132,345544,13,132,0,0,-1,1,0,-1,5.1557803,7.119768
7000,1,31,7000,13,31,1,1,31,2,1,31,5.1459413,6.4946837
7001,3,31,23632,13,31,0,0,-1,1,0,-1,7.158981,3.5980587
7002,1,31,10504,13,31,0,1,-1,1,0,-1,5.701736,4.4741564
7003,19,150,53188,13,150,0,0,-1,1,0,-1,6.8375187,4.493263
7004,1,31,11824,13,31,0,1,-1,1,0,-1,5.187916,4.641876
7005,3,31,21016,13,31,0,0,-1,1,0,-1,6.4355474,6.0911574
7006,1,88,95956,13,88,1,1,-1,2,1,-1,3.8062043,5.715212
7007,13,88,106432,13,88,0,0,-1,1,0,-1,3.867385,3.1902592
7008,1,57,7008,13,57,0,1,57,1,0,57,5.191476,4.9009223
7009,3,181,575728,13,181,0,0,-1,1,0,-1,4.219951,5.14737
7010,1,57,10516,13,57,0,1,-1,1,0,-1,6.6791625,6.215272
7011,6,57,31552,13,57,0,0,-1,1,0,-1,4.593684,3.726477
7012,1,57,7012,13,57,1,1,57,2,1,57,4.168169,4.288068
7013,3,57,21040,13,57,0,0,-1,1,0,-1,6.5458736,5.0905347
7014,1,57,15784,13,57,0,1,-1,1,0,-1,3.9132326,5.392288
7015,26,181,269728,13,181,0,0,-1,1,0,-1,7.0164514,3.8428211
7016,1,57,7016,13,57,0,1,57,1,0,57,7.345014,3.5566406
7017,3,194,250504,13,194,0,0,-1,1,0,-1,6.5424066,4.9877524
7018,1,57,10528,13,57,1,1,-1,2,1,-1,4.2306314,4.171794
7019,8,44,31588,13,44,0,0,-1,1,0,-1,5.4462476,6.5785017
7020,1,44,13336,13,44,0,1,-1,1,0,-1,5.543629,6.969114
7021,3,44,21064,13,44,0,0,-1,1,0,-1,5.4797106,4.97757
7022,1,44,23704,13,44,0,1,-1,1,0,-1,5.4088326,6.8997817
7023,21,194,250504,13,194,0,0,-1,1,0,-1,6.092365,3.4387035
7024,1,57,7024,13,57,1,1,57,2,1,57,5.727018,5.488412
7025,3,57,21076,13,57,0,0,-1,1,0,-1,5.7599936,6.3371205
7026,1,57,11860,13,57,0,1,-1,1,0,-1,5.1988783,3.3287668
7027,6,57,31624,13,57,0,0,-1,1,0,-1,4.5126557,4.42266
7028,1,57,7028,13,57,0,1,57,1,0,57,5.01058,5.4329505
7029,3,57,21088,13,57,0,0,-1,1,0,-1,6.3252673,4.474622
7030,1,150,17800,13,150,1,1,-1,2,1,-1,5.7329483,3.1048226
7031,8,150,47464,13,150,0,0,-1,1,0,-1,4.601773,4.106333
7032,1,150,10024,13,150,0,1,-1,1,0,-1,7.0671544,4.2050357
7033,3,106,60100,13,106,0,0,-1,1,0,-1,4.1563454,4.973326
7034,1,150,10552,13,150,0,1,-1,1,0,-1,4.775511,5.977552
7035,13,106,45088,13,106,0,0,-1,1,0,-1,4.399172,4.4508567
7036,1,150,26728,13,150,1,1,-1,2,1,-1,5.3727884,4.110338
7037,3,150,26728,13,150,0,0,-1,1,0,-1,5.727868,7.1463313
7038,1,80,202984,13,80,0,1,-1,1,0,-1,3.7680743,5.5137076
7039,39,80,240568,13,80,0,0,-1,1,0,-1,3.6347344,5.5000634
7040,1,119,9232,13,119,0,1,119,1,0,119,7.333099,6.446405
7041,3,57,33856,13,57,0,0,-1,1,0,-1,4.834234,7.1461167
7042,1,106,14308,13,106,1,1,-1,2,1,-1,3.8165176,3.3907685
7043,6,106,31696,13,106,0,0,-1,1,0,-1,4.328996,4.4182386
7044,1,106,15064,13,106,0,1,-1,1,0,-1,5.8567605,5.528165
7045,3,106,21136,13,106,0,0,-1,1,0,-1,4.639102,4.658497
7046,1,106,15856,13,106,0,1,-1,1,0,-1,6.9402056,6.3666863
7047,11,106,47572,13,106,0,0,-1,1,0,-1,5.946913,7.080537
7048,1,119,9232,13,119,1,1,119,2,1,119,5.5962496,5.4015355
7049,3,80,67768,13,80,0,0,-1,1,0,-1,7.1375833,4.099249
7050,1,119,10576,13,119,0,1,-1,1,0,-1,6.1399293,6.1341734
7051,8,57,50848,13,57,0,0,-1,1,0,-1,7.5305905,3.9739788
7052,1,119,9232,13,119,0,1,119,1,0,119,5.239961,5.9146895
7053,3,119,21160,13,119,0,0,-1,1,0,-1,7.131894,4.4043016
7054,1,57,23812,13,57,1,1,-1,2,1,-1,6.773866,5.544496
7055,11,57,71440,13,57,0,0,-1,1,0,-1,3.7810926,5.2746277
7056,1,31,7056,13,31,0,1,31,1,0,31,5.308479,4.5972404
7057,3,57,21172,13,57,0,0,-1,1,0,-1,4.496443,6.2821536
7058,1,57,17872,13,57,0,1,-1,1,0,-1,4.5409403,2.7208998
7059,6,57,31768,13,57,0,0,-1,1,0,-1,6.886669,4.6476493
7060,1,31,7060,13,31,1,1,31,2,1,31,4.2425427,3.3370192
7061,3,31,21184,13,31,0,0,-1,1,0,-1,5.407766,5.5517936
7062,1,101,15892,13,101,0,1,-1,1,0,-1,5.7667694,6.176852
7063,8,101,47680,13,101,0,0,-1,1,0,-1,3.3882089,5.469333
7064,1,31,7064,13,31,0,1,31,1,0,31,6.2767982,5.6230645
7065,3,101,23848,13,101,0,0,-1,1,0,-1,4.7436714,6.0449677
7066,1,31,10600,13,31,1,1,-1,2,1,-1,5.5213428,4.899695
7067,16,57,80512,13,57,0,0,-1,1,0,-1,7.04657,3.737919
7068,1,150,22660,13,150,0,1,-1,1,0,-1,6.565584,3.1227026
7069,3,150,22660,13,150,0,0,-1,1,0,-1,3.6785858,4.0773
7070,1,150,35800,13,150,0,1,-1,1,0,-1,6.497323,6.0745378
7071,19,57,120832,13,57,0,0,-1,1,0,-1,4.424277,5.9326777
7072,1,119,9232,13,119,1,1,119,2,1,119,3.8786108,5.5986214
7073,3,101,21220,13,101,0,0,-1,1,0,-1,7.1292396,5.6809506
7074,1,31,10612,13,31,0,1,-1,1,0,-1,6.249421,4.8396735
7075,6,31,31840,13,31,0,0,-1,1,0,-1,7.225256,4.7383213
7076,1,57,13444,13,57,0,1,-1,1,0,-1,7.2042146,4.6337934
7077,3,57,21232,13,57,0,0,-1,1,0,-1,5.494383,4.9831734
7078,1,57,15928,13,57,1,1,-1,2,1,-1,4.933238,6.7060204
7079,21,101,53764,13,101,0,0,-1,1,0,-1,6.62311,4.667318
7080,1,119,9232,13,119,0,1,119,1,0,119,3.1533706,5.6981373
7081,3,101,121012,13,101,0,0,-1,1,0,-1,7.9046736,4.9833274
7082,1,119,10624,13,119,0,1,-1,1,0,-1,5.5014873,6.938459
7083,8,57,31876,13,57,0,0,-1,1,0,-1,5.117787,6.9030833
7084,1,57,10096,13,57,1,1,-1,2,1,-1,3.5346258,4.2904997
7085,3,57,21256,13,57,0,0,-1,1,0,-1,3.6536689,6.072681
7086,1,57,23920,13,57,0,1,-1,1,0,-1,4.873793,6.770592
7087,13,57,71764,13,57,0,0,-1,1,0,-1,7.135222,6.543075
7088,1,57,7088,13,57,0,1,57,1,0,57,5.9025254,4.019461
7089,3,57,21268,13,57,0,0,-1,1,0,-1,4.061847,3.2513647
7090,1,57,11968,13,57,1,1,-1,2,1,-1,6.0575624,6.4723434
7091,6,57,31912,13,57,0,0,-1,1,0,-1,4.2495627,6.999872
7092,1,57,7092,13,57,0,1,57,1,0,57,4.985532,4.2746344
7093,3,57,21280,13,57,0,0,-1,1,0,-1,4.524748,3.006429
7094,1,57,26944,13,57,0,1,-1,1,0,-1,5.5530977,3.778495
7095,8,57,47896,13,57,0,0,-1,1,0,-1,6.665425,5.4352055
7096,1,57,7096,13,57,1,1,57,2,1,57,4.8771205,3.0822992
7097,3,57,23956,13,57,0,0,-1,1,0,-1,5.52133,5.7799325
7098,1,57,10648,13,57,0,1,-1,1,0,-1,7.474173,4.774299
7099,11,57,35944,13,57,0,0,-1,1,0,-1,6.580373,5.089016
7100,1,88,45520,13,88,0,1,-1,1,0,-1,4.8078775,3.2644653
7101,3,88,45520,13,88,0,0,-1,1,0,-1,7.428666,6.398839
7102,1,88,53944,13,88,1,1,-1,2,1,-1,7.1606755,3.5483348
7103,26,150,182068,13,150,0,0,-1,1,0,-1,3.410475,4.2335663
7104,1,75,9232,13,75,0,1,75,1,0,75,3.8724825,3.8705502
7105,3,57,21316,13,57,0,0,-1,1,0,-1,4.4565854,2.9253085
7106,1,57,20248,13,57,0,1,-1,1,0,-1,4.041472,7.018914
7107,6,57,31984,13,57,0,0,-1,1,0,-1,5.7157526,5.228559
7108,1,119,9232,13,119,1,1,119,2,1,119,5.0154204,5.602709
7109,3,119,21328,13,119,0,0,-1,1,0,-1,5.161498,4.588585
7110,1,119,16000,13,119,0,1,-1,1,0,-1,7.1093316,3.6465318
7111,13,150,102544,13,150,0,0,-1,1,0,-1,5.4368477,4.649917
7112,1,150,21688,13,150,0,1,-1,1,0,-1,4.936643,5.026082
7113,3,49,36016,13,49,0,0,-1,1,0,-1,3.4271455,3.803194
7114,1,150,21688,13,150,1,1,-1,2,1,-1,6.9492197,4.4347725
7115,8,57,32020,13,57,0,0,-1,1,0,-1,3.831957,3.8157315
7116,1,150,21688,13,150,0,1,-1,1,0,-1,5.9711976,5.4800406
7117,3,150,21688,13,150,0,0,-1,1,0,-1,5.863162,4.904586
7118,1,49,40552,13,49,0,1,-1,1,0,-1,5.940048,3.199354
7119,16,49,72088,13,49,0,0,-1,1,0,-1,3.9648862,5.4876866
7120,1,75,9232,13,75,1,1,75,2,1,75,4.894013,7.2520165
7121,3,150,21688,13,150,0,0,-1,1,0,-1,7.7932906,4.868004
7122,1,49,30436,13,49,0,1,-1,1,0,-1,4.9683595,4.266277
7123,6,49,32056,13,49,0,0,-1,1,0,-1,5.792346,4.5625944
7124,1,75,9232,13,75,0,1,75,1,0,75,4.417111,5.311856
7125,3,75,21376,13,75,0,0,-1,1,0,-1,7.430163,4.545036
7126,1,163,250504,13,163,1,1,-1,2,1,-1,6.0993032,3.7802052
7127,8,163,250504,13,163,0,0,-1,1,0,-1,5.716227,3.7573366
7128,1,49,8584,13,49,0,1,49,1,0,49,5.4816694,3.3292363
7129,3,119,24064,13,119,0,0,-1,1,0,-1,6.0903544,5.031452
7130,1,49,10696,13,49,0,1,-1,1,0,-1,7.0747085,3.4235694
7131,13,194,54160,13,194,0,0,-1,1,0,-1,4.3578677,3.230125
7132,1,49,12040,13,49,1,1,-1,2,1,-1,3.1622972,4.428613
7133,3,49,21400,13,49,0,0,-1,1,0,-1,5.960693,5.6269107
7134,1,194,146500,13,194,0,1,-1,1,0,-1,5.704645,5.5889106
7135,50,194,146500,13,194,0,0,-1,1,0,-1,4.919251,5.547618
7136,1,75,9232,13,75,0,1,75,1,0,75,6.364667,4.05138
7137,3,49,40660,13,49,0,0,-1,1,0,-1,3.2305863,5.6297765
7138,1,75,10708,13,75,1,1,-1,2,1,-1,6.502531,4.672603
7139,6,75,32128,13,75,0,0,-1,1,0,-1,3.222905,4.628172
7140,1,31,7140,13,31,0,1,31,1,0,31,5.2230387,3.444526
7141,3,31,21424,13,31,0,0,-1,1,0,-1,7.2983274,5.4432983
7142,1,31,16072,13,31,0,1,-1,1,0,-1,5.3061085,5.6865892
7143,16,194,81376,13,194,0,0,-1,1,0,-1,6.923841,4.883434
7144,1,75,9232,13,75,1,1,75,2,1,75,6.9174304,5.7533603
7145,3,194,695464,13,194,0,0,-1,1,0,-1,4.497493,4.3152413
7146,1,75,10720,13,75,0,1,-1,1,0,-1,5.4559765,4.8944654
7147,8,101,61072,13,101,0,0,-1,1,0,-1,5.5144057,5.9869666
7148,1,49,15280,13,49,0,1,-1,1,0,-1,5.760436,4.435392
7149,3,49,21448,13,49,0,0,-1,1,0,-1,5.589779,6.3160753
7150,1,49,24136,13,49,1,1,-1,2,1,-1,4.0264783,3.2437027
7151,34,101,122200,13,101,0,0,-1,1,0,-1,5.6129727,5.7405014
7152,1,101,39364,13,101,0,1,-1,1,0,-1,5.804123,5.15891
7153,3,75,21460,13,75,0,0,-1,1,0,-1,6.650752,6.7337656
7154,1,75,13588,13,75,0,1,-1,1,0,-1,5.269678,3.3112466
7155,6,75,32200,13,75,0,0,-1,1,0,-1,5.170809,6.9371905
7156,1,101,39364,13,101,1,1,-1,2,1,-1,6.742915,3.6413991
7157,3,101,39364,13,101,0,0,-1,1,0,-1,5.5596623,3.3833022
7158,1,75,20392,13,75,0,1,-1,1,0,-1,5.7381825,3.426157
7159,8,75,48328,13,75,0,0,-1,1,0,-1,7.0263567,5.4435925
7160,1,101,39364,13,101,0,1,-1,1,0,-1,5.670349,5.1035023
7161,3,132,176740,13,132,0,0,-1,1,0,-1,5.353215,2.828148
7162,1,101,39364,13,101,1,1,-1,2,1,-1,6.8087296,3.3124413
7163,24,57,40804,13,57,0,0,-1,1,0,-1,5.991293,6.341781
7164,1,101,103336,13,101,0,1,-1,1,0,-1,4.2263484,5.3355308
7165,3,101,103336,13,101,0,0,-1,1,0,-1,5.5065174,5.95195
7166,1,101,275560,13,101,0,1,-1,1,0,-1,5.626709,4.541589
7167,57,194,2092552,13,194,0,0,-1,1,0,-1,5.5474854,3.6568232
7168,1,26,7168,13,26,1,1,26,2,1,26,5.9396644,5.930689
7169,3,75,21508,13,75,0,0,-1,1,0,-1,6.3260093,5.059962
7170,1,75,14560,13,75,0,1,-1,1,0,-1,5.910734,6.170567
7171,6,75,32272,13,75,0,0,-1,1,0,-1,4.257982,7.1642303
7172,1,119,9232,13,119,0,1,119,1,0,119,3.3608544,6.1163964
7173,3,119,21520,13,119,0,0,-1,1,0,-1,4.7306123,2.7428803
7174,1,119,16144,13,119,1,1,-1,2,1,-1,6.4219,4.9585257
7175,11,75,48436,13,75,0,0,-1,1,0,-1,6.428418,3.966528
7176,1,70,7176,13,70,0,1,70,1,0,70,7.327512,5.909531
7177,3,75,36340,13,75,0,0,-1,1,0,-1,6.194449,3.1664104
7178,1,70,10768,13,70,0,1,-1,1,0,-1,6.003581,3.983721
7179,8,119,32308,13,119,0,0,-1,1,0,-1,5.212074,4.455418
7180,1,70,8080,13,70,1,1,70,2,1,70,3.8366005,4.56232
7181,3,70,21544,13,70,0,0,-1,1,0,-1,5.9915333,5.053571
7182,1,150,65608,13,150,0,1,-1,1,0,-1,3.8035243,5.743231
7183,11,150,72736,13,150,0,0,-1,1,0,-1,3.9355142,3.5178769
7184,1,119,9232,13,119,0,1,119,1,0,119,6.4974666,4.9872293
7185,3,70,21556,13,70,0,0,-1,1,0,-1,5.785087,2.8097913
7186,1,31,18196,13,31,1,1,-1,2,1,-1,5.3572383,7.0336437
7187,6,31,32344,13,31,0,0,-1,1,0,-1,5.640897,6.570917
7188,1,119,9232,13,119,0,1,119,1,0,119,6.6057553,5.877791
7189,3,119,21568,13,119,0,0,-1,1,0,-1,6.4703226,6.768799
7190,1,70,16180,13,70,0,1,-1,1,0,-1,5.8187733,5.102534
7191,8,70,48544,13,70,0,0,-1,1,0,-1,7.810607,5.4743595
7192,1,119,9232,13,119,1,1,119,2,1,119,6.9048367,5.5910025
7193,3,163,24280,13,163,0,0,-1,1,0,-1,4.710219,5.7107425
7194,1,119,10792,13,119,0,1,-1,1,0,-1,5.232345,5.0146766
7195,81,119,599056,13,119,0,0,-1,1,0,-1,5.438276,4.590676
7196,1,70,12148,13,70,0,1,-1,1,0,-1,3.177666,4.1924515
7197,3,70,21592,13,70,0,0,-1,1,0,-1,6.5988526,5.0256844
7198,1,70,36448,13,70,1,1,-1,2,1,-1,6.3785415,5.4673066
7199,24,163,138400,13,163,0,0,-1,1,0,-1,3.991577,3.781227
7200,1,57,7200,13,57,0,1,57,1,0,57,4.2753525,6.319489
7201,3,163,25972,13,163,0,0,-1,1,0,-1,5.387212,2.6467094
7202,1,119,10804,13,119,0,1,-1,1,0,-1,5.3343196,4.922331
7203,6,119,32416,13,119,0,0,-1,1,0,-1,6.843076,6.7613645
7204,1,163,17332,13,163,1,1,-1,2,1,-1,5.8210473,3.699382
7205,3,163,21616,13,163,0,0,-1,1,0,-1,5.1288204,5.8235784
7206,1,163,17332,13,163,0,1,-1,1,0,-1,7.282753,6.319963
7207,13,70,54736,13,70,0,0,-1,1,0,-1,4.5376353,5.804811
7208,1,57,7208,13,57,0,1,57,1,0,57,5.088229,6.688556
7209,3,70,82132,13,70,0,0,-1,1,0,-1,7.138283,3.49528
7210,1,57,10816,13,57,1,1,-1,2,1,-1,6.777791,3.6490574
7211,8,119,32452,13,119,0,0,-1,1,0,-1,4.5552273,3.3420947
7212,1,44,8116,13,44,0,1,44,1,0,44,4.1724095,4.8180313
7213,3,44,21640,13,44,0,0,-1,1,0,-1,5.6345196,5.1164856
7214,1,44,24352,13,44,0,1,-1,1,0,-1,6.2937126,5.947176
7215,19,70,73060,13,70,0,0,-1,1,0,-1,5.593088,5.074153
7216,1,57,7216,13,57,1,1,57,2,1,57,6.5929136,4.6312737
7217,3,44,21652,13,44,0,0,-1,1,0,-1,7.180383,4.484485
7218,1,44,12184,13,44,0,1,-1,1,0,-1,5.4854403,5.827712
7219,6,44,32488,13,44,0,0,-1,1,0,-1,4.895565,5.6539407
7220,1,57,7220,13,57,0,1,57,1,0,57,4.4067225,6.4552207
7221,3,57,21664,13,57,0,0,-1,1,0,-1,5.1106195,3.7237105
7222,1,70,61720,13,70,1,1,-1,2,1,-1,6.4067035,3.1066072
7223,8,70,61720,13,70,0,0,-1,1,0,-1,6.848423,4.9928055
7224,1,119,9232,13,119,0,1,119,1,0,119,5.426535,5.0244646
7225,3,44,24388,13,44,0,0,-1,1,0,-1,4.2916837,3.886612
7226,1,119,10840,13,119,0,1,-1,1,0,-1,5.775114,5.7829986
7227,11,132,250504,13,132,0,0,-1,1,0,-1,4.7424073,5.6980553
7228,1,119,18304,13,119,1,1,-1,2,1,-1,4.985325,5.0556855
7229,3,119,21688,13,119,0,0,-1,1,0,-1,7.04944,6.3311076
7230,1,70,54916,13,70,0,1,-1,1,0,-1,4.0283833,6.660459
7231,26,70,164752,13,70,0,0,-1,1,0,-1,6.3400283,4.749516
7232,1,18,7232,13,18,0,1,18,1,0,18,4.937543,4.306593
7233,3,163,21700,13,163,0,0,-1,1,0,-1,5.933731,5.9168887
7234,1,163,10852,13,163,1,1,-1,2,1,-1,3.778229,4.727902
7235,6,163,32560,13,163,0,0,-1,1,0,-1,3.5608788,5.30042
7236,1,57,7236,13,57,0,1,57,1,0,57,4.0267806,4.0813036
7237,3,57,21712,13,57,0,0,-1,1,0,-1,4.271641,3.8136828
7238,1,57,16288,13,57,0,1,-1,1,0,-1,6.5187874,6.020462
7239,19,44,48868,13,44,0,0,-1,1,0,-1,5.1027756,7.46914
7240,1,70,7240,13,70,1,1,70,2,1,70,3.7724829,5.8008146
7241,3,101,223072,13,101,0,0,-1,1,0,-1,4.6454554,6.8892508
7242,1,70,10864,13,70,0,1,-1,1,0,-1,6.2432566,3.1657581
7243,8,57,32596,13,57,0,0,-1,1,0,-1,7.4160657,5.4228406
7244,1,70,8152,13,70,0,1,70,1,0,70,6.228,6.4210434
7245,3,70,21736,13,70,0,0,-1,1,0,-1,3.8912446,3.7571468
7246,1,119,27520,13,119,1,1,-1,2,1,-1,4.6542,5.249716
7247,13,119,73384,13,119,0,0,-1,1,0,-1,4.820507,4.005241
7248,1,18,7248,13,18,0,1,18,1,0,18,6.7392864,6.3348417
7249,3,70,21748,13,70,0,0,-1,1,0,-1,4.780127,5.3085284
7250,1,70,69712,13,70,0,1,-1,1,0,-1,7.281874,5.069656
7251,6,70,69712,13,70,0,0,-1,1,0,-1,4.382815,6.240645
7252,1,18,7252,13,18,1,1,18,2,1,18,7.0925426,4.5623484
7253,3,18,21760,13,18,0,0,-1,1,0,-1,3.9957714,5.057434
7254,1,57,16324,13,57,0,1,-1,1,0,-1,3.395716,4.9361653
7255,8,57,48976,13,57,0,0,-1,1,0,-1,6.471216,5.7125525
7256,1,57,13120,13,57,0,1,-1,1,0,-1,6.3159847,3.7180805
7257,3,70,24496,13,70,0,0,-1,1,0,-1,5.5606694,3.1355758
7258,1,57,13120,13,57,1,1,-1,2,1,-1,6.7649693,6.6706076
7259,21,163,93040,13,163,0,0,-1,1,0,-1,6.7834406,3.8414085
7260,1,57,13120,13,57,0,1,-1,1,0,-1,6.2729187,5.9775867
7261,3,57,21784,13,57,0,0,-1,1,0,-1,4.986472,6.829825
7262,1,101,176740,13,101,0,1,-1,1,0,-1,5.2405334,4.855523
7263,13,101,176740,13,101,0,0,-1,1,0,-1,6.931581,5.4254136
7264,1,18,7264,13,18,1,1,18,2,1,18,7.67568,5.4425387
7265,3,163,44224,13,163,0,0,-1,1,0,-1,3.1330543,4.8554955
7266,1,70,39364,13,70,0,1,-1,1,0,-1,3.9149399,3.9826562
7267,6,70,39364,13,70,0,0,-1,1,0,-1,4.4780865,6.3510847
7268,1,70,39364,13,70,0,1,-1,1,0,-1,4.8421817,6.0582557
7269,3,70,39364,13,70,0,0,-1,1,0,-1,4.7047253,3.572948
7270,1,70,39364,13,70,1,1,-1,2,1,-1,6.2034106,6.310293
7271,32,163,209680,13,163,0,0,-1,1,0,-1,4.2397475,4.865044
7272,1,18,7272,13,18,0,1,18,1,0,18,4.751732,5.267785
7273,3,132,95956,13,132,0,0,-1,1,0,-1,7.207445,4.836586
7274,1,18,10912,13,18,0,1,-1,1,0,-1,6.6185427,3.0655239
7275,8,132,95956,13,132,0,0,-1,1,0,-1,4.892382,4.489236
7276,1,163,1276936,13,163,1,1,-1,2,1,-1,4.935366,4.360926
7277,3,163,1276936,13,163,0,0,-1,1,0,-1,5.981982,4.1048427
7278,1,163,1276936,13,163,0,1,-1,1,0,-1,5.9181485,2.9994586
7279,125,176,1702276,13,176,0,0,-1,1,0,-1,6.8202224,5.9997325
7280,1,44,7280,13,44,0,1,44,1,0,44,4.696536,6.9852033
7281,3,18,21844,13,18,0,0,-1,1,0,-1,3.3645442,5.3750443
7282,1,119,12292,13,119,1,1,-1,2,1,-1,5.036288,6.910495
7283,6,119,32776,13,119,0,0,-1,1,0,-1,7.0780296,4.815016
7284,1,44,7284,13,44,0,1,44,1,0,44,5.073096,6.1968007
7285,3,44,21856,13,44,0,0,-1,1,0,-1,7.2236,3.9276772
7286,1,163,18448,13,163,0,1,-1,1,0,-1,5.0077667,4.0490656
7287,8,163,49192,13,163,0,0,-1,1,0,-1,5.3146205,4.2312016
7288,1,44,9232,13,44,1,1,44,2,1,44,6.2586203,6.559151
7289,3,119,41524,13,119,0,0,-1,1,0,-1,4.8462644,6.6020794
7290,1,44,10936,13,44,0,1,-1,1,0,-1,5.7288527,4.8599935
7291,13,163,36916,13,163,0,0,-1,1,0,-1,6.3886766,5.3176928
7292,1,163,27700,13,163,0,1,-1,1,0,-1,6.5802455,3.1587603
7293,3,163,27700,13,163,0,0,-1,1,0,-1,7.0417953,4.4798965
7294,1,163,83104,13,163,1,1,-1,2,1,-1,5.4236016,4.9063144
7295,50,88,599056,13,88,0,0,-1,1,0,-1,7.515371,6.1408367
7296,1,39,7296,13,39,0,1,39,1,0,39,6.385087,4.466089
7297,3,163,21892,13,163,0,0,-1,1,0,-1,3.0095954,4.9154215
7298,1,44,10948,13,44,0,1,-1,1,0,-1,4.8062325,5.5848985
7299,6,44,32848,13,44,0,0,-1,1,0,-1,3.4823885,6.5474796
7300,1,44,7300,13,44,1,1,44,2,1,44,4.462471,3.8340836
7301,3,44,21904,13,44,0,0,-1,1,0,-1,3.5338802,4.857995
7302,1,44,16432,13,44,0,1,-1,1,0,-1,3.4567673,5.4836
7303,11,163,49300,13,163,0,0,-1,1,0,-1,3.463277,4.3627954
7304,1,132,9232,13,132,0,1,132,1,0,132,4.336734,6.981099
7305,3,194,399976,13,194,0,0,-1,1,0,-1,3.907582,5.5977383
7306,1,132,10960,13,132,1,1,-1,2,1,-1,5.664464,7.089876
7307,8,44,32884,13,44,0,0,-1,1,0,-1,3.5290208,3.7711456
7308,1,132,9232,13,132,0,1,132,1,0,132,3.273707,5.355813
7309,3,132,21928,13,132,0,0,-1,1,0,-1,4.957837,6.3980436
7310,1,119,24676,13,119,0,1,-1,1,0,-1,7.5166755,5.9710064
7311,11,119,74032,13,119,0,0,-1,1,0,-1,4.8458476,4.5370197
7312,1,132,9232,13,132,1,1,132,2,1,132,5.3542943,4.4162965
7313,3,119,21940,13,119,0,0,-1,1,0,-1,7.117479,4.8741803
7314,1,119,18520,13,119,0,1,-1,1,0,-1,3.644621,6.1300354
7315,6,119,32920,13,119,0,0,-1,1,0,-1,5.3304534,5.422444
7316,1,132,9232,13,132,0,1,132,1,0,132,5.46448,3.4636624
7317,3,132,21952,13,132,0,0,-1,1,0,-1,4.0288143,6.3000145
7318,1,132,16468,13,132,1,1,-1,2,1,-1,4.433554,5.870452
7319,8,132,49408,13,132,0,0,-1,1,0,-1,6.8588443,6.9692335
7320,1,132,9232,13,132,0,1,132,1,0,132,6.4769816,5.5748763
7321,3,44,24712,13,44,0,0,-1,1,0,-1,6.906779,3.2966127
7322,1,132,10984,13,132,0,1,-1,1,0,-1,5.6778393,5.137202
7323,44,163,400948,13,163,0,0,-1,1,0,-1,7.3868504,4.756468
7324,1,70,13912,13,70,1,1,-1,2,1,-1,4.48154,6.798226
7325,3,70,21976,13,70,0,0,-1,1,0,-1,6.938217,5.738166
7326,1,70,37096,13,70,0,1,-1,1,0,-1,5.854601,6.8949227
7327,39,101,281716,13,101,0,0,-1,1,0,-1,4.3050914,4.597555
7328,1,39,7328,13,39,0,1,39,1,0,39,3.450216,4.7266674
7329,3,101,70468,13,101,0,0,-1,1,0,-1,5.444621,5.8359447
7330,1,44,10996,13,44,1,1,-1,2,1,-1,4.595794,5.798461
7331,6,44,32992,13,44,0,0,-1,1,0,-1,3.4319077,6.231246
7332,1,44,20896,13,44,0,1,-1,1,0,-1,6.000105,3.7832863
7333,3,44,22000,13,44,0,0,-1,1,0,-1,6.051534,4.2893586
7334,1,44,20896,13,44,0,1,-1,1,0,-1,5.64135,3.2618551
7335,39,75,237976,13,75,0,0,-1,1,0,-1,6.521911,5.6585526
7336,1,39,7336,13,39,1,1,39,2,1,39,6.7114534,6.2608385
7337,3,176,225988,13,176,0,0,-1,1,0,-1,6.269103,4.0662975
7338,1,39,11008,13,39,0,1,-1,1,0,-1,6.0170217,3.5596223
7339,8,194,190996,13,194,0,0,-1,1,0,-1,3.8500478,3.1045432
7340,1,132,9232,13,132,0,1,132,1,0,132,6.0771422,4.8810387
7341,3,132,22024,13,132,0,0,-1,1,0,-1,4.6261225,4.728635
7342,1,132,24784,13,132,1,1,-1,2,1,-1,4.9307213,3.9992783
7343,13,70,74356,13,70,0,0,-1,1,0,-1,6.058845,3.1275587
7344,1,132,9232,13,132,0,1,132,1,0,132,5.9084687,5.24391
7345,3,163,22036,13,163,0,0,-1,1,0,-1,5.427643,6.0902333
7346,1,163,12400,13,163,0,1,-1,1,0,-1,4.8329244,6.651463
7347,6,163,33064,13,163,0,0,-1,1,0,-1,5.6963587,5.271091
7348,1,132,9232,13,132,1,1,132,2,1,132,5.824021,7.3563194
7349,3,132,22048,13,132,0,0,-1,1,0,-1,7.0972505,4.432047
7350,1,101,31408,13,101,0,1,-1,1,0,-1,3.5319288,4.1471066
7351,8,101,49624,13,101,0,0,-1,1,0,-1,5.4727235,7.0852695
7352,1,132,9232,13,132,0,1,132,1,0,132,7.2447634,6.262621
7353,3,163,24820,13,163,0,0,-1,1,0,-1,6.714279,6.665094
7354,1,132,11032,13,132,1,1,-1,2,1,-1,6.0843945,4.5851483
7355,11,101,59668,13,101,0,0,-1,1,0,-1,4.1261363,5.399501
7356,1,163,18628,13,163,0,1,-1,1,0,-1,5.754418,6.6628966
7357,3,163,22072,13,163,0,0,-1,1,0,-1,7.3105273,3.8846688
7358,1,163,55888,13,163,0,1,-1,1,0,-1,7.452957,5.9785924
7359,70,145,453256,13,145,0,0,-1,1,0,-1,5.742264,4.045759
7360,1,39,7360,13,39,1,1,39,2,1,39,4.249131,5.2442164
7361,3,132,22084,13,132,0,0,-1,1,0,-1,6.5524116,6.359894
7362,1,132,13984,13,132,0,1,-1,1,0,-1,4.5133095,6.4010863
7363,6,132,33136,13,132,0,0,-1,1,0,-1,5.1609735,3.7244
7364,1,132,9232,13,132,0,1,132,1,0,132,6.6104426,5.9195776
7365,3,132,22096,13,132,0,0,-1,1,0,-1,4.434999,5.2113204
7366,1,132,16576,13,132,1,1,-1,2,1,-1,4.214282,4.9491425
7367,13,119,59776,13,119,0,0,-1,1,0,-1,6.6655345,3.2871614
7368,1,132,9232,13,132,0,1,132,1,0,132,5.8399076,6.017121
7369,3,44,37312,13,44,0,0,-1,1,0,-1,4.1194196,3.9728973
7370,1,132,11056,13,132,0,1,-1,1,0,-1,5.112341,6.349465
7371,8,44,33172,13,44,0,0,-1,1,0,-1,6.320619,6.4000335
7372,1,132,9232,13,132,1,1,132,2,1,132,6.8698726,5.3432894
7373,3,132,22120,13,132,0,0,-1,1,0,-1,5.966444,4.0761256
7374,1,44,63016,13,44,0,1,-1,1,0,-1,3.8524554,5.693314
7375,21,44,74680,13,44,0,0,-1,1,0,-1,3.4466019,6.5101914
7376,1,39,7376,13,39,0,1,39,1,0,39,3.5207489,3.7719076
7377,3,101,95956,13,101,0,0,-1,1,0,-1,4.132204,4.559711
7378,1,101,95956,13,101,1,1,-1,2,1,-1,4.9167747,6.3754215
7379,6,101,95956,13,101,0,0,-1,1,0,-1,6.7652907,5.5556803
7380,1,39,7380,13,39,0,1,39,1,0,39,5.63638,7.1516886
7381,3,39,22144,13,39,0,0,-1,1,0,-1,6.802014,3.290931
7382,1,70,16612,13,70,0,1,-1,1,0,-1,6.3086295,7.0546737
7383,8,70,49840,13,70,0,0,-1,1,0,-1,4.2422833,4.5765114
7384,1,70,10528,13,70,1,1,-1,2,1,-1,3.9901981,5.7311754
7385,3,70,24928,13,70,0,0,-1,1,0,-1,4.674159,5.52331
7386,1,70,11080,13,70,0,1,-1,1,0,-1,5.5761533,7.133126
7387,13,70,56104,13,70,0,0,-1,1,0,-1,5.5669,3.1000953
7388,1,70,12472,13,70,0,1,-1,1,0,-1,5.2613363,4.18637
7389,3,70,22168,13,70,0,0,-1,1,0,-1,4.664587,4.3836627
7390,1,207,250504,13,207,1,1,-1,2,1,-1,5.418384,6.3515644
7391,19,207,250504,13,207,0,0,-1,1,0,-1,7.068046,5.3184466
7392,1,132,9232,13,132,0,1,132,1,0,132,3.358657,6.0165772
7393,3,57,94768,13,57,0,0,-1,1,0,-1,4.068642,6.159369
7394,1,39,11092,13,39,0,1,-1,1,0,-1,4.9578285,7.0411386
7395,6,39,33280,13,39,0,0,-1,1,0,-1,6.922857,6.1519594
7396,1,70,7396,13,70,1,1,70,2,1,70,4.274021,5.4521437
7397,3,70,22192,13,70,0,0,-1,1,0,-1,5.343575,4.7674537
7398,1,70,16648,13,70,0,1,-1,1,0,-1,6.0448737,5.119073
7399,21,93,84292,13,93,0,0,-1,1,0,-1,4.9431434,4.585436
7400,1,132,9232,13,132,0,1,132,1,0,132,4.357754,3.1954827
7401,3,70,56212,13,70,0,0,-1,1,0,-1,7.2516484,4.248504
7402,1,132,11104,13,132,1,1,-1,2,1,-1,4.9429317,6.4701214
7403,8,194,144340,13,194,0,0,-1,1,0,-1,7.4196115,4.4004593
7404,1,132,9376,13,132,0,1,132,1,0,132,6.392706,6.8802233
7405,3,132,22216,13,132,0,0,-1,1,0,-1,6.156084,6.463176
7406,1,132,25000,13,132,0,1,-1,1,0,-1,3.1600947,5.1906443
7407,34,57,427192,13,57,0,0,-1,1,0,-1,5.307631,5.265223
7408,1,132,9232,13,132,1,1,132,2,1,132,6.381382,3.1759648
7409,3,132,22228,13,132,0,0,-1,1,0,-1,5.6275673,4.9841795
7410,1,163,26728,13,163,0,1,-1,1,0,-1,4.744448,2.8732698
7411,6,163,33352,13,163,0,0,-1,1,0,-1,5.206462,5.658462
7412,1,132,9232,13,132,0,1,132,1,0,132,5.533916,3.445521
7413,3,132,22240,13,132,0,0,-1,1,0,-1,3.2647371,5.904384
7414,1,132,18772,13,132,1,1,-1,2,1,-1,6.3658266,3.88486
7415,8,132,50056,13,132,0,0,-1,1,0,-1,6.793914,6.7068
7416,1,119,15856,13,119,0,1,-1,1,0,-1,4.013708,4.5560565
7417,3,119,28168,13,119,0,0,-1,1,0,-1,7.426142,5.540457
7418,1,119,15856,13,119,0,1,-1,1,0,-1,6.5850415,3.3852646
7419,29,70,95092,13,70,0,0,-1,1,0,-1,5.1953163,4.8400965
7420,1,119,42280,13,119,1,1,-1,2,1,-1,6.212874,5.8901033
7421,3,119,42280,13,119,0,0,-1,1,0,-1,5.4303427,4.165692
7422,1,238,481624,13,238,0,1,-1,1,0,-1,6.0689907,6.3977275
7423,60,238,481624,13,238,0,0,-1,1,0,-1,5.3108516,6.0126348
7424,1,26,7424,13,26,0,1,26,1,0,26,5.921004,4.68081
7425,3,132,22276,13,132,0,0,-1,1,0,-1,6.1066823,4.80839
7426,1,70,23812,13,70,1,1,-1,2,1,-1,6.882671,4.609773
7427,6,70,33424,13,70,0,0,-1,1,0,-1,7.2244415,4.867359
7428,1,39,7428,13,39,0,1,39,1,0,39,5.0417128,3.979383
7429,3,39,22288,13,39,0,0,-1,1,0,-1,4.678444,2.9373777
7430,1,39,16720,13,39,0,1,-1,1,0,-1,6.642545,3.4689686
7431,11,70,71440,13,70,0,0,-1,1,0,-1,6.8949637,4.4736032
7432,1,132,9232,13,132,1,1,132,2,1,132,4.297432,5.591669
7433,3,70,37636,13,70,0,0,-1,1,0,-1,5.6953864,3.9015906
7434,1,132,11152,13,132,0,1,-1,1,0,-1,6.4832344,3.9443066
7435,8,44,33460,13,44,0,0,-1,1,0,-1,3.103807,4.4312654
7436,1,132,9232,13,132,0,1,132,1,0,132,6.6799927,6.1233296
7437,3,132,22312,13,132,0,0,-1,1,0,-1,6.8212175,3.3829124
7438,1,44,25108,13,44,1,1,-1,2,1,-1,6.871567,3.2891846
7439,11,44,75328,13,44,0,0,-1,1,0,-1,4.935814,6.340825
7440,1,39,7440,13,39,0,1,39,1,0,39,6.0610213,3.0433557
7441,3,132,22324,13,132,0,0,-1,1,0,-1,5.334917,5.3108816
7442,1,70,80512,13,70,0,1,-1,1,0,-1,4.2495008,5.524691
7443,6,70,80512,13,70,0,0,-1,1,0,-1,5.372286,5.894757
7444,1,39,7444,13,39,1,1,39,2,1,39,5.1733894,2.9239721
7445,3,39,22336,13,39,0,0,-1,1,0,-1,5.4118657,6.516102
7446,1,132,16756,13,132,0,1,-1,1,0,-1,4.8454804,4.9431543
7447,8,132,50272,13,132,0,0,-1,1,0,-1,6.8212028,4.37625
7448,1,39,7448,13,39,0,1,39,1,0,39,6.415052,5.432322
7449,3,114,25144,13,114,0,0,-1,1,0,-1,2.9997833,4.997588
7450,1,39,11176,13,39,1,1,-1,2,1,-1,5.7212453,5.2355685
7451,26,163,190996,13,163,0,0,-1,1,0,-1,3.85671,5.5664086
7452,1,70,15928,13,70,0,1,-1,1,0,-1,5.8628454,5.8913283
7453,3,70,22360,13,70,0,0,-1,1,0,-1,5.6588054,5.595763
7454,1,70,37744,13,70,0,1,-1,1,0,-1,4.7362833,6.629889
7455,16,70,113236,13,70,0,0,-1,1,0,-1,4.34466,3.0969212
7456,1,88,9232,13,88,1,1,88,2,1,88,5.75864,4.0735927
7457,3,70,22372,13,70,0,0,-1,1,0,-1,6.398148,3.030745
7458,1,70,11188,13,70,0,1,-1,1,0,-1,4.236065,3.290478
7459,6,70,33568,13,70,0,0,-1,1,0,-1,6.6054187,5.4010377
7460,1,70,9448,13,70,0,1,70,1,0,70,4.2084966,3.706006
7461,3,70,22384,13,70,0,0,-1,1,0,-1,6.167537,6.98452
7462,1,70,16792,13,70,1,1,-1,2,1,-1,5.6528707,5.05454
7463,13,70,56680,13,70,0,0,-1,1,0,-1,6.326351,4.8644195
7464,1,88,9232,13,88,0,1,88,1,0,88,4.3743587,4.1842284
7465,3,70,85048,13,70,0,0,-1,1,0,-1,6.517322,6.968034
7466,1,88,11200,13,88,0,1,-1,1,0,-1,4.5553937,2.992455
7467,8,70,33604,13,70,0,0,-1,1,0,-1,6.8650465,5.9030848
7468,1,39,8404,13,39,1,1,39,2,1,39,5.2374196,2.839657
7469,3,39,22408,13,39,0,0,-1,1,0,-1,6.4529395,5.976622
7470,1,39,25216,13,39,0,1,-1,1,0,-1,3.7829492,5.362602
7471,26,70,107728,13,70,0,0,-1,1,0,-1,6.280375,3.9782906
7472,1,88,9232,13,88,0,1,88,1,0,88,5.621871,4.6376815
7473,3,101,45520,13,101,0,0,-1,1,0,-1,3.6308608,6.2019806
7474,1,101,45520,13,101,1,1,-1,2,1,-1,5.547862,7.381921
7475,6,101,45520,13,101,0,0,-1,1,0,-1,3.8822682,4.7303843
7476,1,88,9232,13,88,0,1,88,1,0,88,4.3064938,5.148685
7477,3,88,22432,13,88,0,0,-1,1,0,-1,7.3940506,4.117645
7478,1,114,345544,13,114,0,1,-1,1,0,-1,5.8714,6.7743645
7479,8,114,345544,13,114,0,0,-1,1,0,-1,6.2761436,7.3314123
7480,1,132,9232,13,132,1,1,132,2,1,132,7.1695914,6.811227
7481,3,163,182068,13,163,0,0,-1,1,0,-1,7.5299053,5.155262
7482,1,132,11224,13,132,0,1,-1,1,0,-1,5.0039096,5.5803776
7483,11,39,37888,13,39,0,0,-1,1,0,-1,6.060502,7.285769
7484,1,132,18952,13,132,0,1,-1,1,0,-1,4.119887,3.9689634
7485,3,132,22456,13,132,0,0,-1,1,0,-1,3.6434534,5.261435
7486,1,70,95956,13,70,1,1,-1,2,1,-1,7.1097946,3.9473205
7487,24,70,170584,13,70,0,0,-1,1,0,-1,3.2275655,4.6002674
7488,1,26,7488,13,26,0,1,26,1,0,26,4.3206873,3.8022542
7489,3,88,22468,13,88,0,0,-1,1,0,-1,4.0519037,4.1640224
7490,1,163,21688,13,163,0,1,-1,1,0,-1,6.408896,5.046788
7491,6,163,33712,13,163,0,0,-1,1,0,-1,4.313323,6.081805
7492,1,88,9232,13,88,1,1,88,2,1,88,7.4729714,5.2486424
7493,3,88,22480,13,88,0,0,-1,1,0,-1,3.7190864,4.52966
7494,1,88,16864,13,88,0,1,-1,1,0,-1,5.6026807,5.871156
7495,21,70,96064,13,70,0,0,-1,1,0,-1,6.938452,5.024191
7496,1,176,250504,13,176,0,1,-1,1,0,-1,6.1352615,7.105761
7497,3,62,40552,13,62,0,0,-1,1,0,-1,3.136321,4.237007
7498,1,176,250504,13,176,1,1,-1,2,1,-1,5.129416,5.305186
7499,8,88,33748,13,88,0,0,-1,1,0,-1,6.379449,6.159385
7500,1,176,250504,13,176,0,1,-1,1,0,-1,6.030532,6.4346666
7501,3,176,250504,13,176,0,0,-1,1,0,-1,5.678837,6.5064073
7502,1,62,32056,13,62,0,1,-1,1,0,-1,5.412486,6.236296
7503,13,62,75976,13,62,0,0,-1,1,0,-1,4.1927605,4.087751
7504,1,26,7504,13,26,1,1,26,2,1,26,6.5918016,6.2611165
7505,3,176,250504,13,176,0,0,-1,1,0,-1,5.267635,5.8225756
7506,1,163,144340,13,163,0,1,-1,1,0,-1,6.2971582,7.3856354
7507,6,163,144340,13,163,0,0,-1,1,0,-1,6.6441646,7.182523
7508,1,26,7508,13,26,0,1,26,1,0,26,5.6748333,4.094945
7509,3,26,22528,13,26,0,0,-1,1,0,-1,6.5759106,5.2306085
7510,1,62,16900,13,62,1,1,-1,2,1,-1,4.28885,3.4838903
7511,8,62,50704,13,62,0,0,-1,1,0,-1,6.2852893,6.78139
7512,1,88,9232,13,88,0,1,88,1,0,88,3.7799673,6.7284226
7513,3,88,25360,13,88,0,0,-1,1,0,-1,7.7861466,5.1320996
7514,1,88,11272,13,88,0,1,-1,1,0,-1,6.44807,4.300349
7515,16,207,146500,13,207,0,0,-1,1,0,-1,4.9199038,5.217521
7516,1,88,12688,13,88,1,1,-1,2,1,-1,5.3846817,3.7323713
7517,3,88,22552,13,88,0,0,-1,1,0,-1,4.571275,6.2423244
7518,1,88,38068,13,88,0,1,-1,1,0,-1,6.797702,4.886603
7519,13,88,114208,13,88,0,0,-1,1,0,-1,7.153694,5.7998405
7520,1,132,9232,13,132,0,1,132,1,0,132,5.1503725,5.1880994
7521,3,44,28564,13,44,0,0,-1,1,0,-1,7.0935144,4.8061247
7522,1,39,11284,13,39,1,1,-1,2,1,-1,5.523679,5.7142353
7523,6,39,33856,13,39,0,0,-1,1,0,-1,7.2083306,5.6319637
7524,1,39,7524,13,39,0,1,39,1,0,39,4.4311633,7.128173
7525,3,39,22576,13,39,0,0,-1,1,0,-1,4.4809365,4.2446136
7526,1,39,16936,13,39,0,1,-1,1,0,-1,3.4723504,6.1909275
7527,119,150,846916,13,150,0,0,-1,1,0,-1,5.134728,4.5496006
7528,1,132,9232,13,132,1,1,132,2,1,132,4.2827263,7.0160956
7529,3,62,57184,13,62,0,0,-1,1,0,-1,5.159056,5.1911783
7530,1,132,11296,13,132,0,1,-1,1,0,-1,6.0811157,4.37016
7531,8,62,33892,13,62,0,0,-1,1,0,-1,4.3867435,2.8040934
7532,1,88,14308,13,88,0,1,-1,1,0,-1,5.4788685,7.57386
7533,3,88,22600,13,88,0,0,-1,1,0,-1,5.025674,2.8000836
7534,1,88,25432,13,88,1,1,-1,2,1,-1,5.400306,5.557133
7535,16,88,85840,13,88,0,0,-1,1,0,-1,7.1670766,4.9381523
7536,1,132,9232,13,132,0,1,132,1,0,132,5.084737,4.219555
7537,3,132,22612,13,132,0,0,-1,1,0,-1,4.8560114,2.9278364
7538,1,114,39364,13,114,0,1,-1,1,0,-1,7.7264676,4.9897513
7539,6,114,39364,13,114,0,0,-1,1,0,-1,6.1731505,3.5129704
7540,1,132,9232,13,132,1,1,132,2,1,132,7.2195344,3.9594696
7541,3,132,22624,13,132,0,0,-1,1,0,-1,3.0987377,5.7314157
7542,1,114,39364,13,114,0,1,-1,1,0,-1,4.750287,2.9771063
7543,8,114,50920,13,114,0,0,-1,1,0,-1,3.4468424,6.3510194
7544,1,39,9556,13,39,0,1,39,1,0,39,5.1350117,3.9942737
7545,3,70,96712,13,70,0,0,-1,1,0,-1,7.5273147,5.966716
7546,1,39,11320,13,39,1,1,-1,2,1,-1,5.3911366,6.1315804
7547,13,114,103336,13,114,0,0,-1,1,0,-1,5.2529125,4.8521996
7548,1,39,28672,13,39,0,1,-1,1,0,-1,4.1865125,3.3701222
7549,3,39,28672,13,39,0,0,-1,1,0,-1,6.1092596,5.4839435
7550,1,88,86020,13,88,0,1,-1,1,0,-1,5.070714,3.2309995
7551,26,88,258064,13,88,0,0,-1,1,0,-1,6.4666047,7.3767004
7552,1,39,7552,13,39,1,1,39,2,1,39,6.5527115,3.9320588
7553,3,132,22660,13,132,0,0,-1,1,0,-1,5.6262226,6.280798
7554,1,132,11332,13,132,0,1,-1,1,0,-1,3.5504644,4.261256
7555,6,132,34000,13,132,0,0,-1,1,0,-1,4.212,4.424661
7556,1,83,8080,13,83,0,1,83,1,0,83,4.0776196,7.2617087
7557,3,83,22672,13,83,0,0,-1,1,0,-1,6.086683,4.230134
7558,1,83,17008,13,83,1,1,-1,2,1,-1,7.310456,6.388252
7559,11,132,51028,13,132,0,0,-1,1,0,-1,6.5509133,4.056531
7560,1,39,7560,13,39,0,1,39,1,0,39,5.324323,2.641903
7561,3,83,43072,13,83,0,0,-1,1,0,-1,6.151758,5.426985
7562,1,39,11344,13,39,0,1,-1,1,0,-1,4.8509808,3.068906
7563,8,83,34036,13,83,0,0,-1,1,0,-1,5.2425375,4.593522
7564,1,39,8512,13,39,1,1,39,2,1,39,4.9724293,4.391261
7565,3,39,22696,13,39,0,0,-1,1,0,-1,5.961749,6.8057427
7566,1,132,25540,13,132,0,1,-1,1,0,-1,6.92622,6.0194387
7567,11,132,76624,13,132,0,0,-1,1,0,-1,6.71086,6.9196477
7568,1,39,7568,13,39,0,1,39,1,0,39,5.54697,6.3113766
7569,3,132,22708,13,132,0,0,-1,1,0,-1,7.195576,6.4956837
7570,1,132,19168,13,132,1,1,-1,2,1,-1,3.6201472,6.3394017
7571,6,132,34072,13,132,0,0,-1,1,0,-1,3.2484593,3.5684984
7572,1,39,7572,13,39,0,1,39,1,0,39,5.364554,6.7190585
7573,3,39,22720,13,39,0,0,-1,1,0,-1,5.7688403,2.859436
7574,1,83,17044,13,83,0,1,-1,1,0,-1,5.933181,3.5721474
7575,8,83,51136,13,83,0,0,-1,1,0,-1,3.0803294,4.992153
7576,1,39,7576,13,39,1,1,39,2,1,39,6.850443,6.212584
7577,3,83,25576,13,83,0,0,-1,1,0,-1,5.261612,5.1239347
7578,1,39,11368,13,39,0,1,-1,1,0,-1,7.1876817,5.6665635
7579,44,132,599056,13,132,0,0,-1,1,0,-1,6.137383,4.3998475
7580,1,176,138400,13,176,0,1,-1,1,0,-1,6.520635,7.0880647
7581,3,176,138400,13,176,0,0,-1,1,0,-1,5.197996,5.997992
7582,1,176,138400,13,176,1,1,-1,2,1,-1,7.8481812,5.354742
7583,32,83,145780,13,83,0,0,-1,1,0,-1,5.2214794,5.106205
7584,1,39,7584,13,39,0,1,39,1,0,39,6.2264867,7.233674
7585,3,132,22756,13,132,0,0,-1,1,0,-1,7.81397,4.7878118
7586,1,70,11380,13,70,0,1,-1,1,0,-1,5.423481,7.0922976
7587,6,70,34144,13,70,0,0,-1,1,0,-1,4.8925185,6.280436
7588,1,70,14416,13,70,1,1,-1,2,1,-1,5.5192256,5.2700586
7589,3,70,22768,13,70,0,0,-1,1,0,-1,4.027865,3.3169348
7590,1,70,17080,13,70,0,1,-1,1,0,-1,3.3431373,4.3159966
7591,16,176,57652,13,176,0,0,-1,1,0,-1,3.1719995,5.3006835
7592,1,39,7592,13,39,0,1,39,1,0,39,4.209175,4.239761
7593,3,176,129760,13,176,0,0,-1,1,0,-1,3.0719779,4.0275526
7594,1,39,11392,13,39,1,1,-1,2,1,-1,3.8535936,3.8999195
7595,8,132,34180,13,132,0,0,-1,1,0,-1,6.7821455,6.313566
7596,1,70,8548,13,70,0,1,70,1,0,70,5.9633455,6.204707
7597,3,70,22792,13,70,0,0,-1,1,0,-1,6.4844494,4.489264
7598,1,70,25648,13,70,0,1,-1,1,0,-1,3.4747484,5.266077
7599,13,57,76948,13,57,0,0,-1,1,0,-1,6.182645,3.620015
7600,1,31,7600,13,31,1,1,31,2,1,31,7.356655,3.7735305
7601,3,31,22804,13,31,0,0,-1,1,0,-1,5.336676,3.0672972
7602,1,31,12832,13,31,0,1,-1,1,0,-1,6.086926,7.1988516
7603,6,31,34216,13,31,0,0,-1,1,0,-1,4.693037,5.924076
7604,1,31,7604,13,31,0,1,31,1,0,31,5.462433,5.2389326
7605,3,31,22816,13,31,0,0,-1,1,0,-1,3.907109,6.810105
7606,1,83,61720,13,83,1,1,-1,2,1,-1,4.9943867,5.281465
7607,8,83,61720,13,83,0,0,-1,1,0,-1,5.92739,5.8937345
7608,1,31,7608,13,31,0,1,31,1,0,31,5.576548,4.4467053
7609,3,31,25684,13,31,0,0,-1,1,0,-1,3.9224591,4.028427
7610,1,31,11416,13,31,0,1,-1,1,0,-1,4.873892,2.8411567
7611,11,132,38536,13,132,0,0,-1,1,0,-1,3.8526552,5.48365
7612,1,132,21688,13,132,1,1,-1,2,1,-1,4.97593,7.4162126
7613,3,132,22840,13,132,0,0,-1,1,0,-1,7.1857142,5.9433055
7614,1,132,57832,13,132,0,1,-1,1,0,-1,4.5418425,5.3091717
7615,32,57,494080,13,57,0,0,-1,1,0,-1,7.391535,5.4382215
7616,1,39,7616,13,39,0,1,39,1,0,39,4.9823294,3.4353855
7617,3,176,22852,13,176,0,0,-1,1,0,-1,4.5301485,5.9769673
7618,1,176,32560,13,176,1,1,-1,2,1,-1,6.0478086,6.9957232
7619,6,176,34288,13,176,0,0,-1,1,0,-1,7.320886,5.879421
7620,1,39,7620,13,39,0,1,39,1,0,39,7.5040216,5.831071
7621,3,39,22864,13,39,0,0,-1,1,0,-1,3.543934,6.2684197
7622,1,39,17152,13,39,0,1,-1,1,0,-1,6.416585,4.9397545
7623,13,70,51460,13,70,0,0,-1,1,0,-1,4.369287,4.025483
7624,1,31,7624,13,31,1,1,31,2,1,31,3.6557486,4.6084995
7625,3,83,38608,13,83,0,0,-1,1,0,-1,5.0153613,7.5288982
7626,1,31,11440,13,31,0,1,-1,1,0,-1,6.3664603,3.9029167
7627,8,83,34324,13,83,0,0,-1,1,0,-1,5.1497808,6.1606255
7628,1,31,8584,13,31,0,1,31,1,0,31,4.9483495,4.591968
7629,3,31,22888,13,31,0,0,-1,1,0,-1,7.2267036,5.0767264
7630,1,176,48904,13,176,1,1,-1,2,1,-1,5.669315,5.906119
7631,21,176,77272,13,176,0,0,-1,1,0,-1,3.8410368,3.7201245
7632,1,39,7632,13,39,0,1,39,1,0,39,7.273937,3.4738586
7633,3,31,22900,13,31,0,0,-1,1,0,-1,4.0635777,6.1344557
7634,1,83,28996,13,83,0,1,-1,1,0,-1,7.525858,5.830734
7635,6,83,34360,13,83,0,0,-1,1,0,-1,5.707312,5.5957646
7636,1,39,7636,13,39,1,1,39,2,1,39,5.8402867,4.4079905
7637,3,39,22912,13,39,0,0,-1,1,0,-1,6.2252035,6.4557285
7638,1,31,21760,13,31,0,1,-1,1,0,-1,6.912058,4.0224
7639,8,31,51568,13,31,0,0,-1,1,0,-1,6.084409,4.7902455
7640,1,31,7640,13,31,0,1,31,1,0,31,7.3579516,6.3339925
7641,3,31,25792,13,31,0,0,-1,1,0,-1,5.6416135,5.5423255
7642,1,31,11464,13,31,1,1,-1,2,1,-1,6.5918264,5.042322
7643,13,70,58048,13,70,0,0,-1,1,0,-1,5.18924,5.7466555
7644,1,31,12904,13,31,0,1,-1,1,0,-1,6.4283614,5.356892
7645,3,31,22936,13,31,0,0,-1,1,0,-1,5.3313074,2.9964936
7646,1,176,98008,13,176,0,1,-1,1,0,-1,4.680885,6.1032224
7647,34,176,116152,13,176,0,0,-1,1,0,-1,4.4314814,5.5053415
7648,1,57,9232,13,57,1,1,57,2,1,57,4.7727795,4.4060388
7649,3,114,176740,13,114,0,0,-1,1,0,-1,3.2425551,5.6838374
7650,1,39,11476,13,39,0,1,-1,1,0,-1,3.0341268,5.742979
7651,6,39,34432,13,39,0,0,-1,1,0,-1,7.616386,4.8691664
7652,1,83,39364,13,83,0,1,-1,1,0,-1,4.2064295,7.0165906
7653,3,83,39364,13,83,0,0,-1,1,0,-1,5.317505,7.3548675
7654,1,83,39364,13,83,1,1,-1,2,1,-1,4.286229,3.9944625
7655,19,83,87208,13,83,0,0,-1,1,0,-1,5.7613277,6.5641856
7656,1,57,9232,13,57,0,1,57,1,0,57,4.6249146,4.005339
7657,3,83,65428,13,83,0,0,-1,1,0,-1,4.397295,4.330219
7658,1,57,11488,13,57,0,1,-1,1,0,-1,6.2766867,5.9837537
7659,8,176,209680,13,176,0,0,-1,1,0,-1,4.0755386,5.0136375
7660,1,176,1276936,13,176,1,1,-1,2,1,-1,5.9337997,4.007396
7661,3,176,1276936,13,176,0,0,-1,1,0,-1,6.254522,2.7756941
7662,1,176,1276936,13,176,0,1,-1,1,0,-1,4.47852,4.173784
7663,44,88,314656,13,88,0,0,-1,1,0,-1,4.5690856,3.21332
7664,1,57,9232,13,57,0,1,57,1,0,57,7.435936,3.799371
7665,3,57,22996,13,57,0,0,-1,1,0,-1,3.6473372,5.60278
7666,1,57,14560,13,57,1,1,-1,2,1,-1,5.217586,7.033213
7667,6,57,34504,13,57,0,0,-1,1,0,-1,4.5313435,2.997264
7668,1,57,9232,13,57,0,1,57,1,0,57,4.373901,5.164929
7669,3,57,23008,13,57,0,0,-1,1,0,-1,4.7049904,3.0148053
7670,1,132,32776,13,132,0,1,-1,1,0,-1,4.8395286,7.0574484
7671,8,132,51784,13,132,0,0,-1,1,0,-1,3.435968,3.7563252
7672,1,132,41524,13,132,1,1,-1,2,1,-1,3.1634436,4.6722727
7673,3,57,29140,13,57,0,0,-1,1,0,-1,4.245705,3.8153193
7674,1,132,41524,13,132,0,1,-1,1,0,-1,3.5203838,3.8758154
7675,16,176,43720,13,176,0,0,-1,1,0,-1,3.5935466,4.6530633
7676,1,132,65608,13,132,0,1,-1,1,0,-1,3.7969096,5.797414
7677,3,132,65608,13,132,0,0,-1,1,0,-1,4.562855,2.9634857
7678,1,114,897856,13,114,1,1,-1,2,1,-1,6.745318,5.175339
7679,60,114,897856,13,114,0,0,-1,1,0,-1,3.975434,3.5490963
7680,1,26,7680,13,26,0,1,26,1,0,26,6.9656487,6.43096
7681,3,176,83104,13,176,0,0,-1,1,0,-1,3.11501,4.6088095
7682,1,39,11524,13,39,0,1,-1,1,0,-1,5.5921936,5.7475924
7683,6,39,34576,13,39,0,0,-1,1,0,-1,5.1186028,4.719934
7684,1,145,9232,13,145,1,1,145,2,1,145,6.1955285,2.823809
7685,3,145,23056,13,145,0,0,-1,1,0,-1,4.799668,5.674141
7686,1,145,17296,13,145,0,1,-1,1,0,-1,6.5484324,6.9004636
7687,11,57,51892,13,57,0,0,-1,1,0,-1,4.776158,5.2315054
7688,1,52,7688,13,52,0,1,52,1,0,52,4.7479534,6.5991373
7689,3,57,38932,13,57,0,0,-1,1,0,-1,5.4651957,3.6683965
7690,1,52,11536,13,52,1,1,-1,2,1,-1,4.94156,6.7052503
7691,8,145,34612,13,145,0,0,-1,1,0,-1,6.1964545,4.7058554
7692,1,52,8656,13,52,0,1,52,1,0,52,5.4609394,3.579777
7693,3,52,23080,13,52,0,0,-1,1,0,-1,4.5411835,4.695458
7694,1,145,25972,13,145,0,1,-1,1,0,-1,5.6335425,7.3281107
7695,11,145,77920,13,145,0,0,-1,1,0,-1,5.193998,4.987547
7696,1,52,7696,13,52,1,1,52,2,1,52,6.9589243,4.0462146
7697,3,52,23092,13,52,0,0,-1,1,0,-1,4.5404015,7.097378
7698,1,132,24676,13,132,0,1,-1,1,0,-1,3.8392477,6.2588406
7699,6,132,34648,13,132,0,0,-1,1,0,-1,5.737992,3.650331
7700,1,52,7700,13,52,0,1,52,1,0,52,5.367974,6.0447054
7701,3,52,23104,13,52,0,0,-1,1,0,-1,5.2233524,4.861567
7702,1,145,17332,13,145,1,1,-1,2,1,-1,4.824392,3.7395878
7703,8,145,52000,13,145,0,0,-1,1,0,-1,4.0183153,3.4072149
7704,1,52,7704,13,52,0,1,52,1,0,52,7.335646,5.3555717
7705,3,145,26008,13,145,0,0,-1,1,0,-1,4.1647778,5.6676564
7706,1,52,11560,13,52,0,1,-1,1,0,-1,4.1065807,3.4862638
7707,32,70,166696,13,70,0,0,-1,1,0,-1,5.63015,5.599754
7708,1,52,13012,13,52,1,1,-1,2,1,-1,4.7350984,5.754444
7709,3,52,23128,13,52,0,0,-1,1,0,-1,5.801724,3.2254214
7710,1,52,39040,13,52,0,1,-1,1,0,-1,7.443196,6.1661353
7711,26,132,117124,13,132,0,0,-1,1,0,-1,4.7426705,3.212165
7712,1,26,7712,13,26,0,1,26,1,0,26,4.5180044,2.9913054
7713,3,83,23140,13,83,0,0,-1,1,0,-1,3.7213883,4.442451
7714,1,52,11572,13,52,1,1,-1,2,1,-1,3.1519396,5.64811
7715,6,52,34720,13,52,0,0,-1,1,0,-1,3.9738362,4.841854
7716,1,57,10996,13,57,0,1,-1,1,0,-1,6.886775,5.819241
7717,3,57,23152,13,57,0,0,-1,1,0,-1,3.5640485,5.0595512
7718,1,57,17368,13,57,0,1,-1,1,0,-1,4.720012,5.074399
7719,13,52,58624,13,52,0,0,-1,1,0,-1,5.8348107,6.917607
7720,1,26,7720,13,26,1,1,26,2,1,26,3.0414948,5.6118755
7721,3,114,250504,13,114,0,0,-1,1,0,-1,3.3309958,5.151645
7722,1,26,11584,13,26,0,1,-1,1,0,-1,6.4089994,4.303725
7723,8,52,34756,13,52,0,0,-1,1,0,-1,5.36038,4.401153
7724,1,145,9232,13,145,0,1,145,1,0,145,4.538955,5.511986
7725,3,145,23176,13,145,0,0,-1,1,0,-1,3.57256,3.4895022
7726,1,145,26080,13,145,1,1,-1,2,1,-1,4.7003465,5.0516334
7727,52,88,237976,13,88,0,0,-1,1,0,-1,5.2629304,4.0771875
7728,1,26,7728,13,26,0,1,26,1,0,26,7.1261015,5.86568
7729,3,145,24784,13,145,0,0,-1,1,0,-1,5.5977206,5.918744
7730,1,145,24784,13,145,0,1,-1,1,0,-1,3.4328492,6.4156413
7731,6,145,34792,13,145,0,0,-1,1,0,-1,6.92376,3.2241251
7732,1,26,7732,13,26,1,1,26,2,1,26,5.2972074,4.2137065
7733,3,26,23200,13,26,0,0,-1,1,0,-1,5.7313795,2.7520206
7734,1,83,223072,13,83,0,1,-1,1,0,-1,4.87738,2.7360494
7735,8,83,223072,13,83,0,0,-1,1,0,-1,3.0253005,4.6586194
7736,1,145,9232,13,145,0,1,145,1,0,145,7.105597,3.6841488
7737,3,176,26116,13,176,0,0,-1,1,0,-1,4.537736,7.0463424
7738,1,145,11608,13,145,1,1,-1,2,1,-1,6.341576,3.40488
7739,11,145,39184,13,145,0,0,-1,1,0,-1,4.9023914,6.850497
7740,1,145,19600,13,145,0,1,-1,1,0,-1,3.6914725,5.701031
7741,3,145,23224,13,145,0,0,-1,1,0,-1,6.7224393,3.8750784
7742,1,114,58804,13,114,0,1,-1,1,0,-1,3.5668538,4.518288
7743,16,114,176416,13,114,0,0,-1,1,0,-1,7.923518,5.669082
7744,1,101,9232,13,101,1,1,101,2,1,101,4.527457,2.8241334
7745,3,52,23236,13,52,0,0,-1,1,0,-1,6.895574,5.8413477
7746,1,52,11620,13,52,0,1,-1,1,0,-1,6.507511,5.526196
7747,6,52,34864,13,52,0,0,-1,1,0,-1,6.019358,5.835789
7748,1,52,7748,13,52,0,1,52,1,0,52,6.108228,4.023923
7749,3,52,23248,13,52,0,0,-1,1,0,-1,7.1642137,5.973654
7750,1,52,17440,13,52,1,1,-1,2,1,-1,6.214487,3.4207127
7751,16,176,55888,13,176,0,0,-1,1,0,-1,5.3695936,4.0376177
7752,1,52,7752,13,52,0,1,52,1,0,52,5.055644,4.3424497
7753,3,145,39256,13,145,0,0,-1,1,0,-1,3.840453,6.9775863
7754,1,52,11632,13,52,0,1,-1,1,0,-1,3.8398368,4.568919
7755,8,52,34900,13,52,0,0,-1,1,0,-1,7.2270346,5.8999763
7756,1,52,8728,13,52,1,1,52,2,1,52,6.691139,5.7509317
7757,3,52,23272,13,52,0,0,-1,1,0,-1,3.5132773,6.5339375
7758,1,145,29464,13,145,0,1,-1,1,0,-1,4.965688,4.8949647
7759,13,145,78568,13,145,0,0,-1,1,0,-1,4.9598956,6.8007865
7760,1,101,9232,13,101,0,1,101,1,0,101,6.7828484,4.2726145
7761,3,145,23284,13,145,0,0,-1,1,0,-1,6.4526772,4.5673795
7762,1,145,44224,13,145,1,1,-1,2,1,-1,4.890881,5.063886
7763,6,145,44224,13,145,0,0,-1,1,0,-1,4.492597,4.7761025
7764,1,101,9232,13,101,0,1,101,1,0,101,6.624002,4.681017
7765,3,101,23296,13,101,0,0,-1,1,0,-1,5.3777957,5.450542
7766,1,52,17476,13,52,0,1,-1,1,0,-1,7.3658724,6.0184803
7767,8,52,52432,13,52,0,0,-1,1,0,-1,5.4198275,4.0866747
7768,1,39,7768,13,39,1,1,39,2,1,39,3.7160537,5.3008523
7769,3,114,95956,13,114,0,0,-1,1,0,-1,5.843821,6.7426486
7770,1,39,11656,13,39,0,1,-1,1,0,-1,7.138184,3.9394817
7771,19,114,95956,13,114,0,0,-1,1,0,-1,5.4215717,4.7159553
7772,1,39,13120,13,39,0,1,-1,1,0,-1,2.997079,4.4890842
7773,3,39,23320,13,39,0,0,-1,1,0,-1,4.152955,5.6314316
7774,1,52,39364,13,52,1,1,-1,2,1,-1,3.8389184,5.448859
7775,13,52,118096,13,52,0,0,-1,1,0,-1,4.8250694,6.519044
7776,1,101,9232,13,101,0,1,101,1,0,101,5.48673,3.1405952
7777,3,83,29536,13,83,0,0,-1,1,0,-1,7.578837,5.217423
7778,1,39,11668,13,39,0,1,-1,1,0,-1,5.2392073,5.5976806
7779,6,39,35008,13,39,0,0,-1,1,0,-1,3.4600642,5.3368816
7780,1,39,7780,13,39,1,1,39,2,1,39,4.82075,4.047178
7781,3,39,23344,13,39,0,0,-1,1,0,-1,5.769134,6.388502
7782,1,39,17512,13,39,0,1,-1,1,0,-1,4.8641033,3.841868
7783,24,83,133000,13,83,0,0,-1,1,0,-1,5.393318,4.9728036
7784,1,101,9232,13,101,0,1,101,1,0,101,6.407949,3.5573344
7785,3,220,250504,13,220,0,0,-1,1,0,-1,4.8833637,3.9469204
7786,1,101,11680,13,101,1,1,-1,2,1,-1,4.0133224,3.8650603
7787,8,70,94768,13,70,0,0,-1,1,0,-1,6.687863,6.169231
7788,1,83,22192,13,83,0,1,-1,1,0,-1,4.8678765,6.730888
7789,3,83,23368,13,83,0,0,-1,1,0,-1,3.2984667,5.5605536
7790,1,83,26296,13,83,0,1,-1,1,0,-1,3.51046,5.04178
7791,21,70,88756,13,70,0,0,-1,1,0,-1,3.2151325,3.8522053
7792,1,145,9232,13,145,1,1,145,2,1,145,3.7527604,3.8064773
7793,3,101,23380,13,101,0,0,-1,1,0,-1,3.5796928,5.940483
7794,1,145,13156,13,145,0,1,-1,1,0,-1,4.5982876,3.6121547
7795,6,145,35080,13,145,0,0,-1,1,0,-1,5.760703,6.1416426
7796,1,145,9232,13,145,0,1,145,1,0,145,5.1369843,7.12779
7797,3,145,23392,13,145,0,0,-1,1,0,-1,3.3899047,4.9040146
7798,1,145,19744,13,145,1,1,-1,2,1,-1,6.417463,5.6965737
7799,8,145,52648,13,145,0,0,-1,1,0,-1,6.5543528,5.3325915
7800,1,145,9880,13,145,0,1,145,1,0,145,5.8377376,4.2514453
7801,3,145,44440,13,145,0,0,-1,1,0,-1,3.829579,4.0836263
7802,1,145,11704,13,145,0,1,-1,1,0,-1,4.905794,4.68661
7803,13,145,39508,13,145,0,0,-1,1,0,-1,4.0040493,3.2293763
7804,1,176,33352,13,176,1,1,-1,2,1,-1,4.9950457,5.740586
7805,3,176,33352,13,176,0,0,-1,1,0,-1,5.275572,7.110928
7806,1,176,88936,13,176,0,1,-1,1,0,-1,4.325201,5.540656
7807,34,83,675376,13,83,0,0,-1,1,0,-1,5.4995484,6.4714966
7808,1,26,7808,13,26,0,1,26,1,0,26,4.790524,5.1456814
7809,3,145,50056,13,145,0,0,-1,1,0,-1,3.8832564,3.6021304
7810,1,101,11716,13,101,1,1,-1,2,1,-1,5.8543925,5.984882
7811,6,101,35152,13,101,0,0,-1,1,0,-1,6.1179347,4.998733
7812,1,39,7812,13,39,0,1,39,1,0,39,3.896208,5.1182156
7813,3,39,23440,13,39,0,0,-1,1,0,-1,3.927375,5.6641493
7814,1,39,17584,13,39,0,1,-1,1,0,-1,5.9909787,3.4873106
7815,11,132,52756,13,132,0,0,-1,1,0,-1,3.9162035,4.0516496
7816,1,101,9232,13,101,1,1,101,2,1,101,4.2292285,6.814826
7817,3,132,84544,13,132,0,0,-1,1,0,-1,3.920061,5.1886754
7818,1,101,11728,13,101,0,1,-1,1,0,-1,7.1964417,4.926835
7819,8,39,35188,13,39,0,0,-1,1,0,-1,7.393662,3.7917118
7820,1,101,9232,13,101,0,1,101,1,0,101,4.939042,5.33038
7821,3,101,23464,13,101,0,0,-1,1,0,-1,5.2972903,7.0639334
7822,1,83,33424,13,83,1,1,-1,2,1,-1,5.718911,6.1619444
7823,11,83,79216,13,83,0,0,-1,1,0,-1,6.41223,3.0421696
7824,1,52,7824,13,52,0,1,52,1,0,52,6.9622526,5.9264402
7825,3,145,23476,13,145,0,0,-1,1,0,-1,5.94624,6.877975
7826,1,145,19816,13,145,0,1,-1,1,0,-1,7.2209005,5.546585
7827,6,145,35224,13,145,0,0,-1,1,0,-1,6.499452,4.51599
7828,1,52,7828,13,52,1,1,52,2,1,52,3.6268842,6.6713724
7829,3,52,23488,13,52,0,0,-1,1,0,-1,4.216911,5.455648
7830,1,101,17620,13,101,0,1,-1,1,0,-1,6.2621226,7.492258
7831,8,101,52864,13,101,0,0,-1,1,0,-1,5.3327856,3.606645
7832,1,52,7832,13,52,0,1,52,1,0,52,4.848975,5.797169
7833,3,57,26440,13,57,0,0,-1,1,0,-1,6.069187,6.601102
7834,1,52,11752,13,52,1,1,-1,2,1,-1,3.336986,4.0416102
7835,26,57,100420,13,57,0,0,-1,1,0,-1,4.0696597,5.0058126
7836,1,83,80512,13,83,0,1,-1,1,0,-1,4.750795,6.58808
7837,3,83,80512,13,83,0,0,-1,1,0,-1,6.2687807,6.715372
7838,1,83,80512,13,83,0,1,-1,1,0,-1,4.616338,6.976021
7839,39,83,200932,13,83,0,0,-1,1,0,-1,3.1361725,3.9843144
7840,1,26,7840,13,26,1,1,26,2,1,26,3.6169047,4.6534314
7841,3,52,23524,13,52,0,0,-1,1,0,-1,5.842242,3.9385772
7842,1,52,11764,13,52,0,1,-1,1,0,-1,4.4966836,5.698188
7843,6,52,35296,13,52,0,0,-1,1,0,-1,6.908862,6.6072173
7844,1,176,190996,13,176,0,1,-1,1,0,-1,5.521386,4.8641553
7845,3,176,190996,13,176,0,0,-1,1,0,-1,6.1136127,7.341626
7846,1,176,190996,13,176,1,1,-1,2,1,-1,5.441617,3.878932
7847,21,127,67048,13,127,0,0,-1,1,0,-1,4.75463,6.2136927
7848,1,26,7848,13,26,0,1,26,1,0,26,5.811604,3.689539
7849,3,127,381976,13,127,0,0,-1,1,0,-1,7.6697226,5.003638
7850,1,26,11776,13,26,0,1,-1,1,0,-1,5.2815795,4.9554625
7851,8,83,37744,13,83,0,0,-1,1,0,-1,4.8338723,6.0240593
7852,1,83,9448,13,83,1,1,83,2,1,83,3.804348,3.2836864
7853,3,83,23560,13,83,0,0,-1,1,0,-1,5.6182313,6.3833094
7854,1,83,26512,13,83,0,1,-1,1,0,-1,4.914086,2.9513786
7855,13,83,79540,13,83,0,0,-1,1,0,-1,7.1847053,5.629917
7856,1,145,9232,13,145,0,1,145,1,0,145,7.1551905,3.4679658
7857,3,101,23572,13,101,0,0,-1,1,0,-1,4.2387056,5.771243
7858,1,101,13264,13,101,1,1,-1,2,1,-1,6.6753044,6.021538
7859,6,101,35368,13,101,0,0,-1,1,0,-1,3.9870021,5.013109
7860,1,145,9232,13,145,0,1,145,1,0,145,6.892625,6.542231
7861,3,145,23584,13,145,0,0,-1,1,0,-1,4.45343,6.487518
7862,1,83,85048,13,83,0,1,-1,1,0,-1,5.2784705,5.499285
7863,8,83,85048,13,83,0,0,-1,1,0,-1,4.813996,3.8733304
7864,1,145,9232,13,145,1,1,145,2,1,145,6.276392,7.178151
7865,3,52,26548,13,52,0,0,-1,1,0,-1,5.130417,5.8236213
7866,1,145,11800,13,145,0,1,-1,1,0,-1,5.382661,4.968141
7867,11,52,39832,13,52,0,0,-1,1,0,-1,7.0493217,4.34687
7868,1,101,19924,13,101,0,1,-1,1,0,-1,4.352199,6.8588095
7869,3,101,23608,13,101,0,0,-1,1,0,-1,5.2913775,2.5867827
7870,1,101,59776,13,101,1,1,-1,2,1,-1,6.3197856,6.4298425
7871,26,83,179332,13,83,0,0,-1,1,0,-1,5.815231,6.445001
7872,1,52,7872,13,52,0,1,52,1,0,52,3.2798789,6.3384647
7873,3,145,23620,13,145,0,0,-1,1,0,-1,5.6038966,4.9655185
7874,1,127,345544,13,127,0,1,-1,1,0,-1,3.111195,5.463339
7875,6,127,345544,13,127,0,0,-1,1,0,-1,4.292057,5.5998316
7876,1,26,7876,13,26,1,1,26,2,1,26,6.832662,5.386621
7877,3,26,23632,13,26,0,0,-1,1,0,-1,4.3616166,4.303867
7878,1,26,17728,13,26,0,1,-1,1,0,-1,6.4744463,7.1369557
7879,13,145,53188,13,145,0,0,-1,1,0,-1,4.7349253,2.7870405
7880,1,26,7880,13,26,0,1,26,1,0,26,5.5976624,3.2368944
7881,3,145,39904,13,145,0,0,-1,1,0,-1,3.2839139,3.8071384
7882,1,26,11824,13,26,1,1,-1,2,1,-1,3.782145,4.824856
7883,8,83,95956,13,83,0,0,-1,1,0,-1,5.3152995,4.1929426
7884,1,26,8872,13,26,0,1,26,1,0,26,6.813999,4.8487415
7885,3,26,23656,13,26,0,0,-1,1,0,-1,5.7187805,5.5468817
7886,1,176,575728,13,176,0,1,-1,1,0,-1,3.4158008,5.2375073
7887,65,176,575728,13,176,0,0,-1,1,0,-1,4.177212,5.990008
7888,1,52,7888,13,52,1,1,52,2,1,52,7.401045,6.0441465
7889,3,101,23668,13,101,0,0,-1,1,0,-1,4.5103583,2.6393473
7890,1,101,29968,13,101,0,1,-1,1,0,-1,6.369881,4.0756865
7891,6,101,35512,13,101,0,0,-1,1,0,-1,5.1052623,3.2955477
7892,1,52,7892,13,52,0,1,52,1,0,52,3.7171698,6.201074
7893,3,52,23680,13,52,0,0,-1,1,0,-1,7.415316,6.5023766
7894,1,189,250504,13,189,1,1,-1,2,1,-1,6.6001067,5.959366
7895,8,189,250504,13,189,0,0,-1,1,0,-1,6.028476,5.3760242
7896,1,39,7896,13,39,0,1,39,1,0,39,7.775112,5.0650926
7897,3,39,26656,13,39,0,0,-1,1,0,-1,7.2060585,6.049597
7898,1,39,11848,13,39,0,1,-1,1,0,-1,7.1904044,6.2589993
7899,13,101,59992,13,101,0,0,-1,1,0,-1,4.787841,5.1325064
7900,1,39,13336,13,39,1,1,-1,2,1,-1,5.82366,6.9252076
7901,3,39,23704,13,39,0,0,-1,1,0,-1,3.7358649,6.3717847
7902,1,75,45016,13,75,0,1,-1,1,0,-1,6.7633047,6.3863597
7903,16,75,120040,13,75,0,0,-1,1,0,-1,4.4721055,4.2910986
7904,1,52,7904,13,52,0,1,52,1,0,52,3.6282928,6.296661
7905,3,189,250504,13,189,0,0,-1,1,0,-1,4.201649,3.8730218
7906,1,52,11860,13,52,1,1,-1,2,1,-1,6.6442537,6.419813
7907,6,52,35584,13,52,0,0,-1,1,0,-1,6.833434,4.241693
7908,1,145,9232,13,145,0,1,145,1,0,145,5.6599584,4.2675333
7909,3,145,23728,13,145,0,0,-1,1,0,-1,5.5566115,6.6085415
7910,1,145,17800,13,145,0,1,-1,1,0,-1,6.44571,4.53113
7911,21,75,101392,13,75,0,0,-1,1,0,-1,4.006983,4.9781055
7912,1,52,7912,13,52,1,1,52,2,1,52,4.354747,7.1812987
7913,3,101,60100,13,101,0,0,-1,1,0,-1,3.3870182,4.965332
7914,1,52,11872,13,52,0,1,-1,1,0,-1,5.1379523,6.3582487
7915,8,101,45088,13,101,0,0,-1,1,0,-1,6.324653,3.753009
7916,1,145,10024,13,145,0,1,-1,1,0,-1,5.191062,3.9317162
7917,3,145,23752,13,145,0,0,-1,1,0,-1,5.159224,2.9244876
7918,1,145,26728,13,145,1,1,-1,2,1,-1,5.7807684,6.352197
7919,34,75,202984,13,75,0,0,-1,1,0,-1,4.142969,3.018594
7920,1,101,14308,13,101,0,1,-1,1,0,-1,5.350941,3.4613986
7921,3,52,23764,13,52,0,0,-1,1,0,-1,3.5017524,5.530855
7922,1,52,33856,13,52,0,1,-1,1,0,-1,4.378766,5.882717
7923,6,52,35656,13,52,0,0,-1,1,0,-1,5.47704,5.324116
7924,1,101,14308,13,101,1,1,-1,2,1,-1,6.5651093,3.1178124
7925,3,101,23776,13,101,0,0,-1,1,0,-1,3.4131882,3.793926
7926,1,52,20068,13,52,0,1,-1,1,0,-1,6.7937,5.862365
7927,8,52,53512,13,52,0,0,-1,1,0,-1,3.5604155,4.056369
7928,1,101,15064,13,101,0,1,-1,1,0,-1,3.0996718,4.737798
7929,3,145,30112,13,145,0,0,-1,1,0,-1,3.443271,5.0046134
7930,1,101,15064,13,101,1,1,-1,2,1,-1,6.9255276,4.2027
7931,26,75,67768,13,75,0,0,-1,1,0,-1,7.0528197,5.339563
7932,1,52,50848,13,52,0,1,-1,1,0,-1,4.651371,5.915557
7933,3,52,50848,13,52,0,0,-1,1,0,-1,3.6408653,3.3558228
7934,1,52,135592,13,52,0,1,-1,1,0,-1,6.2628756,5.376844
7935,65,127,2316760,13,127,0,0,-1,1,0,-1,4.729779,4.711256
7936,1,114,9232,13,114,1,1,114,2,1,114,3.9098065,5.1806965
7937,3,52,23812,13,52,0,0,-1,1,0,-1,3.407995,4.690044
7938,1,145,11908,13,145,0,1,-1,1,0,-1,6.0447974,5.623929
7939,6,145,35728,13,145,0,0,-1,1,0,-1,4.4301095,4.410616
7940,1,52,7940,13,52,0,1,52,1,0,52,5.647313,4.20424
7941,3,52,23824,13,52,0,0,-1,1,0,-1,5.652847,6.0910254
7942,1,52,17872,13,52,1,1,-1,2,1,-1,3.088636,4.3378134
7943,11,145,53620,13,145,0,0,-1,1,0,-1,4.6556764,3.9779224
7944,1,96,8080,13,96,0,1,96,1,0,96,5.0302753,4.195252
7945,3,127,50920,13,127,0,0,-1,1,0,-1,4.6263857,4.574963
7946,1,96,11920,13,96,0,1,-1,1,0,-1,6.856446,3.8191905
7947,8,52,35764,13,52,0,0,-1,1,0,-1,4.091529,4.979256
7948,1,96,8944,13,96,1,1,96,2,1,96,3.8170004,5.077763
7949,3,96,23848,13,96,0,0,-1,1,0,-1,5.331378,5.74065
7950,1,52,26836,13,52,0,1,-1,1,0,-1,4.155525,6.856036
7951,11,52,80512,13,52,0,0,-1,1,0,-1,4.276871,7.1896753
7952,1,26,7952,13,26,0,1,26,1,0,26,5.8054643,6.299401
7953,3,96,23860,13,96,0,0,-1,1,0,-1,3.903253,3.4672463
7954,1,145,22660,13,145,1,1,-1,2,1,-1,3.441684,3.9379756
7955,6,145,35800,13,145,0,0,-1,1,0,-1,7.577875,6.3205523
7956,1,26,7956,13,26,0,1,26,1,0,26,3.207444,4.638417
7957,3,26,23872,13,26,0,0,-1,1,0,-1,3.1303546,3.9796252
7958,1,96,17908,13,96,0,1,-1,1,0,-1,3.674142,5.4964213
7959,8,96,53728,13,96,0,0,-1,1,0,-1,6.750663,6.6147213
7960,1,26,7960,13,26,1,1,26,2,1,26,5.76427,4.4236245
7961,3,145,51028,13,145,0,0,-1,1,0,-1,3.813347,3.3069916
7962,1,26,11944,13,26,0,1,-1,1,0,-1,5.018501,4.871373
7963,117,251,497176,13,251,0,0,-1,1,0,-1,5.9881716,7.262803
7964,1,52,13444,13,52,0,1,-1,1,0,-1,6.1745844,4.0471487
7965,3,52,23896,13,52,0,0,-1,1,0,-1,5.713859,4.5833
7966,1,52,40336,13,52,1,1,-1,2,1,-1,7.7266054,5.713292
7967,21,96,121012,13,96,0,0,-1,1,0,-1,5.3051333,3.6624
7968,1,52,7968,13,52,0,1,52,1,0,52,6.23018,7.002378
7969,3,52,23908,13,52,0,0,-1,1,0,-1,6.488775,5.932035
7970,1,52,11956,13,52,0,1,-1,1,0,-1,6.213854,6.5763454
7971,6,52,35872,13,52,0,0,-1,1,0,-1,7.451357,4.6673036
7972,1,52,10096,13,52,1,1,-1,2,1,-1,6.604941,5.92897
7973,3,52,23920,13,52,0,0,-1,1,0,-1,3.4312096,4.7414937
7974,1,52,17944,13,52,0,1,-1,1,0,-1,5.7228136,4.94947
7975,13,145,60568,13,145,0,0,-1,1,0,-1,6.369144,4.0274544
7976,1,52,7976,13,52,0,1,52,1,0,52,6.8578143,3.0294445
7977,3,52,90880,13,52,0,0,-1,1,0,-1,6.448248,5.3331246
7978,1,52,11968,13,52,1,1,-1,2,1,-1,3.8841107,4.5310473
7979,8,52,35908,13,52,0,0,-1,1,0,-1,5.5128775,6.4574466
7980,1,52,8980,13,52,0,1,52,1,0,52,3.5428,3.8024592
7981,3,52,23944,13,52,0,0,-1,1,0,-1,5.747025,5.3065405
7982,1,52,26944,13,52,0,1,-1,1,0,-1,5.255089,5.482244
7983,16,52,80836,13,52,0,0,-1,1,0,-1,5.025585,6.29067
7984,1,52,7984,13,52,1,1,52,2,1,52,3.7265205,4.1827116
7985,3,52,23956,13,52,0,0,-1,1,0,-1,7.0371604,4.2203045
7986,1,52,13480,13,52,0,1,-1,1,0,-1,3.8536007,5.214022
7987,6,52,35944,13,52,0,0,-1,1,0,-1,3.0907888,6.252906
7988,1,52,7988,13,52,0,1,52,1,0,52,4.2882977,4.932447
7989,3,52,23968,13,52,0,0,-1,1,0,-1,3.7641363,4.6306286
7990,1,83,45520,13,83,1,1,-1,2,1,-1,7.169103,5.9553766
7991,8,83,53944,13,83,0,0,-1,1,0,-1,3.9512997,6.5747833
7992,1,52,11392,13,52,0,1,-1,1,0,-1,4.8205976,6.718904
7993,3,83,26980,13,83,0,0,-1,1,0,-1,6.247379,6.487252
7994,1,52,11992,13,52,0,1,-1,1,0,-1,4.994167,5.2250834
7995,11,52,40480,13,52,0,0,-1,1,0,-1,3.3367684,4.5197697
7996,1,52,20248,13,52,1,1,-1,2,1,-1,5.2490673,4.243538
7997,3,52,23992,13,52,0,0,-1,1,0,-1,6.0149317,4.9476624
7998,1,189,129760,13,189,0,1,-1,1,0,-1,3.9018073,4.2216487
7999,32,189,182248,13,189,0,0,-1,1,0,-1,5.0186224,5.018385
8000,1,114,9232,13,114,0,1,114,1,0,114,5.0293546,3.056925
8001,3,52,24004,13,52,0,0,-1,1,0,-1,5.1909747,3.659171
8002,1,44,12004,13,44,1,1,-1,2,1,-1,4.409711,4.9518023
8003,6,44,36016,13,44,0,0,-1,1,0,-1,4.6795187,2.8543162
8004,1,52,8004,13,52,0,1,52,1,0,52,5.092716,4.364067
8005,3,52,24016,13,52,0,0,-1,1,0,-1,5.7695823,6.6247334
8006,1,52,18016,13,52,0,1,-1,1,0,-1,5.5622296,4.6724477
8007,19,44,68416,13,44,0,0,-1,1,0,-1,5.3888946,6.5450053
8008,1,145,21688,13,145,1,1,-1,2,1,-1,3.8664207,4.7222204
8009,3,44,40552,13,44,0,0,-1,1,0,-1,3.8786957,6.1625466
8010,1,145,21688,13,145,0,1,-1,1,0,-1,5.5167346,7.106842
8011,8,52,36052,13,52,0,0,-1,1,0,-1,6.9271936,4.6917033
8012,1,145,21688,13,145,0,1,-1,1,0,-1,6.1634064,4.629098
8013,3,145,24040,13,145,0,0,-1,1,0,-1,5.093042,3.0973647
8014,1,44,30436,13,44,1,1,-1,2,1,-1,6.1360116,5.4077044
8015,13,44,81160,13,44,0,0,-1,1,0,-1,6.7219033,5.632512
8016,1,114,9232,13,114,0,1,114,1,0,114,6.2007194,3.8820212
8017,3,145,24052,13,145,0,0,-1,1,0,-1,6.697451,3.3168056
8018,1,158,250504,13,158,0,1,-1,1,0,-1,4.444666,6.213517
8019,6,158,250504,13,158,0,0,-1,1,0,-1,6.103907,6.5598392
8020,1,114,9232,13,114,1,1,114,2,1,114,5.9340215,2.9942083
8021,3,114,24064,13,114,0,0,-1,1,0,-1,3.7848558,4.836619
8022,1,189,32560,13,189,0,1,-1,1,0,-1,4.5883765,6.5572343
8023,8,189,54160,13,189,0,0,-1,1,0,-1,3.4193501,6.2472925
8024,1,44,8584,13,44,0,1,44,1,0,44,6.5400395,4.5550566
8025,3,44,27088,13,44,0,0,-1,1,0,-1,6.5455265,4.565907
8026,1,44,12040,13,44,1,1,-1,2,1,-1,4.4336743,5.0762544
8027,44,189,146500,13,189,0,0,-1,1,0,-1,3.5800252,4.345021
8028,1,44,13552,13,44,0,1,-1,1,0,-1,6.3614454,3.8767061
8029,3,44,24088,13,44,0,0,-1,1,0,-1,4.8495207,3.5422032
8030,1,44,40660,13,44,0,1,-1,1,0,-1,6.172214,2.6677418
8031,13,44,121984,13,44,0,0,-1,1,0,-1,7.4995575,4.476735
8032,1,70,9232,13,70,1,1,70,2,1,70,5.3996224,5.5596704
8033,3,96,34324,13,96,0,0,-1,1,0,-1,6.17601,4.1037893
8034,1,26,12052,13,26,0,1,-1,1,0,-1,6.890135,4.300763
8035,6,26,36160,13,26,0,0,-1,1,0,-1,6.722943,4.3401356
8036,1,26,8036,13,26,0,1,26,1,0,26,6.2643094,5.042528
8037,3,26,24112,13,26,0,0,-1,1,0,-1,3.87305,4.1204333
8038,1,26,18088,13,26,1,1,-1,2,1,-1,7.03541,5.228012
8039,32,189,695464,13,189,0,0,-1,1,0,-1,4.513973,6.576843
8040,1,70,9232,13,70,0,1,70,1,0,70,6.4881682,4.6975484
8041,3,96,61072,13,96,0,0,-1,1,0,-1,6.133154,4.8649487
8042,1,70,12064,13,70,0,1,-1,1,0,-1,7.3126264,6.168004
8043,8,52,36196,13,52,0,0,-1,1,0,-1,6.3451967,5.866259
8044,1,44,15280,13,44,1,1,-1,2,1,-1,7.467051,4.5586314
8045,3,44,24136,13,44,0,0,-1,1,0,-1,3.5844266,3.84709
8046,1,44,27160,13,44,0,1,-1,1,0,-1,5.8070993,6.068156
8047,21,44,91672,13,44,0,0,-1,1,0,-1,6.1361613,5.4021244
8048,1,70,9232,13,70,0,1,70,1,0,70,5.341856,2.7297857
8049,3,70,24148,13,70,0,0,-1,1,0,-1,5.2514653,6.1305823
8050,1,70,13588,13,70,1,1,-1,2,1,-1,7.451578,4.3529434
8051,6,70,36232,13,70,0,0,-1,1,0,-1,6.550774,5.8345213
8052,1,70,9232,13,70,0,1,70,1,0,70,3.900627,5.6641636
8053,3,70,24160,13,70,0,0,-1,1,0,-1,5.853288,5.9501815
8054,1,70,20392,13,70,0,1,-1,1,0,-1,4.433072,4.3597603
8055,8,70,54376,13,70,0,0,-1,1,0,-1,3.929104,4.171095
8056,1,96,39364,13,96,1,1,-1,2,1,-1,4.545923,3.6443002
8057,3,127,176740,13,127,0,0,-1,1,0,-1,4.216753,3.654893
8058,1,96,39364,13,96,0,1,-1,1,0,-1,5.037764,2.7309554
8059,13,52,40804,13,52,0,0,-1,1,0,-1,4.62495,5.276249
8060,1,96,39364,13,96,0,1,-1,1,0,-1,4.286536,3.4857492
8061,3,96,39364,13,96,0,0,-1,1,0,-1,6.5623965,4.111781
8062,1,96,103336,13,96,1,1,-1,2,1,-1,3.5155597,4.7766876
8063,24,96,275560,13,96,0,0,-1,1,0,-1,5.6339464,5.151699
8064,1,114,9232,13,114,0,1,114,1,0,114,5.877458,5.2384696
8065,3,70,24196,13,70,0,0,-1,1,0,-1,7.4560585,5.0964613
8066,1,70,12100,13,70,0,1,-1,1,0,-1,5.984037,6.204002
8067,6,70,36304,13,70,0,0,-1,1,0,-1,6.7055616,5.9312763
8068,1,70,14560,13,70,1,1,-1,2,1,-1,6.312963,4.9311576
8069,3,70,24208,13,70,0,0,-1,1,0,-1,3.0609543,4.9471936
8070,1,70,18160,13,70,0,1,-1,1,0,-1,4.8929343,5.771576
8071,11,70,54484,13,70,0,0,-1,1,0,-1,4.318143,5.3444457
8072,1,114,9232,13,114,0,1,114,1,0,114,5.633041,4.6292257
8073,3,96,118096,13,96,0,0,-1,1,0,-1,3.3304377,3.9082904
8074,1,114,12112,13,114,1,1,-1,2,1,-1,4.3390794,4.7221613
8075,8,70,36340,13,70,0,0,-1,1,0,-1,4.490156,3.4221015
8076,1,114,9232,13,114,0,1,114,1,0,114,6.282167,6.5551395
8077,3,114,24232,13,114,0,0,-1,1,0,-1,5.756891,4.8143706
8078,1,145,32776,13,145,0,1,-1,1,0,-1,7.340326,6.7535033
8079,11,145,81808,13,145,0,0,-1,1,0,-1,4.0137773,6.1339335
8080,1,65,8080,13,65,1,1,65,2,1,65,3.3237026,5.473032
8081,3,145,65608,13,145,0,0,-1,1,0,-1,4.0931897,6.0904293
8082,1,145,65608,13,145,0,1,-1,1,0,-1,3.213426,5.229831
8083,6,145,65608,13,145,0,0,-1,1,0,-1,6.1833105,4.1146293
8084,1,65,8084,13,65,0,1,65,1,0,65,6.2328296,3.0056825
8085,3,65,24256,13,65,0,0,-1,1,0,-1,5.005563,4.12374
8086,1,26,18196,13,26,1,1,-1,2,1,-1,3.3563957,3.8878198
8087,8,26,54592,13,26,0,0,-1,1,0,-1,4.3208566,5.8366685
8088,1,65,8088,13,65,0,1,65,1,0,65,4.266246,3.9666638
8089,3,26,27304,13,26,0,0,-1,1,0,-1,6.3533306,4.5483766
8090,1,65,12136,13,65,0,1,-1,1,0,-1,6.0448103,3.712906
8091,16,189,92176,13,189,0,0,-1,1,0,-1,5.0424914,2.8832257
8092,1,158,23056,13,158,1,1,-1,2,1,-1,7.7154555,4.3801794
8093,3,158,24280,13,158,0,0,-1,1,0,-1,6.937,5.137686
8094,1,158,40984,13,158,0,1,-1,1,0,-1,3.873278,3.3130774
8095,26,114,599056,13,114,0,0,-1,1,0,-1,7.1462507,4.6572247
8096,1,114,9232,13,114,0,1,114,1,0,114,4.074997,3.3874545
8097,3,65,24292,13,65,0,0,-1,1,0,-1,6.0773087,4.0264754
8098,1,65,12148,13,65,1,1,-1,2,1,-1,7.816841,5.6253047
8099,6,65,36448,13,65,0,0,-1,1,0,-1,7.0825987,4.6846895
8100,1,158,25972,13,158,0,1,-1,1,0,-1,2.9713843,5.201946
8101,3,158,25972,13,158,0,0,-1,1,0,-1,5.8174577,4.311631
8102,1,158,25972,13,158,0,1,-1,1,0,-1,7.4164886,3.809514
8103,21,189,61540,13,189,0,0,-1,1,0,-1,5.8761044,2.9938786
8104,1,114,9232,13,114,1,1,114,2,1,114,7.5064573,5.972202
8105,3,70,155824,13,70,0,0,-1,1,0,-1,4.9472013,4.4760046
8106,1,114,12160,13,114,0,1,-1,1,0,-1,4.9558415,4.568842
8107,8,65,36484,13,65,0,0,-1,1,0,-1,7.166512,5.5346103
8108,1,158,17332,13,158,0,1,-1,1,0,-1,4.0955825,3.7864556
8109,3,158,24328,13,158,0,0,-1,1,0,-1,4.401677,5.5744996
8110,1,158,27376,13,158,1,1,-1,2,1,-1,7.3023868,6.3705134
8111,13,65,82132,13,65,0,0,-1,1,0,-1,3.8983474,4.796672
8112,1,39,8112,13,39,0,1,39,1,0,39,7.1715193,6.652188
8113,3,114,24340,13,114,0,0,-1,1,0,-1,3.9604347,6.016853
8114,1,114,13696,13,114,0,1,-1,1,0,-1,3.0584757,4.30605
8115,6,114,36520,13,114,0,0,-1,1,0,-1,5.708538,4.028417
8116,1,39,8116,13,39,1,1,39,2,1,39,6.439259,6.554817
8117,3,39,24352,13,39,0,0,-1,1,0,-1,4.2143517,3.2437239
8118,1,65,30832,13,65,0,1,-1,1,0,-1,6.1934257,6.763752
8119,8,65,54808,13,65,0,0,-1,1,0,-1,3.1254516,4.834101
8120,1,39,8120,13,39,0,1,39,1,0,39,3.774473,5.020696
8121,3,39,27412,13,39,0,0,-1,1,0,-1,4.6642914,4.822305
8122,1,39,12184,13,39,1,1,-1,2,1,-1,4.088087,5.196827
8123,11,39,41128,13,39,0,0,-1,1,0,-1,7.009394,5.6362333
8124,1,65,34720,13,65,0,1,-1,1,0,-1,6.1133466,6.047411
8125,3,65,34720,13,65,0,0,-1,1,0,-1,7.0698733,4.8634834
8126,1,65,61720,13,65,0,1,-1,1,0,-1,6.6815224,4.971074
8127,70,189,400948,13,189,0,0,-1,1,0,-1,6.6494083,4.7406206
8128,1,52,8128,13,52,1,1,52,2,1,52,7.229169,5.8119507
8129,3,39,24388,13,39,0,0,-1,1,0,-1,5.6857753,6.5325212
8130,1,127,250504,13,127,0,1,-1,1,0,-1,7.6060524,4.478434
8131,6,127,250504,13,127,0,0,-1,1,0,-1,7.620009,4.1833124
8132,1,114,9232,13,114,0,1,114,1,0,114,6.615522,4.7596354
8133,3,114,24400,13,114,0,0,-1,1,0,-1,6.1848183,6.934648
8134,1,114,18304,13,114,1,1,-1,2,1,-1,5.6806097,4.965605
8135,13,65,54916,13,65,0,0,-1,1,0,-1,3.2356098,6.255845
8136,1,158,9232,13,158,0,1,158,1,0,158,5.506379,3.5839255
8137,3,158,41200,13,158,0,0,-1,1,0,-1,5.1965065,3.7784243
8138,1,158,12208,13,158,0,1,-1,1,0,-1,7.636124,4.2704134
8139,8,114,36628,13,114,0,0,-1,1,0,-1,5.6394515,4.5232368
8140,1,158,9232,13,158,1,1,158,2,1,158,6.107906,4.0984774
8141,3,158,24424,13,158,0,0,-1,1,0,-1,3.1348336,5.3806667
8142,1,158,46384,13,158,0,1,-1,1,0,-1,3.9955513,5.075285
8143,16,158,82456,13,158,0,0,-1,1,0,-1,3.7138326,4.990081
8144,1,52,8144,13,52,0,1,52,1,0,52,5.6350794,4.9621005
8145,3,158,24436,13,158,0,0,-1,1,0,-1,6.116055,5.425758
8146,1,96,223072,13,96,1,1,-1,2,1,-1,3.4197614,6.226833
8147,6,96,223072,13,96,0,0,-1,1,0,-1,6.2713103,6.1998105
8148,1,52,8148,13,52,0,1,52,1,0,52,6.3832736,5.2919693
8149,3,52,24448,13,52,0,0,-1,1,0,-1,4.831607,4.918113
8150,1,158,39184,13,158,0,1,-1,1,0,-1,5.168777,5.6989207
8151,8,158,55024,13,158,0,0,-1,1,0,-1,5.881077,5.9689207
8152,1,65,8152,13,65,1,1,65,2,1,65,4.7618775,6.464077
8153,3,114,27520,13,114,0,0,-1,1,0,-1,5.6612062,3.8691623
8154,1,65,12232,13,65,0,1,-1,1,0,-1,6.2249207,4.5769153
8155,13,127,61936,13,127,0,0,-1,1,0,-1,4.6325617,6.274516
8156,1,65,13768,13,65,0,1,-1,1,0,-1,4.2586045,5.6941247
8157,3,65,24472,13,65,0,0,-1,1,0,-1,5.8902044,5.6103525
8158,1,65,69712,13,65,1,1,-1,2,1,-1,5.955909,4.789754
8159,19,65,123928,13,65,0,0,-1,1,0,-1,6.5492764,4.383913
8160,1,52,13120,13,52,0,1,-1,1,0,-1,5.8348203,2.9072378
8161,3,176,8153620,13,176,0,0,-1,1,0,-1,6.439718,5.5777574
8162,1,52,12244,13,52,0,1,-1,1,0,-1,5.9236827,4.0268526
8163,6,52,36736,13,52,0,0,-1,1,0,-1,7.348734,3.7646334
8164,1,65,8728,13,65,1,1,65,2,1,65,7.6209955,4.3043747
8165,3,65,24496,13,65,0,0,-1,1,0,-1,6.365945,4.742275
8166,1,65,18376,13,65,0,1,-1,1,0,-1,6.233571,3.0199876
8167,16,158,93040,13,158,0,0,-1,1,0,-1,6.160631,6.0445395
8168,1,52,13120,13,52,0,1,-1,1,0,-1,3.4334526,6.45529
8169,3,65,104704,13,65,0,0,-1,1,0,-1,5.037965,3.841958
8170,1,52,13120,13,52,1,1,-1,2,1,-1,4.0858474,5.204349
8171,8,96,176740,13,96,0,0,-1,1,0,-1,5.281443,6.912353
8172,1,158,44224,13,158,0,1,-1,1,0,-1,4.7844725,2.9622335
8173,3,158,44224,13,158,0,0,-1,1,0,-1,4.956501,3.7128975
8174,1,158,44224,13,158,0,1,-1,1,0,-1,6.365137,3.2060955
8175,39,145,149200,13,145,0,0,-1,1,0,-1,4.9695,4.845846
8176,1,65,39364,13,65,1,1,-1,2,1,-1,4.3093166,4.8088884
8177,3,52,24532,13,52,0,0,-1,1,0,-1,3.840945,6.2045965
8178,1,65,17476,13,65,0,1,-1,1,0,-1,4.0751743,4.990894
8179,6,65,36808,13,65,0,0,-1,1,0,-1,7.3748345,5.897797
8180,1,65,39364,13,65,0,1,-1,1,0,-1,3.9845953,3.7392993
8181,3,65,39364,13,65,0,0,-1,1,0,-1,3.6805472,6.094522
8182,1,127,95956,13,127,1,1,-1,2,1,-1,5.867092,4.1913247
8183,8,127,95956,13,127,0,0,-1,1,0,-1,5.080789,3.0342035
8184,1,65,118096,13,65,0,1,-1,1,0,-1,5.9836636,3.4133425
8185,3,127,95956,13,127,0,0,-1,1,0,-1,6.0226583,7.075722
8186,1,65,118096,13,65,0,1,-1,1,0,-1,7.17637,4.2921095
8187,24,127,95956,13,127,0,0,-1,1,0,-1,4.610951,2.928116
8188,1,158,1276936,13,158,1,1,-1,2,1,-1,5.3062162,2.7132382
8189,3,158,1276936,13,158,0,0,-1,1,0,-1,4.401271,4.304402
8190,1,158,1276936,13,158,0,1,-1,1,0,-1,4.356538,6.5194993
8191,70,158,6810136,13,158,0,0,-1,1,0,-1,3.5765064,4.138512
8192,1,13,8192,14,13,0,1,13,1,0,13,3.932427,6.6486764
8193,3,52,24580,14,52,0,0,-1,1,0,-1,3.4047287,4.9183598
8194,1,114,12292,14,114,1,1,-1,2,1,-1,6.247358,6.750942
8195,6,114,36880,14,114,0,0,-1,1,0,-1,5.7670865,4.8811707
8196,1,158,9232,14,158,0,1,158,1,0,158,4.233736,3.8740637
8197,3,158,24592,14,158,0,0,-1,1,0,-1,6.227014,4.428557
8198,1,158,18448,14,158,0,1,-1,1,0,-1,6.7432013,4.183117
8199,11,114,55348,14,114,0,0,-1,1,0,-1,5.16209,5.1508574
8200,1,39,8200,14,39,1,1,39,2,1,39,3.8879144,4.071124
8201,3,114,41524,14,114,0,0,-1,1,0,-1,5.0206504,3.6712222
8202,1,39,12304,14,39,0,1,-1,1,0,-1,6.406213,4.158259
8203,8,158,36916,14,158,0,0,-1,1,0,-1,6.51236,4.3758016
8204,1,39,9232,14,39,0,1,39,1,0,39,3.1465292,4.484503
8205,3,39,24616,14,39,0,0,-1,1,0,-1,5.779733,3.5232613
8206,1,158,27700,14,158,1,1,-1,2,1,-1,7.6005955,4.5946183
8207,11,158,83104,14,158,0,0,-1,1,0,-1,3.4154325,4.2878213
8208,1,39,8208,14,39,0,1,39,1,0,39,4.6531076,3.6731749
8209,3,39,24628,14,39,0,0,-1,1,0,-1,3.934022,5.1272564
8210,1,158,20788,14,158,0,1,-1,1,0,-1,7.6313686,5.913932
8211,6,158,36952,14,158,0,0,-1,1,0,-1,6.594988,6.753654
8212,1,39,8212,14,39,1,1,39,2,1,39,7.0830894,3.8727558
8213,3,39,24640,14,39,0,0,-1,1,0,-1,6.874288,6.936825
8214,1,39,18484,14,39,0,1,-1,1,0,-1,6.8393197,5.293113
8215,8,39,55456,14,39,0,0,-1,1,0,-1,4.7199235,5.5559826
8216,1,39,8216,14,39,0,1,39,1,0,39,4.977854,7.3460183
8217,3,158,27736,14,158,0,0,-1,1,0,-1,3.2054257,6.070921
8218,1,39,12328,14,39,1,1,-1,2,1,-1,4.4030814,4.8980064
8219,39,189,399976,14,189,0,0,-1,1,0,-1,4.6622157,5.797687
8220,1,39,13876,14,39,0,1,-1,1,0,-1,6.5916433,6.722965
8221,3,39,24664,14,39,0,0,-1,1,0,-1,4.9786015,5.735822
8222,1,39,41632,14,39,0,1,-1,1,0,-1,5.1226315,2.6960235
8223,42,189,150064,14,189,0,0,-1,1,0,-1,4.2619143,5.874044
8224,1,127,9232,14,127,1,1,127,2,1,127,5.8724527,4.2526584
8225,3,114,24676,14,114,0,0,-1,1,0,-1,4.334799,5.5069823
8226,1,39,12340,14,39,0,1,-1,1,0,-1,5.8226023,2.6463468
8227,6,39,37024,14,39,0,0,-1,1,0,-1,5.003796,4.8729067
8228,1,114,10420,14,114,0,1,-1,1,0,-1,7.30909,4.4123087
8229,3,114,24688,14,114,0,0,-1,1,0,-1,5.161575,3.0263722
8230,1,114,18520,14,114,1,1,-1,2,1,-1,4.52259,6.255235
8231,13,52,62512,14,52,0,0,-1,1,0,-1,3.2649193,6.2093515
8232,1,127,9232,14,127,0,1,127,1,0,127,3.5328584,3.4926386
8233,3,145,93796,14,145,0,0,-1,1,0,-1,5.207737,5.085855
8234,1,127,12352,14,127,0,1,-1,1,0,-1,3.7401059,6.937631
8235,8,114,37060,14,114,0,0,-1,1,0,-1,5.4509187,5.5692534
8236,1,39,9268,14,39,1,1,39,2,1,39,4.6138377,3.4786327
8237,3,39,24712,14,39,0,0,-1,1,0,-1,7.369231,4.290118
8238,1,39,27808,14,39,0,1,-1,1,0,-1,4.240064,3.665285
8239,39,158,400948,14,158,0,0,-1,1,0,-1,5.1688457,6.531086
8240,1,127,9232,14,127,0,1,127,1,0,127,4.6515737,7.134348
8241,3,65,24724,14,65,0,0,-1,1,0,-1,4.945796,7.1307673
8242,1,65,13912,14,65,1,1,-1,2,1,-1,6.41306,6.520401
8243,6,65,37096,14,65,0,0,-1,1,0,-1,5.538677,5.486933
8244,1,127,9232,14,127,0,1,127,1,0,127,6.038209,4.724133
8245,3,127,24736,14,127,0,0,-1,1,0,-1,4.527342,5.7047753
8246,1,96,70468,14,96,0,1,-1,1,0,-1,4.6670666,6.890293
8247,8,96,70468,14,96,0,0,-1,1,0,-1,5.6922293,2.9020894
8248,1,39,8248,14,39,1,1,39,2,1,39,3.7546813,4.40178
8249,3,65,27844,14,65,0,0,-1,1,0,-1,3.9990518,6.724601
8250,1,39,12376,14,39,0,1,-1,1,0,-1,6.2047358,5.906428
8251,11,65,41776,14,65,0,0,-1,1,0,-1,4.2526746,5.558167
8252,1,39,20896,14,39,0,1,-1,1,0,-1,6.0497007,7.5913234
8253,3,39,24760,14,39,0,0,-1,1,0,-1,5.4000473,7.3132057
8254,1,171,225988,14,171,1,1,-1,2,1,-1,6.725871,5.9143014
8255,44,171,225988,14,171,0,0,-1,1,0,-1,6.8319345,4.372048
8256,1,127,9232,14,127,0,1,127,1,0,127,5.052052,5.3737984
8257,3,189,190996,14,189,0,0,-1,1,0,-1,6.8496976,5.9756784
8258,1,189,190996,14,189,0,1,-1,1,0,-1,5.8528748,5.1866565
8259,6,189,190996,14,189,0,0,-1,1,0,-1,6.898066,4.5440426
8260,1,127,9232,14,127,1,1,127,2,1,127,3.805888,5.618214
8261,3,127,24784,14,127,0,0,-1,1,0,-1,6.0978656,6.8207865
8262,1,127,18592,14,127,0,1,-1,1,0,-1,6.1476183,6.6987085
8263,26,158,79432,14,158,0,0,-1,1,0,-1,6.964251,6.6846085
8264,1,158,9232,14,158,0,1,158,1,0,158,6.1472535,4.804558
8265,3,140,67048,14,140,0,0,-1,1,0,-1,6.831266,6.02541
8266,1,158,12400,14,158,1,1,-1,2,1,-1,6.2603164,6.268101
8267,8,127,37204,14,127,0,0,-1,1,0,-1,4.125809,6.7313995
8268,1,158,9304,14,158,0,1,158,1,0,158,4.089238,5.2516403
8269,3,158,24808,14,158,0,0,-1,1,0,-1,3.351588,6.3672733
8270,1,96,31408,14,96,0,1,-1,1,0,-1,3.7413666,4.171579
8271,13,96,83752,14,96,0,0,-1,1,0,-1,3.7550373,4.219624
8272,1,127,9232,14,127,1,1,127,2,1,127,4.08303,4.9762135
8273,3,158,24820,14,158,0,0,-1,1,0,-1,7.177109,3.9904394
8274,1,96,59668,14,96,0,1,-1,1,0,-1,4.149474,5.381275
8275,6,96,59668,14,96,0,0,-1,1,0,-1,6.264359,5.512839
8276,1,127,9232,14,127,0,1,127,1,0,127,5.9766684,6.0128994
8277,3,127,24832,14,127,0,0,-1,1,0,-1,4.073321,4.3871326
8278,1,158,18628,14,158,1,1,-1,2,1,-1,4.943285,3.965247
8279,8,158,55888,14,158,0,0,-1,1,0,-1,6.2165995,6.5638094
8280,1,127,9232,14,127,0,1,127,1,0,127,4.5044365,4.7895684
8281,3,158,27952,14,158,0,0,-1,1,0,-1,7.2482285,6.810665
8282,1,127,12424,14,127,0,1,-1,1,0,-1,4.104014,7.3714485
8283,32,96,179152,14,96,0,0,-1,1,0,-1,5.9903193,3.6188521
8284,1,127,13984,14,127,1,1,-1,2,1,-1,4.1276827,5.0518527
8285,3,127,24856,14,127,0,0,-1,1,0,-1,3.7765644,5.4872313
8286,1,65,41956,14,65,0,1,-1,1,0,-1,4.450975,5.91658
8287,13,65,125872,14,65,0,0,-1,1,0,-1,6.6350474,5.1416974
8288,1,127,9232,14,127,0,1,127,1,0,127,3.713732,5.001544
8289,3,114,59776,14,114,0,0,-1,1,0,-1,3.6903422,3.8477125
8290,1,39,12436,14,39,1,1,-1,2,1,-1,5.448353,6.2801895
8291,6,39,37312,14,39,0,0,-1,1,0,-1,5.1522007,5.2431006
8292,1,39,8292,14,39,0,1,39,1,0,39,6.1322536,6.7108083
8293,3,39,24880,14,39,0,0,-1,1,0,-1,6.4939775,6.1409464
8294,1,39,18664,14,39,0,1,-1,1,0,-1,6.660015,6.7080784
8295,60,96,255472,14,96,0,0,-1,1,0,-1,7.2025623,6.5892506
8296,1,127,9232,14,127,1,1,127,2,1,127,4.1681075,4.290059
8297,3,39,63016,14,39,0,0,-1,1,0,-1,6.8693094,6.6139603
8298,1,127,12448,14,127,0,1,-1,1,0,-1,5.917851,3.5872095
8299,8,158,53188,14,158,0,0,-1,1,0,-1,4.1489134,7.217895
8300,1,96,95956,14,96,0,1,-1,1,0,-1,6.6512184,5.639556
8301,3,96,95956,14,96,0,0,-1,1,0,-1,5.2251644,3.607504
8302,1,96,95956,14,96,1,1,-1,2,1,-1,6.94657,5.5470324
8303,42,127,359152,14,127,0,0,-1,1,0,-1,5.714737,6.5075693
8304,1,65,8304,14,65,0,1,65,1,0,65,6.5861635,3.9947155
8305,3,127,24916,14,127,0,0,-1,1,0,-1,4.7658267,3.588713
8306,1,65,14020,14,65,0,1,-1,1,0,-1,6.0326476,5.147242
8307,6,65,37384,14,65,0,0,-1,1,0,-1,3.2115455,4.4213567
8308,1,65,8308,14,65,1,1,65,2,1,65,4.735489,3.639788
8309,3,65,24928,14,65,0,0,-1,1,0,-1,6.5918713,5.6996865
8310,1,65,21040,14,65,0,1,-1,1,0,-1,3.8245099,4.7125516
8311,8,65,56104,14,65,0,0,-1,1,0,-1,5.9227705,5.5397387
8312,1,65,10528,14,65,0,1,-1,1,0,-1,6.68501,5.436583
8313,3,189,269728,14,189,0,0,-1,1,0,-1,5.93616,3.902973
8314,1,65,12472,14,65,1,1,-1,2,1,-1,5.5609193,6.3200083
8315,13,202,250504,14,202,0,0,-1,1,0,-1,7.0001597,4.173586
8316,1,52,31588,14,52,0,1,-1,1,0,-1,5.3706765,6.043523
8317,3,52,31588,14,52,0,0,-1,1,0,-1,7.057108,5.1420107
8318,1,52,94768,14,52,0,1,-1,1,0,-1,4.2303305,4.3701844
8319,32,88,284308,14,88,0,0,-1,1,0,-1,3.3726892,5.4021835
8320,1,34,8320,14,34,1,1,34,2,1,34,6.527907,4.6725945
8321,3,52,24964,14,52,0,0,-1,1,0,-1,7.0750866,5.5756936
8322,1,65,12484,14,65,0,1,-1,1,0,-1,5.258617,6.2352543
8323,6,65,37456,14,65,0,0,-1,1,0,-1,6.436754,6.482226
8324,1,65,8324,14,65,0,1,65,1,0,65,2.9292033,4.595056
8325,3,65,24976,14,65,0,0,-1,1,0,-1,4.61649,5.2988553
8326,1,65,18736,14,65,1,1,-1,2,1,-1,4.595965,3.7539895
8327,11,65,56212,14,65,0,0,-1,1,0,-1,5.443356,4.1201787
8328,1,127,9232,14,127,0,1,127,1,0,127,5.2218323,4.584297
8329,3,189,144340,14,189,0,0,-1,1,0,-1,6.503653,4.440875
8330,1,127,12496,14,127,0,1,-1,1,0,-1,4.008843,4.2848654
8331,8,158,37492,14,158,0,0,-1,1,0,-1,4.327046,5.8251195
8332,1,127,9376,14,127,1,1,127,2,1,127,7.538048,5.3081727
8333,3,127,25000,14,127,0,0,-1,1,0,-1,7.4334292,4.550155
8334,1,114,60100,14,114,0,1,-1,1,0,-1,5.135959,7.292324
8335,11,114,84400,14,114,0,0,-1,1,0,-1,4.949718,3.39318
8336,1,127,9232,14,127,0,1,127,1,0,127,4.634645,5.2599907
8337,3,158,26728,14,158,0,0,-1,1,0,-1,3.1489735,4.1731033
8338,1,158,26728,14,158,1,1,-1,2,1,-1,7.2918725,4.7005405
8339,6,158,37528,14,158,0,0,-1,1,0,-1,6.2023,3.4662871
8340,1,127,9232,14,127,0,1,127,1,0,127,4.4282837,6.2459106
8341,3,127,25024,14,127,0,0,-1,1,0,-1,6.7262783,4.492694
8342,1,127,18772,14,127,0,1,-1,1,0,-1,3.6788983,5.1491213
8343,8,127,56320,14,127,0,0,-1,1,0,-1,3.2299201,4.5236006
8344,1,127,9232,14,127,1,1,127,2,1,127,3.101295,4.9684467
8345,3,114,28168,14,114,0,0,-1,1,0,-1,5.797444,2.763242
8346,1,127,12520,14,127,0,1,-1,1,0,-1,4.4431024,5.8346004
8347,24,65,95092,14,65,0,0,-1,1,0,-1,4.784277,3.288522
8348,1,114,15856,14,114,0,1,-1,1,0,-1,6.7144146,5.5431376
8349,3,114,25048,14,114,0,0,-1,1,0,-1,7.3143687,3.7707028
8350,1,114,42280,14,114,1,1,-1,2,1,-1,4.991698,3.3288684
8351,55,233,481624,14,233,0,0,-1,1,0,-1,7.241432,4.893258
8352,1,34,8352,14,34,0,1,34,1,0,34,3.9813812,5.313584
8353,3,88,67768,14,88,0,0,-1,1,0,-1,3.7048733,4.646652
8354,1,127,12532,14,127,0,1,-1,1,0,-1,5.7388825,4.9009414
8355,6,127,37600,14,127,0,0,-1,1,0,-1,3.8973825,6.1640534
8356,1,65,23812,14,65,1,1,-1,2,1,-1,5.2085133,3.3717742
8357,3,65,25072,14,65,0,0,-1,1,0,-1,4.653957,4.3651915
8358,1,65,23812,14,65,0,1,-1,1,0,-1,4.9426317,7.1651196
8359,78,140,2316760,14,140,0,0,-1,1,0,-1,7.3861666,3.9497292
8360,1,34,8360,14,34,0,1,34,1,0,34,6.0928607,4.1194353
8361,3,114,214324,14,114,0,0,-1,1,0,-1,4.9877973,6.5629363
8362,1,34,12544,14,34,1,1,-1,2,1,-1,3.0958145,5.413726
8363,8,65,37636,14,65,0,0,-1,1,0,-1,3.2765336,4.1447268
8364,1,39,9412,14,39,0,1,39,1,0,39,5.820123,3.4147117
8365,3,39,25096,14,39,0,0,-1,1,0,-1,4.3987207,5.144485
8366,1,39,28240,14,39,0,1,-1,1,0,-1,5.563989,2.6832426
8367,13,158,84724,14,158,0,0,-1,1,0,-1,7.077027,3.7460878
8368,1,127,9232,14,127,1,1,127,2,1,127,5.864584,5.0828667
8369,3,39,25108,14,39,0,0,-1,1,0,-1,6.3855896,2.7796712
8370,1,39,14128,14,39,0,1,-1,1,0,-1,6.621963,4.64809
8371,6,39,37672,14,39,0,0,-1,1,0,-1,5.915075,5.4750333
8372,1,127,9232,14,127,0,1,127,1,0,127,6.002517,6.6086025
8373,3,127,25120,14,127,0,0,-1,1,0,-1,4.941749,4.3683176
8374,1,65,80512,14,65,1,1,-1,2,1,-1,7.7185993,5.421023
8375,8,65,80512,14,65,0,0,-1,1,0,-1,3.8862886,4.9520216
8376,1,127,9232,14,127,0,1,127,1,0,127,6.5404363,6.051856
8377,3,158,28276,14,158,0,0,-1,1,0,-1,6.0097966,5.660816
8378,1,127,12568,14,127,0,1,-1,1,0,-1,5.080059,4.327201
8379,11,158,42424,14,158,0,0,-1,1,0,-1,6.9438133,7.0701814
8380,1,109,21220,14,109,1,1,-1,2,1,-1,4.499712,4.501521
8381,3,109,25144,14,109,0,0,-1,1,0,-1,5.514232,2.5041838
8382,1,109,63664,14,109,0,1,-1,1,0,-1,5.847519,5.36643
8383,21,158,190996,14,158,0,0,-1,1,0,-1,5.124841,5.1488
8384,1,34,8384,14,34,0,1,34,1,0,34,4.166532,4.253616
8385,3,65,25156,14,65,0,0,-1,1,0,-1,6.258873,3.8176107
8386,1,65,15928,14,65,1,1,-1,2,1,-1,6.8866053,6.043887
8387,6,65,37744,14,65,0,0,-1,1,0,-1,7.1197214,6.5343895
8388,1,65,8388,14,65,0,1,65,1,0,65,6.0707808,7.2557406
8389,3,65,25168,14,65,0,0,-1,1,0,-1,6.5263314,3.6702824
8390,1,65,18880,14,65,0,1,-1,1,0,-1,5.1634855,5.0192027
8391,13,65,56644,14,65,0,0,-1,1,0,-1,5.379405,4.569518
8392,1,65,8392,14,65,1,1,65,2,1,65,7.519885,5.7436905
8393,3,127,42496,14,127,0,0,-1,1,0,-1,5.4166474,4.545276
8394,1,65,12592,14,65,0,1,-1,1,0,-1,5.04494,3.3477519
8395,8,65,37780,14,65,0,0,-1,1,0,-1,4.747572,5.118288
8396,1,65,9448,14,65,0,1,65,1,0,65,3.662268,5.832214
8397,3,65,25192,14,65,0,0,-1,1,0,-1,4.7086544,6.3732443
8398,1,65,71764,14,65,1,1,-1,2,1,-1,6.2695804,5.879997
8399,21,65,85048,14,65,0,0,-1,1,0,-1,4.3002706,3.6262875
8400,1,34,8400,14,34,0,1,34,1,0,34,4.108281,5.2784996
8401,3,65,25204,14,65,0,0,-1,1,0,-1,6.756964,5.1030607
8402,1,65,31912,14,65,0,1,-1,1,0,-1,7.437236,6.0948467
8403,6,65,37816,14,65,0,0,-1,1,0,-1,5.7130113,4.7776723
8404,1,34,8404,14,34,1,1,34,2,1,34,6.2951846,3.9954047
8405,3,34,25216,14,34,0,0,-1,1,0,-1,4.0021133,4.8541236
8406,1,65,26944,14,65,0,1,-1,1,0,-1,7.2872925,4.9846044
8407,8,65,56752,14,65,0,0,-1,1,0,-1,6.9662433,6.1824727
8408,1,96,45520,14,96,0,1,-1,1,0,-1,6.4343414,3.3815954
8409,3,65,28384,14,65,0,0,-1,1,0,-1,5.851588,3.9039981
8410,1,96,45520,14,96,1,1,-1,2,1,-1,7.3131766,5.0702
8411,13,65,63880,14,65,0,0,-1,1,0,-1,7.1808624,5.996489
8412,1,96,45520,14,96,0,1,-1,1,0,-1,7.7580953,5.2221565
8413,3,96,45520,14,96,0,0,-1,1,0,-1,5.3504868,4.9508777
8414,1,109,345544,14,109,0,1,-1,1,0,-1,6.99262,3.7060704
8415,57,109,345544,14,109,0,0,-1,1,0,-1,5.0409827,5.014505
8416,1,83,9232,14,83,1,1,83,2,1,83,5.141057,4.0471315
8417,3,158,182068,14,158,0,0,-1,1,0,-1,3.4514933,4.447113
8418,1,34,12628,14,34,0,1,-1,1,0,-1,6.2654614,2.841922
8419,6,34,37888,14,34,0,0,-1,1,0,-1,4.534026,5.007225
8420,1,127,9232,14,127,0,1,127,1,0,127,4.0391107,4.2974052
8421,3,127,25264,14,127,0,0,-1,1,0,-1,6.0860105,3.453437
8422,1,127,18952,14,127,1,1,-1,2,1,-1,3.5809634,5.3578672
8423,19,65,95956,14,65,0,0,-1,1,0,-1,5.3827662,5.2905927
8424,1,83,9232,14,83,0,1,83,1,0,83,5.491232,5.7844133
8425,3,202,129760,14,202,0,0,-1,1,0,-1,7.3499565,6.2106133
8426,1,83,12640,14,83,0,1,-1,1,0,-1,5.168536,4.6911063
8427,8,158,102544,14,158,0,0,-1,1,0,-1,4.8072734,7.4847875
8428,1,158,21688,14,158,1,1,-1,2,1,-1,3.6371903,3.8168693
8429,3,158,25288,14,158,0,0,-1,1,0,-1,4.4096074,7.138562
8430,1,158,28456,14,158,0,1,-1,1,0,-1,7.1465216,6.4968505
8431,24,96,324160,14,96,0,0,-1,1,0,-1,4.786577,3.4221597
8432,1,83,9232,14,83,0,1,83,1,0,83,4.678797,4.1775103
8433,3,83,25300,14,83,0,0,-1,1,0,-1,7.0079026,4.3672404
8434,1,57,40552,14,57,1,1,-1,2,1,-1,4.399366,5.9359546
8435,6,57,40552,14,57,0,0,-1,1,0,-1,4.885838,5.9797773
8436,1,83,9232,14,83,0,1,83,1,0,83,5.080982,4.507745
8437,3,83,25312,14,83,0,0,-1,1,0,-1,3.363227,3.7641253
8438,1,158,21688,14,158,0,1,-1,1,0,-1,6.5597973,4.309039
8439,8,158,56968,14,158,0,0,-1,1,0,-1,5.8260875,3.4041092
8440,1,171,250504,14,171,1,1,-1,2,1,-1,6.9046564,4.168658
8441,3,57,32056,14,57,0,0,-1,1,0,-1,5.855744,6.488865
8442,1,171,250504,14,171,0,1,-1,1,0,-1,5.8664427,5.798012
8443,42,109,410884,14,109,0,0,-1,1,0,-1,7.808927,4.955606
8444,1,171,250504,14,171,0,1,-1,1,0,-1,7.3070927,4.374735
8445,3,171,250504,14,171,0,0,-1,1,0,-1,4.6988206,6.45793
8446,1,158,144340,14,158,1,1,-1,2,1,-1,5.876579,3.673682
8447,21,158,433024,14,158,0,0,-1,1,0,-1,4.694678,4.2345963
8448,1,34,8448,14,34,0,1,34,1,0,34,7.5735745,4.9384747
8449,3,57,25348,14,57,0,0,-1,1,0,-1,6.5240235,3.7574933
8450,1,57,12676,14,57,0,1,-1,1,0,-1,7.132925,6.642839
8451,6,57,38032,14,57,0,0,-1,1,0,-1,6.192841,5.143898
8452,1,83,9232,14,83,1,1,83,2,1,83,5.220428,5.5073357
8453,3,83,25360,14,83,0,0,-1,1,0,-1,6.7538705,3.3611073
8454,1,83,19024,14,83,0,1,-1,1,0,-1,6.8826985,3.8114674
8455,11,202,146500,14,202,0,0,-1,1,0,-1,4.9063888,5.419834
8456,1,83,9232,14,83,0,1,83,1,0,83,6.4866757,5.151688
8457,3,57,42820,14,57,0,0,-1,1,0,-1,3.6394448,6.1008973
8458,1,83,12688,14,83,1,1,-1,2,1,-1,6.0622435,6.9906187
8459,8,83,38068,14,83,0,0,-1,1,0,-1,4.7501035,6.8651447
8460,1,83,9520,14,83,0,1,83,1,0,83,4.8215756,5.705201
8461,3,83,25384,14,83,0,0,-1,1,0,-1,4.701422,3.0492485
8462,1,39,28564,14,39,0,1,-1,1,0,-1,4.538107,7.2189507
8463,11,39,85696,14,39,0,0,-1,1,0,-1,6.3925967,6.344306
8464,1,34,8464,14,34,1,1,34,2,1,34,4.643426,4.059784
8465,3,83,25396,14,83,0,0,-1,1,0,-1,5.0743213,5.436969
8466,1,202,695464,14,202,0,1,-1,1,0,-1,4.5358067,5.3152785
8467,6,202,695464,14,202,0,0,-1,1,0,-1,6.032914,3.7349434
8468,1,34,8468,14,34,0,1,34,1,0,34,4.4814854,7.1712017
8469,3,34,25408,14,34,0,0,-1,1,0,-1,7.555405,4.665444
8470,1,57,19060,14,57,1,1,-1,2,1,-1,6.451665,5.8938246
8471,8,57,57184,14,57,0,0,-1,1,0,-1,3.7780182,4.7345605
8472,1,34,8472,14,34,0,1,34,1,0,34,5.3134823,5.462575
8473,3,57,28600,14,57,0,0,-1,1,0,-1,4.2962728,5.6879816
8474,1,34,12712,14,34,0,1,-1,1,0,-1,2.8481395,5.1066155
8475,42,109,217240,14,109,0,0,-1,1,0,-1,4.1799345,5.8774705
8476,1,83,14308,14,83,1,1,-1,2,1,-1,4.5852685,5.804616
8477,3,83,25432,14,83,0,0,-1,1,0,-1,4.4645233,4.2328477
8478,1,83,42928,14,83,0,1,-1,1,0,-1,6.8502655,4.239351
8479,16,83,128788,14,83,0,0,-1,1,0,-1,3.9872293,5.387429
8480,1,127,9232,14,127,0,1,127,1,0,127,4.4934545,4.7304487
8481,3,109,39364,14,109,0,0,-1,1,0,-1,6.677417,4.6654997
8482,1,109,39364,14,109,1,1,-1,2,1,-1,7.008674,6.744233
8483,6,109,39364,14,109,0,0,-1,1,0,-1,4.1267304,3.636652
8484,1,109,39364,14,109,0,1,-1,1,0,-1,3.4925168,3.9044795
8485,3,109,39364,14,109,0,0,-1,1,0,-1,4.2842174,4.8517723
8486,1,109,39364,14,109,0,1,-1,1,0,-1,5.4782453,5.87794
8487,13,140,176740,14,140,0,0,-1,1,0,-1,6.345844,4.8083324
8488,1,127,9232,14,127,1,1,127,2,1,127,3.6245575,5.8077793
8489,3,65,96712,14,65,0,0,-1,1,0,-1,4.496444,4.4178543
8490,1,127,12736,14,127,0,1,-1,1,0,-1,6.326367,5.948801
8491,8,109,103336,14,109,0,0,-1,1,0,-1,3.353468,6.1138525
8492,1,34,9556,14,34,0,1,34,1,0,34,5.480552,5.8414407
8493,3,34,25480,14,34,0,0,-1,1,0,-1,3.315558,3.917639
8494,1,34,28672,14,34,1,1,-1,2,1,-1,5.446587,7.2309113
8495,21,83,86020,14,83,0,0,-1,1,0,-1,4.436138,7.113499
8496,1,127,9232,14,127,0,1,127,1,0,127,7.471715,6.454548
8497,3,127,25492,14,127,0,0,-1,1,0,-1,5.1979694,4.676398
8498,1,127,14344,14,127,0,1,-1,1,0,-1,4.3654323,3.0764863
8499,6,127,38248,14,127,0,0,-1,1,0,-1,7.090777,3.5895119
8500,1,127,9232,14,127,1,1,127,2,1,127,4.642659,3.5225492
8501,3,127,25504,14,127,0,0,-1,1,0,-1,5.9659986,3.082674
8502,1,83,48436,14,83,0,1,-1,1,0,-1,5.6619554,2.5490646
8503,8,83,57400,14,83,0,0,-1,1,0,-1,6.4751496,5.744753
8504,1,78,8504,14,78,0,1,78,1,0,78,5.577657,6.644601
8505,3,83,36340,14,83,0,0,-1,1,0,-1,5.7551155,4.674396
8506,1,78,12760,14,78,1,1,-1,2,1,-1,7.7956104,5.6714034
8507,11,78,43072,14,78,0,0,-1,1,0,-1,6.5505414,4.4688544
8508,1,78,21544,14,78,0,1,-1,1,0,-1,6.242241,5.074294
8509,3,78,25528,14,78,0,0,-1,1,0,-1,5.401319,3.3467543
8510,1,202,6810136,14,202,0,1,-1,1,0,-1,3.783444,4.879025
8511,44,202,6810136,14,202,0,0,-1,1,0,-1,5.443748,6.222999
8512,1,34,8512,14,34,1,1,34,2,1,34,3.3024929,4.933771
8513,3,127,25540,14,127,0,0,-1,1,0,-1,7.242231,5.1566453
8514,1,39,18196,14,39,0,1,-1,1,0,-1,5.7367973,5.3122587
8515,6,39,38320,14,39,0,0,-1,1,0,-1,6.10907,3.0910692
8516,1,127,9232,14,127,0,1,127,1,0,127,3.6097357,5.222046
8517,3,127,25552,14,127,0,0,-1,1,0,-1,7.349148,4.3479943
8518,1,127,19168,14,127,1,1,-1,2,1,-1,4.1283817,3.0679195
8519,29,158,163780,14,158,0,0,-1,1,0,-1,5.5790434,4.4534574
8520,1,78,12148,14,78,0,1,-1,1,0,-1,6.826569,6.2082853
8521,3,78,43144,14,78,0,0,-1,1,0,-1,3.5365598,3.9186342
8522,1,78,12784,14,78,0,1,-1,1,0,-1,4.902202,4.4716277
8523,8,127,38356,14,127,0,0,-1,1,0,-1,4.335508,5.7479944
8524,1,78,12148,14,78,1,1,-1,2,1,-1,3.1425776,4.7923503
8525,3,78,25576,14,78,0,0,-1,1,0,-1,3.8061075,4.3277774
8526,1,127,599056,14,127,0,1,-1,1,0,-1,3.6887138,6.170387
8527,13,127,599056,14,127,0,0,-1,1,0,-1,4.8307924,7.319512
8528,1,34,8528,14,34,0,1,34,1,0,34,5.927112,4.5088387
8529,3,78,36448,14,78,0,0,-1,1,0,-1,7.907379,4.9680767
8530,1,171,138400,14,171,1,1,-1,2,1,-1,5.7909937,5.449783
8531,6,171,138400,14,171,0,0,-1,1,0,-1,3.571334,4.5961695
8532,1,34,8532,14,34,0,1,34,1,0,34,6.3669777,3.278312
8533,3,34,25600,14,34,0,0,-1,1,0,-1,4.0468926,6.6460466
8534,1,127,19204,14,127,0,1,-1,1,0,-1,5.6921372,5.133141
8535,8,127,57616,14,127,0,0,-1,1,0,-1,5.166844,4.433764
8536,1,65,8536,14,65,1,1,65,2,1,65,6.8028617,3.766641
8537,3,171,28816,14,171,0,0,-1,1,0,-1,6.225971,5.288078
8538,1,65,12808,14,65,0,1,-1,1,0,-1,4.7785697,6.0255394
8539,16,127,64852,14,127,0,0,-1,1,0,-1,4.46937,3.397302
8540,1,65,14416,14,65,0,1,-1,1,0,-1,6.148036,5.386732
8541,3,65,25624,14,65,0,0,-1,1,0,-1,4.3965225,3.5035863
8542,1,171,43252,14,171,1,1,-1,2,1,-1,3.513877,6.5305223
8543,13,171,129760,14,171,0,0,-1,1,0,-1,4.5196786,4.135691
8544,1,26,8544,14,26,0,1,26,1,0,26,4.316171,6.1911616
8545,3,127,32452,14,127,0,0,-1,1,0,-1,3.8545537,4.390032
8546,1,65,12820,14,65,0,1,-1,1,0,-1,7.4674683,6.2665424
8547,6,65,38464,14,65,0,0,-1,1,0,-1,6.06463,6.471168
8548,1,65,8548,14,65,1,1,65,2,1,65,6.061318,4.6383886
8549,3,65,25648,14,65,0,0,-1,1,0,-1,6.2302804,4.7719674
8550,1,65,19240,14,65,0,1,-1,1,0,-1,7.0516305,4.688494
8551,26,78,219184,14,78,0,0,-1,1,0,-1,5.8345356,6.1440887
8552,1,26,8552,14,26,0,1,26,1,0,26,6.2352962,3.362662
8553,3,52,64960,14,52,0,0,-1,1,0,-1,5.5700545,7.3716116
8554,1,26,12832,14,26,1,1,-1,2,1,-1,7.2999725,4.8995976
8555,8,52,38500,14,52,0,0,-1,1,0,-1,5.47941,6.7087383
8556,1,78,61720,14,78,0,1,-1,1,0,-1,5.807143,2.7915409
8557,3,78,61720,14,78,0,0,-1,1,0,-1,3.9569309,4.4530635
8558,1,78,61720,14,78,0,1,-1,1,0,-1,5.568443,4.345331
8559,16,78,97504,14,78,0,0,-1,1,0,-1,3.5013552,5.301298
8560,1,26,8560,14,26,1,1,26,2,1,26,6.7511187,5.2117696
8561,3,26,25684,14,26,0,0,-1,1,0,-1,6.1218944,4.793016
8562,1,127,14452,14,127,0,1,-1,1,0,-1,3.7746356,3.9215305
8563,6,127,38536,14,127,0,0,-1,1,0,-1,6.031751,5.0534806
8564,1,26,8564,14,26,0,1,26,1,0,26,7.3055587,4.664935
8565,3,26,25696,14,26,0,0,-1,1,0,-1,4.355179,6.0179186
8566,1,127,21688,14,127,1,1,-1,2,1,-1,5.612595,6.602499
8567,8,127,57832,14,127,0,0,-1,1,0,-1,4.342648,6.4248247
8568,1,171,10852,14,171,0,1,-1,1,0,-1,7.144661,5.6738596
8569,3,78,164752,14,78,0,0,-1,1,0,-1,5.446363,5.106649
8570,1,171,12856,14,171,0,1,-1,1,0,-1,3.6973295,5.3780584
8571,13,171,43396,14,171,0,0,-1,1,0,-1,7.0890694,4.573862
8572,1,171,32560,14,171,1,1,-1,2,1,-1,3.2834008,5.3610454
8573,3,171,32560,14,171,0,0,-1,1,0,-1,6.0651407,7.073595
8574,1,127,97684,14,127,0,1,-1,1,0,-1,6.0471163,4.4887204
8575,19,127,293056,14,127,0,0,-1,1,0,-1,6.402576,6.434809
8576,1,34,8576,14,34,0,1,34,1,0,34,4.792801,3.8221693
8577,3,65,25732,14,65,0,0,-1,1,0,-1,5.982527,3.5805552
8578,1,78,12868,14,78,1,1,-1,2,1,-1,3.6957293,3.5153468
8579,6,78,38608,14,78,0,0,-1,1,0,-1,3.522582,4.5440583
8580,1,78,8580,14,78,0,1,78,1,0,78,4.2209077,5.5761065
8581,3,78,25744,14,78,0,0,-1,1,0,-1,6.752077,6.2520666
8582,1,78,19312,14,78,0,1,-1,1,0,-1,7.173319,5.312921
8583,11,78,57940,14,78,0,0,-1,1,0,-1,6.001802,3.3237565
8584,1,26,8584,14,26,1,1,26,2,1,26,3.9478395,5.6401415
8585,3,171,48904,14,171,0,0,-1,1,0,-1,5.74087,2.9387684
8586,1,26,12880,14,26,0,1,-1,1,0,-1,6.292477,5.1068034
8587,8,127,38644,14,127,0,0,-1,1,0,-1,5.4712377,4.3414664
8588,1,26,9664,14,26,0,1,26,1,0,26,6.223271,5.5546308
8589,3,26,25768,14,26,0,0,-1,1,0,-1,5.1024876,3.0216663
8590,1,78,28996,14,78,1,1,-1,2,1,-1,6.2722697,3.7551951
8591,11,78,86992,14,78,0,0,-1,1,0,-1,7.275149,5.3246174
8592,1,26,8592,14,26,0,1,26,1,0,26,7.5820913,5.9030066
8593,3,26,25780,14,26,0,0,-1,1,0,-1,4.2567825,3.0322258
8594,1,26,21760,14,26,0,1,-1,1,0,-1,3.218526,6.3130717
8595,6,26,38680,14,26,0,0,-1,1,0,-1,3.8710842,4.7336016
8596,1,26,8596,14,26,1,1,26,2,1,26,7.548102,5.077841
8597,3,26,25792,14,26,0,0,-1,1,0,-1,4.7222686,5.680463
8598,1,65,19348,14,65,0,1,-1,1,0,-1,4.4039197,6.9338613
8599,8,65,58048,14,65,0,0,-1,1,0,-1,7.0709357,5.4257474
8600,1,26,8600,14,26,0,1,26,1,0,26,2.9555905,5.212828
8601,3,65,29032,14,65,0,0,-1,1,0,-1,5.309909,5.817613
8602,1,26,12904,14,26,1,1,-1,2,1,-1,4.9898114,5.9867105
8603,29,171,98008,14,171,0,0,-1,1,0,-1,5.7140794,6.287153
8604,1,109,176740,14,109,0,1,-1,1,0,-1,7.1330776,5.395567
8605,3,109,176740,14,109,0,0,-1,1,0,-1,5.4958344,6.0873985
8606,1,109,176740,14,109,0,1,-1,1,0,-1,6.187232,3.392754
8607,32,171,147076,14,171,0,0,-1,1,0,-1,7.574061,6.3443294
8608,1,34,8608,14,34,1,1,34,2,1,34,6.267204,4.891575
8609,3,171,44224,14,171,0,0,-1,1,0,-1,5.735822,2.8825243
8610,1,78,39364,14,78,0,1,-1,1,0,-1,6.302876,6.474334
8611,6,78,39364,14,78,0,0,-1,1,0,-1,3.9917414,4.468497
8612,1,78,39364,14,78,0,1,-1,1,0,-1,6.3529687,4.4888916
8613,3,78,39364,14,78,0,0,-1,1,0,-1,7.113488,3.7283063
8614,1,78,39364,14,78,1,1,-1,2,1,-1,6.5850215,5.7290626
8615,16,78,65428,14,78,0,0,-1,1,0,-1,5.237304,3.886811
8616,1,34,8616,14,34,0,1,34,1,0,34,5.2852826,5.8880215
8617,3,171,209680,14,171,0,0,-1,1,0,-1,5.62088,7.589735
8618,1,34,12928,14,34,0,1,-1,1,0,-1,4.963728,6.921591
8619,8,140,95956,14,140,0,0,-1,1,0,-1,6.034211,5.088842
8620,1,171,1276936,14,171,1,1,-1,2,1,-1,4.193489,4.4932537
8621,3,171,1276936,14,171,0,0,-1,1,0,-1,5.001143,6.5816917
8622,1,171,1276936,14,171,0,1,-1,1,0,-1,2.9650042,5.474525
8623,13,78,118096,14,78,0,0,-1,1,0,-1,5.5481515,5.6205335
8624,1,52,9232,14,52,0,1,52,1,0,52,3.6394854,5.029806
8625,3,52,25876,14,52,0,0,-1,1,0,-1,4.9157276,5.2432585
8626,1,52,14560,14,52,1,1,-1,2,1,-1,4.951682,3.6207867
8627,6,52,38824,14,52,0,0,-1,1,0,-1,4.0859914,5.6430225
8628,1,52,9232,14,52,0,1,52,1,0,52,4.4250536,7.223516
8629,3,52,25888,14,52,0,0,-1,1,0,-1,4.456895,5.245607
8630,1,127,32776,14,127,0,1,-1,1,0,-1,6.4844956,5.1643972
8631,8,127,58264,14,127,0,0,-1,1,0,-1,4.246199,5.0585017
8632,1,52,9232,14,52,1,1,52,2,1,52,5.497896,4.6710386
8633,3,52,29140,14,52,0,0,-1,1,0,-1,6.212619,6.3163733
8634,1,52,12952,14,52,0,1,-1,1,0,-1,5.0767746,5.9268017
8635,11,171,43720,14,171,0,0,-1,1,0,-1,3.158604,6.2177496
8636,1,127,41524,14,127,0,1,-1,1,0,-1,6.1804347,5.58406
8637,3,127,41524,14,127,0,0,-1,1,0,-1,4.958605,6.1294956
8638,1,127,65608,14,127,1,1,-1,2,1,-1,3.1950135,5.759697
8639,55,109,897856,14,109,0,0,-1,1,0,-1,4.3691654,3.6397016
8640,1,47,8640,14,47,0,1,47,1,0,47,5.7787137,6.022018
8641,3,171,27700,14,171,0,0,-1,1,0,-1,5.801121,3.5578249
8642,1,171,83104,14,171,0,1,-1,1,0,-1,5.3325663,4.6369557
8643,6,171,83104,14,171,0,0,-1,1,0,-1,5.831171,5.4960766
8644,1,34,8644,14,34,1,1,34,2,1,34,4.8285565,5.296433
8645,3,34,25936,14,34,0,0,-1,1,0,-1,5.64555,6.9832754
8646,1,34,19456,14,34,0,1,-1,1,0,-1,4.5222178,3.7627864
8647,13,52,58372,14,52,0,0,-1,1,0,-1,3.4203713,5.766671
8648,1,140,9232,14,140,0,1,140,1,0,140,6.211533,6.1011147
8649,3,52,43792,14,52,0,0,-1,1,0,-1,6.0262785,4.652662
8650,1,140,12976,14,140,1,1,-1,2,1,-1,3.7223153,4.8536344
8651,8,52,38932,14,52,0,0,-1,1,0,-1,6.664164,3.1570122
8652,1,140,9736,14,140,0,1,140,1,0,140,3.9189298,4.065943
8653,3,140,25960,14,140,0,0,-1,1,0,-1,7.5250487,4.119277
8654,1,171,49300,14,171,0,1,-1,1,0,-1,6.837609,5.4749017
8655,19,171,87640,14,171,0,0,-1,1,0,-1,4.67275,7.168812
8656,1,47,8656,14,47,1,1,47,2,1,47,4.311038,3.9409626
8657,3,140,25972,14,140,0,0,-1,1,0,-1,3.6533222,3.9831443
8658,1,52,32884,14,52,0,1,-1,1,0,-1,6.9394526,6.3696585
8659,6,52,38968,14,52,0,0,-1,1,0,-1,3.6784844,6.688917
8660,1,47,8660,14,47,0,1,47,1,0,47,5.7288103,5.1529093
8661,3,47,25984,14,47,0,0,-1,1,0,-1,3.7265887,5.4677935
8662,1,127,24676,14,127,1,1,-1,2,1,-1,7.356511,6.3110113
8663,8,127,58480,14,127,0,0,-1,1,0,-1,5.20834,4.99696
8664,1,140,9232,14,140,0,1,140,1,0,140,6.9744287,3.2847931
8665,3,140,29248,14,140,0,0,-1,1,0,-1,4.984215,2.7005794
8666,1,140,13000,14,140,0,1,-1,1,0,-1,4.6279917,3.1645412
8667,13,127,65824,14,127,0,0,-1,1,0,-1,3.565887,4.7091684
8668,1,140,14632,14,140,1,1,-1,2,1,-1,4.9160223,5.498364
8669,3,140,26008,14,140,0,0,-1,1,0,-1,6.486939,5.591469
8670,1,65,166696,14,65,0,1,-1,1,0,-1,6.732985,4.0248017
8671,26,65,166696,14,65,0,0,-1,1,0,-1,6.8420963,5.8525395
8672,1,47,8672,14,47,0,1,47,1,0,47,3.5991578,3.700733
8673,3,140,49408,14,140,0,0,-1,1,0,-1,4.68289,7.1321664
8674,1,47,13012,14,47,1,1,-1,2,1,-1,5.2059174,3.8901625
8675,6,47,39040,14,47,0,0,-1,1,0,-1,4.655301,5.408926
8676,1,78,13912,14,78,0,1,-1,1,0,-1,6.088506,4.1929593
8677,3,78,26032,14,78,0,0,-1,1,0,-1,6.0340157,5.165374
8678,1,78,19528,14,78,0,1,-1,1,0,-1,5.5820394,7.5512085
8679,52,171,400948,14,171,0,0,-1,1,0,-1,6.3359957,7.281095
8680,1,47,8680,14,47,1,1,47,2,1,47,5.73281,5.051487
8681,3,78,74176,14,78,0,0,-1,1,0,-1,5.3625393,5.3412523
8682,1,47,13024,14,47,0,1,-1,1,0,-1,3.3584507,5.016263
8683,8,109,281716,14,109,0,0,-1,1,0,-1,6.475197,4.9466953
8684,1,52,10996,14,52,0,1,-1,1,0,-1,5.5311146,4.006647
8685,3,52,26056,14,52,0,0,-1,1,0,-1,6.7470717,5.212221
8686,1,52,29320,14,52,1,1,-1,2,1,-1,5.669148,3.4188895
8687,50,109,250504,14,109,0,0,-1,1,0,-1,3.5652885,6.3630033
8688,1,140,9232,14,140,0,1,140,1,0,140,3.8854053,4.5232706
8689,3,47,26068,14,47,0,0,-1,1,0,-1,5.987149,2.8919199
8690,1,52,20896,14,52,0,1,-1,1,0,-1,3.0719075,4.7426105
8691,6,52,39112,14,52,0,0,-1,1,0,-1,4.3793344,4.0505714
8692,1,140,9232,14,140,1,1,140,2,1,140,3.6344063,3.3636444
8693,3,140,26080,14,140,0,0,-1,1,0,-1,6.1044145,5.602507
8694,1,184,225988,14,184,0,1,-1,1,0,-1,6.459103,5.401204
8695,8,184,225988,14,184,0,0,-1,1,0,-1,5.7663813,5.1425686
8696,1,140,24784,14,140,0,1,-1,1,0,-1,6.2630587,6.532377
8697,3,202,190996,14,202,0,0,-1,1,0,-1,5.9245367,6.283815
8698,1,140,24784,14,140,1,1,-1,2,1,-1,3.5274622,5.8404465
8699,16,202,190996,14,202,0,0,-1,1,0,-1,7.29758,4.780908
8700,1,78,74356,14,78,0,1,-1,1,0,-1,4.3827615,4.0786858
8701,3,78,74356,14,78,0,0,-1,1,0,-1,4.3691444,6.5615153
8702,1,78,223072,14,78,0,1,-1,1,0,-1,4.009043,7.2273307
8703,44,109,952864,14,109,0,0,-1,1,0,-1,4.3572536,5.468183
8704,1,21,8704,14,21,1,1,21,2,1,21,6.3916545,4.240129
8705,3,171,26116,14,171,0,0,-1,1,0,-1,4.92171,5.4166293
8706,1,140,13060,14,140,0,1,-1,1,0,-1,5.4387155,6.7275696
8707,6,140,39184,14,140,0,0,-1,1,0,-1,3.3178527,4.2015877
8708,1,140,9232,14,140,0,1,140,1,0,140,5.2360287,4.9912796
8709,3,140,26128,14,140,0,0,-1,1,0,-1,6.919344,5.1194
8710,1,140,19600,14,140,1,1,-1,2,1,-1,3.757612,6.0935693
8711,11,109,58804,14,109,0,0,-1,1,0,-1,5.4079165,2.6244512
8712,1,47,8712,14,47,0,1,47,1,0,47,7.3884325,4.4820156
8713,3,140,44116,14,140,0,0,-1,1,0,-1,5.15309,6.627494
8714,1,47,13072,14,47,0,1,-1,1,0,-1,6.327057,7.194565
8715,8,140,39220,14,140,0,0,-1,1,0,-1,7.1892786,5.5237565
8716,1,47,9808,14,47,1,1,47,2,1,47,3.3580332,6.1843023
8717,3,47,26152,14,47,0,0,-1,1,0,-1,6.342586,3.823052
8718,1,171,29428,14,171,0,1,-1,1,0,-1,7.6420918,5.6005583
8719,11,171,88288,14,171,0,0,-1,1,0,-1,3.8043709,5.1349077
8720,1,47,8720,14,47,0,1,47,1,0,47,6.2815814,5.7039204
8721,3,47,26164,14,47,0,0,-1,1,0,-1,6.336805,7.2024097
8722,1,140,22084,14,140,1,1,-1,2,1,-1,5.368076,4.474234
8723,6,140,39256,14,140,0,0,-1,1,0,-1,3.8163357,3.911576
8724,1,47,8724,14,47,0,1,47,1,0,47,2.7980793,4.8803945
8725,3,47,26176,14,47,0,0,-1,1,0,-1,6.0154924,6.6498647
8726,1,140,19636,14,140,0,1,-1,1,0,-1,4.835762,5.512053
8727,8,140,58912,14,140,0,0,-1,1,0,-1,4.640768,4.0373344
8728,1,47,8728,14,47,1,1,47,2,1,47,7.0697427,3.9012392
8729,3,140,29464,14,140,0,0,-1,1,0,-1,2.9322486,5.552384
8730,1,47,13096,14,47,0,1,-1,1,0,-1,5.9104657,6.5214777
8731,21,127,149200,14,127,0,0,-1,1,0,-1,5.320179,3.5385103
8732,1,140,14740,14,140,0,1,-1,1,0,-1,5.3325906,3.5099556
8733,3,140,26200,14,140,0,0,-1,1,0,-1,5.279001,4.016314
8734,1,140,44224,14,140,1,1,-1,2,1,-1,7.0087743,5.2122407
8735,21,140,132676,14,140,0,0,-1,1,0,-1,7.5427537,4.746281
8736,1,34,8736,14,34,0,1,34,1,0,34,5.7683535,4.3599763
8737,3,140,26212,14,140,0,0,-1,1,0,-1,7.0255485,6.3987956
8738,1,47,13108,14,47,0,1,-1,1,0,-1,6.838285,3.713441
8739,6,47,39328,14,47,0,0,-1,1,0,-1,5.370927,2.878992
8740,1,109,95956,14,109,1,1,-1,2,1,-1,4.8639545,6.9415107
8741,3,109,95956,14,109,0,0,-1,1,0,-1,4.9309096,4.993039
8742,1,109,95956,14,109,0,1,-1,1,0,-1,7.0464716,5.9684234
8743,13,109,95956,14,109,0,0,-1,1,0,-1,6.7682624,5.0933127
8744,1,34,8744,14,34,0,1,34,1,0,34,4.534418,2.7939632
8745,3,52,112084,14,52,0,0,-1,1,0,-1,5.380693,4.6567473
8746,1,34,13120,14,34,1,1,-1,2,1,-1,4.079722,4.47389
8747,8,47,39364,14,47,0,0,-1,1,0,-1,4.4975524,5.4447
8748,1,78,10528,14,78,0,1,-1,1,0,-1,3.3898857,6.221096
8749,3,78,26248,14,78,0,0,-1,1,0,-1,6.7124767,6.3878617
8750,1,78,29536,14,78,0,1,-1,1,0,-1,7.2560396,5.8202424
8751,32,52,189268,14,52,0,0,-1,1,0,-1,6.8091044,5.221033
8752,1,34,8752,14,34,1,1,34,2,1,34,6.442892,3.0796463
8753,3,78,26260,14,78,0,0,-1,1,0,-1,5.195907,4.33507
8754,1,78,14776,14,78,0,1,-1,1,0,-1,4.79757,2.977906
8755,6,78,39400,14,78,0,0,-1,1,0,-1,4.7732835,4.302123
8756,1,34,8756,14,34,0,1,34,1,0,34,4.06195,6.488976
8757,3,34,26272,14,34,0,0,-1,1,0,-1,4.229025,4.3453965
8758,1,215,250504,14,215,1,1,-1,2,1,-1,7.006435,3.8951817
8759,8,215,250504,14,215,0,0,-1,1,0,-1,6.04715,5.665324
8760,1,78,8760,14,78,0,1,78,1,0,78,3.5472639,4.539769
8761,3,65,94768,14,65,0,0,-1,1,0,-1,6.0086174,4.8299246
8762,1,78,13144,14,78,0,1,-1,1,0,-1,4.4181495,4.5456934
8763,11,47,44368,14,47,0,0,-1,1,0,-1,6.175095,5.903123
8764,1,78,22192,14,78,1,1,-1,2,1,-1,5.169389,5.5367894
8765,3,78,26296,14,78,0,0,-1,1,0,-1,6.091644,5.4493117
8766,1,78,66580,14,78,0,1,-1,1,0,-1,3.9590597,7.23742
8767,16,78,199744,14,78,0,0,-1,1,0,-1,4.6189885,5.026903
8768,1,96,9232,14,96,0,1,96,1,0,96,4.9470854,7.2355466
8769,3,140,26308,14,140,0,0,-1,1,0,-1,5.1854873,3.1098132
8770,1,140,13156,14,140,1,1,-1,2,1,-1,4.7497687,5.952996
8771,6,140,39472,14,140,0,0,-1,1,0,-1,5.1497827,3.4727423
8772,1,140,9232,14,140,0,1,140,1,0,140,6.9036045,5.0989056
8773,3,140,26320,14,140,0,0,-1,1,0,-1,6.075164,6.205034
8774,1,140,19744,14,140,0,1,-1,1,0,-1,4.7504487,5.753982
8775,16,140,59236,14,140,0,0,-1,1,0,-1,6.383413,3.0778134
8776,1,140,9232,14,140,1,1,140,2,1,140,6.437204,3.6087992
8777,3,140,44440,14,140,0,0,-1,1,0,-1,7.1572022,4.190551
8778,1,140,13168,14,140,0,1,-1,1,0,-1,7.392927,5.9162126
8779,8,140,39508,14,140,0,0,-1,1,0,-1,4.938492,5.5768814
8780,1,140,9880,14,140,0,1,140,1,0,140,5.795475,2.7663677
8781,3,140,26344,14,140,0,0,-1,1,0,-1,3.6861317,4.9317107
8782,1,171,33352,14,171,1,1,-1,2,1,-1,4.9930916,6.1121044
8783,13,171,88936,14,171,0,0,-1,1,0,-1,5.072764,5.2960644
8784,1,96,9232,14,96,0,1,96,1,0,96,5.8733287,2.9231918
8785,3,140,26356,14,140,0,0,-1,1,0,-1,2.957726,5.0125375
8786,1,140,50056,14,140,0,1,-1,1,0,-1,6.8172297,3.7963064
8787,6,140,50056,14,140,0,0,-1,1,0,-1,6.3004456,4.8120413
8788,1,96,9232,14,96,1,1,96,2,1,96,4.1175814,4.907441
8789,3,96,26368,14,96,0,0,-1,1,0,-1,3.9068367,5.1966844
8790,1,127,19780,14,127,0,1,-1,1,0,-1,5.4550276,3.9317718
8791,8,127,59344,14,127,0,0,-1,1,0,-1,7.2372327,5.2896447
8792,1,34,8792,14,34,0,1,34,1,0,34,7.1176953,3.5199692
8793,3,127,42280,14,127,0,0,-1,1,0,-1,6.1333275,7.1353855
8794,1,34,13192,14,34,1,1,-1,2,1,-1,6.219984,4.757357
8795,24,127,84544,14,127,0,0,-1,1,0,-1,6.565142,7.0188017
8796,1,34,14848,14,34,0,1,-1,1,0,-1,7.6854177,5.9842653
8797,3,34,26392,14,34,0,0,-1,1,0,-1,6.046793,4.573533
8798,1,101,67768,14,101,0,1,-1,1,0,-1,6.0054283,4.941765
8799,13,101,133648,14,101,0,0,-1,1,0,-1,5.284272,6.106965
8800,1,96,9232,14,96,1,1,96,2,1,96,6.020125,3.790593
8801,3,78,33424,14,78,0,0,-1,1,0,-1,4.254207,4.948673
8802,1,140,13204,14,140,0,1,-1,1,0,-1,4.8626966,7.2695227
8803,6,140,39616,14,140,0,0,-1,1,0,-1,5.4492903,6.837219
8804,1,140,9232,14,140,0,1,140,1,0,140,6.692818,4.551076
8805,3,140,26416,14,140,0,0,-1,1,0,-1,6.7132936,3.7631345
8806,1,140,19816,14,140,1,1,-1,2,1,-1,7.086644,4.5548477
8807,19,78,150496,14,78,0,0,-1,1,0,-1,7.4663973,4.527243
8808,1,96,9232,14,96,0,1,96,1,0,96,6.795433,6.8523865
8809,3,78,66904,14,78,0,0,-1,1,0,-1,7.1149397,4.384606
8810,1,96,13216,14,96,0,1,-1,1,0,-1,6.078781,7.4308276
8811,8,52,39652,14,52,0,0,-1,1,0,-1,4.6273394,3.2944403
8812,1,52,25108,14,52,1,1,-1,2,1,-1,7.038287,4.6995955
8813,3,52,26440,14,52,0,0,-1,1,0,-1,4.973776,5.5744133
8814,1,52,29752,14,52,0,1,-1,1,0,-1,6.5415406,3.534789
8815,21,52,100420,14,52,0,0,-1,1,0,-1,6.7947745,6.661907
8816,1,47,8816,14,47,0,1,47,1,0,47,6.03988,4.725445
8817,3,96,26452,14,96,0,0,-1,1,0,-1,4.647482,7.117631
8818,1,78,80512,14,78,1,1,-1,2,1,-1,5.1929507,3.272286
8819,6,78,80512,14,78,0,0,-1,1,0,-1,4.833842,6.655459
8820,1,47,8820,14,47,0,1,47,1,0,47,4.934641,6.5816293
8821,3,47,26464,14,47,0,0,-1,1,0,-1,5.8339243,3.172682
8822,1,47,22336,14,47,0,1,-1,1,0,-1,6.365376,6.17337
8823,8,47,59560,14,47,0,0,-1,1,0,-1,5.4720597,2.7361298
8824,1,47,11176,14,47,1,1,-1,2,1,-1,5.837664,3.4553907
8825,3,140,50272,14,140,0,0,-1,1,0,-1,3.4665484,4.7993226
8826,1,47,13240,14,47,0,1,-1,1,0,-1,6.348046,2.9676027
8827,13,122,44692,14,122,0,0,-1,1,0,-1,7.136213,6.2765074
8828,1,171,190996,14,171,0,1,-1,1,0,-1,5.5087957,5.2199373
8829,3,171,190996,14,171,0,0,-1,1,0,-1,6.565879,6.6971226
8830,1,171,190996,14,171,1,1,-1,2,1,-1,5.833162,6.884012
8831,37,122,381976,14,122,0,0,-1,1,0,-1,7.5179415,5.140357
8832,1,21,8832,14,21,0,1,21,1,0,21,4.096694,5.9661207
8833,3,78,37744,14,78,0,0,-1,1,0,-1,4.585405,3.8893418
8834,1,96,13252,14,96,0,1,-1,1,0,-1,6.8494163,3.44766
8835,6,96,39760,14,96,0,0,-1,1,0,-1,3.7270875,5.9605103
8836,1,78,9448,14,78,1,1,78,2,1,78,3.6613307,4.4045877
8837,3,78,26512,14,78,0,0,-1,1,0,-1,6.4471645,5.0315704
8838,1,78,19888,14,78,0,1,-1,1,0,-1,3.939941,5.668159
8839,11,78,59668,14,78,0,0,-1,1,0,-1,6.295954,4.232853
8840,1,96,9232,14,96,0,1,96,1,0,96,4.659295,5.4494214
8841,3,140,75544,14,140,0,0,-1,1,0,-1,7.7553926,4.929378
8842,1,96,13264,14,96,1,1,-1,2,1,-1,5.221484,6.47312
8843,8,78,39796,14,78,0,0,-1,1,0,-1,4.396833,4.4850397
8844,1,96,9952,14,96,0,1,96,1,0,96,3.973452,3.4741054
8845,3,96,26536,14,96,0,0,-1,1,0,-1,6.601338,3.8086603
8846,1,78,85048,14,78,0,1,-1,1,0,-1,6.0196695,5.9524903
8847,11,78,89584,14,78,0,0,-1,1,0,-1,5.0935388,5.4311013
8848,1,140,9232,14,140,1,1,140,2,1,140,5.4614124,5.1896367
8849,3,47,26548,14,47,0,0,-1,1,0,-1,4.237848,4.0325904
8850,1,47,22408,14,47,0,1,-1,1,0,-1,5.0531473,7.3567758
8851,6,47,39832,14,47,0,0,-1,1,0,-1,5.704068,2.775896
8852,1,140,9232,14,140,0,1,140,1,0,140,6.372761,4.68169
8853,3,140,26560,14,140,0,0,-1,1,0,-1,5.305133,4.0601163
8854,1,96,19924,14,96,1,1,-1,2,1,-1,7.642873,4.615104
8855,8,96,59776,14,96,0,0,-1,1,0,-1,7.2028537,4.5068417
8856,1,140,9232,14,140,0,1,140,1,0,140,5.428142,4.53887
8857,3,109,45520,14,109,0,0,-1,1,0,-1,5.099,4.179965
8858,1,140,13288,14,140,0,1,-1,1,0,-1,4.8035846,6.9183745
8859,42,78,255472,14,78,0,0,-1,1,0,-1,6.3780613,6.4362698
8860,1,122,345544,14,122,1,1,-1,2,1,-1,5.85991,4.3158035
8861,3,122,345544,14,122,0,0,-1,1,0,-1,7.735513,6.090495
8862,1,122,345544,14,122,0,1,-1,1,0,-1,6.278797,5.283741
8863,26,78,227176,14,78,0,0,-1,1,0,-1,3.329273,4.139336
8864,1,21,8864,14,21,0,1,21,1,0,21,6.013552,5.0948105
8865,3,171,182068,14,171,0,0,-1,1,0,-1,5.743632,7.279987
8866,1,140,18952,14,140,1,1,-1,2,1,-1,5.2912183,6.104956
8867,6,140,39904,14,140,0,0,-1,1,0,-1,4.6111293,4.91938
8868,1,78,95956,14,78,0,1,-1,1,0,-1,5.5957494,3.5995708
8869,3,78,95956,14,78,0,0,-1,1,0,-1,6.3523006,5.375079
8870,1,78,95956,14,78,0,1,-1,1,0,-1,6.693615,4.0400596
8871,21,78,75796,14,78,0,0,-1,1,0,-1,4.738285,3.582117
8872,1,21,8872,14,21,1,1,21,2,1,21,6.087826,6.0213385
8873,3,171,575728,14,171,0,0,-1,1,0,-1,5.7425175,6.5735383
8874,1,21,13312,14,21,0,1,-1,1,0,-1,5.5122375,6.1909914
8875,8,96,39940,14,96,0,0,-1,1,0,-1,5.2962837,5.6981773
8876,1,96,9988,14,96,0,1,96,1,0,96,4.1049037,5.4647975
8877,3,96,26632,14,96,0,0,-1,1,0,-1,4.743978,5.6352296
8878,1,96,29968,14,96,1,1,-1,2,1,-1,5.5363197,4.112764
8879,13,171,89908,14,171,0,0,-1,1,0,-1,5.4261217,7.2177935
8880,1,34,8880,14,34,0,1,34,1,0,34,4.746267,3.7380862
8881,3,184,250504,14,184,0,0,-1,1,0,-1,4.8186398,5.7594395
8882,1,184,250504,14,184,0,1,-1,1,0,-1,5.9780455,5.4229865
8883,6,184,250504,14,184,0,0,-1,1,0,-1,3.7560384,5.015375
8884,1,34,8884,14,34,1,1,34,2,1,34,7.3478913,6.02441
8885,3,34,26656,14,34,0,0,-1,1,0,-1,3.6890786,5.7068553
8886,1,96,33748,14,96,0,1,-1,1,0,-1,4.7918158,4.217853
8887,8,96,59992,14,96,0,0,-1,1,0,-1,3.6995451,5.0466714
8888,1,34,8888,14,34,0,1,34,1,0,34,5.488765,4.512673
8889,3,184,250504,14,184,0,0,-1,1,0,-1,3.9884386,6.6658087
8890,1,34,13336,14,34,1,1,-1,2,1,-1,7.481189,4.811242
8891,11,70,45016,14,70,0,0,-1,1,0,-1,4.4548244,7.062466
8892,1,184,250504,14,184,0,1,-1,1,0,-1,4.025424,3.028997
8893,3,184,250504,14,184,0,0,-1,1,0,-1,4.4000044,5.6075335
8894,1,184,250504,14,184,0,1,-1,1,0,-1,5.0737314,4.7694592
8895,44,70,486952,14,70,0,0,-1,1,0,-1,6.138679,5.083931
8896,1,47,8896,14,47,1,1,47,2,1,47,6.3790183,4.92392
8897,3,34,26692,14,34,0,0,-1,1,0,-1,3.718864,6.2265687
8898,1,70,16900,14,70,0,1,-1,1,0,-1,6.1705265,4.713631
8899,6,70,40048,14,70,0,0,-1,1,0,-1,5.0936584,2.8661966
8900,1,140,9232,14,140,0,1,140,1,0,140,5.422596,4.94774
8901,3,140,26704,14,140,0,0,-1,1,0,-1,5.7705393,6.397065
8902,1,140,20032,14,140,1,1,-1,2,1,-1,5.35985,6.13097
8903,13,96,60100,14,96,0,0,-1,1,0,-1,4.377969,5.6120567
8904,1,140,9232,14,140,0,1,140,1,0,140,4.4908056,5.9533215
8905,3,96,45088,14,96,0,0,-1,1,0,-1,6.81115,5.096814
8906,1,140,13360,14,140,0,1,-1,1,0,-1,3.245323,4.4438806
8907,8,96,40084,14,96,0,0,-1,1,0,-1,7.403034,4.462308
8908,1,140,10024,14,140,1,1,-1,2,1,-1,5.410057,2.9524357
8909,3,140,26728,14,140,0,0,-1,1,0,-1,6.7305055,6.0168533
8910,1,96,114208,14,96,0,1,-1,1,0,-1,6.34191,7.094303
8911,21,96,114208,14,96,0,0,-1,1,0,-1,5.6189413,6.2742734
8912,1,47,8912,14,47,0,1,47,1,0,47,3.9936306,6.0137315
8913,3,47,26740,14,47,0,0,-1,1,0,-1,4.051339,4.1296673
8914,1,47,33856,14,47,1,1,-1,2,1,-1,4.1730986,5.212146
8915,6,47,40120,14,47,0,0,-1,1,0,-1,6.7411957,3.492273
8916,1,47,8916,14,47,0,1,47,1,0,47,5.7844324,7.475514
8917,3,47,26752,14,47,0,0,-1,1,0,-1,3.5290992,4.443539
8918,1,47,20068,14,47,0,1,-1,1,0,-1,4.5796313,6.310569
8919,8,47,60208,14,47,0,0,-1,1,0,-1,5.5948963,6.0279884
8920,1,96,14308,14,96,1,1,-1,2,1,-1,7.5142164,5.937639
8921,3,140,30112,14,140,0,0,-1,1,0,-1,6.036566,6.8234353
8922,1,96,14308,14,96,0,1,-1,1,0,-1,6.1976824,3.0913036
8923,13,70,67768,14,70,0,0,-1,1,0,-1,7.1837764,5.3859096
8924,1,96,15064,14,96,0,1,-1,1,0,-1,5.6632333,3.77604
8925,3,96,26776,14,96,0,0,-1,1,0,-1,6.0507045,3.0970013
8926,1,47,50848,14,47,1,1,-1,2,1,-1,6.8856153,3.7151947
8927,16,47,135592,14,47,0,0,-1,1,0,-1,6.514205,6.4308767
8928,1,47,8928,14,47,0,1,47,1,0,47,4.5831494,5.843603
8929,3,96,85840,14,96,0,0,-1,1,0,-1,3.8759391,3.394783
8930,1,47,13396,14,47,0,1,-1,1,0,-1,3.7911057,6.599868
8931,6,47,40192,14,47,0,0,-1,1,0,-1,4.502507,6.668418
8932,1,140,9232,14,140,1,1,140,2,1,140,4.968535,7.1752377
8933,3,140,26800,14,140,0,0,-1,1,0,-1,5.816867,5.549597
8934,1,140,20104,14,140,0,1,-1,1,0,-1,6.589816,7.319013
8935,47,109,1100608,14,109,0,0,-1,1,0,-1,5.7517214,3.1362073
8936,1,47,8936,14,47,0,1,47,1,0,47,3.851612,4.504145
8937,3,96,85912,14,96,0,0,-1,1,0,-1,4.490515,5.9470305
8938,1,47,13408,14,47,1,1,-1,2,1,-1,6.9338193,4.8497405
8939,8,122,50920,14,122,0,0,-1,1,0,-1,3.5676281,6.3301096
8940,1,47,11320,14,47,0,1,-1,1,0,-1,6.8195763,4.519474
8941,3,47,26824,14,47,0,0,-1,1,0,-1,5.649498,3.668738
8942,1,47,30184,14,47,0,1,-1,1,0,-1,4.919366,3.1747892
8943,50,153,619648,14,153,0,0,-1,1,0,-1,4.616001,4.879018
8944,1,91,8944,14,91,1,1,91,2,1,91,4.8596683,7.351378
8945,3,47,26836,14,47,0,0,-1,1,0,-1,3.177207,5.0781507
8946,1,96,86020,14,96,0,1,-1,1,0,-1,6.9068246,3.9138103
8947,6,96,86020,14,96,0,0,-1,1,0,-1,4.89687,7.2548146
8948,1,91,8948,14,91,0,1,91,1,0,91,6.623536,6.623896
8949,3,91,26848,14,91,0,0,-1,1,0,-1,6.2940593,4.6924877
8950,1,140,22660,14,140,1,1,-1,2,1,-1,4.832598,4.882272
8951,8,140,60424,14,140,0,0,-1,1,0,-1,7.3428845,6.230147
8952,1,91,17008,14,91,0,1,-1,1,0,-1,3.3257592,5.352734
8953,3,140,34000,14,140,0,0,-1,1,0,-1,7.41396,6.237505
8954,1,91,17008,14,91,0,1,-1,1,0,-1,3.7064462,6.6009216
8955,29,96,76516,14,96,0,0,-1,1,0,-1,5.828769,7.422565
8956,1,140,51028,14,140,1,1,-1,2,1,-1,5.3494916,4.643987
8957,3,140,51028,14,140,0,0,-1,1,0,-1,6.6327176,4.719165
8958,1,140,153088,14,140,0,1,-1,1,0,-1,6.549581,3.839559
8959,112,246,497176,14,246,0,0,-1,1,0,-1,7.577292,4.4021206
8960,1,21,8960,14,21,0,1,21,1,0,21,4.465072,5.2190323
8961,3,47,26884,14,47,0,0,-1,1,0,-1,6.3936906,4.0403943
8962,1,47,13444,14,47,1,1,-1,2,1,-1,6.622361,6.515254
8963,6,47,40336,14,47,0,0,-1,1,0,-1,4.013186,4.7823753
8964,1,47,8964,14,47,0,1,47,1,0,47,4.8161635,7.3279133
8965,3,47,26896,14,47,0,0,-1,1,0,-1,4.5423565,4.1293716
8966,1,47,20176,14,47,0,1,-1,1,0,-1,5.3591857,6.0213237
8967,11,140,60532,14,140,0,0,-1,1,0,-1,3.8023093,6.4406567
8968,1,47,8968,14,47,1,1,47,2,1,47,6.4350605,3.1810892
8969,3,52,45412,14,52,0,0,-1,1,0,-1,5.795552,3.912899
8970,1,47,13456,14,47,0,1,-1,1,0,-1,5.700783,3.9836357
8971,8,140,40372,14,140,0,0,-1,1,0,-1,4.8757987,4.650387
8972,1,47,10096,14,47,0,1,-1,1,0,-1,6.169823,4.5412574
8973,3,47,26920,14,47,0,0,-1,1,0,-1,4.5423245,3.6187348
8974,1,47,30292,14,47,1,1,-1,2,1,-1,5.2651258,4.346576
8975,11,47,90880,14,47,0,0,-1,1,0,-1,5.8750205,6.1650214
8976,1,47,8976,14,47,0,1,47,1,0,47,4.382243,4.3340077
8977,3,47,26932,14,47,0,0,-1,1,0,-1,3.5068443,4.090642
8978,1,91,25576,14,91,0,1,-1,1,0,-1,3.1101286,4.86328
8979,6,91,40408,14,91,0,0,-1,1,0,-1,4.2837415,4.5347886
8980,1,47,8980,14,47,1,1,47,2,1,47,5.420985,4.275798
8981,3,47,26944,14,47,0,0,-1,1,0,-1,7.7064404,4.9038706
8982,1,184,138400,14,184,0,1,-1,1,0,-1,4.386534,2.980244
8983,8,184,138400,14,184,0,0,-1,1,0,-1,5.1504884,5.2222147
8984,1,47,8984,14,47,0,1,47,1,0,47,4.842249,3.930644
8985,3,184,138400,14,184,0,0,-1,1,0,-1,5.389929,6.1253037
8986,1,47,13480,14,47,1,1,-1,2,1,-1,7.450349,5.7764425
8987,39,91,345544,14,91,0,0,-1,1,0,-1,5.306998,4.362144
8988,1,78,15172,14,78,0,1,-1,1,0,-1,3.2648358,3.9547813
8989,3,78,26968,14,78,0,0,-1,1,0,-1,4.204343,6.1165223
8990,1,78,45520,14,78,0,1,-1,1,0,-1,4.837016,6.7382793
8991,21,140,136564,14,140,0,0,-1,1,0,-1,4.513591,6.5774517
8992,1,47,8992,14,47,1,1,47,2,1,47,6.6564407,6.82575
8993,3,78,26980,14,78,0,0,-1,1,0,-1,7.3346534,4.8670783
8994,1,47,13492,14,47,0,1,-1,1,0,-1,7.3015275,5.790174
8995,6,47,40480,14,47,0,0,-1,1,0,-1,4.0225835,6.8490696
8996,1,47,11392,14,47,0,1,-1,1,0,-1,5.565137,5.8671756
8997,3,47,26992,14,47,0,0,-1,1,0,-1,4.935497,5.031809
8998,1,47,20248,14,47,1,1,-1,2,1,-1,4.5447235,6.7417088
8999,13,184,129760,14,184,0,0,-1,1,0,-1,6.0942435,6.6385937
9000,1,47,9000,14,47,0,1,47,1,0,47,7.5860076,4.0275536
9001,3,140,102544,14,140,0,0,-1,1,0,-1,6.7805057,3.7062836
9002,1,47,13504,14,47,0,1,-1,1,0,-1,4.939374,5.4116983
9003,8,78,40516,14,78,0,0,-1,1,0,-1,4.2444706,4.6790614
9004,1,39,10132,14,39,1,1,-1,2,1,-1,6.4728284,3.1584814
9005,3,39,27016,14,39,0,0,-1,1,0,-1,5.9278603,3.673992
9006,1,39,30400,14,39,0,1,-1,1,0,-1,5.79117,3.9899764
9007,16,78,91204,14,78,0,0,-1,1,0,-1,4.319774,5.7180986
9008,1,47,9008,14,47,0,1,47,1,0,47,6.4335876,4.4811406
9009,3,39,27028,14,39,0,0,-1,1,0,-1,6.5858216,5.234305
9010,1,39,15208,14,39,1,1,-1,2,1,-1,5.2534394,5.046161
9011,6,39,40552,14,39,0,0,-1,1,0,-1,4.9984183,6.4336157
9012,1,47,9012,14,47,0,1,47,1,0,47,7.224306,3.5886333
9013,3,47,27040,14,47,0,0,-1,1,0,-1,5.3892813,6.221007
9014,1,91,61720,14,91,0,1,-1,1,0,-1,6.2366247,2.977135
9015,8,91,61720,14,91,0,0,-1,1,0,-1,6.959722,6.859142
9016,1,140,21688,14,140,1,1,-1,2,1,-1,3.507157,4.505365
9017,3,39,30436,14,39,0,0,-1,1,0,-1,4.2809353,3.3599095
9018,1,140,21688,14,140,0,1,-1,1,0,-1,7.0742617,3.8983328
9019,11,39,45664,14,39,0,0,-1,1,0,-1,5.4813147,4.5311112
9020,1,140,22840,14,140,0,1,-1,1,0,-1,5.1377316,7.4476357
9021,3,140,27064,14,140,0,0,-1,1,0,-1,6.1268573,6.105525
9022,1,153,250504,14,153,1,1,-1,2,1,-1,7.0616765,4.4283834
9023,32,153,250504,14,153,0,0,-1,1,0,-1,7.157123,3.8495705
9024,1,21,9024,14,21,0,1,21,1,0,21,5.782773,7.2277536
9025,3,47,27076,14,47,0,0,-1,1,0,-1,4.751004,5.1647525
9026,1,184,32560,14,184,0,1,-1,1,0,-1,7.2747974,4.6363626
9027,6,184,40624,14,184,0,0,-1,1,0,-1,6.082954,5.804941
9028,1,39,9028,14,39,1,1,39,2,1,39,4.589195,4.4008527
9029,3,39,27088,14,39,0,0,-1,1,0,-1,4.9544673,6.801989
9030,1,39,20320,14,39,0,1,-1,1,0,-1,5.5780005,4.6642013
9031,39,184,146500,14,184,0,0,-1,1,0,-1,5.5916114,3.4753435
9032,1,39,9032,14,39,0,1,39,1,0,39,3.8347871,4.5850873
9033,3,47,45736,14,47,0,0,-1,1,0,-1,5.2618656,5.700612
9034,1,39,13552,14,39,1,1,-1,2,1,-1,4.849405,4.1938567
9035,8,39,40660,14,39,0,0,-1,1,0,-1,7.693876,5.7824183
9036,1,39,10168,14,39,0,1,-1,1,0,-1,6.147461,4.868689
9037,3,39,27112,14,39,0,0,-1,1,0,-1,6.5441823,3.5727823
9038,1,91,34324,14,91,0,1,-1,1,0,-1,4.7725697,4.5308557
9039,13,91,91528,14,91,0,0,-1,1,0,-1,7.09882,4.278697
9040,1,21,9040,14,21,1,1,21,2,1,21,6.579942,5.0784993
9041,3,184,48904,14,184,0,0,-1,1,0,-1,3.9480596,4.589236
9042,1,184,77272,14,184,0,1,-1,1,0,-1,3.7684515,5.034015
9043,6,184,77272,14,184,0,0,-1,1,0,-1,5.5443397,5.787541
9044,1,21,9044,14,21,0,1,21,1,0,21,7.0328727,5.159099
9045,3,21,27136,14,21,0,0,-1,1,0,-1,3.859684,5.9672294
9046,1,91,28996,14,91,1,1,-1,2,1,-1,4.996812,6.1904855
9047,8,91,61072,14,91,0,0,-1,1,0,-1,5.3718,7.258133
9048,1,39,9048,14,39,0,1,39,1,0,39,4.308372,5.066648
9049,3,47,30544,14,47,0,0,-1,1,0,-1,6.9249516,5.1964064
9050,1,39,13576,14,39,0,1,-1,1,0,-1,6.7910914,3.5740612
9051,24,91,69712,14,91,0,0,-1,1,0,-1,4.4051795,5.6361594
9052,1,39,15280,14,39,1,1,-1,2,1,-1,4.105333,4.024762
9053,3,39,27160,14,39,0,0,-1,1,0,-1,5.8816495,7.356827
9054,1,39,45844,14,39,0,1,-1,1,0,-1,5.5574417,5.9164224
9055,13,39,137536,14,39,0,0,-1,1,0,-1,3.536284,5.6576037
9056,1,65,9232,14,65,0,1,65,1,0,65,6.495907,3.0689945
9057,3,78,58048,14,78,0,0,-1,1,0,-1,4.332771,3.7680588
9058,1,65,13588,14,65,1,1,-1,2,1,-1,7.656459,5.539995
9059,6,65,40768,14,65,0,0,-1,1,0,-1,6.2050843,5.7712574
9060,1,65,9232,14,65,0,1,65,1,0,65,6.6255527,3.5792236
9061,3,65,27184,14,65,0,0,-1,1,0,-1,6.3729715,5.5783496
9062,1,65,20392,14,65,0,1,-1,1,0,-1,5.844033,3.9998078
9063,32,91,392020,14,91,0,0,-1,1,0,-1,6.5437846,6.776185
9064,1,65,9232,14,65,1,1,65,2,1,65,3.826407,5.088839
9065,3,122,176740,14,122,0,0,-1,1,0,-1,3.7717214,5.3157954
9066,1,65,13600,14,65,0,1,-1,1,0,-1,3.2224398,6.081885
9067,8,47,40804,14,47,0,0,-1,1,0,-1,5.437,7.166289
9068,1,91,39364,14,91,0,1,-1,1,0,-1,5.7097573,4.6018286
9069,3,91,39364,14,91,0,0,-1,1,0,-1,3.8279486,3.7905402
9070,1,91,39364,14,91,1,1,-1,2,1,-1,4.459512,3.2765057
9071,19,91,103336,14,91,0,0,-1,1,0,-1,4.0188603,3.2998269
9072,1,65,9232,14,65,0,1,65,1,0,65,7.5703626,4.3298235
9073,3,65,27220,14,65,0,0,-1,1,0,-1,4.5684094,3.9433205
9074,1,65,15316,14,65,0,1,-1,1,0,-1,5.21482,6.6416554
9075,6,65,40840,14,65,0,0,-1,1,0,-1,4.2943177,5.5241003
9076,1,65,9232,14,65,1,1,65,2,1,65,5.4702168,3.8240938
9077,3,65,27232,14,65,0,0,-1,1,0,-1,5.6469655,6.378963
9078,1,184,1276936,14,184,0,1,-1,1,0,-1,3.285528,4.307577
9079,8,184,1276936,14,184,0,0,-1,1,0,-1,5.478641,6.6306324
9080,1,65,14560,14,65,0,1,-1,1,0,-1,6.3802404,5.536298
9081,3,96,314656,14,96,0,0,-1,1,0,-1,5.760141,5.4554286
9082,1,65,14560,14,65,1,1,-1,2,1,-1,4.920513,3.8381145
9083,13,91,118096,14,91,0,0,-1,1,0,-1,4.594447,3.4323297
9084,1,65,34504,14,65,0,1,-1,1,0,-1,5.352011,2.8992045
9085,3,65,34504,14,65,0,0,-1,1,0,-1,4.4553046,7.257145
9086,1,184,1276936,14,184,0,1,-1,1,0,-1,3.2071521,5.8174276
9087,24,184,1276936,14,184,0,0,-1,1,0,-1,5.572782,2.7547922
9088,1,109,9232,14,109,1,1,109,2,1,109,6.6003456,7.3635983
9089,3,140,32776,14,140,0,0,-1,1,0,-1,3.3748467,3.7913256
9090,1,140,41524,14,140,0,1,-1,1,0,-1,5.4195566,6.187691
9091,6,140,41524,14,140,0,0,-1,1,0,-1,4.17651,3.835884
9092,1,140,65608,14,140,0,1,-1,1,0,-1,6.2102084,5.305825
9093,3,140,65608,14,140,0,0,-1,1,0,-1,5.110433,7.393428
9094,1,140,65608,14,140,1,1,-1,2,1,-1,3.473991,4.3203287
9095,11,140,61396,14,140,0,0,-1,1,0,-1,5.843888,6.231679
9096,1,21,9096,14,21,0,1,21,1,0,21,5.7075353,6.748507
9097,3,122,560356,14,122,0,0,-1,1,0,-1,7.635489,4.8571568
9098,1,21,13648,14,21,0,1,-1,1,0,-1,5.211753,6.180062
9099,8,122,897856,14,122,0,0,-1,1,0,-1,3.5020065,5.8369474
9100,1,21,10240,14,21,1,1,-1,2,1,-1,2.9934385,5.429973
9101,3,21,27304,14,21,0,0,-1,1,0,-1,7.079978,6.2017245
9102,1,184,83104,14,184,0,1,-1,1,0,-1,7.3818192,5.9064975
9103,11,184,92176,14,184,0,0,-1,1,0,-1,6.3001637,3.889644
9104,1,60,9104,14,60,0,1,60,1,0,60,4.647822,5.655718
9105,3,153,27316,14,153,0,0,-1,1,0,-1,3.8281648,6.932464
9106,1,153,23056,14,153,1,1,-1,2,1,-1,6.723148,5.1122546
9107,6,153,40984,14,153,0,0,-1,1,0,-1,6.3044615,6.773762
9108,1,60,9108,14,60,0,1,60,1,0,60,3.3695624,6.5423417
9109,3,60,27328,14,60,0,0,-1,1,0,-1,3.1949158,5.2935414
9110,1,60,20500,14,60,0,1,-1,1,0,-1,4.7821407,6.1048417
9111,8,60,61504,14,60,0,0,-1,1,0,-1,5.480296,3.6590095
9112,1,60,9112,14,60,1,1,60,2,1,60,4.566567,5.7665477
9113,3,60,30760,14,60,0,0,-1,1,0,-1,4.4517922,3.4265366
9114,1,60,13672,14,60,0,1,-1,1,0,-1,5.2252173,7.3370867
9115,16,153,103840,14,153,0,0,-1,1,0,-1,7.644324,5.8558636
9116,1,153,25972,14,153,0,1,-1,1,0,-1,7.1051474,4.899719
9117,3,153,27352,14,153,0,0,-1,1,0,-1,4.8361745,4.6791778
9118,1,153,46168,14,153,1,1,-1,2,1,-1,5.896735,6.869347
9119,26,65,155824,14,65,0,0,-1,1,0,-1,6.536831,4.3891215
9120,1,109,9232,14,109,0,1,109,1,0,109,3.8534265,5.819417
9121,3,60,27364,14,60,0,0,-1,1,0,-1,6.143968,6.378289
9122,1,60,13684,14,60,0,1,-1,1,0,-1,4.8638773,5.217614
9123,6,60,41056,14,60,0,0,-1,1,0,-1,6.764477,6.797271
9124,1,153,17332,14,153,1,1,-1,2,1,-1,6.289495,3.695629
9125,3,153,27376,14,153,0,0,-1,1,0,-1,5.249454,5.6063676
9126,1,153,20536,14,153,0,1,-1,1,0,-1,5.180916,5.1473145
9127,19,153,69316,14,153,0,0,-1,1,0,-1,5.470667,4.2237983
9128,1,109,9232,14,109,0,1,109,1,0,109,5.8418913,3.1965463
9129,3,65,156004,14,65,0,0,-1,1,0,-1,7.157444,5.5474877
9130,1,109,13696,14,109,1,1,-1,2,1,-1,4.849392,6.308794
9131,8,153,41092,14,153,0,0,-1,1,0,-1,6.089007,2.9157329
9132,1,60,13012,14,60,0,1,-1,1,0,-1,7.4043975,5.441873
9133,3,60,27400,14,60,0,0,-1,1,0,-1,6.9841294,6.752262
9134,1,60,30832,14,60,0,1,-1,1,0,-1,4.804767,3.3795695
9135,13,60,92500,14,60,0,0,-1,1,0,-1,3.399668,5.408946
9136,1,34,9136,14,34,1,1,34,2,1,34,4.9186954,4.1228604
9137,3,34,27412,14,34,0,0,-1,1,0,-1,3.8259397,5.852261
9138,1,34,15424,14,34,0,1,-1,1,0,-1,4.1283164,3.2001617
9139,6,34,41128,14,34,0,0,-1,1,0,-1,6.5588875,3.025665
9140,1,34,9140,14,34,0,1,34,1,0,34,3.3913608,5.4219136
9141,3,34,27424,14,34,0,0,-1,1,0,-1,5.605862,3.458994
9142,1,60,34720,14,60,1,1,-1,2,1,-1,5.376678,7.2588987
9143,8,60,61720,14,60,0,0,-1,1,0,-1,5.532243,2.6916044
9144,1,34,9144,14,34,0,1,34,1,0,34,3.4803295,5.245285
9145,3,65,30868,14,65,0,0,-1,1,0,-1,6.6775293,3.430385
9146,1,34,13720,14,34,0,1,-1,1,0,-1,4.63996,3.7198503
9147,11,65,46312,14,65,0,0,-1,1,0,-1,7.506107,4.6025257
9148,1,122,250504,14,122,1,1,-1,2,1,-1,2.9530988,5.57778
9149,3,122,250504,14,122,0,0,-1,1,0,-1,4.7780232,3.959234
9150,1,122,250504,14,122,0,1,-1,1,0,-1,5.433378,3.2934954
9151,34,91,593728,14,91,0,0,-1,1,0,-1,6.0477943,6.8688474
9152,1,109,9232,14,109,0,1,109,1,0,109,5.2786627,5.177139
9153,3,153,27460,14,153,0,0,-1,1,0,-1,5.952907,4.3286934
9154,1,153,26080,14,153,1,1,-1,2,1,-1,3.4861538,5.284027
9155,6,153,41200,14,153,0,0,-1,1,0,-1,5.680889,5.158824
9156,1,109,9232,14,109,0,1,109,1,0,109,6.5565534,6.558657
9157,3,109,27472,14,109,0,0,-1,1,0,-1,6.0913644,6.839557
9158,1,109,20608,14,109,0,1,-1,1,0,-1,7.349083,4.3874593
9159,13,197,225988,14,197,0,0,-1,1,0,-1,6.079888,5.1384773
9160,1,153,9232,14,153,1,1,153,2,1,153,6.059803,6.7053156
9161,3,153,46384,14,153,0,0,-1,1,0,-1,6.4257975,3.1862166
9162,1,153,13744,14,153,0,1,-1,1,0,-1,3.331035,5.9939756
9163,8,34,41236,14,34,0,0,-1,1,0,-1,6.191002,7.054866
9164,1,153,10312,14,153,0,1,-1,1,0,-1,6.7368097,4.6978607
9165,3,153,27496,14,153,0,0,-1,1,0,-1,5.1018243,2.5802395
9166,1,91,223072,14,91,1,1,-1,2,1,-1,4.583552,4.5037274
9167,16,91,223072,14,91,0,0,-1,1,0,-1,4.1213627,5.7059
9168,1,109,9232,14,109,0,1,109,1,0,109,5.7409673,6.1978564
9169,3,153,27508,14,153,0,0,-1,1,0,-1,4.15151,5.643603
9170,1,153,39184,14,153,0,1,-1,1,0,-1,5.003855,7.3860564
9171,6,153,41272,14,153,0,0,-1,1,0,-1,3.207522,6.0700445
9172,1,109,9232,14,109,1,1,109,2,1,109,5.150304,3.7138753
9173,3,109,27520,14,109,0,0,-1,1,0,-1,4.579613,4.5523777
9174,1,122,58804,14,122,0,1,-1,1,0,-1,4.568256,7.0367107
9175,8,122,61936,14,122,0,0,-1,1,0,-1,5.938566,2.6688745
9176,1,60,9176,14,60,0,1,60,1,0,60,4.285485,6.1646376
9177,3,109,30976,14,109,0,0,-1,1,0,-1,3.3151674,6.253225
9178,1,60,13768,14,60,1,1,-1,2,1,-1,6.1660357,6.9381948
9179,13,60,69712,14,60,0,0,-1,1,0,-1,4.10839,4.4880743
9180,1,60,15496,14,60,0,1,-1,1,0,-1,4.845095,7.338124
9181,3,60,27544,14,60,0,0,-1,1,0,-1,6.770186,7.022836
9182,1,171,8153620,14,171,0,1,-1,1,0,-1,6.1188626,5.417997
9183,88,171,8153620,14,171,0,0,-1,1,0,-1,3.9209373,4.5934753
9184,1,47,9184,14,47,1,1,47,2,1,47,5.8638377,7.051329
9185,3,184,55888,14,184,0,0,-1,1,0,-1,5.755869,5.701428
9186,1,109,13780,14,109,0,1,-1,1,0,-1,3.0535762,4.6451254
9187,6,109,41344,14,109,0,0,-1,1,0,-1,5.400113,5.932825
9188,1,60,9188,14,60,0,1,60,1,0,60,7.5419645,5.3628006
9189,3,60,27568,14,60,0,0,-1,1,0,-1,5.6991615,7.0347733
9190,1,60,20680,14,60,1,1,-1,2,1,-1,4.7952385,6.6039677
9191,16,60,104704,14,60,0,0,-1,1,0,-1,5.7923665,3.7394426
9192,1,47,9192,14,47,0,1,47,1,0,47,4.492625,3.476081
9193,3,91,176740,14,91,0,0,-1,1,0,-1,6.08768,7.1487036
9194,1,47,13792,14,47,0,1,-1,1,0,-1,3.5866556,6.0540543
9195,8,153,78568,14,153,0,0,-1,1,0,-1,6.9336047,6.1516232
9196,1,153,44224,14,153,1,1,-1,2,1,-1,6.971213,4.925876
9197,3,153,44224,14,153,0,0,-1,1,0,-1,3.7461374,6.074203
9198,1,153,44224,14,153,0,1,-1,1,0,-1,5.4244003,3.895238
9199,26,65,157192,14,65,0,0,-1,1,0,-1,7.58539,4.2060084
9200,1,47,13120,14,47,0,1,-1,1,0,-1,4.2788773,4.2340236
9201,3,47,27604,14,47,0,0,-1,1,0,-1,3.0501468,5.163432
9202,1,60,17476,14,60,1,1,-1,2,1,-1,6.4344873,5.5552583
9203,6,60,41416,14,60,0,0,-1,1,0,-1,5.236916,4.150895
9204,1,47,13120,14,47,0,1,-1,1,0,-1,4.970614,6.8981533
9205,3,47,27616,14,47,0,0,-1,1,0,-1,5.0020213,6.170035
9206,1,122,95956,14,122,0,1,-1,1,0,-1,4.315908,5.6392283
9207,8,122,95956,14,122,0,0,-1,1,0,-1,5.164188,6.733816
9208,1,60,39364,14,60,1,1,-1,2,1,-1,7.017785,5.262386
9209,3,122,95956,14,122,0,0,-1,1,0,-1,4.84035,4.7483273
9210,1,60,39364,14,60,0,1,-1,1,0,-1,6.5334806,4.534579
9211,19,122,95956,14,122,0,0,-1,1,0,-1,6.2867503,6.841893
9212,1,60,118096,14,60,0,1,-1,1,0,-1,4.434509,4.3030314
9213,3,60,118096,14,60,0,0,-1,1,0,-1,6.2209573,2.7839537
9214,1,153,1276936,14,153,1,1,-1,2,1,-1,5.230302,7.0392
9215,78,153,1276936,14,153,0,0,-1,1,0,-1,6.7966056,5.347601
9216,1,29,9216,14,29,0,1,29,1,0,29,3.2103536,6.0064077
9217,3,47,27652,14,47,0,0,-1,1,0,-1,3.6383586,5.799724
9218,1,47,13828,14,47,0,1,-1,1,0,-1,6.3935905,5.758883
9219,6,47,41488,14,47,0,0,-1,1,0,-1,4.3891883,5.303258
9220,1,109,9232,14,109,1,1,109,2,1,109,6.96873,4.5790987
9221,3,109,27664,14,109,0,0,-1,1,0,-1,4.5885334,5.809796
9222,1,109,20752,14,109,0,1,-1,1,0,-1,6.0019794,3.311745
9223,11,47,62260,14,47,0,0,-1,1,0,-1,6.0145836,3.595395
9224,1,153,9232,14,153,0,1,153,1,0,153,3.4180617,5.489946
9225,3,228,250504,14,228,0,0,-1,1,0,-1,4.450212,5.5401106
9226,1,153,13840,14,153,1,1,-1,2,1,-1,6.7410197,5.072736
9227,8,109,41524,14,109,0,0,-1,1,0,-1,4.7239103,6.677079
9228,1,153,10384,14,153,0,1,-1,1,0,-1,3.3231373,5.8831406
9229,3,153,27688,14,153,0,0,-1,1,0,-1,6.5630126,4.2107143
9230,1,91,31156,14,91,0,1,-1,1,0,-1,4.7963996,5.902224
9231,11,91,93472,14,91,0,0,-1,1,0,-1,4.1460524,5.7786884
9232,1,34,9232,14,34,1,1,34,2,1,34,4.581005,7.067293
9233,3,153,27700,14,153,0,0,-1,1,0,-1,3.1646683,4.828225
9234,1,109,23380,14,109,0,1,-1,1,0,-1,6.1052594,3.963707
9235,6,109,41560,14,109,0,0,-1,1,0,-1,6.904425,6.8708086
9236,1,34,9236,14,34,0,1,34,1,0,34,5.7946963,3.560541
9237,3,34,27712,14,34,0,0,-1,1,0,-1,5.740059,3.5159495
9238,1,153,20788,14,153,1,1,-1,2,1,-1,6.7979918,3.5208642
9239,8,153,62368,14,153,0,0,-1,1,0,-1,4.3876576,5.628417
9240,1,34,9240,14,34,0,1,34,1,0,34,5.823818,4.423579
9241,3,153,31192,14,153,0,0,-1,1,0,-1,6.6229258,6.1590433
9242,1,34,13864,14,34,0,1,-1,1,0,-1,5.644375,6.426211
9243,34,91,899584,14,91,0,0,-1,1,0,-1,3.8778036,5.503218
9244,1,153,15604,14,153,1,1,-1,2,1,-1,3.7466755,6.4686675
9245,3,153,27736,14,153,0,0,-1,1,0,-1,5.298272,4.8470206
9246,1,153,46816,14,153,0,1,-1,1,0,-1,7.325969,3.518132
9247,34,184,399976,14,184,0,0,-1,1,0,-1,7.418542,6.5294185
9248,1,34,9248,14,34,0,1,34,1,0,34,7.0801735,4.3063564
9249,3,184,33352,14,184,0,0,-1,1,0,-1,4.6965723,6.3193836
9250,1,34,13876,14,34,1,1,-1,2,1,-1,5.0655103,3.5856671
9251,6,34,41632,14,34,0,0,-1,1,0,-1,6.7987013,4.5897074
9252,1,109,11716,14,109,0,1,-1,1,0,-1,5.5207767,3.1889408
9253,3,109,27760,14,109,0,0,-1,1,0,-1,6.679973,4.730676
9254,1,109,20824,14,109,0,1,-1,1,0,-1,7.1642017,4.454151
9255,13,153,70288,14,153,0,0,-1,1,0,-1,5.4419775,5.2228174
9256,1,34,9256,14,34,1,1,34,2,1,34,4.473922,4.862962
9257,3,259,975400,14,259,0,0,-1,1,0,-1,6.579145,4.212956
9258,1,34,13888,14,34,0,1,-1,1,0,-1,6.6625605,2.9019523
9259,8,47,41668,14,47,0,0,-1,1,0,-1,5.442258,5.350372
9260,1,109,10420,14,109,0,1,-1,1,0,-1,4.9232073,4.6163163
9261,3,109,27784,14,109,0,0,-1,1,0,-1,7.426965,5.8544145
9262,1,109,31264,14,109,1,1,-1,2,1,-1,5.8206697,7.1017847
9263,21,140,93796,14,140,0,0,-1,1,0,-1,7.3895755,3.7995744
9264,1,34,9264,14,34,0,1,34,1,0,34,4.144102,4.535873
9265,3,109,27796,14,109,0,0,-1,1,0,-1,3.662108,5.2328997
9266,1,109,15640,14,109,0,1,-1,1,0,-1,4.7397375,5.8764896
9267,6,109,41704,14,109,0,0,-1,1,0,-1,5.9073606,7.3010335
9268,1,34,9268,14,34,1,1,34,2,1,34,5.9869246,5.942198
9269,3,34,27808,14,34,0,0,-1,1,0,-1,6.815806,5.2868714
9270,1,91,79216,14,91,0,1,-1,1,0,-1,7.0685096,4.5052285
9271,8,91,79216,14,91,0,0,-1,1,0,-1,3.884281,6.023678
9272,1,60,9272,14,60,0,1,60,1,0,60,5.0976205,4.8988075
9273,3,153,31300,14,153,0,0,-1,1,0,-1,6.28432,2.950953
9274,1,60,13912,14,60,1,1,-1,2,1,-1,6.0023613,4.9330387
9275,11,153,46960,14,153,0,0,-1,1,0,-1,6.2528443,6.143149
9276,1,60,23488,14,60,0,1,-1,1,0,-1,7.033733,3.9833424
9277,3,60,27832,14,60,0,0,-1,1,0,-1,5.0001655,7.349462
9278,1,91,70468,14,91,0,1,-1,1,0,-1,5.0028048,4.3444943
9279,19,91,211408,14,91,0,0,-1,1,0,-1,5.1533613,5.8572807
9280,1,122,9280,14,122,1,1,122,2,1,122,5.4422536,3.0649579
9281,3,60,27844,14,60,0,0,-1,1,0,-1,4.288859,3.1979754
9282,1,60,13924,14,60,0,1,-1,1,0,-1,4.6271653,4.038598
9283,6,60,41776,14,60,0,0,-1,1,0,-1,6.9975657,3.0752842
9284,1,34,9284,14,34,0,1,34,1,0,34,7.5357656,4.2291646
9285,3,34,27856,14,34,0,0,-1,1,0,-1,3.4090102,4.451101
9286,1,34,20896,14,34,1,1,-1,2,1,-1,5.184017,4.864907
9287,39,166,225988,14,166,0,0,-1,1,0,-1,3.6112287,6.167407
9288,1,184,190996,14,184,0,1,-1,1,0,-1,6.1425037,5.4788957
9289,3,91,80512,14,91,0,0,-1,1,0,-1,7.1526194,4.5966916
9290,1,184,190996,14,184,0,1,-1,1,0,-1,5.8146353,5.125553
9291,8,34,41812,14,34,0,0,-1,1,0,-1,5.8425975,6.6309485
9292,1,184,190996,14,184,1,1,-1,2,1,-1,6.1338453,6.00988
9293,3,184,190996,14,184,0,0,-1,1,0,-1,7.678969,4.3132696
9294,1,60,35296,14,60,0,1,-1,1,0,-1,7.670672,5.534383
9295,13,60,94120,14,60,0,0,-1,1,0,-1,3.6135614,5.756769
9296,1,122,9296,14,122,0,1,122,1,0,122,4.4830627,6.3753133
9297,3,184,190996,14,184,0,0,-1,1,0,-1,6.16051,7.1043396
9298,1,135,67048,14,135,1,1,-1,2,1,-1,3.7842824,6.373306
9299,6,135,67048,14,135,0,0,-1,1,0,-1,6.4909225,5.247508
9300,1,122,9300,14,122,0,1,122,1,0,122,4.448421,4.5959005
9301,3,122,27904,14,122,0,0,-1,1,0,-1,5.572499,6.6113257
9302,1,34,20932,14,34,0,1,-1,1,0,-1,5.7625213,5.0160255
9303,8,34,62800,14,34,0,0,-1,1,0,-1,4.859928,4.8997774
9304,1,153,9304,14,153,1,1,153,2,1,153,4.7821984,6.1265116
9305,3,91,31408,14,91,0,0,-1,1,0,-1,6.8776464,4.024501
9306,1,153,13960,14,153,0,1,-1,1,0,-1,5.9919014,5.9500074
9307,37,91,119284,14,91,0,0,-1,1,0,-1,5.40462,6.791482
9308,1,153,15712,14,153,0,1,-1,1,0,-1,4.6403904,7.307137
9309,3,153,27928,14,153,0,0,-1,1,0,-1,6.3483224,3.2614207
9310,1,91,59668,14,91,1,1,-1,2,1,-1,5.970348,4.259717
9311,13,91,141424,14,91,0,0,-1,1,0,-1,3.6474512,4.1665616
9312,1,122,9312,14,122,0,1,122,1,0,122,5.8381267,4.576213
9313,3,109,35368,14,109,0,0,-1,1,0,-1,4.473218,3.699256
9314,1,153,13972,14,153,0,1,-1,1,0,-1,5.3899,6.775765
9315,6,153,41920,14,153,0,0,-1,1,0,-1,3.0515118,5.737273
9316,1,153,9316,14,153,1,1,153,2,1,153,5.757493,4.9946566
9317,3,153,27952,14,153,0,0,-1,1,0,-1,5.6028748,7.1681943
9318,1,153,20968,14,153,0,1,-1,1,0,-1,5.050916,6.99883
9319,26,91,179152,14,91,0,0,-1,1,0,-1,4.625776,5.6269627
9320,1,122,9320,14,122,0,1,122,1,0,122,5.1266665,6.9496174
9321,3,60,70792,14,60,0,0,-1,1,0,-1,4.5000405,6.7835197
9322,1,122,13984,14,122,1,1,-1,2,1,-1,4.6277285,6.675459
9323,8,60,41956,14,60,0,0,-1,1,0,-1,5.8667755,6.1454935
9324,1,109,59776,14,109,0,1,-1,1,0,-1,4.03895,6.33518
9325,3,109,59776,14,109,0,0,-1,1,0,-1,5.9934063,2.923003
9326,1,109,59776,14,109,0,1,-1,1,0,-1,6.802634,7.068064
9327,21,91,119536,14,91,0,0,-1,1,0,-1,4.2605734,6.89888
9328,1,34,9328,14,34,1,1,34,2,1,34,4.044034,5.0375133
9329,3,122,27988,14,122,0,0,-1,1,0,-1,3.5955327,6.4984155
9330,1,135,345544,14,135,0,1,-1,1,0,-1,6.609697,3.843656
9331,6,135,345544,14,135,0,0,-1,1,0,-1,7.31842,6.406198
9332,1,34,9332,14,34,0,1,34,1,0,34,4.4840403,3.713474
9333,3,34,28000,14,34,0,0,-1,1,0,-1,6.4632773,6.6981635
9334,1,34,23632,14,34,1,1,-1,2,1,-1,4.313457,3.0829384
9335,8,34,63016,14,34,0,0,-1,1,0,-1,6.2918196,4.2229695
9336,1,34,11824,14,34,0,1,-1,1,0,-1,6.01471,3.5891473
9337,3,153,53188,14,153,0,0,-1,1,0,-1,4.667636,6.597881
9338,1,34,14008,14,34,0,1,-1,1,0,-1,6.8297853,7.1242995
9339,13,153,47284,14,153,0,0,-1,1,0,-1,5.289777,3.1030114
9340,1,91,95956,14,91,1,1,-1,2,1,-1,4.371626,2.8049371
9341,3,91,95956,14,91,0,0,-1,1,0,-1,3.4056337,6.1619883
9342,1,91,106432,14,91,0,1,-1,1,0,-1,5.2661867,4.2563295
9343,32,60,319300,14,60,0,0,-1,1,0,-1,6.1776447,6.295558
9344,1,122,9344,14,122,0,1,122,1,0,122,5.242566,5.366115
9345,3,184,575728,14,184,0,0,-1,1,0,-1,4.8305836,5.3676877
9346,1,60,14020,14,60,1,1,-1,2,1,-1,2.7640688,5.13042
9347,6,60,42064,14,60,0,0,-1,1,0,-1,6.2928677,4.4513006
9348,1,60,9348,14,60,0,1,60,1,0,60,5.5310216,3.6047983
9349,3,60,28048,14,60,0,0,-1,1,0,-1,7.425944,4.929648
9350,1,60,21040,14,60,0,1,-1,1,0,-1,4.5213532,3.0061052
9351,11,109,63124,14,109,0,0,-1,1,0,-1,5.982152,7.501205
9352,1,60,9352,14,60,1,1,60,2,1,60,5.6149435,6.9434776
9353,3,184,269728,14,184,0,0,-1,1,0,-1,3.023677,5.6240745
9354,1,60,14032,14,60,0,1,-1,1,0,-1,5.723907,5.534502
9355,8,197,250504,14,197,0,0,-1,1,0,-1,6.0301147,5.1895375
9356,1,60,10528,14,60,0,1,-1,1,0,-1,6.036096,6.6386065
9357,3,60,28072,14,60,0,0,-1,1,0,-1,5.746942,5.535898
9358,1,47,31588,14,47,1,1,-1,2,1,-1,5.147029,3.6935465
9359,11,47,94768,14,47,0,0,-1,1,0,-1,4.8681445,7.141548
9360,1,60,9360,14,60,0,1,60,1,0,60,4.606154,5.575506
9361,3,47,28084,14,47,0,0,-1,1,0,-1,5.8194246,6.386228
9362,1,47,23704,14,47,0,1,-1,1,0,-1,4.370103,4.9373875
9363,6,47,42136,14,47,0,0,-1,1,0,-1,4.065585,7.207826
9364,1,60,9364,14,60,1,1,60,2,1,60,3.8820193,3.725543
9365,3,60,28096,14,60,0,0,-1,1,0,-1,5.8148837,3.504695
9366,1,60,21076,14,60,0,1,-1,1,0,-1,2.7517993,5.162598
9367,8,60,63232,14,60,0,0,-1,1,0,-1,6.5100303,4.3798604
9368,1,60,9368,14,60,0,1,60,1,0,60,5.461916,3.3737648
9369,3,60,31624,14,60,0,0,-1,1,0,-1,4.8853016,2.7273076
9370,1,60,14056,14,60,1,1,-1,2,1,-1,5.442705,6.764121
9371,24,184,144340,14,184,0,0,-1,1,0,-1,3.5998828,4.5932703
9372,1,153,17800,14,153,0,1,-1,1,0,-1,4.1519837,3.826583
9373,3,153,28120,14,153,0,0,-1,1,0,-1,4.3859253,4.458005
9374,1,153,47464,14,153,0,1,-1,1,0,-1,3.9316356,4.944938
9375,24,47,360448,14,47,0,0,-1,1,0,-1,5.9846215,5.5953746
9376,1,122,9376,14,122,1,1,122,2,1,122,6.151306,6.2254906
9377,3,109,60100,14,109,0,0,-1,1,0,-1,4.2078056,3.7844405
9378,1,153,14068,14,153,0,1,-1,1,0,-1,5.350928,4.295769
9379,6,153,42208,14,153,0,0,-1,1,0,-1,3.483731,5.1519465
9380,1,153,26728,14,153,0,1,-1,1,0,-1,4.617669,4.5059295
9381,3,153,28144,14,153,0,0,-1,1,0,-1,4.656129,3.952203
9382,1,153,26728,14,153,1,1,-1,2,1,-1,4.330741,2.785717
9383,21,109,120256,14,109,0,0,-1,1,0,-1,3.8215263,3.489351
9384,1,122,9384,14,122,0,1,122,1,0,122,5.9238544,3.7120075
9385,3,83,240568,14,83,0,0,-1,1,0,-1,5.2526784,3.5187721
9386,1,122,14080,14,122,0,1,-1,1,0,-1,6.9183245,6.2359214
9387,8,60,42244,14,60,0,0,-1,1,0,-1,5.5698934,6.837267
9388,1,109,14308,14,109,1,1,-1,2,1,-1,7.2845097,5.2771025
9389,3,109,28168,14,109,0,0,-1,1,0,-1,5.517268,4.302808
9390,1,109,31696,14,109,0,1,-1,1,0,-1,4.3766413,4.737279
9391,13,60,95092,14,60,0,0,-1,1,0,-1,5.935129,4.9633465
9392,1,122,9392,14,122,0,1,122,1,0,122,6.5362015,3.8813741
9393,3,109,28180,14,109,0,0,-1,1,0,-1,4.1302843,6.2022586
9394,1,109,15856,14,109,1,1,-1,2,1,-1,4.1817155,7.0234632
9395,6,109,42280,14,109,0,0,-1,1,0,-1,6.5613847,6.2462873
9396,1,122,9396,14,122,0,1,122,1,0,122,4.472384,5.9828176
9397,3,122,28192,14,122,0,0,-1,1,0,-1,7.689403,5.418542
9398,1,83,67768,14,83,0,1,-1,1,0,-1,4.997849,5.6937537
9399,8,83,67768,14,83,0,0,-1,1,0,-1,6.684666,3.2934964
9400,1,122,9400,14,122,1,1,122,2,1,122,3.7556958,4.412234
9401,3,60,50848,14,60,0,0,-1,1,0,-1,5.827123,3.6643608
9402,1,122,14104,14,122,0,1,-1,1,0,-1,5.374084,2.970456
9403,11,60,135592,14,60,0,0,-1,1,0,-1,5.52425,5.3337107
9404,1,60,23812,14,60,0,1,-1,1,0,-1,5.235302,3.8682232
9405,3,60,28216,14,60,0,0,-1,1,0,-1,6.156564,3.475946
9406,1,60,71440,14,60,1,1,-1,2,1,-1,7.623251,4.9472895
9407,21,109,214324,14,109,0,0,-1,1,0,-1,6.9842734,5.8244505
9408,1,122,9408,14,122,0,1,122,1,0,122,3.4603546,4.1649985
9409,3,60,28228,14,60,0,0,-1,1,0,-1,5.85691,7.2744293
9410,1,60,17872,14,60,0,1,-1,1,0,-1,5.6301413,4.0896754
9411,6,60,42352,14,60,0,0,-1,1,0,-1,3.4224534,6.578677
9412,1,34,9412,14,34,1,1,34,2,1,34,4.396125,5.1729
9413,3,34,28240,14,34,0,0,-1,1,0,-1,7.1399794,4.8076305
9414,1,34,21184,14,34,0,1,-1,1,0,-1,5.637722,4.336707
9415,13,60,63556,14,60,0,0,-1,1,0,-1,5.561322,4.0652347
9416,1,34,9416,14,34,0,1,34,1,0,34,6.6069603,4.9541674
9417,3,104,47680,14,104,0,0,-1,1,0,-1,3.954207,3.7117248
9418,1,34,14128,14,34,1,1,-1,2,1,-1,4.2163687,6.7158813
9419,8,104,42388,14,104,0,0,-1,1,0,-1,7.371757,4.6438885
9420,1,34,10600,14,34,0,1,-1,1,0,-1,6.41747,6.8192
9421,3,34,28264,14,34,0,0,-1,1,0,-1,4.496345,7.008238
9422,1,60,80512,14,60,0,1,-1,1,0,-1,4.8273277,7.2768855
9423,19,60,95416,14,60,0,0,-1,1,0,-1,5.5533514,3.3178055
9424,1,122,9424,14,122,1,1,122,2,1,122,5.2689643,7.00957
9425,3,153,28276,14,153,0,0,-1,1,0,-1,5.4631553,4.6795144
9426,1,153,35800,14,153,0,1,-1,1,0,-1,3.1874812,5.487176
9427,6,153,42424,14,153,0,0,-1,1,0,-1,3.2257142,6.3287635
9428,1,122,9428,14,122,0,1,122,1,0,122,5.934516,5.246746
9429,3,122,28288,14,122,0,0,-1,1,0,-1,5.164345,4.5787797
9430,1,104,21220,14,104,1,1,-1,2,1,-1,7.4900966,5.6823893
9431,8,104,63664,14,104,0,0,-1,1,0,-1,5.683372,5.957889
9432,1,60,13444,14,60,0,1,-1,1,0,-1,3.7607017,5.135841
9433,3,34,31840,14,34,0,0,-1,1,0,-1,6.3852983,6.614555
9434,1,60,14152,14,60,0,1,-1,1,0,-1,4.2430553,4.9405484
9435,13,153,71656,14,153,0,0,-1,1,0,-1,4.5898232,3.7400498
9436,1,60,15928,14,60,1,1,-1,2,1,-1,3.6856813,3.540713
9437,3,60,28312,14,60,0,0,-1,1,0,-1,5.835473,4.321967
9438,1,104,53764,14,104,0,1,-1,1,0,-1,4.340463,4.3095913
9439,21,104,143368,14,104,0,0,-1,1,0,-1,6.620325,6.8167295
9440,1,60,9440,14,60,0,1,60,1,0,60,6.5067806,5.776753
9441,3,104,121012,14,104,0,0,-1,1,0,-1,6.2762756,3.2821302
9442,1,122,14164,14,122,1,1,-1,2,1,-1,5.1626725,4.5720644
9443,6,122,42496,14,122,0,0,-1,1,0,-1,5.8788166,3.711163
9444,1,60,10096,14,60,0,1,-1,1,0,-1,5.3379264,3.0348923
9445,3,60,28336,14,60,0,0,-1,1,0,-1,6.4358582,6.26154
9446,1,60,21256,14,60,0,1,-1,1,0,-1,6.363903,4.73991
9447,32,153,107620,14,153,0,0,-1,1,0,-1,4.0474358,4.8569503
9448,1,60,9448,14,60,1,1,60,2,1,60,7.732904,4.638818
9449,3,60,71764,14,60,0,0,-1,1,0,-1,5.120224,3.9036183
9450,1,60,14176,14,60,0,1,-1,1,0,-1,3.954408,5.2632217
9451,8,153,60568,14,153,0,0,-1,1,0,-1,5.9839087,6.9569144
9452,1,60,11968,14,60,0,1,-1,1,0,-1,6.4268546,3.6019359
9453,3,60,28360,14,60,0,0,-1,1,0,-1,2.9367096,4.559506
9454,1,60,31912,14,60,1,1,-1,2,1,-1,3.8282409,7.083649
9455,34,153,817936,14,153,0,0,-1,1,0,-1,4.0977335,5.9272547
9456,1,60,9456,14,60,0,1,60,1,0,60,4.93295,3.7758312
9457,3,60,28372,14,60,0,0,-1,1,0,-1,7.334776,4.934762
9458,1,60,26944,14,60,0,1,-1,1,0,-1,3.3537452,4.063125
9459,6,60,42568,14,60,0,0,-1,1,0,-1,4.210444,4.9052553
9460,1,60,9460,14,60,1,1,60,2,1,60,7.023278,4.044223
9461,3,60,28384,14,60,0,0,-1,1,0,-1,4.5691013,2.835641
9462,1,60,23956,14,60,0,1,-1,1,0,-1,4.92507,7.095641
9463,8,60,63880,14,60,0,0,-1,1,0,-1,5.5222936,5.934064
9464,1,91,45520,14,91,0,1,-1,1,0,-1,6.381782,5.1553855
9465,3,60,35944,14,60,0,0,-1,1,0,-1,7.252444,6.6970606
9466,1,91,45520,14,91,1,1,-1,2,1,-1,4.6669326,5.4733124
9467,52,104,345544,14,104,0,0,-1,1,0,-1,5.4819374,7.211935
9468,1,91,53944,14,91,0,1,-1,1,0,-1,5.79299,4.543183
9469,3,91,53944,14,91,0,0,-1,1,0,-1,5.317596,4.768756
9470,1,153,182068,14,153,0,1,-1,1,0,-1,4.779534,4.7900033
9471,29,153,485512,14,153,0,0,-1,1,0,-1,6.359374,5.0379486
9472,1,29,9472,14,29,1,1,29,2,1,29,6.52808,5.207455
9473,3,60,28420,14,60,0,0,-1,1,0,-1,6.7720838,3.928584
9474,1,60,20248,14,60,0,1,-1,1,0,-1,7.5196266,6.0375466
9475,6,60,42640,14,60,0,0,-1,1,0,-1,5.643634,4.456657
9476,1,122,9476,14,122,0,1,122,1,0,122,3.733532,5.498769
9477,3,122,28432,14,122,0,0,-1,1,0,-1,3.7307646,5.0827484
9478,1,122,21328,14,122,1,1,-1,2,1,-1,6.224436,6.6348443
9479,11,197,129760,14,197,0,0,-1,1,0,-1,7.27338,5.817717
9480,1,153,21688,14,153,0,1,-1,1,0,-1,7.3065934,5.653735
9481,3,153,102544,14,153,0,0,-1,1,0,-1,4.079916,5.271954
9482,1,153,21688,14,153,0,1,-1,1,0,-1,6.540044,3.2023728
9483,8,52,42676,14,52,0,0,-1,1,0,-1,3.9038005,6.796524
9484,1,153,21688,14,153,1,1,-1,2,1,-1,7.7082596,4.4047947
9485,3,153,28456,14,153,0,0,-1,1,0,-1,3.005422,5.322494
9486,1,60,32020,14,60,0,1,-1,1,0,-1,3.5065932,6.334807
9487,11,60,96064,14,60,0,0,-1,1,0,-1,5.3792467,6.917652
9488,1,78,9488,14,78,0,1,78,1,0,78,5.444258,3.794832
9489,3,153,28468,14,153,0,0,-1,1,0,-1,3.7314763,3.1526737
9490,1,52,40552,14,52,1,1,-1,2,1,-1,3.3379648,3.8828297
9491,6,52,42712,14,52,0,0,-1,1,0,-1,6.945242,4.998436
9492,1,78,9492,14,78,0,1,78,1,0,78,6.466824,6.9089665
9493,3,78,28480,14,78,0,0,-1,1,0,-1,6.367292,4.7330236
9494,1,153,21688,14,153,0,1,-1,1,0,-1,5.44122,4.0650105
9495,8,153,64096,14,153,0,0,-1,1,0,-1,5.886958,5.069511
9496,1,78,9496,14,78,1,1,78,2,1,78,5.3066716,3.5567799
9497,3,52,32056,14,52,0,0,-1,1,0,-1,5.9960604,6.3339715
9498,1,78,14248,14,78,0,1,-1,1,0,-1,7.1712613,4.8275313
9499,37,104,410884,14,104,0,0,-1,1,0,-1,7.354804,5.2855353
9500,1,166,250504,14,166,0,1,-1,1,0,-1,6.7494655,6.957672
9501,3,166,250504,14,166,0,0,-1,1,0,-1,6.9345984,3.189493
9502,1,166,250504,14,166,1,1,-1,2,1,-1,4.6325836,6.559387
9503,16,153,144340,14,153,0,0,-1,1,0,-1,3.4804404,4.7711015
9504,1,78,9504,14,78,0,1,78,1,0,78,5.460636,6.8379283
9505,3,122,28516,14,122,0,0,-1,1,0,-1,5.1549773,5.2613907
9506,1,52,14260,14,52,0,1,-1,1,0,-1,5.6419425,5.54018
9507,6,52,42784,14,52,0,0,-1,1,0,-1,4.5182757,6.7748594
9508,1,52,12040,14,52,1,1,-1,2,1,-1,6.023358,7.139982
9509,3,52,28528,14,52,0,0,-1,1,0,-1,6.710491,3.5521812
9510,1,52,21400,14,52,0,1,-1,1,0,-1,3.7619963,5.9236135
9511,13,52,72232,14,52,0,0,-1,1,0,-1,4.898502,5.002239
9512,1,78,9512,14,78,0,1,78,1,0,78,6.215438,3.8681467
9513,3,197,146500,14,197,0,0,-1,1,0,-1,4.184727,4.5249386
9514,1,78,14272,14,78,1,1,-1,2,1,-1,3.9896119,3.6472201
9515,8,52,42820,14,52,0,0,-1,1,0,-1,6.70703,6.2909822
9516,1,78,10708,14,78,0,1,-1,1,0,-1,5.137683,7.676711
9517,3,78,28552,14,78,0,0,-1,1,0,-1,5.1339426,4.7022395
9518,1,78,32128,14,78,0,1,-1,1,0,-1,3.8056781,5.1863585
9519,21,104,96388,14,104,0,0,-1,1,0,-1,5.679921,5.200129
9520,1,78,9520,14,78,1,1,78,2,1,78,6.8999767,6.1091857
9521,3,34,28564,14,34,0,0,-1,1,0,-1,3.4986656,5.764342
9522,1,34,16072,14,34,0,1,-1,1,0,-1,5.952979,7.481263
9523,6,34,42856,14,34,0,0,-1,1,0,-1,4.9766326,4.642896
9524,1,78,9524,14,78,0,1,78,1,0,78,4.8144903,5.424254
9525,3,78,28576,14,78,0,0,-1,1,0,-1,7.065118,4.440708
9526,1,197,695464,14,197,1,1,-1,2,1,-1,3.3286269,4.607042
9527,8,197,695464,14,197,0,0,-1,1,0,-1,5.861797,3.1544662
9528,1,52,15280,14,52,0,1,-1,1,0,-1,7.169513,6.2676387
9529,3,104,61072,14,104,0,0,-1,1,0,-1,3.739944,6.275667
9530,1,52,15280,14,52,0,1,-1,1,0,-1,5.907567,6.8070064
9531,11,78,48256,14,78,0,0,-1,1,0,-1,5.9200315,5.1246395
9532,1,52,24136,14,52,1,1,-1,2,1,-1,5.915145,4.556368
9533,3,52,28600,14,52,0,0,-1,1,0,-1,4.597355,5.169948
9534,1,104,122200,14,104,0,1,-1,1,0,-1,7.6925635,4.61534
9535,37,104,217240,14,104,0,0,-1,1,0,-1,5.0592823,5.8373494
9536,1,29,9536,14,29,0,1,29,1,0,29,3.9314644,4.472141
9537,3,78,28612,14,78,0,0,-1,1,0,-1,6.8368406,5.5275135
9538,1,78,14308,14,78,1,1,-1,2,1,-1,4.703158,6.972151
9539,6,78,42928,14,78,0,0,-1,1,0,-1,4.7536182,4.497855
9540,1,104,39364,14,104,0,1,-1,1,0,-1,5.863254,7.0573254
9541,3,104,39364,14,104,0,0,-1,1,0,-1,4.858868,4.8121243
9542,1,104,39364,14,104,0,1,-1,1,0,-1,3.3765166,3.6979918
9543,26,52,122308,14,52,0,0,-1,1,0,-1,4.7139287,5.2108946
9544,1,104,39364,14,104,1,1,-1,2,1,-1,6.5447392,3.8671882
9545,3,78,48328,14,78,0,0,-1,1,0,-1,7.475714,5.8355546
9546,1,104,39364,14,104,0,1,-1,1,0,-1,7.663362,5.4733853
9547,8,104,42964,14,104,0,0,-1,1,0,-1,5.8267493,6.1772118
9548,1,104,39364,14,104,0,1,-1,1,0,-1,6.774849,4.219287
9549,3,104,39364,14,104,0,0,-1,1,0,-1,4.7675195,5.70475
9550,1,60,40804,14,60,1,1,-1,2,1,-1,4.6959815,5.7770386
9551,13,60,96712,14,60,0,0,-1,1,0,-1,3.66197,6.82074
9552,1,29,9552,14,29,0,1,29,1,0,29,4.718645,5.6883144
9553,3,104,103336,14,104,0,0,-1,1,0,-1,3.4912596,3.7626877
9554,1,104,275560,14,104,0,1,-1,1,0,-1,6.7834764,5.731138
9555,6,104,275560,14,104,0,0,-1,1,0,-1,3.0027356,4.4551177
9556,1,29,9556,14,29,1,1,29,2,1,29,4.761185,6.476881
9557,3,29,28672,14,29,0,0,-1,1,0,-1,6.172942,3.8847072
9558,1,78,21508,14,78,0,1,-1,1,0,-1,4.9797277,4.2504454
9559,8,78,64528,14,78,0,0,-1,1,0,-1,6.5567665,5.414266
9560,1,122,9560,14,122,0,1,122,1,0,122,4.88738,3.115743
9561,3,78,32272,14,78,0,0,-1,1,0,-1,6.4642043,6.654177
9562,1,122,14344,14,122,1,1,-1,2,1,-1,3.5046704,5.851935
9563,16,197,1276936,14,197,0,0,-1,1,0,-1,5.403474,6.2569833
9564,1,122,16144,14,122,0,1,-1,1,0,-1,4.66842,5.5423055
9565,3,122,28696,14,122,0,0,-1,1,0,-1,7.558617,4.497023
9566,1,78,48436,14,78,0,1,-1,1,0,-1,7.191005,3.6298342
9567,13,78,145312,14,78,0,0,-1,1,0,-1,3.9756448,5.151944
9568,1,122,9568,14,122,1,1,122,2,1,122,6.7732315,7.252651
9569,3,78,36340,14,78,0,0,-1,1,0,-1,6.4005017,3.7400987
9570,1,73,14356,14,73,0,1,-1,1,0,-1,6.0822587,4.480742
9571,6,73,43072,14,73,0,0,-1,1,0,-1,3.99102,6.507654
9572,1,73,9572,14,73,0,1,73,1,0,73,5.1671624,6.3234787
9573,3,73,28720,14,73,0,0,-1,1,0,-1,3.0039606,4.4862967
9574,1,73,21544,14,73,1,1,-1,2,1,-1,5.0244093,5.826684
9575,39,197,6810136,14,197,0,0,-1,1,0,-1,5.015034,3.6021323
9576,1,122,9576,14,122,0,1,122,1,0,122,5.2390356,6.0227914
9577,3,153,72736,14,153,0,0,-1,1,0,-1,3.5817733,3.4221292
9578,1,122,14368,14,122,0,1,-1,1,0,-1,3.927499,3.5203052
9579,8,153,65608,14,153,0,0,-1,1,0,-1,6.158117,6.239337
9580,1,34,18196,14,34,1,1,-1,2,1,-1,7.039426,5.8711743
9581,3,34,28744,14,34,0,0,-1,1,0,-1,6.0254564,7.3597965
9582,1,34,32344,14,34,0,1,-1,1,0,-1,4.7907076,5.3409553
9583,16,135,560356,14,135,0,0,-1,1,0,-1,4.3502626,5.615837
9584,1,122,9584,14,122,0,1,122,1,0,122,6.194156,5.148445
9585,3,122,28756,14,122,0,0,-1,1,0,-1,7.3871284,4.4281716
9586,1,73,16180,14,73,1,1,-1,2,1,-1,5.4088297,5.365458
9587,6,73,43144,14,73,0,0,-1,1,0,-1,4.243671,6.440073
9588,1,122,9588,14,122,0,1,122,1,0,122,4.630626,2.8440692
9589,3,122,28768,14,122,0,0,-1,1,0,-1,5.8666515,6.3759074
9590,1,166,24280,14,166,0,1,-1,1,0,-1,4.3359756,7.3382225
9591,8,166,64744,14,166,0,0,-1,1,0,-1,6.160391,4.4631
9592,1,73,12148,14,73,1,1,-1,2,1,-1,4.9237027,6.748536
9593,3,122,599056,14,122,0,0,-1,1,0,-1,4.371165,6.0945196
9594,1,73,14392,14,73,0,1,-1,1,0,-1,5.2344584,4.539635
9595,13,73,48580,14,73,0,0,-1,1,0,-1,4.931743,6.2028522
9596,1,73,36448,14,73,0,1,-1,1,0,-1,4.9208174,4.810225
9597,3,73,36448,14,73,0,0,-1,1,0,-1,3.185975,5.705359
9598,1,166,138400,14,166,1,1,-1,2,1,-1,4.83152,5.7954025
9599,26,166,328048,14,166,0,0,-1,1,0,-1,4.3219695,5.2000527
9600,1,21,9600,14,21,0,1,21,1,0,21,4.590534,3.7427406
9601,3,166,28804,14,166,0,0,-1,1,0,-1,5.011183,3.02044
9602,1,122,14404,14,122,0,1,-1,1,0,-1,6.106354,5.8328304
9603,6,122,43216,14,122,0,0,-1,1,0,-1,7.786251,4.8554735
9604,1,166,17332,14,166,1,1,-1,2,1,-1,6.236078,6.898674
9605,3,166,28816,14,166,0,0,-1,1,0,-1,5.855455,7.378563
9606,1,166,21616,14,166,0,1,-1,1,0,-1,5.056136,6.846533
9607,11,122,64852,14,122,0,0,-1,1,0,-1,6.5213947,7.2941613
9608,1,60,9608,14,60,0,1,60,1,0,60,6.7997174,3.8709881
9609,3,73,54736,14,73,0,0,-1,1,0,-1,3.4286885,4.7597294
9610,1,60,14416,14,60,1,1,-1,2,1,-1,5.677632,6.777574
9611,8,166,43252,14,166,0,0,-1,1,0,-1,6.3240366,7.189119
9612,1,60,10816,14,60,0,1,-1,1,0,-1,6.154379,4.3247166
9613,3,60,28840,14,60,0,0,-1,1,0,-1,3.4609885,6.461687
9614,1,122,32452,14,122,0,1,-1,1,0,-1,4.1726513,3.7995422
9615,11,122,97360,14,122,0,0,-1,1,0,-1,5.612433,3.1917737
9616,1,60,9616,14,60,1,1,60,2,1,60,5.141825,4.9510083
9617,3,47,28852,14,47,0,0,-1,1,0,-1,4.4037066,5.44423
9618,1,47,24352,14,47,0,1,-1,1,0,-1,4.531496,7.227685
9619,6,47,43288,14,47,0,0,-1,1,0,-1,5.1183305,2.7492936
9620,1,60,9620,14,60,0,1,60,1,0,60,4.736963,5.4502397
9621,3,60,28864,14,60,0,0,-1,1,0,-1,4.9390397,4.273486
9622,1,47,21652,14,47,1,1,-1,2,1,-1,6.442629,6.7100406
9623,8,47,64960,14,47,0,0,-1,1,0,-1,4.9415774,5.381649
9624,1,60,9624,14,60,0,1,60,1,0,60,4.142653,7.2985945
9625,3,47,32488,14,47,0,0,-1,1,0,-1,5.6264887,6.804115
9626,1,60,14440,14,60,0,1,-1,1,0,-1,5.7057652,5.074917
9627,19,47,109672,14,47,0,0,-1,1,0,-1,7.1527095,6.690396
9628,1,73,61720,14,73,1,1,-1,2,1,-1,3.863693,5.320607
9629,3,73,61720,14,73,0,0,-1,1,0,-1,4.788646,5.779197
9630,1,73,61720,14,73,0,1,-1,1,0,-1,7.8456697,5.195886
9631,60,158,395440,14,158,0,0,-1,1,0,-1,4.9230194,6.6784425
9632,1,21,9632,14,21,0,1,21,1,0,21,7.123483,4.046426
9633,3,47,28900,14,47,0,0,-1,1,0,-1,7.251855,3.834365
9634,1,122,14452,14,122,1,1,-1,2,1,-1,6.410372,7.2500052
9635,6,122,43360,14,122,0,0,-1,1,0,-1,4.9172707,6.4004836
9636,1,122,18304,14,122,0,1,-1,1,0,-1,5.3375864,6.0886307
9637,3,122,28912,14,122,0,0,-1,1,0,-1,6.8339167,6.0189123
9638,1,122,21688,14,122,0,1,-1,1,0,-1,4.1623044,5.755458
9639,16,135,250504,14,135,0,0,-1,1,0,-1,4.0430217,4.9264703
9640,1,21,9640,14,21,1,1,21,2,1,21,5.1607704,4.7266955
9641,3,73,164752,14,73,0,0,-1,1,0,-1,7.54291,5.8029737
9642,1,21,14464,14,21,0,1,-1,1,0,-1,3.8509521,4.9948072
9643,8,166,43396,14,166,0,0,-1,1,0,-1,4.543749,4.589652
9644,1,166,10852,14,166,0,1,-1,1,0,-1,7.732652,4.7002926
9645,3,166,28936,14,166,0,0,-1,1,0,-1,5.7255397,3.8059957
9646,1,166,32560,14,166,1,1,-1,2,1,-1,7.095082,5.9525375
9647,13,122,97684,14,122,0,0,-1,1,0,-1,4.369264,4.7806106
9648,1,73,9648,14,73,0,1,73,1,0,73,5.568855,4.8672605
9649,3,60,28948,14,60,0,0,-1,1,0,-1,4.740543,6.321989
9650,1,60,16288,14,60,0,1,-1,1,0,-1,5.555817,6.6861014
9651,6,60,43432,14,60,0,0,-1,1,0,-1,6.378885,4.4173794
9652,1,73,9652,14,73,1,1,73,2,1,73,6.2556167,5.599656
9653,3,73,28960,14,73,0,0,-1,1,0,-1,3.1533906,4.761434
9654,1,104,223072,14,104,0,1,-1,1,0,-1,6.8631682,3.1581912
9655,8,104,223072,14,104,0,0,-1,1,0,-1,5.5258136,5.3319817
9656,1,73,9656,14,73,0,1,73,1,0,73,4.8350673,2.873931
9657,3,60,32596,14,60,0,0,-1,1,0,-1,3.5287988,4.3586273
9658,1,73,14488,14,73,1,1,-1,2,1,-1,6.253987,7.073203
9659,11,166,48904,14,166,0,0,-1,1,0,-1,4.136815,7.034133
9660,1,122,27520,14,122,0,1,-1,1,0,-1,3.7028527,4.778034
9661,3,122,28984,14,122,0,0,-1,1,0,-1,6.9395504,5.8964806
9662,1,122,73384,14,122,0,1,-1,1,0,-1,5.802921,5.381318
9663,88,184,27114424,14,184,0,0,-1,1,0,-1,6.3493876,7.020393
9664,1,21,9664,14,21,1,1,21,2,1,21,5.864664,4.628222
9665,3,73,28996,14,73,0,0,-1,1,0,-1,7.2312922,6.004583
9666,1,73,69712,14,73,0,1,-1,1,0,-1,5.74676,5.6129208
9667,6,73,69712,14,73,0,0,-1,1,0,-1,7.3949814,3.8527935
9668,1,21,9668,14,21,0,1,21,1,0,21,5.1930003,4.9928412
9669,3,21,29008,14,21,0,0,-1,1,0,-1,4.5980077,5.113827
9670,1,21,21760,14,21,1,1,-1,2,1,-1,6.9042983,4.247745
9671,13,73,65284,14,73,0,0,-1,1,0,-1,5.529408,3.5875387
9672,1,60,13120,14,60,0,1,-1,1,0,-1,3.8770657,6.068751
9673,3,60,48976,14,60,0,0,-1,1,0,-1,6.3724527,5.433807
9674,1,60,14512,14,60,0,1,-1,1,0,-1,4.4551454,6.9327593
9675,8,73,43540,14,73,0,0,-1,1,0,-1,7.463064,6.082026
9676,1,60,13120,14,60,1,1,-1,2,1,-1,6.185877,4.422504
9677,3,60,29032,14,60,0,0,-1,1,0,-1,5.605293,2.84872
9678,1,166,93040,14,166,0,1,-1,1,0,-1,5.1531334,5.994372
9679,24,166,98008,14,166,0,0,-1,1,0,-1,4.588586,6.672005
9680,1,21,9680,14,21,0,1,21,1,0,21,5.1928453,3.6255252
9681,3,60,29044,14,60,0,0,-1,1,0,-1,4.321737,5.9720073
9682,1,104,176740,14,104,1,1,-1,2,1,-1,4.4299564,6.4051704
9683,6,104,176740,14,104,0,0,-1,1,0,-1,4.9256935,4.1297717
9684,1,21,9684,14,21,0,1,21,1,0,21,4.421485,6.913803
9685,3,21,29056,14,21,0,0,-1,1,0,-1,5.227285,5.0980906
9686,1,166,44224,14,166,0,1,-1,1,0,-1,4.7219152,3.1836367
9687,8,166,65392,14,166,0,0,-1,1,0,-1,5.9609313,3.2012675
9688,1,73,39364,14,73,1,1,-1,2,1,-1,7.328746,5.141996
9689,3,73,39364,14,73,0,0,-1,1,0,-1,5.5537815,4.026768
9690,1,73,39364,14,73,0,1,-1,1,0,-1,7.699421,4.671376
9691,13,60,73600,14,60,0,0,-1,1,0,-1,4.945541,2.733055
9692,1,73,39364,14,73,0,1,-1,1,0,-1,3.9641829,5.0170636
9693,3,73,39364,14,73,0,0,-1,1,0,-1,7.049963,3.5524268
9694,1,166,209680,14,166,1,1,-1,2,1,-1,6.515296,7.14769
9695,34,166,209680,14,166,0,0,-1,1,0,-1,6.033634,6.359527
9696,1,47,9696,14,47,0,1,47,1,0,47,2.817984,4.9261556
9697,3,135,95956,14,135,0,0,-1,1,0,-1,6.6038966,7.153354
9698,1,21,14548,14,21,0,1,-1,1,0,-1,6.251634,4.2523003
9699,6,21,43648,14,21,0,0,-1,1,0,-1,6.3844233,6.424168
9700,1,166,1276936,14,166,1,1,-1,2,1,-1,3.928118,6.2012253
9701,3,166,1276936,14,166,0,0,-1,1,0,-1,7.1701016,4.1937127
9702,1,166,1276936,14,166,0,1,-1,1,0,-1,2.9465349,4.602086
9703,32,135,110536,14,135,0,0,-1,1,0,-1,4.968932,5.752007
9704,1,47,9704,14,47,0,1,47,1,0,47,4.9322376,4.522584
9705,3,179,1702276,14,179,0,0,-1,1,0,-1,4.2347746,7.022548
9706,1,47,14560,14,47,1,1,-1,2,1,-1,7.048537,4.3502026
9707,8,166,6810136,14,166,0,0,-1,1,0,-1,7.3092675,4.8312783
9708,1,122,12292,14,122,0,1,-1,1,0,-1,4.383092,4.151189
9709,3,122,29128,14,122,0,0,-1,1,0,-1,7.596672,4.96567
9710,1,122,32776,14,122,0,1,-1,1,0,-1,5.798715,6.888094
9711,24,60,165940,14,60,0,0,-1,1,0,-1,6.9924498,3.970253
9712,1,47,9712,14,47,1,1,47,2,1,47,4.873077,3.762683
9713,3,47,29140,14,47,0,0,-1,1,0,-1,6.0461793,6.192496
9714,1,166,18448,14,166,0,1,-1,1,0,-1,7.5858026,4.2600417
9715,6,166,43720,14,166,0,0,-1,1,0,-1,5.5791736,3.0399456
9716,1,47,9716,14,47,0,1,47,1,0,47,7.568364,6.227538
9717,3,47,29152,14,47,0,0,-1,1,0,-1,5.848821,5.872796
9718,1,122,41524,14,122,1,1,-1,2,1,-1,3.2153006,3.9897947
9719,8,122,65608,14,122,0,0,-1,1,0,-1,5.4577045,3.6419344
9720,1,166,27700,14,166,0,1,-1,1,0,-1,4.787485,2.7413487
9721,3,166,36916,14,166,0,0,-1,1,0,-1,4.4918923,6.265343
9722,1,166,27700,14,166,0,1,-1,1,0,-1,5.163994,4.4400415
9723,16,104,55384,14,104,0,0,-1,1,0,-1,4.17126,4.515652
9724,1,166,83104,14,166,1,1,-1,2,1,-1,4.8032203,4.7097745
9725,3,166,83104,14,166,0,0,-1,1,0,-1,5.6851435,4.6754694
9726,1,91,599056,14,91,0,1,-1,1,0,-1,6.762045,5.0677633
9727,52,91,747952,14,91,0,0,-1,1,0,-1,5.6537666,5.353184
9728,1,29,9728,14,29,0,1,29,1,0,29,4.044165,3.939502
9729,3,166,29188,14,166,0,0,-1,1,0,-1,2.8854334,4.4951096
9730,1,47,14596,14,47,1,1,-1,2,1,-1,5.912096,7.0677533
9731,6,47,43792,14,47,0,0,-1,1,0,-1,5.830009,5.2025757
9732,1,47,9732,14,47,0,1,47,1,0,47,3.5673144,6.7079434
9733,3,47,29200,14,47,0,0,-1,1,0,-1,4.581613,3.2369864
9734,1,47,21904,14,47,0,1,-1,1,0,-1,5.302396,6.3166013
9735,11,47,65716,14,47,0,0,-1,1,0,-1,7.002593,5.7161984
9736,1,135,9736,14,135,1,1,135,2,1,135,6.5363016,5.405908
9737,3,166,49300,14,166,0,0,-1,1,0,-1,5.375389,3.4176202
9738,1,135,14608,14,135,0,1,-1,1,0,-1,5.8948793,3.865707
9739,8,47,43828,14,47,0,0,-1,1,0,-1,3.7666292,5.657042
9740,1,135,10960,14,135,0,1,-1,1,0,-1,6.9605904,2.9792714
9741,3,135,29224,14,135,0,0,-1,1,0,-1,4.854149,5.860207
9742,1,47,32884,14,47,1,1,-1,2,1,-1,3.581044,4.5010448
9743,11,47,98656,14,47,0,0,-1,1,0,-1,7.427098,5.090339
9744,1,135,9744,14,135,0,1,135,1,0,135,6.044506,5.093612
9745,3,135,29236,14,135,0,0,-1,1,0,-1,6.5018,4.0946383
9746,1,122,24676,14,122,0,1,-1,1,0,-1,5.26348,6.1524167
9747,6,122,43864,14,122,0,0,-1,1,0,-1,6.6168504,6.802061
9748,1,135,9748,14,135,1,1,135,2,1,135,6.967496,4.948791
9749,3,135,29248,14,135,0,0,-1,1,0,-1,6.866218,5.977843
9750,1,122,21940,14,122,0,1,-1,1,0,-1,7.116684,5.4410434
9751,8,122,65824,14,122,0,0,-1,1,0,-1,6.4844413,3.6705954
9752,1,135,9752,14,135,0,1,135,1,0,135,6.958754,4.583529
9753,3,122,32920,14,122,0,0,-1,1,0,-1,2.922556,5.380232
9754,1,135,14632,14,135,1,1,-1,2,1,-1,5.053666,6.889695
9755,21,60,166696,14,60,0,0,-1,1,0,-1,4.618525,3.9903853
9756,1,135,16468,14,135,0,1,-1,1,0,-1,3.8519325,3.7673445
9757,3,135,29272,14,135,0,0,-1,1,0,-1,6.9237566,6.5178075
9758,1,135,49408,14,135,0,1,-1,1,0,-1,6.4745555,5.117512
9759,21,153,148228,14,153,0,0,-1,1,0,-1,5.1839094,6.3498983
9760,1,42,9760,14,42,1,1,42,2,1,42,5.850835,4.642238
9761,3,47,29284,14,47,0,0,-1,1,0,-1,5.4656014,4.654848
9762,1,135,14644,14,135,0,1,-1,1,0,-1,5.7754207,4.6966147
9763,6,135,43936,14,135,0,0,-1,1,0,-1,6.3346505,5.6130896
9764,1,73,13912,14,73,0,1,-1,1,0,-1,4.760725,5.4555287
9765,3,73,29296,14,73,0,0,-1,1,0,-1,5.89824,6.8531003
9766,1,73,21976,14,73,1,1,-1,2,1,-1,6.9821916,4.438882
9767,13,73,74176,14,73,0,0,-1,1,0,-1,5.1774077,5.223344
9768,1,42,9768,14,42,0,1,42,1,0,42,5.571281,6.375524
9769,3,104,281716,14,104,0,0,-1,1,0,-1,5.406743,6.5354867
9770,1,42,14656,14,42,0,1,-1,1,0,-1,6.8306603,3.7085767
9771,8,135,43972,14,135,0,0,-1,1,0,-1,4.520679,4.117365
9772,1,47,10996,14,47,1,1,-1,2,1,-1,4.518876,5.027653
9773,3,47,29320,14,47,0,0,-1,1,0,-1,5.08887,5.4217453
9774,1,47,32992,14,47,0,1,-1,1,0,-1,6.468136,4.5742483
9775,44,153,634228,14,153,0,0,-1,1,0,-1,5.1881785,6.7880764
9776,1,42,9776,14,42,0,1,42,1,0,42,3.7768104,3.8635044
9777,3,47,29332,14,47,0,0,-1,1,0,-1,6.0962434,7.199263
9778,1,47,20896,14,47,1,1,-1,2,1,-1,4.225958,7.0080814
9779,6,47,44008,14,47,0,0,-1,1,0,-1,7.3705,5.7698917
9780,1,42,9780,14,42,0,1,42,1,0,42,6.4498525,3.3971496
9781,3,42,29344,14,42,0,0,-1,1,0,-1,6.3078246,5.877479
9782,1,179,225988,14,179,0,1,-1,1,0,-1,3.5085006,6.774686
9783,8,179,225988,14,179,0,0,-1,1,0,-1,3.9151976,4.2542205
9784,1,135,9784,14,135,1,1,135,2,1,135,4.7529206,6.3354087
9785,3,197,190996,14,197,0,0,-1,1,0,-1,4.8758497,5.908519
9786,1,135,14680,14,135,0,1,-1,1,0,-1,7.1245337,6.66788
9787,11,197,190996,14,197,0,0,-1,1,0,-1,7.5031323,6.185539
9788,1,135,24784,14,135,0,1,-1,1,0,-1,5.885123,4.603081
9789,3,135,29368,14,135,0,0,-1,1,0,-1,4.8320217,7.5686088
9790,1,73,74356,14,73,1,1,-1,2,1,-1,3.9317293,6.1897535
9791,16,73,223072,14,73,0,0,-1,1,0,-1,7.175938,6.3329697
9792,1,42,9792,14,42,0,1,42,1,0,42,4.2734456,3.7580702
9793,3,166,29380,14,166,0,0,-1,1,0,-1,6.244498,3.4992547
9794,1,166,14692,14,166,0,1,-1,1,0,-1,6.8554435,6.3511543
9795,6,166,44080,14,166,0,0,-1,1,0,-1,4.1518044,5.4226
9796,1,135,9796,14,135,1,1,135,2,1,135,6.5023413,3.686618
9797,3,135,29392,14,135,0,0,-1,1,0,-1,6.416222,7.093123
9798,1,135,22048,14,135,0,1,-1,1,0,-1,4.7951307,7.074886
9799,16,47,66148,14,47,0,0,-1,1,0,-1,4.083406,3.3848581
9800,1,135,9800,14,135,0,1,135,1,0,135,5.9880095,3.9805217
9801,3,104,49624,14,104,0,0,-1,1,0,-1,4.409624,5.724562
9802,1,135,14704,14,135,1,1,-1,2,1,-1,6.0525446,3.0365071
9803,8,135,44116,14,135,0,0,-1,1,0,-1,5.119633,2.5427413
9804,1,135,11032,14,135,0,1,-1,1,0,-1,3.691634,5.7272897
9805,3,135,29416,14,135,0,0,-1,1,0,-1,5.703923,6.4197135
9806,1,104,59668,14,104,0,1,-1,1,0,-1,2.8995872,4.8292537
9807,13,104,99304,14,104,0,0,-1,1,0,-1,7.1005135,6.180352
9808,1,42,9808,14,42,1,1,42,2,1,42,4.760644,4.956319
9809,3,166,29428,14,166,0,0,-1,1,0,-1,3.5589533,4.4381332
9810,1,166,55888,14,166,0,1,-1,1,0,-1,4.4445853,3.3231168
9811,6,166,55888,14,166,0,0,-1,1,0,-1,4.029587,3.4155364
9812,1,42,9812,14,42,0,1,42,1,0,42,5.644101,3.1298063
9813,3,42,29440,14,42,0,0,-1,1,0,-1,7.674076,4.5825586
9814,1,135,22084,14,135,1,1,-1,2,1,-1,7.053626,5.6345053
9815,8,135,66256,14,135,0,0,-1,1,0,-1,4.1322427,3.8355377
9816,1,135,9816,14,135,0,1,135,1,0,135,4.15526,5.2837744
9817,3,135,33136,14,135,0,0,-1,1,0,-1,4.045319,3.5153196
9818,1,135,14728,14,135,0,1,-1,1,0,-1,6.044048,6.927332
9819,26,73,83896,14,73,0,0,-1,1,0,-1,5.148547,3.8254259
9820,1,135,16576,14,135,1,1,-1,2,1,-1,4.6198564,5.554026
9821,3,135,29464,14,135,0,0,-1,1,0,-1,5.663807,4.749236
9822,1,122,59776,14,122,0,1,-1,1,0,-1,5.331576,6.234693
9823,13,122,149200,14,122,0,0,-1,1,0,-1,5.522386,5.866217
9824,1,42,9824,14,42,0,1,42,1,0,42,7.092287,6.6645565
9825,3,47,37312,14,47,0,0,-1,1,0,-1,6.9204755,4.4700656
9826,1,135,14740,14,135,1,1,-1,2,1,-1,5.6844463,4.0423274
9827,6,135,44224,14,135,0,0,-1,1,0,-1,2.9691184,5.571618
9828,1,135,9828,14,135,0,1,135,1,0,135,5.912064,3.6809573
9829,3,135,29488,14,135,0,0,-1,1,0,-1,6.135818,4.472048
9830,1,135,22120,14,135,0,1,-1,1,0,-1,4.4773474,7.224466
9831,68,104,255472,14,104,0,0,-1,1,0,-1,3.9269297,4.557154
9832,1,42,9832,14,42,1,1,42,2,1,42,6.017984,6.823276
9833,3,47,74680,14,47,0,0,-1,1,0,-1,7.562118,5.709725
9834,1,42,14752,14,42,0,1,-1,1,0,-1,4.5850787,5.8127966
9835,8,166,53188,14,166,0,0,-1,1,0,-1,6.3631516,3.2365334
9836,1,104,95956,14,104,0,1,-1,1,0,-1,5.177874,7.4606633
9837,3,104,95956,14,104,0,0,-1,1,0,-1,5.617194,4.474151
9838,1,104,95956,14,104,1,1,-1,2,1,-1,5.583097,6.5007086
9839,19,47,112084,14,47,0,0,-1,1,0,-1,6.8364444,4.7873464
9840,1,73,10528,14,73,0,1,-1,1,0,-1,4.8117876,3.880499
9841,3,42,29524,14,42,0,0,-1,1,0,-1,5.3611236,6.68541
9842,1,73,16612,14,73,0,1,-1,1,0,-1,4.185758,5.1858273
9843,6,73,44296,14,73,0,0,-1,1,0,-1,6.328653,4.7339506
9844,1,73,10528,14,73,1,1,-1,2,1,-1,4.636069,4.680879
9845,3,73,29536,14,73,0,0,-1,1,0,-1,7.708842,5.422558
9846,1,73,24928,14,73,0,1,-1,1,0,-1,3.5798867,5.323157
9847,8,73,66472,14,73,0,0,-1,1,0,-1,5.835719,3.6013043
9848,1,73,12472,14,73,0,1,-1,1,0,-1,7.3364615,4.462347
9849,3,73,56104,14,73,0,0,-1,1,0,-1,4.341273,4.004609
9850,1,73,14776,14,73,1,1,-1,2,1,-1,4.7650595,5.260886
9851,13,73,49876,14,73,0,0,-1,1,0,-1,4.164874,4.637865
9852,1,210,250504,14,210,0,1,-1,1,0,-1,4.8902693,6.8667183
9853,3,210,250504,14,210,0,0,-1,1,0,-1,7.6312237,5.449481
9854,1,210,250504,14,210,0,1,-1,1,0,-1,3.5529222,5.7180552
9855,52,96,959092,14,96,0,0,-1,1,0,-1,4.893304,5.1459384
9856,1,29,9856,14,29,1,1,29,2,1,29,4.577368,6.6190667
9857,3,60,94768,14,60,0,0,-1,1,0,-1,6.018301,3.564148
9858,1,42,14788,14,42,0,1,-1,1,0,-1,4.5730867,5.3668733
9859,6,42,44368,14,42,0,0,-1,1,0,-1,6.949832,4.3332915
9860,1,73,9860,14,73,0,1,73,1,0,73,6.418049,5.248815
9861,3,73,29584,14,73,0,0,-1,1,0,-1,5.4984508,4.5294013
9862,1,73,22192,14,73,1,1,-1,2,1,-1,6.849025,4.404573
9863,11,73,66580,14,73,0,0,-1,1,0,-1,5.5268455,6.4795876
9864,1,135,9864,14,135,0,1,135,1,0,135,4.5933356,4.940529
9865,3,96,84292,14,96,0,0,-1,1,0,-1,7.5633698,5.0042014
9866,1,135,14800,14,135,0,1,-1,1,0,-1,7.246005,6.2320538
9867,8,73,44404,14,73,0,0,-1,1,0,-1,4.0147014,3.379545
9868,1,135,11104,14,135,1,1,-1,2,1,-1,3.3818603,3.810763
9869,3,135,29608,14,135,0,0,-1,1,0,-1,5.162913,4.867751
9870,1,197,144340,14,197,0,1,-1,1,0,-1,5.634815,4.148071
9871,11,197,144340,14,197,0,0,-1,1,0,-1,4.185645,5.852478
9872,1,135,9872,14,135,0,1,135,1,0,135,3.8348475,5.013082
9873,3,135,29620,14,135,0,0,-1,1,0,-1,5.0479827,6.2972903
9874,1,135,25000,14,135,1,1,-1,2,1,-1,4.027233,4.229125
9875,6,135,44440,14,135,0,0,-1,1,0,-1,3.9482954,4.351891
9876,1,135,9876,14,135,0,1,135,1,0,135,6.7568,4.6518254
9877,3,135,29632,14,135,0,0,-1,1,0,-1,6.2515187,3.8479285
9878,1,135,22228,14,135,0,1,-1,1,0,-1,6.2137876,5.796645
9879,8,135,66688,14,135,0,0,-1,1,0,-1,5.716513,3.195796
9880,1,135,9880,14,135,1,1,135,2,1,135,4.2984533,4.4579806
9881,3,166,33352,14,166,0,0,-1,1,0,-1,3.6233678,4.002117
9882,1,135,14824,14,135,0,1,-1,1,0,-1,5.323901,3.2669344
9883,29,166,126664,14,166,0,0,-1,1,0,-1,6.069019,4.2027783
9884,1,135,18772,14,135,0,1,-1,1,0,-1,6.002469,5.284124
9885,3,135,29656,14,135,0,0,-1,1,0,-1,4.779736,3.628308
9886,1,135,50056,14,135,1,1,-1,2,1,-1,3.5726728,6.585548
9887,70,241,975400,14,241,0,0,-1,1,0,-1,5.9142957,4.7578983
9888,1,29,9888,14,29,0,1,29,1,0,29,5.1879454,5.437169
9889,3,122,29668,14,122,0,0,-1,1,0,-1,4.047496,5.7890806
9890,1,122,15856,14,122,0,1,-1,1,0,-1,4.151962,4.934258
9891,6,122,44512,14,122,0,0,-1,1,0,-1,6.5363054,7.076444
9892,1,122,42280,14,122,1,1,-1,2,1,-1,5.1819715,5.032312
9893,3,122,42280,14,122,0,0,-1,1,0,-1,6.971693,3.6106865
9894,1,122,42280,14,122,0,1,-1,1,0,-1,2.9819193,4.9118886
9895,19,122,84544,14,122,0,0,-1,1,0,-1,6.005029,6.506998
9896,1,29,9896,14,29,0,1,29,1,0,29,4.5680885,6.6239996
9897,3,241,481624,14,241,0,0,-1,1,0,-1,5.077922,2.9274814
9898,1,29,14848,14,29,1,1,-1,2,1,-1,6.5139275,4.4646745
9899,8,96,67768,14,96,0,0,-1,1,0,-1,5.0125966,4.5785246
9900,1,73,23812,14,73,0,1,-1,1,0,-1,7.6356406,5.5718293
9901,3,73,29704,14,73,0,0,-1,1,0,-1,4.203825,2.8787484
9902,1,73,33424,14,73,0,1,-1,1,0,-1,5.1612782,5.7130156
9903,13,73,100276,14,73,0,0,-1,1,0,-1,5.4120255,4.412923
9904,1,135,9904,14,135,1,1,135,2,1,135,5.3761997,4.2527943
9905,3,42,29716,14,42,0,0,-1,1,0,-1,7.3154345,4.270215
9906,1,42,16720,14,42,0,1,-1,1,0,-1,3.1409924,6.4143596
9907,6,42,44584,14,42,0,0,-1,1,0,-1,4.598716,3.7810807
9908,1,135,9908,14,135,0,1,135,1,0,135,5.8014307,7.541713
9909,3,135,29728,14,135,0,0,-1,1,0,-1,4.599822,4.6299486
9910,1,73,37636,14,73,1,1,-1,2,1,-1,3.8064585,4.9360337
9911,8,73,66904,14,73,0,0,-1,1,0,-1,6.2264433,6.3345246
9912,1,135,9912,14,135,0,1,135,1,0,135,4.2172527,6.048932
9913,3,47,33460,14,47,0,0,-1,1,0,-1,3.6936212,6.4569535
9914,1,135,14872,14,135,0,1,-1,1,0,-1,6.313307,3.5845869
9915,11,47,50200,14,47,0,0,-1,1,0,-1,7.6578445,4.8623137
9916,1,47,25108,14,47,1,1,-1,2,1,-1,4.11601,6.804124
9917,3,47,29752,14,47,0,0,-1,1,0,-1,3.8652527,5.808585
9918,1,47,75328,14,47,0,1,-1,1,0,-1,4.961572,3.5614424
9919,21,148,225988,14,148,0,0,-1,1,0,-1,7.502676,4.8030753
9920,1,91,9920,14,91,0,1,91,1,0,91,4.7576137,5.0226436
9921,3,135,29764,14,135,0,0,-1,1,0,-1,6.230696,7.278143
9922,1,73,80512,14,73,1,1,-1,2,1,-1,7.538501,5.1624336
9923,6,73,80512,14,73,0,0,-1,1,0,-1,7.1889887,4.706442
9924,1,42,9924,14,42,0,1,42,1,0,42,3.788253,6.7761655
9925,3,42,29776,14,42,0,0,-1,1,0,-1,2.990966,5.416079
9926,1,42,22336,14,42,0,1,-1,1,0,-1,5.0447016,3.3370411
9927,13,135,67012,14,135,0,0,-1,1,0,-1,6.256485,5.380781
9928,1,42,9928,14,42,1,1,42,2,1,42,3.4776828,3.8510687
9929,3,135,50272,14,135,0,0,-1,1,0,-1,6.8926926,3.1744995
9930,1,42,14896,14,42,0,1,-1,1,0,-1,5.5818563,6.1369658
9931,8,117,44692,14,117,0,0,-1,1,0,-1,7.2754984,5.3881974
9932,1,42,11176,14,42,0,1,-1,1,0,-1,3.9290583,3.1648605
9933,3,42,29800,14,42,0,0,-1,1,0,-1,3.6977894,6.6906986
9934,1,166,190996,14,166,1,1,-1,2,1,-1,7.086088,3.9111023
9935,26,166,190996,14,166,0,0,-1,1,0,-1,5.5009456,6.274863
9936,1,91,9936,14,91,0,1,91,1,0,91,5.4459386,5.4982247
9937,3,73,29812,14,73,0,0,-1,1,0,-1,4.415118,7.3779736
9938,1,73,37744,14,73,0,1,-1,1,0,-1,5.496534,3.288765
9939,6,73,44728,14,73,0,0,-1,1,0,-1,6.731533,4.808816
9940,1,91,9940,14,91,1,1,91,2,1,91,5.4745197,4.178923
9941,3,91,29824,14,91,0,0,-1,1,0,-1,4.3556175,3.697747
9942,1,73,22372,14,73,0,1,-1,1,0,-1,6.533545,3.3275034
9943,8,73,67120,14,73,0,0,-1,1,0,-1,5.5212407,7.365152
9944,1,73,9944,14,73,0,1,73,1,0,73,6.136529,4.8078732
9945,3,73,33568,14,73,0,0,-1,1,0,-1,4.223327,6.299963
9946,1,73,14920,14,73,1,1,-1,2,1,-1,4.5154276,4.7199206
9947,13,135,75544,14,135,0,0,-1,1,0,-1,4.729806,6.3216367
9948,1,73,16792,14,73,0,1,-1,1,0,-1,6.7791514,5.6692667
9949,3,73,29848,14,73,0,0,-1,1,0,-1,3.7580607,3.4678073
9950,1,73,56680,14,73,0,1,-1,1,0,-1,6.2599826,3.7129722
9951,16,73,151144,14,73,0,0,-1,1,0,-1,3.261337,5.9135056
9952,1,91,9952,14,91,1,1,91,2,1,91,3.923498,4.734549
9953,3,73,85048,14,73,0,0,-1,1,0,-1,6.1388397,2.871828
9954,1,91,14932,14,91,0,1,-1,1,0,-1,5.8085,6.174305
9955,6,91,44800,14,91,0,0,-1,1,0,-1,6.903561,3.3599668
9956,1,42,9956,14,42,0,1,42,1,0,42,3.1884954,4.3884025
9957,3,42,29872,14,42,0,0,-1,1,0,-1,5.7909164,3.073024
9958,1,42,22408,14,42,1,1,-1,2,1,-1,5.3244033,4.7977934
9959,24,73,127636,14,73,0,0,-1,1,0,-1,7.6106563,4.6313863
9960,1,91,9960,14,91,0,1,91,1,0,91,2.9207842,5.849885
9961,3,73,107728,14,73,0,0,-1,1,0,-1,3.100786,4.6275363
9962,1,91,14944,14,91,0,1,-1,1,0,-1,5.2026615,3.326931
9963,8,73,56752,14,73,0,0,-1,1,0,-1,5.1400995,3.4824612
9964,1,104,45520,14,104,1,1,-1,2,1,-1,3.9773548,3.842094
9965,3,104,45520,14,104,0,0,-1,1,0,-1,3.1240785,5.4344177
9966,1,104,45520,14,104,0,1,-1,1,0,-1,5.9906325,5.6946936
9967,37,73,255472,14,73,0,0,-1,1,0,-1,7.447953,6.108369
9968,1,135,9968,14,135,0,1,135,1,0,135,6.8003283,3.2905762
9969,3,91,29908,14,91,0,0,-1,1,0,-1,5.2894154,6.11126
9970,1,117,345544,14,117,1,1,-1,2,1,-1,4.581362,5.4256983
9971,6,117,345544,14,117,0,0,-1,1,0,-1,4.1323376,3.239847
9972,1,135,9972,14,135,0,1,135,1,0,135,4.2404,4.8846717
9973,3,135,29920,14,135,0,0,-1,1,0,-1,6.5425973,5.2169843
9974,1,166,182068,14,166,0,1,-1,1,0,-1,4.8019195,6.3397155
9975,8,166,182068,14,166,0,0,-1,1,0,-1,4.3514924,4.913151
9976,1,135,18952,14,135,1,1,-1,2,1,-1,4.646105,6.880583
9977,3,42,37888,14,42,0,0,-1,1,0,-1,5.9292088,2.8294246
9978,1,135,18952,14,135,0,1,-1,1,0,-1,3.425013,4.268107
9979,19,73,85264,14,73,0,0,-1,1,0,-1,4.5391026,3.11649
9980,1,73,95956,14,73,0,1,-1,1,0,-1,3.9838176,3.9905946
9981,3,73,95956,14,73,0,0,-1,1,0,-1,5.0666156,7.4000726
9982,1,73,170584,14,73,1,1,-1,2,1,-1,4.3655224,6.254252
9983,44,166,575728,14,166,0,0,-1,1,0,-1,4.506835,3.383662
9984,1,42,9984,14,42,0,1,42,1,0,42,5.3986416,3.9557014
9985,3,91,29956,14,91,0,0,-1,1,0,-1,3.6304362,3.4155145
9986,1,166,21688,14,166,0,1,-1,1,0,-1,4.2669272,3.7808657
9987,6,166,44944,14,166,0,0,-1,1,0,-1,6.5680103,3.9244583
9988,1,91,9988,14,91,1,1,91,2,1,91,4.279521,7.266674
9989,3,91,29968,14,91,0,0,-1,1,0,-1,4.1085687,3.694262
9990,1,91,22480,14,91,0,1,-1,1,0,-1,3.6687443,6.9006457
9991,11,166,67444,14,166,0,0,-1,1,0,-1,3.8180847,6.13002
9992,1,179,250504,14,179,0,1,-1,1,0,-1,4.0070853,4.363171
9993,3,73,96064,14,73,0,0,-1,1,0,-1,5.7009826,4.2244506
9994,1,179,250504,14,179,1,1,-1,2,1,-1,6.739013,4.8498726
9995,8,65,44980,14,65,0,0,-1,1,0,-1,7.283383,5.9388285
9996,1,179,250504,14,179,0,1,-1,1,0,-1,3.7285101,6.736579
9997,3,179,250504,14,179,0,0,-1,1,0,-1,3.6426246,4.9108844
9998,1,91,33748,14,91,0,1,-1,1,0,-1,5.0545287,6.6050267
9999,11,91,101248,14,91,0,0,-1,1,0,-1,5.2497582,7.2090173
10000,1,29,10000,14,29,1,1,29,2,1,29,3.8463135,6.287458
