node,kmeans_k2,dbscan_eps_0.05_ms_5,hdbscan_mcs30
1,0,-1,-1
2,1,-2,-2
3,0,-2,-2
4,0,-2,-2
5,1,-2,-2
6,1,-2,-2
7,0,-2,-2
8,1,-2,-2
9,0,-2,-2
10,0,-2,-2
11,0,-2,-2
12,1,-2,-2
13,0,-2,-2
14,1,-2,-2
15,1,-2,-2
16,1,-2,-2
17,1,-2,-2
18,1,-1,-1
19,1,-2,-2
20,1,-2,-2
21,0,-2,-2
22,0,-2,-2
23,1,-2,-2
24,1,-2,-2
25,1,-1,-1
26,0,-2,-2
27,0,-1,-1
28,1,-1,-1
29,0,-2,-2
30,1,-2,-2
31,1,-2,-2
32,0,-2,-2
33,0,-2,-2
34,1,-2,-2
35,0,-2,-2
36,0,-2,-2
37,0,-1,-1
38,0,-1,-1
39,1,-2,-2
40,1,-2,-2
41,1,-2,-2
42,0,-2,-2
43,1,-1,-1
44,1,-1,-1
45,0,-2,-2
46,0,-2,-2
47,1,-2,-2
48,1,-2,-2
49,0,-2,-2
50,1,-2,-2
51,0,-1,-1
52,0,-2,-2
53,0,-2,-2
54,1,-2,-2
55,1,-2,-2
56,1,-2,-2
57,1,-2,-2
58,0,-1,-1
59,0,-2,-2
60,0,-1,-1
61,0,-2,-2
62,0,-2,-2
63,1,-2,-2
64,0,-2,-2
65,1,-2,-2
66,0,-2,-2
67,1,-1,-1
68,0,-2,-2
69,1,-2,-2
70,1,-2,-2
71,1,-1,-1
72,1,-2,-2
73,1,-2,-2
74,1,-2,-2
75,1,-1,-1
76,0,-2,-2
77,1,-2,-2
78,0,-2,-2
79,0,-2,-2
80,0,-1,-1
81,0,-1,-1
82,1,-1,-1
83,1,-2,-2
84,1,-2,-2
85,1,-2,-2
86,0,-2,-2
87,0,-2,-2
88,0,-2,-2
89,1,-2,-2
90,0,-2,-2
91,0,-2,-2
92,1,-2,-2
93,1,-1,-1
94,0,-2,-2
95,1,-2,-2
96,1,-2,-2
97,0,-2,-2
98,0,-2,-2
99,1,-2,-2
100,1,-2,-2
101,1,-2,-2
102,0,-2,-2
103,1,-2,-2
104,0,-1,-1
105,0,-2,-2
106,0,-2,-2
107,0,-1,-1
108,1,-2,-2
109,0,-2,-2
110,1,-2,-2
111,1,-1,-1
112,1,-2,-2
113,1,-2,-2
114,0,-2,-2
115,0,-2,-2
116,1,-2,-2
117,0,-2,-2
118,1,-2,-2
119,0,-2,-2
120,0,-2,-2
121,0,-1,-1
122,0,-2,-2
123,0,-2,-2
124,0,-2,-2
125,1,-2,-2
126,1,-2,-2
127,1,-1,-1
128,1,-2,-2
129,0,-2,-2
130,1,-2,-2
131,0,-2,-2
132,1,-2,-2
133,0,-2,-2
134,1,-2,-2
135,1,-2,-2
136,0,-2,-2
137,0,-2,-2
138,1,-1,-1
139,1,-2,-2
140,1,-2,-2
141,1,-2,-2
142,0,-2,-2
143,0,-2,-2
144,1,-2,-2
145,0,-1,-1
146,0,-2,-2
147,0,-2,-2
148,0,-1,-1
149,1,-1,-1
150,0,-2,-2
151,0,-2,-2
152,0,-2,-2
153,1,-2,-2
154,1,-2,-2
155,0,-2,-2
156,0,-1,-1
157,0,-1,-1
158,0,-1,-1
159,0,-2,-2
160,0,-2,-2
161,1,-2,-2
162,0,-2,-2
163,0,-2,-2
164,1,-2,-2
165,0,-2,-2
166,0,-2,-2
167,0,-2,-2
168,0,-2,-2
169,1,-2,-2
170,0,-2,-2
171,0,-2,-2
172,1,-1,-1
173,0,-2,-2
174,1,-2,-2
175,0,-1,-1
176,0,-2,-2
177,1,-2,-2
178,1,-2,-2
179,1,-1,-1
180,1,-1,-1
181,0,-2,-2
182,0,-2,-2
183,1,-2,-2
184,0,-2,-2
185,1,-2,-2
186,1,-2,-2
187,1,-2,-2
188,1,-2,-2
189,0,-2,-2
190,1,-2,-2
191,1,-1,-1
192,0,-2,-2
193,1,-2,-2
194,0,-1,-1
195,1,-2,-2
196,0,-2,-2
197,0,-2,-2
198,0,-2,-2
199,0,-2,-2
200,1,-2,-2
201,1,-1,-1
202,1,-1,-1
203,0,-2,-2
204,0,-2,-2
205,1,-1,-1
206,1,-2,-2
207,0,-2,-2
208,1,-2,-2
209,1,-2,-2
210,0,-2,-2
211,0,-2,-2
212,0,-1,-1
213,1,-2,-2
214,1,-2,-2
215,1,-2,-2
216,0,-1,-1
217,0,-2,-2
218,1,-2,-2
219,1,-1,-1
220,1,-1,-1
221,1,-1,-1
222,1,-2,-2
223,0,-2,-2
224,1,-1,-1
225,0,-2,-2
226,1,-2,-2
227,0,-2,-2
228,0,-2,-2
229,0,-2,-2
230,0,-1,-1
231,1,-2,-2
232,0,-2,-2
233,0,-1,-1
234,0,-2,-2
235,0,-2,-2
236,0,-2,-2
237,1,-2,-2
238,1,-2,-2
239,0,-2,-2
240,1,-2,-2
241,1,-1,-1
242,1,-2,-2
243,0,-2,-2
244,1,-2,-2
245,0,-2,-2
246,1,-1,-1
247,0,-2,-2
248,0,-1,-1
249,0,-2,-2
250,1,-2,-2
251,1,-1,-1
252,0,-2,-2
253,0,-2,-2
254,0,-2,-2
255,1,-2,-2
256,1,-2,-2
257,0,-2,-2
258,0,-2,-2
259,1,-2,-2
260,0,-1,-1
261,1,-2,-2
262,1,-2,-2
263,0,-2,-2
264,0,-1,-1
265,1,-2,-2
266,1,-2,-2
267,1,-1,-1
268,1,-2,-2
269,0,-2,-2
270,1,-1,-1
271,1,-2,-2
272,0,-2,-2
273,0,-2,-2
274,0,-2,-2
275,0,-2,-2
276,1,-1,-1
277,1,-2,-2
278,0,-2,-2
279,1,-2,-2
280,0,-2,-2
281,0,-2,-2
282,1,-2,-2
283,0,-2,-2
284,0,-2,-2
285,1,-2,-2
286,1,-2,-2
287,1,-2,-2
288,0,-2,-2
289,1,-1,-1
290,1,-1,-1
291,0,-2,-2
292,1,-2,-2
293,0,-2,-2
294,0,-1,-1
295,0,-2,-2
296,1,-2,-2
297,0,-2,-2
298,0,-2,-2
299,0,-2,-2
300,0,-2,-2
301,0,-2,-2
302,0,-2,-2
303,1,-2,-2
304,0,-2,-2
305,1,-1,-1
306,1,-1,-1
307,1,-2,-2
308,1,-1,-1
309,0,-2,-2
310,0,-2,-2
311,0,-2,-2
312,0,-1,-1
313,0,-2,-2
314,1,-2,-2
315,1,-2,-2
316,0,-2,-2
317,1,-2,-2
318,0,-2,-2
319,0,-2,-2
320,0,-2,-2
321,1,-2,-2
322,0,-2,-2
323,0,-1,-1
324,0,-2,-2
325,1,-2,-2
326,0,-1,-1
327,0,-2,-2
328,1,-2,-2
329,0,-2,-2
330,1,-2,-2
331,1,-1,-1
332,0,-2,-2
333,1,-2,-2
334,1,-2,-2
335,0,-2,-2
336,0,-2,-2
337,1,-2,-2
338,0,-2,-2
339,1,-2,-2
340,1,-2,-2
341,0,-1,-1
342,1,-2,-2
343,1,-2,-2
344,0,-2,-2
345,1,-2,-2
346,0,-2,-2
347,1,-1,-1
348,1,-2,-2
349,0,-2,-2
350,0,-1,-1
351,1,-2,-2
352,0,-2,-2
353,1,-2,-2
354,0,-2,-2
355,1,-2,-2
356,1,-2,-2
357,1,-2,-2
358,1,-1,-1
359,1,-1,-1
360,1,-2,-2
361,0,-2,-2
362,1,-1,-1
363,1,-2,-2
364,0,-2,-2
365,0,-2,-2
366,1,-2,-2
367,0,-2,-2
368,0,-1,-1
369,0,-2,-2
370,0,-2,-2
371,0,-1,-1
372,1,-2,-2
373,0,-2,-2
374,0,-2,-2
375,0,-2,-2
376,0,-2,-2
377,1,-1,-1
378,1,-2,-2
379,0,-2,-2
380,1,-2,-2
381,1,-2,-2
382,0,-2,-2
383,0,-2,-2
384,0,-2,-2
385,0,-1,-1
386,1,-2,-2
387,1,-2,-2
388,1,-1,-1
389,0,-2,-2
390,1,-1,-1
391,1,-1,-1
392,0,-2,-2
393,1,-2,-2
394,1,-2,-2
395,1,-2,-2
396,0,-1,-1
397,0,-2,-2
398,1,-2,-2
399,0,-2,-2
400,0,-2,-2
401,0,-2,-2
402,1,-2,-2
403,0,-2,-2
404,0,-2,-2
405,1,-2,-2
406,1,-2,-2
407,0,-2,-2
408,0,-2,-2
409,1,-1,-1
410,0,-2,-2
411,0,-2,-2
412,1,-2,-2
413,1,-2,-2
414,0,-1,-1
415,1,-2,-2
416,1,-2,-2
417,1,-2,-2
418,1,-1,-1
419,0,-2,-2
420,1,-2,-2
421,0,-2,-2
422,1,-2,-2
423,1,-2,-2
424,1,-2,-2
425,0,-2,-2
426,0,-2,-2
427,1,-2,-2
428,1,-1,-1
429,1,-2,-2
430,1,-2,-2
431,1,-2,-2
432,0,-2,-2
433,1,-2,-2
434,0,-1,-1
435,0,-2,-2
436,1,-2,-2
437,1,-2,-2
438,1,-2,-2
439,1,-1,-1
440,1,-2,-2
441,0,-2,-2
442,1,-2,-2
443,0,-2,-2
444,0,-2,-2
445,0,-2,-2
446,0,-2,-2
447,1,-2,-2
448,1,-2,-2
449,1,-1,-1
450,0,-1,-1
451,1,-2,-2
452,0,-2,-2
453,0,-2,-2
454,1,-2,-2
455,0,-2,-2
456,1,-2,-2
457,1,-2,-2
458,0,-2,-2
459,0,-2,-2
460,1,-2,-2
461,1,-2,-2
462,1,-2,-2
463,1,-2,-2
464,1,-2,-2
465,0,-2,-2
466,0,-2,-2
467,1,-1,-1
468,0,-2,-2
469,1,-2,-2
470,1,-2,-2
471,1,-2,-2
472,0,-1,-1
473,0,-2,-2
474,0,-2,-2
475,0,-2,-2
476,0,-2,-2
477,0,-2,-2
478,0,-2,-2
479,1,-2,-2
480,1,-2,-2
481,0,-2,-2
482,0,-2,-2
483,0,-2,-2
484,0,-2,-2
485,0,-2,-2
486,0,-2,-2
487,0,-2,-2
488,1,-2,-2
489,1,-2,-2
490,0,-2,-2
491,1,-2,-2
492,0,-1,-1
493,0,-1,-1
494,0,-1,-1
495,0,-1,-1
496,1,-2,-2
497,1,-2,-2
498,0,-2,-2
499,0,-2,-2
500,1,-2,-2
501,1,-1,-1
502,0,-2,-2
503,1,-2,-2
504,1,-2,-2
505,1,-2,-2
506,1,-1,-1
507,0,-2,-2
508,1,-2,-2
509,0,-1,-1
510,1,-2,-2
511,1,-2,-2
512,0,-2,-2
513,1,-2,-2
514,0,-2,-2
515,0,-1,-1
516,0,-2,-2
517,1,-2,-2
518,1,-2,-2
519,0,-2,-2
520,0,-2,-2
521,0,-1,-1
522,1,-1,-1
523,1,-2,-2
524,0,-2,-2
525,0,-1,-1
526,1,-2,-2
527,1,-2,-2
528,1,-2,-2
529,0,-2,-2
530,1,-2,-2
531,1,-2,-2
532,0,-2,-2
533,0,-2,-2
534,1,-2,-2
535,0,-2,-2
536,1,-2,-2
537,1,-2,-2
538,1,-2,-2
539,1,-1,-1
540,1,-2,-2
541,0,-1,-1
542,1,-1,-1
543,1,-2,-2
544,1,-2,-2
545,0,-2,-2
546,1,-2,-2
547,0,-2,-2
548,0,-2,-2
549,0,-2,-2
550,1,-2,-2
551,1,-2,-2
552,0,-2,-2
553,0,-2,-2
554,1,-2,-2
555,1,-2,-2
556,1,-1,-1
557,1,-1,-1
558,1,-2,-2
559,0,-1,-1
560,1,-2,-2
561,0,-2,-2
562,1,-2,-2
563,0,-2,-2
564,1,-2,-2
565,0,-2,-2
566,0,-2,-2
567,0,-1,-1
568,1,-2,-2
569,1,-1,-1
570,0,-2,-2
571,1,-2,-2
572,0,-2,-2
573,0,-2,-2
574,0,-2,-2
575,1,-2,-2
576,0,-1,-1
577,0,-2,-2
578,1,-2,-2
579,0,-2,-2
580,0,-2,-2
581,1,-2,-2
582,0,-2,-2
583,0,-2,-2
584,1,-2,-2
585,1,-2,-2
586,1,-1,-1
587,1,-2,-2
588,1,-2,-2
589,0,-2,-2
590,1,-2,-2
591,0,-1,-1
592,0,-2,-2
593,0,-2,-2
594,0,-1,-1
595,1,-1,-1
596,0,-2,-2
597,1,-2,-2
598,1,-2,-2
599,0,-2,-2
600,0,-2,-2
601,0,-2,-2
602,0,-2,-2
603,0,-1,-1
604,1,-2,-2
605,1,-2,-2
606,0,-1,-1
607,0,-2,-2
608,0,-2,-2
609,1,-2,-2
610,0,-2,-2
611,1,-2,-2
612,0,-2,-2
613,1,-2,-2
614,0,-2,-2
615,1,-2,-2
616,1,-2,-2
617,0,-1,-1
618,0,-2,-2
619,1,-2,-2
620,1,-1,-1
621,1,-2,-2
622,1,-2,-2
623,1,-2,-2
624,0,-2,-2
625,1,-2,-2
626,0,-2,-2
627,1,-2,-2
628,0,-1,-1
629,0,-2,-2
630,0,-2,-2
631,1,-2,-2
632,0,-2,-2
633,1,-2,-2
634,0,-1,-1
635,1,-2,-2
636,1,-2,-2
637,1,-2,-2
638,0,-2,-2
639,0,-2,-2
640,1,-2,-2
641,0,-2,-2
642,1,-2,-2
643,1,-1,-1
644,0,-2,-2
645,0,-2,-2
646,1,-2,-2
647,0,-1,-1
648,1,-2,-2
649,0,-2,-2
650,0,-2,-2
651,1,-2,-2
652,1,-2,-2
653,1,-1,-1
654,1,-1,-1
655,0,-2,-2
656,1,-2,-2
657,0,-1,-1
658,1,-2,-2
659,0,-2,-2
660,0,-2,-2
661,0,-1,-1
662,1,-2,-2
663,0,-2,-2
664,0,-1,-1
665,1,-2,-2
666,1,-2,-2
667,1,-1,-1
668,0,-2,-2
669,0,-2,-2
670,0,-2,-2
671,0,-2,-2
672,1,-2,-2
673,0,-1,-1
674,1,-2,-2
675,1,-2,-2
676,1,-1,-1
677,1,-1,-1
678,1,-2,-2
679,0,-2,-2
680,0,-1,-1
681,1,-1,-1
682,1,-2,-2
683,0,-2,-2
684,0,-2,-2
685,0,-2,-2
686,0,-1,-1
687,0,-2,-2
688,0,-2,-2
689,1,-2,-2
690,0,-2,-2
691,1,-2,-2
692,1,-1,-1
693,1,-2,-2
694,0,-2,-2
695,0,-2,-2
696,1,-2,-2
697,1,-2,-2
698,1,-2,-2
699,1,-2,-2
700,0,-2,-2
701,1,-2,-2
702,1,-2,-2
703,0,-2,-2
704,1,-2,-2
705,1,-1,-1
706,1,-2,-2
707,0,-2,-2
708,0,-2,-2
709,0,-1,-1
710,1,-2,-2
711,0,-2,-2
712,1,-2,-2
713,1,-2,-2
714,0,-1,-1
715,0,-2,-2
716,1,-2,-2
717,1,-1,-1
718,0,-1,-1
719,1,-1,-1
720,0,-2,-2
721,0,-2,-2
722,0,-2,-2
723,1,-2,-2
724,1,-2,-2
725,0,-2,-2
726,1,-2,-2
727,0,-2,-2
728,1,-2,-2
729,1,-2,-2
730,1,-2,-2
731,0,-2,-2
732,0,-2,-2
733,0,-2,-2
734,1,-2,-2
735,0,-2,-2
736,0,-2,-2
737,1,-2,-2
738,1,-2,-2
739,1,-1,-1
740,0,-2,-2
741,1,-1,-1
742,0,-2,-2
743,0,-2,-2
744,1,-2,-2
745,0,-1,-1
746,0,-1,-1
747,0,-2,-2
748,0,-2,-2
749,1,-2,-2
750,0,-2,-2
751,1,-2,-2
752,1,-2,-2
753,1,-2,-2
754,1,-1,-1
755,1,-2,-2
756,1,-2,-2
757,1,-2,-2
758,1,-2,-2
759,0,-2,-2
760,0,-2,-2
761,1,-2,-2
762,1,-2,-2
763,1,-2,-2
764,0,-2,-2
765,0,-2,-2
766,1,-1,-1
767,0,-2,-2
768,1,-2,-2
769,0,-2,-2
770,1,-2,-2
771,0,-2,-2
772,1,-2,-2
773,1,-1,-1
774,0,-1,-1
775,0,-2,-2
776,0,-2,-2
777,0,-2,-2
778,1,-2,-2
779,1,-2,-2
780,0,-2,-2
781,0,-2,-2
782,1,-2,-2
783,0,-2,-2
784,0,-2,-2
785,0,-2,-2
786,0,-2,-2
787,1,-2,-2
788,1,-1,-1
789,1,-2,-2
790,0,-2,-2
791,0,-2,-2
792,1,-2,-2
793,0,-2,-2
794,1,-2,-2
795,1,-2,-2
796,0,-2,-2
797,1,-2,-2
798,0,-1,-1
799,1,-2,-2
800,0,-2,-2
801,0,-1,-1
802,0,-2,-2
803,1,-1,-1
804,0,-2,-2
805,1,-1,-1
806,0,-2,-2
807,1,-2,-2
808,1,-2,-2
809,1,-1,-1
810,1,-2,-2
811,1,-2,-2
812,1,-2,-2
813,0,-2,-2
814,0,-2,-2
815,1,-1,-1
816,0,-2,-2
817,1,-2,-2
818,1,-2,-2
819,0,-2,-2
820,0,-2,-2
821,1,-2,-2
822,1,-2,-2
823,1,-2,-2
824,0,-1,-1
825,1,-2,-2
826,0,-2,-2
827,0,-2,-2
828,0,-2,-2
829,1,-2,-2
830,1,-2,-2
831,0,-2,-2
832,1,-2,-2
833,1,-1,-1
834,1,-2,-2
835,0,-2,-2
836,1,-2,-2
837,0,-1,-1
838,0,-2,-2
839,1,-2,-2
840,0,-1,-1
841,1,-2,-2
842,0,-2,-2
843,1,-2,-2
844,0,-2,-2
845,0,-1,-1
846,0,-2,-2
847,1,-2,-2
848,0,-2,-2
849,0,-2,-2
850,1,-1,-1
851,0,-1,-1
852,1,-2,-2
853,0,-2,-2
854,0,-1,-1
855,1,-1,-1
856,1,-2,-2
857,1,-2,-2
858,0,-1,-1
859,1,-2,-2
860,1,-1,-1
861,1,-2,-2
862,1,-2,-2
863,0,-1,-1
864,1,-2,-2
865,0,-2,-2
866,1,-2,-2
867,0,-2,-2
868,1,-2,-2
869,0,-2,-2
870,0,-2,-2
871,0,-2,-2
872,0,-2,-2
873,0,-2,-2
874,1,-2,-2
875,0,-2,-2
876,0,-2,-2
877,0,-2,-2
878,0,-2,-2
879,1,-1,-1
880,0,-2,-2
881,1,-1,-1
882,1,-2,-2
883,1,-2,-2
884,1,-1,-1
885,1,-2,-2
886,1,-2,-2
887,0,-2,-2
888,1,-2,-2
889,1,-2,-2
890,0,-2,-2
891,0,-1,-1
892,1,-1,-1
893,1,-2,-2
894,0,-2,-2
895,1,-2,-2
896,0,-2,-2
897,1,-1,-1
898,1,-2,-2
899,1,-2,-2
900,1,-2,-2
901,0,-2,-2
902,0,-2,-2
903,1,-2,-2
904,0,-2,-2
905,1,-2,-2
906,0,-2,-2
907,0,-2,-2
908,0,-2,-2
909,0,-2,-2
910,1,-2,-2
911,1,-2,-2
912,0,-2,-2
913,0,-2,-2
914,1,-2,-2
915,1,-2,-2
916,0,-2,-2
917,0,-2,-2
918,1,-2,-2
919,0,-2,-2
920,1,-2,-2
921,1,-2,-2
922,0,-1,-1
923,0,-2,-2
924,1,-2,-2
925,1,-2,-2
926,1,-2,-2
927,0,-2,-2
928,0,-1,-1
929,0,-2,-2
930,0,-2,-2
931,1,-2,-2
932,1,-2,-2
933,0,-1,-1
934,0,-2,-2
935,1,-2,-2
936,1,-1,-1
937,0,-2,-2
938,1,-1,-1
939,0,-2,-2
940,1,-2,-2
941,1,-2,-2
942,0,-2,-2
943,1,-1,-1
944,0,-2,-2
945,1,-2,-2
946,0,-2,-2
947,1,-2,-2
948,1,-1,-1
949,1,-2,-2
950,0,-2,-2
951,0,-2,-2
952,0,-2,-2
953,0,-2,-2
954,1,-2,-2
955,1,-2,-2
956,1,-2,-2
957,0,-2,-2
958,0,-2,-2
959,1,-2,-2
960,1,-2,-2
961,1,-2,-2
962,0,-2,-2
963,1,-2,-2
964,0,-2,-2
965,0,-2,-2
966,1,-2,-2
967,1,-2,-2
968,0,-2,-2
969,1,-2,-2
970,1,-1,-1
971,1,-1,-1
972,1,-1,-1
973,0,-2,-2
974,0,-2,-2
975,1,-2,-2
976,1,-2,-2
977,0,-2,-2
978,1,-1,-1
979,1,-2,-2
980,0,-2,-2
981,0,-1,-1
982,1,-2,-2
983,0,-2,-2
984,0,-2,-2
985,1,-2,-2
986,1,-2,-2
987,0,-1,-1
988,0,-1,-1
989,1,-2,-2
990,0,-2,-2
991,0,-2,-2
992,0,-2,-2
993,1,-2,-2
994,0,-2,-2
995,0,-2,-2
996,1,-2,-2
997,0,-1,-1
998,0,-2,-2
999,1,-2,-2
1000,1,-1,-1
1001,1,-1,-1
1002,1,-2,-2
1003,1,-1,-1
1004,1,-1,-1
1005,0,-2,-2
1006,0,-2,-2
1007,1,-2,-2
1008,1,-2,-2
1009,0,-2,-2
1010,1,-2,-2
1011,0,-2,-2
1012,0,-2,-2
1013,1,-1,-1
1014,0,-2,-2
1015,0,-2,-2
1016,0,-2,-2
1017,0,-2,-2
1018,1,-2,-2
1019,1,-2,-2
1020,1,-2,-2
1021,0,-2,-2
1022,0,-2,-2
1023,1,-1,-1
1024,1,-2,-2
1025,0,-2,-2
1026,1,-2,-2
1027,0,-2,-2
1028,0,-1,-1
1029,0,-2,-2
1030,0,-2,-2
1031,0,-1,-1
1032,0,-1,-1
1033,0,-2,-2
1034,1,-2,-2
1035,1,-2,-2
1036,0,-2,-2
1037,1,-2,-2
1038,0,-2,-2
1039,1,-2,-2
1040,0,-2,-2
1041,1,-2,-2
1042,1,-2,-2
1043,0,-2,-2
1044,1,-2,-2
1045,1,-2,-2
1046,1,-2,-2
1047,0,-1,-1
1048,1,-2,-2
1049,0,-2,-2
1050,1,-2,-2
1051,1,-2,-2
1052,1,-2,-2
1053,1,-2,-2
1054,0,-2,-2
1055,1,-2,-2
1056,0,-1,-1
1057,0,-2,-2
1058,1,-2,-2
1059,1,-2,-2
1060,1,-2,-2
1061,1,-2,-2
1062,1,-2,-2
1063,0,-1,-1
1064,0,-2,-2
1065,1,-2,-2
1066,1,-2,-2
1067,0,-2,-2
1068,1,-2,-2
1069,0,-2,-2
1070,0,-2,-2
1071,0,-2,-2
1072,0,-1,-1
1073,0,-2,-2
1074,0,-2,-2
1075,0,-1,-1
1076,1,-2,-2
1077,1,-1,-1
1078,1,-2,-2
1079,0,-2,-2
1080,0,-2,-2
1081,0,-1,-1
1082,0,-2,-2
1083,1,-2,-2
1084,0,-2,-2
1085,1,-2,-2
1086,1,-2,-2
1087,1,-2,-2
1088,0,-2,-2
1089,1,-2,-2
1090,0,-2,-2
1091,1,-2,-2
1092,1,-2,-2
1093,1,-2,-2
1094,0,-2,-2
1095,1,-2,-2
1096,1,-2,-2
1097,0,-2,-2
1098,0,-1,-1
1099,0,-2,-2
1100,1,-2,-2
1101,1,-2,-2
1102,1,-2,-2
1103,1,-1,-1
1104,0,-2,-2
1105,1,-2,-2
1106,1,-1,-1
1107,1,-1,-1
1108,0,-2,-2
1109,1,-2,-2
1110,0,-1,-1
1111,0,-2,-2
1112,0,-1,-1
1113,0,-2,-2
1114,1,-2,-2
1115,0,-2,-2
1116,0,-2,-2
1117,0,-1,-1
1118,1,-2,-2
1119,0,-1,-1
1120,1,-2,-2
1121,0,-1,-1
1122,0,-2,-2
1123,0,-1,-1
1124,0,-1,-1
1125,1,-2,-2
1126,0,-2,-2
1127,0,-2,-2
1128,1,-2,-2
1129,1,-2,-2
1130,0,-2,-2
1131,1,-2,-2
1132,1,-1,-1
1133,0,-2,-2
1134,1,-1,-1
1135,1,-1,-1
1136,0,-1,-1
1137,1,-2,-2
1138,1,-2,-2
1139,0,-1,-1
1140,1,-2,-2
1141,1,-2,-2
1142,0,-2,-2
1143,1,-1,-1
1144,0,-2,-2
1145,1,-1,-1
1146,1,-2,-2
1147,0,-2,-2
1148,0,-2,-2
1149,1,-2,-2
1150,0,-1,-1
1151,1,-2,-2
1152,0,-2,-2
1153,1,-1,-1
1154,0,-1,-1
1155,1,-2,-2
1156,1,-2,-2
1157,0,-2,-2
1158,0,-2,-2
1159,0,-2,-2
1160,1,-2,-2
1161,1,-2,-2
1162,1,-2,-2
1163,1,-1,-1
1164,1,-2,-2
1165,0,-2,-2
1166,1,-2,-2
1167,1,-1,-1
1168,1,-2,-2
1169,1,-2,-2
1170,1,-2,-2
1171,0,-2,-2
1172,0,-1,-1
1173,1,-2,-2
1174,0,-2,-2
1175,1,-2,-2
1176,0,-1,-1
1177,1,-2,-2
1178,0,-2,-2
1179,0,-1,-1
1180,1,-2,-2
1181,1,-2,-2
1182,0,-2,-2
1183,1,-2,-2
1184,0,-2,-2
1185,0,-2,-2
1186,1,-2,-2
1187,1,-2,-2
1188,0,-2,-2
1189,1,-2,-2
1190,0,-2,-2
1191,0,-1,-1
1192,0,-2,-2
1193,0,-1,-1
1194,0,-1,-1
1195,0,-1,-1
1196,0,-2,-2
1197,1,-2,-2
1198,1,-2,-2
1199,0,-2,-2
1200,1,-2,-2
1201,1,-2,-2
1202,0,-2,-2
1203,0,-2,-2
1204,0,-2,-2
1205,1,-2,-2
1206,0,-1,-1
1207,1,-2,-2
1208,0,-2,-2
1209,0,-2,-2
1210,0,-2,-2
1211,0,-2,-2
1212,1,-1,-1
1213,0,-1,-1
1214,0,-2,-2
1215,1,-2,-2
1216,0,-1,-1
1217,1,-1,-1
1218,0,-2,-2
1219,0,-2,-2
1220,1,-2,-2
1221,0,-2,-2
1222,1,-2,-2
1223,0,-2,-2
1224,0,-2,-2
1225,0,-1,-1
1226,1,-2,-2
1227,0,-2,-2
1228,0,-1,-1
1229,1,-2,-2
1230,0,-2,-2
1231,0,-2,-2
1232,1,-1,-1
1233,1,-2,-2
1234,0,-2,-2
1235,0,-2,-2
1236,1,-2,-2
1237,1,-2,-2
1238,1,-2,-2
1239,0,-2,-2
1240,0,-2,-2
1241,1,-2,-2
1242,0,-2,-2
1243,1,-2,-2
1244,0,-2,-2
1245,0,-1,-1
1246,0,-2,-2
1247,0,-2,-2
1248,1,-1,-1
1249,1,-1,-1
1250,1,-2,-2
1251,1,-2,-2
1252,0,-2,-2
1253,1,-2,-2
1254,1,-2,-2
1255,1,-2,-2
1256,1,-1,-1
1257,0,-1,-1
1258,1,-2,-2
1259,1,-2,-2
1260,0,-2,-2
1261,1,-2,-2
1262,1,-1,-1
1263,0,-2,-2
1264,1,-1,-1
1265,0,-1,-1
1266,1,-2,-2
1267,0,-2,-2
1268,0,-2,-2
1269,0,-1,-1
1270,0,-2,-2
1271,1,-2,-2
1272,1,-2,-2
1273,0,-2,-2
1274,0,-2,-2
1275,1,-2,-2
1276,0,-1,-1
1277,1,-2,-2
1278,0,-2,-2
1279,0,-2,-2
1280,0,-2,-2
1281,1,-2,-2
1282,0,-2,-2
1283,0,-1,-1
1284,1,-2,-2
1285,1,-2,-2
1286,1,-2,-2
1287,1,-2,-2
1288,0,-2,-2
1289,1,-2,-2
1290,0,-2,-2
1291,0,-1,-1
1292,0,-2,-2
1293,0,-2,-2
1294,0,-2,-2
1295,1,-2,-2
1296,1,-1,-1
1297,1,-2,-2
1298,1,-2,-2
1299,1,-2,-2
1300,1,-2,-2
1301,0,-2,-2
1302,0,-2,-2
1303,1,-1,-1
1304,1,-2,-2
1305,1,-2,-2
1306,0,-2,-2
1307,1,-2,-2
1308,1,-2,-2
1309,1,-2,-2
1310,1,-2,-2
1311,0,-2,-2
1312,1,-2,-2
1313,1,-2,-2
1314,1,-2,-2
1315,0,-2,-2
1316,1,-2,-2
1317,1,-1,-1
1318,0,-2,-2
1319,0,-2,-2
1320,0,-2,-2
1321,1,-1,-1
1322,1,-2,-2
1323,1,-2,-2
1324,1,-2,-2
1325,1,-2,-2
1326,1,-1,-1
1327,1,-1,-1
1328,1,-2,-2
1329,0,-2,-2
1330,0,-2,-2
1331,1,-2,-2
1332,0,-2,-2
1333,0,-2,-2
1334,1,-2,-2
1335,0,-2,-2
1336,1,-2,-2
1337,1,-2,-2
1338,0,-2,-2
1339,1,-2,-2
1340,1,-2,-2
1341,0,-2,-2
1342,0,-2,-2
1343,0,-2,-2
1344,1,-2,-2
1345,1,-2,-2
1346,0,-2,-2
1347,1,-2,-2
1348,1,-2,-2
1349,0,-2,-2
1350,0,-2,-2
1351,1,-2,-2
1352,1,-2,-2
1353,1,-2,-2
1354,1,-2,-2
1355,0,-1,-1
1356,1,-1,-1
1357,1,-2,-2
1358,1,-2,-2
1359,1,-2,-2
1360,1,-2,-2
1361,0,-1,-1
1362,0,-2,-2
1363,1,-2,-2
1364,1,-2,-2
1365,1,-2,-2
1366,0,-2,-2
1367,0,-2,-2
1368,0,-2,-2
1369,1,-2,-2
1370,0,-2,-2
1371,1,-2,-2
1372,1,-1,-1
1373,1,-2,-2
1374,0,-2,-2
1375,0,-2,-2
1376,0,-2,-2
1377,1,-2,-2
1378,0,-2,-2
1379,1,-2,-2
1380,0,-2,-2
1381,0,-2,-2
1382,0,-2,-2
1383,1,-2,-2
1384,0,-2,-2
1385,0,-2,-2
1386,0,-2,-2
1387,0,-2,-2
1388,1,-2,-2
1389,0,-2,-2
1390,1,-2,-2
1391,1,-2,-2
1392,0,-1,-1
1393,1,-2,-2
1394,0,-2,-2
1395,0,-2,-2
1396,1,-2,-2
1397,0,-1,-1
1398,0,-2,-2
1399,1,-1,-1
1400,0,-2,-2
1401,1,-1,-1
1402,0,-2,-2
1403,1,-2,-2
1404,1,-2,-2
1405,0,-2,-2
1406,1,-2,-2
1407,0,-1,-1
1408,0,-2,-2
1409,1,-2,-2
1410,1,-2,-2
1411,0,-2,-2
1412,0,-2,-2
1413,0,-2,-2
1414,1,-2,-2
1415,0,-1,-1
1416,1,-2,-2
1417,1,-2,-2
1418,0,-2,-2
1419,1,-1,-1
1420,1,-1,-1
1421,0,-2,-2
1422,0,-2,-2
1423,1,-2,-2
1424,1,-1,-1
1425,1,-1,-1
1426,1,-1,-1
1427,1,-2,-2
1428,1,-2,-2
1429,0,-2,-2
1430,1,-2,-2
1431,1,-2,-2
1432,0,-2,-2
1433,1,-2,-2
1434,0,-2,-2
1435,0,-1,-1
1436,1,-1,-1
1437,0,-2,-2
1438,0,-1,-1
1439,0,-2,-2
1440,0,-2,-2
1441,0,-2,-2
1442,1,-1,-1
1443,1,-2,-2
1444,1,-2,-2
1445,1,-1,-1
1446,0,-2,-2
1447,0,-2,-2
1448,0,-2,-2
1449,1,-2,-2
1450,1,-2,-2
1451,0,-2,-2
1452,1,-1,-1
1453,1,-2,-2
1454,1,-2,-2
1455,1,-2,-2
1456,0,-2,-2
1457,1,-2,-2
1458,0,-2,-2
1459,1,-2,-2
1460,0,-1,-1
1461,0,-2,-2
1462,1,-2,-2
1463,1,-2,-2
1464,0,-2,-2
1465,0,-2,-2
1466,0,-1,-1
1467,0,-2,-2
1468,0,-2,-2
1469,1,-1,-1
1470,0,-2,-2
1471,0,-2,-2
1472,0,-2,-2
1473,0,-1,-1
1474,0,-1,-1
1475,0,-2,-2
1476,1,-1,-1
1477,0,-2,-2
1478,0,-2,-2
1479,0,-1,-1
1480,1,-2,-2
1481,0,-1,-1
1482,0,-2,-2
1483,0,-2,-2
1484,1,-2,-2
1485,0,-2,-2
1486,1,-2,-2
1487,0,-2,-2
1488,0,-2,-2
1489,1,-2,-2
1490,0,-1,-1
1491,1,-2,-2
1492,1,-1,-1
1493,0,-1,-1
1494,1,-2,-2
1495,1,-2,-2
1496,0,-2,-2
1497,1,-2,-2
1498,1,-2,-2
1499,0,-2,-2
1500,0,-2,-2
1501,0,-2,-2
1502,0,-1,-1
1503,1,-2,-2
1504,0,-2,-2
1505,1,-2,-2
1506,0,-2,-2
1507,0,-2,-2
1508,0,-2,-2
1509,0,-2,-2
1510,1,-2,-2
1511,1,-1,-1
1512,0,-2,-2
1513,1,-1,-1
1514,1,-2,-2
1515,1,-2,-2
1516,0,-2,-2
1517,0,-1,-1
1518,0,-1,-1
1519,0,-1,-1
1520,1,-2,-2
1521,1,-2,-2
1522,0,-2,-2
1523,0,-1,-1
1524,1,-2,-2
1525,0,-1,-1
1526,1,-2,-2
1527,1,-2,-2
1528,0,-2,-2
1529,0,-2,-2
1530,1,-2,-2
1531,0,-2,-2
1532,1,-2,-2
1533,0,-2,-2
1534,0,-2,-2
1535,1,-2,-2
1536,1,-1,-1
1537,0,-1,-1
1538,0,-1,-1
1539,1,-2,-2
1540,0,-2,-2
1541,0,-2,-2
1542,0,-2,-2
1543,0,-2,-2
1544,0,-2,-2
1545,1,-2,-2
1546,0,-2,-2
1547,1,-2,-2
1548,1,-2,-2
1549,0,-2,-2
1550,1,-2,-2
1551,1,-2,-2
1552,1,-2,-2
1553,0,-2,-2
1554,1,-2,-2
1555,1,-2,-2
1556,0,-2,-2
1557,1,-2,-2
1558,1,-1,-1
1559,1,-2,-2
1560,1,-2,-2
1561,1,-2,-2
1562,0,-1,-1
1563,1,-2,-2
1564,1,-2,-2
1565,0,-2,-2
1566,0,-2,-2
1567,0,-2,-2
1568,0,-2,-2
1569,0,-2,-2
1570,1,-2,-2
1571,0,-1,-1
1572,0,-2,-2
1573,0,-2,-2
1574,1,-2,-2
1575,0,-2,-2
1576,0,-1,-1
1577,1,-2,-2
1578,1,-2,-2
1579,0,-2,-2
1580,0,-2,-2
1581,0,-2,-2
1582,0,-2,-2
1583,1,-2,-2
1584,1,-1,-1
1585,0,-2,-2
1586,1,-1,-1
1587,0,-1,-1
1588,1,-1,-1
1589,1,-2,-2
1590,0,-2,-2
1591,0,-2,-2
1592,0,-2,-2
1593,1,-2,-2
1594,1,-1,-1
1595,0,-2,-2
1596,1,-2,-2
1597,1,-2,-2
1598,1,-2,-2
1599,1,-2,-2
1600,0,-2,-2
1601,0,-2,-2
1602,1,-1,-1
1603,0,-2,-2
1604,0,-1,-1
1605,1,-2,-2
1606,0,-2,-2
1607,0,-2,-2
1608,0,-2,-2
1609,0,-1,-1
1610,0,-2,-2
1611,1,-2,-2
1612,1,-2,-2
1613,0,-2,-2
1614,0,-2,-2
1615,0,-1,-1
1616,1,-2,-2
1617,0,-2,-2
1618,0,-2,-2
1619,0,-2,-2
1620,1,-2,-2
1621,0,-2,-2
1622,1,-2,-2
1623,1,-1,-1
1624,0,-2,-2
1625,1,-2,-2
1626,0,-2,-2
1627,0,-2,-2
1628,1,-2,-2
1629,0,-2,-2
1630,0,-2,-2
1631,0,-2,-2
1632,1,-2,-2
1633,0,-2,-2
1634,0,-2,-2
1635,1,-2,-2
1636,0,-2,-2
1637,1,-2,-2
1638,1,-1,-1
1639,0,-2,-2
1640,0,-1,-1
1641,1,-2,-2
1642,0,-2,-2
1643,0,-2,-2
1644,1,-1,-1
1645,0,-2,-2
1646,1,-2,-2
1647,0,-2,-2
1648,1,-2,-2
1649,1,-2,-2
1650,1,-2,-2
1651,1,-2,-2
1652,0,-2,-2
1653,1,-1,-1
1654,0,-2,-2
1655,0,-2,-2
1656,0,-1,-1
1657,0,-2,-2
1658,1,-2,-2
1659,0,-1,-1
1660,0,-2,-2
1661,1,-1,-1
1662,1,-1,-1
1663,0,-1,-1
1664,0,-2,-2
1665,0,-2,-2
1666,1,-2,-2
1667,1,-2,-2
1668,0,-2,-2
1669,0,-2,-2
1670,1,-1,-1
1671,0,-2,-2
1672,1,-2,-2
1673,0,-2,-2
1674,0,-2,-2
1675,0,-2,-2
1676,1,-2,-2
1677,0,-1,-1
1678,1,-2,-2
1679,1,-2,-2
1680,0,-2,-2
1681,1,-1,-1
1682,0,-2,-2
1683,0,-2,-2
1684,0,-2,-2
1685,0,-2,-2
1686,0,-2,-2
1687,0,-2,-2
1688,1,-1,-1
1689,1,-2,-2
1690,0,-1,-1
1691,0,-1,-1
1692,0,-2,-2
1693,0,-2,-2
1694,0,-2,-2
1695,0,-2,-2
1696,1,-1,-1
1697,0,-1,-1
1698,1,-2,-2
1699,0,-2,-2
1700,0,-1,-1
1701,1,-2,-2
1702,1,-2,-2
1703,0,-2,-2
1704,1,-2,-2
1705,0,-2,-2
1706,1,-2,-2
1707,0,-2,-2
1708,1,-1,-1
1709,1,-2,-2
1710,0,-1,-1
1711,0,-2,-2
1712,0,-2,-2
1713,1,-2,-2
1714,0,-2,-2
1715,1,-2,-2
1716,0,-2,-2
1717,1,-2,-2
1718,1,-2,-2
1719,1,-2,-2
1720,0,-2,-2
1721,1,-2,-2
1722,1,-2,-2
1723,0,-1,-1
1724,1,-2,-2
1725,1,-2,-2
1726,1,-2,-2
1727,0,-2,-2
1728,0,-2,-2
1729,1,-2,-2
1730,0,-1,-1
1731,0,-1,-1
1732,0,-2,-2
1733,1,-2,-2
1734,0,-2,-2
1735,1,-1,-1
1736,0,-2,-2
1737,1,-2,-2
1738,0,-2,-2
1739,1,-2,-2
1740,1,-2,-2
1741,1,-1,-1
1742,0,-2,-2
1743,0,-2,-2
1744,1,-1,-1
1745,1,-2,-2
1746,1,-1,-1
1747,1,-2,-2
1748,1,-2,-2
1749,1,-1,-1
1750,1,-2,-2
1751,1,-2,-2
1752,1,-2,-2
1753,1,-2,-2
1754,0,-1,-1
1755,0,-2,-2
1756,1,-2,-2
1757,1,-2,-2
1758,0,-1,-1
1759,0,-2,-2
1760,1,-2,-2
1761,0,-2,-2
1762,1,-2,-2
1763,1,-2,-2
1764,0,-2,-2
1765,1,-1,-1
1766,1,-2,-2
1767,0,-2,-2
1768,1,-2,-2
1769,1,-1,-1
1770,0,-2,-2
1771,1,-2,-2
1772,1,-2,-2
1773,1,-1,-1
1774,1,-2,-2
1775,0,-2,-2
1776,1,-2,-2
1777,1,-2,-2
1778,0,-1,-1
1779,0,-2,-2
1780,0,-2,-2
1781,1,-2,-2
1782,1,-2,-2
1783,1,-2,-2
1784,0,-1,-1
1785,1,-2,-2
1786,0,-1,-1
1787,0,-2,-2
1788,1,-2,-2
1789,1,-2,-2
1790,1,-2,-2
1791,1,-2,-2
1792,0,-1,-1
1793,0,-2,-2
1794,1,-2,-2
1795,0,-1,-1
1796,0,-2,-2
1797,0,-2,-2
1798,1,-2,-2
1799,1,-2,-2
1800,1,-2,-2
1801,0,-2,-2
1802,1,-1,-1
1803,0,-2,-2
1804,1,-2,-2
1805,0,-1,-1
1806,0,-2,-2
1807,0,-2,-2
1808,1,-1,-1
1809,0,-2,-2
1810,0,-2,-2
1811,0,-1,-1
1812,1,-2,-2
1813,1,-2,-2
1814,0,-2,-2
1815,1,-2,-2
1816,1,-2,-2
1817,1,-2,-2
1818,0,-2,-2
1819,0,-2,-2
1820,0,-2,-2
1821,1,-2,-2
1822,0,-2,-2
1823,1,-2,-2
1824,0,-2,-2
1825,0,-2,-2
1826,1,-1,-1
1827,1,-2,-2
1828,1,-2,-2
1829,1,-2,-2
1830,1,-2,-2
1831,1,-2,-2
1832,1,-2,-2
1833,1,-2,-2
1834,0,-2,-2
1835,0,-2,-2
1836,1,-2,-2
1837,1,-2,-2
1838,1,-2,-2
1839,1,-2,-2
1840,0,-2,-2
1841,0,-2,-2
1842,1,-1,-1
1843,1,-2,-2
1844,0,-2,-2
1845,1,-2,-2
1846,0,-2,-2
1847,0,-1,-1
1848,1,-2,-2
1849,1,-2,-2
1850,0,-2,-2
1851,0,-1,-1
1852,0,-2,-2
1853,0,-2,-2
1854,0,-2,-2
1855,1,-2,-2
1856,1,-2,-2
1857,1,-2,-2
1858,0,-2,-2
1859,0,-1,-1
1860,1,-2,-2
1861,1,-1,-1
1862,1,-2,-2
1863,1,-2,-2
1864,0,-2,-2
1865,1,-2,-2
1866,1,-2,-2
1867,0,-2,-2
1868,0,-2,-2
1869,1,-1,-1
1870,0,-2,-2
1871,1,-2,-2
1872,0,-2,-2
1873,0,-1,-1
1874,0,-2,-2
1875,1,-2,-2
1876,1,-2,-2
1877,1,-2,-2
1878,0,-2,-2
1879,0,-1,-1
1880,0,-2,-2
1881,1,-2,-2
1882,0,-2,-2
1883,0,-2,-2
1884,1,-2,-2
1885,0,-2,-2
1886,1,-2,-2
1887,0,-2,-2
1888,0,-2,-2
1889,1,-2,-2
1890,1,-2,-2
1891,1,-2,-2
1892,1,-2,-2
1893,1,-1,-1
1894,0,-2,-2
1895,0,-2,-2
1896,1,-1,-1
1897,0,-2,-2
1898,0,-2,-2
1899,1,-2,-2
1900,1,-2,-2
1901,1,-1,-1
1902,0,-2,-2
1903,0,-2,-2
1904,1,-2,-2
1905,0,-2,-2
1906,1,-2,-2
1907,0,-2,-2
1908,1,-2,-2
1909,0,-1,-1
1910,1,-2,-2
1911,0,-2,-2
1912,1,-2,-2
1913,1,-2,-2
1914,0,-2,-2
1915,0,-2,-2
1916,0,-1,-1
1917,0,-2,-2
1918,0,-2,-2
1919,0,-2,-2
1920,0,-2,-2
1921,1,-2,-2
1922,0,-2,-2
1923,1,-1,-1
1924,0,-2,-2
1925,1,-2,-2
1926,0,-2,-2
1927,0,-2,-2
1928,1,-2,-2
1929,0,-2,-2
1930,1,-2,-2
1931,1,-1,-1
1932,0,-2,-2
1933,1,-2,-2
1934,0,-2,-2
1935,0,-2,-2
1936,1,-2,-2
1937,1,-1,-1
1938,1,-2,-2
1939,0,-2,-2
1940,1,-1,-1
1941,0,-2,-2
1942,1,-2,-2
1943,1,-2,-2
1944,1,-2,-2
1945,0,-1,-1
1946,0,-1,-1
1947,1,-2,-2
1948,0,-2,-2
1949,0,-2,-2
1950,0,-2,-2
1951,0,-2,-2
1952,1,-1,-1
1953,1,-2,-2
1954,1,-2,-2
1955,1,-2,-2
1956,1,-2,-2
1957,1,-1,-1
1958,0,-2,-2
1959,1,-2,-2
1960,0,-2,-2
1961,0,-1,-1
1962,1,-2,-2
1963,0,-1,-1
1964,1,-2,-2
1965,1,-2,-2
1966,1,-2,-2
1967,0,-2,-2
1968,1,-2,-2
1969,0,-2,-2
1970,0,-2,-2
1971,1,-2,-2
1972,1,-2,-2
1973,1,-1,-1
1974,0,-2,-2
1975,1,-2,-2
1976,1,-2,-2
1977,0,-2,-2
1978,0,-2,-2
1979,1,-2,-2
1980,1,-2,-2
1981,1,-2,-2
1982,1,-2,-2
1983,1,-2,-2
1984,0,-2,-2
1985,0,-2,-2
1986,0,-2,-2
1987,0,-2,-2
1988,0,-2,-2
1989,0,-2,-2
1990,1,-2,-2
1991,1,-2,-2
1992,1,-1,-1
1993,0,-2,-2
1994,0,-2,-2
1995,1,-1,-1
1996,1,-1,-1
1997,1,-1,-1
1998,1,-2,-2
1999,0,-2,-2
2000,0,-2,-2
2001,1,-2,-2
2002,1,-2,-2
2003,0,-2,-2
2004,1,-2,-2
2005,1,-2,-2
2006,0,-2,-2
2007,1,-2,-2
2008,1,-1,-1
2009,0,-2,-2
2010,1,-2,-2
2011,0,-2,-2
2012,1,-2,-2
2013,1,-2,-2
2014,1,-2,-2
2015,0,-2,-2
2016,0,-2,-2
2017,0,-1,-1
2018,1,-2,-2
2019,1,-1,-1
2020,0,-1,-1
2021,1,-2,-2
2022,1,-2,-2
2023,1,-2,-2
2024,0,-1,-1
2025,0,-2,-2
2026,0,-2,-2
2027,1,-2,-2
2028,1,-2,-2
2029,0,-2,-2
2030,1,-1,-1
2031,1,-2,-2
2032,0,-2,-2
2033,1,-2,-2
2034,1,-2,-2
2035,0,-2,-2
2036,1,-2,-2
2037,0,-2,-2
2038,1,-2,-2
2039,1,-2,-2
2040,1,-1,-1
2041,1,-1,-1
2042,1,-2,-2
2043,0,-2,-2
2044,1,-2,-2
2045,1,-2,-2
2046,1,-2,-2
2047,0,-2,-2
2048,1,-2,-2
2049,1,-2,-2
2050,0,-2,-2
2051,0,-2,-2
2052,0,-2,-2
2053,1,-2,-2
2054,1,-1,-1
2055,0,-2,-2
2056,0,-1,-1
2057,0,-2,-2
2058,1,-2,-2
2059,0,-2,-2
2060,1,-2,-2
2061,1,-2,-2
2062,1,-2,-2
2063,0,-2,-2
2064,1,-2,-2
2065,1,-2,-2
2066,0,-2,-2
2067,0,-2,-2
2068,1,-2,-2
2069,1,-2,-2
2070,1,-2,-2
2071,0,-1,-1
2072,1,-2,-2
2073,0,-2,-2
2074,1,-2,-2
2075,0,-2,-2
2076,1,-2,-2
2077,0,-2,-2
2078,1,-1,-1
2079,1,-2,-2
2080,1,-1,-1
2081,0,-2,-2
2082,0,-2,-2
2083,0,-2,-2
2084,0,-2,-2
2085,1,-2,-2
2086,0,-2,-2
2087,1,-2,-2
2088,1,-2,-2
2089,1,-2,-2
2090,0,-1,-1
2091,0,-2,-2
2092,0,-2,-2
2093,1,-1,-1
2094,0,-1,-1
2095,0,-2,-2
2096,1,-2,-2
2097,1,-1,-1
2098,0,-1,-1
2099,0,-2,-2
2100,0,-2,-2
2101,0,-2,-2
2102,1,-2,-2
2103,0,-2,-2
2104,1,-1,-1
2105,1,-2,-2
2106,0,-2,-2
2107,1,-2,-2
2108,1,-2,-2
2109,1,-2,-2
2110,0,-2,-2
2111,1,-2,-2
2112,0,-2,-2
2113,1,-2,-2
2114,1,-2,-2
2115,1,-1,-1
2116,1,-2,-2
2117,0,-2,-2
2118,1,-2,-2
2119,0,-2,-2
2120,1,-2,-2
2121,0,-2,-2
2122,1,-1,-1
2123,1,-2,-2
2124,0,-2,-2
2125,1,-2,-2
2126,0,-1,-1
2127,1,-2,-2
2128,0,-2,-2
2129,1,-2,-2
2130,0,-2,-2
2131,1,-1,-1
2132,0,-2,-2
2133,0,-2,-2
2134,0,-2,-2
2135,0,-2,-2
2136,1,-2,-2
2137,0,-1,-1
2138,0,-1,-1
2139,0,-2,-2
2140,1,-2,-2
2141,1,-1,-1
2142,1,-2,-2
2143,1,-2,-2
2144,1,-2,-2
2145,0,-1,-1
2146,0,-1,-1
2147,0,-2,-2
2148,0,-2,-2
2149,1,-2,-2
2150,0,-1,-1
2151,0,-2,-2
2152,0,-2,-2
2153,1,-1,-1
2154,0,-2,-2
2155,1,-2,-2
2156,0,-1,-1
2157,1,-2,-2
2158,1,-2,-2
2159,0,-2,-2
2160,1,-1,-1
2161,0,-1,-1
2162,1,-2,-2
2163,0,-2,-2
2164,1,-2,-2
2165,1,-2,-2
2166,0,-2,-2
2167,0,-2,-2
2168,0,-2,-2
2169,0,-2,-2
2170,1,-2,-2
2171,0,-2,-2
2172,1,-2,-2
2173,1,-1,-1
2174,1,-2,-2
2175,1,-2,-2
2176,0,-2,-2
2177,0,-2,-2
2178,0,-1,-1
2179,1,-1,-1
2180,0,-2,-2
2181,1,-2,-2
2182,0,-2,-2
2183,0,-1,-1
2184,1,-2,-2
2185,0,-2,-2
2186,0,-2,-2
2187,0,-2,-2
2188,0,-1,-1
2189,0,-2,-2
2190,1,-1,-1
2191,1,-2,-2
2192,0,-2,-2
2193,1,-2,-2
2194,1,-2,-2
2195,0,-2,-2
2196,1,-1,-1
2197,1,-2,-2
2198,0,-2,-2
2199,0,-2,-2
2200,1,-2,-2
2201,1,-2,-2
2202,0,-2,-2
2203,1,-2,-2
2204,1,-2,-2
2205,0,-1,-1
2206,1,-2,-2
2207,1,-2,-2
2208,0,-1,-1
2209,1,-2,-2
2210,0,-2,-2
2211,0,-2,-2
2212,0,-2,-2
2213,1,-1,-1
2214,0,-1,-1
2215,0,-2,-2
2216,0,-2,-2
2217,0,-2,-2
2218,0,-2,-2
2219,0,-2,-2
2220,0,-2,-2
2221,1,-2,-2
2222,0,-1,-1
2223,1,-2,-2
2224,0,-2,-2
2225,1,-2,-2
2226,0,-2,-2
2227,1,-1,-1
2228,0,-2,-2
2229,0,-2,-2
2230,1,-1,-1
2231,0,-2,-2
2232,0,-2,-2
2233,0,-2,-2
2234,0,-2,-2
2235,0,-2,-2
2236,0,-2,-2
2237,0,-2,-2
2238,0,-2,-2
2239,1,-2,-2
2240,1,-2,-2
2241,0,-2,-2
2242,0,-2,-2
2243,1,-2,-2
2244,1,-2,-2
2245,1,-2,-2
2246,0,-2,-2
2247,1,-2,-2
2248,0,-2,-2
2249,1,-2,-2
2250,0,-2,-2
2251,0,-2,-2
2252,0,-2,-2
2253,1,-2,-2
2254,1,-2,-2
2255,1,-1,-1
2256,1,-2,-2
2257,0,-2,-2
2258,0,-2,-2
2259,1,-2,-2
2260,1,-2,-2
2261,0,-2,-2
2262,0,-2,-2
2263,1,-2,-2
2264,0,-2,-2
2265,0,-2,-2
2266,0,-2,-2
2267,1,-2,-2
2268,1,-2,-2
2269,0,-2,-2
2270,1,-1,-1
2271,0,-2,-2
2272,1,-2,-2
2273,0,-2,-2
2274,0,-2,-2
2275,1,-1,-1
2276,0,-2,-2
2277,1,-2,-2
2278,1,-2,-2
2279,0,-2,-2
2280,1,-2,-2
2281,0,-2,-2
2282,0,-2,-2
2283,0,-2,-2
2284,1,-2,-2
2285,1,-2,-2
2286,0,-2,-2
2287,0,-2,-2
2288,0,-2,-2
2289,0,-2,-2
2290,1,-2,-2
2291,1,-2,-2
2292,1,-2,-2
2293,1,-2,-2
2294,1,-1,-1
2295,0,-2,-2
2296,1,-2,-2
2297,0,-1,-1
2298,1,-2,-2
2299,0,-2,-2
2300,1,-2,-2
2301,0,-2,-2
2302,1,-2,-2
2303,0,-2,-2
2304,1,-1,-1
2305,0,-2,-2
2306,1,-2,-2
2307,1,-1,-1
2308,1,-2,-2
2309,1,-2,-2
2310,1,-2,-2
2311,0,-2,-2
2312,1,-2,-2
2313,0,-2,-2
2314,1,-1,-1
2315,1,-1,-1
2316,1,-2,-2
2317,1,-2,-2
2318,1,-2,-2
2319,0,-2,-2
2320,0,-2,-2
2321,1,-2,-2
2322,0,-2,-2
2323,1,-2,-2
2324,1,-2,-2
2325,1,-2,-2
2326,0,-2,-2
2327,1,-2,-2
2328,1,-2,-2
2329,1,-2,-2
2330,0,-2,-2
2331,1,-2,-2
2332,0,-2,-2
2333,1,-2,-2
2334,1,-2,-2
2335,1,-2,-2
2336,1,-2,-2
2337,1,-2,-2
2338,1,-2,-2
2339,0,-2,-2
2340,0,-2,-2
2341,1,-2,-2
2342,1,-2,-2
2343,0,-2,-2
2344,0,-1,-1
2345,1,-2,-2
2346,1,-2,-2
2347,1,-1,-1
2348,0,-1,-1
2349,0,-2,-2
2350,1,-2,-2
2351,0,-2,-2
2352,0,-2,-2
2353,0,-2,-2
2354,1,-1,-1
2355,0,-1,-1
2356,1,-2,-2
2357,1,-2,-2
2358,0,-2,-2
2359,0,-1,-1
2360,1,-2,-2
2361,0,-2,-2
2362,0,-2,-2
2363,1,-2,-2
2364,1,-2,-2
2365,1,-2,-2
2366,0,-2,-2
2367,0,-2,-2
2368,0,-1,-1
2369,1,-2,-2
2370,1,-2,-2
2371,1,-2,-2
2372,1,-2,-2
2373,0,-1,-1
2374,0,-1,-1
2375,1,-2,-2
2376,0,-2,-2
2377,1,-2,-2
2378,1,-2,-2
2379,0,-2,-2
2380,0,-2,-2
2381,1,-2,-2
2382,1,-2,-2
2383,0,-2,-2
2384,1,-2,-2
2385,0,-2,-2
2386,0,-1,-1
2387,1,-1,-1
2388,1,-2,-2
2389,0,-2,-2
2390,0,-2,-2
2391,0,-1,-1
2392,1,-2,-2
2393,1,-2,-2
2394,0,-2,-2
2395,0,-2,-2
2396,1,-1,-1
2397,1,-2,-2
2398,0,-1,-1
2399,1,-2,-2
2400,1,-1,-1
2401,0,-2,-2
2402,0,-2,-2
2403,0,-2,-2
2404,1,-2,-2
2405,1,-2,-2
2406,0,-2,-2
2407,0,-1,-1
2408,0,-2,-2
2409,0,-2,-2
2410,0,-2,-2
2411,1,-2,-2
2412,0,-2,-2
2413,1,-2,-2
2414,0,-1,-1
2415,0,-2,-2
2416,1,-1,-1
2417,1,-2,-2
2418,1,-2,-2
2419,0,-2,-2
2420,0,-2,-2
2421,0,-2,-2
2422,0,-2,-2
2423,0,-2,-2
2424,1,-2,-2
2425,0,-2,-2
2426,1,-2,-2
2427,1,-2,-2
2428,1,-2,-2
2429,0,-2,-2
2430,1,-2,-2
2431,0,-2,-2
2432,1,-1,-1
2433,1,-2,-2
2434,0,-2,-2
2435,1,-1,-1
2436,1,-2,-2
2437,0,-1,-1
2438,0,-2,-2
2439,1,-2,-2
2440,0,-2,-2
2441,0,-2,-2
2442,0,-2,-2
2443,1,-2,-2
2444,1,-1,-1
2445,1,-2,-2
2446,0,-1,-1
2447,0,-2,-2
2448,0,-2,-2
2449,0,-2,-2
2450,1,-2,-2
2451,1,-2,-2
2452,0,-2,-2
2453,0,-2,-2
2454,1,-1,-1
2455,1,-2,-2
2456,0,-2,-2
2457,1,-2,-2
2458,0,-2,-2
2459,0,-2,-2
2460,0,-1,-1
2461,1,-2,-2
2462,0,-2,-2
2463,0,-2,-2
2464,1,-2,-2
2465,1,-2,-2
2466,1,-2,-2
2467,1,-1,-1
2468,0,-2,-2
2469,0,-2,-2
2470,0,-2,-2
2471,1,-2,-2
2472,1,-2,-2
2473,1,-1,-1
2474,1,-1,-1
2475,1,-2,-2
2476,1,-2,-2
2477,1,-2,-2
2478,0,-2,-2
2479,0,-2,-2
2480,0,-2,-2
2481,0,-1,-1
2482,0,-2,-2
2483,1,-2,-2
2484,0,-2,-2
2485,1,-1,-1
2486,1,-2,-2
2487,0,-1,-1
2488,1,-2,-2
2489,1,-1,-1
2490,1,-2,-2
2491,0,-2,-2
2492,0,-1,-1
2493,1,-2,-2
2494,1,-2,-2
2495,0,-2,-2
2496,0,-2,-2
2497,1,-1,-1
2498,1,-2,-2
2499,0,-2,-2
2500,1,-2,-2
2501,0,-2,-2
2502,1,-2,-2
2503,0,-2,-2
2504,0,-2,-2
2505,1,-2,-2
2506,0,-2,-2
2507,0,-2,-2
2508,0,-2,-2
2509,1,-2,-2
2510,0,-1,-1
2511,1,-2,-2
2512,1,-2,-2
2513,1,-2,-2
2514,0,-2,-2
2515,0,-2,-2
2516,1,-2,-2
2517,0,-2,-2
2518,0,-1,-1
2519,0,-1,-1
2520,0,-2,-2
2521,0,-2,-2
2522,1,-2,-2
2523,1,-1,-1
2524,0,-2,-2
2525,1,-2,-2
2526,0,-2,-2
2527,0,-1,-1
2528,0,-2,-2
2529,1,-2,-2
2530,1,-2,-2
2531,1,-2,-2
2532,1,-2,-2
2533,1,-2,-2
2534,0,-2,-2
2535,0,-2,-2
2536,0,-2,-2
2537,1,-2,-2
2538,0,-2,-2
2539,0,-1,-1
2540,1,-1,-1
2541,0,-2,-2
2542,0,-2,-2
2543,1,-1,-1
2544,0,-2,-2
2545,1,-2,-2
2546,1,-1,-1
2547,0,-2,-2
2548,0,-2,-2
2549,1,-2,-2
2550,1,-1,-1
2551,0,-2,-2
2552,0,-2,-2
2553,0,-1,-1
2554,0,-2,-2
2555,1,-2,-2
2556,0,-2,-2
2557,1,-2,-2
2558,1,-2,-2
2559,1,-2,-2
2560,1,-2,-2
2561,1,-2,-2
2562,1,-2,-2
2563,1,-1,-1
2564,1,-2,-2
2565,1,-2,-2
2566,1,-2,-2
2567,0,-2,-2
2568,1,-1,-1
2569,0,-2,-2
2570,0,-1,-1
2571,1,-2,-2
2572,1,-2,-2
2573,1,-2,-2
2574,0,-2,-2
2575,0,-2,-2
2576,0,-1,-1
2577,0,-2,-2
2578,0,-2,-2
2579,0,-2,-2
2580,0,-2,-2
2581,0,-2,-2
2582,1,-2,-2
2583,0,-2,-2
2584,1,-2,-2
2585,0,-2,-2
2586,0,-2,-2
2587,0,-2,-2
2588,1,-2,-2
2589,0,-2,-2
2590,0,-2,-2
2591,1,-1,-1
2592,0,-2,-2
2593,1,-1,-1
2594,0,-2,-2
2595,0,-1,-1
2596,0,-2,-2
2597,1,-2,-2
2598,1,-1,-1
2599,1,-2,-2
2600,0,-2,-2
2601,0,-2,-2
2602,1,-2,-2
2603,1,-2,-2
2604,1,-1,-1
2605,0,-1,-1
2606,0,-1,-1
2607,1,-2,-2
2608,0,-2,-2
2609,1,-2,-2
2610,0,-1,-1
2611,0,-2,-2
2612,1,-2,-2
2613,0,-2,-2
2614,0,-2,-2
2615,1,-2,-2
2616,1,-2,-2
2617,0,-2,-2
2618,1,-2,-2
2619,0,-2,-2
2620,0,-1,-1
2621,0,-1,-1
2622,0,-2,-2
2623,1,-2,-2
2624,0,-2,-2
2625,0,-2,-2
2626,0,-2,-2
2627,1,-1,-1
2628,0,-2,-2
2629,1,-2,-2
2630,1,-2,-2
2631,0,-1,-1
2632,0,-2,-2
2633,0,-2,-2
2634,1,-2,-2
2635,0,-2,-2
2636,1,-2,-2
2637,0,-2,-2
2638,1,-2,-2
2639,1,-2,-2
2640,1,-2,-2
2641,1,-1,-1
2642,1,-1,-1
2643,1,-2,-2
2644,1,-2,-2
2645,1,-2,-2
2646,1,-1,-1
2647,0,-2,-2
2648,0,-2,-2
2649,0,-1,-1
2650,1,-2,-2
2651,0,-2,-2
2652,0,-2,-2
2653,1,-2,-2
2654,1,-2,-2
2655,0,-2,-2
2656,1,-2,-2
2657,0,-2,-2
2658,0,-1,-1
2659,0,-2,-2
2660,0,-2,-2
2661,1,-2,-2
2662,0,-2,-2
2663,0,-2,-2
2664,0,-2,-2
2665,0,-2,-2
2666,1,-2,-2
2667,1,-2,-2
2668,0,-2,-2
2669,0,-2,-2
2670,0,-1,-1
2671,0,-1,-1
2672,1,-1,-1
2673,1,-1,-1
2674,0,-1,-1
2675,0,-2,-2
2676,0,-2,-2
2677,1,-1,-1
2678,0,-2,-2
2679,1,-2,-2
2680,1,-2,-2
2681,0,-2,-2
2682,1,-2,-2
2683,1,-1,-1
2684,1,-2,-2
2685,0,-1,-1
2686,1,-1,-1
2687,0,-2,-2
2688,0,-2,-2
2689,1,-2,-2
2690,1,-1,-1
2691,1,-2,-2
2692,1,-2,-2
2693,0,-2,-2
2694,1,-2,-2
2695,0,-2,-2
2696,0,-2,-2
2697,1,-2,-2
2698,1,-2,-2
2699,0,-2,-2
2700,1,-2,-2
2701,0,-1,-1
2702,0,-2,-2
2703,0,-1,-1
2704,0,-1,-1
2705,0,-2,-2
2706,1,-2,-2
2707,0,-2,-2
2708,0,-2,-2
2709,0,-2,-2
2710,0,-2,-2
2711,1,-2,-2
2712,1,-2,-2
2713,1,-1,-1
2714,0,-2,-2
2715,1,-2,-2
2716,1,-2,-2
2717,0,-2,-2
2718,0,-2,-2
2719,1,-2,-2
2720,1,-2,-2
2721,0,-2,-2
2722,0,-1,-1
2723,1,-2,-2
2724,0,-2,-2
2725,0,-2,-2
2726,1,-2,-2
2727,1,-2,-2
2728,1,-1,-1
2729,0,-2,-2
2730,1,-2,-2
2731,0,-2,-2
2732,1,-2,-2
2733,0,-2,-2
2734,1,-2,-2
2735,0,-1,-1
2736,1,-2,-2
2737,0,-2,-2
2738,0,-2,-2
2739,0,-2,-2
2740,0,-1,-1
2741,0,-1,-1
2742,1,-1,-1
2743,0,-2,-2
2744,0,-2,-2
2745,1,-1,-1
2746,0,-2,-2
2747,1,-2,-2
2748,1,-2,-2
2749,0,-2,-2
2750,0,-1,-1
2751,0,-2,-2
2752,0,-2,-2
2753,0,-2,-2
2754,1,-2,-2
2755,0,-2,-2
2756,0,-2,-2
2757,0,-2,-2
2758,1,-2,-2
2759,0,-1,-1
2760,0,-1,-1
2761,1,-2,-2
2762,1,-2,-2
2763,0,-2,-2
2764,1,-2,-2
2765,0,-1,-1
2766,1,-2,-2
2767,1,-2,-2
2768,1,-2,-2
2769,1,-1,-1
2770,0,-2,-2
2771,0,-2,-2
2772,0,-2,-2
2773,1,-2,-2
2774,0,-2,-2
2775,1,-1,-1
2776,0,-1,-1
2777,0,-2,-2
2778,1,-2,-2
2779,0,-2,-2
2780,0,-2,-2
2781,0,-1,-1
2782,0,-2,-2
2783,0,-1,-1
2784,0,-2,-2
2785,1,-1,-1
2786,1,-2,-2
2787,1,-2,-2
2788,1,-2,-2
2789,1,-2,-2
2790,0,-1,-1
2791,0,-2,-2
2792,0,-2,-2
2793,1,-2,-2
2794,0,-2,-2
2795,1,-1,-1
2796,1,-1,-1
2797,0,-2,-2
2798,1,-2,-2
2799,1,-2,-2
2800,0,-2,-2
2801,1,-2,-2
2802,0,-2,-2
2803,0,-2,-2
2804,0,-2,-2
2805,1,-2,-2
2806,1,-2,-2
2807,0,-2,-2
2808,1,-2,-2
2809,0,-2,-2
2810,0,-2,-2
2811,0,-2,-2
2812,1,-2,-2
2813,0,-1,-1
2814,0,-2,-2
2815,1,-2,-2
2816,1,-2,-2
2817,0,-2,-2
2818,1,-2,-2
2819,1,-2,-2
2820,1,-2,-2
2821,0,-2,-2
2822,0,-2,-2
2823,1,-1,-1
2824,1,-2,-2
2825,1,-1,-1
2826,1,-2,-2
2827,1,-2,-2
2828,1,-1,-1
2829,0,-1,-1
2830,0,-2,-2
2831,1,-2,-2
2832,1,-2,-2
2833,1,-1,-1
2834,0,-2,-2
2835,0,-2,-2
2836,0,-2,-2
2837,1,-1,-1
2838,1,-2,-2
2839,1,-2,-2
2840,0,-1,-1
2841,1,-2,-2
2842,1,-2,-2
2843,1,-2,-2
2844,0,-1,-1
2845,0,-1,-1
2846,1,-1,-1
2847,0,-2,-2
2848,0,-1,-1
2849,0,-2,-2
2850,0,-2,-2
2851,0,-2,-2
2852,1,-2,-2
2853,0,-2,-2
2854,1,-2,-2
2855,1,-2,-2
2856,1,-2,-2
2857,0,-2,-2
2858,1,-2,-2
2859,1,-2,-2
2860,0,-2,-2
2861,1,-2,-2
2862,0,-2,-2
2863,1,-2,-2
2864,1,-2,-2
2865,0,-2,-2
2866,1,-2,-2
2867,0,-2,-2
2868,1,-2,-2
2869,1,-2,-2
2870,0,-2,-2
2871,0,-2,-2
2872,0,-2,-2
2873,0,-2,-2
2874,1,-2,-2
2875,0,-2,-2
2876,0,-2,-2
2877,0,-2,-2
2878,0,-2,-2
2879,1,-2,-2
2880,1,-2,-2
2881,0,-2,-2
2882,0,-2,-2
2883,0,-1,-1
2884,1,-1,-1
2885,0,-2,-2
2886,1,-2,-2
2887,1,-2,-2
2888,0,-2,-2
2889,1,-2,-2
2890,0,-2,-2
2891,0,-2,-2
2892,0,-2,-2
2893,1,-2,-2
2894,0,-2,-2
2895,1,-2,-2
2896,1,-2,-2
2897,0,-2,-2
2898,0,-1,-1
2899,1,-2,-2
2900,0,-2,-2
2901,0,-1,-1
2902,1,-1,-1
2903,1,-2,-2
2904,0,-2,-2
2905,1,-2,-2
2906,1,-1,-1
2907,1,-1,-1
2908,1,-2,-2
2909,0,-1,-1
2910,0,-2,-2
2911,1,-2,-2
2912,1,-1,-1
2913,0,-2,-2
2914,0,-2,-2
2915,1,-1,-1
2916,1,-2,-2
2917,1,-2,-2
2918,1,-2,-2
2919,1,-2,-2
2920,0,-2,-2
2921,0,-2,-2
2922,0,-1,-1
2923,1,-2,-2
2924,0,-2,-2
2925,1,-1,-1
2926,1,-2,-2
2927,1,-2,-2
2928,1,-2,-2
2929,0,-1,-1
2930,0,-1,-1
2931,0,-2,-2
2932,1,-1,-1
2933,0,-2,-2
2934,0,-1,-1
2935,1,-2,-2
2936,1,-2,-2
2937,1,-1,-1
2938,0,-1,-1
2939,0,-2,-2
2940,0,-2,-2
2941,1,-2,-2
2942,1,-2,-2
2943,1,-2,-2
2944,0,-2,-2
2945,1,-1,-1
2946,0,-1,-1
2947,1,-1,-1
2948,0,-2,-2
2949,1,-2,-2
2950,0,-2,-2
2951,1,-2,-2
2952,1,-2,-2
2953,1,-2,-2
2954,1,-2,-2
2955,0,-2,-2
2956,1,-2,-2
2957,1,-2,-2
2958,0,-1,-1
2959,0,-1,-1
2960,0,-1,-1
2961,0,-2,-2
2962,0,-2,-2
2963,1,-1,-1
2964,1,-1,-1
2965,0,-2,-2
2966,1,-2,-2
2967,0,-2,-2
2968,0,-2,-2
2969,1,-2,-2
2970,0,-2,-2
2971,0,-2,-2
2972,1,-1,-1
2973,0,-2,-2
2974,0,-1,-1
2975,0,-2,-2
2976,0,-2,-2
2977,0,-2,-2
2978,1,-2,-2
2979,1,-1,-1
2980,1,-2,-2
2981,1,-2,-2
2982,0,-2,-2
2983,1,-2,-2
2984,1,-1,-1
2985,0,-2,-2
2986,0,-2,-2
2987,0,-2,-2
2988,0,-1,-1
2989,1,-2,-2
2990,0,-2,-2
2991,1,-2,-2
2992,0,-2,-2
2993,0,-2,-2
2994,0,-2,-2
2995,0,-2,-2
2996,0,-2,-2
2997,1,-1,-1
2998,0,-1,-1
2999,1,-2,-2
3000,0,-2,-2
3001,1,-1,-1
3002,0,-2,-2
3003,0,-2,-2
3004,1,-2,-2
3005,1,-1,-1
3006,1,-2,-2
3007,0,-2,-2
3008,0,-2,-2
3009,0,-1,-1
3010,0,-2,-2
3011,1,-2,-2
3012,1,-2,-2
3013,1,-2,-2
3014,1,-2,-2
3015,1,-2,-2
3016,1,-2,-2
3017,0,-2,-2
3018,0,-2,-2
3019,1,-1,-1
3020,0,-1,-1
3021,0,-2,-2
3022,1,-2,-2
3023,1,-2,-2
3024,0,-2,-2
3025,1,-2,-2
3026,0,-2,-2
3027,0,-2,-2
3028,1,-2,-2
3029,0,-2,-2
3030,1,-2,-2
3031,0,-2,-2
3032,1,-2,-2
3033,1,-1,-1
3034,1,-1,-1
3035,1,-2,-2
3036,1,-1,-1
3037,1,-2,-2
3038,0,-1,-1
3039,0,-2,-2
3040,0,-2,-2
3041,0,-2,-2
3042,0,-2,-2
3043,1,-1,-1
3044,0,-2,-2
3045,1,-2,-2
3046,1,-2,-2
3047,1,-2,-2
3048,1,-2,-2
3049,0,-2,-2
3050,1,-2,-2
3051,0,-2,-2
3052,0,-2,-2
3053,0,-2,-2
3054,0,-2,-2
3055,1,-2,-2
3056,0,-2,-2
3057,0,-2,-2
3058,1,-2,-2
3059,1,-1,-1
3060,0,-2,-2
3061,1,-2,-2
3062,1,-2,-2
3063,1,-2,-2
3064,1,-1,-1
3065,0,-2,-2
3066,0,-2,-2
3067,1,-2,-2
3068,1,-2,-2
3069,0,-1,-1
3070,0,-1,-1
3071,1,-2,-2
3072,1,-1,-1
3073,0,-2,-2
3074,1,-2,-2
3075,0,-1,-1
3076,1,-2,-2
3077,1,-1,-1
3078,1,-2,-2
3079,0,-2,-2
3080,0,-1,-1
3081,1,-2,-2
3082,0,-1,-1
3083,0,-2,-2
3084,1,-2,-2
3085,0,-2,-2
3086,1,-2,-2
3087,1,-2,-2
3088,0,-2,-2
3089,1,-2,-2
3090,0,-2,-2
3091,1,-2,-2
3092,0,-2,-2
3093,1,-2,-2
3094,1,-2,-2
3095,1,-2,-2
3096,1,-2,-2
3097,1,-2,-2
3098,0,-2,-2
3099,0,-1,-1
3100,1,-2,-2
3101,1,-2,-2
3102,0,-2,-2
3103,1,-1,-1
3104,0,-2,-2
3105,1,-1,-1
3106,0,-2,-2
3107,1,-1,-1
3108,0,-2,-2
3109,0,-2,-2
3110,0,-1,-1
3111,1,-2,-2
3112,0,-1,-1
3113,1,-2,-2
3114,1,-2,-2
3115,1,-2,-2
3116,0,-1,-1
3117,0,-1,-1
3118,0,-2,-2
3119,0,-2,-2
3120,1,-2,-2
3121,0,-1,-1
3122,1,-2,-2
3123,1,-2,-2
3124,0,-1,-1
3125,1,-1,-1
3126,0,-2,-2
3127,1,-2,-2
3128,1,-2,-2
3129,1,-1,-1
3130,1,-2,-2
3131,1,-2,-2
3132,0,-1,-1
3133,1,-2,-2
3134,0,-1,-1
3135,0,-2,-2
3136,1,-2,-2
3137,1,-2,-2
3138,0,-2,-2
3139,0,-2,-2
3140,0,-2,-2
3141,1,-2,-2
3142,0,-2,-2
3143,1,-1,-1
3144,0,-1,-1
3145,1,-2,-2
3146,0,-2,-2
3147,1,-2,-2
3148,0,-2,-2
3149,1,-2,-2
3150,1,-2,-2
3151,1,-2,-2
3152,0,-1,-1
3153,0,-2,-2
3154,0,-2,-2
3155,0,-2,-2
3156,1,-2,-2
3157,1,-2,-2
3158,0,-1,-1
3159,1,-2,-2
3160,0,-2,-2
3161,1,-2,-2
3162,0,-2,-2
3163,1,-2,-2
3164,0,-2,-2
3165,0,-2,-2
3166,1,-2,-2
3167,1,-2,-2
3168,1,-2,-2
3169,0,-1,-1
3170,0,-2,-2
3171,1,-2,-2
3172,0,-2,-2
3173,0,-2,-2
3174,1,-2,-2
3175,1,-2,-2
3176,1,-2,-2
3177,1,-2,-2
3178,1,-2,-2
3179,0,-2,-2
3180,1,-2,-2
3181,0,-2,-2
3182,1,-1,-1
3183,1,-2,-2
3184,0,-1,-1
3185,1,-2,-2
3186,1,-2,-2
3187,1,-2,-2
3188,1,-2,-2
3189,1,-1,-1
3190,1,-2,-2
3191,0,-2,-2
3192,0,-2,-2
3193,0,-2,-2
3194,0,-2,-2
3195,1,-2,-2
3196,1,-2,-2
3197,1,-2,-2
3198,0,-2,-2
3199,1,-2,-2
3200,0,-2,-2
3201,0,-2,-2
3202,1,-2,-2
3203,1,-2,-2
3204,1,-2,-2
3205,1,-2,-2
3206,1,-2,-2
3207,0,-2,-2
3208,0,-2,-2
3209,0,-2,-2
3210,0,-2,-2
3211,0,-1,-1
3212,1,-1,-1
3213,0,-1,-1
3214,1,-2,-2
3215,1,-2,-2
3216,0,-2,-2
3217,1,-2,-2
3218,0,-1,-1
3219,0,-2,-2
3220,0,-1,-1
3221,0,-2,-2
3222,0,-2,-2
3223,0,-1,-1
3224,1,-2,-2
3225,1,-2,-2
3226,0,-2,-2
3227,0,-2,-2
3228,1,-2,-2
3229,1,-1,-1
3230,0,-1,-1
3231,1,-2,-2
3232,1,-1,-1
3233,0,-2,-2
3234,0,-2,-2
3235,1,-2,-2
3236,1,-2,-2
3237,1,-2,-2
3238,1,-2,-2
3239,1,-2,-2
3240,1,-2,-2
3241,0,-2,-2
3242,0,-2,-2
3243,0,-2,-2
3244,1,-2,-2
3245,0,-2,-2
3246,1,-2,-2
3247,1,-2,-2
3248,1,-2,-2
3249,0,-2,-2
3250,1,-1,-1
3251,0,-2,-2
3252,1,-1,-1
3253,0,-2,-2
3254,0,-1,-1
3255,1,-2,-2
3256,0,-2,-2
3257,0,-2,-2
3258,1,-2,-2
3259,1,-1,-1
3260,1,-2,-2
3261,0,-2,-2
3262,0,-2,-2
3263,1,-2,-2
3264,1,-2,-2
3265,1,-1,-1
3266,1,-2,-2
3267,0,-1,-1
3268,0,-1,-1
3269,1,-2,-2
3270,1,-2,-2
3271,0,-2,-2
3272,0,-2,-2
3273,0,-2,-2
3274,1,-2,-2
3275,1,-2,-2
3276,0,-1,-1
3277,1,-2,-2
3278,0,-2,-2
3279,1,-1,-1
3280,0,-2,-2
3281,0,-2,-2
3282,0,-1,-1
3283,1,-2,-2
3284,0,-2,-2
3285,0,-2,-2
3286,1,-2,-2
3287,0,-2,-2
3288,0,-2,-2
3289,1,-1,-1
3290,0,-2,-2
3291,0,-2,-2
3292,1,-2,-2
3293,1,-2,-2
3294,1,-1,-1
3295,0,-2,-2
3296,1,-2,-2
3297,1,-2,-2
3298,0,-2,-2
3299,1,-2,-2
3300,1,-2,-2
3301,1,-2,-2
3302,1,-2,-2
3303,0,-2,-2
3304,1,-2,-2
3305,0,-2,-2
3306,0,-2,-2
3307,1,-1,-1
3308,0,-1,-1
3309,0,-2,-2
3310,1,-1,-1
3311,0,-2,-2
3312,1,-2,-2
3313,1,-2,-2
3314,0,-1,-1
3315,0,-2,-2
3316,0,-1,-1
3317,1,-2,-2
3318,1,-2,-2
3319,1,-2,-2
3320,0,-2,-2
3321,1,-2,-2
3322,1,-1,-1
3323,0,-2,-2
3324,1,-2,-2
3325,1,-2,-2
3326,0,-2,-2
3327,1,-1,-1
3328,1,-2,-2
3329,0,-2,-2
3330,1,-2,-2
3331,0,-1,-1
3332,0,-2,-2
3333,0,-2,-2
3334,0,-2,-2
3335,0,-1,-1
3336,0,-2,-2
3337,0,-2,-2
3338,1,-1,-1
3339,1,-2,-2
3340,1,-2,-2
3341,0,-2,-2
3342,0,-1,-1
3343,1,-1,-1
3344,1,-1,-1
3345,0,-2,-2
3346,0,-2,-2
3347,0,-1,-1
3348,0,-2,-2
3349,0,-2,-2
3350,1,-2,-2
3351,0,-2,-2
3352,0,-2,-2
3353,0,-2,-2
3354,0,-2,-2
3355,1,-2,-2
3356,0,-2,-2
3357,1,-1,-1
3358,1,-2,-2
3359,1,-2,-2
3360,1,-2,-2
3361,1,-2,-2
3362,1,-1,-1
3363,1,-2,-2
3364,1,-2,-2
3365,1,-2,-2
3366,0,-2,-2
3367,1,-2,-2
3368,0,-2,-2
3369,0,-2,-2
3370,1,-2,-2
3371,1,-2,-2
3372,1,-2,-2
3373,1,-2,-2
3374,0,-2,-2
3375,1,-2,-2
3376,1,-2,-2
3377,1,-2,-2
3378,0,-2,-2
3379,0,-2,-2
3380,0,-1,-1
3381,0,-2,-2
3382,0,-2,-2
3383,1,-1,-1
3384,0,-2,-2
3385,0,-2,-2
3386,0,-2,-2
3387,1,-2,-2
3388,1,-2,-2
3389,1,-2,-2
3390,0,-1,-1
3391,0,-2,-2
3392,0,-1,-1
3393,1,-2,-2
3394,1,-1,-1
3395,0,-2,-2
3396,1,-2,-2
3397,0,-2,-2
3398,1,-2,-2
3399,0,-2,-2
3400,0,-1,-1
3401,1,-2,-2
3402,0,-2,-2
3403,1,-2,-2
3404,1,-2,-2
3405,1,-2,-2
3406,0,-2,-2
3407,0,-2,-2
3408,0,-2,-2
3409,1,-2,-2
3410,1,-2,-2
3411,0,-2,-2
3412,1,-2,-2
3413,1,-2,-2
3414,1,-1,-1
3415,1,-2,-2
3416,1,-2,-2
3417,0,-2,-2
3418,0,-2,-2
3419,1,-2,-2
3420,0,-2,-2
3421,0,-2,-2
3422,0,-2,-2
3423,1,-2,-2
3424,0,-2,-2
3425,1,-2,-2
3426,1,-2,-2
3427,0,-2,-2
3428,0,-2,-2
3429,0,-2,-2
3430,1,-2,-2
3431,1,-2,-2
3432,1,-2,-2
3433,0,-2,-2
3434,1,-1,-1
3435,0,-2,-2
3436,0,-1,-1
3437,1,-2,-2
3438,0,-2,-2
3439,1,-2,-2
3440,0,-2,-2
3441,0,-1,-1
3442,0,-1,-1
3443,0,-2,-2
3444,0,-1,-1
3445,0,-2,-2
3446,0,-2,-2
3447,0,-2,-2
3448,0,-1,-1
3449,0,-1,-1
3450,1,-2,-2
3451,0,-2,-2
3452,1,-2,-2
3453,0,-2,-2
3454,1,-2,-2
3455,0,-1,-1
3456,1,-1,-1
3457,0,-2,-2
3458,1,-2,-2
3459,0,-2,-2
3460,0,-1,-1
3461,0,-2,-2
3462,1,-2,-2
3463,1,-2,-2
3464,1,-2,-2
3465,1,-1,-1
3466,0,-1,-1
3467,1,-2,-2
3468,1,-2,-2
3469,1,-2,-2
3470,1,-2,-2
3471,1,-2,-2
3472,1,-2,-2
3473,0,-1,-1
3474,1,-2,-2
3475,1,-2,-2
3476,1,-2,-2
3477,1,-1,-1
3478,1,-2,-2
3479,1,-2,-2
3480,1,-2,-2
3481,1,-2,-2
3482,1,-2,-2
3483,0,-2,-2
3484,0,-2,-2
3485,1,-2,-2
3486,0,-2,-2
3487,1,-2,-2
3488,0,-2,-2
3489,0,-2,-2
3490,1,-2,-2
3491,1,-2,-2
3492,1,-2,-2
3493,0,-2,-2
3494,1,-1,-1
3495,1,-1,-1
3496,0,-1,-1
3497,1,-1,-1
3498,1,-2,-2
3499,0,-2,-2
3500,0,-2,-2
3501,0,-2,-2
3502,0,-2,-2
3503,1,-2,-2
3504,1,-2,-2
3505,0,-2,-2
3506,1,-2,-2
3507,1,-2,-2
3508,1,-2,-2
3509,0,-1,-1
3510,0,-2,-2
3511,0,-2,-2
3512,1,-2,-2
3513,1,-2,-2
3514,1,-2,-2
3515,0,-1,-1
3516,0,-2,-2
3517,1,-2,-2
3518,0,-2,-2
3519,1,-2,-2
3520,1,-2,-2
3521,0,-2,-2
3522,0,-2,-2
3523,1,-2,-2
3524,0,-2,-2
3525,1,-1,-1
3526,1,-2,-2
3527,1,-2,-2
3528,0,-2,-2
3529,0,-2,-2
3530,0,-1,-1
3531,1,-2,-2
3532,0,-2,-2
3533,0,-2,-2
3534,0,-2,-2
3535,1,-2,-2
3536,1,-2,-2
3537,0,-2,-2
3538,0,-2,-2
3539,1,-2,-2
3540,1,-2,-2
3541,1,-1,-1
3542,1,-2,-2
3543,0,-2,-2
3544,1,-2,-2
3545,0,-2,-2
3546,1,-2,-2
3547,1,-2,-2
3548,0,-2,-2
3549,0,-2,-2
3550,1,-2,-2
3551,1,-2,-2
3552,1,-2,-2
3553,1,-2,-2
3554,1,-2,-2
3555,0,-2,-2
3556,1,-2,-2
3557,0,-2,-2
3558,0,-2,-2
3559,0,-2,-2
3560,1,-2,-2
3561,0,-2,-2
3562,1,-2,-2
3563,0,-2,-2
3564,0,-2,-2
3565,0,-2,-2
3566,1,-2,-2
3567,1,-2,-2
3568,1,-2,-2
3569,0,-2,-2
3570,0,-2,-2
3571,0,-2,-2
3572,0,-2,-2
3573,1,-1,-1
3574,0,-1,-1
3575,1,-2,-2
3576,0,-1,-1
3577,1,-2,-2
3578,0,-2,-2
3579,1,-2,-2
3580,0,-2,-2
3581,1,-2,-2
3582,1,-2,-2
3583,0,-2,-2
3584,0,-2,-2
3585,1,-2,-2
3586,1,-2,-2
3587,0,-2,-2
3588,1,-2,-2
3589,1,-2,-2
3590,0,-2,-2
3591,1,-2,-2
3592,0,-2,-2
3593,0,-2,-2
3594,0,-2,-2
3595,1,-1,-1
3596,0,-2,-2
3597,1,-2,-2
3598,0,-2,-2
3599,1,-2,-2
3600,1,-2,-2
3601,0,-2,-2
3602,1,-1,-1
3603,1,-2,-2
3604,0,-2,-2
3605,0,-2,-2
3606,1,-2,-2
3607,1,-1,-1
3608,0,-2,-2
3609,1,-1,-1
3610,0,-2,-2
3611,1,-2,-2
3612,0,-2,-2
3613,0,-2,-2
3614,0,-2,-2
3615,0,-2,-2
3616,0,-2,-2
3617,0,-2,-2
3618,0,-2,-2
3619,1,-1,-1
3620,0,-2,-2
3621,0,-2,-2
3622,0,-2,-2
3623,0,-2,-2
3624,0,-2,-2
3625,0,-2,-2
3626,1,-2,-2
3627,0,-2,-2
3628,1,-2,-2
3629,1,-2,-2
3630,0,-1,-1
3631,1,-1,-1
3632,0,-2,-2
3633,0,-2,-2
3634,1,-2,-2
3635,1,-2,-2
3636,0,-2,-2
3637,1,-2,-2
3638,1,-2,-2
3639,1,-2,-2
3640,1,-2,-2
3641,0,-1,-1
3642,1,-2,-2
3643,0,-2,-2
3644,1,-2,-2
3645,1,-2,-2
3646,1,-2,-2
3647,0,-2,-2
3648,1,-2,-2
3649,1,-2,-2
3650,1,-1,-1
3651,0,-1,-1
3652,1,-2,-2
3653,1,-2,-2
3654,1,-2,-2
3655,0,-2,-2
3656,1,-2,-2
3657,1,-2,-2
3658,1,-2,-2
3659,0,-2,-2
3660,1,-2,-2
3661,1,-1,-1
3662,0,-2,-2
3663,0,-2,-2
3664,0,-2,-2
3665,1,-2,-2
3666,1,-2,-2
3667,0,-2,-2
3668,0,-2,-2
3669,0,-2,-2
3670,0,-2,-2
3671,0,-2,-2
3672,1,-1,-1
3673,0,-2,-2
3674,0,-2,-2
3675,1,-2,-2
3676,0,-2,-2
3677,1,-2,-2
3678,1,-2,-2
3679,0,-2,-2
3680,1,-2,-2
3681,0,-2,-2
3682,1,-1,-1
3683,1,-2,-2
3684,0,-2,-2
3685,1,-1,-1
3686,1,-1,-1
3687,0,-2,-2
3688,0,-1,-1
3689,0,-2,-2
3690,0,-2,-2
3691,1,-2,-2
3692,1,-2,-2
3693,1,-2,-2
3694,1,-2,-2
3695,0,-2,-2
3696,0,-2,-2
3697,1,-1,-1
3698,0,-2,-2
3699,0,-2,-2
3700,0,-2,-2
3701,1,-2,-2
3702,0,-2,-2
3703,0,-2,-2
3704,1,-2,-2
3705,0,-2,-2
3706,0,-2,-2
3707,1,-2,-2
3708,0,-2,-2
3709,1,-2,-2
3710,1,-2,-2
3711,0,-1,-1
3712,1,-2,-2
3713,0,-2,-2
3714,0,-1,-1
3715,1,-2,-2
3716,0,-2,-2
3717,1,-1,-1
3718,1,-2,-2
3719,0,-2,-2
3720,1,-2,-2
3721,1,-2,-2
3722,1,-2,-2
3723,1,-2,-2
3724,1,-2,-2
3725,1,-2,-2
3726,0,-2,-2
3727,1,-1,-1
3728,1,-2,-2
3729,1,-2,-2
3730,1,-2,-2
3731,0,-2,-2
3732,1,-2,-2
3733,0,-2,-2
3734,1,-1,-1
3735,0,-2,-2
3736,0,-2,-2
3737,0,-2,-2
3738,1,-2,-2
3739,0,-2,-2
3740,1,-2,-2
3741,1,-2,-2
3742,0,-2,-2
3743,1,-2,-2
3744,0,-2,-2
3745,1,-2,-2
3746,1,-2,-2
3747,1,-2,-2
3748,1,-2,-2
3749,1,-2,-2
3750,0,-1,-1
3751,0,-2,-2
3752,1,-2,-2
3753,0,-2,-2
3754,0,-2,-2
3755,1,-1,-1
3756,1,-2,-2
3757,0,-2,-2
3758,1,-2,-2
3759,1,-2,-2
3760,0,-2,-2
3761,1,-2,-2
3762,0,-2,-2
3763,1,-2,-2
3764,0,-2,-2
3765,0,-2,-2
3766,0,-2,-2
3767,0,-2,-2
3768,1,-2,-2
3769,0,-2,-2
3770,1,-2,-2
3771,0,-2,-2
3772,1,-2,-2
3773,0,-2,-2
3774,0,-2,-2
3775,0,-2,-2
3776,0,-2,-2
3777,1,-2,-2
3778,1,-2,-2
3779,0,-2,-2
3780,1,-2,-2
3781,1,-2,-2
3782,1,-1,-1
3783,1,-1,-1
3784,1,-2,-2
3785,1,-2,-2
3786,1,-2,-2
3787,1,-2,-2
3788,0,-2,-2
3789,0,-2,-2
3790,0,-1,-1
3791,0,-2,-2
3792,0,-2,-2
3793,0,-2,-2
3794,0,-2,-2
3795,1,-2,-2
3796,0,-2,-2
3797,0,-2,-2
3798,0,-2,-2
3799,0,-2,-2
3800,0,-2,-2
3801,0,-2,-2
3802,0,-1,-1
3803,1,-1,-1
3804,0,-1,-1
3805,0,-2,-2
3806,1,-2,-2
3807,1,-2,-2
3808,0,-2,-2
3809,1,-2,-2
3810,0,-2,-2
3811,1,-2,-2
3812,1,-1,-1
3813,1,-2,-2
3814,1,-2,-2
3815,1,-1,-1
3816,0,-2,-2
3817,0,-2,-2
3818,0,-2,-2
3819,0,-2,-2
3820,0,-1,-1
3821,1,-2,-2
3822,1,-2,-2
3823,0,-2,-2
3824,1,-2,-2
3825,0,-2,-2
3826,1,-2,-2
3827,0,-2,-2
3828,0,-2,-2
3829,0,-2,-2
3830,1,-2,-2
3831,1,-2,-2
3832,0,-1,-1
3833,1,-2,-2
3834,1,-1,-1
3835,1,-2,-2
3836,1,-2,-2
3837,1,-1,-1
3838,1,-1,-1
3839,1,-2,-2
3840,0,-1,-1
3841,1,-2,-2
3842,1,-2,-2
3843,0,-2,-2
3844,1,-2,-2
3845,1,-1,-1
3846,0,-2,-2
3847,0,-2,-2
3848,1,-1,-1
3849,1,-2,-2
3850,1,-2,-2
3851,1,-2,-2
3852,1,-2,-2
3853,0,-2,-2
3854,0,-2,-2
3855,0,-2,-2
3856,1,-1,-1
3857,0,-2,-2
3858,0,-2,-2
3859,0,-2,-2
3860,1,-2,-2
3861,0,-2,-2
3862,0,-1,-1
3863,1,-2,-2
3864,0,-1,-1
3865,1,-2,-2
3866,0,-2,-2
3867,1,-2,-2
3868,0,-2,-2
3869,0,-2,-2
3870,1,-2,-2
3871,0,-2,-2
3872,1,-2,-2
3873,0,-2,-2
3874,1,-1,-1
3875,0,-2,-2
3876,0,-2,-2
3877,1,-2,-2
3878,0,-2,-2
3879,0,-2,-2
3880,0,-2,-2
3881,1,-2,-2
3882,0,-2,-2
3883,1,-2,-2
3884,1,-2,-2
3885,0,-2,-2
3886,1,-2,-2
3887,0,-2,-2
3888,0,-2,-2
3889,1,-2,-2
3890,1,-2,-2
3891,0,-2,-2
3892,1,-2,-2
3893,1,-2,-2
3894,1,-2,-2
3895,1,-2,-2
3896,0,-2,-2
3897,1,-2,-2
3898,0,-2,-2
3899,0,-2,-2
3900,1,-2,-2
3901,0,-2,-2
3902,1,-2,-2
3903,1,-2,-2
3904,1,-2,-2
3905,0,-2,-2
3906,0,-2,-2
3907,0,-1,-1
3908,0,-2,-2
3909,1,-2,-2
3910,0,-1,-1
3911,0,-2,-2
3912,1,-2,-2
3913,1,-2,-2
3914,0,-2,-2
3915,1,-1,-1
3916,1,-1,-1
3917,1,-2,-2
3918,0,-2,-2
3919,0,-2,-2
3920,1,-2,-2
3921,0,-2,-2
3922,1,-2,-2
3923,1,-2,-2
3924,0,-2,-2
3925,1,-2,-2
3926,0,-2,-2
3927,0,-1,-1
3928,0,-2,-2
3929,0,-2,-2
3930,0,-2,-2
3931,0,-2,-2
3932,1,-1,-1
3933,1,-2,-2
3934,1,-2,-2
3935,1,-2,-2
3936,0,-2,-2
3937,1,-2,-2
3938,1,-2,-2
3939,1,-2,-2
3940,0,-1,-1
3941,1,-2,-2
3942,1,-2,-2
3943,1,-1,-1
3944,0,-1,-1
3945,0,-2,-2
3946,1,-1,-1
3947,0,-2,-2
3948,1,-2,-2
3949,0,-2,-2
3950,0,-1,-1
3951,1,-1,-1
3952,1,-2,-2
3953,0,-2,-2
3954,1,-2,-2
3955,0,-2,-2
3956,0,-2,-2
3957,1,-2,-2
3958,1,-2,-2
3959,0,-2,-2
3960,0,-2,-2
3961,1,-1,-1
3962,0,-2,-2
3963,0,-2,-2
3964,0,-2,-2
3965,1,-2,-2
3966,1,-2,-2
3967,1,-2,-2
3968,1,-2,-2
3969,1,-2,-2
3970,1,-2,-2
3971,1,-1,-1
3972,0,-2,-2
3973,1,-2,-2
3974,1,-2,-2
3975,0,-2,-2
3976,1,-1,-1
3977,0,-2,-2
3978,1,-2,-2
3979,0,-2,-2
3980,0,-2,-2
3981,0,-2,-2
3982,0,-2,-2
3983,0,-2,-2
3984,0,-2,-2
3985,0,-2,-2
3986,1,-2,-2
3987,1,-2,-2
3988,0,-2,-2
3989,0,-2,-2
3990,1,-2,-2
3991,0,-1,-1
3992,1,-2,-2
3993,1,-2,-2
3994,1,-1,-1
3995,1,-2,-2
3996,1,-2,-2
3997,1,-2,-2
3998,1,-2,-2
3999,1,-2,-2
4000,1,-1,-1
4001,0,-1,-1
4002,1,-2,-2
4003,1,-2,-2
4004,1,-2,-2
4005,0,-2,-2
4006,0,-2,-2
4007,0,-2,-2
4008,1,-2,-2
4009,0,-1,-1
4010,1,-2,-2
4011,0,-2,-2
4012,1,-1,-1
4013,1,-2,-2
4014,0,-2,-2
4015,1,-2,-2
4016,1,-2,-2
4017,0,-2,-2
4018,1,-2,-2
4019,0,-2,-2
4020,0,-2,-2
4021,0,-2,-2
4022,1,-1,-1
4023,0,-2,-2
4024,1,-2,-2
4025,1,-2,-2
4026,1,-1,-1
4027,1,-2,-2
4028,0,-2,-2
4029,1,-1,-1
4030,1,-2,-2
4031,1,-1,-1
4032,0,-2,-2
4033,0,-2,-2
4034,1,-2,-2
4035,1,-2,-2
4036,1,-2,-2
4037,1,-1,-1
4038,1,-2,-2
4039,0,-2,-2
4040,1,-2,-2
4041,0,-2,-2
4042,1,-2,-2
4043,1,-2,-2
4044,1,-2,-2
4045,0,-2,-2
4046,0,-2,-2
4047,0,-2,-2
4048,1,-2,-2
4049,1,-2,-2
4050,0,-2,-2
4051,0,-2,-2
4052,1,-2,-2
4053,0,-2,-2
4054,1,-1,-1
4055,0,-2,-2
4056,1,-2,-2
4057,0,-1,-1
4058,1,-2,-2
4059,1,-2,-2
4060,0,-2,-2
4061,1,-2,-2
4062,1,-2,-2
4063,0,-2,-2
4064,1,-1,-1
4065,0,-2,-2
4066,1,-2,-2
4067,0,-2,-2
4068,1,-2,-2
4069,0,-1,-1
4070,0,-2,-2
4071,1,-2,-2
4072,1,-2,-2
4073,1,-2,-2
4074,1,-2,-2
4075,1,-1,-1
4076,1,-1,-1
4077,0,-2,-2
4078,0,-2,-2
4079,1,-2,-2
4080,0,-2,-2
4081,1,-2,-2
4082,1,-2,-2
4083,0,-2,-2
4084,0,-1,-1
4085,0,-2,-2
4086,1,-2,-2
4087,1,-2,-2
4088,0,-2,-2
4089,0,-2,-2
4090,0,-1,-1
4091,0,-2,-2
4092,0,-2,-2
4093,0,-1,-1
4094,1,-1,-1
4095,1,-2,-2
4096,1,-1,-1
4097,0,-2,-2
4098,0,-2,-2
4099,1,-2,-2
4100,1,-2,-2
4101,1,-1,-1
4102,0,-2,-2
4103,0,-2,-2
4104,0,-1,-1
4105,1,-1,-1
4106,1,-2,-2
4107,1,-2,-2
4108,1,-2,-2
4109,0,-2,-2
4110,0,-2,-2
4111,1,-2,-2
4112,0,-1,-1
4113,0,-1,-1
4114,1,-1,-1
4115,1,-2,-2
4116,1,-2,-2
4117,0,-1,-1
4118,0,-2,-2
4119,1,-2,-2
4120,1,-2,-2
4121,1,-1,-1
4122,0,-2,-2
4123,1,-2,-2
4124,1,-2,-2
4125,0,-2,-2
4126,0,-2,-2
4127,1,-1,-1
4128,0,-2,-2
4129,1,-1,-1
4130,0,-2,-2
4131,0,-2,-2
4132,0,-2,-2
4133,0,-2,-2
4134,0,-1,-1
4135,1,-1,-1
4136,0,-2,-2
4137,0,-2,-2
4138,1,-2,-2
4139,1,-2,-2
4140,0,-1,-1
4141,1,-1,-1
4142,0,-2,-2
4143,1,-2,-2
4144,0,-2,-2
4145,0,-2,-2
4146,0,-1,-1
4147,1,-2,-2
4148,1,-2,-2
4149,0,-2,-2
4150,1,-2,-2
4151,0,-2,-2
4152,1,-2,-2
4153,1,-2,-2
4154,1,-1,-1
4155,0,-2,-2
4156,0,-1,-1
4157,1,-2,-2
4158,0,-2,-2
4159,0,-2,-2
4160,1,-2,-2
4161,0,-1,-1
4162,1,-2,-2
4163,0,-1,-1
4164,0,-2,-2
4165,1,-2,-2
4166,0,-2,-2
4167,0,-2,-2
4168,1,-1,-1
4169,0,-2,-2
4170,0,-2,-2
4171,0,-2,-2
4172,1,-2,-2
4173,0,-2,-2
4174,1,-2,-2
4175,0,-1,-1
4176,1,-2,-2
4177,1,-2,-2
4178,0,-2,-2
4179,1,-2,-2
4180,1,-2,-2
4181,0,-2,-2
4182,1,-2,-2
4183,0,-1,-1
4184,1,-1,-1
4185,1,-2,-2
4186,1,-2,-2
4187,0,-2,-2
4188,1,-2,-2
4189,0,-2,-2
4190,1,-2,-2
4191,0,-2,-2
4192,0,-2,-2
4193,1,-2,-2
4194,1,-1,-1
4195,1,-2,-2
4196,0,-2,-2
4197,0,-2,-2
4198,1,-2,-2
4199,0,-2,-2
4200,1,-2,-2
4201,0,-1,-1
4202,0,-1,-1
4203,1,-1,-1
4204,0,-2,-2
4205,1,-2,-2
4206,1,-2,-2
4207,1,-2,-2
4208,1,-1,-1
4209,0,-2,-2
4210,1,-2,-2
4211,1,-2,-2
4212,1,-2,-2
4213,1,-2,-2
4214,1,-2,-2
4215,1,-2,-2
4216,0,-2,-2
4217,1,-1,-1
4218,0,-2,-2
4219,0,-2,-2
4220,0,-1,-1
4221,0,-2,-2
4222,0,-1,-1
4223,0,-2,-2
4224,0,-2,-2
4225,0,-2,-2
4226,1,-1,-1
4227,0,-2,-2
4228,0,-2,-2
4229,0,-2,-2
4230,0,-2,-2
4231,0,-2,-2
4232,0,-1,-1
4233,0,-2,-2
4234,0,-1,-1
4235,1,-2,-2
4236,0,-2,-2
4237,0,-2,-2
4238,1,-2,-2
4239,1,-2,-2
4240,0,-2,-2
4241,0,-2,-2
4242,0,-2,-2
4243,0,-1,-1
4244,1,-2,-2
4245,1,-2,-2
4246,1,-2,-2
4247,0,-2,-2
4248,1,-2,-2
4249,0,-1,-1
4250,1,-2,-2
4251,0,-2,-2
4252,0,-1,-1
4253,1,-2,-2
4254,0,-2,-2
4255,0,-2,-2
4256,1,-2,-2
4257,0,-2,-2
4258,0,-2,-2
4259,1,-1,-1
4260,0,-1,-1
4261,0,-2,-2
4262,1,-2,-2
4263,0,-1,-1
4264,1,-2,-2
4265,0,-2,-2
4266,1,-1,-1
4267,1,-2,-2
4268,1,-2,-2
4269,0,-2,-2
4270,0,-2,-2
4271,1,-2,-2
4272,1,-2,-2
4273,1,-2,-2
4274,0,-2,-2
4275,1,-2,-2
4276,1,-2,-2
4277,1,-2,-2
4278,0,-2,-2
4279,1,-2,-2
4280,0,-2,-2
4281,1,-2,-2
4282,1,-1,-1
4283,1,-2,-2
4284,1,-2,-2
4285,1,-1,-1
4286,1,-1,-1
4287,1,-2,-2
4288,1,-2,-2
4289,1,-1,-1
4290,1,-2,-2
4291,1,-2,-2
4292,1,-2,-2
4293,1,-2,-2
4294,1,-2,-2
4295,1,-2,-2
4296,1,-2,-2
4297,0,-1,-1
4298,0,-2,-2
4299,0,-1,-1
4300,0,-1,-1
4301,1,-2,-2
4302,0,-2,-2
4303,0,-1,-1
4304,0,-2,-2
4305,0,-2,-2
4306,1,-1,-1
4307,1,-2,-2
4308,0,-2,-2
4309,0,-2,-2
4310,1,-2,-2
4311,1,-2,-2
4312,0,-2,-2
4313,0,-1,-1
4314,1,-2,-2
4315,1,-2,-2
4316,1,-1,-1
4317,1,-2,-2
4318,0,-2,-2
4319,0,-2,-2
4320,1,-2,-2
4321,0,-2,-2
4322,0,-1,-1
4323,1,-2,-2
4324,1,-2,-2
4325,0,-2,-2
4326,0,-2,-2
4327,0,-2,-2
4328,1,-2,-2
4329,0,-2,-2
4330,0,-1,-1
4331,1,-2,-2
4332,1,-2,-2
4333,1,-2,-2
4334,0,-2,-2
4335,1,-1,-1
4336,0,-2,-2
4337,0,-2,-2
4338,1,-2,-2
4339,0,-1,-1
4340,1,-2,-2
4341,1,-2,-2
4342,1,-2,-2
4343,1,-2,-2
4344,0,-2,-2
4345,0,-2,-2
4346,0,-1,-1
4347,1,-2,-2
4348,0,-2,-2
4349,0,-2,-2
4350,1,-2,-2
4351,1,-1,-1
4352,0,-1,-1
4353,0,-2,-2
4354,1,-1,-1
4355,1,-2,-2
4356,1,-2,-2
4357,0,-2,-2
4358,0,-2,-2
4359,0,-2,-2
4360,1,-2,-2
4361,0,-2,-2
4362,0,-1,-1
4363,0,-2,-2
4364,0,-2,-2
4365,1,-2,-2
4366,1,-1,-1
4367,1,-2,-2
4368,0,-2,-2
4369,0,-1,-1
4370,1,-2,-2
4371,1,-1,-1
4372,1,-2,-2
4373,1,-2,-2
4374,1,-1,-1
4375,0,-2,-2
4376,1,-2,-2
4377,0,-1,-1
4378,1,-2,-2
4379,1,-2,-2
4380,1,-2,-2
4381,1,-2,-2
4382,0,-1,-1
4383,0,-2,-2
4384,0,-2,-2
4385,0,-2,-2
4386,0,-2,-2
4387,1,-1,-1
4388,0,-2,-2
4389,0,-2,-2
4390,1,-2,-2
4391,0,-1,-1
4392,0,-2,-2
4393,1,-2,-2
4394,0,-2,-2
4395,1,-2,-2
4396,1,-1,-1
4397,0,-2,-2
4398,0,-1,-1
4399,0,-2,-2
4400,0,-2,-2
4401,1,-2,-2
4402,0,-1,-1
4403,0,-2,-2
4404,0,-2,-2
4405,0,-2,-2
4406,1,-2,-2
4407,0,-1,-1
4408,1,-2,-2
4409,1,-2,-2
4410,1,-1,-1
4411,0,-2,-2
4412,0,-1,-1
4413,1,-2,-2
4414,1,-1,-1
4415,0,-2,-2
4416,1,-2,-2
4417,1,-2,-2
4418,0,-2,-2
4419,1,-2,-2
4420,0,-2,-2
4421,0,-1,-1
4422,0,-1,-1
4423,0,-2,-2
4424,0,-2,-2
4425,0,-2,-2
4426,0,-1,-1
4427,0,-2,-2
4428,0,-2,-2
4429,1,-2,-2
4430,1,-2,-2
4431,0,-2,-2
4432,0,-2,-2
4433,0,-2,-2
4434,0,-2,-2
4435,1,-2,-2
4436,1,-2,-2
4437,0,-2,-2
4438,0,-1,-1
4439,1,-1,-1
4440,0,-2,-2
4441,1,-2,-2
4442,1,-1,-1
4443,0,-1,-1
4444,0,-2,-2
4445,1,-2,-2
4446,1,-2,-2
4447,1,-2,-2
4448,1,-1,-1
4449,1,-1,-1
4450,1,-2,-2
4451,0,-2,-2
4452,0,-2,-2
4453,1,-1,-1
4454,0,-2,-2
4455,1,-2,-2
4456,0,-2,-2
4457,0,-2,-2
4458,0,-2,-2
4459,1,-2,-2
4460,0,-2,-2
4461,1,-1,-1
4462,0,-2,-2
4463,0,-1,-1
4464,1,-2,-2
4465,0,-2,-2
4466,1,-2,-2
4467,1,-1,-1
4468,0,-2,-2
4469,0,-2,-2
4470,0,-2,-2
4471,1,-1,-1
4472,0,-1,-1
4473,0,-2,-2
4474,1,-2,-2
4475,0,-2,-2
4476,1,-2,-2
4477,1,-2,-2
4478,0,-2,-2
4479,1,-2,-2
4480,1,-2,-2
4481,1,-2,-2
4482,0,-2,-2
4483,1,-2,-2
4484,1,-1,-1
4485,1,-1,-1
4486,1,-2,-2
4487,1,-1,-1
4488,1,-1,-1
4489,1,-2,-2
4490,1,-2,-2
4491,0,-2,-2
4492,0,-2,-2
4493,1,-2,-2
4494,1,-2,-2
4495,0,-2,-2
4496,0,-2,-2
4497,0,-2,-2
4498,1,-2,-2
4499,1,-2,-2
4500,1,-2,-2
4501,0,-2,-2
4502,1,-1,-1
4503,0,-1,-1
4504,1,-2,-2
4505,0,-2,-2
4506,1,-2,-2
4507,1,-2,-2
4508,0,-1,-1
4509,0,-2,-2
4510,0,-2,-2
4511,0,-1,-1
4512,1,-2,-2
4513,1,-1,-1
4514,0,-1,-1
4515,0,-2,-2
4516,1,-2,-2
4517,0,-1,-1
4518,1,-2,-2
4519,1,-2,-2
4520,1,-1,-1
4521,1,-2,-2
4522,1,-2,-2
4523,1,-2,-2
4524,1,-2,-2
4525,0,-2,-2
4526,1,-2,-2
4527,0,-1,-1
4528,1,-2,-2
4529,1,-2,-2
4530,0,-2,-2
4531,1,-2,-2
4532,0,-1,-1
4533,0,-2,-2
4534,1,-1,-1
4535,0,-2,-2
4536,1,-2,-2
4537,0,-2,-2
4538,0,-2,-2
4539,1,-2,-2
4540,1,-2,-2
4541,1,-2,-2
4542,1,-2,-2
4543,0,-2,-2
4544,0,-2,-2
4545,0,-1,-1
4546,1,-2,-2
4547,0,-1,-1
4548,1,-2,-2
4549,1,-2,-2
4550,0,-2,-2
4551,1,-2,-2
4552,0,-2,-2
4553,1,-2,-2
4554,0,-2,-2
4555,1,-2,-2
4556,0,-2,-2
4557,1,-2,-2
4558,1,-2,-2
4559,0,-2,-2
4560,0,-2,-2
4561,0,-2,-2
4562,0,-1,-1
4563,1,-1,-1
4564,0,-2,-2
4565,0,-2,-2
4566,1,-2,-2
4567,1,-2,-2
4568,1,-2,-2
4569,0,-1,-1
4570,0,-2,-2
4571,0,-2,-2
4572,1,-2,-2
4573,0,-1,-1
4574,0,-2,-2
4575,0,-2,-2
4576,0,-1,-1
4577,1,-2,-2
4578,1,-2,-2
4579,1,-2,-2
4580,1,-2,-2
4581,1,-2,-2
4582,1,-1,-1
4583,1,-2,-2
4584,1,-1,-1
4585,1,-2,-2
4586,1,-2,-2
4587,1,-2,-2
4588,1,-2,-2
4589,0,-2,-2
4590,1,-2,-2
4591,1,-1,-1
4592,1,-1,-1
4593,1,-2,-2
4594,1,-2,-2
4595,1,-2,-2
4596,1,-2,-2
4597,0,-2,-2
4598,1,-2,-2
4599,0,-1,-1
4600,1,-1,-1
4601,1,-2,-2
4602,0,-2,-2
4603,1,-2,-2
4604,1,-1,-1
4605,1,-2,-2
4606,0,-2,-2
4607,1,-1,-1
4608,1,-2,-2
4609,0,-2,-2
4610,1,-2,-2
4611,1,-2,-2
4612,0,-1,-1
4613,0,-2,-2
4614,0,-2,-2
4615,1,-2,-2
4616,0,-1,-1
4617,0,-2,-2
4618,0,-1,-1
4619,1,-2,-2
4620,1,-2,-2
4621,1,-2,-2
4622,1,-2,-2
4623,0,-2,-2
4624,0,-2,-2
4625,1,-2,-2
4626,1,-2,-2
4627,0,-2,-2
4628,0,-2,-2
4629,0,-2,-2
4630,1,-1,-1
4631,0,-2,-2
4632,1,-2,-2
4633,1,-2,-2
4634,1,-2,-2
4635,1,-2,-2
4636,1,-2,-2
4637,0,-2,-2
4638,1,-2,-2
4639,0,-2,-2
4640,1,-2,-2
4641,1,-2,-2
4642,0,-1,-1
4643,0,-2,-2
4644,0,-2,-2
4645,0,-2,-2
4646,1,-2,-2
4647,1,-2,-2
4648,0,-2,-2
4649,0,-2,-2
4650,1,-2,-2
4651,0,-2,-2
4652,0,-2,-2
4653,1,-2,-2
4654,0,-2,-2
4655,1,-2,-2
4656,1,-2,-2
4657,1,-1,-1
4658,0,-2,-2
4659,1,-2,-2
4660,0,-2,-2
4661,0,-2,-2
4662,1,-2,-2
4663,0,-2,-2
4664,0,-1,-1
4665,1,-2,-2
4666,0,-2,-2
4667,0,-2,-2
4668,1,-2,-2
4669,1,-2,-2
4670,1,-1,-1
4671,1,-1,-1
4672,1,-2,-2
4673,0,-2,-2
4674,0,-2,-2
4675,0,-2,-2
4676,0,-2,-2
4677,1,-2,-2
4678,0,-2,-2
4679,0,-2,-2
4680,0,-2,-2
4681,0,-2,-2
4682,1,-1,-1
4683,1,-2,-2
4684,0,-1,-1
4685,0,-1,-1
4686,1,-2,-2
4687,1,-1,-1
4688,1,-1,-1
4689,0,-2,-2
4690,0,-2,-2
4691,1,-1,-1
4692,0,-2,-2
4693,0,-2,-2
4694,0,-2,-2
4695,0,-2,-2
4696,0,-2,-2
4697,0,-2,-2
4698,0,-2,-2
4699,1,-2,-2
4700,0,-2,-2
4701,0,-2,-2
4702,1,-2,-2
4703,0,-2,-2
4704,0,-2,-2
4705,0,-2,-2
4706,1,-2,-2
4707,0,-2,-2
4708,1,-1,-1
4709,1,-1,-1
4710,0,-2,-2
4711,0,-1,-1
4712,0,-1,-1
4713,0,-1,-1
4714,1,-2,-2
4715,0,-2,-2
4716,0,-1,-1
4717,0,-2,-2
4718,1,-1,-1
4719,1,-2,-2
4720,1,-2,-2
4721,0,-2,-2
4722,1,-2,-2
4723,1,-1,-1
4724,0,-2,-2
4725,0,-2,-2
4726,0,-2,-2
4727,1,-2,-2
4728,1,-2,-2
4729,0,-2,-2
4730,0,-2,-2
4731,1,-2,-2
4732,0,-2,-2
4733,0,-2,-2
4734,1,-1,-1
4735,1,-2,-2
4736,1,-1,-1
4737,1,-2,-2
4738,1,-2,-2
4739,0,-2,-2
4740,0,-2,-2
4741,1,-1,-1
4742,1,-1,-1
4743,0,-2,-2
4744,1,-2,-2
4745,1,-2,-2
4746,1,-2,-2
4747,0,-2,-2
4748,1,-1,-1
4749,1,-2,-2
4750,1,-2,-2
4751,1,-2,-2
4752,1,-1,-1
4753,0,-2,-2
4754,0,-2,-2
4755,1,-2,-2
4756,1,-2,-2
4757,0,-2,-2
4758,1,-2,-2
4759,0,-2,-2
4760,1,-1,-1
4761,0,-2,-2
4762,1,-2,-2
4763,0,-1,-1
4764,1,-2,-2
4765,1,-2,-2
4766,0,-2,-2
4767,0,-2,-2
4768,1,-2,-2
4769,0,-2,-2
4770,1,-1,-1
4771,1,-2,-2
4772,1,-1,-1
4773,0,-2,-2
4774,0,-2,-2
4775,0,-2,-2
4776,0,-2,-2
4777,0,-2,-2
4778,0,-2,-2
4779,1,-1,-1
4780,0,-2,-2
4781,0,-2,-2
4782,0,-1,-1
4783,1,-2,-2
4784,0,-2,-2
4785,1,-1,-1
4786,0,-2,-2
4787,0,-1,-1
4788,1,-1,-1
4789,0,-2,-2
4790,1,-1,-1
4791,0,-2,-2
4792,1,-2,-2
4793,0,-2,-2
4794,1,-2,-2
4795,0,-2,-2
4796,0,-2,-2
4797,1,-2,-2
4798,1,-2,-2
4799,0,-1,-1
4800,1,-2,-2
4801,0,-2,-2
4802,0,-2,-2
4803,1,-2,-2
4804,0,-2,-2
4805,1,-2,-2
4806,0,-2,-2
4807,0,-2,-2
4808,1,-2,-2
4809,0,-1,-1
4810,1,-2,-2
4811,1,-2,-2
4812,0,-2,-2
4813,0,-2,-2
4814,0,-1,-1
4815,0,-2,-2
4816,0,-2,-2
4817,1,-2,-2
4818,0,-2,-2
4819,0,-2,-2
4820,1,-1,-1
4821,1,-2,-2
4822,0,-1,-1
4823,0,-2,-2
4824,0,-1,-1
4825,0,-2,-2
4826,1,-2,-2
4827,1,-2,-2
4828,0,-2,-2
4829,0,-2,-2
4830,1,-2,-2
4831,0,-2,-2
4832,1,-1,-1
4833,1,-2,-2
4834,0,-2,-2
4835,1,-2,-2
4836,1,-2,-2
4837,1,-2,-2
4838,0,-1,-1
4839,0,-2,-2
4840,1,-2,-2
4841,0,-2,-2
4842,1,-2,-2
4843,0,-2,-2
4844,0,-2,-2
4845,1,-1,-1
4846,0,-2,-2
4847,0,-1,-1
4848,1,-2,-2
4849,0,-2,-2
4850,0,-2,-2
4851,1,-2,-2
4852,1,-2,-2
4853,1,-1,-1
4854,1,-2,-2
4855,0,-2,-2
4856,0,-2,-2
4857,0,-2,-2
4858,1,-1,-1
4859,1,-2,-2
4860,1,-2,-2
4861,1,-2,-2
4862,1,-2,-2
4863,0,-2,-2
4864,1,-2,-2
4865,0,-2,-2
4866,0,-2,-2
4867,1,-2,-2
4868,0,-2,-2
4869,1,-2,-2
4870,1,-2,-2
4871,0,-2,-2
4872,1,-1,-1
4873,0,-2,-2
4874,0,-2,-2
4875,1,-2,-2
4876,1,-1,-1
4877,1,-2,-2
4878,1,-2,-2
4879,0,-2,-2
4880,1,-2,-2
4881,1,-2,-2
4882,1,-1,-1
4883,0,-2,-2
4884,0,-2,-2
4885,1,-2,-2
4886,0,-2,-2
4887,0,-1,-1
4888,0,-1,-1
4889,1,-1,-1
4890,1,-2,-2
4891,0,-1,-1
4892,1,-2,-2
4893,1,-2,-2
4894,0,-2,-2
4895,1,-2,-2
4896,1,-2,-2
4897,0,-1,-1
4898,1,-1,-1
4899,0,-2,-2
4900,1,-2,-2
4901,0,-1,-1
4902,1,-2,-2
4903,0,-1,-1
4904,0,-2,-2
4905,0,-2,-2
4906,1,-2,-2
4907,1,-2,-2
4908,1,-2,-2
4909,1,-2,-2
4910,1,-2,-2
4911,0,-1,-1
4912,0,-2,-2
4913,1,-2,-2
4914,0,-2,-2
4915,1,-2,-2
4916,0,-2,-2
4917,1,-2,-2
4918,0,-2,-2
4919,1,-2,-2
4920,1,-2,-2
4921,1,-2,-2
4922,0,-2,-2
4923,0,-2,-2
4924,1,-1,-1
4925,0,-2,-2
4926,1,-2,-2
4927,0,-2,-2
4928,0,-2,-2
4929,1,-2,-2
4930,1,-2,-2
4931,1,-2,-2
4932,1,-2,-2
4933,1,-2,-2
4934,0,-2,-2
4935,0,-2,-2
4936,1,-2,-2
4937,1,-2,-2
4938,1,-2,-2
4939,1,-2,-2
4940,1,-1,-1
4941,1,-2,-2
4942,1,-2,-2
4943,0,-1,-1
4944,0,-2,-2
4945,0,-2,-2
4946,0,-2,-2
4947,0,-2,-2
4948,1,-2,-2
4949,1,-1,-1
4950,1,-2,-2
4951,1,-2,-2
4952,0,-2,-2
4953,0,-2,-2
4954,1,-1,-1
4955,0,-1,-1
4956,0,-2,-2
4957,0,-1,-1
4958,1,-2,-2
4959,0,-1,-1
4960,1,-2,-2
4961,0,-2,-2
4962,0,-2,-2
4963,0,-2,-2
4964,0,-1,-1
4965,0,-2,-2
4966,0,-2,-2
4967,1,-1,-1
4968,0,-2,-2
4969,0,-2,-2
4970,1,-2,-2
4971,1,-2,-2
4972,0,-2,-2
4973,0,-2,-2
4974,1,-1,-1
4975,1,-2,-2
4976,1,-2,-2
4977,1,-2,-2
4978,0,-2,-2
4979,1,-2,-2
4980,1,-2,-2
4981,1,-2,-2
4982,1,-2,-2
4983,0,-2,-2
4984,0,-1,-1
4985,1,-2,-2
4986,1,-1,-1
4987,1,-2,-2
4988,1,-2,-2
4989,0,-2,-2
4990,0,-1,-1
4991,0,-2,-2
4992,1,-2,-2
4993,1,-2,-2
4994,0,-1,-1
4995,0,-1,-1
4996,0,-2,-2
4997,1,-1,-1
4998,1,-2,-2
4999,1,-2,-2
5000,0,-1,-1
5001,1,-1,-1
5002,1,-2,-2
5003,0,-2,-2
5004,1,-2,-2
5005,1,-2,-2
5006,0,-2,-2
5007,1,-2,-2
5008,1,-2,-2
5009,1,-2,-2
5010,0,-2,-2
5011,0,-1,-1
5012,1,-2,-2
5013,0,-2,-2
5014,1,-2,-2
5015,0,-2,-2
5016,0,-2,-2
5017,0,-2,-2
5018,1,-2,-2
5019,0,-2,-2
5020,1,-1,-1
5021,1,-2,-2
5022,0,-2,-2
5023,0,-2,-2
5024,1,-2,-2
5025,0,-1,-1
5026,1,-2,-2
5027,1,-1,-1
5028,1,-1,-1
5029,0,-2,-2
5030,0,-2,-2
5031,1,-2,-2
5032,1,-2,-2
5033,0,-1,-1
5034,1,-1,-1
5035,0,-2,-2
5036,0,-2,-2
5037,0,-2,-2
5038,1,-2,-2
5039,1,-1,-1
5040,0,-2,-2
5041,0,-2,-2
5042,1,-2,-2
5043,1,-2,-2
5044,1,-2,-2
5045,0,-1,-1
5046,1,-2,-2
5047,0,-2,-2
5048,0,-2,-2
5049,1,-1,-1
5050,1,-1,-1
5051,0,-2,-2
5052,1,-2,-2
5053,1,-2,-2
5054,0,-2,-2
5055,1,-2,-2
5056,0,-2,-2
5057,1,-2,-2
5058,0,-2,-2
5059,1,-1,-1
5060,0,-2,-2
5061,1,-1,-1
5062,0,-2,-2
5063,1,-2,-2
5064,0,-2,-2
5065,0,-1,-1
5066,0,-1,-1
5067,0,-2,-2
5068,1,-2,-2
5069,1,-2,-2
5070,0,-1,-1
5071,0,-2,-2
5072,1,-2,-2
5073,1,-2,-2
5074,1,-2,-2
5075,0,-2,-2
5076,1,-2,-2
5077,1,-2,-2
5078,1,-2,-2
5079,0,-1,-1
5080,0,-2,-2
5081,0,-2,-2
5082,1,-2,-2
5083,0,-2,-2
5084,1,-2,-2
5085,1,-2,-2
5086,0,-1,-1
5087,0,-2,-2
5088,0,-2,-2
5089,0,-2,-2
5090,1,-2,-2
5091,1,-1,-1
5092,0,-2,-2
5093,0,-2,-2
5094,1,-2,-2
5095,0,-2,-2
5096,0,-2,-2
5097,1,-2,-2
5098,0,-2,-2
5099,0,-2,-2
5100,1,-2,-2
5101,1,-2,-2
5102,0,-1,-1
5103,1,-2,-2
5104,0,-2,-2
5105,0,-2,-2
5106,1,-2,-2
5107,1,-2,-2
5108,0,-2,-2
5109,0,-2,-2
5110,0,-2,-2
5111,0,-2,-2
5112,0,-2,-2
5113,0,-2,-2
5114,0,-2,-2
5115,1,-2,-2
5116,1,-1,-1
5117,0,-1,-1
5118,1,-2,-2
5119,0,-2,-2
5120,1,-2,-2
5121,0,-2,-2
5122,1,-2,-2
5123,0,-2,-2
5124,0,-2,-2
5125,1,-2,-2
5126,0,-2,-2
5127,0,-1,-1
5128,1,-2,-2
5129,1,-2,-2
5130,1,-2,-2
5131,0,-2,-2
5132,0,-2,-2
5133,1,-2,-2
5134,0,-2,-2
5135,1,-1,-1
5136,0,-1,-1
5137,0,-2,-2
5138,1,-1,-1
5139,0,-2,-2
5140,1,-2,-2
5141,1,-2,-2
5142,1,-2,-2
5143,1,-2,-2
5144,1,-1,-1
5145,1,-2,-2
5146,0,-2,-2
5147,0,-2,-2
5148,1,-2,-2
5149,1,-1,-1
5150,1,-2,-2
5151,0,-2,-2
5152,0,-2,-2
5153,0,-2,-2
5154,0,-2,-2
5155,1,-2,-2
5156,0,-2,-2
5157,1,-2,-2
5158,0,-2,-2
5159,1,-2,-2
5160,1,-2,-2
5161,1,-2,-2
5162,1,-2,-2
5163,0,-2,-2
5164,1,-1,-1
5165,0,-2,-2
5166,1,-2,-2
5167,1,-2,-2
5168,1,-2,-2
5169,0,-2,-2
5170,0,-2,-2
5171,1,-2,-2
5172,0,-2,-2
5173,0,-2,-2
5174,0,-2,-2
5175,0,-2,-2
5176,0,-2,-2
5177,1,-1,-1
5178,1,-2,-2
5179,0,-2,-2
5180,0,-1,-1
5181,1,-2,-2
5182,1,-2,-2
5183,0,-2,-2
5184,1,-2,-2
5185,0,-2,-2
5186,0,-2,-2
5187,1,-2,-2
5188,0,-2,-2
5189,0,-2,-2
5190,0,-2,-2
5191,0,-2,-2
5192,1,-2,-2
5193,0,-2,-2
5194,1,-2,-2
5195,1,-2,-2
5196,0,-1,-1
5197,0,-2,-2
5198,0,-1,-1
5199,1,-2,-2
5200,1,-1,-1
5201,0,-1,-1
5202,0,-2,-2
5203,0,-2,-2
5204,1,-2,-2
5205,1,-2,-2
5206,0,-2,-2
5207,0,-2,-2
5208,0,-2,-2
5209,1,-2,-2
5210,1,-1,-1
5211,0,-1,-1
5212,0,-2,-2
5213,0,-2,-2
5214,0,-2,-2
5215,0,-2,-2
5216,1,-2,-2
5217,1,-2,-2
5218,1,-2,-2
5219,0,-2,-2
5220,0,-1,-1
5221,0,-1,-1
5222,0,-2,-2
5223,1,-2,-2
5224,1,-2,-2
5225,1,-2,-2
5226,1,-2,-2
5227,0,-2,-2
5228,0,-2,-2
5229,0,-2,-2
5230,0,-2,-2
5231,0,-2,-2
5232,0,-1,-1
5233,1,-2,-2
5234,0,-2,-2
5235,1,-1,-1
5236,1,-2,-2
5237,1,-2,-2
5238,0,-2,-2
5239,0,-2,-2
5240,1,-2,-2
5241,1,-2,-2
5242,1,-2,-2
5243,0,-2,-2
5244,0,-1,-1
5245,0,-2,-2
5246,0,-2,-2
5247,0,-1,-1
5248,1,-2,-2
5249,1,-2,-2
5250,1,-2,-2
5251,1,-2,-2
5252,0,-2,-2
5253,1,-2,-2
5254,0,-2,-2
5255,0,-1,-1
5256,0,-2,-2
5257,1,-2,-2
5258,1,-2,-2
5259,1,-2,-2
5260,1,-2,-2
5261,1,-1,-1
5262,0,-2,-2
5263,1,-2,-2
5264,0,-2,-2
5265,1,-2,-2
5266,1,-1,-1
5267,1,-2,-2
5268,1,-2,-2
5269,1,-2,-2
5270,0,-2,-2
5271,1,-2,-2
5272,1,-2,-2
5273,1,-2,-2
5274,1,-2,-2
5275,0,-1,-1
5276,1,-2,-2
5277,1,-2,-2
5278,1,-2,-2
5279,1,-2,-2
5280,1,-2,-2
5281,1,-2,-2
5282,1,-2,-2
5283,0,-1,-1
5284,0,-1,-1
5285,1,-1,-1
5286,0,-2,-2
5287,0,-2,-2
5288,1,-2,-2
5289,0,-2,-2
5290,1,-1,-1
5291,0,-2,-2
5292,1,-2,-2
5293,0,-2,-2
5294,1,-2,-2
5295,1,-2,-2
5296,0,-1,-1
5297,0,-2,-2
5298,1,-2,-2
5299,1,-2,-2
5300,0,-2,-2
5301,1,-2,-2
5302,0,-2,-2
5303,1,-2,-2
5304,0,-1,-1
5305,0,-2,-2
5306,0,-1,-1
5307,0,-2,-2
5308,1,-2,-2
5309,1,-2,-2
5310,0,-2,-2
5311,1,-2,-2
5312,1,-2,-2
5313,1,-2,-2
5314,0,-2,-2
5315,0,-2,-2
5316,1,-1,-1
5317,0,-1,-1
5318,1,-2,-2
5319,1,-2,-2
5320,0,-2,-2
5321,1,-2,-2
5322,1,-2,-2
5323,1,-2,-2
5324,0,-2,-2
5325,0,-2,-2
5326,1,-1,-1
5327,1,-1,-1
5328,0,-2,-2
5329,1,-2,-2
5330,1,-2,-2
5331,0,-1,-1
5332,0,-2,-2
5333,0,-2,-2
5334,0,-1,-1
5335,1,-1,-1
5336,1,-2,-2
5337,1,-2,-2
5338,1,-2,-2
5339,0,-2,-2
5340,1,-2,-2
5341,0,-2,-2
5342,0,-1,-1
5343,0,-1,-1
5344,0,-2,-2
5345,1,-2,-2
5346,1,-2,-2
5347,0,-2,-2
5348,1,-2,-2
5349,0,-2,-2
5350,0,-2,-2
5351,1,-2,-2
5352,1,-2,-2
5353,0,-1,-1
5354,0,-2,-2
5355,1,-2,-2
5356,1,-1,-1
5357,1,-2,-2
5358,1,-2,-2
5359,1,-2,-2
5360,1,-2,-2
5361,1,-2,-2
5362,0,-1,-1
5363,0,-2,-2
5364,1,-2,-2
5365,1,-2,-2
5366,1,-2,-2
5367,0,-2,-2
5368,1,-2,-2
5369,0,-2,-2
5370,0,-2,-2
5371,0,-1,-1
5372,0,-2,-2
5373,1,-1,-1
5374,0,-2,-2
5375,1,-2,-2
5376,1,-2,-2
5377,0,-1,-1
5378,1,-2,-2
5379,0,-1,-1
5380,0,-2,-2
5381,0,-1,-1
5382,0,-2,-2
5383,1,-2,-2
5384,0,-2,-2
5385,1,-2,-2
5386,0,-2,-2
5387,1,-2,-2
5388,0,-2,-2
5389,1,-2,-2
5390,0,-1,-1
5391,0,-2,-2
5392,1,-2,-2
5393,1,-2,-2
5394,0,-2,-2
5395,0,-2,-2
5396,0,-1,-1
5397,1,-2,-2
5398,0,-2,-2
5399,1,-2,-2
5400,1,-2,-2
5401,1,-2,-2
5402,0,-2,-2
5403,0,-2,-2
5404,1,-2,-2
5405,1,-1,-1
5406,1,-2,-2
5407,1,-2,-2
5408,1,-2,-2
5409,1,-1,-1
5410,1,-2,-2
5411,0,-2,-2
5412,0,-1,-1
5413,0,-2,-2
5414,0,-2,-2
5415,1,-2,-2
5416,1,-2,-2
5417,0,-1,-1
5418,1,-2,-2
5419,0,-2,-2
5420,1,-2,-2
5421,1,-2,-2
5422,1,-2,-2
5423,1,-2,-2
5424,0,-2,-2
5425,1,-2,-2
5426,1,-1,-1
5427,1,-1,-1
5428,0,-2,-2
5429,1,-2,-2
5430,1,-2,-2
5431,1,-2,-2
5432,0,-1,-1
5433,1,-2,-2
5434,1,-2,-2
5435,1,-1,-1
5436,0,-2,-2
5437,0,-2,-2
5438,0,-1,-1
5439,0,-2,-2
5440,1,-2,-2
5441,1,-1,-1
5442,0,-2,-2
5443,0,-2,-2
5444,0,-2,-2
5445,0,-2,-2
5446,0,-1,-1
5447,1,-2,-2
5448,1,-1,-1
5449,1,-2,-2
5450,1,-2,-2
5451,1,-2,-2
5452,0,-2,-2
5453,0,-2,-2
5454,0,-2,-2
5455,1,-2,-2
5456,0,-2,-2
5457,0,-2,-2
5458,1,-2,-2
5459,1,-1,-1
5460,0,-2,-2
5461,0,-2,-2
5462,1,-2,-2
5463,1,-2,-2
5464,1,-2,-2
5465,1,-2,-2
5466,1,-2,-2
5467,1,-2,-2
5468,1,-2,-2
5469,1,-2,-2
5470,0,-2,-2
5471,1,-1,-1
5472,1,-2,-2
5473,0,-2,-2
5474,0,-2,-2
5475,0,-2,-2
5476,0,-2,-2
5477,1,-2,-2
5478,1,-1,-1
5479,1,-2,-2
5480,0,-2,-2
5481,1,-2,-2
5482,0,-2,-2
5483,1,-2,-2
5484,0,-1,-1
5485,0,-2,-2
5486,0,-2,-2
5487,0,-1,-1
5488,0,-2,-2
5489,0,-2,-2
5490,0,-2,-2
5491,1,-2,-2
5492,1,-2,-2
5493,1,-2,-2
5494,1,-2,-2
5495,0,-2,-2
5496,0,-1,-1
5497,0,-2,-2
5498,0,-1,-1
5499,0,-1,-1
5500,0,-2,-2
5501,1,-2,-2
5502,0,-2,-2
5503,1,-2,-2
5504,1,-2,-2
5505,1,-2,-2
5506,0,-1,-1
5507,1,-2,-2
5508,1,-2,-2
5509,0,-2,-2
5510,1,-2,-2
5511,1,-2,-2
5512,1,-1,-1
5513,0,-2,-2
5514,0,-2,-2
5515,0,-2,-2
5516,1,-2,-2
5517,0,-2,-2
5518,1,-2,-2
5519,1,-2,-2
5520,1,-2,-2
5521,1,-2,-2
5522,1,-2,-2
5523,1,-2,-2
5524,0,-2,-2
5525,0,-1,-1
5526,0,-2,-2
5527,0,-2,-2
5528,1,-2,-2
5529,1,-2,-2
5530,0,-1,-1
5531,0,-2,-2
5532,1,-1,-1
5533,0,-2,-2
5534,1,-2,-2
5535,0,-1,-1
5536,1,-2,-2
5537,0,-1,-1
5538,0,-2,-2
5539,0,-2,-2
5540,0,-2,-2
5541,1,-2,-2
5542,0,-2,-2
5543,1,-2,-2
5544,0,-1,-1
5545,0,-2,-2
5546,1,-1,-1
5547,0,-1,-1
5548,0,-1,-1
5549,1,-2,-2
5550,0,-2,-2
5551,1,-1,-1
5552,1,-2,-2
5553,1,-1,-1
5554,0,-2,-2
5555,1,-1,-1
5556,1,-2,-2
5557,1,-2,-2
5558,0,-2,-2
5559,0,-1,-1
5560,0,-2,-2
5561,0,-2,-2
5562,1,-2,-2
5563,0,-1,-1
5564,0,-2,-2
5565,0,-1,-1
5566,0,-2,-2
5567,0,-1,-1
5568,0,-2,-2
5569,0,-2,-2
5570,0,-1,-1
5571,1,-2,-2
5572,0,-2,-2
5573,0,-1,-1
5574,1,-2,-2
5575,1,-1,-1
5576,0,-1,-1
5577,0,-1,-1
5578,1,-2,-2
5579,0,-2,-2
5580,0,-2,-2
5581,0,-2,-2
5582,0,-1,-1
5583,1,-2,-2
5584,0,-1,-1
5585,1,-2,-2
5586,1,-2,-2
5587,1,-2,-2
5588,1,-1,-1
5589,0,-2,-2
5590,1,-2,-2
5591,1,-1,-1
5592,0,-2,-2
5593,1,-1,-1
5594,0,-2,-2
5595,1,-2,-2
5596,1,-2,-2
5597,1,-2,-2
5598,1,-2,-2
5599,0,-2,-2
5600,1,-2,-2
5601,0,-1,-1
5602,0,-1,-1
5603,1,-2,-2
5604,1,-2,-2
5605,1,-2,-2
5606,0,-2,-2
5607,1,-2,-2
5608,0,-2,-2
5609,1,-2,-2
5610,0,-1,-1
5611,0,-2,-2
5612,0,-2,-2
5613,1,-2,-2
5614,1,-2,-2
5615,1,-2,-2
5616,1,-2,-2
5617,0,-2,-2
5618,1,-2,-2
5619,0,-2,-2
5620,0,-2,-2
5621,0,-2,-2
5622,0,-2,-2
5623,1,-2,-2
5624,1,-2,-2
5625,0,-2,-2
5626,1,-2,-2
5627,1,-2,-2
5628,0,-2,-2
5629,0,-2,-2
5630,1,-1,-1
5631,0,-2,-2
5632,0,-2,-2
5633,1,-2,-2
5634,0,-1,-1
5635,0,-2,-2
5636,1,-2,-2
5637,1,-2,-2
5638,0,-1,-1
5639,0,-1,-1
5640,1,-2,-2
5641,0,-2,-2
5642,1,-2,-2
5643,1,-2,-2
5644,0,-1,-1
5645,1,-2,-2
5646,1,-2,-2
5647,1,-2,-2
5648,1,-1,-1
5649,0,-2,-2
5650,1,-2,-2
5651,0,-2,-2
5652,1,-2,-2
5653,0,-2,-2
5654,0,-2,-2
5655,0,-2,-2
5656,0,-2,-2
5657,0,-2,-2
5658,0,-2,-2
5659,1,-2,-2
5660,0,-2,-2
5661,0,-1,-1
5662,0,-1,-1
5663,1,-2,-2
5664,0,-2,-2
5665,1,-1,-1
5666,1,-2,-2
5667,1,-2,-2
5668,1,-2,-2
5669,1,-2,-2
5670,1,-2,-2
5671,0,-1,-1
5672,1,-2,-2
5673,1,-2,-2
5674,1,-2,-2
5675,1,-1,-1
5676,0,-2,-2
5677,1,-1,-1
5678,0,-2,-2
5679,0,-2,-2
5680,1,-2,-2
5681,1,-1,-1
5682,1,-2,-2
5683,0,-1,-1
5684,0,-2,-2
5685,0,-1,-1
5686,1,-2,-2
5687,1,-2,-2
5688,0,-2,-2
5689,1,-2,-2
5690,1,-2,-2
5691,1,-2,-2
5692,0,-2,-2
5693,0,-2,-2
5694,0,-2,-2
5695,1,-2,-2
5696,0,-2,-2
5697,1,-2,-2
5698,1,-2,-2
5699,1,-2,-2
5700,0,-2,-2
5701,0,-2,-2
5702,0,-2,-2
5703,0,-2,-2
5704,0,-2,-2
5705,0,-2,-2
5706,1,-2,-2
5707,0,-2,-2
5708,1,-2,-2
5709,0,-2,-2
5710,1,-2,-2
5711,0,-2,-2
5712,1,-2,-2
5713,0,-1,-1
5714,1,-2,-2
5715,0,-2,-2
5716,1,-2,-2
5717,1,-1,-1
5718,1,-2,-2
5719,1,-1,-1
5720,0,-2,-2
5721,0,-2,-2
5722,1,-2,-2
5723,1,-2,-2
5724,1,-2,-2
5725,1,-1,-1
5726,0,-2,-2
5727,1,-2,-2
5728,1,-2,-2
5729,1,-2,-2
5730,1,-2,-2
5731,0,-2,-2
5732,1,-2,-2
5733,1,-2,-2
5734,0,-2,-2
5735,0,-2,-2
5736,1,-2,-2
5737,1,-1,-1
5738,1,-2,-2
5739,1,-2,-2
5740,0,-2,-2
5741,1,-2,-2
5742,0,-1,-1
5743,1,-2,-2
5744,0,-2,-2
5745,1,-1,-1
5746,1,-2,-2
5747,1,-2,-2
5748,0,-2,-2
5749,1,-2,-2
5750,0,-2,-2
5751,0,-2,-2
5752,0,-2,-2
5753,1,-2,-2
5754,1,-2,-2
5755,0,-1,-1
5756,0,-2,-2
5757,1,-1,-1
5758,0,-1,-1
5759,1,-2,-2
5760,0,-2,-2
5761,0,-2,-2
5762,0,-2,-2
5763,0,-2,-2
5764,0,-2,-2
5765,1,-2,-2
5766,0,-2,-2
5767,1,-2,-2
5768,1,-2,-2
5769,1,-2,-2
5770,0,-1,-1
5771,1,-1,-1
5772,1,-2,-2
5773,0,-1,-1
5774,1,-2,-2
5775,1,-2,-2
5776,1,-2,-2
5777,0,-2,-2
5778,1,-2,-2
5779,0,-2,-2
5780,0,-2,-2
5781,1,-2,-2
5782,0,-2,-2
5783,1,-2,-2
5784,0,-1,-1
5785,0,-1,-1
5786,1,-2,-2
5787,0,-2,-2
5788,0,-1,-1
5789,0,-2,-2
5790,0,-2,-2
5791,1,-2,-2
5792,1,-2,-2
5793,0,-1,-1
5794,0,-2,-2
5795,1,-2,-2
5796,0,-2,-2
5797,1,-2,-2
5798,0,-2,-2
5799,0,-2,-2
5800,1,-2,-2
5801,1,-2,-2
5802,0,-2,-2
5803,0,-2,-2
5804,1,-2,-2
5805,1,-2,-2
5806,1,-2,-2
5807,0,-1,-1
5808,1,-1,-1
5809,1,-2,-2
5810,1,-2,-2
5811,1,-2,-2
5812,0,-2,-2
5813,0,-2,-2
5814,0,-2,-2
5815,1,-2,-2
5816,1,-2,-2
5817,0,-2,-2
5818,1,-2,-2
5819,0,-2,-2
5820,0,-2,-2
5821,1,-2,-2
5822,0,-1,-1
5823,1,-2,-2
5824,1,-2,-2
5825,0,-2,-2
5826,0,-2,-2
5827,0,-1,-1
5828,0,-2,-2
5829,1,-2,-2
5830,0,-1,-1
5831,0,-2,-2
5832,0,-1,-1
5833,0,-2,-2
5834,0,-2,-2
5835,1,-2,-2
5836,1,-2,-2
5837,0,-2,-2
5838,0,-2,-2
5839,0,-2,-2
5840,1,-2,-2
5841,0,-2,-2
5842,1,-2,-2
5843,0,-1,-1
5844,0,-1,-1
5845,1,-2,-2
5846,1,-2,-2
5847,0,-2,-2
5848,0,-2,-2
5849,0,-1,-1
5850,0,-2,-2
5851,0,-2,-2
5852,1,-1,-1
5853,0,-2,-2
5854,1,-2,-2
5855,0,-2,-2
5856,0,-2,-2
5857,0,-2,-2
5858,1,-2,-2
5859,1,-1,-1
5860,0,-2,-2
5861,0,-1,-1
5862,0,-2,-2
5863,1,-2,-2
5864,1,-2,-2
5865,0,-1,-1
5866,0,-2,-2
5867,0,-2,-2
5868,1,-2,-2
5869,0,-2,-2
5870,1,-1,-1
5871,1,-2,-2
5872,0,-1,-1
5873,1,-2,-2
5874,0,-2,-2
5875,1,-1,-1
5876,0,-2,-2
5877,0,-2,-2
5878,0,-1,-1
5879,0,-2,-2
5880,0,-2,-2
5881,1,-2,-2
5882,0,-1,-1
5883,1,-2,-2
5884,1,-2,-2
5885,1,-2,-2
5886,0,-1,-1
5887,1,-1,-1
5888,0,-2,-2
5889,0,-2,-2
5890,1,-2,-2
5891,0,-2,-2
5892,0,-2,-2
5893,0,-2,-2
5894,1,-2,-2
5895,1,-2,-2
5896,0,-2,-2
5897,1,-2,-2
5898,1,-2,-2
5899,1,-2,-2
5900,1,-2,-2
5901,1,-1,-1
5902,0,-2,-2
5903,1,-2,-2
5904,0,-2,-2
5905,0,-1,-1
5906,1,-2,-2
5907,0,-1,-1
5908,1,-1,-1
5909,1,-2,-2
5910,1,-2,-2
5911,0,-1,-1
5912,0,-2,-2
5913,0,-2,-2
5914,0,-2,-2
5915,1,-2,-2
5916,0,-2,-2
5917,0,-2,-2
5918,0,-1,-1
5919,0,-2,-2
5920,0,-2,-2
5921,0,-2,-2
5922,1,-2,-2
5923,1,-2,-2
5924,1,-2,-2
5925,1,-2,-2
5926,1,-2,-2
5927,1,-2,-2
5928,1,-2,-2
5929,1,-2,-2
5930,1,-2,-2
5931,1,-2,-2
5932,0,-2,-2
5933,0,-2,-2
5934,1,-2,-2
5935,1,-2,-2
5936,0,-2,-2
5937,0,-1,-1
5938,1,-2,-2
5939,1,-2,-2
5940,1,-1,-1
5941,0,-2,-2
5942,0,-2,-2
5943,0,-2,-2
5944,1,-2,-2
5945,0,-2,-2
5946,0,-2,-2
5947,1,-2,-2
5948,0,-2,-2
5949,1,-2,-2
5950,1,-2,-2
5951,0,-2,-2
5952,1,-2,-2
5953,0,-2,-2
5954,0,-2,-2
5955,1,-2,-2
5956,1,-2,-2
5957,0,-2,-2
5958,1,-2,-2
5959,1,-2,-2
5960,0,-2,-2
5961,0,-2,-2
5962,0,-2,-2
5963,0,-2,-2
5964,0,-2,-2
5965,0,-2,-2
5966,0,-2,-2
5967,1,-2,-2
5968,1,-2,-2
5969,0,-2,-2
5970,0,-2,-2
5971,0,-2,-2
5972,1,-2,-2
5973,0,-2,-2
5974,1,-1,-1
5975,1,-1,-1
5976,1,-2,-2
5977,0,-1,-1
5978,0,-2,-2
5979,0,-2,-2
5980,1,-2,-2
5981,0,-2,-2
5982,1,-2,-2
5983,1,-2,-2
5984,1,-2,-2
5985,0,-2,-2
5986,1,-1,-1
5987,1,-2,-2
5988,1,-1,-1
5989,1,-1,-1
5990,0,-1,-1
5991,1,-2,-2
5992,0,-2,-2
5993,1,-2,-2
5994,1,-2,-2
5995,0,-2,-2
5996,1,-2,-2
5997,1,-2,-2
5998,0,-1,-1
5999,1,-2,-2
6000,1,-2,-2
6001,0,-1,-1
6002,0,-2,-2
6003,0,-2,-2
6004,1,-2,-2
6005,0,-1,-1
6006,1,-2,-2
6007,1,-2,-2
6008,0,-1,-1
6009,0,-1,-1
6010,0,-1,-1
6011,0,-2,-2
6012,1,-2,-2
6013,1,-2,-2
6014,0,-2,-2
6015,1,-1,-1
6016,0,-1,-1
6017,0,-1,-1
6018,1,-2,-2
6019,0,-2,-2
6020,1,-1,-1
6021,0,-2,-2
6022,1,-2,-2
6023,1,-2,-2
6024,1,-2,-2
6025,1,-2,-2
6026,1,-1,-1
6027,0,-2,-2
6028,1,-2,-2
6029,1,-1,-1
6030,1,-1,-1
6031,0,-2,-2
6032,0,-2,-2
6033,1,-2,-2
6034,1,-2,-2
6035,1,-2,-2
6036,1,-2,-2
6037,1,-2,-2
6038,0,-1,-1
6039,1,-2,-2
6040,1,-2,-2
6041,1,-1,-1
6042,0,-1,-1
6043,1,-2,-2
6044,0,-2,-2
6045,1,-1,-1
6046,0,-2,-2
6047,1,-2,-2
6048,0,-2,-2
6049,0,-2,-2
6050,0,-1,-1
6051,0,-1,-1
6052,1,-2,-2
6053,0,-1,-1
6054,0,-1,-1
6055,1,-2,-2
6056,1,-2,-2
6057,0,-2,-2
6058,1,-2,-2
6059,1,-2,-2
6060,1,-2,-2
6061,1,-2,-2
6062,0,-2,-2
6063,0,-2,-2
6064,1,-2,-2
6065,0,-2,-2
6066,1,-1,-1
6067,1,-1,-1
6068,1,-2,-2
6069,1,-2,-2
6070,0,-2,-2
6071,1,-2,-2
6072,1,-2,-2
6073,0,-2,-2
6074,0,-2,-2
6075,1,-2,-2
6076,0,-2,-2
6077,0,-1,-1
6078,1,-2,-2
6079,1,-2,-2
6080,0,-2,-2
6081,1,-2,-2
6082,1,-2,-2
6083,0,-2,-2
6084,1,-2,-2
6085,0,-2,-2
6086,0,-2,-2
6087,0,-1,-1
6088,0,-1,-1
6089,1,-2,-2
6090,0,-2,-2
6091,1,-1,-1
6092,0,-2,-2
6093,0,-1,-1
6094,0,-2,-2
6095,1,-2,-2
6096,0,-2,-2
6097,1,-2,-2
6098,1,-1,-1
6099,1,-1,-1
6100,0,-2,-2
6101,1,-2,-2
6102,1,-1,-1
6103,0,-2,-2
6104,0,-2,-2
6105,1,-2,-2
6106,1,-2,-2
6107,1,-2,-2
6108,1,-2,-2
6109,0,-2,-2
6110,0,-2,-2
6111,1,-2,-2
6112,0,-2,-2
6113,1,-2,-2
6114,0,-2,-2
6115,0,-1,-1
6116,1,-1,-1
6117,0,-2,-2
6118,0,-2,-2
6119,1,-2,-2
6120,0,-2,-2
6121,1,-1,-1
6122,0,-1,-1
6123,1,-2,-2
6124,0,-2,-2
6125,1,-2,-2
6126,1,-2,-2
6127,0,-1,-1
6128,0,-2,-2
6129,0,-2,-2
6130,0,-2,-2
6131,1,-2,-2
6132,0,-2,-2
6133,0,-2,-2
6134,0,-1,-1
6135,0,-2,-2
6136,0,-2,-2
6137,0,-2,-2
6138,0,-1,-1
6139,1,-1,-1
6140,1,-2,-2
6141,0,-2,-2
6142,1,-2,-2
6143,1,-2,-2
6144,1,-2,-2
6145,0,-2,-2
6146,0,-2,-2
6147,1,-1,-1
6148,0,-2,-2
6149,0,-2,-2
6150,1,-2,-2
6151,0,-2,-2
6152,1,-2,-2
6153,0,-2,-2
6154,1,-2,-2
6155,1,-2,-2
6156,0,-2,-2
6157,1,-2,-2
6158,1,-2,-2
6159,1,-1,-1
6160,0,-2,-2
6161,0,-2,-2
6162,0,-1,-1
6163,1,-2,-2
6164,0,-2,-2
6165,1,-2,-2
6166,0,-2,-2
6167,1,-2,-2
6168,0,-1,-1
6169,1,-2,-2
6170,0,-1,-1
6171,0,-2,-2
6172,0,-1,-1
6173,1,-1,-1
6174,1,-2,-2
6175,0,-2,-2
6176,1,-2,-2
6177,1,-2,-2
6178,0,-1,-1
6179,0,-2,-2
6180,1,-2,-2
6181,1,-2,-2
6182,1,-2,-2
6183,0,-2,-2
6184,0,-2,-2
6185,0,-2,-2
6186,1,-2,-2
6187,1,-1,-1
6188,0,-1,-1
6189,1,-1,-1
6190,0,-1,-1
6191,1,-2,-2
6192,1,-2,-2
6193,1,-1,-1
6194,1,-2,-2
6195,1,-2,-2
6196,0,-2,-2
6197,0,-1,-1
6198,1,-2,-2
6199,1,-2,-2
6200,1,-2,-2
6201,1,-2,-2
6202,1,-2,-2
6203,0,-1,-1
6204,1,-2,-2
6205,1,-2,-2
6206,0,-2,-2
6207,0,-2,-2
6208,0,-2,-2
6209,1,-2,-2
6210,0,-1,-1
6211,0,-2,-2
6212,1,-2,-2
6213,1,-2,-2
6214,0,-1,-1
6215,1,-1,-1
6216,1,-2,-2
6217,1,-2,-2
6218,0,-1,-1
6219,1,-2,-2
6220,1,-2,-2
6221,0,-2,-2
6222,1,-2,-2
6223,1,-2,-2
6224,0,-2,-2
6225,1,-2,-2
6226,1,-2,-2
6227,1,-1,-1
6228,0,-2,-2
6229,1,-2,-2
6230,1,-2,-2
6231,1,-2,-2
6232,1,-2,-2
6233,1,-2,-2
6234,1,-2,-2
6235,0,-2,-2
6236,0,-1,-1
6237,0,-2,-2
6238,0,-2,-2
6239,1,-2,-2
6240,0,-2,-2
6241,0,-2,-2
6242,1,-2,-2
6243,1,-2,-2
6244,0,-2,-2
6245,0,-2,-2
6246,1,-2,-2
6247,1,-2,-2
6248,0,-2,-2
6249,1,-2,-2
6250,1,-2,-2
6251,1,-2,-2
6252,1,-1,-1
6253,1,-2,-2
6254,0,-2,-2
6255,1,-2,-2
6256,0,-2,-2
6257,1,-2,-2
6258,0,-2,-2
6259,1,-2,-2
6260,0,-2,-2
6261,0,-2,-2
6262,0,-2,-2
6263,0,-2,-2
6264,0,-2,-2
6265,0,-2,-2
6266,0,-2,-2
6267,0,-2,-2
6268,0,-1,-1
6269,1,-2,-2
6270,1,-1,-1
6271,0,-2,-2
6272,1,-2,-2
6273,1,-2,-2
6274,0,-2,-2
6275,0,-1,-1
6276,0,-2,-2
6277,1,-2,-2
6278,1,-2,-2
6279,0,-2,-2
6280,0,-2,-2
6281,1,-2,-2
6282,1,-2,-2
6283,1,-1,-1
6284,1,-2,-2
6285,0,-1,-1
6286,0,-2,-2
6287,0,-2,-2
6288,1,-2,-2
6289,1,-2,-2
6290,0,-2,-2
6291,0,-1,-1
6292,1,-1,-1
6293,0,-1,-1
6294,0,-2,-2
6295,0,-1,-1
6296,0,-2,-2
6297,0,-2,-2
6298,0,-2,-2
6299,0,-2,-2
6300,1,-1,-1
6301,0,-2,-2
6302,1,-2,-2
6303,1,-2,-2
6304,0,-2,-2
6305,0,-1,-1
6306,0,-1,-1
6307,1,-2,-2
6308,1,-2,-2
6309,0,-2,-2
6310,0,-1,-1
6311,0,-2,-2
6312,0,-2,-2
6313,0,-2,-2
6314,0,-2,-2
6315,0,-2,-2
6316,0,-2,-2
6317,0,-1,-1
6318,0,-2,-2
6319,0,-1,-1
6320,0,-2,-2
6321,1,-2,-2
6322,0,-2,-2
6323,0,-1,-1
6324,0,-2,-2
6325,0,-2,-2
6326,1,-2,-2
6327,0,-1,-1
6328,0,-1,-1
6329,0,-2,-2
6330,0,-2,-2
6331,0,-2,-2
6332,0,-2,-2
6333,0,-2,-2
6334,1,-1,-1
6335,0,-1,-1
6336,0,-2,-2
6337,0,-1,-1
6338,0,-2,-2
6339,1,-2,-2
6340,1,-2,-2
6341,0,-2,-2
6342,0,-2,-2
6343,1,-2,-2
6344,1,-2,-2
6345,1,-1,-1
6346,0,-2,-2
6347,1,-1,-1
6348,0,-2,-2
6349,1,-2,-2
6350,0,-1,-1
6351,0,-1,-1
6352,1,-2,-2
6353,0,-2,-2
6354,0,-2,-2
6355,0,-2,-2
6356,0,-2,-2
6357,1,-2,-2
6358,1,-2,-2
6359,1,-1,-1
6360,0,-2,-2
6361,0,-2,-2
6362,1,-2,-2
6363,0,-1,-1
6364,0,-2,-2
6365,1,-2,-2
6366,1,-2,-2
6367,0,-2,-2
6368,1,-2,-2
6369,1,-2,-2
6370,0,-1,-1
6371,0,-2,-2
6372,0,-1,-1
6373,1,-1,-1
6374,1,-2,-2
6375,0,-2,-2
6376,0,-1,-1
6377,0,-2,-2
6378,1,-1,-1
6379,1,-2,-2
6380,1,-2,-2
6381,1,-1,-1
6382,1,-2,-2
6383,0,-2,-2
6384,0,-2,-2
6385,0,-1,-1
6386,1,-2,-2
6387,0,-2,-2
6388,0,-2,-2
6389,0,-2,-2
6390,0,-2,-2
6391,0,-2,-2
6392,1,-2,-2
6393,1,-2,-2
6394,1,-2,-2
6395,0,-1,-1
6396,1,-2,-2
6397,0,-2,-2
6398,1,-2,-2
6399,1,-2,-2
6400,1,-2,-2
6401,0,-1,-1
6402,0,-1,-1
6403,0,-2,-2
6404,1,-1,-1
6405,1,-1,-1
6406,1,-2,-2
6407,0,-2,-2
6408,1,-1,-1
6409,1,-2,-2
6410,0,-2,-2
6411,1,-2,-2
6412,1,-2,-2
6413,1,-2,-2
6414,0,-2,-2
6415,0,-2,-2
6416,1,-2,-2
6417,0,-2,-2
6418,0,-2,-2
6419,0,-1,-1
6420,0,-2,-2
6421,1,-2,-2
6422,0,-1,-1
6423,0,-2,-2
6424,1,-2,-2
6425,0,-2,-2
6426,0,-2,-2
6427,0,-1,-1
6428,1,-2,-2
6429,0,-2,-2
6430,1,-2,-2
6431,1,-1,-1
6432,1,-2,-2
6433,0,-2,-2
6434,0,-2,-2
6435,0,-2,-2
6436,0,-2,-2
6437,0,-2,-2
6438,0,-1,-1
6439,0,-2,-2
6440,0,-2,-2
6441,0,-2,-2
6442,1,-1,-1
6443,1,-1,-1
6444,1,-2,-2
6445,0,-2,-2
6446,0,-2,-2
6447,0,-1,-1
6448,1,-2,-2
6449,1,-2,-2
6450,1,-2,-2
6451,0,-1,-1
6452,0,-2,-2
6453,0,-1,-1
6454,0,-2,-2
6455,0,-2,-2
6456,1,-2,-2
6457,1,-1,-1
6458,1,-2,-2
6459,0,-2,-2
6460,1,-2,-2
6461,0,-2,-2
6462,0,-2,-2
6463,1,-2,-2
6464,1,-1,-1
6465,0,-1,-1
6466,1,-2,-2
6467,0,-2,-2
6468,0,-2,-2
6469,0,-2,-2
6470,1,-1,-1
6471,0,-2,-2
6472,0,-2,-2
6473,1,-2,-2
6474,1,-2,-2
6475,0,-1,-1
6476,1,-2,-2
6477,1,-2,-2
6478,0,-2,-2
6479,1,-2,-2
6480,1,-2,-2
6481,0,-1,-1
6482,0,-2,-2
6483,1,-2,-2
6484,1,-2,-2
6485,1,-1,-1
6486,1,-2,-2
6487,1,-1,-1
6488,1,-2,-2
6489,1,-2,-2
6490,0,-2,-2
6491,1,-2,-2
6492,0,-2,-2
6493,1,-2,-2
6494,1,-2,-2
6495,0,-2,-2
6496,0,-2,-2
6497,1,-1,-1
6498,1,-2,-2
6499,0,-2,-2
6500,1,-2,-2
6501,1,-2,-2
6502,0,-2,-2
6503,1,-2,-2
6504,1,-2,-2
6505,0,-2,-2
6506,1,-2,-2
6507,0,-2,-2
6508,0,-1,-1
6509,0,-2,-2
6510,1,-2,-2
6511,0,-2,-2
6512,0,-1,-1
6513,0,-2,-2
6514,1,-1,-1
6515,0,-2,-2
6516,1,-2,-2
6517,1,-1,-1
6518,1,-2,-2
6519,0,-2,-2
6520,1,-2,-2
6521,0,-1,-1
6522,0,-2,-2
6523,0,-2,-2
6524,1,-1,-1
6525,1,-1,-1
6526,0,-2,-2
6527,1,-1,-1
6528,1,-2,-2
6529,1,-2,-2
6530,0,-2,-2
6531,1,-2,-2
6532,0,-2,-2
6533,0,-2,-2
6534,1,-2,-2
6535,1,-1,-1
6536,0,-2,-2
6537,0,-1,-1
6538,1,-1,-1
6539,0,-2,-2
6540,1,-2,-2
6541,1,-2,-2
6542,0,-2,-2
6543,1,-2,-2
6544,1,-2,-2
6545,1,-2,-2
6546,1,-2,-2
6547,0,-2,-2
6548,0,-2,-2
6549,0,-2,-2
6550,0,-2,-2
6551,0,-2,-2
6552,0,-2,-2
6553,0,-1,-1
6554,0,-2,-2
6555,0,-1,-1
6556,1,-1,-1
6557,1,-2,-2
6558,1,-1,-1
6559,1,-2,-2
6560,0,-2,-2
6561,1,-1,-1
6562,0,-2,-2
6563,1,-2,-2
6564,1,-2,-2
6565,1,-2,-2
6566,0,-2,-2
6567,1,-2,-2
6568,0,-2,-2
6569,0,-2,-2
6570,1,-2,-2
6571,1,-2,-2
6572,0,-1,-1
6573,1,-2,-2
6574,1,-2,-2
6575,1,-2,-2
6576,1,-2,-2
6577,0,-2,-2
6578,1,-1,-1
6579,0,-1,-1
6580,1,-2,-2
6581,1,-2,-2
6582,0,-2,-2
6583,0,-2,-2
6584,0,-2,-2
6585,1,-1,-1
6586,0,-2,-2
6587,0,-2,-2
6588,0,-2,-2
6589,1,-2,-2
6590,0,-2,-2
6591,0,-1,-1
6592,0,-1,-1
6593,1,-2,-2
6594,1,-1,-1
6595,0,-2,-2
6596,1,-1,-1
6597,1,-2,-2
6598,1,-2,-2
6599,1,-2,-2
6600,1,-1,-1
6601,1,-2,-2
6602,0,-2,-2
6603,1,-2,-2
6604,0,-2,-2
6605,0,-2,-2
6606,1,-2,-2
6607,1,-2,-2
6608,0,-2,-2
6609,1,-2,-2
6610,1,-2,-2
6611,1,-1,-1
6612,1,-2,-2
6613,0,-2,-2
6614,1,-2,-2
6615,0,-2,-2
6616,1,-2,-2
6617,0,-2,-2
6618,0,-2,-2
6619,1,-2,-2
6620,1,-2,-2
6621,1,-2,-2
6622,0,-2,-2
6623,0,-2,-2
6624,1,-2,-2
6625,1,-2,-2
6626,1,-2,-2
6627,1,-2,-2
6628,1,-2,-2
6629,1,-2,-2
6630,0,-1,-1
6631,1,-2,-2
6632,1,-2,-2
6633,0,-2,-2
6634,1,-2,-2
6635,1,-2,-2
6636,0,-2,-2
6637,1,-1,-1
6638,1,-2,-2
6639,0,-2,-2
6640,0,-2,-2
6641,0,-1,-1
6642,0,-1,-1
6643,0,-1,-1
6644,0,-2,-2
6645,1,-2,-2
6646,1,-2,-2
6647,1,-1,-1
6648,1,-2,-2
6649,1,-1,-1
6650,0,-1,-1
6651,0,-2,-2
6652,1,-2,-2
6653,1,-2,-2
6654,1,-1,-1
6655,1,-2,-2
6656,1,-1,-1
6657,1,-2,-2
6658,1,-1,-1
6659,1,-1,-1
6660,0,-2,-2
6661,0,-2,-2
6662,1,-2,-2
6663,0,-2,-2
6664,1,-2,-2
6665,0,-2,-2
6666,0,-2,-2
6667,0,-2,-2
6668,0,-2,-2
6669,1,-2,-2
6670,0,-2,-2
6671,1,-2,-2
6672,1,-2,-2
6673,1,-2,-2
6674,0,-1,-1
6675,1,-1,-1
6676,0,-2,-2
6677,1,-2,-2
6678,0,-2,-2
6679,1,-1,-1
6680,0,-2,-2
6681,1,-2,-2
6682,1,-2,-2
6683,0,-2,-2
6684,1,-2,-2
6685,0,-2,-2
6686,1,-2,-2
6687,0,-2,-2
6688,0,-2,-2
6689,0,-2,-2
6690,1,-2,-2
6691,0,-2,-2
6692,0,-2,-2
6693,1,-2,-2
6694,1,-2,-2
6695,0,-2,-2
6696,1,-2,-2
6697,1,-2,-2
6698,0,-2,-2
6699,0,-2,-2
6700,1,-1,-1
6701,0,-2,-2
6702,1,-2,-2
6703,1,-2,-2
6704,1,-2,-2
6705,0,-2,-2
6706,0,-2,-2
6707,0,-2,-2
6708,0,-2,-2
6709,1,-2,-2
6710,1,-1,-1
6711,1,-2,-2
6712,0,-2,-2
6713,1,-2,-2
6714,1,-2,-2
6715,1,-1,-1
6716,0,-2,-2
6717,0,-2,-2
6718,0,-2,-2
6719,0,-2,-2
6720,0,-1,-1
6721,0,-2,-2
6722,0,-2,-2
6723,0,-2,-2
6724,0,-2,-2
6725,1,-2,-2
6726,1,-2,-2
6727,0,-2,-2
6728,1,-2,-2
6729,1,-1,-1
6730,0,-2,-2
6731,0,-1,-1
6732,0,-1,-1
6733,0,-2,-2
6734,0,-2,-2
6735,1,-2,-2
6736,1,-1,-1
6737,1,-1,-1
6738,1,-2,-2
6739,1,-2,-2
6740,0,-2,-2
6741,1,-2,-2
6742,1,-2,-2
6743,1,-2,-2
6744,0,-2,-2
6745,0,-2,-2
6746,1,-2,-2
6747,1,-2,-2
6748,0,-2,-2
6749,0,-2,-2
6750,1,-2,-2
6751,1,-2,-2
6752,1,-2,-2
6753,0,-2,-2
6754,0,-2,-2
6755,1,-2,-2
6756,1,-2,-2
6757,0,-2,-2
6758,0,-2,-2
6759,1,-2,-2
6760,1,-2,-2
6761,1,-2,-2
6762,0,-2,-2
6763,1,-1,-1
6764,0,-2,-2
6765,1,-1,-1
6766,0,-2,-2
6767,0,-2,-2
6768,0,-1,-1
6769,1,-2,-2
6770,1,-2,-2
6771,0,-2,-2
6772,0,-2,-2
6773,1,-1,-1
6774,0,-2,-2
6775,0,-2,-2
6776,0,-2,-2
6777,0,-1,-1
6778,1,-2,-2
6779,1,-2,-2
6780,1,-2,-2
6781,1,-2,-2
6782,1,-1,-1
6783,1,-2,-2
6784,1,-1,-1
6785,0,-1,-1
6786,0,-2,-2
6787,1,-1,-1
6788,0,-2,-2
6789,0,-2,-2
6790,1,-2,-2
6791,1,-2,-2
6792,0,-1,-1
6793,0,-2,-2
6794,0,-2,-2
6795,1,-2,-2
6796,1,-2,-2
6797,0,-2,-2
6798,0,-1,-1
6799,0,-1,-1
6800,1,-2,-2
6801,1,-2,-2
6802,1,-1,-1
6803,0,-2,-2
6804,0,-2,-2
6805,1,-2,-2
6806,0,-2,-2
6807,0,-2,-2
6808,0,-2,-2
6809,0,-2,-2
6810,1,-2,-2
6811,0,-2,-2
6812,0,-2,-2
6813,0,-1,-1
6814,1,-2,-2
6815,0,-2,-2
6816,0,-2,-2
6817,1,-2,-2
6818,0,-2,-2
6819,0,-2,-2
6820,1,-2,-2
6821,0,-2,-2
6822,0,-2,-2
6823,1,-2,-2
6824,1,-1,-1
6825,0,-2,-2
6826,0,-2,-2
6827,1,-1,-1
6828,0,-2,-2
6829,0,-2,-2
6830,1,-2,-2
6831,1,-2,-2
6832,1,-1,-1
6833,0,-1,-1
6834,0,-1,-1
6835,0,-2,-2
6836,0,-2,-2
6837,1,-2,-2
6838,1,-2,-2
6839,1,-2,-2
6840,0,-2,-2
6841,0,-2,-2
6842,1,-2,-2
6843,1,-2,-2
6844,0,-2,-2
6845,1,-2,-2
6846,1,-1,-1
6847,1,-2,-2
6848,0,-1,-1
6849,0,-2,-2
6850,0,-2,-2
6851,1,-1,-1
6852,1,-1,-1
6853,1,-2,-2
6854,1,-2,-2
6855,1,-1,-1
6856,1,-2,-2
6857,1,-1,-1
6858,0,-2,-2
6859,0,-2,-2
6860,0,-2,-2
6861,0,-2,-2
6862,0,-2,-2
6863,1,-2,-2
6864,1,-2,-2
6865,0,-1,-1
6866,0,-2,-2
6867,1,-2,-2
6868,0,-2,-2
6869,0,-2,-2
6870,0,-2,-2
6871,1,-1,-1
6872,0,-2,-2
6873,1,-2,-2
6874,0,-2,-2
6875,0,-2,-2
6876,0,-2,-2
6877,0,-2,-2
6878,0,-2,-2
6879,0,-2,-2
6880,0,-2,-2
6881,1,-2,-2
6882,1,-2,-2
6883,1,-2,-2
6884,0,-2,-2
6885,0,-2,-2
6886,1,-2,-2
6887,1,-2,-2
6888,0,-2,-2
6889,0,-1,-1
6890,0,-2,-2
6891,1,-2,-2
6892,1,-2,-2
6893,0,-1,-1
6894,0,-2,-2
6895,1,-2,-2
6896,0,-2,-2
6897,0,-2,-2
6898,1,-2,-2
6899,0,-2,-2
6900,0,-2,-2
6901,1,-2,-2
6902,0,-1,-1
6903,0,-2,-2
6904,0,-1,-1
6905,0,-2,-2
6906,0,-2,-2
6907,0,-2,-2
6908,1,-2,-2
6909,0,-2,-2
6910,0,-2,-2
6911,1,-2,-2
6912,0,-2,-2
6913,0,-2,-2
6914,0,-2,-2
6915,0,-2,-2
6916,1,-1,-1
6917,0,-2,-2
6918,1,-1,-1
6919,0,-2,-2
6920,1,-2,-2
6921,0,-1,-1
6922,0,-2,-2
6923,1,-1,-1
6924,0,-2,-2
6925,1,-2,-2
6926,1,-1,-1
6927,0,-2,-2
6928,0,-1,-1
6929,1,-2,-2
6930,0,-2,-2
6931,1,-1,-1
6932,0,-2,-2
6933,1,-2,-2
6934,0,-2,-2
6935,0,-2,-2
6936,0,-2,-2
6937,1,-2,-2
6938,0,-2,-2
6939,1,-2,-2
6940,1,-2,-2
6941,1,-2,-2
6942,0,-2,-2
6943,0,-2,-2
6944,1,-1,-1
6945,0,-2,-2
6946,1,-2,-2
6947,0,-2,-2
6948,1,-2,-2
6949,0,-2,-2
6950,1,-2,-2
6951,0,-1,-1
6952,0,-1,-1
6953,1,-1,-1
6954,1,-2,-2
6955,0,-1,-1
6956,0,-2,-2
6957,1,-2,-2
6958,0,-2,-2
6959,0,-2,-2
6960,1,-2,-2
6961,1,-2,-2
6962,0,-2,-2
6963,1,-2,-2
6964,1,-2,-2
6965,1,-2,-2
6966,1,-2,-2
6967,1,-2,-2
6968,0,-2,-2
6969,1,-2,-2
6970,0,-1,-1
6971,0,-2,-2
6972,0,-2,-2
6973,1,-2,-2
6974,0,-1,-1
6975,0,-2,-2
6976,1,-2,-2
6977,0,-2,-2
6978,0,-1,-1
6979,0,-2,-2
6980,1,-2,-2
6981,0,-1,-1
6982,1,-2,-2
6983,1,-2,-2
6984,0,-2,-2
6985,1,-2,-2
6986,0,-2,-2
6987,1,-2,-2
6988,1,-2,-2
6989,1,-2,-2
6990,1,-2,-2
6991,0,-1,-1
6992,1,-1,-1
6993,0,-2,-2
6994,1,-1,-1
6995,1,-1,-1
6996,1,-2,-2
6997,0,-2,-2
6998,0,-2,-2
6999,0,-2,-2
7000,0,-1,-1
7001,0,-1,-1
7002,0,-1,-1
7003,1,-2,-2
7004,0,-1,-1
7005,1,-2,-2
7006,0,-2,-2
7007,1,-2,-2
7008,1,-2,-2
7009,1,-2,-2
7010,1,-2,-2
7011,1,-2,-2
7012,1,-2,-2
7013,1,-1,-1
7014,1,-2,-2
7015,0,-2,-2
7016,1,-2,-2
7017,0,-1,-1
7018,1,-2,-2
7019,1,-2,-2
7020,1,-2,-2
7021,0,-2,-2
7022,1,-1,-1
7023,0,-2,-2
7024,0,-2,-2
7025,1,-2,-2
7026,0,-2,-2
7027,1,-2,-2
7028,1,-2,-2
7029,0,-2,-2
7030,1,-2,-2
7031,0,-2,-2
7032,1,-1,-1
7033,1,-2,-2
7034,1,-2,-2
7035,0,-2,-2
7036,0,-1,-1
7037,0,-2,-2
7038,1,-2,-2
7039,0,-2,-2
7040,1,-2,-2
7041,1,-2,-2
7042,0,-2,-2
7043,1,-2,-2
7044,0,-2,-2
7045,1,-2,-2
7046,1,-1,-1
7047,1,-2,-2
7048,1,-2,-2
7049,1,-2,-2
7050,0,-1,-1
7051,0,-2,-2
7052,1,-1,-1
7053,1,-2,-2
7054,1,-2,-2
7055,0,-2,-2
7056,1,-2,-2
7057,1,-2,-2
7058,0,-1,-1
7059,0,-1,-1
7060,0,-2,-2
7061,1,-2,-2
7062,1,-2,-2
7063,0,-2,-2
7064,1,-2,-2
7065,1,-2,-2
7066,1,-2,-2
7067,0,-2,-2
7068,0,-2,-2
7069,0,-2,-2
7070,1,-2,-2
7071,1,-2,-2
7072,0,-2,-2
7073,1,-2,-2
7074,1,-2,-2
7075,0,-2,-2
7076,0,-1,-1
7077,1,-2,-2
7078,0,-1,-1
7079,0,-2,-2
7080,1,-2,-2
7081,1,-2,-2
7082,1,-2,-2
7083,0,-2,-2
7084,1,-2,-2
7085,1,-2,-2
7086,0,-1,-1
7087,0,-2,-2
7088,1,-2,-2
7089,0,-2,-2
7090,1,-1,-1
7091,0,-2,-2
7092,1,-2,-2
7093,1,-2,-2
7094,1,-2,-2
7095,0,-2,-2
7096,0,-2,-2
7097,0,-1,-1
7098,0,-2,-2
7099,1,-2,-2
7100,1,-2,-2
7101,0,-2,-2
7102,1,-2,-2
7103,0,-2,-2
7104,1,-2,-2
7105,0,-2,-2
7106,0,-2,-2
7107,1,-2,-2
7108,1,-1,-1
7109,0,-2,-2
7110,1,-1,-1
7111,1,-1,-1
7112,1,-2,-2
7113,0,-2,-2
7114,1,-1,-1
7115,0,-2,-2
7116,0,-1,-1
7117,0,-2,-2
7118,1,-1,-1
7119,1,-2,-2
7120,1,-2,-2
7121,1,-2,-2
7122,0,-2,-2
7123,1,-1,-1
7124,1,-2,-2
7125,0,-1,-1
7126,1,-2,-2
7127,1,-2,-2
7128,0,-2,-2
7129,1,-1,-1
7130,1,-2,-2
7131,0,-2,-2
7132,0,-2,-2
7133,1,-2,-2
7134,0,-2,-2
7135,0,-2,-2
7136,1,-2,-2
7137,0,-1,-1
7138,1,-1,-1
7139,1,-2,-2
7140,0,-2,-2
7141,1,-2,-2
7142,1,-2,-2
7143,1,-2,-2
7144,1,-2,-2
7145,1,-2,-2
7146,1,-1,-1
7147,1,-2,-2
7148,1,-2,-2
7149,1,-2,-2
7150,0,-2,-2
7151,1,-1,-1
7152,0,-2,-2
7153,0,-2,-2
7154,0,-1,-1
7155,1,-2,-2
7156,0,-2,-2
7157,0,-2,-2
7158,0,-2,-2
7159,0,-2,-2
7160,1,-1,-1
7161,0,-1,-1
7162,1,-1,-1
7163,0,-2,-2
7164,1,-2,-2
7165,1,-2,-2
7166,0,-2,-2
7167,0,-2,-2
7168,1,-1,-1
7169,0,-2,-2
7170,0,-2,-2
7171,1,-2,-2
7172,0,-2,-2
7173,1,-2,-2
7174,0,-2,-2
7175,0,-2,-2
7176,0,-2,-2
7177,1,-2,-2
7178,0,-2,-2
7179,0,-1,-1
7180,1,-2,-2
7181,1,-2,-2
7182,1,-1,-1
7183,0,-2,-2
7184,1,-2,-2
7185,0,-1,-1
7186,0,-2,-2
7187,1,-2,-2
7188,0,-2,-2
7189,1,-2,-2
7190,1,-1,-1
7191,1,-1,-1
7192,1,-2,-2
7193,1,-1,-1
7194,0,-2,-2
7195,1,-2,-2
7196,1,-2,-2
7197,0,-2,-2
7198,1,-1,-1
7199,0,-2,-2
7200,1,-2,-2
7201,0,-2,-2
7202,0,-2,-2
7203,1,-2,-2
7204,0,-2,-2
7205,1,-2,-2
7206,1,-2,-2
7207,0,-2,-2
7208,0,-2,-2
7209,1,-2,-2
7210,1,-2,-2
7211,1,-2,-2
7212,1,-2,-2
7213,1,-2,-2
7214,1,-2,-2
7215,0,-2,-2
7216,0,-1,-1
7217,1,-2,-2
7218,1,-2,-2
7219,0,-2,-2
7220,1,-1,-1
7221,0,-1,-1
7222,0,-2,-2
7223,0,-2,-2
7224,0,-2,-2
7225,1,-2,-2
7226,0,-2,-2
7227,0,-1,-1
7228,1,-2,-2
7229,0,-2,-2
7230,0,-2,-2
7231,1,-1,-1
7232,0,-2,-2
7233,0,-1,-1
7234,0,-2,-2
7235,0,-1,-1
7236,1,-1,-1
7237,0,-1,-1
7238,0,-2,-2
7239,1,-1,-1
7240,1,-2,-2
7241,0,-1,-1
7242,0,-2,-2
7243,0,-2,-2
7244,0,-2,-2
7245,0,-2,-2
7246,0,-2,-2
7247,1,-2,-2
7248,0,-2,-2
7249,0,-2,-2
7250,1,-2,-2
7251,0,-2,-2
7252,1,-2,-2
7253,1,-1,-1
7254,1,-2,-2
7255,1,-2,-2
7256,1,-2,-2
7257,1,-2,-2
7258,0,-2,-2
7259,1,-2,-2
7260,1,-2,-2
7261,0,-2,-2
7262,0,-2,-2
7263,0,-2,-2
7264,1,-2,-2
7265,0,-2,-2
7266,0,-2,-2
7267,0,-1,-1
7268,0,-2,-2
7269,1,-2,-2
7270,0,-2,-2
7271,1,-2,-2
7272,1,-2,-2
7273,0,-2,-2
7274,1,-2,-2
7275,1,-2,-2
7276,0,-2,-2
7277,1,-2,-2
7278,0,-2,-2
7279,1,-1,-1
7280,1,-2,-2
7281,0,-1,-1
7282,0,-2,-2
7283,1,-1,-1
7284,0,-2,-2
7285,1,-2,-2
7286,0,-2,-2
7287,1,-2,-2
7288,0,-2,-2
7289,0,-2,-2
7290,1,-2,-2
7291,1,-2,-2
7292,1,-1,-1
7293,1,-2,-2
7294,0,-1,-1
7295,1,-2,-2
7296,1,-2,-2
7297,0,-2,-2
7298,0,-2,-2
7299,0,-2,-2
7300,0,-2,-2
7301,0,-2,-2
7302,1,-2,-2
7303,1,-2,-2
7304,0,-1,-1
7305,0,-1,-1
7306,1,-2,-2
7307,0,-2,-2
7308,0,-2,-2
7309,1,-2,-2
7310,1,-2,-2
7311,0,-1,-1
7312,0,-2,-2
7313,1,-2,-2
7314,1,-2,-2
7315,0,-2,-2
7316,0,-2,-2
7317,0,-1,-1
7318,1,-1,-1
7319,1,-2,-2
7320,0,-2,-2
7321,0,-2,-2
7322,0,-2,-2
7323,0,-1,-1
7324,0,-2,-2
7325,1,-2,-2
7326,0,-2,-2
7327,0,-2,-2
7328,0,-2,-2
7329,0,-2,-2
7330,1,-2,-2
7331,1,-1,-1
7332,1,-2,-2
7333,0,-1,-1
7334,0,-2,-2
7335,1,-2,-2
7336,1,-2,-2
7337,1,-2,-2
7338,0,-1,-1
7339,0,-2,-2
7340,1,-2,-2
7341,0,-2,-2
7342,0,-2,-2
7343,1,-1,-1
7344,0,-2,-2
7345,1,-2,-2
7346,1,-2,-2
7347,0,-2,-2
7348,0,-2,-2
7349,1,-2,-2
7350,0,-2,-2
7351,1,-1,-1
7352,0,-2,-2
7353,1,-2,-2
7354,1,-1,-1
7355,0,-2,-2
7356,1,-2,-2
7357,0,-1,-1
7358,0,-2,-2
7359,1,-2,-2
7360,0,-2,-2
7361,1,-2,-2
7362,1,-2,-2
7363,1,-2,-2
7364,0,-2,-2
7365,0,-2,-2
7366,1,-2,-2
7367,0,-2,-2
7368,0,-1,-1
7369,0,-2,-2
7370,1,-2,-2
7371,0,-2,-2
7372,0,-2,-2
7373,0,-2,-2
7374,1,-1,-1
7375,0,-2,-2
7376,1,-2,-2
7377,1,-2,-2
7378,0,-2,-2
7379,0,-2,-2
7380,0,-2,-2
7381,1,-2,-2
7382,1,-2,-2
7383,1,-2,-2
7384,0,-2,-2
7385,1,-2,-2
7386,1,-2,-2
7387,1,-2,-2
7388,0,-2,-2
7389,1,-2,-2
7390,0,-2,-2
7391,0,-2,-2
7392,0,-2,-2
7393,0,-2,-2
7394,0,-2,-2
7395,1,-2,-2
7396,1,-2,-2
7397,1,-2,-2
7398,0,-1,-1
7399,0,-2,-2
7400,0,-1,-1
7401,1,-2,-2
7402,0,-2,-2
7403,0,-2,-2
7404,0,-2,-2
7405,1,-2,-2
7406,1,-1,-1
7407,1,-2,-2
7408,0,-2,-2
7409,0,-2,-2
7410,1,-2,-2
7411,1,-2,-2
7412,0,-2,-2
7413,1,-2,-2
7414,0,-2,-2
7415,1,-2,-2
7416,1,-2,-2
7417,1,-2,-2
7418,1,-2,-2
7419,1,-1,-1
7420,0,-2,-2
7421,0,-2,-2
7422,0,-1,-1
7423,0,-2,-2
7424,1,-2,-2
7425,0,-1,-1
7426,1,-2,-2
7427,0,-2,-2
7428,1,-2,-2
7429,1,-2,-2
7430,1,-2,-2
7431,1,-2,-2
7432,0,-1,-1
7433,0,-2,-2
7434,1,-1,-1
7435,0,-2,-2
7436,0,-1,-1
7437,1,-1,-1
7438,0,-2,-2
7439,1,-2,-2
7440,1,-1,-1
7441,0,-1,-1
7442,0,-1,-1
7443,0,-2,-2
7444,0,-1,-1
7445,1,-2,-2
7446,0,-2,-2
7447,0,-2,-2
7448,1,-2,-2
7449,1,-1,-1
7450,1,-1,-1
7451,0,-2,-2
7452,1,-2,-2
7453,1,-2,-2
7454,0,-2,-2
7455,0,-2,-2
7456,1,-1,-1
7457,1,-1,-1
7458,1,-2,-2
7459,0,-2,-2
7460,1,-2,-2
7461,1,-2,-2
7462,0,-2,-2
7463,0,-2,-2
7464,0,-2,-2
7465,0,-2,-2
7466,1,-2,-2
7467,0,-2,-2
7468,0,-2,-2
7469,0,-2,-2
7470,0,-2,-2
7471,1,-2,-2
7472,1,-2,-2
7473,1,-2,-2
7474,0,-1,-1
7475,1,-2,-2
7476,0,-2,-2
7477,0,-2,-2
7478,1,-2,-2
7479,1,-2,-2
7480,1,-2,-2
7481,1,-2,-2
7482,1,-1,-1
7483,0,-2,-2
7484,1,-2,-2
7485,0,-2,-2
7486,0,-2,-2
7487,0,-2,-2
7488,1,-1,-1
7489,1,-2,-2
7490,1,-1,-1
7491,0,-2,-2
7492,0,-1,-1
7493,1,-2,-2
7494,0,-2,-2
7495,1,-2,-2
7496,1,-2,-2
7497,1,-2,-2
7498,0,-2,-2
7499,0,-2,-2
7500,1,-2,-2
7501,1,-2,-2
7502,0,-2,-2
7503,0,-2,-2
7504,0,-2,-2
7505,1,-1,-1
7506,1,-1,-1
7507,0,-2,-2
7508,0,-1,-1
7509,0,-2,-2
7510,0,-1,-1
7511,1,-2,-2
7512,0,-1,-1
7513,1,-2,-2
7514,1,-2,-2
7515,0,-2,-2
7516,0,-2,-2
7517,0,-2,-2
7518,0,-2,-2
7519,0,-2,-2
7520,0,-1,-1
7521,1,-1,-1
7522,0,-2,-2
7523,1,-2,-2
7524,1,-1,-1
7525,0,-1,-1
7526,0,-2,-2
7527,1,-2,-2
7528,1,-2,-2
7529,1,-2,-2
7530,1,-2,-2
7531,1,-1,-1
7532,1,-2,-2
7533,1,-2,-2
7534,0,-1,-1
7535,1,-2,-2
7536,1,-2,-2
7537,0,-2,-2
7538,1,-1,-1
7539,1,-2,-2
7540,1,-2,-2
7541,1,-2,-2
7542,0,-1,-1
7543,1,-2,-2
7544,0,-2,-2
7545,1,-2,-2
7546,1,-2,-2
7547,1,-2,-2
7548,0,-1,-1
7549,1,-2,-2
7550,0,-2,-2
7551,0,-2,-2
7552,1,-2,-2
7553,0,-1,-1
7554,0,-1,-1
7555,0,-1,-1
7556,0,-2,-2
7557,1,-2,-2
7558,0,-1,-1
7559,0,-2,-2
7560,0,-1,-1
7561,1,-2,-2
7562,0,-2,-2
7563,0,-2,-2
7564,1,-2,-2
7565,0,-1,-1
7566,0,-2,-2
7567,1,-2,-2
7568,0,-2,-2
7569,0,-2,-2
7570,1,-2,-2
7571,1,-2,-2
7572,0,-2,-2
7573,0,-2,-2
7574,0,-2,-2
7575,0,-1,-1
7576,0,-1,-1
7577,1,-2,-2
7578,0,-1,-1
7579,0,-1,-1
7580,1,-2,-2
7581,0,-2,-2
7582,0,-2,-2
7583,1,-1,-1
7584,1,-2,-2
7585,0,-2,-2
7586,0,-2,-2
7587,0,-2,-2
7588,0,-2,-2
7589,0,-1,-1
7590,1,-2,-2
7591,0,-1,-1
7592,0,-1,-1
7593,1,-2,-2
7594,1,-1,-1
7595,0,-1,-1
7596,0,-2,-2
7597,1,-1,-1
7598,1,-2,-2
7599,0,-1,-1
7600,0,-2,-2
7601,1,-2,-2
7602,1,-2,-2
7603,1,-1,-1
7604,0,-2,-2
7605,1,-1,-1
7606,0,-2,-2
7607,0,-2,-2
7608,1,-2,-2
7609,0,-2,-2
7610,1,-2,-2
7611,0,-2,-2
7612,1,-2,-2
7613,0,-2,-2
7614,0,-2,-2
7615,1,-2,-2
7616,1,-2,-2
7617,0,-2,-2
7618,1,-2,-2
7619,0,-2,-2
7620,0,-2,-2
7621,1,-2,-2
7622,0,-1,-1
7623,1,-2,-2
7624,0,-1,-1
7625,0,-2,-2
7626,0,-2,-2
7627,0,-2,-2
7628,0,-2,-2
7629,1,-2,-2
7630,0,-1,-1
7631,0,-1,-1
7632,0,-2,-2
7633,1,-2,-2
7634,1,-2,-2
7635,0,-2,-2
7636,1,-2,-2
7637,0,-2,-2
7638,0,-2,-2
7639,0,-2,-2
7640,0,-2,-2
7641,0,-1,-1
7642,0,-2,-2
7643,1,-2,-2
7644,1,-2,-2
7645,1,-2,-2
7646,0,-2,-2
7647,0,-2,-2
7648,1,-2,-2
7649,0,-2,-2
7650,0,-2,-2
7651,1,-2,-2
7652,0,-2,-2
7653,1,-2,-2
7654,1,-2,-2
7655,1,-2,-2
7656,1,-2,-2
7657,1,-2,-2
7658,0,-2,-2
7659,0,-2,-2
7660,1,-2,-2
7661,0,-2,-2
7662,1,-2,-2
7663,1,-2,-2
7664,0,-2,-2
7665,1,-2,-2
7666,1,-2,-2
7667,0,-2,-2
7668,0,-2,-2
7669,0,-1,-1
7670,1,-2,-2
7671,0,-2,-2
7672,1,-2,-2
7673,1,-2,-2
7674,1,-2,-2
7675,0,-2,-2
7676,1,-2,-2
7677,0,-2,-2
7678,1,-2,-2
7679,0,-2,-2
7680,0,-2,-2
7681,1,-1,-1
7682,0,-2,-2
7683,1,-2,-2
7684,0,-2,-2
7685,0,-1,-1
7686,0,-2,-2
7687,0,-2,-2
7688,1,-2,-2
7689,0,-2,-2
7690,0,-2,-2
7691,1,-2,-2
7692,1,-2,-2
7693,1,-1,-1
7694,0,-1,-1
7695,1,-2,-2
7696,1,-2,-2
7697,1,-2,-2
7698,1,-2,-2
7699,0,-2,-2
7700,0,-2,-2
7701,0,-2,-2
7702,1,-1,-1
7703,0,-2,-2
7704,1,-2,-2
7705,0,-2,-2
7706,1,-1,-1
7707,1,-2,-2
7708,0,-2,-2
7709,0,-2,-2
7710,0,-2,-2
7711,0,-1,-1
7712,1,-2,-2
7713,1,-1,-1
7714,0,-2,-2
7715,1,-2,-2
7716,0,-2,-2
7717,1,-2,-2
7718,1,-2,-2
7719,1,-1,-1
7720,0,-2,-2
7721,0,-2,-2
7722,0,-2,-2
7723,1,-2,-2
7724,0,-2,-2
7725,0,-1,-1
7726,0,-1,-1
7727,0,-2,-2
7728,0,-2,-2
7729,1,-2,-2
7730,1,-1,-1
7731,0,-2,-2
7732,1,-1,-1
7733,0,-2,-2
7734,1,-2,-2
7735,0,-2,-2
7736,1,-2,-2
7737,0,-2,-2
7738,1,-2,-2
7739,1,-2,-2
7740,1,-2,-2
7741,0,-2,-2
7742,0,-2,-2
7743,0,-2,-2
7744,0,-1,-1
7745,0,-2,-2
7746,1,-2,-2
7747,0,-2,-2
7748,0,-2,-2
7749,0,-1,-1
7750,1,-1,-1
7751,1,-1,-1
7752,0,-2,-2
7753,1,-1,-1
7754,0,-2,-2
7755,0,-2,-2
7756,0,-1,-1
7757,1,-2,-2
7758,0,-2,-2
7759,0,-2,-2
7760,0,-2,-2
7761,1,-2,-2
7762,0,-2,-2
7763,1,-1,-1
7764,1,-2,-2
7765,1,-1,-1
7766,0,-1,-1
7767,0,-2,-2
7768,1,-2,-2
7769,0,-2,-2
7770,1,-2,-2
7771,1,-2,-2
7772,0,-2,-2
7773,1,-2,-2
7774,0,-2,-2
7775,0,-2,-2
7776,1,-2,-2
7777,1,-2,-2
7778,1,-2,-2
7779,1,-2,-2
7780,0,-2,-2
7781,0,-1,-1
7782,1,-2,-2
7783,0,-2,-2
7784,1,-2,-2
7785,1,-2,-2
7786,0,-2,-2
7787,0,-2,-2
7788,0,-1,-1
7789,1,-2,-2
7790,0,-1,-1
7791,1,-2,-2
7792,1,-2,-2
7793,1,-2,-2
7794,0,-2,-2
7795,1,-2,-2
7796,1,-1,-1
7797,0,-1,-1
7798,0,-2,-2
7799,1,-1,-1
7800,0,-2,-2
7801,1,-2,-2
7802,1,-2,-2
7803,0,-1,-1
7804,1,-2,-2
7805,1,-2,-2
7806,1,-2,-2
7807,0,-2,-2
7808,0,-2,-2
7809,1,-2,-2
7810,0,-2,-2
7811,1,-2,-2
7812,0,-2,-2
7813,0,-2,-2
7814,1,-2,-2
7815,0,-2,-2
7816,0,-2,-2
7817,1,-2,-2
7818,1,-2,-2
7819,1,-2,-2
7820,0,-1,-1
7821,1,-2,-2
7822,0,-2,-2
7823,1,-2,-2
7824,0,-2,-2
7825,1,-1,-1
7826,1,-2,-2
7827,0,-1,-1
7828,0,-2,-2
7829,0,-2,-2
7830,1,-2,-2
7831,1,-2,-2
7832,0,-2,-2
7833,1,-2,-2
7834,0,-2,-2
7835,1,-2,-2
7836,1,-2,-2
7837,1,-2,-2
7838,0,-2,-2
7839,1,-2,-2
7840,0,-2,-2
7841,0,-2,-2
7842,0,-2,-2
7843,1,-2,-2
7844,1,-1,-1
7845,1,-2,-2
7846,1,-2,-2
7847,0,-2,-2
7848,1,-2,-2
7849,0,-2,-2
7850,1,-2,-2
7851,1,-2,-2
7852,1,-2,-2
7853,1,-2,-2
7854,0,-2,-2
7855,1,-1,-1
7856,1,-2,-2
7857,1,-2,-2
7858,1,-2,-2
7859,1,-2,-2
7860,0,-2,-2
7861,1,-1,-1
7862,0,-1,-1
7863,0,-1,-1
7864,1,-2,-2
7865,1,-1,-1
7866,1,-2,-2
7867,1,-2,-2
7868,1,-2,-2
7869,0,-2,-2
7870,0,-2,-2
7871,0,-2,-2
7872,1,-2,-2
7873,0,-1,-1
7874,1,-2,-2
7875,0,-1,-1
7876,0,-2,-2
7877,0,-2,-2
7878,0,-2,-2
7879,1,-2,-2
7880,0,-1,-1
7881,1,-2,-2
7882,0,-1,-1
7883,0,-2,-2
7884,1,-2,-2
7885,0,-1,-1
7886,0,-2,-2
7887,1,-1,-1
7888,0,-2,-2
7889,0,-2,-2
7890,0,-2,-2
7891,0,-2,-2
7892,1,-2,-2
7893,0,-2,-2
7894,0,-2,-2
7895,1,-2,-2
7896,0,-2,-2
7897,1,-2,-2
7898,1,-2,-2
7899,0,-2,-2
7900,1,-2,-2
7901,0,-1,-1
7902,0,-2,-2
7903,0,-2,-2
7904,1,-2,-2
7905,1,-1,-1
7906,1,-2,-2
7907,1,-2,-2
7908,1,-1,-1
7909,0,-2,-2
7910,0,-2,-2
7911,0,-2,-2
7912,1,-2,-2
7913,0,-2,-2
7914,1,-2,-2
7915,0,-2,-2
7916,1,-2,-2
7917,0,-2,-2
7918,0,-2,-2
7919,0,-1,-1
7920,0,-2,-2
7921,0,-2,-2
7922,1,-2,-2
7923,0,-2,-2
7924,1,-2,-2
7925,0,-2,-2
7926,1,-2,-2
7927,1,-1,-1
7928,0,-2,-2
7929,1,-2,-2
7930,0,-2,-2
7931,1,-2,-2
7932,0,-2,-2
7933,1,-2,-2
7934,0,-2,-2
7935,0,-2,-2
7936,0,-2,-2
7937,1,-2,-2
7938,0,-1,-1
7939,0,-2,-2
7940,1,-2,-2
7941,0,-2,-2
7942,0,-2,-2
7943,1,-2,-2
7944,1,-2,-2
7945,1,-2,-2
7946,0,-1,-1
7947,1,-2,-2
7948,0,-1,-1
7949,1,-2,-2
7950,0,-2,-2
7951,0,-1,-1
7952,1,-2,-2
7953,0,-2,-2
7954,0,-2,-2
7955,1,-2,-2
7956,1,-2,-2
7957,0,-2,-2
7958,0,-1,-1
7959,1,-2,-2
7960,1,-1,-1
7961,1,-2,-2
7962,0,-1,-1
7963,0,-2,-2
7964,0,-2,-2
7965,1,-2,-2
7966,1,-1,-1
7967,1,-2,-2
7968,1,-2,-2
7969,1,-2,-2
7970,0,-2,-2
7971,0,-2,-2
7972,1,-2,-2
7973,0,-2,-2
7974,0,-2,-2
7975,0,-2,-2
7976,1,-2,-2
7977,0,-2,-2
7978,1,-2,-2
7979,1,-2,-2
7980,1,-2,-2
7981,0,-1,-1
7982,1,-2,-2
7983,0,-2,-2
7984,0,-2,-2
7985,0,-2,-2
7986,1,-1,-1
7987,1,-2,-2
7988,1,-2,-2
7989,0,-2,-2
7990,1,-2,-2
7991,0,-1,-1
7992,0,-2,-2
7993,0,-2,-2
7994,1,-1,-1
7995,0,-2,-2
7996,1,-2,-2
7997,0,-2,-2
7998,1,-2,-2
7999,1,-2,-2
8000,0,-1,-1
8001,0,-2,-2
8002,0,-2,-2
8003,0,-2,-2
8004,1,-2,-2
8005,0,-1,-1
8006,0,-2,-2
8007,1,-2,-2
8008,1,-2,-2
8009,1,-2,-2
8010,1,-1,-1
8011,1,-1,-1
8012,0,-1,-1
8013,0,-2,-2
8014,1,-2,-2
8015,0,-2,-2
8016,1,-2,-2
8017,1,-1,-1
8018,1,-1,-1
8019,0,-2,-2
8020,0,-2,-2
8021,1,-2,-2
8022,1,-1,-1
8023,0,-2,-2
8024,0,-2,-2
8025,0,-2,-2
8026,1,-2,-2
8027,1,-2,-2
8028,0,-2,-2
8029,0,-2,-2
8030,0,-2,-2
8031,1,-2,-2
8032,1,-1,-1
8033,1,-2,-2
8034,0,-2,-2
8035,1,-1,-1
8036,1,-1,-1
8037,0,-2,-2
8038,1,-2,-2
8039,0,-2,-2
8040,0,-1,-1
8041,0,-2,-2
8042,1,-2,-2
8043,0,-2,-2
8044,0,-2,-2
8045,0,-2,-2
8046,0,-2,-2
8047,1,-2,-2
8048,1,-2,-2
8049,1,-2,-2
8050,1,-2,-2
8051,0,-1,-1
8052,0,-2,-2
8053,0,-1,-1
8054,0,-2,-2
8055,0,-2,-2
8056,0,-2,-2
8057,0,-2,-2
8058,0,-2,-2
8059,0,-2,-2
8060,1,-2,-2
8061,0,-2,-2
8062,1,-2,-2
8063,0,-2,-2
8064,1,-2,-2
8065,1,-1,-1
8066,0,-2,-2
8067,0,-2,-2
8068,0,-2,-2
8069,0,-2,-2
8070,0,-2,-2
8071,1,-2,-2
8072,1,-2,-2
8073,1,-2,-2
8074,0,-2,-2
8075,0,-2,-2
8076,0,-2,-2
8077,0,-2,-2
8078,0,-1,-1
8079,1,-2,-2
8080,0,-2,-2
8081,1,-2,-2
8082,1,-2,-2
8083,0,-1,-1
8084,0,-2,-2
8085,1,-2,-2
8086,1,-1,-1
8087,0,-2,-2
8088,0,-1,-1
8089,0,-2,-2
8090,0,-2,-2
8091,1,-2,-2
8092,0,-2,-2
8093,1,-2,-2
8094,1,-2,-2
8095,0,-2,-2
8096,1,-1,-1
8097,0,-2,-2
8098,0,-2,-2
8099,1,-2,-2
8100,1,-1,-1
8101,0,-2,-2
8102,1,-2,-2
8103,1,-1,-1
8104,0,-2,-2
8105,0,-2,-2
8106,0,-2,-2
8107,0,-2,-2
8108,1,-2,-2
8109,1,-2,-2
8110,1,-2,-2
8111,1,-1,-1
8112,0,-2,-2
8113,0,-2,-2
8114,1,-1,-1
8115,0,-2,-2
8116,0,-1,-1
8117,0,-1,-1
8118,1,-1,-1
8119,1,-2,-2
8120,0,-2,-2
8121,0,-2,-2
8122,1,-2,-2
8123,0,-2,-2
8124,1,-2,-2
8125,0,-1,-1
8126,0,-1,-1
8127,1,-2,-2
8128,0,-1,-1
8129,1,-2,-2
8130,0,-2,-2
8131,0,-1,-1
8132,1,-2,-2
8133,0,-1,-1
8134,1,-2,-2
8135,1,-2,-2
8136,0,-2,-2
8137,1,-2,-2
8138,0,-2,-2
8139,0,-2,-2
8140,1,-2,-2
8141,1,-2,-2
8142,1,-2,-2
8143,1,-2,-2
8144,1,-1,-1
8145,1,-2,-2
8146,1,-2,-2
8147,0,-1,-1
8148,1,-2,-2
8149,1,-2,-2
8150,0,-2,-2
8151,0,-2,-2
8152,0,-2,-2
8153,0,-2,-2
8154,0,-1,-1
8155,1,-2,-2
8156,1,-2,-2
8157,1,-2,-2
8158,1,-1,-1
8159,1,-2,-2
8160,0,-2,-2
8161,0,-2,-2
8162,1,-2,-2
8163,0,-2,-2
8164,1,-2,-2
8165,1,-1,-1
8166,0,-2,-2
8167,0,-2,-2
8168,1,-2,-2
8169,0,-2,-2
8170,1,-2,-2
8171,1,-1,-1
8172,0,-2,-2
8173,0,-1,-1
8174,1,-1,-1
8175,1,-2,-2
8176,1,-2,-2
8177,1,-1,-1
8178,0,-2,-2
8179,0,-2,-2
8180,0,-1,-1
8181,0,-2,-2
8182,1,-2,-2
8183,1,-2,-2
8184,0,-1,-1
8185,0,-2,-2
8186,0,-2,-2
8187,1,-2,-2
8188,0,-2,-2
8189,0,-1,-1
8190,1,-2,-2
8191,1,-2,-2
8192,1,-1,-1
8193,0,-2,-2
8194,0,-1,-1
8195,1,-2,-2
8196,1,-2,-2
8197,1,-2,-2
8198,1,-2,-2
8199,1,-2,-2
8200,1,-1,-1
8201,1,-2,-2
8202,0,-2,-2
8203,0,-2,-2
8204,1,-2,-2
8205,1,-2,-2
8206,0,-1,-1
8207,1,-2,-2
8208,0,-2,-2
8209,1,-2,-2
8210,1,-2,-2
8211,0,-2,-2
8212,1,-1,-1
8213,0,-1,-1
8214,0,-2,-2
8215,1,-2,-2
8216,0,-2,-2
8217,0,-2,-2
8218,1,-2,-2
8219,0,-2,-2
8220,0,-2,-2
8221,1,-2,-2
8222,0,-1,-1
8223,1,-2,-2
8224,0,-2,-2
8225,0,-1,-1
8226,1,-2,-2
8227,1,-2,-2
8228,0,-2,-2
8229,0,-2,-2
8230,0,-2,-2
8231,1,-2,-2
8232,0,-2,-2
8233,1,-2,-2
8234,0,-1,-1
8235,1,-2,-2
8236,1,-2,-2
8237,0,-2,-2
8238,0,-2,-2
8239,0,-1,-1
8240,1,-2,-2
8241,1,-2,-2
8242,1,-2,-2
8243,0,-2,-2
8244,1,-2,-2
8245,1,-2,-2
8246,1,-2,-2
8247,1,-1,-1
8248,0,-1,-1
8249,1,-2,-2
8250,0,-2,-2
8251,0,-2,-2
8252,1,-2,-2
8253,1,-2,-2
8254,1,-2,-2
8255,1,-1,-1
8256,1,-1,-1
8257,1,-2,-2
8258,0,-2,-2
8259,1,-2,-2
8260,0,-2,-2
8261,0,-2,-2
8262,1,-1,-1
8263,0,-2,-2
8264,0,-2,-2
8265,0,-2,-2
8266,0,-2,-2
8267,1,-2,-2
8268,0,-2,-2
8269,0,-1,-1
8270,0,-1,-1
8271,0,-1,-1
8272,1,-2,-2
8273,0,-2,-2
8274,0,-1,-1
8275,1,-2,-2
8276,0,-2,-2
8277,1,-2,-2
8278,1,-2,-2
8279,1,-2,-2
8280,0,-1,-1
8281,1,-2,-2
8282,0,-2,-2
8283,1,-2,-2
8284,1,-1,-1
8285,1,-1,-1
8286,0,-1,-1
8287,1,-2,-2
8288,0,-2,-2
8289,1,-2,-2
8290,1,-2,-2
8291,1,-2,-2
8292,0,-2,-2
8293,0,-2,-2
8294,0,-2,-2
8295,1,-2,-2
8296,1,-2,-2
8297,1,-2,-2
8298,1,-2,-2
8299,1,-2,-2
8300,1,-2,-2
8301,1,-2,-2
8302,1,-2,-2
8303,0,-2,-2
8304,0,-2,-2
8305,1,-2,-2
8306,1,-2,-2
8307,1,-2,-2
8308,0,-1,-1
8309,1,-2,-2
8310,0,-2,-2
8311,0,-1,-1
8312,0,-1,-1
8313,1,-1,-1
8314,1,-2,-2
8315,0,-1,-1
8316,1,-2,-2
8317,0,-2,-2
8318,1,-2,-2
8319,0,-2,-2
8320,1,-2,-2
8321,0,-1,-1
8322,0,-2,-2
8323,0,-2,-2
8324,1,-2,-2
8325,0,-2,-2
8326,0,-2,-2
8327,1,-2,-2
8328,1,-2,-2
8329,1,-2,-2
8330,0,-2,-2
8331,1,-2,-2
8332,1,-1,-1
8333,1,-2,-2
8334,0,-2,-2
8335,1,-1,-1
8336,1,-2,-2
8337,1,-2,-2
8338,0,-2,-2
8339,0,-2,-2
8340,0,-2,-2
8341,1,-1,-1
8342,0,-2,-2
8343,0,-2,-2
8344,1,-2,-2
8345,1,-2,-2
8346,1,-2,-2
8347,1,-1,-1
8348,0,-2,-2
8349,1,-2,-2
8350,1,-2,-2
8351,0,-2,-2
8352,0,-1,-1
8353,0,-2,-2
8354,1,-1,-1
8355,1,-2,-2
8356,1,-2,-2
8357,0,-2,-2
8358,0,-2,-2
8359,0,-2,-2
8360,0,-2,-2
8361,1,-2,-2
8362,1,-2,-2
8363,0,-2,-2
8364,1,-2,-2
8365,0,-2,-2
8366,0,-2,-2
8367,1,-2,-2
8368,1,-1,-1
8369,0,-2,-2
8370,1,-2,-2
8371,1,-1,-1
8372,0,-2,-2
8373,1,-2,-2
8374,1,-2,-2
8375,0,-1,-1
8376,0,-2,-2
8377,1,-2,-2
8378,0,-2,-2
8379,1,-2,-2
8380,1,-2,-2
8381,0,-1,-1
8382,0,-2,-2
8383,0,-2,-2
8384,1,-2,-2
8385,0,-2,-2
8386,1,-2,-2
8387,0,-2,-2
8388,1,-2,-2
8389,1,-2,-2
8390,0,-2,-2
8391,1,-2,-2
8392,1,-2,-2
8393,1,-2,-2
8394,0,-2,-2
8395,1,-2,-2
8396,1,-2,-2
8397,0,-1,-1
8398,0,-1,-1
8399,1,-2,-2
8400,1,-2,-2
8401,1,-2,-2
8402,1,-2,-2
8403,0,-2,-2
8404,0,-2,-2
8405,1,-2,-2
8406,1,-2,-2
8407,1,-2,-2
8408,1,-2,-2
8409,0,-2,-2
8410,0,-2,-2
8411,1,-2,-2
8412,0,-2,-2
8413,1,-2,-2
8414,0,-2,-2
8415,0,-2,-2
8416,1,-2,-2
8417,1,-2,-2
8418,1,-2,-2
8419,0,-2,-2
8420,0,-1,-1
8421,0,-2,-2
8422,1,-1,-1
8423,1,-2,-2
8424,0,-2,-2
8425,0,-1,-1
8426,1,-1,-1
8427,1,-2,-2
8428,0,-2,-2
8429,0,-1,-1
8430,0,-2,-2
8431,0,-2,-2
8432,0,-1,-1
8433,1,-2,-2
8434,0,-2,-2
8435,0,-2,-2
8436,1,-2,-2
8437,1,-2,-2
8438,0,-2,-2
8439,0,-2,-2
8440,1,-2,-2
8441,0,-2,-2
8442,1,-2,-2
8443,1,-2,-2
8444,0,-1,-1
8445,1,-1,-1
8446,0,-2,-2
8447,1,-2,-2
8448,1,-2,-2
8449,0,-2,-2
8450,1,-1,-1
8451,0,-2,-2
8452,0,-2,-2
8453,1,-2,-2
8454,0,-1,-1
8455,1,-2,-2
8456,0,-2,-2
8457,0,-2,-2
8458,1,-2,-2
8459,1,-2,-2
8460,1,-2,-2
8461,1,-2,-2
8462,1,-2,-2
8463,0,-2,-2
8464,0,-2,-2
8465,0,-1,-1
8466,0,-2,-2
8467,1,-2,-2
8468,1,-2,-2
8469,0,-2,-2
8470,1,-2,-2
8471,0,-2,-2
8472,0,-1,-1
8473,0,-2,-2
8474,0,-2,-2
8475,0,-2,-2
8476,0,-1,-1
8477,0,-2,-2
8478,0,-2,-2
8479,0,-1,-1
8480,1,-1,-1
8481,1,-2,-2
8482,0,-2,-2
8483,0,-2,-2
8484,0,-2,-2
8485,1,-1,-1
8486,1,-1,-1
8487,0,-1,-1
8488,1,-1,-1
8489,1,-2,-2
8490,1,-1,-1
8491,1,-2,-2
8492,0,-2,-2
8493,1,-2,-2
8494,1,-2,-2
8495,1,-2,-2
8496,1,-2,-2
8497,1,-2,-2
8498,0,-2,-2
8499,0,-2,-2
8500,0,-1,-1
8501,1,-2,-2
8502,0,-1,-1
8503,0,-2,-2
8504,1,-2,-2
8505,1,-2,-2
8506,1,-2,-2
8507,1,-1,-1
8508,0,-2,-2
8509,1,-2,-2
8510,1,-2,-2
8511,1,-2,-2
8512,1,-1,-1
8513,1,-2,-2
8514,1,-2,-2
8515,1,-2,-2
8516,0,-2,-2
8517,1,-2,-2
8518,1,-2,-2
8519,1,-2,-2
8520,0,-2,-2
8521,1,-2,-2
8522,1,-2,-2
8523,1,-2,-2
8524,1,-1,-1
8525,1,-2,-2
8526,0,-2,-2
8527,0,-2,-2
8528,0,-2,-2
8529,0,-2,-2
8530,1,-1,-1
8531,1,-2,-2
8532,1,-2,-2
8533,1,-2,-2
8534,1,-2,-2
8535,1,-1,-1
8536,0,-2,-2
8537,0,-2,-2
8538,1,-2,-2
8539,0,-2,-2
8540,0,-2,-2
8541,0,-2,-2
8542,1,-2,-2
8543,1,-2,-2
8544,1,-2,-2
8545,1,-2,-2
8546,1,-2,-2
8547,0,-1,-1
8548,1,-2,-2
8549,0,-2,-2
8550,0,-1,-1
8551,1,-2,-2
8552,1,-1,-1
8553,0,-2,-2
8554,0,-2,-2
8555,1,-2,-2
8556,0,-2,-2
8557,1,-1,-1
8558,0,-2,-2
8559,1,-1,-1
8560,1,-2,-2
8561,1,-2,-2
8562,1,-1,-1
8563,0,-1,-1
8564,1,-2,-2
8565,0,-2,-2
8566,0,-1,-1
8567,1,-1,-1
8568,1,-1,-1
8569,0,-1,-1
8570,0,-2,-2
8571,0,-1,-1
8572,1,-2,-2
8573,0,-2,-2
8574,0,-2,-2
8575,0,-2,-2
8576,1,-2,-2
8577,0,-2,-2
8578,1,-2,-2
8579,0,-2,-2
8580,1,-2,-2
8581,1,-2,-2
8582,1,-2,-2
8583,1,-2,-2
8584,0,-2,-2
8585,1,-2,-2
8586,1,-2,-2
8587,0,-2,-2
8588,0,-2,-2
8589,0,-2,-2
8590,1,-2,-2
8591,1,-2,-2
8592,1,-1,-1
8593,1,-2,-2
8594,1,-2,-2
8595,1,-2,-2
8596,1,-2,-2
8597,0,-2,-2
8598,0,-1,-1
8599,0,-1,-1
8600,1,-1,-1
8601,0,-2,-2
8602,0,-2,-2
8603,0,-1,-1
8604,0,-2,-2
8605,1,-2,-2
8606,0,-1,-1
8607,0,-2,-2
8608,0,-1,-1
8609,0,-1,-1
8610,1,-2,-2
8611,0,-2,-2
8612,0,-2,-2
8613,0,-2,-2
8614,1,-2,-2
8615,0,-1,-1
8616,0,-2,-2
8617,1,-2,-2
8618,1,-2,-2
8619,1,-1,-1
8620,0,-2,-2
8621,0,-1,-1
8622,1,-2,-2
8623,0,-2,-2
8624,0,-2,-2
8625,0,-1,-1
8626,1,-2,-2
8627,1,-2,-2
8628,0,-2,-2
8629,1,-2,-2
8630,0,-2,-2
8631,1,-2,-2
8632,1,-2,-2
8633,1,-2,-2
8634,0,-2,-2
8635,0,-2,-2
8636,1,-2,-2
8637,1,-1,-1
8638,1,-1,-1
8639,0,-2,-2
8640,1,-2,-2
8641,0,-2,-2
8642,0,-2,-2
8643,1,-1,-1
8644,0,-1,-1
8645,1,-2,-2
8646,0,-2,-2
8647,0,-2,-2
8648,0,-2,-2
8649,1,-2,-2
8650,0,-2,-2
8651,0,-1,-1
8652,0,-2,-2
8653,1,-2,-2
8654,1,-2,-2
8655,1,-2,-2
8656,0,-2,-2
8657,0,-2,-2
8658,0,-1,-1
8659,1,-2,-2
8660,1,-1,-1
8661,1,-1,-1
8662,0,-1,-1
8663,1,-2,-2
8664,0,-2,-2
8665,0,-2,-2
8666,0,-1,-1
8667,0,-1,-1
8668,0,-1,-1
8669,1,-2,-2
8670,0,-2,-2
8671,1,-2,-2
8672,1,-2,-2
8673,1,-2,-2
8674,0,-1,-1
8675,0,-2,-2
8676,1,-2,-2
8677,0,-1,-1
8678,0,-2,-2
8679,0,-2,-2
8680,0,-1,-1
8681,0,-2,-2
8682,1,-2,-2
8683,1,-2,-2
8684,1,-1,-1
8685,0,-2,-2
8686,0,-2,-2
8687,0,-2,-2
8688,1,-2,-2
8689,1,-2,-2
8690,1,-2,-2
8691,0,-2,-2
8692,1,-2,-2
8693,0,-2,-2
8694,1,-2,-2
8695,1,-1,-1
8696,1,-2,-2
8697,1,-2,-2
8698,1,-2,-2
8699,1,-2,-2
8700,1,-2,-2
8701,0,-2,-2
8702,1,-2,-2
8703,0,-2,-2
8704,1,-2,-2
8705,1,-2,-2
8706,1,-2,-2
8707,0,-2,-2
8708,0,-1,-1
8709,0,-1,-1
8710,1,-2,-2
8711,0,-2,-2
8712,1,-2,-2
8713,1,-2,-2
8714,0,-2,-2
8715,1,-1,-1
8716,0,-2,-2
8717,1,-2,-2
8718,1,-2,-2
8719,1,-2,-2
8720,0,-1,-1
8721,0,-2,-2
8722,0,-2,-2
8723,1,-2,-2
8724,1,-1,-1
8725,1,-2,-2
8726,1,-1,-1
8727,0,-2,-2
8728,0,-2,-2
8729,0,-2,-2
8730,0,-1,-1
8731,0,-2,-2
8732,0,-2,-2
8733,1,-2,-2
8734,1,-2,-2
8735,1,-2,-2
8736,0,-2,-2
8737,1,-1,-1
8738,1,-2,-2
8739,0,-1,-1
8740,1,-2,-2
8741,1,-1,-1
8742,1,-2,-2
8743,1,-2,-2
8744,1,-2,-2
8745,1,-1,-1
8746,1,-2,-2
8747,0,-2,-2
8748,0,-2,-2
8749,1,-2,-2
8750,0,-2,-2
8751,0,-2,-2
8752,1,-2,-2
8753,0,-2,-2
8754,1,-2,-2
8755,0,-1,-1
8756,0,-2,-2
8757,1,-2,-2
8758,0,-2,-2
8759,1,-2,-2
8760,0,-2,-2
8761,0,-1,-1
8762,0,-1,-1
8763,0,-2,-2
8764,0,-2,-2
8765,0,-2,-2
8766,0,-2,-2
8767,1,-2,-2
8768,0,-2,-2
8769,0,-2,-2
8770,1,-2,-2
8771,1,-2,-2
8772,1,-1,-1
8773,1,-2,-2
8774,0,-1,-1
8775,1,-1,-1
8776,1,-2,-2
8777,1,-2,-2
8778,1,-1,-1
8779,0,-2,-2
8780,1,-2,-2
8781,0,-2,-2
8782,1,-2,-2
8783,0,-2,-2
8784,0,-2,-2
8785,0,-2,-2
8786,0,-2,-2
8787,0,-1,-1
8788,0,-2,-2
8789,1,-2,-2
8790,1,-2,-2
8791,0,-2,-2
8792,1,-2,-2
8793,0,-2,-2
8794,1,-2,-2
8795,0,-2,-2
8796,1,-2,-2
8797,0,-2,-2
8798,1,-2,-2
8799,1,-1,-1
8800,0,-2,-2
8801,0,-2,-2
8802,1,-1,-1
8803,0,-2,-2
8804,1,-1,-1
8805,0,-2,-2
8806,0,-2,-2
8807,0,-2,-2
8808,0,-2,-2
8809,0,-2,-2
8810,0,-1,-1
8811,0,-2,-2
8812,0,-2,-2
8813,1,-2,-2
8814,0,-2,-2
8815,1,-2,-2
8816,0,-1,-1
8817,1,-2,-2
8818,0,-2,-2
8819,1,-1,-1
8820,1,-2,-2
8821,1,-2,-2
8822,1,-2,-2
8823,0,-1,-1
8824,0,-2,-2
8825,1,-2,-2
8826,0,-2,-2
8827,1,-1,-1
8828,1,-1,-1
8829,0,-2,-2
8830,0,-2,-2
8831,0,-2,-2
8832,0,-2,-2
8833,1,-1,-1
8834,1,-2,-2
8835,0,-2,-2
8836,0,-2,-2
8837,1,-2,-2
8838,1,-2,-2
8839,0,-2,-2
8840,1,-2,-2
8841,0,-1,-1
8842,0,-2,-2
8843,0,-1,-1
8844,0,-2,-2
8845,0,-2,-2
8846,0,-2,-2
8847,1,-1,-1
8848,0,-2,-2
8849,1,-1,-1
8850,1,-2,-2
8851,0,-2,-2
8852,1,-2,-2
8853,0,-2,-2
8854,0,-2,-2
8855,1,-1,-1
8856,1,-2,-2
8857,0,-2,-2
8858,0,-2,-2
8859,0,-2,-2
8860,0,-2,-2
8861,1,-2,-2
8862,0,-2,-2
8863,0,-2,-2
8864,1,-1,-1
8865,0,-2,-2
8866,1,-2,-2
8867,0,-2,-2
8868,1,-2,-2
8869,1,-2,-2
8870,0,-2,-2
8871,0,-2,-2
8872,0,-1,-1
8873,0,-2,-2
8874,1,-2,-2
8875,0,-2,-2
8876,0,-2,-2
8877,0,-2,-2
8878,0,-1,-1
8879,0,-1,-1
8880,0,-2,-2
8881,1,-1,-1
8882,1,-2,-2
8883,0,-1,-1
8884,0,-1,-1
8885,1,-2,-2
8886,0,-2,-2
8887,1,-2,-2
8888,0,-2,-2
8889,1,-2,-2
8890,0,-2,-2
8891,1,-2,-2
8892,0,-2,-2
8893,1,-2,-2
8894,0,-1,-1
8895,1,-2,-2
8896,1,-2,-2
8897,1,-1,-1
8898,1,-2,-2
8899,1,-2,-2
8900,1,-2,-2
8901,1,-2,-2
8902,1,-2,-2
8903,1,-2,-2
8904,1,-2,-2
8905,0,-1,-1
8906,0,-2,-2
8907,0,-2,-2
8908,1,-1,-1
8909,1,-2,-2
8910,1,-2,-2
8911,1,-1,-1
8912,1,-1,-1
8913,1,-2,-2
8914,0,-2,-2
8915,1,-2,-2
8916,1,-2,-2
8917,0,-2,-2
8918,1,-2,-2
8919,0,-2,-2
8920,1,-2,-2
8921,1,-2,-2
8922,0,-1,-1
8923,1,-2,-2
8924,0,-2,-2
8925,0,-2,-2
8926,0,-2,-2
8927,0,-2,-2
8928,1,-1,-1
8929,0,-2,-2
8930,0,-2,-2
8931,0,-1,-1
8932,0,-2,-2
8933,1,-2,-2
8934,1,-1,-1
8935,1,-2,-2
8936,1,-1,-1
8937,1,-1,-1
8938,1,-2,-2
8939,0,-2,-2
8940,1,-2,-2
8941,1,-1,-1
8942,0,-2,-2
8943,0,-2,-2
8944,0,-1,-1
8945,0,-2,-2
8946,0,-2,-2
8947,1,-2,-2
8948,1,-2,-2
8949,0,-1,-1
8950,1,-2,-2
8951,0,-2,-2
8952,0,-2,-2
8953,1,-2,-2
8954,1,-2,-2
8955,0,-1,-1
8956,0,-2,-2
8957,1,-2,-2
8958,0,-2,-2
8959,1,-2,-2
8960,0,-2,-2
8961,1,-2,-2
8962,1,-1,-1
8963,0,-1,-1
8964,0,-1,-1
8965,0,-1,-1
8966,0,-1,-1
8967,0,-2,-2
8968,1,-2,-2
8969,1,-2,-2
8970,0,-2,-2
8971,0,-2,-2
8972,1,-1,-1
8973,1,-1,-1
8974,1,-2,-2
8975,0,-1,-1
8976,1,-2,-2
8977,1,-1,-1
8978,0,-2,-2
8979,0,-1,-1
8980,0,-1,-1
8981,1,-2,-2
8982,1,-2,-2
8983,1,-2,-2
8984,1,-1,-1
8985,0,-1,-1
8986,1,-2,-2
8987,0,-2,-2
8988,0,-2,-2
8989,1,-1,-1
8990,0,-2,-2
8991,0,-2,-2
8992,0,-2,-2
8993,0,-2,-2
8994,1,-1,-1
8995,0,-2,-2
8996,0,-1,-1
8997,0,-1,-1
8998,1,-2,-2
8999,1,-2,-2
9000,1,-2,-2
9001,1,-2,-2
9002,0,-2,-2
9003,0,-2,-2
9004,0,-2,-2
9005,0,-2,-2
9006,0,-2,-2
9007,0,-2,-2
9008,1,-2,-2
9009,0,-2,-2
9010,0,-1,-1
9011,1,-1,-1
9012,0,-2,-2
9013,0,-1,-1
9014,1,-2,-2
9015,0,-2,-2
9016,1,-2,-2
9017,1,-2,-2
9018,1,-2,-2
9019,0,-1,-1
9020,0,-2,-2
9021,1,-2,-2
9022,1,-2,-2
9023,1,-2,-2
9024,0,-2,-2
9025,0,-2,-2
9026,1,-2,-2
9027,0,-2,-2
9028,1,-2,-2
9029,0,-2,-2
9030,0,-1,-1
9031,0,-2,-2
9032,1,-2,-2
9033,0,-2,-2
9034,0,-2,-2
9035,0,-2,-2
9036,1,-2,-2
9037,1,-2,-2
9038,1,-2,-2
9039,0,-2,-2
9040,1,-2,-2
9041,1,-1,-1
9042,1,-2,-2
9043,0,-1,-1
9044,0,-2,-2
9045,1,-2,-2
9046,1,-2,-2
9047,0,-2,-2
9048,1,-2,-2
9049,0,-2,-2
9050,0,-2,-2
9051,1,-1,-1
9052,1,-2,-2
9053,0,-2,-2
9054,1,-2,-2
9055,0,-2,-2
9056,0,-2,-2
9057,0,-2,-2
9058,1,-2,-2
9059,0,-2,-2
9060,0,-1,-1
9061,0,-2,-2
9062,0,-2,-2
9063,0,-2,-2
9064,1,-2,-2
9065,0,-2,-2
9066,0,-2,-2
9067,0,-2,-2
9068,1,-2,-2
9069,0,-2,-2
9070,0,-2,-2
9071,0,-1,-1
9072,1,-2,-2
9073,1,-1,-1
9074,0,-2,-2
9075,0,-2,-2
9076,1,-1,-1
9077,0,-1,-1
9078,1,-2,-2
9079,0,-2,-2
9080,1,-2,-2
9081,0,-2,-2
9082,1,-2,-2
9083,1,-1,-1
9084,1,-1,-1
9085,1,-2,-2
9086,1,-2,-2
9087,0,-2,-2
9088,1,-2,-2
9089,1,-2,-2
9090,0,-2,-2
9091,0,-2,-2
9092,0,-2,-2
9093,1,-2,-2
9094,1,-2,-2
9095,1,-2,-2
9096,1,-2,-2
9097,0,-2,-2
9098,1,-2,-2
9099,0,-2,-2
9100,0,-2,-2
9101,0,-2,-2
9102,1,-2,-2
9103,0,-2,-2
9104,0,-2,-2
9105,0,-2,-2
9106,0,-2,-2
9107,0,-2,-2
9108,0,-2,-2
9109,0,-2,-2
9110,0,-2,-2
9111,1,-2,-2
9112,0,-2,-2
9113,0,-2,-2
9114,0,-2,-2
9115,0,-2,-2
9116,0,-2,-2
9117,0,-2,-2
9118,0,-2,-2
9119,1,-2,-2
9120,1,-2,-2
9121,1,-2,-2
9122,1,-2,-2
9123,0,-2,-2
9124,0,-1,-1
9125,1,-2,-2
9126,1,-2,-2
9127,0,-2,-2
9128,0,-1,-1
9129,1,-2,-2
9130,0,-2,-2
9131,0,-2,-2
9132,1,-1,-1
9133,0,-1,-1
9134,0,-2,-2
9135,1,-1,-1
9136,1,-2,-2
9137,0,-2,-2
9138,1,-2,-2
9139,1,-1,-1
9140,1,-2,-2
9141,0,-2,-2
9142,0,-2,-2
9143,1,-1,-1
9144,0,-2,-2
9145,0,-2,-2
9146,1,-2,-2
9147,1,-2,-2
9148,1,-2,-2
9149,0,-2,-2
9150,0,-2,-2
9151,0,-2,-2
9152,0,-2,-2
9153,1,-2,-2
9154,1,-2,-2
9155,1,-2,-2
9156,1,-1,-1
9157,1,-2,-2
9158,0,-1,-1
9159,0,-2,-2
9160,1,-2,-2
9161,1,-2,-2
9162,0,-2,-2
9163,0,-2,-2
9164,1,-2,-2
9165,1,-1,-1
9166,0,-2,-2
9167,0,-2,-2
9168,0,-1,-1
9169,0,-2,-2
9170,1,-2,-2
9171,0,-2,-2
9172,1,-1,-1
9173,1,-2,-2
9174,0,-1,-1
9175,0,-2,-2
9176,1,-1,-1
9177,1,-2,-2
9178,1,-2,-2
9179,0,-2,-2
9180,1,-2,-2
9181,0,-1,-1
9182,0,-2,-2
9183,1,-2,-2
9184,1,-1,-1
9185,1,-2,-2
9186,0,-2,-2
9187,0,-2,-2
9188,1,-2,-2
9189,0,-1,-1
9190,1,-2,-2
9191,0,-2,-2
9192,1,-2,-2
9193,1,-1,-1
9194,0,-2,-2
9195,0,-2,-2
9196,0,-2,-2
9197,1,-2,-2
9198,1,-1,-1
9199,0,-1,-1
9200,0,-2,-2
9201,1,-2,-2
9202,1,-2,-2
9203,0,-1,-1
9204,0,-2,-2
9205,0,-2,-2
9206,1,-2,-2
9207,1,-2,-2
9208,1,-2,-2
9209,1,-2,-2
9210,0,-2,-2
9211,1,-2,-2
9212,1,-2,-2
9213,0,-2,-2
9214,1,-2,-2
9215,0,-2,-2
9216,1,-2,-2
9217,0,-2,-2
9218,0,-2,-2
9219,1,-1,-1
9220,0,-2,-2
9221,0,-2,-2
9222,1,-2,-2
9223,0,-2,-2
9224,1,-2,-2
9225,1,-2,-2
9226,0,-1,-1
9227,0,-2,-2
9228,0,-2,-2
9229,1,-2,-2
9230,1,-2,-2
9231,0,-2,-2
9232,1,-2,-2
9233,0,-2,-2
9234,0,-2,-2
9235,0,-2,-2
9236,1,-2,-2
9237,1,-2,-2
9238,0,-2,-2
9239,1,-2,-2
9240,1,-2,-2
9241,1,-2,-2
9242,1,-2,-2
9243,0,-2,-2
9244,0,-2,-2
9245,0,-1,-1
9246,0,-2,-2
9247,0,-2,-2
9248,0,-2,-2
9249,0,-1,-1
9250,0,-2,-2
9251,1,-2,-2
9252,1,-1,-1
9253,0,-2,-2
9254,0,-2,-2
9255,1,-2,-2
9256,1,-2,-2
9257,1,-1,-1
9258,0,-2,-2
9259,1,-2,-2
9260,0,-2,-2
9261,0,-2,-2
9262,0,-2,-2
9263,0,-2,-2
9264,1,-2,-2
9265,0,-2,-2
9266,1,-2,-2
9267,1,-2,-2
9268,1,-2,-2
9269,0,-2,-2
9270,1,-2,-2
9271,0,-2,-2
9272,1,-2,-2
9273,0,-2,-2
9274,0,-2,-2
9275,1,-2,-2
9276,1,-2,-2
9277,1,-1,-1
9278,1,-2,-2
9279,1,-2,-2
9280,0,-1,-1
9281,0,-2,-2
9282,0,-1,-1
9283,1,-1,-1
9284,1,-1,-1
9285,0,-1,-1
9286,0,-2,-2
9287,0,-2,-2
9288,1,-2,-2
9289,0,-2,-2
9290,0,-2,-2
9291,0,-2,-2
9292,1,-2,-2
9293,0,-1,-1
9294,0,-2,-2
9295,1,-2,-2
9296,0,-2,-2
9297,0,-2,-2
9298,0,-2,-2
9299,0,-1,-1
9300,0,-2,-2
9301,1,-2,-2
9302,1,-2,-2
9303,0,-1,-1
9304,0,-2,-2
9305,0,-2,-2
9306,0,-2,-2
9307,0,-2,-2
9308,1,-2,-2
9309,0,-2,-2
9310,0,-2,-2
9311,1,-2,-2
9312,0,-2,-2
9313,1,-2,-2
9314,0,-2,-2
9315,1,-2,-2
9316,0,-2,-2
9317,0,-2,-2
9318,1,-2,-2
9319,1,-2,-2
9320,0,-2,-2
9321,0,-2,-2
9322,1,-1,-1
9323,0,-2,-2
9324,0,-2,-2
9325,1,-2,-2
9326,0,-2,-2
9327,0,-1,-1
9328,1,-2,-2
9329,0,-1,-1
9330,0,-1,-1
9331,1,-2,-2
9332,0,-2,-2
9333,1,-2,-2
9334,0,-2,-2
9335,1,-1,-1
9336,1,-2,-2
9337,0,-2,-2
9338,0,-2,-2
9339,1,-2,-2
9340,1,-2,-2
9341,0,-1,-1
9342,0,-2,-2
9343,0,-2,-2
9344,0,-2,-2
9345,0,-2,-2
9346,1,-2,-2
9347,0,-2,-2
9348,1,-2,-2
9349,1,-2,-2
9350,0,-2,-2
9351,1,-2,-2
9352,1,-2,-2
9353,1,-2,-2
9354,1,-2,-2
9355,1,-1,-1
9356,0,-2,-2
9357,1,-2,-2
9358,1,-2,-2
9359,0,-2,-2
9360,0,-1,-1
9361,0,-2,-2
9362,0,-1,-1
9363,0,-1,-1
9364,1,-1,-1
9365,1,-2,-2
9366,0,-2,-2
9367,1,-2,-2
9368,0,-2,-2
9369,0,-1,-1
9370,0,-2,-2
9371,0,-1,-1
9372,1,-2,-2
9373,0,-2,-2
9374,0,-2,-2
9375,1,-2,-2
9376,0,-2,-2
9377,1,-2,-2
9378,1,-1,-1
9379,0,-2,-2
9380,0,-2,-2
9381,0,-2,-2
9382,1,-2,-2
9383,0,-2,-2
9384,1,-2,-2
9385,0,-2,-2
9386,0,-2,-2
9387,1,-2,-2
9388,1,-1,-1
9389,1,-2,-2
9390,0,-2,-2
9391,1,-2,-2
9392,0,-2,-2
9393,0,-1,-1
9394,0,-2,-2
9395,0,-2,-2
9396,0,-2,-2
9397,1,-2,-2
9398,1,-2,-2
9399,0,-1,-1
9400,1,-2,-2
9401,0,-1,-1
9402,1,-2,-2
9403,1,-2,-2
9404,0,-2,-2
9405,1,-2,-2
9406,0,-2,-2
9407,0,-2,-2
9408,1,-2,-2
9409,0,-2,-2
9410,1,-1,-1
9411,0,-2,-2
9412,0,-2,-2
9413,0,-2,-2
9414,1,-1,-1
9415,1,-2,-2
9416,0,-2,-2
9417,1,-1,-1
9418,1,-2,-2
9419,1,-2,-2
9420,0,-2,-2
9421,0,-1,-1
9422,0,-2,-2
9423,0,-1,-1
9424,0,-2,-2
9425,1,-2,-2
9426,0,-2,-2
9427,0,-2,-2
9428,1,-2,-2
9429,1,-2,-2
9430,0,-2,-2
9431,1,-1,-1
9432,1,-1,-1
9433,0,-1,-1
9434,1,-2,-2
9435,0,-2,-2
9436,1,-2,-2
9437,0,-2,-2
9438,1,-2,-2
9439,0,-2,-2
9440,0,-1,-1
9441,1,-2,-2
9442,1,-2,-2
9443,1,-2,-2
9444,0,-1,-1
9445,1,-2,-2
9446,1,-2,-2
9447,1,-2,-2
9448,1,-2,-2
9449,0,-2,-2
9450,1,-1,-1
9451,0,-2,-2
9452,1,-2,-2
9453,1,-2,-2
9454,0,-2,-2
9455,1,-2,-2
9456,1,-2,-2
9457,1,-2,-2
9458,0,-2,-2
9459,0,-1,-1
9460,0,-1,-1
9461,1,-1,-1
9462,0,-2,-2
9463,0,-2,-2
9464,0,-2,-2
9465,1,-2,-2
9466,0,-2,-2
9467,1,-2,-2
9468,1,-2,-2
9469,1,-2,-2
9470,1,-2,-2
9471,0,-2,-2
9472,0,-2,-2
9473,1,-2,-2
9474,0,-2,-2
9475,0,-2,-2
9476,1,-1,-1
9477,1,-1,-1
9478,0,-2,-2
9479,1,-2,-2
9480,0,-2,-2
9481,1,-1,-1
9482,1,-2,-2
9483,1,-2,-2
9484,1,-2,-2
9485,1,-2,-2
9486,0,-2,-2
9487,0,-2,-2
9488,0,-1,-1
9489,1,-1,-1
9490,1,-1,-1
9491,0,-2,-2
9492,1,-2,-2
9493,0,-2,-2
9494,0,-2,-2
9495,1,-2,-2
9496,0,-2,-2
9497,1,-2,-2
9498,1,-2,-2
9499,1,-2,-2
9500,0,-2,-2
9501,1,-2,-2
9502,0,-2,-2
9503,1,-1,-1
9504,1,-2,-2
9505,0,-2,-2
9506,0,-1,-1
9507,0,-2,-2
9508,1,-2,-2
9509,0,-1,-1
9510,0,-2,-2
9511,0,-2,-2
9512,1,-2,-2
9513,1,-2,-2
9514,0,-2,-2
9515,1,-1,-1
9516,0,-2,-2
9517,1,-2,-2
9518,0,-2,-2
9519,0,-2,-2
9520,1,-1,-1
9521,1,-2,-2
9522,0,-2,-2
9523,1,-2,-2
9524,1,-2,-2
9525,0,-2,-2
9526,1,-2,-2
9527,0,-2,-2
9528,0,-2,-2
9529,1,-2,-2
9530,1,-1,-1
9531,1,-1,-1
9532,0,-2,-2
9533,1,-2,-2
9534,1,-2,-2
9535,0,-2,-2
9536,1,-2,-2
9537,0,-2,-2
9538,0,-2,-2
9539,1,-1,-1
9540,0,-2,-2
9541,0,-2,-2
9542,1,-1,-1
9543,0,-1,-1
9544,0,-2,-2
9545,1,-2,-2
9546,1,-2,-2
9547,1,-2,-2
9548,0,-2,-2
9549,0,-2,-2
9550,0,-2,-2
9551,1,-2,-2
9552,1,-2,-2
9553,1,-2,-2
9554,0,-2,-2
9555,0,-2,-2
9556,1,-1,-1
9557,1,-2,-2
9558,0,-2,-2
9559,1,-2,-2
9560,1,-2,-2
9561,1,-2,-2
9562,0,-2,-2
9563,1,-2,-2
9564,1,-2,-2
9565,0,-2,-2
9566,0,-2,-2
9567,1,-2,-2
9568,1,-2,-2
9569,1,-2,-2
9570,1,-2,-2
9571,1,-2,-2
9572,0,-2,-2
9573,0,-2,-2
9574,0,-2,-2
9575,0,-1,-1
9576,1,-2,-2
9577,0,-2,-2
9578,1,-1,-1
9579,0,-2,-2
9580,0,-2,-2
9581,1,-2,-2
9582,0,-2,-2
9583,0,-2,-2
9584,0,-2,-2
9585,0,-2,-2
9586,1,-2,-2
9587,1,-1,-1
9588,1,-2,-2
9589,0,-2,-2
9590,0,-2,-2
9591,1,-2,-2
9592,1,-1,-1
9593,1,-1,-1
9594,0,-1,-1
9595,0,-2,-2
9596,0,-1,-1
9597,1,-2,-2
9598,0,-1,-1
9599,1,-2,-2
9600,0,-1,-1
9601,1,-1,-1
9602,0,-2,-2
9603,0,-2,-2
9604,0,-2,-2
9605,0,-2,-2
9606,1,-2,-2
9607,0,-2,-2
9608,0,-2,-2
9609,0,-1,-1
9610,1,-2,-2
9611,1,-1,-1
9612,0,-1,-1
9613,0,-2,-2
9614,0,-1,-1
9615,0,-2,-2
9616,0,-2,-2
9617,0,-2,-2
9618,1,-1,-1
9619,0,-2,-2
9620,0,-2,-2
9621,0,-2,-2
9622,1,-1,-1
9623,0,-2,-2
9624,0,-2,-2
9625,0,-2,-2
9626,0,-1,-1
9627,0,-2,-2
9628,1,-2,-2
9629,0,-2,-2
9630,0,-1,-1
9631,1,-2,-2
9632,0,-2,-2
9633,0,-2,-2
9634,0,-2,-2
9635,1,-1,-1
9636,1,-1,-1
9637,0,-2,-2
9638,0,-1,-1
9639,1,-2,-2
9640,1,-2,-2
9641,0,-2,-2
9642,0,-2,-2
9643,1,-2,-2
9644,0,-2,-2
9645,1,-2,-2
9646,1,-2,-2
9647,1,-2,-2
9648,0,-2,-2
9649,1,-2,-2
9650,0,-2,-2
9651,1,-2,-2
9652,1,-2,-2
9653,0,-2,-2
9654,0,-1,-1
9655,0,-2,-2
9656,0,-2,-2
9657,1,-2,-2
9658,0,-2,-2
9659,1,-1,-1
9660,0,-1,-1
9661,1,-2,-2
9662,1,-1,-1
9663,1,-2,-2
9664,1,-2,-2
9665,1,-2,-2
9666,0,-2,-2
9667,0,-1,-1
9668,1,-2,-2
9669,1,-1,-1
9670,1,-2,-2
9671,0,-1,-1
9672,0,-2,-2
9673,1,-1,-1
9674,0,-2,-2
9675,1,-2,-2
9676,1,-2,-2
9677,0,-2,-2
9678,1,-2,-2
9679,0,-2,-2
9680,1,-1,-1
9681,0,-2,-2
9682,0,-1,-1
9683,1,-2,-2
9684,0,-2,-2
9685,0,-2,-2
9686,1,-2,-2
9687,1,-2,-2
9688,1,-2,-2
9689,0,-2,-2
9690,0,-2,-2
9691,0,-2,-2
9692,0,-2,-2
9693,0,-2,-2
9694,0,-2,-2
9695,1,-2,-2
9696,1,-2,-2
9697,0,-2,-2
9698,1,-1,-1
9699,0,-2,-2
9700,1,-2,-2
9701,0,-1,-1
9702,0,-2,-2
9703,1,-2,-2
9704,0,-2,-2
9705,0,-2,-2
9706,0,-2,-2
9707,0,-2,-2
9708,0,-2,-2
9709,0,-2,-2
9710,1,-2,-2
9711,1,-2,-2
9712,1,-2,-2
9713,1,-2,-2
9714,1,-2,-2
9715,0,-2,-2
9716,1,-2,-2
9717,0,-2,-2
9718,0,-1,-1
9719,0,-2,-2
9720,0,-2,-2
9721,1,-2,-2
9722,1,-2,-2
9723,0,-1,-1
9724,1,-2,-2
9725,1,-2,-2
9726,0,-1,-1
9727,1,-2,-2
9728,0,-1,-1
9729,0,-2,-2
9730,0,-2,-2
9731,1,-1,-1
9732,0,-2,-2
9733,0,-2,-2
9734,0,-2,-2
9735,1,-2,-2
9736,0,-2,-2
9737,0,-2,-2
9738,1,-2,-2
9739,1,-2,-2
9740,1,-2,-2
9741,0,-1,-1
9742,1,-1,-1
9743,1,-2,-2
9744,1,-1,-1
9745,0,-1,-1
9746,1,-1,-1
9747,1,-2,-2
9748,1,-2,-2
9749,0,-1,-1
9750,0,-2,-2
9751,1,-1,-1
9752,1,-2,-2
9753,0,-2,-2
9754,1,-2,-2
9755,1,-2,-2
9756,1,-1,-1
9757,0,-2,-2
9758,0,-1,-1
9759,0,-2,-2
9760,1,-2,-2
9761,0,-2,-2
9762,0,-1,-1
9763,1,-2,-2
9764,1,-2,-2
9765,1,-2,-2
9766,0,-1,-1
9767,0,-2,-2
9768,1,-2,-2
9769,0,-2,-2
9770,0,-2,-2
9771,0,-2,-2
9772,1,-2,-2
9773,1,-2,-2
9774,1,-2,-2
9775,1,-2,-2
9776,0,-2,-2
9777,0,-2,-2
9778,1,-2,-2
9779,0,-2,-2
9780,0,-2,-2
9781,1,-2,-2
9782,0,-2,-2
9783,1,-2,-2
9784,0,-2,-2
9785,0,-2,-2
9786,1,-2,-2
9787,1,-2,-2
9788,1,-2,-2
9789,0,-1,-1
9790,1,-2,-2
9791,0,-2,-2
9792,1,-2,-2
9793,0,-2,-2
9794,1,-2,-2
9795,0,-2,-2
9796,1,-2,-2
9797,1,-1,-1
9798,0,-2,-2
9799,0,-2,-2
9800,1,-1,-1
9801,1,-1,-1
9802,1,-2,-2
9803,0,-2,-2
9804,0,-2,-2
9805,0,-1,-1
9806,1,-2,-2
9807,0,-1,-1
9808,1,-2,-2
9809,1,-2,-2
9810,1,-2,-2
9811,1,-2,-2
9812,1,-1,-1
9813,0,-2,-2
9814,1,-2,-2
9815,0,-2,-2
9816,1,-1,-1
9817,1,-2,-2
9818,0,-2,-2
9819,1,-2,-2
9820,0,-2,-2
9821,1,-1,-1
9822,0,-2,-2
9823,1,-2,-2
9824,1,-1,-1
9825,1,-2,-2
9826,0,-2,-2
9827,1,-2,-2
9828,0,-2,-2
9829,0,-1,-1
9830,0,-2,-2
9831,1,-2,-2
9832,1,-2,-2
9833,1,-2,-2
9834,1,-1,-1
9835,1,-2,-2
9836,1,-2,-2
9837,1,-2,-2
9838,1,-1,-1
9839,1,-2,-2
9840,0,-2,-2
9841,1,-2,-2
9842,1,-1,-1
9843,1,-1,-1
9844,0,-2,-2
9845,1,-1,-1
9846,0,-1,-1
9847,0,-2,-2
9848,1,-2,-2
9849,1,-2,-2
9850,0,-2,-2
9851,0,-2,-2
9852,0,-2,-2
9853,0,-2,-2
9854,0,-2,-2
9855,1,-2,-2
9856,1,-2,-2
9857,1,-1,-1
9858,1,-2,-2
9859,0,-2,-2
9860,1,-2,-2
9861,0,-2,-2
9862,1,-2,-2
9863,0,-2,-2
9864,0,-2,-2
9865,1,-1,-1
9866,0,-2,-2
9867,1,-2,-2
9868,0,-2,-2
9869,0,-2,-2
9870,0,-2,-2
9871,0,-2,-2
9872,0,-2,-2
9873,1,-2,-2
9874,0,-2,-2
9875,1,-2,-2
9876,1,-2,-2
9877,1,-1,-1
9878,0,-2,-2
9879,0,-2,-2
9880,0,-2,-2
9881,0,-2,-2
9882,0,-2,-2
9883,1,-2,-2
9884,0,-2,-2
9885,1,-2,-2
9886,1,-2,-2
9887,0,-2,-2
9888,1,-2,-2
9889,1,-2,-2
9890,0,-1,-1
9891,0,-1,-1
9892,0,-2,-2
9893,1,-2,-2
9894,0,-2,-2
9895,0,-2,-2
9896,0,-2,-2
9897,0,-2,-2
9898,0,-2,-2
9899,0,-2,-2
9900,0,-2,-2
9901,1,-2,-2
9902,0,-2,-2
9903,1,-2,-2
9904,0,-1,-1
9905,0,-2,-2
9906,1,-2,-2
9907,1,-2,-2
9908,0,-2,-2
9909,0,-1,-1
9910,0,-1,-1
9911,0,-1,-1
9912,0,-2,-2
9913,1,-2,-2
9914,0,-1,-1
9915,0,-1,-1
9916,0,-2,-2
9917,1,-2,-2
9918,1,-1,-1
9919,0,-2,-2
9920,1,-2,-2
9921,1,-2,-2
9922,0,-1,-1
9923,1,-1,-1
9924,0,-2,-2
9925,1,-2,-2
9926,1,-1,-1
9927,0,-2,-2
9928,1,-1,-1
9929,1,-2,-2
9930,0,-2,-2
9931,0,-2,-2
9932,0,-2,-2
9933,0,-2,-2
9934,1,-1,-1
9935,1,-2,-2
9936,0,-1,-1
9937,1,-2,-2
9938,1,-2,-2
9939,1,-2,-2
9940,1,-1,-1
9941,1,-2,-2
9942,0,-2,-2
9943,1,-2,-2
9944,1,-2,-2
9945,1,-2,-2
9946,1,-1,-1
9947,0,-2,-2
9948,1,-2,-2
9949,0,-2,-2
9950,0,-2,-2
9951,0,-2,-2
9952,0,-2,-2
9953,1,-2,-2
9954,1,-1,-1
9955,1,-2,-2
9956,0,-2,-2
9957,1,-2,-2
9958,0,-2,-2
9959,1,-2,-2
9960,1,-2,-2
9961,0,-2,-2
9962,1,-2,-2
9963,0,-2,-2
9964,0,-2,-2
9965,1,-2,-2
9966,1,-1,-1
9967,1,-2,-2
9968,1,-2,-2
9969,0,-1,-1
9970,0,-2,-2
9971,1,-2,-2
9972,1,-2,-2
9973,1,-2,-2
9974,1,-2,-2
9975,1,-2,-2
9976,0,-1,-1
9977,1,-2,-2
9978,0,-2,-2
9979,0,-2,-2
9980,0,-1,-1
9981,1,-2,-2
9982,0,-1,-1
9983,0,-2,-2
9984,1,-1,-1
9985,0,-2,-2
9986,0,-1,-1
9987,1,-1,-1
9988,1,-2,-2
9989,0,-2,-2
9990,0,-2,-2
9991,1,-1,-1
9992,0,-2,-2
9993,0,-2,-2
9994,0,-1,-1
9995,0,-1,-1
9996,1,-2,-2
9997,1,-2,-2
9998,1,-2,-2
9999,1,-2,-2
10000,0,-2,-2
10001,1,-2,-2
10002,0,-2,-2
10003,1,-2,-2
10004,1,-2,-2
10005,1,-2,-2
10006,1,-2,-2
10007,1,-2,-2
10008,1,-1,-1
10009,0,-2,-2
10010,1,-2,-2
10011,1,-2,-2
10012,1,-2,-2
10013,1,-2,-2
10014,1,-2,-2
10015,1,-2,-2
10016,0,-2,-2
10017,0,-1,-1
10018,0,-2,-2
10019,0,-1,-1
10020,1,-2,-2
10021,0,-2,-2
10022,0,-1,-1
10023,0,-2,-2
10024,1,-2,-2
10025,0,-2,-2
10026,0,-1,-1
10027,1,-2,-2
10028,0,-2,-2
10029,1,-2,-2
10030,1,-2,-2
10031,0,-2,-2
10032,0,-2,-2
10033,1,-2,-2
10034,1,-2,-2
10035,0,-2,-2
10036,0,-2,-2
10037,0,-2,-2
10038,1,-2,-2
10039,1,-2,-2
10040,1,-2,-2
10041,0,-2,-2
10042,1,-2,-2
10043,0,-2,-2
10044,0,-2,-2
10045,0,-2,-2
10046,1,-1,-1
10047,0,-1,-1
10048,1,-2,-2
10049,0,-2,-2
10050,0,-1,-1
10051,1,-2,-2
10052,1,-2,-2
10053,1,-2,-2
10054,1,-2,-2
10055,1,-1,-1
10056,0,-2,-2
10057,0,-2,-2
10058,1,-2,-2
10059,0,-2,-2
10060,1,-1,-1
10061,0,-1,-1
10062,1,-2,-2
10063,0,-2,-2
10064,0,-2,-2
10065,0,-2,-2
10066,0,-2,-2
10067,1,-2,-2
10068,1,-2,-2
10069,0,-1,-1
10070,1,-1,-1
10071,0,-2,-2
10072,0,-1,-1
10073,1,-2,-2
10074,0,-1,-1
10075,1,-2,-2
10076,1,-2,-2
10077,0,-2,-2
10078,1,-2,-2
10079,0,-2,-2
10080,1,-2,-2
10081,1,-2,-2
10082,0,-2,-2
10083,1,-2,-2
10084,1,-2,-2
10085,1,-2,-2
10086,1,-2,-2
10087,0,-2,-2
10088,0,-1,-1
10089,0,-2,-2
10090,0,-2,-2
10091,1,-1,-1
10092,0,-2,-2
10093,0,-2,-2
10094,0,-2,-2
10095,0,-2,-2
10096,0,-1,-1
10097,0,-2,-2
10098,0,-2,-2
10099,1,-2,-2
10100,0,-2,-2
10101,0,-2,-2
10102,1,-2,-2
10103,1,-2,-2
10104,0,-2,-2
10105,1,-2,-2
10106,0,-2,-2
10107,0,-2,-2
10108,1,-2,-2
10109,1,-2,-2
10110,0,-1,-1
10111,0,-2,-2
10112,0,-1,-1
10113,0,-1,-1
10114,1,-1,-1
10115,1,-2,-2
10116,0,-1,-1
10117,0,-2,-2
10118,0,-2,-2
10119,0,-1,-1
10120,1,-1,-1
10121,0,-1,-1
10122,0,-2,-2
10123,0,-2,-2
10124,1,-2,-2
10125,1,-1,-1
10126,0,-2,-2
10127,1,-2,-2
10128,0,-2,-2
10129,0,-2,-2
10130,1,-1,-1
10131,1,-1,-1
10132,1,-2,-2
10133,0,-2,-2
10134,0,-2,-2
10135,0,-2,-2
10136,0,-2,-2
10137,0,-2,-2
10138,1,-2,-2
10139,0,-2,-2
10140,1,-2,-2
10141,0,-2,-2
10142,1,-2,-2
10143,1,-2,-2
10144,1,-2,-2
10145,1,-2,-2
10146,1,-2,-2
10147,0,-2,-2
10148,0,-2,-2
10149,1,-2,-2
10150,0,-2,-2
10151,1,-1,-1
10152,1,-2,-2
10153,1,-1,-1
10154,1,-2,-2
10155,0,-2,-2
10156,0,-2,-2
10157,0,-2,-2
10158,1,-2,-2
10159,0,-2,-2
10160,0,-2,-2
10161,0,-2,-2
10162,0,-2,-2
10163,1,-2,-2
10164,1,-2,-2
10165,1,-2,-2
10166,1,-1,-1
10167,1,-2,-2
10168,0,-2,-2
10169,0,-1,-1
10170,1,-2,-2
10171,1,-1,-1
10172,0,-1,-1
10173,1,-2,-2
10174,1,-2,-2
10175,1,-2,-2
10176,1,-2,-2
10177,0,-1,-1
10178,1,-2,-2
10179,0,-2,-2
10180,1,-1,-1
10181,0,-2,-2
10182,0,-2,-2
10183,1,-2,-2
10184,1,-2,-2
10185,0,-2,-2
10186,0,-2,-2
10187,0,-2,-2
10188,1,-2,-2
10189,0,-2,-2
10190,0,-2,-2
10191,0,-2,-2
10192,1,-2,-2
10193,1,-2,-2
10194,1,-1,-1
10195,0,-2,-2
10196,1,-2,-2
10197,1,-2,-2
10198,1,-2,-2
10199,0,-2,-2
10200,1,-2,-2
10201,1,-2,-2
10202,1,-2,-2
10203,0,-2,-2
10204,0,-2,-2
10205,0,-2,-2
10206,1,-2,-2
10207,1,-2,-2
10208,1,-2,-2
10209,1,-2,-2
10210,0,-1,-1
10211,0,-2,-2
10212,0,-2,-2
10213,1,-2,-2
10214,1,-2,-2
10215,1,-1,-1
10216,1,-2,-2
10217,1,-2,-2
10218,0,-2,-2
10219,0,-2,-2
10220,1,-1,-1
10221,0,-2,-2
10222,0,-2,-2
10223,0,-2,-2
10224,1,-1,-1
10225,0,-2,-2
10226,0,-2,-2
10227,0,-2,-2
10228,0,-2,-2
10229,1,-1,-1
10230,1,-1,-1
10231,0,-2,-2
10232,1,-2,-2
10233,1,-2,-2
10234,0,-2,-2
10235,0,-1,-1
10236,0,-2,-2
10237,1,-2,-2
10238,1,-2,-2
10239,0,-1,-1
10240,0,-2,-2
10241,1,-2,-2
10242,0,-2,-2
10243,0,-2,-2
10244,0,-2,-2
10245,0,-1,-1
10246,0,-2,-2
10247,1,-2,-2
10248,0,-2,-2
10249,0,-2,-2
10250,1,-1,-1
10251,0,-2,-2
10252,0,-2,-2
10253,0,-1,-1
10254,1,-2,-2
10255,1,-2,-2
10256,1,-2,-2
10257,1,-2,-2
10258,0,-2,-2
10259,0,-2,-2
10260,0,-2,-2
10261,0,-1,-1
10262,0,-1,-1
10263,0,-2,-2
10264,0,-2,-2
10265,0,-2,-2
10266,1,-2,-2
10267,1,-2,-2
10268,1,-2,-2
10269,1,-2,-2
10270,0,-2,-2
10271,1,-2,-2
10272,0,-2,-2
10273,1,-2,-2
10274,1,-2,-2
10275,0,-2,-2
10276,0,-2,-2
10277,0,-2,-2
10278,1,-2,-2
10279,0,-2,-2
10280,0,-2,-2
10281,0,-2,-2
10282,1,-2,-2
10283,1,-2,-2
10284,0,-2,-2
10285,1,-2,-2
10286,0,-2,-2
10287,0,-2,-2
10288,1,-2,-2
10289,0,-2,-2
10290,0,-1,-1
10291,1,-2,-2
10292,1,-2,-2
10293,1,-2,-2
10294,1,-2,-2
10295,0,-2,-2
10296,1,-2,-2
10297,1,-2,-2
10298,0,-2,-2
10299,0,-2,-2
10300,0,-2,-2
10301,0,-2,-2
10302,1,-2,-2
10303,0,-2,-2
10304,1,-1,-1
10305,1,-2,-2
10306,0,-2,-2
10307,0,-1,-1
10308,1,-2,-2
10309,0,-2,-2
10310,0,-2,-2
10311,0,-2,-2
10312,0,-1,-1
10313,1,-2,-2
10314,0,-1,-1
10315,1,-2,-2
10316,0,-2,-2
10317,1,-1,-1
10318,0,-2,-2
10319,1,-1,-1
10320,0,-2,-2
10321,0,-2,-2
10322,1,-2,-2
10323,1,-2,-2
10324,1,-2,-2
10325,0,-2,-2
10326,0,-2,-2
10327,1,-2,-2
10328,0,-2,-2
10329,0,-2,-2
10330,1,-1,-1
10331,0,-2,-2
10332,0,-2,-2
10333,1,-2,-2
10334,1,-2,-2
10335,1,-2,-2
10336,1,-1,-1
10337,1,-2,-2
10338,0,-2,-2
10339,1,-2,-2
10340,1,-2,-2
10341,1,-2,-2
10342,1,-2,-2
10343,1,-2,-2
10344,1,-2,-2
10345,0,-2,-2
10346,1,-1,-1
10347,0,-2,-2
10348,1,-1,-1
10349,0,-2,-2
10350,0,-2,-2
10351,1,-2,-2
10352,0,-2,-2
10353,1,-2,-2
10354,0,-2,-2
10355,1,-2,-2
10356,0,-2,-2
10357,0,-2,-2
10358,1,-1,-1
10359,1,-2,-2
10360,1,-2,-2
10361,0,-1,-1
10362,1,-2,-2
10363,0,-1,-1
10364,1,-1,-1
10365,0,-2,-2
10366,0,-1,-1
10367,1,-2,-2
10368,0,-2,-2
10369,1,-2,-2
10370,0,-2,-2
10371,0,-1,-1
10372,1,-2,-2
10373,0,-2,-2
10374,0,-2,-2
10375,0,-2,-2
10376,1,-2,-2
10377,1,-2,-2
10378,1,-2,-2
10379,0,-2,-2
10380,0,-2,-2
10381,0,-2,-2
10382,1,-2,-2
10383,1,-2,-2
10384,1,-2,-2
10385,0,-2,-2
10386,0,-2,-2
10387,0,-2,-2
10388,0,-2,-2
10389,0,-2,-2
10390,1,-1,-1
10391,1,-2,-2
10392,1,-2,-2
10393,0,-2,-2
10394,0,-2,-2
10395,0,-2,-2
10396,1,-2,-2
10397,0,-1,-1
10398,1,-2,-2
10399,0,-1,-1
10400,0,-2,-2
10401,0,-2,-2
10402,0,-1,-1
10403,0,-2,-2
10404,0,-2,-2
10405,0,-2,-2
10406,0,-2,-2
10407,1,-2,-2
10408,1,-2,-2
10409,0,-2,-2
10410,1,-2,-2
10411,0,-2,-2
10412,1,-2,-2
10413,1,-2,-2
10414,0,-2,-2
10415,1,-1,-1
10416,1,-2,-2
10417,0,-2,-2
10418,0,-2,-2
10419,1,-2,-2
10420,0,-2,-2
10421,1,-2,-2
10422,1,-2,-2
10423,1,-2,-2
10424,0,-2,-2
10425,1,-1,-1
10426,1,-2,-2
10427,0,-2,-2
10428,1,-2,-2
10429,0,-2,-2
10430,1,-2,-2
10431,0,-2,-2
10432,1,-2,-2
10433,0,-2,-2
10434,0,-2,-2
10435,1,-2,-2
10436,0,-2,-2
10437,0,-2,-2
10438,0,-2,-2
10439,1,-2,-2
10440,1,-2,-2
10441,1,-2,-2
10442,0,-2,-2
10443,1,-1,-1
10444,0,-2,-2
10445,1,-2,-2
10446,0,-2,-2
10447,0,-2,-2
10448,1,-2,-2
10449,0,-2,-2
10450,1,-2,-2
10451,0,-2,-2
10452,1,-2,-2
10453,1,-2,-2
10454,1,-2,-2
10455,0,-2,-2
10456,0,-2,-2
10457,1,-2,-2
10458,0,-2,-2
10459,1,-2,-2
10460,1,-2,-2
10461,1,-2,-2
10462,0,-2,-2
10463,0,-1,-1
10464,0,-2,-2
10465,1,-2,-2
10466,0,-1,-1
10467,1,-1,-1
10468,1,-1,-1
10469,0,-1,-1
10470,0,-2,-2
10471,1,-2,-2
10472,1,-2,-2
10473,1,-2,-2
10474,1,-2,-2
10475,0,-2,-2
10476,0,-1,-1
10477,0,-2,-2
10478,1,-2,-2
10479,0,-2,-2
10480,0,-2,-2
10481,0,-1,-1
10482,1,-1,-1
10483,0,-2,-2
10484,1,-2,-2
10485,1,-1,-1
10486,1,-2,-2
10487,1,-2,-2
10488,0,-2,-2
10489,1,-2,-2
10490,1,-2,-2
10491,1,-1,-1
10492,0,-2,-2
10493,1,-2,-2
10494,1,-1,-1
10495,1,-1,-1
10496,1,-2,-2
10497,1,-2,-2
10498,0,-2,-2
10499,1,-1,-1
10500,0,-2,-2
10501,1,-2,-2
10502,0,-2,-2
10503,1,-2,-2
10504,1,-2,-2
10505,0,-2,-2
10506,0,-2,-2
10507,0,-2,-2
10508,1,-2,-2
10509,0,-1,-1
10510,1,-2,-2
10511,0,-2,-2
10512,1,-1,-1
10513,1,-1,-1
10514,0,-2,-2
10515,0,-2,-2
10516,1,-1,-1
10517,1,-2,-2
10518,0,-1,-1
10519,1,-2,-2
10520,0,-1,-1
10521,0,-2,-2
10522,1,-2,-2
10523,0,-2,-2
10524,1,-2,-2
10525,0,-2,-2
10526,0,-2,-2
10527,0,-2,-2
10528,1,-2,-2
10529,0,-2,-2
10530,1,-2,-2
10531,1,-2,-2
10532,0,-1,-1
10533,0,-2,-2
10534,0,-2,-2
10535,1,-2,-2
10536,1,-2,-2
10537,0,-2,-2
10538,1,-2,-2
10539,0,-2,-2
10540,0,-2,-2
10541,0,-2,-2
10542,1,-2,-2
10543,0,-2,-2
10544,0,-2,-2
10545,1,-2,-2
10546,0,-1,-1
10547,0,-2,-2
10548,1,-2,-2
10549,1,-2,-2
10550,0,-1,-1
10551,1,-1,-1
10552,0,-1,-1
10553,0,-2,-2
10554,1,-2,-2
10555,0,-2,-2
10556,1,-2,-2
10557,1,-2,-2
10558,1,-2,-2
10559,1,-2,-2
10560,1,-2,-2
10561,0,-2,-2
10562,0,-1,-1
10563,1,-1,-1
10564,0,-2,-2
10565,0,-2,-2
10566,1,-2,-2
10567,0,-2,-2
10568,0,-2,-2
10569,1,-1,-1
10570,1,-2,-2
10571,1,-2,-2
10572,1,-2,-2
10573,0,-1,-1
10574,0,-2,-2
10575,0,-2,-2
10576,0,-2,-2
10577,1,-1,-1
10578,1,-2,-2
10579,1,-2,-2
10580,0,-2,-2
10581,0,-2,-2
10582,1,-1,-1
10583,0,-2,-2
10584,0,-2,-2
10585,0,-2,-2
10586,0,-2,-2
10587,1,-2,-2
10588,0,-1,-1
10589,1,-2,-2
10590,1,-2,-2
10591,0,-1,-1
10592,1,-2,-2
10593,1,-2,-2
10594,1,-2,-2
10595,0,-2,-2
10596,1,-2,-2
10597,0,-2,-2
10598,1,-2,-2
10599,0,-2,-2
10600,1,-2,-2
10601,1,-2,-2
10602,1,-2,-2
10603,1,-2,-2
10604,1,-2,-2
10605,0,-2,-2
10606,0,-2,-2
10607,0,-2,-2
10608,1,-2,-2
10609,1,-1,-1
10610,0,-2,-2
10611,1,-2,-2
10612,0,-2,-2
10613,1,-2,-2
10614,1,-1,-1
10615,0,-2,-2
10616,0,-2,-2
10617,1,-2,-2
10618,0,-2,-2
10619,1,-2,-2
10620,1,-2,-2
10621,0,-2,-2
10622,0,-2,-2
10623,1,-2,-2
10624,1,-1,-1
10625,0,-2,-2
10626,1,-1,-1
10627,1,-1,-1
10628,0,-2,-2
10629,1,-2,-2
10630,1,-1,-1
10631,0,-1,-1
10632,1,-2,-2
10633,1,-2,-2
10634,0,-2,-2
10635,0,-1,-1
10636,0,-2,-2
10637,1,-2,-2
10638,0,-2,-2
10639,0,-1,-1
10640,0,-2,-2
10641,1,-2,-2
10642,1,-2,-2
10643,1,-2,-2
10644,1,-2,-2
10645,0,-1,-1
10646,0,-2,-2
10647,0,-2,-2
10648,0,-2,-2
10649,0,-2,-2
10650,0,-2,-2
10651,0,-1,-1
10652,1,-2,-2
10653,0,-2,-2
10654,1,-2,-2
10655,0,-2,-2
10656,1,-1,-1
10657,1,-1,-1
10658,0,-2,-2
10659,1,-2,-2
10660,0,-2,-2
10661,1,-2,-2
10662,0,-2,-2
10663,1,-2,-2
10664,0,-2,-2
10665,1,-2,-2
10666,0,-2,-2
10667,0,-2,-2
10668,0,-1,-1
10669,1,-2,-2
10670,1,-2,-2
10671,0,-2,-2
10672,0,-1,-1
10673,1,-2,-2
10674,1,-2,-2
10675,0,-2,-2
10676,1,-2,-2
10677,0,-2,-2
10678,1,-1,-1
10679,1,-2,-2
10680,1,-1,-1
10681,0,-1,-1
10682,1,-2,-2
10683,1,-2,-2
10684,1,-2,-2
10685,0,-2,-2
10686,0,-2,-2
10687,1,-2,-2
10688,1,-2,-2
10689,1,-2,-2
10690,1,-1,-1
10691,1,-1,-1
10692,0,-1,-1
10693,1,-1,-1
10694,0,-2,-2
10695,1,-2,-2
10696,0,-2,-2
10697,1,-1,-1
10698,1,-2,-2
10699,1,-1,-1
10700,1,-1,-1
10701,1,-2,-2
10702,0,-2,-2
10703,0,-2,-2
10704,0,-2,-2
10705,0,-2,-2
10706,0,-2,-2
10707,1,-2,-2
10708,0,-2,-2
10709,0,-2,-2
10710,1,-1,-1
10711,1,-2,-2
10712,0,-2,-2
10713,1,-2,-2
10714,0,-2,-2
10715,1,-2,-2
10716,0,-2,-2
10717,0,-2,-2
10718,0,-2,-2
10719,1,-2,-2
10720,1,-2,-2
10721,0,-2,-2
10722,0,-1,-1
10723,0,-1,-1
10724,1,-2,-2
10725,1,-2,-2
10726,0,-2,-2
10727,1,-1,-1
10728,0,-2,-2
10729,0,-2,-2
10730,0,-2,-2
10731,0,-2,-2
10732,0,-2,-2
10733,1,-2,-2
10734,0,-1,-1
10735,0,-1,-1
10736,0,-2,-2
10737,1,-2,-2
10738,1,-2,-2
10739,0,-2,-2
10740,1,-2,-2
10741,0,-2,-2
10742,0,-2,-2
10743,0,-2,-2
10744,1,-2,-2
10745,1,-2,-2
10746,0,-1,-1
10747,1,-2,-2
10748,0,-2,-2
10749,0,-2,-2
10750,0,-2,-2
10751,0,-2,-2
10752,0,-2,-2
10753,1,-2,-2
10754,0,-2,-2
10755,0,-2,-2
10756,1,-2,-2
10757,0,-1,-1
10758,0,-2,-2
10759,0,-2,-2
10760,0,-1,-1
10761,1,-2,-2
10762,1,-1,-1
10763,1,-2,-2
10764,1,-2,-2
10765,0,-2,-2
10766,1,-2,-2
10767,1,-2,-2
10768,0,-2,-2
10769,0,-2,-2
10770,1,-2,-2
10771,1,-2,-2
10772,0,-2,-2
10773,0,-1,-1
10774,1,-2,-2
10775,1,-2,-2
10776,0,-1,-1
10777,1,-2,-2
10778,1,-2,-2
10779,0,-2,-2
10780,1,-2,-2
10781,0,-2,-2
10782,1,-2,-2
10783,0,-1,-1
10784,1,-2,-2
10785,1,-2,-2
10786,0,-2,-2
10787,0,-2,-2
10788,1,-2,-2
10789,0,-2,-2
10790,0,-2,-2
10791,0,-2,-2
10792,1,-2,-2
10793,0,-2,-2
10794,1,-1,-1
10795,1,-2,-2
10796,1,-2,-2
10797,0,-1,-1
10798,1,-1,-1
10799,1,-2,-2
10800,0,-2,-2
10801,1,-2,-2
10802,0,-2,-2
10803,0,-2,-2
10804,1,-2,-2
10805,1,-1,-1
10806,1,-1,-1
10807,0,-2,-2
10808,1,-2,-2
10809,0,-2,-2
10810,0,-2,-2
10811,0,-1,-1
10812,1,-2,-2
10813,1,-2,-2
10814,1,-2,-2
10815,0,-2,-2
10816,0,-2,-2
10817,0,-2,-2
10818,1,-1,-1
10819,1,-2,-2
10820,1,-2,-2
10821,1,-2,-2
10822,0,-2,-2
10823,0,-2,-2
10824,0,-2,-2
10825,1,-2,-2
10826,1,-2,-2
10827,0,-2,-2
10828,0,-2,-2
10829,0,-2,-2
10830,1,-2,-2
10831,0,-2,-2
10832,0,-2,-2
10833,0,-2,-2
10834,1,-2,-2
10835,0,-1,-1
10836,0,-2,-2
10837,0,-2,-2
10838,1,-2,-2
10839,1,-2,-2
10840,1,-2,-2
10841,0,-2,-2
10842,0,-1,-1
10843,0,-2,-2
10844,1,-2,-2
10845,1,-2,-2
10846,1,-1,-1
10847,0,-2,-2
10848,0,-2,-2
10849,1,-2,-2
10850,0,-2,-2
10851,1,-2,-2
10852,0,-2,-2
10853,0,-1,-1
10854,0,-2,-2
10855,0,-2,-2
10856,0,-2,-2
10857,1,-2,-2
10858,1,-2,-2
10859,1,-2,-2
10860,0,-2,-2
10861,1,-2,-2
10862,0,-2,-2
10863,1,-2,-2
10864,0,-2,-2
10865,0,-1,-1
10866,1,-2,-2
10867,1,-2,-2
10868,1,-2,-2
10869,0,-2,-2
10870,0,-2,-2
10871,1,-1,-1
10872,1,-1,-1
10873,1,-1,-1
10874,1,-2,-2
10875,1,-2,-2
10876,1,-2,-2
10877,0,-2,-2
10878,1,-2,-2
10879,1,-1,-1
10880,0,-2,-2
10881,0,-2,-2
10882,0,-2,-2
10883,0,-1,-1
10884,0,-2,-2
10885,0,-2,-2
10886,0,-1,-1
10887,0,-2,-2
10888,0,-1,-1
10889,0,-2,-2
10890,1,-2,-2
10891,1,-2,-2
10892,0,-2,-2
10893,1,-2,-2
10894,1,-2,-2
10895,1,-2,-2
10896,1,-2,-2
10897,1,-2,-2
10898,0,-2,-2
10899,0,-2,-2
10900,0,-1,-1
10901,0,-2,-2
10902,0,-2,-2
10903,1,-2,-2
10904,1,-2,-2
10905,0,-2,-2
10906,1,-2,-2
10907,1,-2,-2
10908,1,-2,-2
10909,0,-2,-2
10910,1,-2,-2
10911,1,-2,-2
10912,1,-2,-2
10913,1,-2,-2
10914,1,-2,-2
10915,1,-2,-2
10916,1,-2,-2
10917,1,-2,-2
10918,1,-1,-1
10919,0,-2,-2
10920,1,-2,-2
10921,0,-2,-2
10922,0,-2,-2
10923,1,-1,-1
10924,1,-2,-2
10925,1,-2,-2
10926,1,-2,-2
10927,0,-2,-2
10928,0,-2,-2
10929,1,-2,-2
10930,0,-2,-2
10931,1,-1,-1
10932,0,-1,-1
10933,1,-1,-1
10934,1,-2,-2
10935,0,-2,-2
10936,1,-2,-2
10937,1,-2,-2
10938,1,-1,-1
10939,0,-2,-2
10940,1,-2,-2
10941,1,-2,-2
10942,0,-2,-2
10943,0,-2,-2
10944,1,-2,-2
10945,1,-2,-2
10946,1,-1,-1
10947,0,-2,-2
10948,0,-2,-2
10949,1,-2,-2
10950,0,-2,-2
10951,0,-2,-2
10952,0,-2,-2
10953,0,-2,-2
10954,1,-2,-2
10955,0,-2,-2
10956,1,-2,-2
10957,0,-2,-2
10958,0,-2,-2
10959,0,-2,-2
10960,1,-2,-2
10961,0,-2,-2
10962,0,-1,-1
10963,1,-2,-2
10964,1,-2,-2
10965,1,-2,-2
10966,0,-2,-2
10967,0,-2,-2
10968,0,-2,-2
10969,1,-2,-2
10970,0,-2,-2
10971,0,-2,-2
10972,1,-2,-2
10973,1,-2,-2
10974,0,-2,-2
10975,0,-2,-2
10976,0,-2,-2
10977,1,-2,-2
10978,1,-2,-2
10979,0,-2,-2
10980,1,-2,-2
10981,0,-2,-2
10982,1,-2,-2
10983,0,-2,-2
10984,0,-2,-2
10985,1,-2,-2
10986,1,-2,-2
10987,1,-2,-2
10988,1,-2,-2
10989,1,-1,-1
10990,0,-2,-2
10991,0,-2,-2
10992,1,-1,-1
10993,1,-2,-2
10994,0,-1,-1
10995,1,-1,-1
10996,1,-2,-2
10997,1,-2,-2
10998,0,-1,-1
10999,0,-2,-2
11000,1,-2,-2
11001,1,-2,-2
11002,1,-2,-2
11003,1,-2,-2
11004,1,-2,-2
11005,0,-2,-2
11006,1,-2,-2
11007,0,-2,-2
11008,1,-1,-1
11009,0,-2,-2
11010,1,-2,-2
11011,0,-2,-2
11012,0,-2,-2
11013,1,-2,-2
11014,1,-2,-2
11015,0,-2,-2
11016,0,-2,-2
11017,0,-2,-2
11018,1,-2,-2
11019,1,-2,-2
11020,0,-2,-2
11021,1,-2,-2
11022,1,-1,-1
11023,0,-2,-2
11024,1,-2,-2
11025,1,-2,-2
11026,0,-2,-2
11027,1,-2,-2
11028,0,-1,-1
11029,0,-2,-2
11030,0,-2,-2
11031,0,-2,-2
11032,0,-2,-2
11033,0,-2,-2
11034,0,-2,-2
11035,0,-2,-2
11036,1,-2,-2
11037,1,-2,-2
11038,1,-2,-2
11039,1,-2,-2
11040,0,-2,-2
11041,0,-2,-2
11042,0,-2,-2
11043,1,-2,-2
11044,0,-1,-1
11045,0,-2,-2
11046,1,-2,-2
11047,0,-2,-2
11048,1,-2,-2
11049,0,-2,-2
11050,0,-1,-1
11051,1,-2,-2
11052,1,-2,-2
11053,0,-2,-2
11054,1,-2,-2
11055,1,-2,-2
11056,0,-2,-2
11057,1,-2,-2
11058,1,-2,-2
11059,1,-1,-1
11060,0,-1,-1
11061,0,-2,-2
11062,0,-2,-2
11063,1,-2,-2
11064,1,-2,-2
11065,0,-2,-2
11066,0,-2,-2
11067,1,-1,-1
11068,1,-1,-1
11069,1,-2,-2
11070,1,-1,-1
11071,0,-2,-2
11072,0,-2,-2
11073,0,-2,-2
11074,0,-1,-1
11075,0,-2,-2
11076,0,-2,-2
11077,0,-2,-2
11078,0,-2,-2
11079,1,-2,-2
11080,0,-2,-2
11081,0,-2,-2
11082,0,-2,-2
11083,0,-1,-1
11084,1,-1,-1
11085,1,-2,-2
11086,0,-2,-2
11087,0,-2,-2
11088,1,-2,-2
11089,0,-2,-2
11090,0,-2,-2
11091,0,-1,-1
11092,0,-2,-2
11093,1,-1,-1
11094,0,-2,-2
11095,1,-2,-2
11096,1,-2,-2
11097,1,-2,-2
11098,1,-2,-2
11099,0,-2,-2
11100,0,-2,-2
11101,0,-2,-2
11102,0,-2,-2
11103,0,-2,-2
11104,0,-1,-1
11105,0,-2,-2
11106,1,-2,-2
11107,0,-1,-1
11108,0,-2,-2
11109,1,-1,-1
11110,0,-2,-2
11111,1,-2,-2
11112,0,-1,-1
11113,1,-2,-2
11114,0,-1,-1
11115,0,-2,-2
11116,1,-1,-1
11117,0,-1,-1
11118,0,-2,-2
11119,0,-2,-2
11120,0,-1,-1
11121,0,-2,-2
11122,0,-2,-2
11123,1,-2,-2
11124,0,-2,-2
11125,1,-1,-1
11126,0,-2,-2
11127,0,-1,-1
11128,1,-1,-1
11129,1,-1,-1
11130,0,-1,-1
11131,1,-2,-2
11132,0,-2,-2
11133,0,-2,-2
11134,0,-2,-2
11135,1,-1,-1
11136,1,-2,-2
11137,1,-2,-2
11138,0,-1,-1
11139,0,-2,-2
11140,0,-2,-2
11141,1,-2,-2
11142,1,-2,-2
11143,1,-2,-2
11144,1,-2,-2
11145,1,-2,-2
11146,1,-2,-2
11147,1,-2,-2
11148,1,-2,-2
11149,1,-1,-1
11150,0,-2,-2
11151,1,-2,-2
11152,0,-1,-1
11153,1,-2,-2
11154,0,-2,-2
11155,0,-1,-1
11156,1,-1,-1
11157,1,-2,-2
11158,1,-2,-2
11159,1,-2,-2
11160,0,-2,-2
11161,1,-2,-2
11162,1,-2,-2
11163,0,-2,-2
11164,0,-2,-2
11165,0,-2,-2
11166,1,-2,-2
11167,0,-2,-2
11168,1,-2,-2
11169,1,-2,-2
11170,1,-2,-2
11171,1,-2,-2
11172,1,-1,-1
11173,0,-2,-2
11174,1,-1,-1
11175,1,-1,-1
11176,0,-2,-2
11177,0,-2,-2
11178,0,-2,-2
11179,1,-2,-2
11180,0,-1,-1
11181,1,-2,-2
11182,1,-1,-1
11183,0,-2,-2
11184,0,-2,-2
11185,1,-2,-2
11186,1,-2,-2
11187,0,-1,-1
11188,1,-2,-2
11189,0,-1,-1
11190,1,-2,-2
11191,1,-2,-2
11192,1,-2,-2
11193,1,-2,-2
11194,0,-2,-2
11195,1,-2,-2
11196,0,-2,-2
11197,0,-2,-2
11198,1,-2,-2
11199,0,-1,-1
11200,1,-2,-2
11201,0,-2,-2
11202,1,-2,-2
11203,0,-2,-2
11204,1,-2,-2
11205,0,-2,-2
11206,1,-2,-2
11207,1,-2,-2
11208,1,-1,-1
11209,0,-1,-1
11210,1,-1,-1
11211,1,-2,-2
11212,1,-2,-2
11213,0,-2,-2
11214,0,-2,-2
11215,0,-2,-2
11216,0,-1,-1
11217,0,-2,-2
11218,0,-2,-2
11219,0,-2,-2
11220,1,-2,-2
11221,1,-1,-1
11222,1,-2,-2
11223,1,-1,-1
11224,0,-2,-2
11225,0,-2,-2
11226,0,-2,-2
11227,0,-1,-1
11228,0,-2,-2
11229,0,-2,-2
11230,0,-1,-1
11231,1,-2,-2
11232,0,-2,-2
11233,1,-2,-2
11234,0,-2,-2
11235,1,-2,-2
11236,0,-1,-1
11237,0,-1,-1
11238,0,-2,-2
11239,1,-2,-2
11240,1,-2,-2
11241,0,-2,-2
11242,0,-2,-2
11243,0,-2,-2
11244,0,-2,-2
11245,1,-1,-1
11246,0,-2,-2
11247,0,-2,-2
11248,0,-2,-2
11249,1,-2,-2
11250,0,-1,-1
11251,0,-2,-2
11252,1,-1,-1
11253,1,-2,-2
11254,1,-2,-2
11255,0,-2,-2
11256,0,-2,-2
11257,0,-2,-2
11258,1,-2,-2
11259,1,-2,-2
11260,1,-2,-2
11261,0,-2,-2
11262,0,-2,-2
11263,1,-2,-2
11264,0,-2,-2
11265,0,-2,-2
11266,1,-2,-2
11267,0,-2,-2
11268,1,-2,-2
11269,0,-2,-2
11270,1,-2,-2
11271,0,-2,-2
11272,1,-2,-2
11273,0,-1,-1
11274,0,-1,-1
11275,0,-1,-1
11276,1,-2,-2
11277,1,-1,-1
11278,0,-2,-2
11279,1,-2,-2
11280,1,-2,-2
11281,0,-2,-2
11282,1,-1,-1
11283,1,-2,-2
11284,1,-2,-2
11285,0,-2,-2
11286,0,-2,-2
11287,1,-2,-2
11288,1,-1,-1
11289,0,-2,-2
11290,1,-2,-2
11291,1,-2,-2
11292,0,-2,-2
11293,1,-2,-2
11294,0,-2,-2
11295,0,-2,-2
11296,1,-1,-1
11297,1,-2,-2
11298,1,-2,-2
11299,0,-2,-2
11300,1,-2,-2
11301,0,-2,-2
11302,0,-1,-1
11303,0,-2,-2
11304,1,-1,-1
11305,1,-2,-2
11306,0,-2,-2
11307,0,-2,-2
11308,0,-2,-2
11309,1,-2,-2
11310,0,-2,-2
11311,1,-2,-2
11312,0,-2,-2
11313,0,-2,-2
11314,1,-1,-1
11315,0,-2,-2
11316,1,-1,-1
11317,1,-2,-2
11318,1,-2,-2
11319,1,-1,-1
11320,1,-2,-2
11321,1,-2,-2
11322,1,-2,-2
11323,1,-2,-2
11324,0,-2,-2
11325,1,-2,-2
11326,0,-2,-2
11327,0,-1,-1
11328,0,-1,-1
11329,1,-2,-2
11330,1,-2,-2
11331,1,-2,-2
11332,0,-2,-2
11333,0,-1,-1
11334,0,-2,-2
11335,0,-2,-2
11336,0,-2,-2
11337,0,-2,-2
11338,0,-2,-2
11339,0,-1,-1
11340,1,-2,-2
11341,0,-2,-2
11342,0,-1,-1
11343,1,-2,-2
11344,0,-2,-2
11345,0,-2,-2
11346,0,-2,-2
11347,0,-2,-2
11348,0,-2,-2
11349,1,-1,-1
11350,0,-2,-2
11351,0,-2,-2
11352,0,-1,-1
11353,1,-2,-2
11354,0,-2,-2
11355,0,-1,-1
11356,0,-2,-2
11357,0,-2,-2
11358,1,-2,-2
11359,0,-2,-2
11360,1,-2,-2
11361,1,-1,-1
11362,1,-2,-2
11363,0,-2,-2
11364,1,-2,-2
11365,0,-2,-2
11366,1,-2,-2
11367,1,-2,-2
11368,0,-2,-2
11369,1,-2,-2
11370,1,-2,-2
11371,0,-2,-2
11372,0,-2,-2
11373,0,-2,-2
11374,1,-2,-2
11375,0,-2,-2
11376,1,-2,-2
11377,0,-2,-2
11378,1,-2,-2
11379,0,-2,-2
11380,0,-2,-2
11381,1,-2,-2
11382,0,-1,-1
11383,1,-2,-2
11384,1,-1,-1
11385,1,-1,-1
11386,0,-2,-2
11387,1,-2,-2
11388,0,-2,-2
11389,1,-1,-1
11390,0,-2,-2
11391,0,-1,-1
11392,1,-2,-2
11393,1,-2,-2
11394,1,-1,-1
11395,1,-2,-2
11396,1,-2,-2
11397,0,-1,-1
11398,1,-2,-2
11399,0,-2,-2
11400,1,-2,-2
11401,0,-2,-2
11402,1,-2,-2
11403,0,-2,-2
11404,1,-2,-2
11405,1,-2,-2
11406,1,-2,-2
11407,0,-2,-2
11408,0,-2,-2
11409,0,-1,-1
11410,0,-1,-1
11411,1,-2,-2
11412,1,-2,-2
11413,1,-2,-2
11414,0,-2,-2
11415,0,-2,-2
11416,0,-2,-2
11417,1,-2,-2
11418,0,-2,-2
11419,1,-2,-2
11420,0,-2,-2
11421,0,-2,-2
11422,1,-2,-2
11423,0,-2,-2
11424,0,-2,-2
11425,1,-1,-1
11426,1,-2,-2
11427,0,-1,-1
11428,0,-2,-2
11429,1,-1,-1
11430,1,-1,-1
11431,1,-2,-2
11432,0,-2,-2
11433,0,-2,-2
11434,1,-1,-1
11435,1,-1,-1
11436,0,-1,-1
11437,1,-2,-2
11438,1,-1,-1
11439,0,-1,-1
11440,0,-1,-1
11441,1,-2,-2
11442,1,-2,-2
11443,0,-2,-2
11444,1,-2,-2
11445,1,-2,-2
11446,0,-2,-2
11447,1,-2,-2
11448,1,-2,-2
11449,1,-2,-2
11450,1,-1,-1
11451,1,-2,-2
11452,1,-2,-2
11453,0,-2,-2
11454,1,-2,-2
11455,0,-2,-2
11456,0,-2,-2
11457,1,-2,-2
11458,0,-2,-2
11459,0,-2,-2
11460,1,-2,-2
11461,0,-1,-1
11462,0,-2,-2
11463,1,-1,-1
11464,0,-1,-1
11465,1,-2,-2
11466,0,-1,-1
11467,1,-2,-2
11468,1,-2,-2
11469,0,-2,-2
11470,0,-2,-2
11471,0,-2,-2
11472,0,-1,-1
11473,0,-2,-2
11474,0,-2,-2
11475,1,-2,-2
11476,1,-2,-2
11477,0,-2,-2
11478,0,-2,-2
11479,1,-2,-2
11480,1,-2,-2
11481,1,-2,-2
11482,0,-2,-2
11483,0,-2,-2
11484,0,-1,-1
11485,1,-2,-2
11486,1,-2,-2
11487,0,-2,-2
11488,0,-1,-1
11489,1,-1,-1
11490,0,-2,-2
11491,1,-2,-2
11492,0,-2,-2
11493,1,-2,-2
11494,0,-2,-2
11495,1,-2,-2
11496,0,-2,-2
11497,1,-1,-1
11498,0,-2,-2
11499,0,-2,-2
11500,1,-2,-2
11501,1,-2,-2
11502,1,-1,-1
11503,0,-2,-2
11504,1,-2,-2
11505,0,-2,-2
11506,1,-2,-2
11507,1,-2,-2
11508,1,-2,-2
11509,1,-1,-1
11510,1,-1,-1
11511,0,-2,-2
11512,1,-2,-2
11513,0,-2,-2
11514,1,-2,-2
11515,1,-2,-2
11516,0,-2,-2
11517,0,-2,-2
11518,1,-2,-2
11519,0,-2,-2
11520,0,-1,-1
11521,1,-2,-2
11522,0,-1,-1
11523,1,-2,-2
11524,0,-2,-2
11525,1,-2,-2
11526,0,-2,-2
11527,0,-2,-2
11528,0,-2,-2
11529,0,-2,-2
11530,0,-2,-2
11531,1,-2,-2
11532,1,-2,-2
11533,1,-2,-2
11534,0,-2,-2
11535,0,-2,-2
11536,0,-2,-2
11537,1,-2,-2
11538,1,-1,-1
11539,1,-2,-2
11540,0,-2,-2
11541,0,-2,-2
11542,0,-1,-1
11543,1,-2,-2
11544,1,-1,-1
11545,0,-1,-1
11546,1,-2,-2
11547,0,-2,-2
11548,0,-2,-2
11549,1,-2,-2
11550,0,-2,-2
11551,0,-2,-2
11552,1,-2,-2
11553,0,-2,-2
11554,1,-2,-2
11555,0,-2,-2
11556,1,-2,-2
11557,1,-2,-2
11558,0,-2,-2
11559,0,-2,-2
11560,0,-2,-2
11561,1,-2,-2
11562,1,-2,-2
11563,0,-2,-2
11564,1,-1,-1
11565,1,-2,-2
11566,1,-2,-2
11567,1,-1,-1
11568,0,-2,-2
11569,0,-2,-2
11570,0,-2,-2
11571,1,-2,-2
11572,0,-2,-2
11573,1,-1,-1
11574,1,-1,-1
11575,0,-1,-1
11576,1,-2,-2
11577,1,-2,-2
11578,0,-1,-1
11579,0,-2,-2
11580,0,-2,-2
11581,0,-2,-2
11582,1,-1,-1
11583,1,-2,-2
11584,1,-1,-1
11585,1,-1,-1
11586,0,-1,-1
11587,1,-2,-2
11588,0,-2,-2
11589,1,-2,-2
11590,0,-2,-2
11591,0,-1,-1
11592,1,-2,-2
11593,1,-2,-2
11594,1,-2,-2
11595,1,-2,-2
11596,0,-2,-2
11597,1,-1,-1
11598,1,-2,-2
11599,0,-2,-2
11600,0,-1,-1
11601,0,-2,-2
11602,1,-2,-2
11603,1,-2,-2
11604,1,-2,-2
11605,1,-2,-2
11606,0,-1,-1
11607,1,-2,-2
11608,0,-1,-1
11609,0,-2,-2
11610,0,-1,-1
11611,0,-2,-2
11612,0,-2,-2
11613,1,-2,-2
11614,1,-2,-2
11615,1,-2,-2
11616,0,-2,-2
11617,0,-1,-1
11618,0,-1,-1
11619,0,-2,-2
11620,0,-1,-1
11621,0,-2,-2
11622,1,-1,-1
11623,1,-1,-1
11624,1,-2,-2
11625,1,-2,-2
11626,1,-2,-2
11627,0,-2,-2
11628,1,-2,-2
11629,0,-1,-1
11630,1,-2,-2
11631,0,-2,-2
11632,0,-2,-2
11633,1,-2,-2
11634,0,-2,-2
11635,0,-1,-1
11636,0,-2,-2
11637,1,-2,-2
11638,0,-2,-2
11639,1,-2,-2
11640,1,-1,-1
11641,0,-2,-2
11642,1,-2,-2
11643,1,-1,-1
11644,1,-2,-2
11645,0,-2,-2
11646,1,-2,-2
11647,0,-1,-1
11648,0,-2,-2
11649,0,-2,-2
11650,1,-2,-2
11651,1,-2,-2
11652,1,-2,-2
11653,0,-2,-2
11654,0,-2,-2
11655,0,-2,-2
11656,1,-2,-2
11657,0,-2,-2
11658,1,-2,-2
11659,0,-1,-1
11660,1,-2,-2
11661,0,-2,-2
11662,1,-2,-2
11663,1,-1,-1
11664,0,-2,-2
11665,1,-2,-2
11666,1,-2,-2
11667,1,-2,-2
11668,1,-2,-2
11669,1,-2,-2
11670,1,-2,-2
11671,1,-2,-2
11672,1,-2,-2
11673,0,-2,-2
11674,1,-2,-2
11675,1,-2,-2
11676,1,-2,-2
11677,0,-2,-2
11678,0,-2,-2
11679,0,-2,-2
11680,1,-1,-1
11681,0,-2,-2
11682,0,-2,-2
11683,0,-1,-1
11684,0,-2,-2
11685,1,-2,-2
11686,1,-2,-2
11687,0,-2,-2
11688,1,-2,-2
11689,1,-2,-2
11690,0,-2,-2
11691,1,-2,-2
11692,0,-1,-1
11693,1,-2,-2
11694,1,-2,-2
11695,1,-2,-2
11696,0,-2,-2
11697,1,-2,-2
11698,0,-2,-2
11699,0,-2,-2
11700,1,-2,-2
11701,0,-2,-2
11702,0,-2,-2
11703,1,-1,-1
11704,1,-1,-1
11705,0,-2,-2
11706,0,-2,-2
11707,0,-2,-2
11708,1,-2,-2
11709,0,-2,-2
11710,0,-1,-1
11711,0,-2,-2
11712,1,-2,-2
11713,0,-1,-1
11714,1,-2,-2
11715,1,-2,-2
11716,0,-2,-2
11717,1,-2,-2
11718,1,-1,-1
11719,1,-1,-1
11720,1,-2,-2
11721,1,-1,-1
11722,1,-1,-1
11723,1,-2,-2
11724,0,-2,-2
11725,1,-1,-1
11726,0,-2,-2
11727,0,-2,-2
11728,1,-2,-2
11729,1,-2,-2
11730,0,-2,-2
11731,1,-1,-1
11732,0,-2,-2
11733,1,-1,-1
11734,0,-2,-2
11735,1,-2,-2
11736,0,-2,-2
11737,0,-2,-2
11738,1,-2,-2
11739,1,-2,-2
11740,0,-2,-2
11741,1,-2,-2
11742,0,-2,-2
11743,0,-2,-2
11744,0,-1,-1
11745,0,-2,-2
11746,1,-1,-1
11747,1,-2,-2
11748,0,-2,-2
11749,1,-2,-2
11750,0,-2,-2
11751,0,-1,-1
11752,0,-1,-1
11753,0,-1,-1
11754,0,-2,-2
11755,1,-2,-2
11756,0,-2,-2
11757,1,-1,-1
11758,0,-2,-2
11759,1,-2,-2
11760,0,-1,-1
11761,0,-2,-2
11762,1,-2,-2
11763,0,-2,-2
11764,0,-2,-2
11765,1,-2,-2
11766,0,-2,-2
11767,0,-2,-2
11768,0,-2,-2
11769,0,-2,-2
11770,1,-2,-2
11771,0,-2,-2
11772,0,-1,-1
11773,1,-2,-2
11774,1,-1,-1
11775,0,-2,-2
11776,1,-2,-2
11777,1,-2,-2
11778,0,-1,-1
11779,0,-2,-2
11780,1,-2,-2
11781,0,-2,-2
11782,0,-2,-2
11783,0,-2,-2
11784,1,-1,-1
11785,1,-2,-2
11786,1,-2,-2
11787,0,-2,-2
11788,1,-1,-1
11789,1,-2,-2
11790,0,-2,-2
11791,0,-1,-1
11792,0,-2,-2
11793,1,-2,-2
11794,0,-1,-1
11795,1,-1,-1
11796,1,-2,-2
11797,0,-2,-2
11798,1,-1,-1
11799,0,-2,-2
11800,1,-1,-1
11801,0,-2,-2
11802,1,-2,-2
11803,1,-2,-2
11804,0,-2,-2
11805,1,-2,-2
11806,1,-1,-1
11807,1,-2,-2
11808,0,-2,-2
11809,1,-2,-2
11810,1,-2,-2
11811,0,-2,-2
11812,1,-2,-2
11813,1,-2,-2
11814,1,-1,-1
11815,1,-1,-1
11816,1,-2,-2
11817,0,-1,-1
11818,1,-1,-1
11819,0,-2,-2
11820,0,-2,-2
11821,1,-2,-2
11822,0,-2,-2
11823,0,-2,-2
11824,1,-2,-2
11825,0,-2,-2
11826,0,-2,-2
11827,1,-2,-2
11828,0,-2,-2
11829,0,-2,-2
11830,0,-2,-2
11831,0,-1,-1
11832,1,-1,-1
11833,0,-2,-2
11834,0,-2,-2
11835,0,-2,-2
11836,0,-2,-2
11837,0,-1,-1
11838,0,-2,-2
11839,1,-2,-2
11840,1,-2,-2
11841,0,-1,-1
11842,0,-1,-1
11843,0,-1,-1
11844,1,-1,-1
11845,1,-2,-2
11846,0,-1,-1
11847,1,-2,-2
11848,0,-2,-2
11849,1,-2,-2
11850,0,-2,-2
11851,1,-2,-2
11852,0,-1,-1
11853,0,-2,-2
11854,1,-2,-2
11855,1,-1,-1
11856,0,-2,-2
11857,1,-1,-1
11858,1,-2,-2
11859,1,-2,-2
11860,1,-2,-2
11861,1,-2,-2
11862,0,-1,-1
11863,1,-2,-2
11864,1,-2,-2
11865,0,-2,-2
11866,1,-1,-1
11867,0,-2,-2
11868,0,-2,-2
11869,0,-2,-2
11870,1,-2,-2
11871,1,-1,-1
11872,0,-2,-2
11873,1,-2,-2
11874,0,-2,-2
11875,1,-1,-1
11876,1,-2,-2
11877,1,-2,-2
11878,0,-2,-2
11879,1,-2,-2
11880,1,-2,-2
11881,0,-2,-2
11882,0,-2,-2
11883,1,-2,-2
11884,0,-1,-1
11885,0,-2,-2
11886,1,-2,-2
11887,0,-2,-2
11888,1,-2,-2
11889,0,-2,-2
11890,0,-1,-1
11891,0,-2,-2
11892,1,-2,-2
11893,1,-2,-2
11894,0,-1,-1
11895,0,-1,-1
11896,1,-2,-2
11897,1,-2,-2
11898,0,-2,-2
11899,1,-2,-2
11900,1,-2,-2
11901,0,-2,-2
11902,1,-2,-2
11903,0,-1,-1
11904,0,-2,-2
11905,1,-2,-2
11906,1,-2,-2
11907,0,-2,-2
11908,0,-2,-2
11909,0,-2,-2
11910,0,-1,-1
11911,0,-2,-2
11912,0,-1,-1
11913,0,-1,-1
11914,1,-2,-2
11915,1,-1,-1
11916,0,-1,-1
11917,0,-1,-1
11918,0,-2,-2
11919,0,-1,-1
11920,1,-1,-1
11921,0,-2,-2
11922,0,-2,-2
11923,0,-2,-2
11924,0,-2,-2
11925,1,-2,-2
11926,1,-2,-2
11927,1,-2,-2
11928,0,-2,-2
11929,0,-2,-2
11930,1,-1,-1
11931,1,-2,-2
11932,0,-2,-2
11933,0,-2,-2
11934,0,-2,-2
11935,1,-1,-1
11936,0,-2,-2
11937,0,-2,-2
11938,0,-2,-2
11939,1,-2,-2
11940,1,-1,-1
11941,1,-2,-2
11942,0,-2,-2
11943,0,-1,-1
11944,0,-2,-2
11945,1,-2,-2
11946,0,-1,-1
11947,0,-2,-2
11948,1,-1,-1
11949,1,-2,-2
11950,0,-2,-2
11951,0,-2,-2
11952,1,-1,-1
11953,0,-2,-2
11954,1,-2,-2
11955,0,-1,-1
11956,1,-2,-2
11957,0,-1,-1
11958,1,-1,-1
11959,0,-2,-2
11960,0,-2,-2
11961,1,-2,-2
11962,1,-2,-2
11963,1,-2,-2
11964,0,-2,-2
11965,0,-2,-2
11966,1,-2,-2
11967,0,-2,-2
11968,1,-2,-2
11969,0,-2,-2
11970,0,-1,-1
11971,1,-2,-2
11972,1,-2,-2
11973,1,-1,-1
11974,0,-2,-2
11975,1,-2,-2
11976,0,-1,-1
11977,1,-2,-2
11978,0,-2,-2
11979,1,-2,-2
11980,1,-2,-2
11981,1,-2,-2
11982,1,-1,-1
11983,1,-2,-2
11984,0,-2,-2
11985,1,-1,-1
11986,0,-2,-2
11987,0,-1,-1
11988,1,-1,-1
11989,0,-1,-1
11990,1,-2,-2
11991,0,-1,-1
11992,0,-1,-1
11993,1,-2,-2
11994,0,-2,-2
11995,1,-2,-2
11996,0,-2,-2
11997,1,-1,-1
11998,1,-2,-2
11999,1,-2,-2
12000,0,-2,-2
12001,0,-1,-1
12002,0,-2,-2
12003,0,-2,-2
12004,0,-2,-2
12005,0,-2,-2
12006,1,-1,-1
12007,1,-2,-2
12008,0,-2,-2
12009,0,-2,-2
12010,0,-2,-2
12011,1,-2,-2
12012,0,-2,-2
12013,1,-2,-2
12014,0,-2,-2
12015,0,-1,-1
12016,1,-2,-2
12017,1,-2,-2
12018,0,-2,-2
12019,1,-2,-2
12020,1,-1,-1
12021,0,-2,-2
12022,0,-2,-2
12023,1,-2,-2
12024,1,-2,-2
12025,1,-2,-2
12026,1,-1,-1
12027,1,-2,-2
12028,0,-2,-2
12029,0,-2,-2
12030,1,-2,-2
12031,1,-2,-2
12032,0,-2,-2
12033,1,-2,-2
12034,1,-2,-2
12035,0,-1,-1
12036,1,-1,-1
12037,0,-2,-2
12038,0,-2,-2
12039,1,-2,-2
12040,1,-2,-2
12041,0,-2,-2
12042,1,-2,-2
12043,1,-2,-2
12044,0,-2,-2
12045,1,-1,-1
12046,0,-2,-2
12047,0,-2,-2
12048,1,-1,-1
12049,0,-2,-2
12050,1,-2,-2
12051,1,-2,-2
12052,1,-2,-2
12053,1,-1,-1
12054,1,-2,-2
12055,0,-2,-2
12056,0,-2,-2
12057,0,-2,-2
12058,0,-2,-2
12059,0,-2,-2
12060,1,-2,-2
12061,1,-2,-2
12062,1,-2,-2
12063,1,-2,-2
12064,0,-2,-2
12065,1,-2,-2
12066,1,-2,-2
12067,1,-2,-2
12068,1,-2,-2
12069,0,-2,-2
12070,1,-2,-2
12071,0,-1,-1
12072,0,-2,-2
12073,1,-2,-2
12074,0,-2,-2
12075,0,-1,-1
12076,1,-1,-1
12077,0,-2,-2
12078,0,-1,-1
12079,0,-2,-2
12080,1,-2,-2
12081,1,-2,-2
12082,0,-1,-1
12083,1,-2,-2
12084,0,-2,-2
12085,1,-2,-2
12086,0,-1,-1
12087,1,-1,-1
12088,1,-2,-2
12089,0,-2,-2
12090,0,-2,-2
12091,0,-2,-2
12092,1,-1,-1
12093,1,-2,-2
12094,1,-1,-1
12095,1,-2,-2
12096,1,-2,-2
12097,1,-2,-2
12098,1,-2,-2
12099,1,-2,-2
12100,1,-2,-2
12101,1,-2,-2
12102,1,-2,-2
12103,1,-2,-2
12104,1,-2,-2
12105,0,-2,-2
12106,0,-1,-1
12107,0,-2,-2
12108,0,-2,-2
12109,0,-1,-1
12110,1,-2,-2
12111,0,-2,-2
12112,1,-2,-2
12113,1,-2,-2
12114,1,-2,-2
12115,0,-1,-1
12116,1,-2,-2
12117,0,-2,-2
12118,1,-1,-1
12119,1,-2,-2
12120,1,-2,-2
12121,1,-1,-1
12122,0,-2,-2
12123,1,-2,-2
12124,0,-2,-2
12125,0,-2,-2
12126,1,-2,-2
12127,1,-2,-2
12128,0,-2,-2
12129,1,-2,-2
12130,1,-2,-2
12131,0,-2,-2
12132,1,-2,-2
12133,1,-2,-2
12134,1,-2,-2
12135,1,-2,-2
12136,1,-2,-2
12137,1,-2,-2
12138,1,-2,-2
12139,1,-2,-2
12140,1,-1,-1
12141,1,-2,-2
12142,0,-2,-2
12143,0,-2,-2
12144,0,-2,-2
12145,0,-2,-2
12146,1,-2,-2
12147,1,-2,-2
12148,0,-2,-2
12149,0,-1,-1
12150,0,-2,-2
12151,0,-2,-2
12152,1,-1,-1
12153,0,-2,-2
12154,1,-2,-2
12155,1,-2,-2
12156,0,-2,-2
12157,0,-2,-2
12158,1,-2,-2
12159,0,-2,-2
12160,1,-2,-2
12161,0,-2,-2
12162,0,-1,-1
12163,1,-2,-2
12164,1,-1,-1
12165,0,-2,-2
12166,1,-1,-1
12167,0,-2,-2
12168,0,-1,-1
12169,0,-2,-2
12170,1,-2,-2
12171,1,-2,-2
12172,0,-2,-2
12173,1,-2,-2
12174,0,-2,-2
12175,1,-2,-2
12176,1,-2,-2
12177,1,-1,-1
12178,0,-2,-2
12179,0,-1,-1
12180,1,-2,-2
12181,0,-2,-2
12182,1,-2,-2
12183,1,-2,-2
12184,1,-2,-2
12185,1,-2,-2
12186,0,-1,-1
12187,0,-2,-2
12188,1,-2,-2
12189,1,-1,-1
12190,0,-2,-2
12191,1,-1,-1
12192,0,-2,-2
12193,1,-2,-2
12194,0,-1,-1
12195,1,-1,-1
12196,0,-2,-2
12197,0,-2,-2
12198,1,-2,-2
12199,0,-2,-2
12200,0,-2,-2
12201,0,-1,-1
12202,1,-2,-2
12203,1,-2,-2
12204,0,-2,-2
12205,0,-2,-2
12206,1,-1,-1
12207,0,-2,-2
12208,0,-2,-2
12209,0,-2,-2
12210,0,-2,-2
12211,0,-2,-2
12212,1,-2,-2
12213,0,-2,-2
12214,1,-1,-1
12215,0,-2,-2
12216,0,-2,-2
12217,1,-2,-2
12218,1,-2,-2
12219,0,-2,-2
12220,0,-1,-1
12221,0,-2,-2
12222,0,-2,-2
12223,1,-2,-2
12224,0,-1,-1
12225,1,-2,-2
12226,0,-2,-2
12227,0,-2,-2
12228,0,-2,-2
12229,0,-1,-1
12230,1,-1,-1
12231,0,-2,-2
12232,1,-1,-1
12233,0,-2,-2
12234,0,-2,-2
12235,0,-2,-2
12236,0,-2,-2
12237,1,-2,-2
12238,0,-2,-2
12239,0,-2,-2
12240,0,-2,-2
12241,0,-2,-2
12242,0,-2,-2
12243,1,-2,-2
12244,0,-2,-2
12245,1,-2,-2
12246,0,-1,-1
12247,1,-2,-2
12248,1,-2,-2
12249,1,-2,-2
12250,0,-2,-2
12251,1,-1,-1
12252,1,-1,-1
12253,1,-2,-2
12254,0,-2,-2
12255,1,-1,-1
12256,0,-2,-2
12257,0,-2,-2
12258,0,-2,-2
12259,0,-2,-2
12260,1,-2,-2
12261,0,-2,-2
12262,0,-2,-2
12263,0,-1,-1
12264,1,-2,-2
12265,1,-2,-2
12266,1,-2,-2
12267,1,-1,-1
12268,1,-2,-2
12269,0,-1,-1
12270,0,-2,-2
12271,0,-2,-2
12272,0,-1,-1
12273,1,-2,-2
12274,0,-2,-2
12275,1,-1,-1
12276,1,-2,-2
12277,0,-1,-1
12278,0,-2,-2
12279,1,-2,-2
12280,1,-2,-2
12281,0,-2,-2
12282,1,-1,-1
12283,0,-2,-2
12284,1,-1,-1
12285,1,-2,-2
12286,1,-2,-2
12287,1,-1,-1
12288,1,-2,-2
12289,0,-2,-2
12290,0,-1,-1
12291,1,-1,-1
12292,1,-2,-2
12293,0,-2,-2
12294,1,-2,-2
12295,0,-2,-2
12296,1,-2,-2
12297,1,-2,-2
12298,1,-1,-1
12299,0,-2,-2
12300,0,-2,-2
12301,1,-2,-2
12302,1,-2,-2
12303,0,-1,-1
12304,0,-1,-1
12305,0,-2,-2
12306,1,-2,-2
12307,0,-2,-2
12308,0,-2,-2
12309,1,-2,-2
12310,0,-2,-2
12311,0,-2,-2
12312,0,-2,-2
12313,1,-2,-2
12314,1,-2,-2
12315,1,-1,-1
12316,1,-2,-2
12317,1,-1,-1
12318,1,-1,-1
12319,0,-1,-1
12320,0,-2,-2
12321,0,-2,-2
12322,1,-2,-2
12323,0,-2,-2
12324,0,-2,-2
12325,0,-2,-2
12326,0,-2,-2
12327,0,-1,-1
12328,1,-1,-1
12329,1,-2,-2
12330,0,-2,-2
12331,1,-2,-2
12332,0,-2,-2
12333,1,-1,-1
12334,0,-2,-2
12335,1,-2,-2
12336,0,-2,-2
12337,1,-1,-1
12338,0,-2,-2
12339,1,-2,-2
12340,0,-2,-2
12341,0,-2,-2
12342,1,-2,-2
12343,1,-2,-2
12344,1,-2,-2
12345,1,-2,-2
12346,1,-2,-2
12347,0,-1,-1
12348,1,-2,-2
12349,0,-2,-2
12350,0,-2,-2
12351,0,-2,-2
12352,1,-2,-2
12353,1,-1,-1
12354,0,-2,-2
12355,1,-2,-2
12356,1,-2,-2
12357,1,-2,-2
12358,1,-2,-2
12359,0,-1,-1
12360,0,-2,-2
12361,0,-2,-2
12362,1,-2,-2
12363,1,-2,-2
12364,1,-2,-2
12365,0,-2,-2
12366,0,-2,-2
12367,1,-2,-2
12368,0,-2,-2
12369,0,-2,-2
12370,0,-2,-2
12371,0,-2,-2
12372,1,-2,-2
12373,1,-2,-2
12374,1,-2,-2
12375,0,-1,-1
12376,1,-2,-2
12377,1,-2,-2
12378,1,-2,-2
12379,0,-2,-2
12380,0,-1,-1
12381,0,-1,-1
12382,1,-1,-1
12383,1,-2,-2
12384,1,-2,-2
12385,0,-2,-2
12386,0,-2,-2
12387,1,-2,-2
12388,1,-2,-2
12389,0,-1,-1
12390,0,-1,-1
12391,0,-2,-2
12392,0,-2,-2
12393,1,-2,-2
12394,0,-2,-2
12395,1,-2,-2
12396,0,-2,-2
12397,0,-2,-2
12398,0,-2,-2
12399,0,-1,-1
12400,0,-1,-1
12401,1,-2,-2
12402,1,-2,-2
12403,1,-2,-2
12404,1,-2,-2
12405,0,-1,-1
12406,0,-2,-2
12407,1,-2,-2
12408,0,-2,-2
12409,1,-2,-2
12410,1,-1,-1
12411,1,-2,-2
12412,1,-2,-2
12413,1,-2,-2
12414,1,-1,-1
12415,1,-2,-2
12416,1,-2,-2
12417,0,-2,-2
12418,0,-2,-2
12419,0,-2,-2
12420,1,-1,-1
12421,0,-2,-2
12422,0,-2,-2
12423,1,-2,-2
12424,0,-1,-1
12425,1,-2,-2
12426,0,-2,-2
12427,0,-1,-1
12428,1,-2,-2
12429,1,-2,-2
12430,1,-2,-2
12431,1,-2,-2
12432,0,-2,-2
12433,0,-2,-2
12434,1,-1,-1
12435,0,-2,-2
12436,0,-2,-2
12437,0,-2,-2
12438,1,-2,-2
12439,0,-2,-2
12440,1,-2,-2
12441,1,-1,-1
12442,0,-2,-2
12443,0,-2,-2
12444,0,-2,-2
12445,1,-2,-2
12446,0,-2,-2
12447,0,-1,-1
12448,0,-2,-2
12449,1,-2,-2
12450,1,-2,-2
12451,0,-1,-1
12452,1,-2,-2
12453,1,-2,-2
12454,0,-2,-2
12455,1,-2,-2
12456,0,-2,-2
12457,1,-2,-2
12458,1,-2,-2
12459,0,-2,-2
12460,1,-2,-2
12461,1,-1,-1
12462,0,-2,-2
12463,0,-1,-1
12464,1,-2,-2
12465,0,-2,-2
12466,0,-2,-2
12467,1,-2,-2
12468,1,-2,-2
12469,1,-2,-2
12470,1,-2,-2
12471,1,-2,-2
12472,0,-1,-1
12473,0,-2,-2
12474,0,-2,-2
12475,1,-2,-2
12476,0,-2,-2
12477,0,-2,-2
12478,1,-2,-2
12479,1,-2,-2
12480,0,-2,-2
12481,0,-1,-1
12482,1,-2,-2
12483,1,-2,-2
12484,1,-2,-2
12485,1,-2,-2
12486,0,-2,-2
12487,0,-2,-2
12488,0,-2,-2
12489,1,-1,-1
12490,1,-2,-2
12491,1,-1,-1
12492,1,-2,-2
12493,1,-2,-2
12494,1,-1,-1
12495,1,-2,-2
12496,1,-1,-1
12497,1,-2,-2
12498,0,-2,-2
12499,1,-2,-2
12500,1,-2,-2
12501,1,-2,-2
12502,0,-2,-2
12503,1,-1,-1
12504,0,-2,-2
12505,0,-1,-1
12506,0,-2,-2
12507,1,-2,-2
12508,1,-2,-2
12509,0,-2,-2
12510,0,-1,-1
12511,1,-2,-2
12512,1,-2,-2
12513,0,-2,-2
12514,0,-2,-2
12515,1,-2,-2
12516,1,-2,-2
12517,1,-2,-2
12518,1,-2,-2
12519,1,-2,-2
12520,0,-2,-2
12521,0,-2,-2
12522,0,-2,-2
12523,0,-2,-2
12524,0,-2,-2
12525,1,-2,-2
12526,1,-2,-2
12527,1,-2,-2
12528,0,-2,-2
12529,1,-2,-2
12530,1,-1,-1
12531,1,-2,-2
12532,1,-2,-2
12533,0,-2,-2
12534,0,-1,-1
12535,0,-1,-1
12536,1,-1,-1
12537,0,-2,-2
12538,1,-2,-2
12539,0,-2,-2
12540,0,-2,-2
12541,0,-2,-2
12542,1,-2,-2
12543,1,-2,-2
12544,1,-2,-2
12545,1,-1,-1
12546,0,-2,-2
12547,0,-2,-2
12548,0,-2,-2
12549,1,-2,-2
12550,0,-2,-2
12551,0,-2,-2
12552,1,-1,-1
12553,1,-2,-2
12554,0,-2,-2
12555,0,-2,-2
12556,0,-1,-1
12557,0,-2,-2
12558,0,-2,-2
12559,1,-2,-2
12560,1,-2,-2
12561,0,-2,-2
12562,0,-2,-2
12563,0,-2,-2
12564,0,-2,-2
12565,1,-2,-2
12566,0,-1,-1
12567,0,-2,-2
12568,0,-2,-2
12569,1,-2,-2
12570,0,-2,-2
12571,0,-2,-2
12572,1,-2,-2
12573,0,-2,-2
12574,1,-1,-1
12575,1,-1,-1
12576,1,-2,-2
12577,0,-1,-1
12578,1,-2,-2
12579,1,-2,-2
12580,0,-2,-2
12581,1,-1,-1
12582,0,-2,-2
12583,1,-2,-2
12584,0,-2,-2
12585,1,-2,-2
12586,1,-2,-2
12587,1,-2,-2
12588,0,-2,-2
12589,1,-2,-2
12590,0,-2,-2
12591,0,-2,-2
12592,0,-2,-2
12593,0,-2,-2
12594,0,-2,-2
12595,1,-2,-2
12596,0,-2,-2
12597,0,-2,-2
12598,0,-2,-2
12599,1,-2,-2
12600,0,-2,-2
12601,1,-2,-2
12602,0,-2,-2
12603,0,-2,-2
12604,1,-2,-2
12605,1,-2,-2
12606,0,-1,-1
12607,1,-2,-2
12608,1,-2,-2
12609,0,-2,-2
12610,0,-2,-2
12611,0,-2,-2
12612,0,-2,-2
12613,0,-2,-2
12614,1,-2,-2
12615,0,-2,-2
12616,1,-2,-2
12617,0,-2,-2
12618,0,-2,-2
12619,0,-1,-1
12620,0,-2,-2
12621,1,-2,-2
12622,1,-2,-2
12623,0,-2,-2
12624,1,-2,-2
12625,0,-2,-2
12626,1,-2,-2
12627,0,-1,-1
12628,1,-2,-2
12629,1,-2,-2
12630,1,-2,-2
12631,1,-2,-2
12632,1,-2,-2
12633,0,-2,-2
12634,0,-2,-2
12635,0,-1,-1
12636,0,-2,-2
12637,1,-1,-1
12638,0,-2,-2
12639,1,-2,-2
12640,0,-1,-1
12641,1,-2,-2
12642,0,-2,-2
12643,0,-2,-2
12644,0,-2,-2
12645,0,-2,-2
12646,1,-2,-2
12647,1,-2,-2
12648,1,-2,-2
12649,0,-2,-2
12650,0,-1,-1
12651,1,-2,-2
12652,1,-2,-2
12653,1,-2,-2
12654,0,-1,-1
12655,0,-1,-1
12656,1,-2,-2
12657,0,-2,-2
12658,1,-2,-2
12659,0,-1,-1
12660,0,-1,-1
12661,1,-2,-2
12662,1,-2,-2
12663,0,-2,-2
12664,1,-2,-2
12665,1,-1,-1
12666,0,-2,-2
12667,1,-2,-2
12668,0,-2,-2
12669,0,-2,-2
12670,1,-1,-1
12671,0,-2,-2
12672,0,-2,-2
12673,1,-2,-2
12674,0,-2,-2
12675,1,-2,-2
12676,1,-2,-2
12677,0,-1,-1
12678,0,-2,-2
12679,1,-2,-2
12680,1,-2,-2
12681,0,-2,-2
12682,1,-2,-2
12683,1,-2,-2
12684,1,-2,-2
12685,0,-2,-2
12686,0,-1,-1
12687,0,-2,-2
12688,0,-2,-2
12689,0,-2,-2
12690,1,-2,-2
12691,1,-2,-2
12692,0,-2,-2
12693,1,-2,-2
12694,0,-2,-2
12695,1,-2,-2
12696,1,-1,-1
12697,1,-2,-2
12698,1,-2,-2
12699,1,-2,-2
12700,1,-1,-1
12701,0,-2,-2
12702,1,-2,-2
12703,1,-2,-2
12704,0,-2,-2
12705,1,-2,-2
12706,1,-2,-2
12707,0,-1,-1
12708,1,-1,-1
12709,0,-2,-2
12710,0,-1,-1
12711,1,-2,-2
12712,0,-2,-2
12713,0,-2,-2
12714,1,-2,-2
12715,0,-2,-2
12716,0,-2,-2
12717,1,-2,-2
12718,1,-2,-2
12719,0,-2,-2
12720,0,-2,-2
12721,1,-2,-2
12722,1,-2,-2
12723,1,-2,-2
12724,0,-2,-2
12725,0,-1,-1
12726,1,-2,-2
12727,0,-2,-2
12728,0,-2,-2
12729,0,-2,-2
12730,0,-1,-1
12731,0,-1,-1
12732,1,-2,-2
12733,1,-1,-1
12734,0,-1,-1
12735,0,-2,-2
12736,0,-1,-1
12737,1,-1,-1
12738,0,-2,-2
12739,0,-2,-2
12740,0,-2,-2
12741,0,-2,-2
12742,1,-2,-2
12743,1,-2,-2
12744,1,-2,-2
12745,1,-2,-2
12746,1,-2,-2
12747,0,-2,-2
12748,1,-2,-2
12749,1,-2,-2
12750,1,-2,-2
12751,0,-1,-1
12752,1,-2,-2
12753,0,-2,-2
12754,1,-2,-2
12755,1,-2,-2
12756,0,-1,-1
12757,1,-2,-2
12758,1,-1,-1
12759,0,-2,-2
12760,1,-2,-2
12761,0,-2,-2
12762,0,-2,-2
12763,0,-2,-2
12764,1,-1,-1
12765,1,-2,-2
12766,0,-2,-2
12767,1,-1,-1
12768,1,-2,-2
12769,1,-2,-2
12770,1,-2,-2
12771,1,-2,-2
12772,1,-2,-2
12773,1,-2,-2
12774,1,-2,-2
12775,0,-1,-1
12776,1,-2,-2
12777,0,-2,-2
12778,1,-2,-2
12779,1,-2,-2
12780,0,-1,-1
12781,0,-2,-2
12782,0,-1,-1
12783,1,-2,-2
12784,0,-2,-2
12785,0,-2,-2
12786,0,-2,-2
12787,0,-2,-2
12788,0,-2,-2
12789,1,-2,-2
12790,1,-2,-2
12791,0,-2,-2
12792,0,-2,-2
12793,0,-2,-2
12794,1,-2,-2
12795,0,-1,-1
12796,0,-2,-2
12797,1,-2,-2
12798,1,-2,-2
12799,1,-1,-1
12800,1,-2,-2
12801,0,-1,-1
12802,1,-1,-1
12803,0,-2,-2
12804,1,-1,-1
12805,1,-2,-2
12806,0,-2,-2
12807,0,-2,-2
12808,1,-1,-1
12809,1,-1,-1
12810,1,-2,-2
12811,1,-2,-2
12812,0,-2,-2
12813,1,-2,-2
12814,0,-2,-2
12815,0,-2,-2
12816,1,-1,-1
12817,0,-2,-2
12818,1,-2,-2
12819,0,-1,-1
12820,1,-2,-2
12821,1,-1,-1
12822,1,-2,-2
12823,1,-2,-2
12824,0,-2,-2
12825,0,-1,-1
12826,1,-2,-2
12827,0,-2,-2
12828,0,-2,-2
12829,1,-1,-1
12830,1,-2,-2
12831,0,-2,-2
12832,0,-2,-2
12833,1,-2,-2
12834,0,-2,-2
12835,1,-2,-2
12836,0,-1,-1
12837,0,-2,-2
12838,1,-2,-2
12839,0,-2,-2
12840,0,-2,-2
12841,0,-2,-2
12842,0,-2,-2
12843,1,-2,-2
12844,1,-2,-2
12845,0,-2,-2
12846,0,-2,-2
12847,0,-2,-2
12848,1,-1,-1
12849,1,-1,-1
12850,1,-2,-2
12851,1,-2,-2
12852,1,-2,-2
12853,0,-2,-2
12854,1,-2,-2
12855,1,-1,-1
12856,1,-2,-2
12857,0,-2,-2
12858,0,-1,-1
12859,0,-2,-2
12860,0,-2,-2
12861,0,-2,-2
12862,1,-2,-2
12863,0,-2,-2
12864,0,-2,-2
12865,1,-2,-2
12866,0,-2,-2
12867,0,-2,-2
12868,0,-2,-2
12869,1,-1,-1
12870,1,-2,-2
12871,1,-1,-1
12872,1,-1,-1
12873,0,-1,-1
12874,1,-2,-2
12875,0,-2,-2
12876,0,-2,-2
12877,0,-2,-2
12878,0,-1,-1
12879,0,-2,-2
12880,1,-2,-2
12881,1,-2,-2
12882,0,-1,-1
12883,0,-2,-2
12884,0,-1,-1
12885,1,-2,-2
12886,0,-2,-2
12887,1,-2,-2
12888,0,-2,-2
12889,0,-2,-2
12890,0,-2,-2
12891,1,-2,-2
12892,1,-2,-2
12893,1,-1,-1
12894,1,-1,-1
12895,1,-2,-2
12896,1,-2,-2
12897,1,-2,-2
12898,1,-2,-2
12899,1,-2,-2
12900,0,-2,-2
12901,0,-2,-2
12902,0,-2,-2
12903,0,-2,-2
12904,0,-2,-2
12905,1,-2,-2
12906,0,-2,-2
12907,0,-2,-2
12908,0,-2,-2
12909,0,-2,-2
12910,0,-1,-1
12911,1,-1,-1
12912,1,-2,-2
12913,1,-2,-2
12914,1,-2,-2
12915,1,-2,-2
12916,1,-2,-2
12917,1,-2,-2
12918,1,-2,-2
12919,1,-2,-2
12920,1,-2,-2
12921,1,-2,-2
12922,0,-2,-2
12923,1,-2,-2
12924,1,-1,-1
12925,1,-2,-2
12926,1,-2,-2
12927,0,-1,-1
12928,1,-2,-2
12929,1,-2,-2
12930,0,-2,-2
12931,1,-1,-1
12932,1,-2,-2
12933,1,-2,-2
12934,0,-2,-2
12935,1,-2,-2
12936,0,-2,-2
12937,0,-1,-1
12938,0,-2,-2
12939,0,-1,-1
12940,1,-1,-1
12941,1,-2,-2
12942,0,-1,-1
12943,0,-2,-2
12944,1,-2,-2
12945,1,-2,-2
12946,0,-2,-2
12947,0,-2,-2
12948,0,-2,-2
12949,0,-2,-2
12950,1,-2,-2
12951,0,-2,-2
12952,0,-2,-2
12953,0,-2,-2
12954,1,-1,-1
12955,0,-2,-2
12956,0,-2,-2
12957,0,-2,-2
12958,1,-2,-2
12959,0,-1,-1
12960,0,-2,-2
12961,1,-2,-2
12962,1,-2,-2
12963,1,-2,-2
12964,1,-2,-2
12965,0,-2,-2
12966,0,-2,-2
12967,0,-2,-2
12968,0,-2,-2
12969,1,-1,-1
12970,1,-1,-1
12971,0,-2,-2
12972,0,-2,-2
12973,1,-2,-2
12974,1,-1,-1
12975,0,-2,-2
12976,0,-2,-2
12977,1,-2,-2
12978,1,-2,-2
12979,1,-2,-2
12980,0,-2,-2
12981,0,-1,-1
12982,1,-1,-1
12983,0,-1,-1
12984,0,-2,-2
12985,0,-2,-2
12986,0,-2,-2
12987,1,-2,-2
12988,1,-2,-2
12989,0,-2,-2
12990,1,-1,-1
12991,1,-2,-2
12992,0,-2,-2
12993,0,-2,-2
12994,0,-2,-2
12995,1,-2,-2
12996,1,-2,-2
12997,1,-2,-2
12998,0,-2,-2
12999,1,-2,-2
13000,1,-2,-2
13001,0,-2,-2
13002,1,-2,-2
13003,1,-1,-1
13004,0,-2,-2
13005,1,-2,-2
13006,1,-1,-1
13007,1,-2,-2
13008,0,-2,-2
13009,1,-2,-2
13010,1,-2,-2
13011,0,-2,-2
13012,1,-2,-2
13013,1,-1,-1
13014,0,-1,-1
13015,1,-1,-1
13016,0,-2,-2
13017,1,-2,-2
13018,1,-1,-1
13019,0,-2,-2
13020,0,-2,-2
13021,0,-2,-2
13022,1,-2,-2
13023,0,-2,-2
13024,1,-1,-1
13025,1,-2,-2
13026,0,-2,-2
13027,0,-2,-2
13028,1,-1,-1
13029,0,-2,-2
13030,0,-2,-2
13031,1,-1,-1
13032,0,-2,-2
13033,0,-2,-2
13034,1,-2,-2
13035,0,-2,-2
13036,0,-2,-2
13037,0,-2,-2
13038,1,-2,-2
13039,0,-2,-2
13040,1,-2,-2
13041,1,-2,-2
13042,1,-2,-2
13043,0,-1,-1
13044,0,-2,-2
13045,1,-2,-2
13046,1,-2,-2
13047,1,-2,-2
13048,1,-2,-2
13049,0,-2,-2
13050,0,-1,-1
13051,1,-1,-1
13052,1,-2,-2
13053,1,-1,-1
13054,1,-2,-2
13055,0,-2,-2
13056,0,-2,-2
13057,0,-2,-2
13058,1,-2,-2
13059,1,-2,-2
13060,1,-2,-2
13061,1,-2,-2
13062,1,-2,-2
13063,0,-2,-2
13064,0,-2,-2
13065,0,-2,-2
13066,0,-2,-2
13067,1,-2,-2
13068,1,-2,-2
13069,0,-2,-2
13070,1,-2,-2
13071,1,-2,-2
13072,1,-2,-2
13073,1,-2,-2
13074,0,-2,-2
13075,1,-2,-2
13076,1,-2,-2
13077,0,-2,-2
13078,0,-2,-2
13079,0,-1,-1
13080,1,-2,-2
13081,0,-2,-2
13082,0,-2,-2
13083,0,-2,-2
13084,1,-2,-2
13085,0,-2,-2
13086,1,-2,-2
13087,0,-2,-2
13088,1,-2,-2
13089,0,-2,-2
13090,0,-2,-2
13091,1,-2,-2
13092,0,-2,-2
13093,1,-2,-2
13094,0,-2,-2
13095,1,-2,-2
13096,1,-2,-2
13097,1,-2,-2
13098,0,-2,-2
13099,0,-2,-2
13100,1,-2,-2
13101,0,-2,-2
13102,0,-2,-2
13103,0,-2,-2
13104,0,-2,-2
13105,0,-1,-1
13106,1,-2,-2
13107,1,-2,-2
13108,0,-2,-2
13109,0,-2,-2
13110,0,-2,-2
13111,1,-2,-2
13112,0,-2,-2
13113,1,-2,-2
13114,0,-2,-2
13115,0,-2,-2
13116,0,-2,-2
13117,1,-2,-2
13118,0,-1,-1
13119,0,-2,-2
13120,0,-2,-2
13121,1,-2,-2
13122,0,-1,-1
13123,0,-2,-2
13124,1,-2,-2
13125,1,-2,-2
13126,1,-2,-2
13127,1,-2,-2
13128,0,-1,-1
13129,0,-2,-2
13130,0,-1,-1
13131,1,-2,-2
13132,0,-2,-2
13133,0,-2,-2
13134,0,-2,-2
13135,0,-1,-1
13136,1,-2,-2
13137,1,-1,-1
13138,0,-2,-2
13139,1,-2,-2
13140,0,-2,-2
13141,0,-2,-2
13142,1,-1,-1
13143,1,-1,-1
13144,1,-2,-2
13145,0,-2,-2
13146,1,-2,-2
13147,0,-2,-2
13148,0,-1,-1
13149,0,-1,-1
13150,1,-2,-2
13151,0,-2,-2
13152,1,-2,-2
13153,1,-2,-2
13154,0,-2,-2
13155,0,-1,-1
13156,1,-1,-1
13157,1,-2,-2
13158,1,-1,-1
13159,1,-1,-1
13160,1,-2,-2
13161,1,-2,-2
13162,0,-2,-2
13163,0,-2,-2
13164,1,-2,-2
13165,0,-2,-2
13166,1,-2,-2
13167,1,-1,-1
13168,1,-2,-2
13169,0,-2,-2
13170,0,-2,-2
13171,0,-2,-2
13172,1,-1,-1
13173,0,-2,-2
13174,1,-2,-2
13175,1,-1,-1
13176,1,-2,-2
13177,0,-1,-1
13178,0,-2,-2
13179,0,-1,-1
13180,1,-2,-2
13181,0,-2,-2
13182,1,-2,-2
13183,1,-2,-2
13184,1,-2,-2
13185,1,-2,-2
13186,1,-2,-2
13187,0,-1,-1
13188,0,-2,-2
13189,1,-2,-2
13190,1,-2,-2
13191,1,-2,-2
13192,1,-2,-2
13193,0,-2,-2
13194,0,-1,-1
13195,0,-2,-2
13196,1,-2,-2
13197,0,-2,-2
13198,0,-2,-2
13199,0,-1,-1
13200,0,-1,-1
13201,1,-1,-1
13202,1,-2,-2
13203,1,-2,-2
13204,1,-1,-1
13205,1,-2,-2
13206,1,-2,-2
13207,1,-2,-2
13208,0,-2,-2
13209,1,-2,-2
13210,1,-2,-2
13211,0,-1,-1
13212,1,-1,-1
13213,0,-1,-1
13214,0,-2,-2
13215,1,-2,-2
13216,0,-2,-2
13217,0,-2,-2
13218,0,-2,-2
13219,1,-2,-2
13220,0,-2,-2
13221,0,-2,-2
13222,1,-2,-2
13223,1,-2,-2
13224,1,-2,-2
13225,1,-1,-1
13226,1,-2,-2
13227,0,-2,-2
13228,0,-2,-2
13229,1,-2,-2
13230,0,-2,-2
13231,0,-2,-2
13232,0,-1,-1
13233,0,-2,-2
13234,0,-2,-2
13235,0,-2,-2
13236,0,-2,-2
13237,0,-1,-1
13238,0,-2,-2
13239,1,-1,-1
13240,0,-2,-2
13241,0,-2,-2
13242,1,-2,-2
13243,1,-2,-2
13244,1,-1,-1
13245,1,-2,-2
13246,1,-2,-2
13247,0,-2,-2
13248,0,-2,-2
13249,1,-1,-1
13250,0,-2,-2
13251,1,-2,-2
13252,1,-2,-2
13253,1,-2,-2
13254,1,-1,-1
13255,1,-2,-2
13256,1,-2,-2
13257,1,-2,-2
13258,1,-2,-2
13259,0,-2,-2
13260,1,-2,-2
13261,1,-1,-1
13262,1,-1,-1
13263,0,-2,-2
13264,0,-2,-2
13265,0,-2,-2
13266,0,-2,-2
13267,0,-2,-2
13268,0,-1,-1
13269,0,-2,-2
13270,0,-1,-1
13271,0,-2,-2
13272,1,-1,-1
13273,1,-2,-2
13274,0,-1,-1
13275,1,-2,-2
13276,1,-1,-1
13277,0,-2,-2
13278,1,-1,-1
13279,0,-1,-1
13280,0,-1,-1
13281,1,-2,-2
13282,0,-2,-2
13283,0,-2,-2
13284,1,-2,-2
13285,1,-2,-2
13286,1,-2,-2
13287,1,-2,-2
13288,1,-1,-1
13289,1,-1,-1
13290,1,-2,-2
13291,0,-2,-2
13292,0,-2,-2
13293,0,-2,-2
13294,0,-2,-2
13295,1,-2,-2
13296,1,-2,-2
13297,1,-2,-2
13298,1,-1,-1
13299,1,-1,-1
13300,1,-1,-1
13301,0,-2,-2
13302,0,-2,-2
13303,1,-2,-2
13304,1,-2,-2
13305,1,-2,-2
13306,1,-1,-1
13307,0,-2,-2
13308,0,-2,-2
13309,0,-2,-2
13310,1,-2,-2
13311,0,-2,-2
13312,1,-2,-2
13313,1,-1,-1
13314,0,-2,-2
13315,1,-2,-2
13316,0,-2,-2
13317,1,-1,-1
13318,0,-2,-2
13319,1,-2,-2
13320,1,-1,-1
13321,1,-2,-2
13322,1,-1,-1
13323,1,-1,-1
13324,1,-2,-2
13325,0,-2,-2
13326,1,-1,-1
13327,1,-2,-2
13328,1,-2,-2
13329,1,-2,-2
13330,1,-2,-2
13331,0,-2,-2
13332,0,-2,-2
13333,0,-1,-1
13334,1,-1,-1
13335,0,-2,-2
13336,1,-2,-2
13337,1,-2,-2
13338,1,-1,-1
13339,1,-2,-2
13340,1,-2,-2
13341,1,-2,-2
13342,1,-2,-2
13343,1,-2,-2
13344,1,-2,-2
13345,1,-2,-2
13346,1,-2,-2
13347,1,-1,-1
13348,0,-2,-2
13349,0,-2,-2
13350,1,-2,-2
13351,0,-2,-2
13352,0,-2,-2
13353,1,-2,-2
13354,1,-2,-2
13355,0,-2,-2
13356,0,-1,-1
13357,0,-1,-1
13358,1,-2,-2
13359,0,-2,-2
13360,0,-2,-2
13361,0,-2,-2
13362,0,-2,-2
13363,1,-2,-2
13364,0,-2,-2
13365,1,-1,-1
13366,1,-1,-1
13367,1,-2,-2
13368,0,-2,-2
13369,1,-2,-2
13370,0,-2,-2
13371,1,-2,-2
13372,0,-2,-2
13373,1,-2,-2
13374,0,-2,-2
13375,1,-2,-2
13376,1,-2,-2
13377,0,-2,-2
13378,0,-2,-2
13379,1,-1,-1
13380,1,-2,-2
13381,0,-1,-1
13382,1,-2,-2
13383,1,-2,-2
13384,0,-2,-2
13385,1,-2,-2
13386,0,-2,-2
13387,1,-2,-2
13388,0,-2,-2
13389,0,-2,-2
13390,0,-2,-2
13391,1,-2,-2
13392,1,-2,-2
13393,1,-2,-2
13394,1,-2,-2
13395,0,-2,-2
13396,0,-2,-2
13397,0,-2,-2
13398,0,-2,-2
13399,1,-1,-1
13400,0,-2,-2
13401,1,-2,-2
13402,1,-2,-2
13403,0,-1,-1
13404,1,-2,-2
13405,0,-1,-1
13406,1,-2,-2
13407,1,-2,-2
13408,1,-1,-1
13409,1,-1,-1
13410,1,-2,-2
13411,1,-2,-2
13412,0,-2,-2
13413,0,-2,-2
13414,0,-2,-2
13415,1,-2,-2
13416,1,-2,-2
13417,0,-2,-2
13418,1,-2,-2
13419,1,-2,-2
13420,0,-1,-1
13421,0,-2,-2
13422,0,-2,-2
13423,1,-2,-2
13424,1,-1,-1
13425,0,-2,-2
13426,0,-1,-1
13427,1,-2,-2
13428,0,-2,-2
13429,0,-2,-2
13430,0,-2,-2
13431,0,-1,-1
13432,1,-2,-2
13433,0,-2,-2
13434,1,-2,-2
13435,1,-2,-2
13436,0,-1,-1
13437,1,-1,-1
13438,0,-1,-1
13439,0,-1,-1
13440,0,-2,-2
13441,1,-2,-2
13442,1,-2,-2
13443,1,-2,-2
13444,1,-2,-2
13445,0,-2,-2
13446,1,-2,-2
13447,0,-2,-2
13448,1,-1,-1
13449,0,-2,-2
13450,0,-1,-1
13451,1,-1,-1
13452,1,-2,-2
13453,0,-2,-2
13454,0,-2,-2
13455,0,-2,-2
13456,1,-2,-2
13457,0,-2,-2
13458,1,-2,-2
13459,0,-2,-2
13460,1,-2,-2
13461,0,-2,-2
13462,1,-2,-2
13463,0,-1,-1
13464,1,-2,-2
13465,0,-2,-2
13466,0,-2,-2
13467,1,-2,-2
13468,0,-2,-2
13469,0,-2,-2
13470,0,-2,-2
13471,0,-2,-2
13472,0,-1,-1
13473,1,-2,-2
13474,0,-2,-2
13475,0,-2,-2
13476,0,-2,-2
13477,0,-2,-2
13478,1,-1,-1
13479,1,-2,-2
13480,1,-2,-2
13481,1,-2,-2
13482,1,-2,-2
13483,1,-2,-2
13484,0,-1,-1
13485,0,-2,-2
13486,1,-2,-2
13487,0,-2,-2
13488,0,-2,-2
13489,0,-2,-2
13490,1,-2,-2
13491,1,-2,-2
13492,0,-2,-2
13493,0,-2,-2
13494,0,-2,-2
13495,1,-1,-1
13496,0,-2,-2
13497,1,-2,-2
13498,0,-2,-2
13499,1,-1,-1
13500,1,-2,-2
13501,0,-2,-2
13502,1,-2,-2
13503,0,-1,-1
13504,0,-2,-2
13505,1,-2,-2
13506,1,-2,-2
13507,1,-2,-2
13508,1,-2,-2
13509,0,-2,-2
13510,0,-2,-2
13511,1,-2,-2
13512,0,-2,-2
13513,1,-1,-1
13514,0,-1,-1
13515,1,-2,-2
13516,1,-2,-2
13517,1,-2,-2
13518,0,-2,-2
13519,0,-1,-1
13520,0,-2,-2
13521,1,-2,-2
13522,1,-2,-2
13523,0,-2,-2
13524,0,-1,-1
13525,1,-1,-1
13526,0,-2,-2
13527,1,-2,-2
13528,1,-2,-2
13529,1,-2,-2
13530,1,-2,-2
13531,1,-2,-2
13532,1,-2,-2
13533,0,-2,-2
13534,1,-2,-2
13535,0,-2,-2
13536,0,-2,-2
13537,0,-2,-2
13538,0,-2,-2
13539,1,-2,-2
13540,1,-2,-2
13541,0,-2,-2
13542,0,-2,-2
13543,1,-2,-2
13544,1,-2,-2
13545,1,-1,-1
13546,0,-2,-2
13547,1,-2,-2
13548,0,-2,-2
13549,1,-2,-2
13550,1,-2,-2
13551,1,-2,-2
13552,1,-2,-2
13553,0,-2,-2
13554,0,-1,-1
13555,1,-2,-2
13556,1,-2,-2
13557,1,-2,-2
13558,0,-1,-1
13559,0,-2,-2
13560,1,-2,-2
13561,1,-2,-2
13562,1,-1,-1
13563,0,-2,-2
13564,1,-2,-2
13565,0,-2,-2
13566,1,-1,-1
13567,0,-2,-2
13568,1,-2,-2
13569,1,-2,-2
13570,1,-1,-1
13571,0,-1,-1
13572,1,-2,-2
13573,1,-2,-2
13574,0,-2,-2
13575,1,-2,-2
13576,0,-2,-2
13577,0,-2,-2
13578,0,-2,-2
13579,1,-1,-1
13580,0,-2,-2
13581,0,-1,-1
13582,1,-2,-2
13583,0,-2,-2
13584,1,-1,-1
13585,0,-2,-2
13586,1,-2,-2
13587,0,-1,-1
13588,1,-1,-1
13589,0,-2,-2
13590,1,-2,-2
13591,1,-2,-2
13592,0,-2,-2
13593,0,-2,-2
13594,1,-2,-2
13595,0,-1,-1
13596,1,-2,-2
13597,1,-2,-2
13598,1,-2,-2
13599,1,-1,-1
13600,1,-2,-2
13601,0,-2,-2
13602,1,-2,-2
13603,1,-2,-2
13604,1,-2,-2
13605,0,-2,-2
13606,0,-1,-1
13607,0,-2,-2
13608,1,-1,-1
13609,0,-2,-2
13610,1,-2,-2
13611,1,-2,-2
13612,0,-2,-2
13613,0,-2,-2
13614,1,-2,-2
13615,0,-2,-2
13616,1,-2,-2
13617,1,-2,-2
13618,0,-1,-1
13619,0,-1,-1
13620,0,-2,-2
13621,1,-2,-2
13622,0,-2,-2
13623,0,-2,-2
13624,0,-2,-2
13625,1,-1,-1
13626,0,-2,-2
13627,0,-2,-2
13628,0,-2,-2
13629,0,-1,-1
13630,1,-2,-2
13631,1,-2,-2
13632,1,-2,-2
13633,1,-1,-1
13634,0,-2,-2
13635,0,-2,-2
13636,0,-2,-2
13637,0,-2,-2
13638,1,-2,-2
13639,1,-2,-2
13640,1,-1,-1
13641,0,-2,-2
13642,0,-2,-2
13643,0,-2,-2
13644,1,-2,-2
13645,0,-2,-2
13646,1,-2,-2
13647,1,-2,-2
13648,0,-1,-1
13649,1,-2,-2
13650,0,-1,-1
13651,0,-2,-2
13652,1,-2,-2
13653,0,-2,-2
13654,0,-2,-2
13655,0,-2,-2
13656,1,-2,-2
13657,0,-2,-2
13658,1,-2,-2
13659,1,-2,-2
13660,1,-2,-2
13661,1,-2,-2
13662,1,-2,-2
13663,0,-2,-2
13664,0,-1,-1
13665,0,-2,-2
13666,1,-2,-2
13667,0,-2,-2
13668,1,-2,-2
13669,0,-2,-2
13670,1,-2,-2
13671,1,-2,-2
13672,0,-2,-2
13673,1,-2,-2
13674,0,-2,-2
13675,1,-2,-2
13676,0,-2,-2
13677,0,-2,-2
13678,1,-1,-1
13679,1,-2,-2
13680,0,-2,-2
13681,1,-1,-1
13682,0,-2,-2
13683,1,-2,-2
13684,1,-2,-2
13685,1,-2,-2
13686,0,-2,-2
13687,0,-2,-2
13688,1,-2,-2
13689,0,-1,-1
13690,1,-2,-2
13691,0,-2,-2
13692,1,-1,-1
13693,1,-1,-1
13694,0,-2,-2
13695,1,-2,-2
13696,1,-2,-2
13697,0,-1,-1
13698,0,-2,-2
13699,0,-2,-2
13700,1,-2,-2
13701,1,-1,-1
13702,1,-2,-2
13703,1,-2,-2
13704,1,-2,-2
13705,1,-1,-1
13706,1,-2,-2
13707,0,-2,-2
13708,0,-2,-2
13709,0,-2,-2
13710,0,-1,-1
13711,0,-2,-2
13712,0,-2,-2
13713,1,-1,-1
13714,0,-2,-2
13715,1,-2,-2
13716,0,-1,-1
13717,0,-2,-2
13718,1,-2,-2
13719,0,-2,-2
13720,0,-2,-2
13721,1,-2,-2
13722,0,-2,-2
13723,0,-1,-1
13724,0,-2,-2
13725,0,-2,-2
13726,0,-2,-2
13727,0,-2,-2
13728,1,-2,-2
13729,0,-2,-2
13730,1,-2,-2
13731,1,-2,-2
13732,1,-2,-2
13733,1,-2,-2
13734,1,-1,-1
13735,1,-1,-1
13736,0,-2,-2
13737,0,-2,-2
13738,1,-1,-1
13739,1,-2,-2
13740,1,-2,-2
13741,1,-2,-2
13742,0,-2,-2
13743,0,-1,-1
13744,1,-2,-2
13745,1,-2,-2
13746,1,-1,-1
13747,1,-2,-2
13748,1,-2,-2
13749,1,-2,-2
13750,1,-2,-2
13751,0,-2,-2
13752,1,-2,-2
13753,1,-2,-2
13754,1,-1,-1
13755,1,-2,-2
13756,1,-2,-2
13757,1,-2,-2
13758,1,-1,-1
13759,1,-2,-2
13760,0,-2,-2
13761,0,-2,-2
13762,0,-1,-1
13763,1,-2,-2
13764,1,-1,-1
13765,1,-2,-2
13766,0,-1,-1
13767,0,-2,-2
13768,0,-2,-2
13769,0,-2,-2
13770,0,-2,-2
13771,0,-2,-2
13772,1,-2,-2
13773,0,-2,-2
13774,1,-2,-2
13775,0,-2,-2
13776,1,-1,-1
13777,0,-2,-2
13778,0,-2,-2
13779,0,-2,-2
13780,0,-2,-2
13781,1,-2,-2
13782,1,-2,-2
13783,1,-2,-2
13784,0,-2,-2
13785,1,-2,-2
13786,0,-2,-2
13787,0,-2,-2
13788,0,-1,-1
13789,1,-1,-1
13790,1,-2,-2
13791,0,-2,-2
13792,1,-2,-2
13793,1,-2,-2
13794,0,-2,-2
13795,0,-2,-2
13796,0,-2,-2
13797,0,-2,-2
13798,0,-2,-2
13799,0,-2,-2
13800,0,-2,-2
13801,1,-1,-1
13802,0,-2,-2
13803,1,-2,-2
13804,1,-2,-2
13805,1,-2,-2
13806,1,-2,-2
13807,0,-2,-2
13808,0,-1,-1
13809,1,-1,-1
13810,1,-2,-2
13811,0,-1,-1
13812,0,-1,-1
13813,0,-2,-2
13814,0,-1,-1
13815,0,-1,-1
13816,1,-2,-2
13817,0,-2,-2
13818,1,-1,-1
13819,0,-2,-2
13820,0,-2,-2
13821,1,-2,-2
13822,0,-2,-2
13823,0,-2,-2
13824,0,-2,-2
13825,0,-1,-1
13826,0,-1,-1
13827,0,-2,-2
13828,0,-1,-1
13829,1,-2,-2
13830,1,-2,-2
13831,1,-2,-2
13832,1,-2,-2
13833,1,-2,-2
13834,0,-1,-1
13835,0,-1,-1
13836,1,-2,-2
13837,1,-1,-1
13838,0,-2,-2
13839,0,-2,-2
13840,0,-1,-1
13841,0,-1,-1
13842,1,-2,-2
13843,1,-2,-2
13844,1,-2,-2
13845,0,-2,-2
13846,0,-2,-2
13847,1,-2,-2
13848,1,-2,-2
13849,0,-2,-2
13850,0,-1,-1
13851,1,-2,-2
13852,0,-1,-1
13853,1,-2,-2
13854,0,-2,-2
13855,0,-2,-2
13856,0,-2,-2
13857,0,-2,-2
13858,1,-2,-2
13859,0,-2,-2
13860,1,-1,-1
13861,0,-2,-2
13862,0,-1,-1
13863,0,-1,-1
13864,1,-2,-2
13865,1,-2,-2
13866,1,-2,-2
13867,1,-2,-2
13868,1,-2,-2
13869,1,-1,-1
13870,1,-2,-2
13871,1,-2,-2
13872,0,-2,-2
13873,0,-2,-2
13874,0,-1,-1
13875,0,-2,-2
13876,0,-2,-2
13877,1,-2,-2
13878,1,-2,-2
13879,0,-2,-2
13880,0,-2,-2
13881,0,-2,-2
13882,0,-2,-2
13883,0,-1,-1
13884,0,-2,-2
13885,0,-2,-2
13886,0,-2,-2
13887,0,-1,-1
13888,0,-2,-2
13889,0,-2,-2
13890,1,-2,-2
13891,0,-1,-1
13892,0,-2,-2
13893,1,-1,-1
13894,1,-2,-2
13895,0,-2,-2
13896,0,-1,-1
13897,0,-1,-1
13898,1,-2,-2
13899,1,-1,-1
13900,0,-2,-2
13901,0,-1,-1
13902,1,-2,-2
13903,0,-2,-2
13904,0,-2,-2
13905,0,-2,-2
13906,1,-1,-1
13907,1,-2,-2
13908,0,-2,-2
13909,0,-2,-2
13910,1,-2,-2
13911,1,-2,-2
13912,0,-1,-1
13913,1,-2,-2
13914,1,-1,-1
13915,0,-1,-1
13916,1,-2,-2
13917,0,-2,-2
13918,0,-2,-2
13919,1,-1,-1
13920,0,-2,-2
13921,1,-2,-2
13922,0,-2,-2
13923,1,-2,-2
13924,0,-2,-2
13925,0,-2,-2
13926,0,-2,-2
13927,0,-2,-2
13928,0,-2,-2
13929,1,-2,-2
13930,0,-2,-2
13931,1,-2,-2
13932,0,-2,-2
13933,1,-2,-2
13934,1,-2,-2
13935,0,-2,-2
13936,0,-2,-2
13937,0,-2,-2
13938,1,-2,-2
13939,1,-2,-2
13940,0,-2,-2
13941,1,-2,-2
13942,0,-2,-2
13943,1,-2,-2
13944,1,-2,-2
13945,0,-2,-2
13946,1,-2,-2
13947,1,-1,-1
13948,1,-2,-2
13949,0,-2,-2
13950,0,-2,-2
13951,0,-2,-2
13952,1,-2,-2
13953,1,-1,-1
13954,0,-2,-2
13955,1,-2,-2
13956,1,-2,-2
13957,1,-2,-2
13958,0,-2,-2
13959,1,-2,-2
13960,1,-2,-2
13961,0,-2,-2
13962,0,-1,-1
13963,0,-2,-2
13964,0,-1,-1
13965,0,-1,-1
13966,0,-2,-2
13967,0,-1,-1
13968,1,-2,-2
13969,1,-2,-2
13970,0,-2,-2
13971,0,-1,-1
13972,0,-2,-2
13973,0,-2,-2
13974,1,-1,-1
13975,1,-2,-2
13976,0,-2,-2
13977,1,-2,-2
13978,0,-2,-2
13979,0,-2,-2
13980,0,-2,-2
13981,1,-2,-2
13982,0,-1,-1
13983,0,-2,-2
13984,1,-2,-2
13985,1,-2,-2
13986,0,-2,-2
13987,1,-1,-1
13988,1,-2,-2
13989,0,-2,-2
13990,0,-2,-2
13991,0,-2,-2
13992,1,-2,-2
13993,0,-2,-2
13994,1,-2,-2
13995,1,-2,-2
13996,0,-2,-2
13997,0,-2,-2
13998,0,-1,-1
13999,0,-2,-2
14000,1,-2,-2
14001,0,-2,-2
14002,0,-2,-2
14003,1,-2,-2
14004,0,-2,-2
14005,0,-2,-2
14006,0,-2,-2
14007,0,-1,-1
14008,0,-2,-2
14009,0,-2,-2
14010,1,-1,-1
14011,0,-2,-2
14012,1,-1,-1
14013,0,-2,-2
14014,0,-2,-2
14015,1,-2,-2
14016,0,-2,-2
14017,1,-2,-2
14018,0,-1,-1
14019,1,-1,-1
14020,1,-2,-2
14021,0,-2,-2
14022,1,-2,-2
14023,1,-2,-2
14024,1,-2,-2
14025,1,-2,-2
14026,0,-1,-1
14027,1,-1,-1
14028,1,-2,-2
14029,0,-2,-2
14030,0,-2,-2
14031,0,-2,-2
14032,1,-2,-2
14033,1,-1,-1
14034,0,-2,-2
14035,0,-2,-2
14036,1,-2,-2
14037,1,-2,-2
14038,0,-2,-2
14039,0,-2,-2
14040,1,-2,-2
14041,1,-2,-2
14042,0,-1,-1
14043,0,-1,-1
14044,1,-2,-2
14045,1,-2,-2
14046,1,-2,-2
14047,0,-2,-2
14048,0,-1,-1
14049,0,-2,-2
14050,0,-2,-2
14051,0,-1,-1
14052,0,-1,-1
14053,0,-2,-2
14054,0,-2,-2
14055,0,-2,-2
14056,0,-2,-2
14057,1,-2,-2
14058,0,-1,-1
14059,1,-2,-2
14060,0,-2,-2
14061,0,-2,-2
14062,0,-2,-2
14063,0,-2,-2
14064,0,-2,-2
14065,1,-1,-1
14066,1,-2,-2
14067,0,-2,-2
14068,1,-1,-1
14069,1,-1,-1
14070,0,-1,-1
14071,0,-1,-1
14072,1,-1,-1
14073,0,-2,-2
14074,1,-1,-1
14075,1,-2,-2
14076,0,-2,-2
14077,0,-2,-2
14078,0,-2,-2
14079,1,-2,-2
14080,1,-2,-2
14081,1,-2,-2
14082,0,-2,-2
14083,1,-2,-2
14084,0,-2,-2
14085,1,-1,-1
14086,1,-1,-1
14087,0,-2,-2
14088,0,-2,-2
14089,0,-1,-1
14090,1,-2,-2
14091,1,-2,-2
14092,1,-2,-2
14093,1,-2,-2
14094,0,-2,-2
14095,1,-2,-2
14096,1,-2,-2
14097,0,-2,-2
14098,1,-2,-2
14099,1,-2,-2
14100,1,-1,-1
14101,1,-2,-2
14102,0,-2,-2
14103,1,-1,-1
14104,0,-2,-2
14105,0,-2,-2
14106,0,-2,-2
14107,1,-2,-2
14108,0,-1,-1
14109,0,-1,-1
14110,1,-2,-2
14111,0,-2,-2
14112,0,-2,-2
14113,0,-2,-2
14114,0,-2,-2
14115,1,-2,-2
14116,0,-2,-2
14117,0,-2,-2
14118,1,-2,-2
14119,1,-2,-2
14120,0,-2,-2
14121,0,-1,-1
14122,1,-1,-1
14123,1,-2,-2
14124,1,-2,-2
14125,1,-2,-2
14126,0,-2,-2
14127,1,-1,-1
14128,1,-2,-2
14129,1,-1,-1
14130,0,-2,-2
14131,1,-1,-1
14132,0,-2,-2
14133,0,-2,-2
14134,1,-1,-1
14135,0,-2,-2
14136,0,-2,-2
14137,1,-2,-2
14138,1,-2,-2
14139,0,-2,-2
14140,1,-2,-2
14141,1,-2,-2
14142,1,-2,-2
14143,1,-1,-1
14144,1,-1,-1
14145,0,-1,-1
14146,0,-2,-2
14147,0,-2,-2
14148,0,-2,-2
14149,1,-2,-2
14150,0,-2,-2
14151,0,-2,-2
14152,0,-2,-2
14153,1,-2,-2
14154,0,-2,-2
14155,0,-2,-2
14156,0,-2,-2
14157,1,-2,-2
14158,0,-2,-2
14159,0,-2,-2
14160,1,-1,-1
14161,1,-1,-1
14162,1,-1,-1
14163,0,-2,-2
14164,0,-2,-2
14165,0,-2,-2
14166,1,-2,-2
14167,0,-2,-2
14168,0,-2,-2
14169,1,-1,-1
14170,1,-2,-2
14171,0,-2,-2
14172,1,-1,-1
14173,1,-2,-2
14174,1,-2,-2
14175,1,-1,-1
14176,0,-2,-2
14177,0,-2,-2
14178,0,-2,-2
14179,1,-1,-1
14180,1,-1,-1
14181,0,-2,-2
14182,1,-2,-2
14183,1,-2,-2
14184,0,-2,-2
14185,0,-2,-2
14186,0,-2,-2
14187,1,-1,-1
14188,0,-2,-2
14189,0,-2,-2
14190,0,-2,-2
14191,0,-1,-1
14192,0,-2,-2
14193,0,-2,-2
14194,1,-1,-1
14195,1,-2,-2
14196,0,-2,-2
14197,1,-2,-2
14198,1,-2,-2
14199,1,-2,-2
14200,0,-2,-2
14201,0,-2,-2
14202,1,-2,-2
14203,0,-1,-1
14204,1,-2,-2
14205,0,-2,-2
14206,0,-2,-2
14207,0,-1,-1
14208,0,-1,-1
14209,1,-2,-2
14210,0,-2,-2
14211,0,-1,-1
14212,1,-2,-2
14213,0,-2,-2
14214,1,-2,-2
14215,0,-2,-2
14216,1,-1,-1
14217,0,-2,-2
14218,1,-1,-1
14219,1,-2,-2
14220,1,-1,-1
14221,1,-2,-2
14222,0,-2,-2
14223,0,-2,-2
14224,0,-2,-2
14225,1,-2,-2
14226,0,-2,-2
14227,1,-2,-2
14228,1,-2,-2
14229,0,-2,-2
14230,1,-2,-2
14231,0,-2,-2
14232,0,-2,-2
14233,1,-1,-1
14234,0,-2,-2
14235,1,-2,-2
14236,1,-2,-2
14237,0,-2,-2
14238,1,-2,-2
14239,1,-2,-2
14240,1,-2,-2
14241,0,-1,-1
14242,0,-1,-1
14243,0,-1,-1
14244,1,-2,-2
14245,1,-2,-2
14246,0,-2,-2
14247,1,-2,-2
14248,1,-1,-1
14249,0,-2,-2
14250,1,-2,-2
14251,1,-1,-1
14252,1,-1,-1
14253,0,-1,-1
14254,0,-2,-2
14255,0,-2,-2
14256,0,-2,-2
14257,0,-1,-1
14258,1,-2,-2
14259,0,-1,-1
14260,0,-2,-2
14261,1,-2,-2
14262,1,-1,-1
14263,1,-2,-2
14264,0,-1,-1
14265,0,-1,-1
14266,0,-2,-2
14267,1,-1,-1
14268,0,-2,-2
14269,1,-1,-1
14270,1,-1,-1
14271,0,-2,-2
14272,1,-2,-2
14273,1,-2,-2
14274,1,-2,-2
14275,1,-2,-2
14276,0,-2,-2
14277,1,-2,-2
14278,0,-1,-1
14279,1,-2,-2
14280,0,-2,-2
14281,0,-1,-1
14282,1,-2,-2
14283,1,-2,-2
14284,0,-2,-2
14285,1,-2,-2
14286,1,-1,-1
14287,1,-2,-2
14288,0,-2,-2
14289,1,-2,-2
14290,0,-2,-2
14291,1,-2,-2
14292,0,-2,-2
14293,1,-1,-1
14294,1,-2,-2
14295,0,-2,-2
14296,0,-2,-2
14297,0,-2,-2
14298,0,-2,-2
14299,0,-2,-2
14300,1,-2,-2
14301,1,-2,-2
14302,1,-2,-2
14303,1,-1,-1
14304,0,-2,-2
14305,0,-2,-2
14306,1,-2,-2
14307,0,-2,-2
14308,1,-2,-2
14309,0,-1,-1
14310,1,-2,-2
14311,1,-1,-1
14312,1,-2,-2
14313,0,-2,-2
14314,1,-2,-2
14315,0,-2,-2
14316,1,-1,-1
14317,1,-2,-2
14318,1,-2,-2
14319,1,-2,-2
14320,0,-2,-2
14321,1,-2,-2
14322,0,-2,-2
14323,0,-2,-2
14324,0,-2,-2
14325,1,-2,-2
14326,0,-1,-1
14327,0,-2,-2
14328,0,-2,-2
14329,1,-2,-2
14330,1,-2,-2
14331,0,-2,-2
14332,1,-1,-1
14333,0,-1,-1
14334,0,-2,-2
14335,1,-2,-2
14336,1,-2,-2
14337,0,-2,-2
14338,0,-2,-2
14339,1,-1,-1
14340,1,-1,-1
14341,1,-2,-2
14342,0,-2,-2
14343,0,-2,-2
14344,0,-2,-2
14345,0,-2,-2
14346,1,-2,-2
14347,1,-2,-2
14348,1,-2,-2
14349,1,-1,-1
14350,0,-1,-1
14351,1,-2,-2
14352,1,-2,-2
14353,0,-2,-2
14354,0,-1,-1
14355,0,-2,-2
14356,1,-2,-2
14357,1,-2,-2
14358,0,-2,-2
14359,1,-2,-2
14360,1,-2,-2
14361,1,-2,-2
14362,0,-2,-2
14363,1,-2,-2
14364,0,-2,-2
14365,0,-2,-2
14366,0,-2,-2
14367,0,-2,-2
14368,0,-1,-1
14369,0,-2,-2
14370,0,-2,-2
14371,1,-2,-2
14372,1,-2,-2
14373,1,-2,-2
14374,0,-2,-2
14375,1,-2,-2
14376,1,-2,-2
14377,1,-2,-2
14378,1,-2,-2
14379,1,-2,-2
14380,0,-2,-2
14381,0,-1,-1
14382,1,-2,-2
14383,1,-2,-2
14384,1,-2,-2
14385,1,-1,-1
14386,1,-2,-2
14387,1,-2,-2
14388,1,-2,-2
14389,0,-2,-2
14390,0,-1,-1
14391,0,-2,-2
14392,1,-2,-2
14393,1,-2,-2
14394,1,-1,-1
14395,1,-2,-2
14396,0,-2,-2
14397,0,-1,-1
14398,1,-2,-2
14399,0,-2,-2
14400,0,-2,-2
14401,1,-2,-2
14402,0,-1,-1
14403,1,-2,-2
14404,1,-2,-2
14405,1,-2,-2
14406,1,-2,-2
14407,1,-2,-2
14408,0,-2,-2
14409,1,-2,-2
14410,1,-2,-2
14411,0,-2,-2
14412,0,-2,-2
14413,0,-2,-2
14414,0,-2,-2
14415,1,-2,-2
14416,1,-2,-2
14417,0,-2,-2
14418,0,-2,-2
14419,0,-2,-2
14420,0,-2,-2
14421,1,-2,-2
14422,1,-1,-1
14423,0,-2,-2
14424,0,-2,-2
14425,1,-2,-2
14426,1,-2,-2
14427,1,-2,-2
14428,0,-2,-2
14429,0,-2,-2
14430,1,-2,-2
14431,1,-2,-2
14432,1,-2,-2
14433,0,-2,-2
14434,0,-2,-2
14435,0,-2,-2
14436,0,-1,-1
14437,0,-1,-1
14438,0,-2,-2
14439,1,-2,-2
14440,0,-2,-2
14441,0,-2,-2
14442,0,-1,-1
14443,0,-2,-2
14444,0,-2,-2
14445,0,-2,-2
14446,0,-2,-2
14447,1,-1,-1
14448,0,-2,-2
14449,0,-2,-2
14450,1,-2,-2
14451,1,-2,-2
14452,1,-2,-2
14453,0,-1,-1
14454,1,-2,-2
14455,0,-2,-2
14456,1,-2,-2
14457,1,-1,-1
14458,0,-2,-2
14459,0,-2,-2
14460,0,-2,-2
14461,0,-2,-2
14462,1,-2,-2
14463,1,-2,-2
14464,1,-2,-2
14465,0,-2,-2
14466,0,-2,-2
14467,1,-1,-1
14468,1,-1,-1
14469,1,-2,-2
14470,0,-2,-2
14471,1,-2,-2
14472,1,-2,-2
14473,0,-1,-1
14474,0,-2,-2
14475,1,-2,-2
14476,1,-2,-2
14477,0,-2,-2
14478,1,-2,-2
14479,1,-2,-2
14480,0,-2,-2
14481,1,-2,-2
14482,0,-2,-2
14483,0,-2,-2
14484,0,-2,-2
14485,1,-2,-2
14486,1,-2,-2
14487,0,-2,-2
14488,1,-2,-2
14489,0,-2,-2
14490,1,-2,-2
14491,0,-2,-2
14492,1,-1,-1
14493,1,-1,-1
14494,1,-1,-1
14495,0,-2,-2
14496,0,-2,-2
14497,0,-2,-2
14498,1,-2,-2
14499,0,-1,-1
14500,0,-1,-1
14501,1,-2,-2
14502,0,-2,-2
14503,0,-2,-2
14504,0,-1,-1
14505,0,-2,-2
14506,1,-2,-2
14507,1,-2,-2
14508,1,-2,-2
14509,0,-1,-1
14510,0,-2,-2
14511,1,-2,-2
14512,0,-2,-2
14513,1,-2,-2
14514,0,-1,-1
14515,0,-1,-1
14516,1,-2,-2
14517,0,-2,-2
14518,0,-2,-2
14519,0,-2,-2
14520,0,-2,-2
14521,0,-1,-1
14522,0,-2,-2
14523,0,-2,-2
14524,1,-2,-2
14525,0,-2,-2
14526,1,-2,-2
14527,0,-2,-2
14528,1,-2,-2
14529,0,-2,-2
14530,0,-1,-1
14531,1,-2,-2
14532,0,-1,-1
14533,0,-2,-2
14534,1,-1,-1
14535,1,-2,-2
14536,1,-2,-2
14537,1,-1,-1
14538,0,-2,-2
14539,1,-2,-2
14540,1,-2,-2
14541,1,-2,-2
14542,0,-2,-2
14543,1,-2,-2
14544,0,-1,-1
14545,1,-1,-1
14546,1,-2,-2
14547,0,-2,-2
14548,0,-2,-2
14549,0,-2,-2
14550,1,-2,-2
14551,1,-1,-1
14552,0,-2,-2
14553,0,-2,-2
14554,0,-1,-1
14555,1,-1,-1
14556,1,-1,-1
14557,0,-2,-2
14558,0,-2,-2
14559,0,-2,-2
14560,1,-2,-2
14561,0,-2,-2
14562,1,-1,-1
14563,1,-2,-2
14564,1,-2,-2
14565,0,-1,-1
14566,1,-2,-2
14567,0,-2,-2
14568,1,-2,-2
14569,0,-2,-2
14570,0,-2,-2
14571,1,-2,-2
14572,0,-2,-2
14573,1,-2,-2
14574,0,-2,-2
14575,0,-2,-2
14576,0,-1,-1
14577,1,-2,-2
14578,0,-1,-1
14579,1,-2,-2
14580,1,-2,-2
14581,0,-2,-2
14582,0,-2,-2
14583,1,-2,-2
14584,1,-2,-2
14585,1,-2,-2
14586,1,-1,-1
14587,1,-2,-2
14588,0,-1,-1
14589,0,-2,-2
14590,1,-1,-1
14591,1,-2,-2
14592,0,-2,-2
14593,1,-1,-1
14594,1,-1,-1
14595,1,-2,-2
14596,0,-2,-2
14597,0,-2,-2
14598,0,-2,-2
14599,1,-1,-1
14600,1,-2,-2
14601,0,-2,-2
14602,0,-1,-1
14603,1,-2,-2
14604,1,-2,-2
14605,1,-1,-1
14606,0,-2,-2
14607,0,-2,-2
14608,0,-2,-2
14609,0,-1,-1
14610,1,-2,-2
14611,0,-2,-2
14612,1,-2,-2
14613,1,-2,-2
14614,1,-2,-2
14615,1,-1,-1
14616,1,-2,-2
14617,0,-2,-2
14618,1,-2,-2
14619,1,-2,-2
14620,0,-1,-1
14621,0,-1,-1
14622,1,-1,-1
14623,0,-2,-2
14624,0,-2,-2
14625,0,-1,-1
14626,0,-2,-2
14627,0,-1,-1
14628,0,-2,-2
14629,1,-2,-2
14630,1,-2,-2
14631,0,-2,-2
14632,1,-2,-2
14633,0,-2,-2
14634,0,-2,-2
14635,1,-1,-1
14636,1,-1,-1
14637,0,-2,-2
14638,1,-2,-2
14639,0,-1,-1
14640,0,-2,-2
14641,0,-2,-2
14642,1,-2,-2
14643,0,-2,-2
14644,1,-1,-1
14645,1,-2,-2
14646,0,-2,-2
14647,0,-2,-2
14648,0,-2,-2
14649,1,-2,-2
14650,1,-2,-2
14651,1,-2,-2
14652,1,-2,-2
14653,1,-2,-2
14654,0,-1,-1
14655,1,-1,-1
14656,1,-2,-2
14657,0,-2,-2
14658,0,-2,-2
14659,0,-1,-1
14660,1,-2,-2
14661,0,-1,-1
14662,1,-2,-2
14663,1,-2,-2
14664,1,-2,-2
14665,0,-1,-1
14666,0,-2,-2
14667,1,-2,-2
14668,1,-2,-2
14669,1,-2,-2
14670,0,-2,-2
14671,1,-2,-2
14672,1,-2,-2
14673,0,-2,-2
14674,1,-2,-2
14675,0,-2,-2
14676,0,-2,-2
14677,1,-2,-2
14678,1,-2,-2
14679,1,-1,-1
14680,0,-2,-2
14681,0,-2,-2
14682,1,-2,-2
14683,0,-1,-1
14684,1,-1,-1
14685,0,-2,-2
14686,0,-2,-2
14687,1,-2,-2
14688,0,-2,-2
14689,0,-2,-2
14690,0,-2,-2
14691,0,-2,-2
14692,0,-2,-2
14693,0,-2,-2
14694,0,-2,-2
14695,0,-2,-2
14696,0,-2,-2
14697,0,-2,-2
14698,1,-2,-2
14699,1,-2,-2
14700,1,-2,-2
14701,0,-2,-2
14702,1,-2,-2
14703,1,-1,-1
14704,1,-2,-2
14705,1,-2,-2
14706,0,-2,-2
14707,0,-2,-2
14708,1,-2,-2
14709,1,-2,-2
14710,0,-2,-2
14711,1,-2,-2
14712,0,-2,-2
14713,1,-2,-2
14714,1,-2,-2
14715,0,-1,-1
14716,0,-1,-1
14717,0,-2,-2
14718,1,-2,-2
14719,1,-2,-2
14720,0,-2,-2
14721,0,-1,-1
14722,1,-2,-2
14723,0,-1,-1
14724,1,-1,-1
14725,1,-2,-2
14726,0,-1,-1
14727,1,-2,-2
14728,1,-2,-2
14729,1,-2,-2
14730,0,-2,-2
14731,0,-1,-1
14732,1,-1,-1
14733,0,-2,-2
14734,1,-2,-2
14735,1,-1,-1
14736,1,-1,-1
14737,1,-2,-2
14738,0,-2,-2
14739,0,-1,-1
14740,0,-2,-2
14741,1,-2,-2
14742,1,-2,-2
14743,1,-2,-2
14744,1,-2,-2
14745,1,-1,-1
14746,0,-2,-2
14747,1,-2,-2
14748,1,-2,-2
14749,1,-2,-2
14750,1,-2,-2
14751,0,-2,-2
14752,0,-1,-1
14753,0,-2,-2
14754,1,-2,-2
14755,1,-2,-2
14756,0,-2,-2
14757,0,-2,-2
14758,0,-1,-1
14759,1,-2,-2
14760,0,-2,-2
14761,1,-2,-2
14762,0,-2,-2
14763,0,-2,-2
14764,1,-2,-2
14765,1,-2,-2
14766,0,-2,-2
14767,0,-2,-2
14768,0,-2,-2
14769,0,-2,-2
14770,1,-2,-2
14771,0,-2,-2
14772,0,-1,-1
14773,0,-2,-2
14774,1,-2,-2
14775,1,-2,-2
14776,0,-2,-2
14777,1,-2,-2
14778,0,-2,-2
14779,0,-2,-2
14780,0,-2,-2
14781,1,-2,-2
14782,0,-2,-2
14783,0,-2,-2
14784,0,-2,-2
14785,0,-2,-2
14786,1,-2,-2
14787,1,-2,-2
14788,1,-1,-1
14789,1,-2,-2
14790,0,-2,-2
14791,1,-2,-2
14792,0,-2,-2
14793,0,-2,-2
14794,1,-1,-1
14795,1,-1,-1
14796,0,-2,-2
14797,1,-2,-2
14798,1,-1,-1
14799,0,-2,-2
14800,1,-2,-2
14801,1,-2,-2
14802,1,-2,-2
14803,0,-2,-2
14804,1,-2,-2
14805,0,-2,-2
14806,1,-1,-1
14807,0,-2,-2
14808,0,-2,-2
14809,1,-1,-1
14810,1,-2,-2
14811,0,-2,-2
14812,0,-2,-2
14813,1,-2,-2
14814,1,-2,-2
14815,1,-2,-2
14816,1,-2,-2
14817,0,-2,-2
14818,0,-2,-2
14819,0,-1,-1
14820,0,-2,-2
14821,1,-2,-2
14822,0,-2,-2
14823,1,-2,-2
14824,0,-2,-2
14825,0,-2,-2
14826,1,-2,-2
14827,0,-2,-2
14828,1,-2,-2
14829,1,-2,-2
14830,0,-2,-2
14831,1,-1,-1
14832,0,-2,-2
14833,1,-2,-2
14834,1,-2,-2
14835,0,-1,-1
14836,0,-2,-2
14837,1,-2,-2
14838,0,-1,-1
14839,1,-2,-2
14840,0,-2,-2
14841,0,-2,-2
14842,1,-2,-2
14843,1,-1,-1
14844,0,-2,-2
14845,1,-2,-2
14846,1,-2,-2
14847,1,-2,-2
14848,1,-2,-2
14849,1,-2,-2
14850,1,-2,-2
14851,0,-2,-2
14852,0,-2,-2
14853,1,-2,-2
14854,1,-2,-2
14855,1,-1,-1
14856,1,-2,-2
14857,0,-2,-2
14858,0,-1,-1
14859,1,-2,-2
14860,1,-2,-2
14861,0,-2,-2
14862,1,-2,-2
14863,1,-1,-1
14864,0,-2,-2
14865,0,-1,-1
14866,0,-2,-2
14867,0,-2,-2
14868,1,-2,-2
14869,0,-2,-2
14870,1,-2,-2
14871,1,-2,-2
14872,1,-2,-2
14873,1,-2,-2
14874,1,-2,-2
14875,1,-2,-2
14876,1,-1,-1
14877,1,-2,-2
14878,1,-2,-2
14879,1,-1,-1
14880,1,-2,-2
14881,0,-2,-2
14882,0,-2,-2
14883,1,-2,-2
14884,0,-1,-1
14885,1,-2,-2
14886,0,-2,-2
14887,0,-2,-2
14888,0,-2,-2
14889,0,-2,-2
14890,0,-2,-2
14891,0,-1,-1
14892,0,-2,-2
14893,0,-2,-2
14894,0,-2,-2
14895,1,-2,-2
14896,1,-2,-2
14897,0,-2,-2
14898,0,-1,-1
14899,1,-2,-2
14900,1,-2,-2
14901,1,-1,-1
14902,0,-2,-2
14903,0,-1,-1
14904,1,-2,-2
14905,0,-2,-2
14906,1,-2,-2
14907,0,-2,-2
14908,0,-1,-1
14909,0,-1,-1
14910,0,-2,-2
14911,1,-2,-2
14912,0,-2,-2
14913,1,-2,-2
14914,1,-2,-2
14915,0,-1,-1
14916,0,-1,-1
14917,1,-2,-2
14918,0,-1,-1
14919,0,-2,-2
14920,0,-2,-2
14921,1,-1,-1
14922,0,-1,-1
14923,0,-2,-2
14924,1,-2,-2
14925,1,-1,-1
14926,1,-2,-2
14927,0,-2,-2
14928,0,-2,-2
14929,1,-2,-2
14930,0,-2,-2
14931,1,-2,-2
14932,1,-2,-2
14933,0,-1,-1
14934,0,-2,-2
14935,1,-2,-2
14936,1,-2,-2
14937,0,-2,-2
14938,0,-2,-2
14939,1,-2,-2
14940,0,-2,-2
14941,1,-2,-2
14942,1,-2,-2
14943,1,-2,-2
14944,0,-2,-2
14945,0,-2,-2
14946,0,-1,-1
14947,1,-2,-2
14948,1,-2,-2
14949,0,-2,-2
14950,1,-1,-1
14951,0,-2,-2
14952,0,-2,-2
14953,0,-2,-2
14954,1,-2,-2
14955,0,-2,-2
14956,0,-2,-2
14957,0,-1,-1
14958,1,-2,-2
14959,0,-2,-2
14960,1,-1,-1
14961,0,-2,-2
14962,0,-2,-2
14963,1,-2,-2
14964,1,-2,-2
14965,1,-2,-2
14966,1,-2,-2
14967,1,-2,-2
14968,0,-2,-2
14969,0,-1,-1
14970,1,-2,-2
14971,1,-2,-2
14972,0,-1,-1
14973,1,-1,-1
14974,0,-2,-2
14975,0,-2,-2
14976,1,-2,-2
14977,1,-1,-1
14978,1,-2,-2
14979,1,-2,-2
14980,1,-1,-1
14981,1,-2,-2
14982,1,-1,-1
14983,1,-2,-2
14984,0,-1,-1
14985,1,-2,-2
14986,0,-2,-2
14987,1,-2,-2
14988,1,-2,-2
14989,0,-1,-1
14990,0,-2,-2
14991,1,-2,-2
14992,0,-2,-2
14993,0,-2,-2
14994,0,-2,-2
14995,1,-2,-2
14996,0,-1,-1
14997,0,-2,-2
14998,0,-1,-1
14999,0,-2,-2
15000,0,-2,-2
15001,0,-1,-1
15002,1,-2,-2
15003,1,-2,-2
15004,1,-2,-2
15005,1,-2,-2
15006,0,-2,-2
15007,1,-1,-1
15008,1,-2,-2
15009,1,-2,-2
15010,1,-2,-2
15011,0,-2,-2
15012,1,-2,-2
15013,0,-1,-1
15014,0,-2,-2
15015,1,-1,-1
15016,0,-2,-2
15017,0,-1,-1
15018,1,-2,-2
15019,1,-1,-1
15020,1,-2,-2
15021,1,-2,-2
15022,0,-2,-2
15023,0,-1,-1
15024,0,-2,-2
15025,0,-2,-2
15026,1,-2,-2
15027,1,-2,-2
15028,1,-1,-1
15029,0,-1,-1
15030,0,-2,-2
15031,0,-2,-2
15032,1,-2,-2
15033,1,-2,-2
15034,0,-1,-1
15035,0,-2,-2
15036,1,-2,-2
15037,1,-2,-2
15038,0,-2,-2
15039,0,-2,-2
15040,0,-2,-2
15041,1,-2,-2
15042,1,-2,-2
15043,1,-2,-2
15044,1,-2,-2
15045,1,-2,-2
15046,0,-2,-2
15047,1,-2,-2
15048,1,-2,-2
15049,0,-2,-2
15050,1,-2,-2
15051,1,-2,-2
15052,1,-2,-2
15053,0,-2,-2
15054,0,-2,-2
15055,1,-2,-2
15056,1,-2,-2
15057,0,-2,-2
15058,0,-2,-2
15059,1,-2,-2
15060,0,-2,-2
15061,0,-2,-2
15062,0,-2,-2
15063,0,-2,-2
15064,1,-2,-2
15065,1,-2,-2
15066,1,-1,-1
15067,1,-2,-2
15068,1,-2,-2
15069,0,-2,-2
15070,0,-2,-2
15071,1,-1,-1
15072,1,-2,-2
15073,1,-2,-2
15074,0,-2,-2
15075,0,-2,-2
15076,0,-2,-2
15077,1,-2,-2
15078,0,-2,-2
15079,0,-2,-2
15080,0,-1,-1
15081,1,-2,-2
15082,0,-2,-2
15083,1,-2,-2
15084,0,-1,-1
15085,1,-1,-1
15086,0,-2,-2
15087,1,-2,-2
15088,1,-2,-2
15089,0,-2,-2
15090,0,-2,-2
15091,1,-2,-2
15092,1,-2,-2
15093,1,-2,-2
15094,1,-1,-1
15095,1,-2,-2
15096,1,-2,-2
15097,0,-2,-2
15098,0,-1,-1
15099,0,-2,-2
15100,0,-2,-2
15101,1,-2,-2
15102,1,-2,-2
15103,0,-2,-2
15104,1,-2,-2
15105,0,-2,-2
15106,0,-2,-2
15107,1,-2,-2
15108,1,-1,-1
15109,0,-2,-2
15110,0,-2,-2
15111,1,-2,-2
15112,0,-2,-2
15113,1,-1,-1
15114,1,-2,-2
15115,0,-1,-1
15116,0,-2,-2
15117,1,-2,-2
15118,0,-1,-1
15119,0,-2,-2
15120,1,-2,-2
15121,0,-2,-2
15122,1,-2,-2
15123,1,-2,-2
15124,1,-2,-2
15125,0,-1,-1
15126,1,-2,-2
15127,0,-2,-2
15128,0,-2,-2
15129,0,-2,-2
15130,1,-2,-2
15131,1,-2,-2
15132,1,-2,-2
15133,1,-2,-2
15134,1,-2,-2
15135,1,-2,-2
15136,0,-2,-2
15137,0,-2,-2
15138,0,-2,-2
15139,0,-2,-2
15140,0,-2,-2
15141,1,-2,-2
15142,0,-2,-2
15143,0,-2,-2
15144,0,-2,-2
15145,0,-2,-2
15146,0,-2,-2
15147,1,-2,-2
15148,0,-2,-2
15149,0,-2,-2
15150,0,-2,-2
15151,0,-2,-2
15152,0,-2,-2
15153,1,-2,-2
15154,0,-2,-2
15155,0,-1,-1
15156,0,-1,-1
15157,1,-1,-1
15158,1,-2,-2
15159,0,-2,-2
15160,1,-1,-1
15161,0,-2,-2
15162,1,-2,-2
15163,1,-2,-2
15164,0,-2,-2
15165,0,-2,-2
15166,0,-1,-1
15167,0,-2,-2
15168,0,-2,-2
15169,1,-2,-2
15170,0,-2,-2
15171,1,-2,-2
15172,1,-1,-1
15173,0,-1,-1
15174,0,-2,-2
15175,1,-2,-2
15176,0,-2,-2
15177,1,-2,-2
15178,1,-2,-2
15179,0,-2,-2
15180,1,-2,-2
15181,0,-2,-2
15182,1,-2,-2
15183,0,-2,-2
15184,0,-2,-2
15185,0,-2,-2
15186,1,-2,-2
15187,1,-2,-2
15188,1,-2,-2
15189,1,-2,-2
15190,1,-2,-2
15191,0,-2,-2
15192,0,-1,-1
15193,1,-2,-2
15194,0,-1,-1
15195,1,-2,-2
15196,0,-2,-2
15197,1,-2,-2
15198,0,-2,-2
15199,1,-2,-2
15200,0,-2,-2
15201,1,-2,-2
15202,0,-1,-1
15203,0,-2,-2
15204,1,-2,-2
15205,0,-2,-2
15206,1,-2,-2
15207,0,-1,-1
15208,1,-2,-2
15209,0,-2,-2
15210,1,-2,-2
15211,0,-2,-2
15212,0,-2,-2
15213,0,-2,-2
15214,0,-2,-2
15215,1,-2,-2
15216,1,-2,-2
15217,1,-2,-2
15218,1,-2,-2
15219,1,-1,-1
15220,1,-2,-2
15221,1,-2,-2
15222,1,-2,-2
15223,1,-2,-2
15224,0,-1,-1
15225,1,-1,-1
15226,1,-2,-2
15227,1,-2,-2
15228,1,-2,-2
15229,1,-1,-1
15230,0,-2,-2
15231,1,-2,-2
15232,1,-2,-2
15233,1,-2,-2
15234,1,-2,-2
15235,0,-1,-1
15236,1,-1,-1
15237,1,-2,-2
15238,0,-2,-2
15239,0,-2,-2
15240,0,-1,-1
15241,0,-1,-1
15242,0,-2,-2
15243,1,-2,-2
15244,1,-2,-2
15245,0,-2,-2
15246,0,-2,-2
15247,0,-2,-2
15248,1,-2,-2
15249,0,-2,-2
15250,0,-2,-2
15251,0,-2,-2
15252,1,-2,-2
15253,1,-2,-2
15254,1,-2,-2
15255,0,-2,-2
15256,1,-2,-2
15257,0,-2,-2
15258,0,-1,-1
15259,0,-1,-1
15260,0,-2,-2
15261,1,-2,-2
15262,0,-2,-2
15263,0,-2,-2
15264,1,-2,-2
15265,0,-2,-2
15266,0,-2,-2
15267,1,-2,-2
15268,1,-1,-1
15269,1,-2,-2
15270,0,-2,-2
15271,0,-2,-2
15272,1,-2,-2
15273,1,-2,-2
15274,1,-2,-2
15275,0,-2,-2
15276,1,-2,-2
15277,0,-2,-2
15278,0,-2,-2
15279,0,-2,-2
15280,1,-2,-2
15281,1,-2,-2
15282,1,-2,-2
15283,1,-2,-2
15284,0,-2,-2
15285,0,-2,-2
15286,1,-2,-2
15287,0,-1,-1
15288,0,-2,-2
15289,1,-1,-1
15290,1,-2,-2
15291,1,-2,-2
15292,0,-2,-2
15293,1,-2,-2
15294,1,-2,-2
15295,0,-2,-2
15296,1,-1,-1
15297,1,-2,-2
15298,0,-2,-2
15299,0,-2,-2
15300,1,-2,-2
15301,0,-1,-1
15302,1,-1,-1
15303,1,-2,-2
15304,1,-2,-2
15305,0,-2,-2
15306,1,-2,-2
15307,1,-2,-2
15308,0,-2,-2
15309,0,-2,-2
15310,0,-2,-2
15311,1,-2,-2
15312,1,-2,-2
15313,1,-2,-2
15314,0,-2,-2
15315,0,-1,-1
15316,0,-1,-1
15317,0,-2,-2
15318,1,-2,-2
15319,1,-2,-2
15320,1,-2,-2
15321,0,-2,-2
15322,1,-2,-2
15323,0,-2,-2
15324,1,-2,-2
15325,0,-2,-2
15326,1,-2,-2
15327,1,-1,-1
15328,1,-2,-2
15329,0,-1,-1
15330,0,-1,-1
15331,0,-1,-1
15332,0,-2,-2
15333,1,-2,-2
15334,0,-2,-2
15335,0,-2,-2
15336,1,-1,-1
15337,1,-2,-2
15338,1,-2,-2
15339,0,-2,-2
15340,0,-2,-2
15341,1,-1,-1
15342,0,-2,-2
15343,1,-1,-1
15344,1,-2,-2
15345,1,-2,-2
15346,0,-2,-2
15347,1,-2,-2
15348,0,-2,-2
15349,1,-2,-2
15350,0,-1,-1
15351,0,-2,-2
15352,1,-2,-2
15353,0,-2,-2
15354,0,-1,-1
15355,0,-1,-1
15356,1,-2,-2
15357,1,-2,-2
15358,1,-2,-2
15359,1,-1,-1
15360,0,-1,-1
15361,0,-2,-2
15362,1,-2,-2
15363,1,-2,-2
15364,0,-2,-2
15365,1,-2,-2
15366,0,-2,-2
15367,1,-1,-1
15368,0,-2,-2
15369,0,-1,-1
15370,1,-2,-2
15371,1,-1,-1
15372,0,-2,-2
15373,0,-2,-2
15374,0,-2,-2
15375,1,-2,-2
15376,1,-2,-2
15377,1,-2,-2
15378,0,-2,-2
15379,0,-1,-1
15380,1,-2,-2
15381,0,-2,-2
15382,0,-2,-2
15383,1,-2,-2
15384,0,-2,-2
15385,0,-2,-2
15386,1,-2,-2
15387,0,-2,-2
15388,1,-2,-2
15389,0,-2,-2
15390,0,-2,-2
15391,1,-2,-2
15392,1,-2,-2
15393,1,-1,-1
15394,0,-2,-2
15395,1,-1,-1
15396,1,-2,-2
15397,1,-1,-1
15398,1,-2,-2
15399,0,-2,-2
15400,0,-2,-2
15401,1,-2,-2
15402,1,-2,-2
15403,0,-2,-2
15404,0,-1,-1
15405,0,-2,-2
15406,0,-1,-1
15407,1,-2,-2
15408,1,-2,-2
15409,1,-2,-2
15410,0,-1,-1
15411,0,-2,-2
15412,0,-2,-2
15413,1,-2,-2
15414,0,-1,-1
15415,1,-2,-2
15416,0,-2,-2
15417,1,-1,-1
15418,0,-1,-1
15419,1,-1,-1
15420,0,-2,-2
15421,1,-1,-1
15422,0,-2,-2
15423,0,-2,-2
15424,1,-2,-2
15425,1,-1,-1
15426,1,-2,-2
15427,1,-2,-2
15428,1,-2,-2
15429,0,-2,-2
15430,1,-2,-2
15431,1,-1,-1
15432,1,-2,-2
15433,0,-2,-2
15434,0,-2,-2
15435,0,-2,-2
15436,0,-1,-1
15437,1,-2,-2
15438,1,-2,-2
15439,0,-1,-1
15440,1,-2,-2
15441,0,-2,-2
15442,1,-2,-2
15443,1,-2,-2
15444,0,-2,-2
15445,0,-2,-2
15446,0,-2,-2
15447,0,-2,-2
15448,1,-2,-2
15449,0,-1,-1
15450,0,-1,-1
15451,1,-2,-2
15452,0,-1,-1
15453,0,-2,-2
15454,0,-2,-2
15455,1,-2,-2
15456,1,-2,-2
15457,0,-2,-2
15458,1,-1,-1
15459,0,-1,-1
15460,1,-1,-1
15461,1,-2,-2
15462,1,-1,-1
15463,1,-2,-2
15464,0,-1,-1
15465,0,-2,-2
15466,1,-2,-2
15467,0,-2,-2
15468,1,-2,-2
15469,1,-2,-2
15470,0,-1,-1
15471,0,-2,-2
15472,0,-2,-2
15473,1,-2,-2
15474,1,-2,-2
15475,0,-1,-1
15476,0,-2,-2
15477,0,-2,-2
15478,0,-2,-2
15479,1,-2,-2
15480,0,-2,-2
15481,1,-2,-2
15482,1,-2,-2
15483,1,-2,-2
15484,1,-2,-2
15485,0,-2,-2
15486,0,-2,-2
15487,1,-2,-2
15488,1,-1,-1
15489,1,-1,-1
15490,1,-2,-2
15491,0,-2,-2
15492,0,-2,-2
15493,1,-2,-2
15494,0,-2,-2
15495,0,-2,-2
15496,1,-2,-2
15497,0,-2,-2
15498,0,-2,-2
15499,1,-1,-1
15500,1,-2,-2
15501,1,-2,-2
15502,0,-2,-2
15503,1,-2,-2
15504,1,-2,-2
15505,0,-2,-2
15506,0,-2,-2
15507,0,-2,-2
15508,1,-2,-2
15509,1,-1,-1
15510,0,-2,-2
15511,0,-2,-2
15512,1,-1,-1
15513,0,-2,-2
15514,0,-2,-2
15515,1,-1,-1
15516,1,-2,-2
15517,0,-2,-2
15518,1,-1,-1
15519,1,-1,-1
15520,0,-2,-2
15521,0,-1,-1
15522,1,-2,-2
15523,0,-2,-2
15524,0,-2,-2
15525,1,-2,-2
15526,0,-2,-2
15527,1,-2,-2
15528,0,-2,-2
15529,1,-2,-2
15530,1,-2,-2
15531,0,-2,-2
15532,1,-2,-2
15533,1,-2,-2
15534,1,-2,-2
15535,1,-2,-2
15536,1,-2,-2
15537,0,-2,-2
15538,1,-2,-2
15539,1,-2,-2
15540,1,-2,-2
15541,1,-2,-2
15542,1,-1,-1
15543,0,-2,-2
15544,1,-1,-1
15545,0,-2,-2
15546,1,-1,-1
15547,1,-1,-1
15548,0,-2,-2
15549,1,-2,-2
15550,1,-2,-2
15551,0,-2,-2
15552,0,-2,-2
15553,1,-2,-2
15554,0,-2,-2
15555,0,-2,-2
15556,0,-2,-2
15557,0,-2,-2
15558,1,-2,-2
15559,1,-2,-2
15560,1,-2,-2
15561,0,-2,-2
15562,0,-2,-2
15563,1,-2,-2
15564,1,-1,-1
15565,0,-2,-2
15566,0,-2,-2
15567,1,-1,-1
15568,1,-1,-1
15569,1,-2,-2
15570,1,-2,-2
15571,1,-2,-2
15572,1,-2,-2
15573,0,-1,-1
15574,1,-2,-2
15575,1,-2,-2
15576,0,-2,-2
15577,1,-2,-2
15578,1,-2,-2
15579,1,-2,-2
15580,1,-2,-2
15581,0,-2,-2
15582,1,-2,-2
15583,1,-2,-2
15584,0,-2,-2
15585,0,-2,-2
15586,1,-2,-2
15587,1,-2,-2
15588,0,-2,-2
15589,1,-2,-2
15590,1,-2,-2
15591,1,-2,-2
15592,1,-1,-1
15593,1,-2,-2
15594,0,-1,-1
15595,0,-1,-1
15596,1,-2,-2
15597,0,-1,-1
15598,0,-2,-2
15599,0,-2,-2
15600,0,-2,-2
15601,1,-2,-2
15602,1,-2,-2
15603,0,-2,-2
15604,1,-2,-2
15605,0,-2,-2
15606,1,-2,-2
15607,1,-1,-1
15608,1,-2,-2
15609,1,-2,-2
15610,0,-2,-2
15611,0,-2,-2
15612,0,-2,-2
15613,0,-2,-2
15614,0,-2,-2
15615,1,-1,-1
15616,1,-1,-1
15617,0,-2,-2
15618,1,-2,-2
15619,0,-2,-2
15620,1,-2,-2
15621,0,-2,-2
15622,0,-2,-2
15623,0,-2,-2
15624,0,-2,-2
15625,1,-2,-2
15626,1,-2,-2
15627,1,-2,-2
15628,0,-2,-2
15629,0,-2,-2
15630,0,-2,-2
15631,0,-1,-1
15632,1,-1,-1
15633,1,-1,-1
15634,1,-2,-2
15635,0,-2,-2
15636,0,-2,-2
15637,1,-1,-1
15638,1,-2,-2
15639,1,-1,-1
15640,1,-1,-1
15641,1,-2,-2
15642,0,-2,-2
15643,0,-2,-2
15644,0,-2,-2
15645,0,-1,-1
15646,1,-2,-2
15647,1,-2,-2
15648,1,-2,-2
15649,1,-1,-1
15650,0,-2,-2
15651,1,-2,-2
15652,1,-2,-2
15653,1,-2,-2
15654,0,-2,-2
15655,0,-2,-2
15656,1,-2,-2
15657,1,-2,-2
15658,0,-1,-1
15659,0,-2,-2
15660,0,-1,-1
15661,1,-2,-2
15662,0,-2,-2
15663,0,-1,-1
15664,1,-2,-2
15665,0,-2,-2
15666,1,-2,-2
15667,1,-2,-2
15668,0,-2,-2
15669,0,-2,-2
15670,1,-2,-2
15671,0,-2,-2
15672,1,-2,-2
15673,1,-1,-1
15674,1,-2,-2
15675,0,-2,-2
15676,0,-2,-2
15677,0,-1,-1
15678,1,-2,-2
15679,0,-2,-2
15680,1,-2,-2
15681,1,-1,-1
15682,0,-2,-2
15683,0,-2,-2
15684,1,-2,-2
15685,1,-2,-2
15686,1,-2,-2
15687,0,-1,-1
15688,1,-1,-1
15689,0,-1,-1
15690,1,-2,-2
15691,1,-2,-2
15692,0,-2,-2
15693,0,-2,-2
15694,0,-2,-2
15695,1,-2,-2
15696,1,-2,-2
15697,1,-1,-1
15698,1,-2,-2
15699,0,-2,-2
15700,1,-2,-2
15701,0,-1,-1
15702,0,-2,-2
15703,0,-2,-2
15704,1,-2,-2
15705,0,-1,-1
15706,0,-2,-2
15707,1,-2,-2
15708,0,-2,-2
15709,0,-1,-1
15710,1,-1,-1
15711,1,-1,-1
15712,1,-2,-2
15713,1,-2,-2
15714,1,-2,-2
15715,1,-2,-2
15716,1,-1,-1
15717,0,-2,-2
15718,0,-2,-2
15719,0,-2,-2
15720,1,-2,-2
15721,0,-2,-2
15722,0,-2,-2
15723,1,-2,-2
15724,0,-1,-1
15725,1,-1,-1
15726,0,-2,-2
15727,0,-2,-2
15728,1,-2,-2
15729,1,-1,-1
15730,0,-2,-2
15731,1,-2,-2
15732,1,-2,-2
15733,1,-2,-2
15734,0,-2,-2
15735,0,-1,-1
15736,0,-2,-2
15737,0,-2,-2
15738,0,-2,-2
15739,0,-2,-2
15740,0,-2,-2
15741,1,-1,-1
15742,0,-2,-2
15743,0,-2,-2
15744,0,-2,-2
15745,1,-2,-2
15746,1,-2,-2
15747,0,-2,-2
15748,0,-2,-2
15749,0,-2,-2
15750,1,-2,-2
15751,0,-1,-1
15752,0,-2,-2
15753,1,-2,-2
15754,0,-1,-1
15755,1,-2,-2
15756,0,-2,-2
15757,0,-2,-2
15758,1,-2,-2
15759,1,-2,-2
15760,0,-2,-2
15761,0,-2,-2
15762,1,-2,-2
15763,0,-2,-2
15764,1,-2,-2
15765,1,-2,-2
15766,0,-2,-2
15767,1,-2,-2
15768,0,-1,-1
15769,1,-2,-2
15770,0,-1,-1
15771,0,-2,-2
15772,1,-2,-2
15773,0,-2,-2
15774,1,-1,-1
15775,0,-2,-2
15776,0,-2,-2
15777,0,-2,-2
15778,0,-2,-2
15779,0,-2,-2
15780,0,-2,-2
15781,1,-2,-2
15782,0,-2,-2
15783,1,-2,-2
15784,1,-2,-2
15785,0,-1,-1
15786,0,-2,-2
15787,1,-2,-2
15788,0,-1,-1
15789,1,-2,-2
15790,0,-2,-2
15791,1,-2,-2
15792,0,-1,-1
15793,0,-2,-2
15794,1,-2,-2
15795,1,-1,-1
15796,1,-2,-2
15797,0,-2,-2
15798,1,-2,-2
15799,0,-2,-2
15800,1,-2,-2
15801,0,-2,-2
15802,1,-2,-2
15803,1,-1,-1
15804,0,-2,-2
15805,0,-2,-2
15806,1,-2,-2
15807,1,-2,-2
15808,1,-2,-2
15809,0,-2,-2
15810,0,-2,-2
15811,1,-2,-2
15812,1,-2,-2
15813,0,-2,-2
15814,0,-2,-2
15815,1,-2,-2
15816,0,-1,-1
15817,0,-1,-1
15818,0,-2,-2
15819,1,-2,-2
15820,1,-1,-1
15821,0,-2,-2
15822,0,-2,-2
15823,0,-2,-2
15824,0,-2,-2
15825,1,-2,-2
15826,0,-2,-2
15827,0,-1,-1
15828,0,-2,-2
15829,0,-2,-2
15830,1,-1,-1
15831,1,-2,-2
15832,0,-2,-2
15833,1,-2,-2
15834,0,-1,-1
15835,0,-1,-1
15836,0,-2,-2
15837,0,-2,-2
15838,0,-1,-1
15839,0,-1,-1
15840,1,-1,-1
15841,1,-2,-2
15842,0,-1,-1
15843,0,-2,-2
15844,1,-2,-2
15845,0,-1,-1
15846,1,-2,-2
15847,0,-2,-2
15848,1,-2,-2
15849,0,-2,-2
15850,1,-2,-2
15851,0,-2,-2
15852,0,-2,-2
15853,1,-2,-2
15854,1,-2,-2
15855,1,-2,-2
15856,0,-2,-2
15857,0,-2,-2
15858,1,-1,-1
15859,1,-2,-2
15860,1,-2,-2
15861,0,-2,-2
15862,0,-2,-2
15863,0,-2,-2
15864,0,-2,-2
15865,1,-2,-2
15866,0,-2,-2
15867,1,-2,-2
15868,1,-2,-2
15869,0,-2,-2
15870,1,-2,-2
15871,1,-2,-2
15872,0,-2,-2
15873,0,-2,-2
15874,1,-2,-2
15875,1,-2,-2
15876,1,-2,-2
15877,1,-2,-2
15878,1,-2,-2
15879,0,-2,-2
15880,1,-1,-1
15881,0,-2,-2
15882,1,-2,-2
15883,0,-1,-1
15884,1,-2,-2
15885,0,-2,-2
15886,1,-2,-2
15887,0,-2,-2
15888,1,-2,-2
15889,0,-1,-1
15890,1,-2,-2
15891,0,-2,-2
15892,1,-2,-2
15893,1,-1,-1
15894,0,-2,-2
15895,1,-1,-1
15896,1,-2,-2
15897,0,-2,-2
15898,0,-2,-2
15899,0,-2,-2
15900,0,-2,-2
15901,0,-1,-1
15902,1,-2,-2
15903,1,-2,-2
15904,1,-2,-2
15905,1,-2,-2
15906,1,-2,-2
15907,0,-2,-2
15908,1,-2,-2
15909,0,-2,-2
15910,1,-2,-2
15911,0,-2,-2
15912,1,-2,-2
15913,1,-2,-2
15914,1,-1,-1
15915,0,-2,-2
15916,1,-2,-2
15917,1,-1,-1
15918,1,-2,-2
15919,1,-2,-2
15920,1,-1,-1
15921,0,-2,-2
15922,0,-2,-2
15923,1,-2,-2
15924,0,-2,-2
15925,0,-2,-2
15926,1,-2,-2
15927,1,-2,-2
15928,0,-2,-2
15929,0,-2,-2
15930,0,-1,-1
15931,1,-2,-2
15932,1,-1,-1
15933,0,-2,-2
15934,0,-1,-1
15935,1,-1,-1
15936,1,-2,-2
15937,1,-2,-2
15938,1,-2,-2
15939,1,-2,-2
15940,1,-2,-2
15941,1,-2,-2
15942,1,-2,-2
15943,1,-2,-2
15944,0,-2,-2
15945,1,-2,-2
15946,0,-2,-2
15947,0,-2,-2
15948,1,-2,-2
15949,0,-2,-2
15950,0,-2,-2
15951,1,-2,-2
15952,0,-1,-1
15953,0,-2,-2
15954,0,-2,-2
15955,0,-2,-2
15956,1,-2,-2
15957,0,-2,-2
15958,0,-2,-2
15959,1,-1,-1
15960,1,-1,-1
15961,0,-2,-2
15962,1,-2,-2
15963,0,-2,-2
15964,1,-2,-2
15965,0,-2,-2
15966,0,-2,-2
15967,1,-2,-2
15968,1,-2,-2
15969,1,-2,-2
15970,1,-2,-2
15971,1,-2,-2
15972,1,-2,-2
15973,1,-2,-2
15974,1,-2,-2
15975,1,-2,-2
15976,1,-1,-1
15977,1,-1,-1
15978,1,-2,-2
15979,0,-2,-2
15980,1,-2,-2
15981,1,-2,-2
15982,0,-2,-2
15983,1,-2,-2
15984,1,-2,-2
15985,0,-1,-1
15986,0,-2,-2
15987,0,-1,-1
15988,1,-2,-2
15989,1,-2,-2
15990,0,-2,-2
15991,0,-2,-2
15992,0,-2,-2
15993,0,-2,-2
15994,1,-1,-1
15995,0,-1,-1
15996,1,-2,-2
15997,0,-2,-2
15998,0,-2,-2
15999,1,-2,-2
16000,1,-2,-2
16001,1,-2,-2
16002,1,-2,-2
16003,1,-2,-2
16004,1,-1,-1
16005,0,-2,-2
16006,0,-2,-2
16007,1,-2,-2
16008,1,-1,-1
16009,0,-2,-2
16010,0,-2,-2
16011,1,-2,-2
16012,1,-1,-1
16013,1,-2,-2
16014,0,-2,-2
16015,1,-2,-2
16016,0,-2,-2
16017,0,-2,-2
16018,0,-2,-2
16019,0,-2,-2
16020,1,-2,-2
16021,1,-1,-1
16022,0,-2,-2
16023,1,-1,-1
16024,1,-2,-2
16025,0,-2,-2
16026,0,-2,-2
16027,0,-2,-2
16028,0,-2,-2
16029,0,-2,-2
16030,0,-2,-2
16031,0,-2,-2
16032,0,-2,-2
16033,1,-2,-2
16034,0,-2,-2
16035,1,-2,-2
16036,0,-1,-1
16037,1,-1,-1
16038,0,-2,-2
16039,1,-2,-2
16040,0,-2,-2
16041,0,-2,-2
16042,0,-2,-2
16043,1,-1,-1
16044,1,-2,-2
16045,1,-2,-2
16046,1,-2,-2
16047,0,-2,-2
16048,1,-2,-2
16049,0,-2,-2
16050,0,-1,-1
16051,1,-2,-2
16052,0,-2,-2
16053,0,-2,-2
16054,1,-2,-2
16055,0,-2,-2
16056,0,-2,-2
16057,1,-2,-2
16058,1,-2,-2
16059,1,-2,-2
16060,0,-2,-2
16061,0,-2,-2
16062,1,-1,-1
16063,1,-2,-2
16064,1,-2,-2
16065,0,-1,-1
16066,0,-1,-1
16067,0,-1,-1
16068,1,-2,-2
16069,0,-2,-2
16070,1,-2,-2
16071,1,-1,-1
16072,0,-2,-2
16073,1,-1,-1
16074,1,-2,-2
16075,1,-1,-1
16076,0,-2,-2
16077,0,-2,-2
16078,1,-2,-2
16079,1,-2,-2
16080,1,-2,-2
16081,0,-2,-2
16082,1,-2,-2
16083,0,-2,-2
16084,1,-2,-2
16085,1,-1,-1
16086,0,-1,-1
16087,0,-2,-2
16088,0,-2,-2
16089,1,-2,-2
16090,0,-2,-2
16091,1,-2,-2
16092,0,-2,-2
16093,0,-2,-2
16094,0,-2,-2
16095,1,-2,-2
16096,0,-2,-2
16097,0,-2,-2
16098,1,-2,-2
16099,0,-2,-2
16100,0,-2,-2
16101,1,-2,-2
16102,1,-1,-1
16103,1,-2,-2
16104,1,-2,-2
16105,1,-2,-2
16106,0,-2,-2
16107,1,-1,-1
16108,1,-2,-2
16109,0,-2,-2
16110,0,-2,-2
16111,0,-2,-2
16112,1,-2,-2
16113,1,-2,-2
16114,1,-2,-2
16115,0,-1,-1
16116,0,-2,-2
16117,0,-2,-2
16118,1,-2,-2
16119,1,-2,-2
16120,1,-1,-1
16121,1,-1,-1
16122,1,-2,-2
16123,0,-2,-2
16124,0,-2,-2
16125,1,-2,-2
16126,0,-2,-2
16127,0,-2,-2
16128,0,-2,-2
16129,0,-2,-2
16130,1,-2,-2
16131,0,-2,-2
16132,0,-2,-2
16133,1,-2,-2
16134,1,-2,-2
16135,0,-2,-2
16136,0,-2,-2
16137,1,-2,-2
16138,1,-2,-2
16139,0,-1,-1
16140,0,-2,-2
16141,0,-2,-2
16142,1,-2,-2
16143,1,-2,-2
16144,0,-2,-2
16145,1,-2,-2
16146,0,-2,-2
16147,1,-1,-1
16148,0,-2,-2
16149,1,-2,-2
16150,0,-2,-2
16151,0,-2,-2
16152,0,-2,-2
16153,0,-2,-2
16154,0,-2,-2
16155,1,-2,-2
16156,0,-2,-2
16157,0,-2,-2
16158,0,-1,-1
16159,0,-2,-2
16160,0,-2,-2
16161,1,-2,-2
16162,0,-2,-2
16163,0,-2,-2
16164,0,-2,-2
16165,0,-1,-1
16166,1,-2,-2
16167,1,-1,-1
16168,0,-2,-2
16169,1,-1,-1
16170,0,-2,-2
16171,0,-2,-2
16172,1,-2,-2
16173,0,-2,-2
16174,1,-2,-2
16175,0,-2,-2
16176,0,-2,-2
16177,1,-1,-1
16178,0,-2,-2
16179,1,-2,-2
16180,0,-2,-2
16181,0,-1,-1
16182,1,-2,-2
16183,1,-2,-2
16184,1,-2,-2
16185,1,-2,-2
16186,0,-1,-1
16187,0,-2,-2
16188,1,-2,-2
16189,0,-2,-2
16190,1,-1,-1
16191,0,-2,-2
16192,0,-2,-2
16193,0,-2,-2
16194,1,-2,-2
16195,0,-2,-2
16196,1,-2,-2
16197,0,-1,-1
16198,0,-2,-2
16199,0,-2,-2
16200,1,-2,-2
16201,1,-2,-2
16202,0,-2,-2
16203,0,-2,-2
16204,1,-2,-2
16205,0,-2,-2
16206,1,-1,-1
16207,0,-1,-1
16208,0,-2,-2
16209,1,-2,-2
16210,0,-2,-2
16211,0,-2,-2
16212,1,-1,-1
16213,0,-2,-2
16214,0,-1,-1
16215,0,-2,-2
16216,0,-2,-2
16217,0,-2,-2
16218,1,-2,-2
16219,1,-2,-2
16220,0,-2,-2
16221,1,-2,-2
16222,1,-2,-2
16223,0,-2,-2
16224,1,-2,-2
16225,0,-2,-2
16226,1,-2,-2
16227,1,-2,-2
16228,0,-1,-1
16229,1,-2,-2
16230,0,-2,-2
16231,1,-2,-2
16232,1,-1,-1
16233,0,-1,-1
16234,0,-2,-2
16235,1,-2,-2
16236,1,-1,-1
16237,0,-2,-2
16238,0,-2,-2
16239,1,-2,-2
16240,1,-2,-2
16241,1,-2,-2
16242,0,-1,-1
16243,1,-1,-1
16244,0,-2,-2
16245,0,-2,-2
16246,0,-2,-2
16247,0,-2,-2
16248,0,-2,-2
16249,1,-1,-1
16250,1,-2,-2
16251,0,-2,-2
16252,1,-1,-1
16253,0,-2,-2
16254,1,-1,-1
16255,1,-2,-2
16256,0,-2,-2
16257,0,-1,-1
16258,1,-2,-2
16259,0,-2,-2
16260,1,-2,-2
16261,0,-1,-1
16262,1,-2,-2
16263,0,-2,-2
16264,0,-2,-2
16265,1,-1,-1
16266,1,-2,-2
16267,1,-2,-2
16268,1,-2,-2
16269,1,-2,-2
16270,0,-2,-2
16271,1,-1,-1
16272,0,-2,-2
16273,1,-2,-2
16274,1,-2,-2
16275,1,-2,-2
16276,1,-2,-2
16277,0,-2,-2
16278,1,-2,-2
16279,1,-1,-1
16280,0,-2,-2
16281,0,-2,-2
16282,1,-2,-2
16283,1,-2,-2
16284,1,-2,-2
16285,1,-2,-2
16286,1,-2,-2
16287,1,-2,-2
16288,1,-2,-2
16289,1,-2,-2
16290,1,-2,-2
16291,0,-1,-1
16292,1,-2,-2
16293,0,-1,-1
16294,1,-2,-2
16295,0,-1,-1
16296,0,-2,-2
16297,0,-2,-2
16298,0,-2,-2
16299,0,-2,-2
16300,0,-2,-2
16301,0,-2,-2
16302,1,-2,-2
16303,0,-2,-2
16304,0,-1,-1
16305,1,-2,-2
16306,0,-2,-2
16307,1,-2,-2
16308,0,-2,-2
16309,0,-2,-2
16310,0,-2,-2
16311,1,-2,-2
16312,0,-2,-2
16313,0,-2,-2
16314,0,-2,-2
16315,1,-1,-1
16316,1,-2,-2
16317,1,-2,-2
16318,0,-2,-2
16319,1,-2,-2
16320,0,-2,-2
16321,0,-2,-2
16322,0,-1,-1
16323,0,-1,-1
16324,0,-2,-2
16325,1,-2,-2
16326,0,-1,-1
16327,1,-2,-2
16328,1,-2,-2
16329,1,-2,-2
16330,1,-2,-2
16331,1,-1,-1
16332,0,-2,-2
16333,1,-2,-2
16334,0,-2,-2
16335,0,-2,-2
16336,1,-2,-2
16337,1,-1,-1
16338,0,-2,-2
16339,1,-2,-2
16340,0,-2,-2
16341,1,-2,-2
16342,0,-1,-1
16343,1,-2,-2
16344,0,-2,-2
16345,1,-2,-2
16346,1,-2,-2
16347,0,-2,-2
16348,0,-1,-1
16349,0,-2,-2
16350,1,-2,-2
16351,1,-2,-2
16352,0,-2,-2
16353,1,-2,-2
16354,0,-2,-2
16355,1,-2,-2
16356,0,-2,-2
16357,1,-2,-2
16358,0,-2,-2
16359,1,-2,-2
16360,0,-2,-2
16361,0,-2,-2
16362,1,-2,-2
16363,1,-1,-1
16364,0,-2,-2
16365,1,-2,-2
16366,0,-1,-1
16367,1,-1,-1
16368,1,-2,-2
16369,0,-2,-2
16370,0,-1,-1
16371,0,-2,-2
16372,1,-2,-2
16373,1,-2,-2
16374,1,-2,-2
16375,0,-2,-2
16376,1,-2,-2
16377,0,-2,-2
16378,0,-2,-2
16379,0,-2,-2
16380,0,-2,-2
16381,1,-2,-2
16382,1,-2,-2
16383,1,-1,-1
16384,0,-2,-2
16385,1,-2,-2
16386,1,-2,-2
16387,0,-2,-2
16388,1,-2,-2
16389,1,-2,-2
16390,0,-2,-2
16391,1,-2,-2
16392,0,-1,-1
16393,0,-2,-2
16394,0,-1,-1
16395,1,-2,-2
16396,1,-1,-1
16397,0,-2,-2
16398,1,-2,-2
16399,0,-2,-2
16400,1,-2,-2
16401,0,-2,-2
16402,0,-2,-2
16403,0,-2,-2
16404,1,-1,-1
16405,1,-1,-1
16406,0,-1,-1
16407,1,-2,-2
16408,0,-2,-2
16409,0,-1,-1
16410,0,-1,-1
16411,0,-2,-2
16412,0,-2,-2
16413,0,-2,-2
16414,0,-2,-2
16415,0,-2,-2
16416,1,-2,-2
16417,0,-2,-2
16418,0,-2,-2
16419,0,-1,-1
16420,0,-2,-2
16421,0,-2,-2
16422,1,-1,-1
16423,0,-2,-2
16424,1,-2,-2
16425,0,-2,-2
16426,1,-1,-1
16427,1,-2,-2
16428,1,-1,-1
16429,1,-2,-2
16430,0,-2,-2
16431,0,-2,-2
16432,1,-2,-2
16433,1,-2,-2
16434,1,-2,-2
16435,1,-2,-2
16436,0,-1,-1
16437,1,-2,-2
16438,1,-2,-2
16439,0,-2,-2
16440,1,-2,-2
16441,1,-1,-1
16442,1,-2,-2
16443,0,-2,-2
16444,1,-1,-1
16445,0,-1,-1
16446,1,-2,-2
16447,1,-2,-2
16448,0,-2,-2
16449,0,-2,-2
16450,1,-1,-1
16451,0,-2,-2
16452,1,-2,-2
16453,1,-2,-2
16454,1,-2,-2
16455,1,-2,-2
16456,0,-2,-2
16457,0,-2,-2
16458,1,-2,-2
16459,1,-2,-2
16460,1,-2,-2
16461,0,-2,-2
16462,0,-2,-2
16463,1,-1,-1
16464,0,-2,-2
16465,1,-2,-2
16466,0,-2,-2
16467,0,-1,-1
16468,1,-2,-2
16469,0,-2,-2
16470,0,-2,-2
16471,1,-2,-2
16472,1,-1,-1
16473,0,-2,-2
16474,1,-2,-2
16475,1,-2,-2
16476,1,-1,-1
16477,0,-2,-2
16478,1,-2,-2
16479,0,-2,-2
16480,0,-2,-2
16481,0,-2,-2
16482,0,-1,-1
16483,1,-2,-2
16484,1,-2,-2
16485,1,-1,-1
16486,0,-2,-2
16487,0,-2,-2
16488,0,-2,-2
16489,0,-2,-2
16490,0,-2,-2
16491,1,-2,-2
16492,0,-2,-2
16493,1,-2,-2
16494,0,-2,-2
16495,1,-2,-2
16496,0,-2,-2
16497,1,-2,-2
16498,0,-2,-2
16499,1,-2,-2
16500,1,-1,-1
16501,1,-2,-2
16502,1,-2,-2
16503,0,-1,-1
16504,1,-2,-2
16505,1,-2,-2
16506,0,-2,-2
16507,0,-2,-2
16508,1,-1,-1
16509,0,-2,-2
16510,0,-2,-2
16511,1,-2,-2
16512,0,-2,-2
16513,0,-2,-2
16514,0,-2,-2
16515,1,-2,-2
16516,0,-2,-2
16517,1,-2,-2
16518,0,-1,-1
16519,1,-1,-1
16520,0,-2,-2
16521,0,-2,-2
16522,0,-2,-2
16523,1,-2,-2
16524,0,-2,-2
16525,1,-2,-2
16526,1,-2,-2
16527,0,-2,-2
16528,1,-2,-2
16529,0,-2,-2
16530,1,-2,-2
16531,0,-2,-2
16532,1,-2,-2
16533,1,-2,-2
16534,0,-2,-2
16535,0,-1,-1
16536,0,-2,-2
16537,0,-1,-1
16538,1,-2,-2
16539,0,-2,-2
16540,0,-2,-2
16541,1,-2,-2
16542,0,-2,-2
16543,0,-2,-2
16544,1,-2,-2
16545,1,-1,-1
16546,1,-2,-2
16547,0,-1,-1
16548,1,-1,-1
16549,1,-1,-1
16550,0,-1,-1
16551,0,-2,-2
16552,1,-2,-2
16553,0,-2,-2
16554,0,-2,-2
16555,1,-1,-1
16556,0,-1,-1
16557,0,-2,-2
16558,0,-2,-2
16559,0,-2,-2
16560,0,-2,-2
16561,0,-2,-2
16562,0,-2,-2
16563,0,-2,-2
16564,1,-2,-2
16565,0,-2,-2
16566,1,-2,-2
16567,1,-1,-1
16568,1,-2,-2
16569,1,-1,-1
16570,0,-2,-2
16571,0,-2,-2
16572,1,-2,-2
16573,1,-2,-2
16574,1,-2,-2
16575,0,-1,-1
16576,1,-1,-1
16577,1,-2,-2
16578,0,-2,-2
16579,1,-2,-2
16580,0,-2,-2
16581,1,-2,-2
16582,1,-1,-1
16583,1,-2,-2
16584,0,-1,-1
16585,1,-1,-1
16586,1,-2,-2
16587,1,-2,-2
16588,1,-2,-2
16589,0,-1,-1
16590,0,-1,-1
16591,1,-2,-2
16592,1,-2,-2
16593,0,-1,-1
16594,0,-2,-2
16595,1,-2,-2
16596,1,-1,-1
16597,1,-2,-2
16598,0,-2,-2
16599,1,-2,-2
16600,1,-1,-1
16601,0,-2,-2
16602,0,-1,-1
16603,1,-2,-2
16604,1,-2,-2
16605,1,-2,-2
16606,0,-2,-2
16607,0,-1,-1
16608,1,-2,-2
16609,0,-2,-2
16610,1,-1,-1
16611,1,-2,-2
16612,1,-1,-1
16613,1,-2,-2
16614,0,-1,-1
16615,0,-2,-2
16616,1,-1,-1
16617,0,-2,-2
16618,1,-2,-2
16619,1,-1,-1
16620,0,-2,-2
16621,0,-2,-2
16622,0,-2,-2
16623,0,-2,-2
16624,1,-1,-1
16625,1,-2,-2
16626,0,-2,-2
16627,1,-1,-1
16628,0,-2,-2
16629,0,-2,-2
16630,1,-2,-2
16631,1,-2,-2
16632,0,-2,-2
16633,0,-2,-2
16634,1,-2,-2
16635,0,-1,-1
16636,0,-2,-2
16637,1,-2,-2
16638,1,-1,-1
16639,1,-2,-2
16640,0,-2,-2
16641,1,-2,-2
16642,0,-1,-1
16643,0,-2,-2
16644,1,-2,-2
16645,1,-2,-2
16646,0,-2,-2
16647,0,-2,-2
16648,0,-1,-1
16649,1,-2,-2
16650,0,-2,-2
16651,1,-2,-2
16652,1,-2,-2
16653,1,-2,-2
16654,0,-2,-2
16655,0,-2,-2
16656,0,-1,-1
16657,1,-2,-2
16658,1,-2,-2
16659,1,-1,-1
16660,0,-2,-2
16661,0,-2,-2
16662,0,-2,-2
16663,0,-1,-1
16664,1,-2,-2
16665,1,-1,-1
16666,1,-2,-2
16667,1,-2,-2
16668,1,-2,-2
16669,0,-1,-1
16670,0,-2,-2
16671,0,-2,-2
16672,0,-2,-2
16673,1,-2,-2
16674,0,-2,-2
16675,1,-2,-2
16676,1,-2,-2
16677,1,-1,-1
16678,1,-1,-1
16679,0,-2,-2
16680,0,-2,-2
16681,0,-2,-2
16682,1,-2,-2
16683,0,-2,-2
16684,1,-2,-2
16685,1,-2,-2
16686,1,-2,-2
16687,1,-1,-1
16688,1,-2,-2
16689,0,-2,-2
16690,0,-2,-2
16691,0,-2,-2
16692,0,-2,-2
16693,1,-2,-2
16694,1,-1,-1
16695,0,-2,-2
16696,0,-2,-2
16697,0,-1,-1
16698,1,-2,-2
16699,0,-2,-2
16700,1,-2,-2
16701,1,-1,-1
16702,0,-2,-2
16703,0,-1,-1
16704,1,-2,-2
16705,0,-2,-2
16706,0,-2,-2
16707,0,-2,-2
16708,1,-2,-2
16709,1,-2,-2
16710,1,-2,-2
16711,0,-2,-2
16712,1,-2,-2
16713,1,-2,-2
16714,1,-2,-2
16715,1,-2,-2
16716,1,-2,-2
16717,0,-2,-2
16718,0,-2,-2
16719,0,-2,-2
16720,0,-2,-2
16721,0,-2,-2
16722,0,-1,-1
16723,1,-2,-2
16724,1,-2,-2
16725,1,-1,-1
16726,0,-2,-2
16727,1,-2,-2
16728,1,-2,-2
16729,0,-2,-2
16730,0,-2,-2
16731,0,-2,-2
16732,1,-2,-2
16733,0,-2,-2
16734,0,-2,-2
16735,0,-2,-2
16736,0,-2,-2
16737,1,-1,-1
16738,0,-2,-2
16739,0,-2,-2
16740,0,-2,-2
16741,1,-2,-2
16742,0,-2,-2
16743,1,-1,-1
16744,1,-2,-2
16745,1,-2,-2
16746,1,-1,-1
16747,0,-2,-2
16748,0,-2,-2
16749,0,-2,-2
16750,1,-2,-2
16751,0,-1,-1
16752,1,-2,-2
16753,1,-2,-2
16754,1,-1,-1
16755,0,-2,-2
16756,1,-1,-1
16757,0,-2,-2
16758,1,-2,-2
16759,0,-2,-2
16760,0,-2,-2
16761,1,-2,-2
16762,0,-2,-2
16763,1,-2,-2
16764,1,-2,-2
16765,1,-1,-1
16766,1,-2,-2
16767,0,-2,-2
16768,1,-2,-2
16769,0,-1,-1
16770,0,-2,-2
16771,1,-2,-2
16772,1,-2,-2
16773,0,-1,-1
16774,1,-2,-2
16775,1,-2,-2
16776,0,-1,-1
16777,0,-2,-2
16778,0,-2,-2
16779,1,-2,-2
16780,1,-2,-2
16781,1,-2,-2
16782,1,-2,-2
16783,1,-2,-2
16784,1,-2,-2
16785,0,-2,-2
16786,0,-2,-2
16787,1,-2,-2
16788,1,-2,-2
16789,1,-2,-2
16790,1,-1,-1
16791,0,-2,-2
16792,0,-2,-2
16793,0,-1,-1
16794,0,-1,-1
16795,1,-2,-2
16796,0,-1,-1
16797,0,-2,-2
16798,1,-2,-2
16799,1,-2,-2
16800,0,-2,-2
16801,1,-2,-2
16802,0,-2,-2
16803,0,-2,-2
16804,0,-2,-2
16805,1,-2,-2
16806,1,-2,-2
16807,1,-1,-1
16808,0,-2,-2
16809,0,-2,-2
16810,0,-2,-2
16811,1,-2,-2
16812,1,-2,-2
16813,1,-2,-2
16814,0,-2,-2
16815,1,-1,-1
16816,1,-2,-2
16817,1,-1,-1
16818,1,-1,-1
16819,1,-1,-1
16820,1,-2,-2
16821,1,-2,-2
16822,1,-2,-2
16823,1,-2,-2
16824,0,-1,-1
16825,1,-2,-2
16826,0,-2,-2
16827,1,-2,-2
16828,0,-2,-2
16829,0,-2,-2
16830,1,-2,-2
16831,1,-2,-2
16832,1,-2,-2
16833,1,-2,-2
16834,0,-2,-2
16835,0,-2,-2
16836,1,-2,-2
16837,0,-2,-2
16838,0,-2,-2
16839,0,-2,-2
16840,0,-1,-1
16841,0,-2,-2
16842,0,-2,-2
16843,1,-2,-2
16844,0,-2,-2
16845,0,-1,-1
16846,0,-2,-2
16847,0,-2,-2
16848,1,-2,-2
16849,0,-2,-2
16850,1,-2,-2
16851,0,-1,-1
16852,0,-2,-2
16853,0,-2,-2
16854,1,-1,-1
16855,0,-2,-2
16856,1,-2,-2
16857,1,-1,-1
16858,0,-2,-2
16859,0,-2,-2
16860,0,-1,-1
16861,1,-1,-1
16862,0,-2,-2
16863,0,-1,-1
16864,1,-2,-2
16865,1,-2,-2
16866,1,-2,-2
16867,1,-2,-2
16868,0,-2,-2
16869,0,-2,-2
16870,1,-2,-2
16871,0,-2,-2
16872,0,-2,-2
16873,1,-1,-1
16874,1,-1,-1
16875,0,-2,-2
16876,0,-2,-2
16877,0,-2,-2
16878,0,-2,-2
16879,0,-2,-2
16880,1,-2,-2
16881,0,-1,-1
16882,1,-2,-2
16883,0,-2,-2
16884,1,-2,-2
16885,1,-1,-1
16886,0,-2,-2
16887,0,-2,-2
16888,1,-2,-2
16889,1,-2,-2
16890,0,-2,-2
16891,1,-2,-2
16892,1,-2,-2
16893,1,-1,-1
16894,1,-1,-1
16895,1,-2,-2
16896,1,-2,-2
16897,1,-1,-1
16898,1,-2,-2
16899,0,-2,-2
16900,0,-2,-2
16901,1,-2,-2
16902,0,-2,-2
16903,1,-2,-2
16904,0,-2,-2
16905,0,-2,-2
16906,1,-2,-2
16907,0,-2,-2
16908,0,-2,-2
16909,0,-2,-2
16910,0,-2,-2
16911,1,-2,-2
16912,1,-2,-2
16913,0,-2,-2
16914,1,-2,-2
16915,0,-2,-2
16916,0,-2,-2
16917,0,-2,-2
16918,0,-2,-2
16919,1,-2,-2
16920,0,-2,-2
16921,1,-2,-2
16922,0,-2,-2
16923,0,-1,-1
16924,0,-2,-2
16925,0,-2,-2
16926,0,-1,-1
16927,0,-2,-2
16928,0,-1,-1
16929,1,-1,-1
16930,0,-2,-2
16931,1,-2,-2
16932,0,-2,-2
16933,0,-2,-2
16934,0,-2,-2
16935,0,-2,-2
16936,1,-2,-2
16937,0,-2,-2
16938,1,-2,-2
16939,1,-2,-2
16940,0,-2,-2
16941,0,-2,-2
16942,0,-2,-2
16943,1,-2,-2
16944,1,-2,-2
16945,1,-2,-2
16946,0,-1,-1
16947,0,-2,-2
16948,1,-1,-1
16949,1,-2,-2
16950,0,-1,-1
16951,1,-2,-2
16952,1,-2,-2
16953,1,-2,-2
16954,1,-2,-2
16955,1,-2,-2
16956,0,-2,-2
16957,0,-2,-2
16958,0,-1,-1
16959,1,-2,-2
16960,0,-2,-2
16961,1,-2,-2
16962,0,-2,-2
16963,1,-2,-2
16964,0,-2,-2
16965,1,-2,-2
16966,0,-2,-2
16967,1,-2,-2
16968,0,-1,-1
16969,0,-2,-2
16970,0,-2,-2
16971,1,-1,-1
16972,0,-2,-2
16973,1,-2,-2
16974,0,-2,-2
16975,0,-2,-2
16976,1,-2,-2
16977,0,-1,-1
16978,1,-2,-2
16979,1,-1,-1
16980,0,-2,-2
16981,0,-2,-2
16982,0,-2,-2
16983,1,-2,-2
16984,1,-2,-2
16985,1,-2,-2
16986,0,-2,-2
16987,1,-2,-2
16988,1,-2,-2
16989,0,-2,-2
16990,0,-2,-2
16991,1,-2,-2
16992,0,-2,-2
16993,0,-2,-2
16994,1,-1,-1
16995,0,-2,-2
16996,0,-2,-2
16997,1,-2,-2
16998,1,-2,-2
16999,1,-1,-1
17000,0,-2,-2
17001,1,-2,-2
17002,1,-2,-2
17003,0,-2,-2
17004,0,-2,-2
17005,0,-1,-1
17006,0,-2,-2
17007,0,-2,-2
17008,1,-2,-2
17009,1,-2,-2
17010,1,-2,-2
17011,0,-2,-2
17012,1,-1,-1
17013,0,-1,-1
17014,1,-2,-2
17015,0,-2,-2
17016,0,-1,-1
17017,1,-2,-2
17018,1,-2,-2
17019,1,-2,-2
17020,1,-2,-2
17021,0,-2,-2
17022,1,-2,-2
17023,1,-2,-2
17024,0,-2,-2
17025,0,-2,-2
17026,1,-2,-2
17027,1,-1,-1
17028,1,-2,-2
17029,0,-2,-2
17030,0,-2,-2
17031,0,-2,-2
17032,1,-2,-2
17033,1,-2,-2
17034,0,-1,-1
17035,0,-2,-2
17036,1,-2,-2
17037,1,-1,-1
17038,0,-1,-1
17039,1,-1,-1
17040,0,-2,-2
17041,0,-2,-2
17042,0,-2,-2
17043,1,-2,-2
17044,1,-2,-2
17045,0,-2,-2
17046,0,-2,-2
17047,1,-2,-2
17048,1,-2,-2
17049,1,-2,-2
17050,1,-1,-1
17051,0,-2,-2
17052,0,-2,-2
17053,1,-2,-2
17054,0,-2,-2
17055,1,-2,-2
17056,1,-2,-2
17057,1,-2,-2
17058,0,-2,-2
17059,1,-2,-2
17060,0,-2,-2
17061,1,-2,-2
17062,0,-2,-2
17063,0,-1,-1
17064,1,-2,-2
17065,0,-2,-2
17066,0,-1,-1
17067,1,-2,-2
17068,0,-2,-2
17069,1,-2,-2
17070,0,-2,-2
17071,0,-2,-2
17072,1,-2,-2
17073,0,-2,-2
17074,1,-2,-2
17075,0,-2,-2
17076,1,-1,-1
17077,0,-1,-1
17078,1,-2,-2
17079,1,-1,-1
17080,0,-2,-2
17081,0,-1,-1
17082,0,-1,-1
17083,1,-2,-2
17084,1,-1,-1
17085,1,-2,-2
17086,0,-2,-2
17087,1,-2,-2
17088,0,-2,-2
17089,1,-2,-2
17090,1,-2,-2
17091,1,-2,-2
17092,0,-2,-2
17093,1,-1,-1
17094,1,-2,-2
17095,1,-2,-2
17096,0,-2,-2
17097,1,-1,-1
17098,1,-2,-2
17099,0,-1,-1
17100,1,-2,-2
17101,1,-2,-2
17102,0,-2,-2
17103,0,-2,-2
17104,0,-2,-2
17105,0,-2,-2
17106,0,-2,-2
17107,0,-2,-2
17108,0,-2,-2
17109,0,-2,-2
17110,0,-1,-1
17111,0,-1,-1
17112,0,-1,-1
17113,1,-2,-2
17114,0,-2,-2
17115,0,-2,-2
17116,0,-2,-2
17117,0,-2,-2
17118,0,-1,-1
17119,0,-2,-2
17120,1,-2,-2
17121,0,-1,-1
17122,0,-1,-1
17123,1,-2,-2
17124,0,-2,-2
17125,1,-1,-1
17126,1,-2,-2
17127,1,-2,-2
17128,1,-2,-2
17129,0,-2,-2
17130,0,-2,-2
17131,0,-2,-2
17132,0,-2,-2
17133,0,-2,-2
17134,1,-1,-1
17135,1,-2,-2
17136,0,-2,-2
17137,1,-2,-2
17138,1,-2,-2
17139,0,-2,-2
17140,0,-2,-2
17141,0,-2,-2
17142,0,-1,-1
17143,1,-1,-1
17144,1,-2,-2
17145,1,-1,-1
17146,0,-2,-2
17147,0,-1,-1
17148,0,-1,-1
17149,1,-2,-2
17150,1,-2,-2
17151,1,-2,-2
17152,1,-2,-2
17153,0,-2,-2
17154,0,-2,-2
17155,0,-2,-2
17156,0,-1,-1
17157,0,-2,-2
17158,0,-2,-2
17159,0,-2,-2
17160,1,-2,-2
17161,0,-1,-1
17162,0,-2,-2
17163,1,-2,-2
17164,0,-1,-1
17165,1,-2,-2
17166,0,-2,-2
17167,1,-2,-2
17168,0,-2,-2
17169,1,-2,-2
17170,0,-2,-2
17171,1,-2,-2
17172,1,-2,-2
17173,1,-2,-2
17174,0,-2,-2
17175,0,-2,-2
17176,1,-2,-2
17177,0,-1,-1
17178,0,-2,-2
17179,0,-2,-2
17180,0,-2,-2
17181,0,-2,-2
17182,0,-2,-2
17183,1,-2,-2
17184,1,-2,-2
17185,1,-2,-2
17186,1,-2,-2
17187,1,-2,-2
17188,0,-2,-2
17189,0,-2,-2
17190,1,-2,-2
17191,0,-2,-2
17192,1,-1,-1
17193,0,-2,-2
17194,1,-2,-2
17195,1,-2,-2
17196,0,-2,-2
17197,1,-2,-2
17198,0,-2,-2
17199,1,-2,-2
17200,1,-2,-2
17201,0,-1,-1
17202,1,-2,-2
17203,0,-2,-2
17204,1,-2,-2
17205,1,-2,-2
17206,0,-2,-2
17207,0,-1,-1
17208,1,-2,-2
17209,0,-2,-2
17210,1,-2,-2
17211,1,-2,-2
17212,0,-2,-2
17213,1,-2,-2
17214,0,-2,-2
17215,1,-2,-2
17216,1,-1,-1
17217,0,-2,-2
17218,1,-2,-2
17219,1,-1,-1
17220,1,-2,-2
17221,1,-2,-2
17222,1,-2,-2
17223,0,-2,-2
17224,0,-2,-2
17225,1,-1,-1
17226,0,-2,-2
17227,0,-2,-2
17228,1,-2,-2
17229,1,-2,-2
17230,0,-2,-2
17231,0,-2,-2
17232,1,-2,-2
17233,0,-1,-1
17234,1,-2,-2
17235,0,-2,-2
17236,0,-2,-2
17237,0,-1,-1
17238,1,-2,-2
17239,0,-2,-2
17240,0,-2,-2
17241,0,-2,-2
17242,0,-2,-2
17243,0,-2,-2
17244,1,-2,-2
17245,1,-2,-2
17246,0,-2,-2
17247,1,-2,-2
17248,1,-2,-2
17249,0,-2,-2
17250,1,-2,-2
17251,0,-1,-1
17252,1,-2,-2
17253,1,-2,-2
17254,1,-2,-2
17255,0,-2,-2
17256,1,-1,-1
17257,1,-2,-2
17258,0,-2,-2
17259,0,-2,-2
17260,1,-1,-1
17261,1,-2,-2
17262,1,-1,-1
17263,0,-2,-2
17264,0,-2,-2
17265,1,-2,-2
17266,0,-2,-2
17267,1,-2,-2
17268,0,-2,-2
17269,1,-2,-2
17270,1,-2,-2
17271,0,-2,-2
17272,0,-2,-2
17273,1,-2,-2
17274,0,-2,-2
17275,0,-2,-2
17276,0,-2,-2
17277,1,-2,-2
17278,0,-2,-2
17279,1,-2,-2
17280,1,-1,-1
17281,0,-2,-2
17282,1,-1,-1
17283,0,-2,-2
17284,0,-1,-1
17285,1,-2,-2
17286,0,-2,-2
17287,0,-1,-1
17288,0,-2,-2
17289,0,-2,-2
17290,1,-2,-2
17291,1,-1,-1
17292,1,-2,-2
17293,1,-2,-2
17294,1,-1,-1
17295,0,-2,-2
17296,1,-2,-2
17297,0,-1,-1
17298,0,-1,-1
17299,1,-2,-2
17300,1,-2,-2
17301,1,-2,-2
17302,0,-2,-2
17303,0,-2,-2
17304,0,-2,-2
17305,1,-2,-2
17306,1,-2,-2
17307,0,-2,-2
17308,0,-2,-2
17309,0,-2,-2
17310,1,-2,-2
17311,0,-2,-2
17312,1,-2,-2
17313,0,-2,-2
17314,0,-2,-2
17315,1,-2,-2
17316,0,-2,-2
17317,1,-1,-1
17318,0,-1,-1
17319,1,-1,-1
17320,1,-2,-2
17321,1,-2,-2
17322,1,-2,-2
17323,1,-1,-1
17324,0,-2,-2
17325,1,-2,-2
17326,0,-2,-2
17327,1,-1,-1
17328,1,-1,-1
17329,0,-2,-2
17330,0,-2,-2
17331,1,-2,-2
17332,1,-2,-2
17333,0,-1,-1
17334,1,-2,-2
17335,1,-1,-1
17336,0,-2,-2
17337,0,-1,-1
17338,1,-2,-2
17339,0,-2,-2
17340,1,-2,-2
17341,0,-1,-1
17342,1,-2,-2
17343,0,-2,-2
17344,0,-2,-2
17345,0,-2,-2
17346,0,-1,-1
17347,0,-2,-2
17348,0,-2,-2
17349,0,-2,-2
17350,0,-2,-2
17351,1,-1,-1
17352,0,-2,-2
17353,0,-2,-2
17354,0,-2,-2
17355,1,-1,-1
17356,1,-2,-2
17357,0,-2,-2
17358,0,-2,-2
17359,1,-2,-2
17360,1,-1,-1
17361,1,-1,-1
17362,1,-2,-2
17363,0,-2,-2
17364,0,-2,-2
17365,0,-1,-1
17366,0,-2,-2
17367,1,-1,-1
17368,0,-2,-2
17369,0,-1,-1
17370,0,-2,-2
17371,1,-2,-2
17372,0,-1,-1
17373,1,-2,-2
17374,1,-1,-1
17375,0,-2,-2
17376,0,-2,-2
17377,1,-2,-2
17378,1,-2,-2
17379,1,-2,-2
17380,0,-1,-1
17381,0,-2,-2
17382,0,-2,-2
17383,0,-2,-2
17384,0,-2,-2
17385,0,-2,-2
17386,0,-2,-2
17387,0,-2,-2
17388,0,-2,-2
17389,1,-2,-2
17390,0,-1,-1
17391,1,-2,-2
17392,1,-2,-2
17393,1,-1,-1
17394,0,-2,-2
17395,1,-2,-2
17396,0,-2,-2
17397,1,-2,-2
17398,0,-2,-2
17399,1,-2,-2
17400,0,-2,-2
17401,0,-2,-2
17402,1,-2,-2
17403,1,-2,-2
17404,1,-2,-2
17405,1,-2,-2
17406,1,-2,-2
17407,1,-2,-2
17408,0,-2,-2
17409,1,-2,-2
17410,0,-2,-2
17411,1,-2,-2
17412,1,-1,-1
17413,0,-2,-2
17414,1,-2,-2
17415,1,-2,-2
17416,1,-2,-2
17417,0,-1,-1
17418,0,-2,-2
17419,1,-2,-2
17420,1,-1,-1
17421,1,-2,-2
17422,0,-2,-2
17423,0,-2,-2
17424,1,-2,-2
17425,0,-2,-2
17426,1,-2,-2
17427,0,-2,-2
17428,1,-2,-2
17429,0,-2,-2
17430,1,-2,-2
17431,0,-2,-2
17432,1,-1,-1
17433,1,-2,-2
17434,0,-2,-2
17435,0,-2,-2
17436,0,-2,-2
17437,1,-2,-2
17438,0,-2,-2
17439,0,-2,-2
17440,1,-2,-2
17441,0,-2,-2
17442,1,-2,-2
17443,1,-2,-2
17444,1,-2,-2
17445,0,-2,-2
17446,1,-1,-1
17447,1,-2,-2
17448,1,-2,-2
17449,1,-2,-2
17450,1,-1,-1
17451,1,-2,-2
17452,0,-2,-2
17453,1,-2,-2
17454,0,-2,-2
17455,0,-2,-2
17456,0,-1,-1
17457,0,-2,-2
17458,1,-2,-2
17459,1,-1,-1
17460,0,-2,-2
17461,0,-1,-1
17462,0,-2,-2
17463,1,-2,-2
17464,1,-2,-2
17465,0,-2,-2
17466,0,-2,-2
17467,1,-2,-2
17468,0,-1,-1
17469,1,-2,-2
17470,0,-2,-2
17471,0,-1,-1
17472,0,-2,-2
17473,1,-2,-2
17474,1,-2,-2
17475,0,-2,-2
17476,1,-2,-2
17477,1,-1,-1
17478,0,-2,-2
17479,1,-2,-2
17480,0,-2,-2
17481,0,-2,-2
17482,0,-2,-2
17483,1,-2,-2
17484,1,-1,-1
17485,1,-2,-2
17486,0,-2,-2
17487,1,-2,-2
17488,0,-2,-2
17489,0,-2,-2
17490,1,-2,-2
17491,1,-2,-2
17492,1,-1,-1
17493,1,-2,-2
17494,0,-2,-2
17495,1,-1,-1
17496,0,-2,-2
17497,1,-2,-2
17498,1,-2,-2
17499,1,-2,-2
17500,0,-2,-2
17501,0,-2,-2
17502,0,-2,-2
17503,1,-1,-1
17504,0,-2,-2
17505,1,-2,-2
17506,1,-2,-2
17507,0,-2,-2
17508,1,-2,-2
17509,0,-1,-1
17510,1,-2,-2
17511,1,-2,-2
17512,0,-2,-2
17513,1,-2,-2
17514,0,-2,-2
17515,1,-2,-2
17516,0,-1,-1
17517,1,-1,-1
17518,0,-2,-2
17519,1,-2,-2
17520,0,-2,-2
17521,0,-2,-2
17522,1,-2,-2
17523,0,-2,-2
17524,1,-2,-2
17525,0,-2,-2
17526,1,-1,-1
17527,1,-2,-2
17528,1,-2,-2
17529,1,-1,-1
17530,0,-2,-2
17531,0,-2,-2
17532,0,-2,-2
17533,1,-2,-2
17534,1,-2,-2
17535,1,-1,-1
17536,1,-2,-2
17537,1,-2,-2
17538,0,-1,-1
17539,1,-2,-2
17540,1,-2,-2
17541,1,-1,-1
17542,0,-2,-2
17543,1,-1,-1
17544,0,-2,-2
17545,0,-2,-2
17546,1,-2,-2
17547,0,-2,-2
17548,1,-2,-2
17549,1,-2,-2
17550,0,-2,-2
17551,1,-2,-2
17552,0,-2,-2
17553,1,-2,-2
17554,0,-2,-2
17555,1,-2,-2
17556,1,-2,-2
17557,0,-2,-2
17558,1,-2,-2
17559,1,-2,-2
17560,1,-2,-2
17561,0,-1,-1
17562,0,-2,-2
17563,0,-2,-2
17564,0,-1,-1
17565,0,-1,-1
17566,1,-2,-2
17567,0,-1,-1
17568,0,-1,-1
17569,0,-2,-2
17570,1,-2,-2
17571,0,-2,-2
17572,0,-2,-2
17573,0,-2,-2
17574,1,-2,-2
17575,0,-2,-2
17576,1,-2,-2
17577,1,-2,-2
17578,1,-2,-2
17579,0,-2,-2
17580,1,-2,-2
17581,0,-2,-2
17582,1,-2,-2
17583,0,-2,-2
17584,0,-2,-2
17585,0,-2,-2
17586,1,-2,-2
17587,0,-2,-2
17588,0,-1,-1
17589,0,-2,-2
17590,0,-2,-2
17591,1,-2,-2
17592,1,-2,-2
17593,0,-2,-2
17594,0,-2,-2
17595,0,-2,-2
17596,0,-2,-2
17597,0,-1,-1
17598,1,-2,-2
17599,0,-1,-1
17600,1,-2,-2
17601,0,-2,-2
17602,1,-2,-2
17603,0,-2,-2
17604,1,-1,-1
17605,0,-2,-2
17606,1,-1,-1
17607,0,-2,-2
17608,0,-2,-2
17609,1,-2,-2
17610,0,-1,-1
17611,1,-2,-2
17612,0,-2,-2
17613,0,-2,-2
17614,0,-2,-2
17615,1,-2,-2
17616,1,-2,-2
17617,0,-1,-1
17618,1,-2,-2
17619,0,-1,-1
17620,1,-2,-2
17621,0,-1,-1
17622,0,-1,-1
17623,1,-2,-2
17624,1,-2,-2
17625,0,-2,-2
17626,0,-1,-1
17627,0,-2,-2
17628,1,-2,-2
17629,0,-2,-2
17630,1,-2,-2
17631,1,-1,-1
17632,1,-2,-2
17633,0,-2,-2
17634,0,-2,-2
17635,0,-2,-2
17636,0,-2,-2
17637,0,-1,-1
17638,0,-2,-2
17639,1,-2,-2
17640,1,-2,-2
17641,1,-1,-1
17642,0,-2,-2
17643,1,-2,-2
17644,1,-2,-2
17645,1,-2,-2
17646,0,-2,-2
17647,0,-2,-2
17648,1,-2,-2
17649,0,-1,-1
17650,1,-2,-2
17651,1,-2,-2
17652,1,-2,-2
17653,1,-2,-2
17654,1,-2,-2
17655,0,-2,-2
17656,0,-2,-2
17657,1,-2,-2
17658,1,-2,-2
17659,1,-2,-2
17660,1,-1,-1
17661,1,-2,-2
17662,0,-2,-2
17663,0,-1,-1
17664,1,-1,-1
17665,1,-2,-2
17666,1,-1,-1
17667,0,-2,-2
17668,1,-2,-2
17669,1,-2,-2
17670,0,-1,-1
17671,0,-2,-2
17672,0,-1,-1
17673,0,-2,-2
17674,0,-1,-1
17675,1,-2,-2
17676,1,-1,-1
17677,0,-1,-1
17678,0,-2,-2
17679,0,-1,-1
17680,1,-2,-2
17681,0,-2,-2
17682,1,-1,-1
17683,0,-2,-2
17684,0,-2,-2
17685,1,-2,-2
17686,0,-2,-2
17687,0,-2,-2
17688,0,-2,-2
17689,1,-2,-2
17690,0,-2,-2
17691,1,-2,-2
17692,0,-2,-2
17693,1,-1,-1
17694,0,-2,-2
17695,0,-2,-2
17696,0,-1,-1
17697,1,-2,-2
17698,1,-2,-2
17699,0,-2,-2
17700,1,-2,-2
17701,1,-2,-2
17702,0,-2,-2
17703,1,-2,-2
17704,0,-1,-1
17705,1,-2,-2
17706,0,-2,-2
17707,1,-1,-1
17708,1,-2,-2
17709,1,-2,-2
17710,1,-2,-2
17711,0,-2,-2
17712,0,-1,-1
17713,1,-2,-2
17714,1,-2,-2
17715,1,-2,-2
17716,0,-2,-2
17717,1,-1,-1
17718,0,-2,-2
17719,1,-2,-2
17720,1,-2,-2
17721,1,-1,-1
17722,1,-2,-2
17723,1,-2,-2
17724,1,-2,-2
17725,1,-2,-2
17726,1,-2,-2
17727,1,-2,-2
17728,1,-2,-2
17729,1,-2,-2
17730,1,-2,-2
17731,1,-2,-2
17732,1,-2,-2
17733,1,-2,-2
17734,1,-2,-2
17735,1,-2,-2
17736,1,-1,-1
17737,0,-2,-2
17738,1,-1,-1
17739,1,-2,-2
17740,1,-2,-2
17741,1,-2,-2
17742,1,-2,-2
17743,1,-1,-1
17744,1,-2,-2
17745,1,-2,-2
17746,0,-2,-2
17747,0,-2,-2
17748,1,-2,-2
17749,0,-2,-2
17750,0,-2,-2
17751,1,-2,-2
17752,1,-2,-2
17753,1,-2,-2
17754,0,-2,-2
17755,0,-1,-1
17756,0,-1,-1
17757,0,-2,-2
17758,0,-2,-2
17759,1,-2,-2
17760,1,-2,-2
17761,0,-2,-2
17762,0,-2,-2
17763,1,-2,-2
17764,0,-1,-1
17765,0,-2,-2
17766,0,-2,-2
17767,0,-2,-2
17768,1,-2,-2
17769,0,-2,-2
17770,0,-2,-2
17771,1,-2,-2
17772,0,-1,-1
17773,1,-1,-1
17774,0,-2,-2
17775,0,-2,-2
17776,1,-2,-2
17777,1,-1,-1
17778,1,-2,-2
17779,0,-2,-2
17780,0,-1,-1
17781,0,-2,-2
17782,1,-2,-2
17783,0,-2,-2
17784,1,-2,-2
17785,1,-2,-2
17786,0,-2,-2
17787,1,-2,-2
17788,0,-2,-2
17789,1,-2,-2
17790,1,-2,-2
17791,0,-2,-2
17792,0,-2,-2
17793,1,-2,-2
17794,0,-2,-2
17795,0,-2,-2
17796,1,-1,-1
17797,0,-2,-2
17798,0,-2,-2
17799,1,-2,-2
17800,1,-1,-1
17801,0,-2,-2
17802,0,-1,-1
17803,0,-1,-1
17804,1,-2,-2
17805,0,-2,-2
17806,0,-1,-1
17807,1,-2,-2
17808,1,-2,-2
17809,1,-1,-1
17810,1,-1,-1
17811,0,-1,-1
17812,1,-1,-1
17813,1,-2,-2
17814,0,-2,-2
17815,1,-1,-1
17816,1,-2,-2
17817,0,-2,-2
17818,0,-1,-1
17819,0,-2,-2
17820,0,-2,-2
17821,1,-2,-2
17822,0,-2,-2
17823,0,-2,-2
17824,0,-1,-1
17825,1,-2,-2
17826,0,-2,-2
17827,1,-2,-2
17828,1,-2,-2
17829,0,-1,-1
17830,1,-2,-2
17831,0,-2,-2
17832,0,-2,-2
17833,0,-2,-2
17834,1,-2,-2
17835,1,-2,-2
17836,1,-2,-2
17837,0,-1,-1
17838,1,-2,-2
17839,1,-1,-1
17840,1,-2,-2
17841,1,-2,-2
17842,1,-2,-2
17843,1,-1,-1
17844,0,-2,-2
17845,1,-1,-1
17846,1,-2,-2
17847,1,-2,-2
17848,0,-2,-2
17849,1,-2,-2
17850,0,-2,-2
17851,1,-2,-2
17852,1,-2,-2
17853,1,-2,-2
17854,1,-1,-1
17855,0,-2,-2
17856,0,-2,-2
17857,0,-2,-2
17858,1,-2,-2
17859,1,-2,-2
17860,0,-2,-2
17861,0,-2,-2
17862,1,-2,-2
17863,1,-1,-1
17864,1,-2,-2
17865,0,-2,-2
17866,1,-2,-2
17867,0,-2,-2
17868,1,-2,-2
17869,1,-2,-2
17870,0,-2,-2
17871,1,-1,-1
17872,1,-2,-2
17873,0,-2,-2
17874,1,-2,-2
17875,1,-2,-2
17876,0,-2,-2
17877,0,-1,-1
17878,0,-2,-2
17879,0,-2,-2
17880,0,-2,-2
17881,1,-2,-2
17882,0,-2,-2
17883,1,-2,-2
17884,1,-2,-2
17885,0,-2,-2
17886,1,-2,-2
17887,0,-2,-2
17888,1,-2,-2
17889,1,-2,-2
17890,0,-2,-2
17891,1,-2,-2
17892,1,-2,-2
17893,1,-2,-2
17894,0,-2,-2
17895,0,-2,-2
17896,1,-2,-2
17897,0,-2,-2
17898,0,-1,-1
17899,1,-2,-2
17900,1,-2,-2
17901,1,-2,-2
17902,1,-2,-2
17903,1,-2,-2
17904,1,-2,-2
17905,1,-2,-2
17906,1,-2,-2
17907,0,-2,-2
17908,0,-2,-2
17909,0,-1,-1
17910,1,-1,-1
17911,1,-1,-1
17912,0,-2,-2
17913,1,-1,-1
17914,0,-1,-1
17915,0,-2,-2
17916,1,-2,-2
17917,0,-2,-2
17918,1,-1,-1
17919,0,-2,-2
17920,1,-2,-2
17921,1,-2,-2
17922,1,-2,-2
17923,1,-2,-2
17924,1,-2,-2
17925,0,-2,-2
17926,1,-2,-2
17927,0,-2,-2
17928,0,-2,-2
17929,1,-2,-2
17930,1,-2,-2
17931,0,-2,-2
17932,1,-2,-2
17933,1,-2,-2
17934,1,-2,-2
17935,1,-2,-2
17936,0,-1,-1
17937,1,-2,-2
17938,1,-2,-2
17939,1,-1,-1
17940,1,-2,-2
17941,1,-2,-2
17942,0,-2,-2
17943,1,-2,-2
17944,1,-2,-2
17945,1,-2,-2
17946,0,-2,-2
17947,1,-2,-2
17948,1,-2,-2
17949,1,-1,-1
17950,1,-2,-2
17951,1,-1,-1
17952,1,-1,-1
17953,0,-2,-2
17954,1,-2,-2
17955,1,-2,-2
17956,0,-2,-2
17957,0,-2,-2
17958,0,-2,-2
17959,1,-2,-2
17960,0,-2,-2
17961,1,-2,-2
17962,1,-1,-1
17963,1,-2,-2
17964,1,-2,-2
17965,1,-2,-2
17966,0,-2,-2
17967,1,-2,-2
17968,0,-2,-2
17969,1,-2,-2
17970,1,-2,-2
17971,0,-2,-2
17972,1,-2,-2
17973,1,-1,-1
17974,0,-2,-2
17975,0,-2,-2
17976,0,-2,-2
17977,1,-2,-2
17978,0,-2,-2
17979,0,-1,-1
17980,1,-2,-2
17981,1,-1,-1
17982,0,-2,-2
17983,1,-2,-2
17984,1,-2,-2
17985,0,-2,-2
17986,0,-2,-2
17987,1,-2,-2
17988,0,-2,-2
17989,0,-2,-2
17990,1,-2,-2
17991,0,-2,-2
17992,0,-2,-2
17993,1,-1,-1
17994,1,-2,-2
17995,1,-2,-2
17996,0,-2,-2
17997,1,-2,-2
17998,1,-2,-2
17999,1,-2,-2
18000,0,-2,-2
18001,1,-2,-2
18002,0,-2,-2
18003,1,-2,-2
18004,0,-2,-2
18005,1,-2,-2
18006,1,-2,-2
18007,1,-2,-2
18008,1,-2,-2
18009,1,-1,-1
18010,1,-2,-2
18011,1,-1,-1
18012,1,-2,-2
18013,0,-2,-2
18014,0,-2,-2
18015,0,-2,-2
18016,0,-2,-2
18017,1,-2,-2
18018,1,-2,-2
18019,1,-2,-2
18020,0,-2,-2
18021,0,-1,-1
18022,1,-1,-1
18023,1,-2,-2
18024,0,-2,-2
18025,0,-2,-2
18026,1,-2,-2
18027,0,-2,-2
18028,0,-2,-2
18029,0,-2,-2
18030,1,-2,-2
18031,0,-2,-2
18032,1,-2,-2
18033,0,-2,-2
18034,0,-2,-2
18035,1,-1,-1
18036,1,-2,-2
18037,1,-2,-2
18038,1,-2,-2
18039,0,-2,-2
18040,1,-1,-1
18041,1,-2,-2
18042,0,-2,-2
18043,1,-2,-2
18044,1,-1,-1
18045,1,-2,-2
18046,0,-2,-2
18047,0,-2,-2
18048,1,-2,-2
18049,0,-1,-1
18050,1,-2,-2
18051,1,-2,-2
18052,0,-2,-2
18053,1,-1,-1
18054,1,-1,-1
18055,1,-2,-2
18056,0,-2,-2
18057,0,-2,-2
18058,0,-2,-2
18059,1,-2,-2
18060,0,-2,-2
18061,0,-2,-2
18062,1,-2,-2
18063,0,-2,-2
18064,1,-2,-2
18065,0,-2,-2
18066,0,-1,-1
18067,1,-2,-2
18068,1,-2,-2
18069,0,-1,-1
18070,1,-2,-2
18071,1,-2,-2
18072,0,-2,-2
18073,0,-2,-2
18074,1,-2,-2
18075,0,-1,-1
18076,1,-2,-2
18077,1,-2,-2
18078,1,-2,-2
18079,1,-2,-2
18080,1,-2,-2
18081,1,-2,-2
18082,0,-2,-2
18083,1,-2,-2
18084,0,-2,-2
18085,0,-2,-2
18086,0,-2,-2
18087,0,-2,-2
18088,1,-2,-2
18089,1,-2,-2
18090,1,-1,-1
18091,0,-1,-1
18092,1,-1,-1
18093,0,-2,-2
18094,0,-2,-2
18095,1,-1,-1
18096,0,-2,-2
18097,0,-2,-2
18098,0,-1,-1
18099,0,-2,-2
18100,1,-2,-2
18101,0,-2,-2
18102,1,-2,-2
18103,1,-2,-2
18104,0,-1,-1
18105,0,-2,-2
18106,0,-2,-2
18107,1,-1,-1
18108,1,-1,-1
18109,0,-2,-2
18110,1,-2,-2
18111,0,-2,-2
18112,1,-2,-2
18113,1,-2,-2
18114,1,-2,-2
18115,1,-2,-2
18116,1,-1,-1
18117,0,-2,-2
18118,0,-2,-2
18119,0,-2,-2
18120,1,-2,-2
18121,1,-1,-1
18122,1,-1,-1
18123,0,-2,-2
18124,1,-2,-2
18125,1,-2,-2
18126,1,-1,-1
18127,1,-2,-2
18128,1,-2,-2
18129,0,-2,-2
18130,1,-2,-2
18131,0,-2,-2
18132,0,-2,-2
18133,1,-2,-2
18134,1,-2,-2
18135,1,-2,-2
18136,0,-2,-2
18137,1,-2,-2
18138,0,-1,-1
18139,1,-2,-2
18140,1,-2,-2
18141,1,-2,-2
18142,0,-2,-2
18143,0,-2,-2
18144,0,-2,-2
18145,1,-1,-1
18146,1,-1,-1
18147,0,-2,-2
18148,1,-2,-2
18149,1,-2,-2
18150,1,-2,-2
18151,0,-1,-1
18152,0,-2,-2
18153,1,-2,-2
18154,1,-2,-2
18155,0,-2,-2
18156,1,-2,-2
18157,0,-2,-2
18158,0,-2,-2
18159,1,-2,-2
18160,0,-1,-1
18161,1,-2,-2
18162,0,-2,-2
18163,0,-1,-1
18164,0,-1,-1
18165,1,-2,-2
18166,1,-2,-2
18167,1,-2,-2
18168,0,-2,-2
18169,0,-1,-1
18170,1,-1,-1
18171,1,-2,-2
18172,0,-2,-2
18173,0,-1,-1
18174,1,-2,-2
18175,0,-2,-2
18176,0,-1,-1
18177,1,-1,-1
18178,0,-1,-1
18179,1,-2,-2
18180,0,-2,-2
18181,0,-2,-2
18182,0,-2,-2
18183,1,-2,-2
18184,0,-2,-2
18185,0,-2,-2
18186,0,-2,-2
18187,1,-2,-2
18188,1,-2,-2
18189,1,-2,-2
18190,0,-2,-2
18191,0,-2,-2
18192,1,-2,-2
18193,0,-1,-1
18194,0,-2,-2
18195,1,-1,-1
18196,0,-2,-2
18197,1,-2,-2
18198,0,-2,-2
18199,0,-1,-1
18200,1,-2,-2
18201,1,-2,-2
18202,1,-2,-2
18203,0,-2,-2
18204,0,-2,-2
18205,0,-1,-1
18206,0,-2,-2
18207,1,-2,-2
18208,1,-2,-2
18209,0,-2,-2
18210,0,-2,-2
18211,1,-2,-2
18212,1,-2,-2
18213,1,-2,-2
18214,0,-2,-2
18215,1,-2,-2
18216,1,-2,-2
18217,1,-1,-1
18218,1,-1,-1
18219,1,-2,-2
18220,1,-1,-1
18221,0,-1,-1
18222,1,-2,-2
18223,0,-2,-2
18224,1,-2,-2
18225,1,-1,-1
18226,1,-2,-2
18227,0,-2,-2
18228,1,-2,-2
18229,0,-2,-2
18230,0,-1,-1
18231,1,-2,-2
18232,1,-1,-1
18233,1,-2,-2
18234,1,-2,-2
18235,1,-1,-1
18236,1,-1,-1
18237,1,-2,-2
18238,0,-2,-2
18239,1,-2,-2
18240,0,-1,-1
18241,1,-2,-2
18242,0,-2,-2
18243,0,-2,-2
18244,0,-2,-2
18245,0,-2,-2
18246,1,-2,-2
18247,1,-2,-2
18248,0,-2,-2
18249,1,-2,-2
18250,1,-2,-2
18251,0,-2,-2
18252,1,-2,-2
18253,1,-1,-1
18254,1,-2,-2
18255,0,-2,-2
18256,0,-2,-2
18257,0,-2,-2
18258,1,-1,-1
18259,1,-2,-2
18260,0,-2,-2
18261,1,-2,-2
18262,1,-2,-2
18263,1,-2,-2
18264,0,-1,-1
18265,0,-1,-1
18266,0,-2,-2
18267,1,-2,-2
18268,0,-1,-1
18269,0,-2,-2
18270,1,-1,-1
18271,1,-2,-2
18272,1,-2,-2
18273,1,-2,-2
18274,0,-2,-2
18275,1,-1,-1
18276,0,-2,-2
18277,1,-2,-2
18278,1,-2,-2
18279,1,-1,-1
18280,0,-2,-2
18281,1,-2,-2
18282,0,-1,-1
18283,1,-2,-2
18284,1,-2,-2
18285,1,-1,-1
18286,1,-2,-2
18287,0,-2,-2
18288,0,-2,-2
18289,1,-2,-2
18290,1,-2,-2
18291,0,-1,-1
18292,0,-2,-2
18293,0,-2,-2
18294,1,-2,-2
18295,1,-2,-2
18296,0,-2,-2
18297,1,-2,-2
18298,0,-1,-1
18299,0,-2,-2
18300,1,-2,-2
18301,0,-2,-2
18302,0,-1,-1
18303,0,-2,-2
18304,0,-1,-1
18305,0,-1,-1
18306,1,-2,-2
18307,0,-2,-2
18308,0,-2,-2
18309,0,-2,-2
18310,1,-1,-1
18311,1,-2,-2
18312,1,-2,-2
18313,1,-2,-2
18314,0,-1,-1
18315,1,-2,-2
18316,1,-2,-2
18317,0,-2,-2
18318,1,-2,-2
18319,1,-2,-2
18320,1,-1,-1
18321,1,-2,-2
18322,1,-2,-2
18323,0,-2,-2
18324,1,-2,-2
18325,1,-2,-2
18326,1,-2,-2
18327,0,-2,-2
18328,1,-2,-2
18329,0,-2,-2
18330,1,-1,-1
18331,1,-2,-2
18332,0,-2,-2
18333,1,-2,-2
18334,0,-1,-1
18335,0,-2,-2
18336,1,-1,-1
18337,1,-2,-2
18338,0,-2,-2
18339,0,-2,-2
18340,1,-2,-2
18341,0,-2,-2
18342,1,-2,-2
18343,0,-2,-2
18344,1,-2,-2
18345,0,-2,-2
18346,1,-2,-2
18347,0,-2,-2
18348,1,-2,-2
18349,0,-2,-2
18350,1,-2,-2
18351,1,-1,-1
18352,0,-2,-2
18353,1,-1,-1
18354,1,-1,-1
18355,1,-2,-2
18356,0,-1,-1
18357,1,-2,-2
18358,1,-1,-1
18359,0,-1,-1
18360,1,-2,-2
18361,1,-2,-2
18362,1,-2,-2
18363,1,-2,-2
18364,1,-2,-2
18365,0,-2,-2
18366,1,-1,-1
18367,0,-2,-2
18368,1,-1,-1
18369,0,-1,-1
18370,1,-2,-2
18371,1,-1,-1
18372,0,-2,-2
18373,1,-2,-2
18374,1,-2,-2
18375,0,-2,-2
18376,1,-2,-2
18377,0,-2,-2
18378,1,-2,-2
18379,0,-2,-2
18380,0,-2,-2
18381,0,-2,-2
18382,0,-2,-2
18383,1,-2,-2
18384,1,-2,-2
18385,1,-2,-2
18386,0,-2,-2
18387,0,-1,-1
18388,1,-1,-1
18389,1,-2,-2
18390,0,-2,-2
18391,1,-2,-2
18392,0,-1,-1
18393,1,-2,-2
18394,0,-2,-2
18395,1,-2,-2
18396,0,-2,-2
18397,1,-2,-2
18398,0,-2,-2
18399,1,-1,-1
18400,1,-2,-2
18401,1,-2,-2
18402,1,-2,-2
18403,1,-2,-2
18404,0,-2,-2
18405,0,-1,-1
18406,0,-2,-2
18407,1,-1,-1
18408,1,-2,-2
18409,0,-2,-2
18410,0,-2,-2
18411,1,-2,-2
18412,0,-2,-2
18413,0,-2,-2
18414,1,-2,-2
18415,1,-2,-2
18416,1,-2,-2
18417,1,-2,-2
18418,0,-2,-2
18419,1,-2,-2
18420,1,-1,-1
18421,1,-1,-1
18422,1,-1,-1
18423,1,-2,-2
18424,1,-1,-1
18425,0,-2,-2
18426,0,-2,-2
18427,0,-1,-1
18428,0,-2,-2
18429,1,-2,-2
18430,1,-2,-2
18431,0,-2,-2
18432,0,-2,-2
18433,0,-2,-2
18434,0,-2,-2
18435,1,-2,-2
18436,1,-2,-2
18437,0,-2,-2
18438,0,-2,-2
18439,0,-2,-2
18440,1,-2,-2
18441,0,-1,-1
18442,0,-2,-2
18443,1,-2,-2
18444,0,-1,-1
18445,1,-2,-2
18446,1,-2,-2
18447,0,-2,-2
18448,0,-2,-2
18449,1,-2,-2
18450,1,-1,-1
18451,1,-1,-1
18452,1,-2,-2
18453,1,-2,-2
18454,0,-2,-2
18455,0,-2,-2
18456,1,-2,-2
18457,1,-1,-1
18458,1,-2,-2
18459,1,-2,-2
18460,1,-1,-1
18461,0,-2,-2
18462,1,-2,-2
18463,0,-1,-1
18464,0,-2,-2
18465,0,-2,-2
18466,1,-1,-1
18467,0,-2,-2
18468,1,-2,-2
18469,0,-2,-2
18470,1,-2,-2
18471,1,-1,-1
18472,0,-2,-2
18473,1,-2,-2
18474,0,-2,-2
18475,0,-2,-2
18476,0,-1,-1
18477,0,-2,-2
18478,1,-1,-1
18479,1,-2,-2
18480,1,-2,-2
18481,1,-2,-2
18482,1,-2,-2
18483,0,-2,-2
18484,0,-1,-1
18485,1,-2,-2
18486,1,-2,-2
18487,0,-2,-2
18488,1,-1,-1
18489,0,-2,-2
18490,0,-2,-2
18491,1,-2,-2
18492,1,-2,-2
18493,0,-2,-2
18494,1,-2,-2
18495,1,-2,-2
18496,0,-2,-2
18497,0,-2,-2
18498,0,-1,-1
18499,0,-1,-1
18500,1,-2,-2
18501,0,-2,-2
18502,1,-1,-1
18503,1,-2,-2
18504,0,-2,-2
18505,0,-2,-2
18506,1,-2,-2
18507,0,-2,-2
18508,1,-2,-2
18509,1,-2,-2
18510,1,-2,-2
18511,0,-2,-2
18512,0,-2,-2
18513,1,-2,-2
18514,1,-2,-2
18515,1,-2,-2
18516,0,-2,-2
18517,1,-2,-2
18518,0,-2,-2
18519,0,-2,-2
18520,0,-2,-2
18521,0,-2,-2
18522,1,-1,-1
18523,1,-2,-2
18524,0,-1,-1
18525,0,-2,-2
18526,0,-2,-2
18527,0,-2,-2
18528,0,-2,-2
18529,0,-1,-1
18530,0,-2,-2
18531,1,-2,-2
18532,1,-2,-2
18533,0,-1,-1
18534,0,-2,-2
18535,0,-2,-2
18536,1,-2,-2
18537,1,-2,-2
18538,1,-1,-1
18539,0,-2,-2
18540,1,-1,-1
18541,1,-2,-2
18542,1,-2,-2
18543,0,-2,-2
18544,1,-1,-1
18545,0,-1,-1
18546,1,-2,-2
18547,0,-2,-2
18548,0,-2,-2
18549,1,-2,-2
18550,0,-2,-2
18551,0,-2,-2
18552,0,-2,-2
18553,1,-2,-2
18554,0,-2,-2
18555,0,-2,-2
18556,0,-2,-2
18557,0,-1,-1
18558,1,-2,-2
18559,0,-2,-2
18560,1,-2,-2
18561,1,-2,-2
18562,0,-2,-2
18563,1,-2,-2
18564,1,-2,-2
18565,1,-2,-2
18566,0,-2,-2
18567,1,-2,-2
18568,1,-1,-1
18569,0,-1,-1
18570,1,-2,-2
18571,0,-1,-1
18572,1,-2,-2
18573,0,-2,-2
18574,0,-2,-2
18575,1,-2,-2
18576,1,-2,-2
18577,0,-2,-2
18578,1,-2,-2
18579,1,-2,-2
18580,0,-2,-2
18581,0,-2,-2
18582,0,-2,-2
18583,1,-2,-2
18584,0,-2,-2
18585,0,-2,-2
18586,1,-2,-2
18587,0,-2,-2
18588,0,-2,-2
18589,1,-2,-2
18590,0,-2,-2
18591,1,-2,-2
18592,0,-2,-2
18593,1,-2,-2
18594,0,-2,-2
18595,0,-2,-2
18596,1,-1,-1
18597,1,-2,-2
18598,0,-2,-2
18599,1,-1,-1
18600,1,-2,-2
18601,0,-1,-1
18602,0,-2,-2
18603,1,-2,-2
18604,0,-1,-1
18605,0,-2,-2
18606,0,-2,-2
18607,0,-2,-2
18608,0,-2,-2
18609,0,-2,-2
18610,0,-2,-2
18611,1,-2,-2
18612,0,-1,-1
18613,0,-2,-2
18614,0,-2,-2
18615,0,-2,-2
18616,1,-2,-2
18617,1,-2,-2
18618,0,-2,-2
18619,0,-1,-1
18620,0,-2,-2
18621,0,-1,-1
18622,1,-2,-2
18623,0,-2,-2
18624,1,-2,-2
18625,0,-2,-2
18626,0,-1,-1
18627,1,-2,-2
18628,1,-2,-2
18629,1,-2,-2
18630,1,-2,-2
18631,1,-2,-2
18632,0,-2,-2
18633,1,-2,-2
18634,1,-2,-2
18635,1,-2,-2
18636,0,-1,-1
18637,1,-2,-2
18638,1,-2,-2
18639,0,-2,-2
18640,0,-1,-1
18641,1,-2,-2
18642,0,-2,-2
18643,1,-2,-2
18644,1,-2,-2
18645,0,-2,-2
18646,0,-2,-2
18647,0,-2,-2
18648,0,-2,-2
18649,0,-2,-2
18650,1,-2,-2
18651,0,-2,-2
18652,1,-2,-2
18653,0,-2,-2
18654,1,-2,-2
18655,0,-1,-1
18656,1,-2,-2
18657,0,-2,-2
18658,0,-2,-2
18659,0,-2,-2
18660,0,-2,-2
18661,0,-2,-2
18662,0,-1,-1
18663,0,-1,-1
18664,0,-2,-2
18665,0,-2,-2
18666,1,-2,-2
18667,0,-2,-2
18668,0,-1,-1
18669,1,-2,-2
18670,0,-2,-2
18671,1,-2,-2
18672,1,-2,-2
18673,0,-2,-2
18674,1,-2,-2
18675,1,-2,-2
18676,0,-2,-2
18677,1,-2,-2
18678,0,-2,-2
18679,0,-2,-2
18680,0,-2,-2
18681,0,-2,-2
18682,0,-1,-1
18683,1,-2,-2
18684,0,-2,-2
18685,1,-2,-2
18686,1,-2,-2
18687,1,-2,-2
18688,1,-1,-1
18689,1,-2,-2
18690,0,-2,-2
18691,0,-2,-2
18692,0,-2,-2
18693,0,-2,-2
18694,0,-2,-2
18695,0,-2,-2
18696,1,-1,-1
18697,0,-2,-2
18698,0,-2,-2
18699,0,-2,-2
18700,1,-2,-2
18701,0,-2,-2
18702,0,-2,-2
18703,1,-2,-2
18704,1,-2,-2
18705,1,-2,-2
18706,0,-2,-2
18707,1,-1,-1
18708,0,-2,-2
18709,0,-2,-2
18710,0,-1,-1
18711,1,-2,-2
18712,1,-2,-2
18713,1,-2,-2
18714,0,-2,-2
18715,1,-2,-2
18716,1,-2,-2
18717,0,-2,-2
18718,0,-2,-2
18719,1,-2,-2
18720,1,-2,-2
18721,0,-2,-2
18722,0,-2,-2
18723,0,-2,-2
18724,0,-2,-2
18725,1,-2,-2
18726,0,-2,-2
18727,1,-2,-2
18728,0,-2,-2
18729,0,-2,-2
18730,0,-2,-2
18731,1,-2,-2
18732,1,-2,-2
18733,0,-2,-2
18734,1,-1,-1
18735,1,-2,-2
18736,0,-2,-2
18737,1,-2,-2
18738,1,-2,-2
18739,1,-2,-2
18740,1,-2,-2
18741,0,-1,-1
18742,0,-2,-2
18743,0,-2,-2
18744,0,-2,-2
18745,1,-2,-2
18746,1,-2,-2
18747,1,-2,-2
18748,1,-2,-2
18749,0,-2,-2
18750,0,-1,-1
18751,1,-2,-2
18752,1,-2,-2
18753,1,-2,-2
18754,1,-2,-2
18755,1,-2,-2
18756,1,-2,-2
18757,0,-2,-2
18758,1,-2,-2
18759,1,-2,-2
18760,0,-2,-2
18761,1,-1,-1
18762,1,-2,-2
18763,0,-2,-2
18764,1,-1,-1
18765,1,-2,-2
18766,1,-1,-1
18767,0,-2,-2
18768,0,-2,-2
18769,1,-2,-2
18770,0,-2,-2
18771,0,-2,-2
18772,0,-1,-1
18773,0,-2,-2
18774,1,-2,-2
18775,1,-2,-2
18776,1,-2,-2
18777,1,-1,-1
18778,0,-2,-2
18779,1,-2,-2
18780,0,-2,-2
18781,1,-1,-1
18782,1,-1,-1
18783,0,-2,-2
18784,0,-2,-2
18785,1,-2,-2
18786,0,-2,-2
18787,0,-2,-2
18788,0,-2,-2
18789,1,-2,-2
18790,0,-2,-2
18791,0,-2,-2
18792,0,-2,-2
18793,1,-2,-2
18794,0,-1,-1
18795,0,-2,-2
18796,0,-1,-1
18797,1,-2,-2
18798,0,-2,-2
18799,0,-2,-2
18800,0,-1,-1
18801,1,-1,-1
18802,0,-2,-2
18803,0,-2,-2
18804,1,-1,-1
18805,0,-2,-2
18806,0,-2,-2
18807,1,-1,-1
18808,1,-2,-2
18809,0,-1,-1
18810,0,-2,-2
18811,1,-1,-1
18812,0,-1,-1
18813,0,-2,-2
18814,1,-2,-2
18815,0,-2,-2
18816,1,-2,-2
18817,1,-2,-2
18818,1,-1,-1
18819,0,-1,-1
18820,0,-2,-2
18821,0,-2,-2
18822,0,-2,-2
18823,1,-2,-2
18824,0,-2,-2
18825,0,-2,-2
18826,0,-2,-2
18827,0,-2,-2
18828,0,-2,-2
18829,0,-2,-2
18830,1,-1,-1
18831,0,-1,-1
18832,0,-2,-2
18833,1,-2,-2
18834,1,-2,-2
18835,0,-1,-1
18836,0,-1,-1
18837,1,-2,-2
18838,1,-2,-2
18839,0,-1,-1
18840,1,-2,-2
18841,0,-2,-2
18842,1,-2,-2
18843,0,-2,-2
18844,1,-2,-2
18845,0,-1,-1
18846,0,-2,-2
18847,0,-2,-2
18848,1,-1,-1
18849,1,-1,-1
18850,1,-2,-2
18851,0,-2,-2
18852,1,-2,-2
18853,0,-2,-2
18854,0,-2,-2
18855,0,-1,-1
18856,1,-1,-1
18857,0,-1,-1
18858,1,-1,-1
18859,1,-2,-2
18860,1,-2,-2
18861,0,-1,-1
18862,1,-2,-2
18863,0,-2,-2
18864,0,-2,-2
18865,0,-1,-1
18866,1,-2,-2
18867,0,-2,-2
18868,0,-2,-2
18869,1,-2,-2
18870,1,-2,-2
18871,1,-1,-1
18872,0,-2,-2
18873,1,-1,-1
18874,1,-1,-1
18875,0,-2,-2
18876,0,-1,-1
18877,0,-2,-2
18878,0,-2,-2
18879,1,-1,-1
18880,1,-1,-1
18881,0,-2,-2
18882,1,-2,-2
18883,0,-2,-2
18884,1,-2,-2
18885,1,-2,-2
18886,0,-1,-1
18887,1,-2,-2
18888,1,-2,-2
18889,0,-2,-2
18890,1,-2,-2
18891,0,-2,-2
18892,0,-2,-2
18893,0,-2,-2
18894,1,-2,-2
18895,1,-1,-1
18896,1,-1,-1
18897,0,-2,-2
18898,0,-2,-2
18899,0,-2,-2
18900,1,-1,-1
18901,1,-2,-2
18902,0,-2,-2
18903,0,-2,-2
18904,1,-2,-2
18905,1,-2,-2
18906,0,-2,-2
18907,1,-1,-1
18908,0,-2,-2
18909,1,-2,-2
18910,1,-1,-1
18911,1,-2,-2
18912,1,-2,-2
18913,0,-1,-1
18914,0,-2,-2
18915,1,-2,-2
18916,1,-2,-2
18917,1,-2,-2
18918,0,-2,-2
18919,0,-2,-2
18920,0,-2,-2
18921,1,-1,-1
18922,1,-2,-2
18923,1,-2,-2
18924,0,-2,-2
18925,0,-2,-2
18926,1,-2,-2
18927,0,-2,-2
18928,1,-2,-2
18929,1,-2,-2
18930,0,-1,-1
18931,0,-2,-2
18932,0,-2,-2
18933,1,-1,-1
18934,1,-2,-2
18935,0,-2,-2
18936,0,-2,-2
18937,1,-2,-2
18938,1,-2,-2
18939,1,-2,-2
18940,0,-2,-2
18941,1,-2,-2
18942,0,-2,-2
18943,0,-2,-2
18944,1,-2,-2
18945,1,-2,-2
18946,0,-2,-2
18947,0,-1,-1
18948,0,-2,-2
18949,1,-2,-2
18950,0,-2,-2
18951,0,-2,-2
18952,1,-2,-2
18953,1,-2,-2
18954,0,-2,-2
18955,1,-2,-2
18956,0,-2,-2
18957,1,-2,-2
18958,1,-2,-2
18959,1,-1,-1
18960,1,-2,-2
18961,1,-2,-2
18962,0,-1,-1
18963,1,-2,-2
18964,0,-2,-2
18965,1,-2,-2
18966,1,-2,-2
18967,1,-2,-2
18968,1,-2,-2
18969,1,-2,-2
18970,0,-2,-2
18971,1,-2,-2
18972,1,-2,-2
18973,0,-1,-1
18974,0,-2,-2
18975,0,-2,-2
18976,1,-2,-2
18977,1,-2,-2
18978,0,-2,-2
18979,0,-2,-2
18980,0,-1,-1
18981,0,-2,-2
18982,1,-2,-2
18983,1,-2,-2
18984,1,-2,-2
18985,1,-2,-2
18986,0,-2,-2
18987,0,-1,-1
18988,1,-2,-2
18989,0,-2,-2
18990,0,-2,-2
18991,0,-2,-2
18992,0,-2,-2
18993,0,-2,-2
18994,0,-1,-1
18995,0,-1,-1
18996,0,-2,-2
18997,0,-1,-1
18998,1,-1,-1
18999,1,-2,-2
19000,1,-2,-2
19001,1,-1,-1
19002,0,-2,-2
19003,1,-2,-2
19004,1,-2,-2
19005,0,-2,-2
19006,0,-1,-1
19007,0,-1,-1
19008,0,-2,-2
19009,0,-2,-2
19010,1,-2,-2
19011,1,-1,-1
19012,1,-2,-2
19013,1,-2,-2
19014,0,-2,-2
19015,1,-2,-2
19016,0,-1,-1
19017,0,-2,-2
19018,0,-2,-2
19019,0,-1,-1
19020,1,-2,-2
19021,0,-2,-2
19022,1,-2,-2
19023,0,-2,-2
19024,0,-2,-2
19025,1,-2,-2
19026,0,-2,-2
19027,1,-2,-2
19028,0,-2,-2
19029,1,-2,-2
19030,1,-1,-1
19031,0,-2,-2
19032,0,-2,-2
19033,1,-2,-2
19034,0,-2,-2
19035,1,-2,-2
19036,1,-2,-2
19037,0,-1,-1
19038,1,-2,-2
19039,1,-2,-2
19040,1,-1,-1
19041,0,-2,-2
19042,0,-1,-1
19043,0,-2,-2
19044,0,-2,-2
19045,1,-2,-2
19046,0,-2,-2
19047,0,-1,-1
19048,1,-2,-2
19049,1,-1,-1
19050,0,-2,-2
19051,1,-1,-1
19052,0,-2,-2
19053,0,-1,-1
19054,1,-2,-2
19055,0,-2,-2
19056,1,-2,-2
19057,0,-1,-1
19058,0,-2,-2
19059,0,-2,-2
19060,0,-2,-2
19061,0,-2,-2
19062,0,-2,-2
19063,1,-2,-2
19064,1,-2,-2
19065,0,-2,-2
19066,0,-2,-2
19067,1,-1,-1
19068,0,-2,-2
19069,0,-2,-2
19070,1,-2,-2
19071,1,-2,-2
19072,0,-2,-2
19073,1,-2,-2
19074,1,-1,-1
19075,1,-1,-1
19076,1,-1,-1
19077,1,-2,-2
19078,1,-2,-2
19079,1,-2,-2
19080,1,-1,-1
19081,1,-1,-1
19082,1,-1,-1
19083,1,-1,-1
19084,1,-2,-2
19085,1,-2,-2
19086,0,-2,-2
19087,0,-1,-1
19088,1,-2,-2
19089,1,-1,-1
19090,0,-2,-2
19091,1,-1,-1
19092,1,-2,-2
19093,0,-2,-2
19094,1,-2,-2
19095,0,-1,-1
19096,1,-2,-2
19097,0,-2,-2
19098,0,-1,-1
19099,1,-2,-2
19100,1,-2,-2
19101,1,-1,-1
19102,0,-2,-2
19103,1,-1,-1
19104,0,-2,-2
19105,0,-2,-2
19106,0,-2,-2
19107,0,-1,-1
19108,1,-2,-2
19109,1,-2,-2
19110,1,-2,-2
19111,0,-2,-2
19112,0,-2,-2
19113,1,-2,-2
19114,0,-2,-2
19115,1,-2,-2
19116,1,-2,-2
19117,1,-1,-1
19118,0,-2,-2
19119,0,-1,-1
19120,1,-2,-2
19121,0,-2,-2
19122,0,-2,-2
19123,1,-2,-2
19124,0,-2,-2
19125,0,-1,-1
19126,1,-2,-2
19127,1,-2,-2
19128,0,-2,-2
19129,1,-1,-1
19130,1,-2,-2
19131,1,-2,-2
19132,1,-1,-1
19133,1,-1,-1
19134,0,-2,-2
19135,1,-2,-2
19136,0,-2,-2
19137,0,-2,-2
19138,1,-1,-1
19139,0,-2,-2
19140,0,-2,-2
19141,1,-2,-2
19142,0,-2,-2
19143,1,-2,-2
19144,0,-2,-2
19145,1,-2,-2
19146,1,-1,-1
19147,1,-2,-2
19148,1,-1,-1
19149,0,-1,-1
19150,1,-2,-2
19151,1,-1,-1
19152,0,-2,-2
19153,1,-2,-2
19154,0,-2,-2
19155,0,-1,-1
19156,1,-1,-1
19157,0,-1,-1
19158,1,-1,-1
19159,1,-2,-2
19160,1,-2,-2
19161,0,-2,-2
19162,1,-2,-2
19163,0,-1,-1
19164,1,-2,-2
19165,0,-2,-2
19166,0,-2,-2
19167,0,-1,-1
19168,0,-1,-1
19169,0,-2,-2
19170,0,-2,-2
19171,1,-1,-1
19172,0,-1,-1
19173,1,-2,-2
19174,0,-1,-1
19175,1,-2,-2
19176,1,-2,-2
19177,0,-2,-2
19178,0,-2,-2
19179,1,-2,-2
19180,1,-2,-2
19181,0,-2,-2
19182,0,-2,-2
19183,1,-2,-2
19184,1,-2,-2
19185,0,-2,-2
19186,0,-2,-2
19187,0,-2,-2
19188,1,-2,-2
19189,1,-2,-2
19190,0,-1,-1
19191,1,-2,-2
19192,0,-2,-2
19193,0,-2,-2
19194,1,-2,-2
19195,0,-2,-2
19196,1,-2,-2
19197,0,-2,-2
19198,1,-2,-2
19199,1,-1,-1
19200,0,-1,-1
19201,1,-2,-2
19202,1,-2,-2
19203,1,-2,-2
19204,1,-2,-2
19205,0,-2,-2
19206,0,-2,-2
19207,1,-2,-2
19208,1,-2,-2
19209,0,-1,-1
19210,1,-2,-2
19211,0,-1,-1
19212,1,-2,-2
19213,1,-2,-2
19214,1,-2,-2
19215,0,-2,-2
19216,1,-2,-2
19217,0,-2,-2
19218,0,-2,-2
19219,0,-2,-2
19220,0,-2,-2
19221,1,-2,-2
19222,1,-1,-1
19223,0,-2,-2
19224,0,-2,-2
19225,1,-2,-2
19226,1,-1,-1
19227,0,-2,-2
19228,1,-2,-2
19229,0,-2,-2
19230,0,-2,-2
19231,1,-1,-1
19232,0,-2,-2
19233,0,-2,-2
19234,0,-2,-2
19235,1,-2,-2
19236,0,-2,-2
19237,0,-2,-2
19238,1,-2,-2
19239,1,-2,-2
19240,0,-1,-1
19241,0,-2,-2
19242,1,-2,-2
19243,1,-2,-2
19244,0,-2,-2
19245,1,-2,-2
19246,0,-1,-1
19247,0,-2,-2
19248,1,-2,-2
19249,1,-2,-2
19250,0,-2,-2
19251,1,-2,-2
19252,0,-1,-1
19253,1,-2,-2
19254,1,-2,-2
19255,1,-1,-1
19256,0,-2,-2
19257,0,-2,-2
19258,1,-2,-2
19259,0,-2,-2
19260,1,-2,-2
19261,1,-2,-2
19262,0,-2,-2
19263,0,-2,-2
19264,0,-2,-2
19265,1,-2,-2
19266,0,-2,-2
19267,0,-2,-2
19268,1,-2,-2
19269,0,-2,-2
19270,0,-2,-2
19271,1,-1,-1
19272,1,-2,-2
19273,0,-2,-2
19274,0,-2,-2
19275,0,-2,-2
19276,1,-2,-2
19277,1,-2,-2
19278,0,-2,-2
19279,1,-1,-1
19280,1,-2,-2
19281,1,-1,-1
19282,1,-2,-2
19283,1,-2,-2
19284,0,-2,-2
19285,0,-2,-2
19286,0,-2,-2
19287,0,-2,-2
19288,0,-2,-2
19289,0,-2,-2
19290,1,-1,-1
19291,0,-2,-2
19292,1,-1,-1
19293,0,-2,-2
19294,0,-2,-2
19295,0,-2,-2
19296,1,-2,-2
19297,0,-2,-2
19298,1,-1,-1
19299,0,-2,-2
19300,0,-2,-2
19301,1,-2,-2
19302,1,-1,-1
19303,1,-2,-2
19304,0,-2,-2
19305,1,-2,-2
19306,0,-1,-1
19307,1,-2,-2
19308,1,-2,-2
19309,1,-2,-2
19310,1,-2,-2
19311,0,-2,-2
19312,0,-2,-2
19313,1,-2,-2
19314,1,-2,-2
19315,0,-2,-2
19316,0,-2,-2
19317,1,-2,-2
19318,1,-2,-2
19319,0,-2,-2
19320,0,-2,-2
19321,1,-2,-2
19322,0,-2,-2
19323,0,-2,-2
19324,0,-1,-1
19325,0,-2,-2
19326,0,-2,-2
19327,0,-1,-1
19328,1,-2,-2
19329,0,-2,-2
19330,0,-2,-2
19331,1,-2,-2
19332,1,-2,-2
19333,1,-2,-2
19334,1,-2,-2
19335,0,-2,-2
19336,0,-1,-1
19337,1,-1,-1
19338,1,-1,-1
19339,0,-2,-2
19340,1,-2,-2
19341,0,-2,-2
19342,0,-2,-2
19343,1,-1,-1
19344,1,-2,-2
19345,0,-1,-1
19346,0,-2,-2
19347,1,-2,-2
19348,1,-2,-2
19349,0,-2,-2
19350,1,-2,-2
19351,1,-1,-1
19352,1,-2,-2
19353,1,-2,-2
19354,1,-2,-2
19355,0,-2,-2
19356,1,-2,-2
19357,0,-1,-1
19358,0,-1,-1
19359,0,-2,-2
19360,1,-1,-1
19361,1,-2,-2
19362,0,-2,-2
19363,0,-1,-1
19364,1,-2,-2
19365,0,-2,-2
19366,1,-2,-2
19367,0,-2,-2
19368,0,-2,-2
19369,0,-2,-2
19370,0,-1,-1
19371,0,-2,-2
19372,0,-2,-2
19373,1,-2,-2
19374,1,-2,-2
19375,1,-2,-2
19376,0,-2,-2
19377,1,-2,-2
19378,1,-1,-1
19379,1,-2,-2
19380,0,-2,-2
19381,0,-2,-2
19382,0,-2,-2
19383,1,-2,-2
19384,0,-2,-2
19385,0,-1,-1
19386,0,-2,-2
19387,0,-1,-1
19388,0,-2,-2
19389,1,-2,-2
19390,1,-1,-1
19391,0,-2,-2
19392,0,-2,-2
19393,1,-2,-2
19394,1,-2,-2
19395,0,-2,-2
19396,1,-2,-2
19397,0,-2,-2
19398,0,-2,-2
19399,0,-2,-2
19400,1,-2,-2
19401,1,-2,-2
19402,0,-2,-2
19403,0,-2,-2
19404,0,-2,-2
19405,0,-2,-2
19406,0,-2,-2
19407,1,-2,-2
19408,1,-2,-2
19409,0,-2,-2
19410,1,-1,-1
19411,0,-2,-2
19412,1,-1,-1
19413,1,-2,-2
19414,0,-2,-2
19415,1,-2,-2
19416,0,-1,-1
19417,0,-2,-2
19418,0,-2,-2
19419,0,-2,-2
19420,1,-1,-1
19421,0,-1,-1
19422,0,-2,-2
19423,1,-2,-2
19424,1,-1,-1
19425,1,-2,-2
19426,0,-2,-2
19427,0,-2,-2
19428,0,-2,-2
19429,0,-2,-2
19430,0,-1,-1
19431,0,-2,-2
19432,0,-2,-2
19433,0,-2,-2
19434,1,-1,-1
19435,1,-1,-1
19436,1,-2,-2
19437,0,-2,-2
19438,1,-2,-2
19439,0,-2,-2
19440,1,-2,-2
19441,1,-2,-2
19442,1,-2,-2
19443,0,-2,-2
19444,1,-2,-2
19445,0,-2,-2
19446,1,-1,-1
19447,1,-2,-2
19448,1,-2,-2
19449,1,-2,-2
19450,1,-2,-2
19451,1,-2,-2
19452,0,-1,-1
19453,1,-2,-2
19454,0,-2,-2
19455,1,-2,-2
19456,0,-2,-2
19457,1,-2,-2
19458,1,-2,-2
19459,0,-2,-2
19460,1,-2,-2
19461,1,-2,-2
19462,0,-2,-2
19463,1,-1,-1
19464,0,-2,-2
19465,0,-1,-1
19466,1,-2,-2
19467,1,-2,-2
19468,0,-2,-2
19469,0,-1,-1
19470,1,-2,-2
19471,0,-2,-2
19472,1,-2,-2
19473,1,-2,-2
19474,1,-1,-1
19475,0,-2,-2
19476,1,-2,-2
19477,1,-1,-1
19478,1,-2,-2
19479,0,-2,-2
19480,0,-2,-2
19481,0,-2,-2
19482,1,-2,-2
19483,0,-2,-2
19484,0,-2,-2
19485,0,-1,-1
19486,0,-2,-2
19487,1,-2,-2
19488,0,-1,-1
19489,1,-2,-2
19490,1,-2,-2
19491,1,-1,-1
19492,0,-2,-2
19493,1,-2,-2
19494,0,-2,-2
19495,0,-2,-2
19496,1,-2,-2
19497,0,-2,-2
19498,1,-2,-2
19499,0,-2,-2
19500,1,-2,-2
19501,1,-2,-2
19502,1,-2,-2
19503,1,-2,-2
19504,0,-2,-2
19505,0,-2,-2
19506,1,-2,-2
19507,0,-2,-2
19508,0,-2,-2
19509,1,-2,-2
19510,1,-2,-2
19511,1,-2,-2
19512,1,-2,-2
19513,1,-2,-2
19514,1,-2,-2
19515,1,-2,-2
19516,0,-1,-1
19517,1,-2,-2
19518,1,-2,-2
19519,1,-2,-2
19520,1,-1,-1
19521,0,-2,-2
19522,0,-2,-2
19523,1,-2,-2
19524,1,-1,-1
19525,0,-2,-2
19526,1,-2,-2
19527,1,-2,-2
19528,1,-1,-1
19529,1,-2,-2
19530,0,-2,-2
19531,0,-2,-2
19532,1,-1,-1
19533,1,-2,-2
19534,0,-2,-2
19535,0,-2,-2
19536,0,-2,-2
19537,1,-1,-1
19538,1,-2,-2
19539,1,-2,-2
19540,1,-1,-1
19541,0,-1,-1
19542,0,-2,-2
19543,1,-2,-2
19544,1,-2,-2
19545,1,-2,-2
19546,0,-1,-1
19547,1,-2,-2
19548,0,-2,-2
19549,0,-2,-2
19550,0,-2,-2
19551,0,-2,-2
19552,0,-2,-2
19553,0,-2,-2
19554,1,-2,-2
19555,0,-2,-2
19556,0,-2,-2
19557,0,-1,-1
19558,1,-2,-2
19559,1,-2,-2
19560,0,-2,-2
19561,1,-1,-1
19562,0,-2,-2
19563,0,-2,-2
19564,0,-2,-2
19565,1,-2,-2
19566,0,-1,-1
19567,0,-1,-1
19568,1,-1,-1
19569,0,-1,-1
19570,1,-2,-2
19571,1,-2,-2
19572,0,-2,-2
19573,0,-2,-2
19574,1,-2,-2
19575,0,-2,-2
19576,0,-1,-1
19577,0,-2,-2
19578,0,-2,-2
19579,0,-2,-2
19580,0,-2,-2
19581,1,-1,-1
19582,0,-2,-2
19583,1,-2,-2
19584,1,-2,-2
19585,1,-2,-2
19586,0,-2,-2
19587,0,-2,-2
19588,1,-2,-2
19589,1,-2,-2
19590,0,-2,-2
19591,1,-2,-2
19592,1,-1,-1
19593,1,-2,-2
19594,0,-2,-2
19595,0,-1,-1
19596,1,-2,-2
19597,0,-2,-2
19598,1,-2,-2
19599,0,-2,-2
19600,0,-1,-1
19601,1,-1,-1
19602,0,-2,-2
19603,0,-2,-2
19604,1,-2,-2
19605,0,-1,-1
19606,1,-1,-1
19607,1,-2,-2
19608,0,-2,-2
19609,0,-2,-2
19610,0,-1,-1
19611,0,-2,-2
19612,1,-2,-2
19613,1,-2,-2
19614,0,-2,-2
19615,0,-2,-2
19616,0,-1,-1
19617,0,-2,-2
19618,1,-2,-2
19619,0,-2,-2
19620,1,-2,-2
19621,1,-2,-2
19622,1,-2,-2
19623,0,-2,-2
19624,0,-2,-2
19625,1,-2,-2
19626,0,-2,-2
19627,1,-2,-2
19628,1,-2,-2
19629,1,-1,-1
19630,1,-2,-2
19631,0,-2,-2
19632,0,-2,-2
19633,1,-2,-2
19634,1,-2,-2
19635,1,-2,-2
19636,1,-2,-2
19637,1,-2,-2
19638,1,-2,-2
19639,1,-2,-2
19640,1,-1,-1
19641,0,-2,-2
19642,1,-2,-2
19643,1,-2,-2
19644,0,-2,-2
19645,1,-2,-2
19646,1,-1,-1
19647,0,-2,-2
19648,1,-2,-2
19649,0,-2,-2
19650,0,-2,-2
19651,1,-2,-2
19652,0,-2,-2
19653,1,-2,-2
19654,0,-2,-2
19655,0,-2,-2
19656,0,-2,-2
19657,0,-1,-1
19658,0,-2,-2
19659,0,-1,-1
19660,1,-2,-2
19661,1,-2,-2
19662,1,-1,-1
19663,1,-2,-2
19664,1,-2,-2
19665,0,-2,-2
19666,0,-1,-1
19667,1,-2,-2
19668,1,-2,-2
19669,1,-1,-1
19670,0,-1,-1
19671,0,-2,-2
19672,1,-2,-2
19673,1,-1,-1
19674,1,-2,-2
19675,0,-2,-2
19676,1,-2,-2
19677,0,-2,-2
19678,0,-2,-2
19679,0,-2,-2
19680,1,-1,-1
19681,1,-2,-2
19682,0,-2,-2
19683,1,-2,-2
19684,0,-2,-2
19685,0,-2,-2
19686,1,-2,-2
19687,0,-2,-2
19688,0,-2,-2
19689,1,-2,-2
19690,0,-2,-2
19691,0,-2,-2
19692,0,-2,-2
19693,0,-1,-1
19694,0,-2,-2
19695,0,-2,-2
19696,0,-2,-2
19697,0,-2,-2
19698,0,-2,-2
19699,1,-2,-2
19700,0,-2,-2
19701,0,-2,-2
19702,1,-2,-2
19703,1,-2,-2
19704,1,-2,-2
19705,0,-1,-1
19706,0,-2,-2
19707,1,-2,-2
19708,1,-1,-1
19709,0,-1,-1
19710,0,-1,-1
19711,0,-2,-2
19712,1,-2,-2
19713,1,-1,-1
19714,0,-1,-1
19715,1,-2,-2
19716,1,-2,-2
19717,0,-2,-2
19718,0,-2,-2
19719,1,-2,-2
19720,0,-2,-2
19721,1,-2,-2
19722,0,-2,-2
19723,1,-2,-2
19724,1,-2,-2
19725,0,-1,-1
19726,1,-2,-2
19727,0,-2,-2
19728,0,-2,-2
19729,1,-2,-2
19730,1,-2,-2
19731,1,-2,-2
19732,0,-2,-2
19733,0,-2,-2
19734,0,-2,-2
19735,1,-2,-2
19736,1,-2,-2
19737,0,-1,-1
19738,1,-1,-1
19739,0,-2,-2
19740,1,-2,-2
19741,1,-2,-2
19742,0,-1,-1
19743,0,-2,-2
19744,0,-2,-2
19745,1,-2,-2
19746,0,-2,-2
19747,1,-2,-2
19748,0,-2,-2
19749,0,-2,-2
19750,0,-1,-1
19751,0,-2,-2
19752,1,-2,-2
19753,1,-2,-2
19754,0,-1,-1
19755,1,-1,-1
19756,1,-1,-1
19757,1,-2,-2
19758,0,-2,-2
19759,1,-2,-2
19760,0,-2,-2
19761,1,-2,-2
19762,1,-1,-1
19763,1,-2,-2
19764,1,-2,-2
19765,1,-2,-2
19766,0,-2,-2
19767,1,-2,-2
19768,1,-2,-2
19769,1,-2,-2
19770,1,-2,-2
19771,0,-2,-2
19772,0,-2,-2
19773,0,-1,-1
19774,0,-2,-2
19775,0,-2,-2
19776,1,-2,-2
19777,1,-1,-1
19778,1,-2,-2
19779,1,-2,-2
19780,0,-2,-2
19781,0,-2,-2
19782,1,-2,-2
19783,1,-2,-2
19784,0,-2,-2
19785,0,-2,-2
19786,1,-2,-2
19787,0,-2,-2
19788,1,-2,-2
19789,1,-1,-1
19790,0,-2,-2
19791,0,-1,-1
19792,1,-2,-2
19793,0,-2,-2
19794,0,-2,-2
19795,1,-2,-2
19796,1,-2,-2
19797,1,-1,-1
19798,1,-2,-2
19799,1,-2,-2
19800,0,-1,-1
19801,0,-2,-2
19802,1,-2,-2
19803,0,-2,-2
19804,0,-2,-2
19805,0,-2,-2
19806,1,-2,-2
19807,0,-2,-2
19808,1,-2,-2
19809,0,-2,-2
19810,1,-2,-2
19811,0,-2,-2
19812,0,-2,-2
19813,0,-2,-2
19814,1,-2,-2
19815,0,-2,-2
19816,0,-2,-2
19817,0,-2,-2
19818,0,-2,-2
19819,0,-2,-2
19820,1,-2,-2
19821,0,-2,-2
19822,1,-1,-1
19823,1,-2,-2
19824,0,-2,-2
19825,1,-2,-2
19826,1,-2,-2
19827,1,-2,-2
19828,0,-2,-2
19829,0,-2,-2
19830,0,-2,-2
19831,0,-2,-2
19832,1,-2,-2
19833,1,-2,-2
19834,0,-2,-2
19835,0,-2,-2
19836,1,-2,-2
19837,1,-2,-2
19838,0,-1,-1
19839,0,-2,-2
19840,1,-1,-1
19841,0,-2,-2
19842,1,-2,-2
19843,0,-1,-1
19844,0,-2,-2
19845,0,-2,-2
19846,0,-2,-2
19847,0,-2,-2
19848,0,-2,-2
19849,1,-2,-2
19850,1,-1,-1
19851,1,-1,-1
19852,0,-2,-2
19853,1,-2,-2
19854,1,-2,-2
19855,1,-2,-2
19856,1,-2,-2
19857,0,-2,-2
19858,0,-1,-1
19859,0,-2,-2
19860,0,-2,-2
19861,1,-2,-2
19862,1,-2,-2
19863,0,-1,-1
19864,0,-2,-2
19865,0,-2,-2
19866,0,-2,-2
19867,1,-2,-2
19868,1,-2,-2
19869,0,-2,-2
19870,1,-1,-1
19871,0,-2,-2
19872,0,-1,-1
19873,0,-2,-2
19874,0,-2,-2
19875,1,-2,-2
19876,0,-2,-2
19877,0,-2,-2
19878,1,-2,-2
19879,0,-2,-2
19880,1,-1,-1
19881,1,-1,-1
19882,1,-1,-1
19883,1,-2,-2
19884,1,-2,-2
19885,0,-2,-2
19886,1,-2,-2
19887,0,-2,-2
19888,0,-2,-2
19889,0,-2,-2
19890,0,-2,-2
19891,1,-1,-1
19892,1,-2,-2
19893,0,-2,-2
19894,0,-1,-1
19895,0,-2,-2
19896,1,-2,-2
19897,0,-2,-2
19898,0,-1,-1
19899,1,-2,-2
19900,0,-2,-2
19901,0,-2,-2
19902,0,-2,-2
19903,0,-2,-2
19904,1,-2,-2
19905,0,-1,-1
19906,1,-2,-2
19907,0,-2,-2
19908,0,-2,-2
19909,1,-2,-2
19910,1,-2,-2
19911,1,-2,-2
19912,1,-2,-2
19913,0,-2,-2
19914,0,-1,-1
19915,1,-1,-1
19916,0,-2,-2
19917,0,-2,-2
19918,0,-2,-2
19919,0,-2,-2
19920,0,-2,-2
19921,0,-1,-1
19922,1,-2,-2
19923,0,-2,-2
19924,0,-2,-2
19925,1,-2,-2
19926,1,-2,-2
19927,0,-2,-2
19928,0,-2,-2
19929,0,-2,-2
19930,1,-2,-2
19931,1,-2,-2
19932,1,-2,-2
19933,1,-2,-2
19934,1,-2,-2
19935,0,-2,-2
19936,0,-2,-2
19937,0,-2,-2
19938,1,-2,-2
19939,1,-2,-2
19940,1,-2,-2
19941,1,-1,-1
19942,0,-2,-2
19943,1,-2,-2
19944,1,-2,-2
19945,0,-2,-2
19946,0,-2,-2
19947,0,-2,-2
19948,1,-2,-2
19949,1,-1,-1
19950,1,-2,-2
19951,1,-2,-2
19952,0,-1,-1
19953,0,-2,-2
19954,1,-2,-2
19955,1,-2,-2
19956,1,-2,-2
19957,0,-2,-2
19958,1,-2,-2
19959,0,-2,-2
19960,1,-2,-2
19961,0,-1,-1
19962,0,-2,-2
19963,1,-2,-2
19964,0,-1,-1
19965,0,-2,-2
19966,0,-2,-2
19967,1,-2,-2
19968,1,-2,-2
19969,1,-1,-1
19970,1,-2,-2
19971,1,-2,-2
19972,1,-2,-2
19973,0,-2,-2
19974,1,-1,-1
19975,1,-2,-2
19976,0,-1,-1
19977,1,-2,-2
19978,1,-2,-2
19979,1,-2,-2
19980,1,-2,-2
19981,0,-2,-2
19982,0,-1,-1
19983,1,-2,-2
19984,1,-2,-2
19985,0,-2,-2
19986,0,-2,-2
19987,1,-2,-2
19988,1,-2,-2
19989,1,-2,-2
19990,0,-2,-2
19991,0,-2,-2
19992,0,-2,-2
19993,0,-2,-2
19994,0,-2,-2
19995,1,-2,-2
19996,0,-2,-2
19997,1,-2,-2
19998,1,-2,-2
19999,1,-2,-2
20000,0,-2,-2
20001,0,-2,-2
20002,0,-2,-2
20003,0,-2,-2
20004,0,-2,-2
20005,0,-2,-2
20006,1,-1,-1
20007,1,-2,-2
20008,1,-1,-1
20009,0,-2,-2
20010,0,-1,-1
20011,1,-2,-2
20012,1,-2,-2
20013,0,-2,-2
20014,0,-2,-2
20015,1,-1,-1
20016,0,-2,-2
20017,0,-2,-2
20018,0,-2,-2
20019,1,-2,-2
20020,1,-2,-2
20021,1,-2,-2
20022,0,-2,-2
20023,1,-2,-2
20024,1,-2,-2
20025,0,-2,-2
20026,1,-2,-2
20027,0,-2,-2
20028,0,-2,-2
20029,0,-1,-1
20030,0,-2,-2
20031,0,-2,-2
20032,0,-2,-2
20033,1,-2,-2
20034,0,-2,-2
20035,0,-2,-2
20036,1,-2,-2
20037,1,-2,-2
20038,1,-2,-2
20039,1,-2,-2
20040,0,-2,-2
20041,1,-2,-2
20042,0,-2,-2
20043,1,-2,-2
20044,0,-2,-2
20045,1,-2,-2
20046,0,-1,-1
20047,0,-1,-1
20048,0,-2,-2
20049,0,-2,-2
20050,0,-2,-2
20051,1,-2,-2
20052,1,-2,-2
20053,0,-1,-1
20054,1,-2,-2
20055,0,-2,-2
20056,0,-2,-2
20057,0,-1,-1
20058,0,-2,-2
20059,0,-2,-2
20060,1,-2,-2
20061,1,-2,-2
20062,0,-2,-2
20063,1,-2,-2
20064,1,-1,-1
20065,0,-2,-2
20066,1,-2,-2
20067,0,-2,-2
20068,1,-2,-2
20069,1,-2,-2
20070,0,-2,-2
20071,1,-1,-1
20072,1,-2,-2
20073,1,-2,-2
20074,0,-2,-2
20075,1,-1,-1
20076,0,-2,-2
20077,1,-2,-2
20078,1,-2,-2
20079,0,-2,-2
20080,1,-2,-2
20081,1,-2,-2
20082,0,-2,-2
20083,0,-2,-2
20084,1,-2,-2
20085,1,-2,-2
20086,1,-2,-2
20087,1,-2,-2
20088,0,-2,-2
20089,1,-2,-2
20090,1,-2,-2
20091,1,-1,-1
20092,1,-2,-2
20093,0,-2,-2
20094,1,-2,-2
20095,0,-2,-2
20096,0,-2,-2
20097,1,-2,-2
20098,0,-1,-1
20099,0,-2,-2
20100,1,-2,-2
20101,1,-2,-2
20102,1,-2,-2
20103,0,-1,-1
20104,1,-2,-2
20105,1,-1,-1
20106,1,-2,-2
20107,1,-1,-1
20108,0,-1,-1
20109,1,-2,-2
20110,0,-2,-2
20111,0,-1,-1
20112,0,-2,-2
20113,1,-2,-2
20114,0,-2,-2
20115,1,-1,-1
20116,1,-1,-1
20117,0,-2,-2
20118,0,-2,-2
20119,1,-2,-2
20120,1,-2,-2
20121,1,-2,-2
20122,1,-2,-2
20123,0,-2,-2
20124,1,-1,-1
20125,1,-2,-2
20126,1,-2,-2
20127,0,-2,-2
20128,0,-2,-2
20129,1,-1,-1
20130,0,-2,-2
20131,1,-2,-2
20132,1,-2,-2
20133,1,-2,-2
20134,1,-1,-1
20135,1,-2,-2
20136,0,-2,-2
20137,1,-2,-2
20138,1,-2,-2
20139,1,-2,-2
20140,1,-2,-2
20141,0,-1,-1
20142,1,-2,-2
20143,0,-2,-2
20144,1,-2,-2
20145,0,-2,-2
20146,1,-2,-2
20147,1,-2,-2
20148,0,-2,-2
20149,0,-2,-2
20150,1,-1,-1
20151,1,-2,-2
20152,1,-2,-2
20153,1,-1,-1
20154,0,-2,-2
20155,0,-1,-1
20156,0,-2,-2
20157,0,-2,-2
20158,0,-2,-2
20159,1,-2,-2
20160,0,-2,-2
20161,1,-2,-2
20162,0,-2,-2
20163,0,-1,-1
20164,0,-1,-1
20165,1,-2,-2
20166,1,-2,-2
20167,0,-2,-2
20168,1,-2,-2
20169,0,-2,-2
20170,0,-2,-2
20171,1,-2,-2
20172,1,-2,-2
20173,1,-2,-2
20174,0,-2,-2
20175,0,-2,-2
20176,1,-2,-2
20177,0,-1,-1
20178,0,-2,-2
20179,0,-1,-1
20180,1,-2,-2
20181,0,-2,-2
20182,1,-2,-2
20183,1,-2,-2
20184,1,-2,-2
20185,0,-1,-1
20186,0,-2,-2
20187,0,-2,-2
20188,1,-2,-2
20189,1,-2,-2
20190,1,-1,-1
20191,1,-2,-2
20192,0,-2,-2
20193,0,-2,-2
20194,0,-1,-1
20195,1,-2,-2
20196,1,-1,-1
20197,1,-2,-2
20198,0,-2,-2
20199,0,-2,-2
20200,0,-2,-2
20201,0,-1,-1
20202,1,-2,-2
20203,0,-2,-2
20204,0,-2,-2
20205,0,-1,-1
20206,1,-1,-1
20207,0,-1,-1
20208,1,-1,-1
20209,1,-1,-1
20210,1,-2,-2
20211,1,-2,-2
20212,1,-2,-2
20213,1,-2,-2
20214,0,-2,-2
20215,0,-1,-1
20216,0,-2,-2
20217,0,-2,-2
20218,1,-2,-2
20219,1,-2,-2
20220,1,-1,-1
20221,0,-2,-2
20222,1,-2,-2
20223,1,-1,-1
20224,0,-2,-2
20225,1,-2,-2
20226,1,-1,-1
20227,1,-2,-2
20228,0,-2,-2
20229,1,-2,-2
20230,1,-2,-2
20231,0,-2,-2
20232,0,-2,-2
20233,0,-1,-1
20234,0,-1,-1
20235,1,-2,-2
20236,0,-2,-2
20237,0,-2,-2
20238,0,-2,-2
20239,0,-2,-2
20240,1,-1,-1
20241,1,-1,-1
20242,1,-2,-2
20243,1,-2,-2
20244,1,-2,-2
20245,0,-1,-1
20246,1,-2,-2
20247,0,-2,-2
20248,1,-2,-2
20249,0,-2,-2
20250,1,-2,-2
20251,1,-2,-2
20252,1,-1,-1
20253,0,-1,-1
20254,0,-1,-1
20255,1,-2,-2
20256,1,-2,-2
20257,1,-2,-2
20258,1,-1,-1
20259,0,-2,-2
20260,0,-2,-2
20261,1,-1,-1
20262,0,-2,-2
20263,1,-2,-2
20264,1,-2,-2
20265,0,-1,-1
20266,0,-2,-2
20267,0,-2,-2
20268,1,-1,-1
20269,1,-2,-2
20270,0,-2,-2
20271,0,-2,-2
20272,0,-2,-2
20273,1,-1,-1
20274,1,-2,-2
20275,1,-2,-2
20276,0,-1,-1
20277,0,-1,-1
20278,0,-1,-1
20279,0,-2,-2
20280,1,-2,-2
20281,0,-1,-1
20282,1,-1,-1
20283,0,-2,-2
20284,0,-2,-2
20285,1,-2,-2
20286,0,-1,-1
20287,0,-2,-2
20288,1,-1,-1
20289,1,-2,-2
20290,1,-2,-2
20291,1,-2,-2
20292,0,-2,-2
20293,0,-1,-1
20294,0,-2,-2
20295,1,-2,-2
20296,0,-2,-2
20297,0,-1,-1
20298,1,-2,-2
20299,1,-2,-2
20300,1,-2,-2
20301,1,-2,-2
20302,0,-2,-2
20303,0,-2,-2
20304,1,-1,-1
20305,0,-2,-2
20306,1,-2,-2
20307,0,-1,-1
20308,0,-2,-2
20309,1,-2,-2
20310,1,-2,-2
20311,0,-2,-2
20312,1,-2,-2
20313,0,-2,-2
20314,1,-2,-2
20315,1,-2,-2
20316,1,-2,-2
20317,0,-2,-2
20318,1,-2,-2
20319,1,-1,-1
20320,0,-2,-2
20321,0,-2,-2
20322,0,-2,-2
20323,1,-2,-2
20324,1,-2,-2
20325,1,-2,-2
20326,0,-2,-2
20327,1,-2,-2
20328,1,-1,-1
20329,0,-1,-1
20330,1,-2,-2
20331,1,-2,-2
20332,0,-1,-1
20333,0,-2,-2
20334,1,-2,-2
20335,0,-2,-2
20336,1,-2,-2
20337,0,-2,-2
20338,1,-2,-2
20339,1,-2,-2
20340,0,-2,-2
20341,1,-1,-1
20342,1,-2,-2
20343,1,-2,-2
20344,1,-2,-2
20345,1,-1,-1
20346,0,-1,-1
20347,1,-2,-2
20348,0,-1,-1
20349,1,-2,-2
20350,1,-1,-1
20351,0,-2,-2
20352,0,-2,-2
20353,1,-2,-2
20354,0,-2,-2
20355,1,-1,-1
20356,0,-2,-2
20357,0,-1,-1
20358,0,-1,-1
20359,0,-1,-1
20360,0,-2,-2
20361,1,-2,-2
20362,0,-1,-1
20363,0,-2,-2
20364,0,-1,-1
20365,1,-2,-2
20366,1,-2,-2
20367,0,-2,-2
20368,0,-2,-2
20369,0,-1,-1
20370,0,-2,-2
20371,1,-2,-2
20372,0,-2,-2
20373,0,-2,-2
20374,0,-2,-2
20375,1,-2,-2
20376,1,-1,-1
20377,1,-2,-2
20378,1,-2,-2
20379,1,-2,-2
20380,0,-2,-2
20381,0,-2,-2
20382,0,-2,-2
20383,0,-1,-1
20384,1,-2,-2
20385,0,-2,-2
20386,1,-2,-2
20387,0,-2,-2
20388,0,-2,-2
20389,1,-2,-2
20390,0,-2,-2
20391,0,-1,-1
20392,0,-2,-2
20393,1,-2,-2
20394,1,-1,-1
20395,0,-1,-1
20396,1,-2,-2
20397,1,-2,-2
20398,0,-2,-2
20399,0,-2,-2
20400,1,-1,-1
20401,1,-2,-2
20402,1,-2,-2
20403,1,-2,-2
20404,0,-2,-2
20405,1,-1,-1
20406,1,-2,-2
20407,0,-2,-2
20408,1,-2,-2
20409,1,-2,-2
20410,0,-2,-2
20411,0,-2,-2
20412,0,-2,-2
20413,0,-2,-2
20414,1,-2,-2
20415,1,-2,-2
20416,1,-2,-2
20417,0,-2,-2
20418,1,-2,-2
20419,1,-2,-2
20420,1,-2,-2
20421,0,-2,-2
20422,0,-2,-2
20423,0,-2,-2
20424,1,-2,-2
20425,1,-1,-1
20426,0,-1,-1
20427,0,-2,-2
20428,0,-2,-2
20429,0,-2,-2
20430,1,-2,-2
20431,1,-2,-2
20432,1,-2,-2
20433,0,-2,-2
20434,1,-2,-2
20435,1,-2,-2
20436,0,-2,-2
20437,0,-2,-2
20438,0,-1,-1
20439,1,-2,-2
20440,1,-2,-2
20441,1,-2,-2
20442,1,-1,-1
20443,1,-1,-1
20444,1,-2,-2
20445,1,-1,-1
20446,0,-2,-2
20447,1,-1,-1
20448,1,-2,-2
20449,1,-2,-2
20450,1,-1,-1
20451,0,-1,-1
20452,0,-2,-2
20453,1,-2,-2
20454,1,-1,-1
20455,1,-2,-2
20456,0,-2,-2
20457,1,-2,-2
20458,1,-2,-2
20459,0,-2,-2
20460,0,-1,-1
20461,1,-2,-2
20462,1,-2,-2
20463,1,-1,-1
20464,0,-2,-2
20465,1,-2,-2
20466,1,-2,-2
20467,1,-2,-2
20468,0,-2,-2
20469,0,-2,-2
20470,0,-1,-1
20471,1,-2,-2
20472,0,-2,-2
20473,0,-2,-2
20474,0,-2,-2
20475,1,-1,-1
20476,0,-1,-1
20477,1,-2,-2
20478,1,-2,-2
20479,1,-1,-1
20480,0,-2,-2
20481,0,-1,-1
20482,1,-2,-2
20483,0,-2,-2
20484,0,-2,-2
20485,1,-2,-2
20486,0,-1,-1
20487,1,-2,-2
20488,1,-2,-2
20489,1,-2,-2
20490,0,-2,-2
20491,1,-2,-2
20492,0,-2,-2
20493,0,-2,-2
20494,1,-2,-2
20495,0,-2,-2
20496,0,-2,-2
20497,1,-2,-2
20498,1,-2,-2
20499,0,-1,-1
20500,1,-2,-2
20501,0,-2,-2
20502,0,-2,-2
20503,1,-1,-1
20504,0,-2,-2
20505,1,-2,-2
20506,0,-2,-2
20507,0,-2,-2
20508,1,-2,-2
20509,1,-2,-2
20510,1,-2,-2
20511,0,-2,-2
20512,0,-2,-2
20513,0,-2,-2
20514,1,-1,-1
20515,0,-2,-2
20516,1,-1,-1
20517,0,-1,-1
20518,0,-2,-2
20519,1,-1,-1
20520,1,-2,-2
20521,1,-2,-2
20522,1,-2,-2
20523,1,-2,-2
20524,1,-2,-2
20525,0,-2,-2
20526,0,-2,-2
20527,0,-2,-2
20528,1,-2,-2
20529,0,-2,-2
20530,1,-1,-1
20531,0,-1,-1
20532,1,-2,-2
20533,1,-1,-1
20534,0,-2,-2
20535,1,-2,-2
20536,1,-2,-2
20537,1,-2,-2
20538,1,-1,-1
20539,0,-2,-2
20540,0,-1,-1
20541,0,-2,-2
20542,0,-2,-2
20543,1,-2,-2
20544,0,-1,-1
20545,1,-2,-2
20546,0,-2,-2
20547,1,-2,-2
20548,0,-2,-2
20549,1,-2,-2
20550,0,-1,-1
20551,0,-2,-2
20552,1,-2,-2
20553,0,-2,-2
20554,0,-2,-2
20555,1,-2,-2
20556,0,-1,-1
20557,1,-2,-2
20558,1,-1,-1
20559,1,-2,-2
20560,0,-2,-2
20561,1,-2,-2
20562,0,-1,-1
20563,0,-2,-2
20564,1,-2,-2
20565,0,-1,-1
20566,1,-2,-2
20567,0,-2,-2
20568,0,-2,-2
20569,0,-2,-2
20570,1,-2,-2
20571,0,-1,-1
20572,1,-2,-2
20573,1,-2,-2
20574,0,-1,-1
20575,1,-2,-2
20576,0,-1,-1
20577,1,-2,-2
20578,0,-2,-2
20579,0,-2,-2
20580,1,-1,-1
20581,1,-1,-1
20582,0,-2,-2
20583,1,-2,-2
20584,1,-2,-2
20585,1,-1,-1
20586,0,-2,-2
20587,1,-2,-2
20588,0,-2,-2
20589,1,-2,-2
20590,0,-2,-2
20591,1,-2,-2
20592,0,-2,-2
20593,0,-2,-2
20594,1,-2,-2
20595,1,-1,-1
20596,0,-2,-2
20597,0,-1,-1
20598,1,-1,-1
20599,0,-1,-1
20600,1,-2,-2
20601,1,-2,-2
20602,1,-2,-2
20603,0,-2,-2
20604,1,-2,-2
20605,1,-2,-2
20606,0,-2,-2
20607,0,-2,-2
20608,0,-2,-2
20609,0,-2,-2
20610,0,-2,-2
20611,0,-2,-2
20612,0,-2,-2
20613,0,-1,-1
20614,1,-1,-1
20615,1,-2,-2
20616,1,-1,-1
20617,0,-2,-2
20618,1,-2,-2
20619,1,-1,-1
20620,0,-2,-2
20621,0,-2,-2
20622,0,-2,-2
20623,1,-2,-2
20624,0,-2,-2
20625,1,-1,-1
20626,0,-2,-2
20627,1,-2,-2
20628,0,-1,-1
20629,0,-2,-2
20630,0,-2,-2
20631,0,-1,-1
20632,1,-2,-2
20633,1,-2,-2
20634,0,-2,-2
20635,1,-2,-2
20636,0,-2,-2
20637,0,-2,-2
20638,1,-1,-1
20639,1,-2,-2
20640,1,-1,-1
20641,0,-2,-2
20642,0,-2,-2
20643,0,-2,-2
20644,1,-2,-2
20645,1,-2,-2
20646,1,-2,-2
20647,1,-2,-2
20648,0,-2,-2
20649,0,-1,-1
20650,1,-2,-2
20651,1,-2,-2
20652,1,-2,-2
20653,1,-2,-2
20654,1,-1,-1
20655,0,-2,-2
20656,0,-2,-2
20657,0,-2,-2
20658,1,-1,-1
20659,1,-1,-1
20660,0,-2,-2
20661,0,-1,-1
20662,1,-2,-2
20663,1,-2,-2
20664,0,-2,-2
20665,1,-2,-2
20666,0,-2,-2
20667,0,-2,-2
20668,0,-2,-2
20669,1,-2,-2
20670,0,-1,-1
20671,0,-2,-2
20672,0,-2,-2
20673,0,-2,-2
20674,1,-2,-2
20675,1,-1,-1
20676,1,-1,-1
20677,1,-2,-2
20678,0,-2,-2
20679,1,-1,-1
20680,1,-2,-2
20681,1,-2,-2
20682,0,-2,-2
20683,1,-2,-2
20684,0,-2,-2
20685,1,-2,-2
20686,1,-2,-2
20687,1,-2,-2
20688,0,-1,-1
20689,1,-2,-2
20690,1,-2,-2
20691,1,-2,-2
20692,0,-2,-2
20693,1,-2,-2
20694,1,-2,-2
20695,1,-2,-2
20696,1,-1,-1
20697,1,-2,-2
20698,1,-2,-2
20699,0,-2,-2
20700,0,-1,-1
20701,0,-2,-2
20702,0,-2,-2
20703,1,-2,-2
20704,0,-2,-2
20705,1,-1,-1
20706,1,-2,-2
20707,1,-2,-2
20708,0,-2,-2
20709,0,-2,-2
20710,1,-2,-2
20711,0,-2,-2
20712,0,-2,-2
20713,1,-2,-2
20714,1,-2,-2
20715,0,-2,-2
20716,0,-2,-2
20717,1,-2,-2
20718,1,-2,-2
20719,1,-2,-2
20720,0,-2,-2
20721,1,-2,-2
20722,0,-2,-2
20723,1,-2,-2
20724,0,-2,-2
20725,0,-2,-2
20726,0,-2,-2
20727,0,-1,-1
20728,0,-2,-2
20729,0,-2,-2
20730,1,-2,-2
20731,1,-2,-2
20732,0,-2,-2
20733,1,-2,-2
20734,1,-2,-2
20735,1,-2,-2
20736,1,-2,-2
20737,1,-1,-1
20738,0,-2,-2
20739,1,-2,-2
20740,0,-2,-2
20741,0,-1,-1
20742,0,-2,-2
20743,0,-2,-2
20744,0,-1,-1
20745,1,-2,-2
20746,0,-1,-1
20747,1,-2,-2
20748,0,-1,-1
20749,0,-2,-2
20750,1,-1,-1
20751,0,-2,-2
20752,0,-2,-2
20753,1,-2,-2
20754,0,-1,-1
20755,1,-2,-2
20756,0,-2,-2
20757,1,-2,-2
20758,0,-2,-2
20759,0,-2,-2
20760,1,-2,-2
20761,0,-2,-2
20762,1,-1,-1
20763,1,-2,-2
20764,0,-2,-2
20765,0,-1,-1
20766,0,-2,-2
20767,1,-1,-1
20768,1,-1,-1
20769,0,-2,-2
20770,0,-1,-1
20771,1,-2,-2
20772,1,-1,-1
20773,0,-2,-2
20774,1,-2,-2
20775,0,-1,-1
20776,1,-2,-2
20777,0,-2,-2
20778,1,-2,-2
20779,1,-2,-2
20780,0,-1,-1
20781,0,-2,-2
20782,0,-2,-2
20783,0,-1,-1
20784,0,-2,-2
20785,1,-2,-2
20786,0,-2,-2
20787,1,-2,-2
20788,1,-2,-2
20789,0,-2,-2
20790,1,-2,-2
20791,0,-2,-2
20792,0,-2,-2
20793,0,-2,-2
20794,1,-1,-1
20795,0,-2,-2
20796,0,-2,-2
20797,1,-1,-1
20798,0,-2,-2
20799,0,-2,-2
20800,0,-1,-1
20801,0,-2,-2
20802,0,-1,-1
20803,1,-1,-1
20804,0,-1,-1
20805,0,-1,-1
20806,1,-2,-2
20807,1,-2,-2
20808,1,-1,-1
20809,0,-2,-2
20810,0,-2,-2
20811,1,-2,-2
20812,1,-1,-1
20813,1,-2,-2
20814,0,-1,-1
20815,0,-2,-2
20816,1,-2,-2
20817,0,-2,-2
20818,1,-2,-2
20819,0,-2,-2
20820,1,-1,-1
20821,0,-2,-2
20822,0,-2,-2
20823,1,-2,-2
20824,0,-2,-2
20825,1,-2,-2
20826,0,-2,-2
20827,0,-2,-2
20828,0,-2,-2
20829,1,-2,-2
20830,1,-1,-1
20831,0,-1,-1
20832,0,-2,-2
20833,0,-1,-1
20834,0,-2,-2
20835,1,-2,-2
20836,0,-2,-2
20837,1,-2,-2
20838,1,-2,-2
20839,0,-2,-2
20840,1,-2,-2
20841,1,-2,-2
20842,1,-2,-2
20843,1,-2,-2
20844,1,-2,-2
20845,1,-1,-1
20846,0,-1,-1
20847,0,-1,-1
20848,0,-2,-2
20849,0,-2,-2
20850,0,-2,-2
20851,1,-2,-2
20852,1,-2,-2
20853,0,-2,-2
20854,0,-1,-1
20855,0,-2,-2
20856,1,-1,-1
20857,1,-2,-2
20858,1,-1,-1
20859,1,-2,-2
20860,1,-2,-2
20861,0,-2,-2
20862,0,-1,-1
20863,1,-2,-2
20864,1,-2,-2
20865,0,-2,-2
20866,0,-1,-1
20867,1,-2,-2
20868,1,-2,-2
20869,1,-1,-1
20870,1,-1,-1
20871,0,-2,-2
20872,0,-1,-1
20873,0,-2,-2
20874,1,-2,-2
20875,1,-2,-2
20876,0,-2,-2
20877,1,-2,-2
20878,0,-1,-1
20879,1,-2,-2
20880,1,-2,-2
20881,1,-2,-2
20882,1,-2,-2
20883,1,-2,-2
20884,0,-2,-2
20885,1,-2,-2
20886,1,-1,-1
20887,1,-2,-2
20888,1,-2,-2
20889,1,-2,-2
20890,1,-2,-2
20891,0,-2,-2
20892,1,-2,-2
20893,1,-1,-1
20894,0,-2,-2
20895,1,-2,-2
20896,1,-2,-2
20897,0,-1,-1
20898,0,-2,-2
20899,0,-2,-2
20900,1,-1,-1
20901,1,-2,-2
20902,0,-2,-2
20903,0,-1,-1
20904,0,-1,-1
20905,0,-2,-2
20906,0,-2,-2
20907,0,-1,-1
20908,1,-2,-2
20909,1,-2,-2
20910,1,-2,-2
20911,1,-2,-2
20912,0,-2,-2
20913,0,-2,-2
20914,0,-2,-2
20915,1,-2,-2
20916,1,-2,-2
20917,1,-2,-2
20918,1,-2,-2
20919,0,-2,-2
20920,1,-1,-1
20921,1,-2,-2
20922,0,-1,-1
20923,0,-2,-2
20924,1,-2,-2
20925,1,-2,-2
20926,0,-2,-2
20927,0,-2,-2
20928,1,-2,-2
20929,0,-2,-2
20930,0,-2,-2
20931,1,-1,-1
20932,0,-2,-2
20933,0,-1,-1
20934,0,-2,-2
20935,0,-2,-2
20936,1,-2,-2
20937,1,-2,-2
20938,0,-2,-2
20939,1,-2,-2
20940,0,-2,-2
20941,0,-2,-2
20942,1,-2,-2
20943,0,-1,-1
20944,0,-2,-2
20945,1,-2,-2
20946,1,-2,-2
20947,0,-2,-2
20948,0,-2,-2
20949,0,-1,-1
20950,1,-2,-2
20951,0,-2,-2
20952,1,-2,-2
20953,0,-2,-2
20954,0,-2,-2
20955,1,-2,-2
20956,1,-2,-2
20957,1,-2,-2
20958,0,-2,-2
20959,0,-2,-2
20960,1,-2,-2
20961,0,-2,-2
20962,0,-2,-2
20963,1,-2,-2
20964,0,-2,-2
20965,1,-1,-1
20966,0,-2,-2
20967,1,-1,-1
20968,1,-2,-2
20969,1,-2,-2
20970,0,-2,-2
20971,0,-2,-2
20972,1,-2,-2
20973,1,-2,-2
20974,1,-2,-2
20975,0,-2,-2
20976,0,-2,-2
20977,1,-2,-2
20978,1,-2,-2
20979,0,-1,-1
20980,1,-2,-2
20981,1,-2,-2
20982,0,-1,-1
20983,1,-2,-2
20984,0,-2,-2
20985,0,-2,-2
20986,0,-2,-2
20987,0,-1,-1
20988,0,-1,-1
20989,0,-2,-2
20990,1,-2,-2
20991,0,-1,-1
20992,0,-2,-2
20993,1,-2,-2
20994,1,-2,-2
20995,0,-2,-2
20996,0,-2,-2
20997,0,-2,-2
20998,0,-2,-2
20999,0,-1,-1
21000,0,-2,-2
21001,0,-2,-2
21002,0,-2,-2
21003,0,-2,-2
21004,0,-2,-2
21005,1,-1,-1
21006,1,-1,-1
21007,0,-2,-2
21008,1,-2,-2
21009,1,-2,-2
21010,1,-2,-2
21011,0,-2,-2
21012,1,-2,-2
21013,0,-2,-2
21014,0,-2,-2
21015,1,-1,-1
21016,0,-2,-2
21017,0,-2,-2
21018,1,-2,-2
21019,0,-2,-2
21020,0,-1,-1
21021,1,-2,-2
21022,1,-2,-2
21023,1,-2,-2
21024,1,-1,-1
21025,0,-2,-2
21026,0,-2,-2
21027,0,-2,-2
21028,0,-1,-1
21029,1,-1,-1
21030,0,-2,-2
21031,0,-2,-2
21032,1,-1,-1
21033,1,-2,-2
21034,0,-2,-2
21035,0,-2,-2
21036,1,-2,-2
21037,0,-2,-2
21038,0,-2,-2
21039,1,-2,-2
21040,1,-2,-2
21041,1,-2,-2
21042,0,-1,-1
21043,1,-2,-2
21044,0,-2,-2
21045,1,-2,-2
21046,1,-2,-2
21047,0,-1,-1
21048,0,-2,-2
21049,1,-2,-2
21050,1,-2,-2
21051,1,-2,-2
21052,1,-2,-2
21053,0,-1,-1
21054,0,-2,-2
21055,1,-2,-2
21056,1,-2,-2
21057,0,-1,-1
21058,0,-2,-2
21059,0,-2,-2
21060,0,-2,-2
21061,0,-2,-2
21062,0,-1,-1
21063,0,-2,-2
21064,0,-2,-2
21065,0,-1,-1
21066,0,-2,-2
21067,1,-2,-2
21068,1,-2,-2
21069,1,-2,-2
21070,0,-2,-2
21071,1,-1,-1
21072,1,-2,-2
21073,1,-2,-2
21074,0,-2,-2
21075,0,-2,-2
21076,0,-2,-2
21077,1,-2,-2
21078,0,-1,-1
21079,0,-2,-2
21080,0,-1,-1
21081,1,-2,-2
21082,1,-1,-1
21083,1,-2,-2
21084,0,-2,-2
21085,0,-2,-2
21086,1,-2,-2
21087,1,-2,-2
21088,1,-2,-2
21089,0,-1,-1
21090,1,-1,-1
21091,0,-1,-1
21092,0,-2,-2
21093,0,-2,-2
21094,0,-2,-2
21095,0,-2,-2
21096,0,-1,-1
21097,1,-2,-2
21098,1,-2,-2
21099,0,-2,-2
21100,0,-2,-2
21101,0,-2,-2
21102,0,-2,-2
21103,1,-2,-2
21104,0,-2,-2
21105,0,-2,-2
21106,1,-2,-2
21107,1,-2,-2
21108,0,-2,-2
21109,1,-2,-2
21110,0,-2,-2
21111,1,-2,-2
21112,1,-2,-2
21113,1,-2,-2
21114,0,-2,-2
21115,1,-2,-2
21116,0,-2,-2
21117,1,-2,-2
21118,1,-2,-2
21119,0,-2,-2
21120,0,-2,-2
21121,1,-2,-2
21122,0,-1,-1
21123,0,-2,-2
21124,1,-2,-2
21125,0,-1,-1
21126,0,-2,-2
21127,1,-2,-2
21128,0,-1,-1
21129,1,-2,-2
21130,1,-2,-2
21131,1,-1,-1
21132,0,-2,-2
21133,1,-2,-2
21134,0,-1,-1
21135,1,-2,-2
21136,0,-2,-2
21137,0,-2,-2
21138,1,-2,-2
21139,1,-2,-2
21140,1,-1,-1
21141,1,-1,-1
21142,1,-2,-2
21143,1,-1,-1
21144,1,-1,-1
21145,0,-1,-1
21146,1,-2,-2
21147,0,-1,-1
21148,1,-2,-2
21149,1,-1,-1
21150,1,-1,-1
21151,1,-2,-2
21152,0,-2,-2
21153,1,-2,-2
21154,0,-2,-2
21155,1,-2,-2
21156,0,-2,-2
21157,0,-2,-2
21158,0,-2,-2
21159,1,-2,-2
21160,1,-2,-2
21161,0,-2,-2
21162,1,-2,-2
21163,0,-2,-2
21164,1,-2,-2
21165,1,-1,-1
21166,1,-2,-2
21167,0,-2,-2
21168,0,-2,-2
21169,1,-2,-2
21170,1,-2,-2
21171,0,-2,-2
21172,0,-2,-2
21173,0,-2,-2
21174,0,-2,-2
21175,0,-2,-2
21176,1,-2,-2
21177,1,-2,-2
21178,1,-1,-1
21179,0,-1,-1
21180,1,-2,-2
21181,1,-2,-2
21182,1,-2,-2
21183,1,-2,-2
21184,0,-1,-1
21185,0,-2,-2
21186,0,-2,-2
21187,1,-1,-1
21188,0,-2,-2
21189,1,-2,-2
21190,1,-2,-2
21191,1,-2,-2
21192,0,-1,-1
21193,1,-2,-2
21194,0,-2,-2
21195,1,-2,-2
21196,0,-2,-2
21197,1,-2,-2
21198,0,-2,-2
21199,0,-2,-2
21200,0,-2,-2
21201,1,-2,-2
21202,0,-2,-2
21203,1,-2,-2
21204,0,-2,-2
21205,1,-2,-2
21206,1,-1,-1
21207,0,-2,-2
21208,1,-2,-2
21209,1,-2,-2
21210,0,-2,-2
21211,0,-1,-1
21212,0,-2,-2
21213,1,-1,-1
21214,0,-2,-2
21215,0,-2,-2
21216,0,-2,-2
21217,1,-2,-2
21218,1,-2,-2
21219,0,-2,-2
21220,0,-2,-2
21221,1,-1,-1
21222,0,-2,-2
21223,1,-1,-1
21224,0,-2,-2
21225,0,-1,-1
21226,0,-2,-2
21227,0,-2,-2
21228,1,-1,-1
21229,0,-1,-1
21230,1,-2,-2
21231,1,-2,-2
21232,0,-2,-2
21233,0,-2,-2
21234,1,-2,-2
21235,1,-2,-2
21236,0,-2,-2
21237,1,-2,-2
21238,1,-2,-2
21239,0,-2,-2
21240,0,-2,-2
21241,1,-2,-2
21242,0,-2,-2
21243,0,-2,-2
21244,1,-2,-2
21245,1,-1,-1
21246,1,-2,-2
21247,0,-2,-2
21248,1,-2,-2
21249,1,-2,-2
21250,0,-2,-2
21251,1,-2,-2
21252,1,-2,-2
21253,1,-2,-2
21254,1,-1,-1
21255,1,-2,-2
21256,0,-2,-2
21257,1,-2,-2
21258,1,-2,-2
21259,1,-2,-2
21260,1,-2,-2
21261,0,-2,-2
21262,1,-2,-2
21263,1,-2,-2
21264,1,-2,-2
21265,1,-2,-2
21266,1,-2,-2
21267,1,-2,-2
21268,1,-1,-1
21269,0,-2,-2
21270,1,-2,-2
21271,1,-2,-2
21272,0,-2,-2
21273,0,-2,-2
21274,0,-2,-2
21275,1,-2,-2
21276,1,-1,-1
21277,1,-2,-2
21278,1,-2,-2
21279,1,-2,-2
21280,1,-2,-2
21281,0,-2,-2
21282,1,-2,-2
21283,0,-2,-2
21284,1,-2,-2
21285,1,-2,-2
21286,1,-2,-2
21287,0,-2,-2
21288,0,-2,-2
21289,0,-2,-2
21290,1,-2,-2
21291,1,-2,-2
21292,1,-1,-1
21293,0,-2,-2
21294,1,-2,-2
21295,1,-2,-2
21296,1,-2,-2
21297,1,-2,-2
21298,0,-1,-1
21299,0,-1,-1
21300,0,-2,-2
21301,1,-2,-2
21302,1,-2,-2
21303,1,-2,-2
21304,1,-1,-1
21305,1,-2,-2
21306,1,-2,-2
21307,1,-2,-2
21308,0,-2,-2
21309,1,-2,-2
21310,1,-1,-1
21311,0,-2,-2
21312,0,-2,-2
21313,1,-1,-1
21314,0,-2,-2
21315,0,-2,-2
21316,1,-2,-2
21317,1,-2,-2
21318,0,-2,-2
21319,1,-2,-2
21320,1,-1,-1
21321,0,-2,-2
21322,0,-2,-2
21323,0,-2,-2
21324,0,-2,-2
21325,1,-2,-2
21326,1,-2,-2
21327,0,-2,-2
21328,1,-2,-2
21329,1,-2,-2
21330,0,-2,-2
21331,0,-1,-1
21332,1,-2,-2
21333,0,-2,-2
21334,0,-2,-2
21335,1,-1,-1
21336,1,-2,-2
21337,0,-2,-2
21338,0,-2,-2
21339,0,-1,-1
21340,1,-2,-2
21341,1,-1,-1
21342,1,-1,-1
21343,1,-2,-2
21344,0,-2,-2
21345,0,-2,-2
21346,1,-1,-1
21347,0,-2,-2
21348,1,-2,-2
21349,1,-2,-2
21350,0,-2,-2
21351,0,-2,-2
21352,0,-2,-2
21353,1,-2,-2
21354,0,-2,-2
21355,1,-2,-2
21356,0,-1,-1
21357,0,-2,-2
21358,1,-2,-2
21359,1,-2,-2
21360,0,-2,-2
21361,1,-2,-2
21362,0,-2,-2
21363,1,-1,-1
21364,0,-2,-2
21365,1,-2,-2
21366,0,-2,-2
21367,1,-2,-2
21368,1,-2,-2
21369,0,-1,-1
21370,1,-1,-1
21371,1,-2,-2
21372,0,-2,-2
21373,1,-2,-2
21374,1,-2,-2
21375,0,-2,-2
21376,0,-1,-1
21377,1,-2,-2
21378,0,-2,-2
21379,0,-2,-2
21380,0,-2,-2
21381,1,-1,-1
21382,0,-2,-2
21383,0,-2,-2
21384,0,-2,-2
21385,0,-2,-2
21386,0,-2,-2
21387,1,-2,-2
21388,1,-1,-1
21389,1,-2,-2
21390,1,-1,-1
21391,0,-2,-2
21392,0,-2,-2
21393,0,-2,-2
21394,0,-2,-2
21395,0,-2,-2
21396,0,-2,-2
21397,1,-2,-2
21398,0,-2,-2
21399,1,-2,-2
21400,0,-2,-2
21401,0,-1,-1
21402,0,-2,-2
21403,0,-2,-2
21404,1,-2,-2
21405,1,-2,-2
21406,1,-2,-2
21407,0,-2,-2
21408,0,-2,-2
21409,1,-2,-2
21410,1,-2,-2
21411,1,-1,-1
21412,1,-2,-2
21413,1,-1,-1
21414,0,-1,-1
21415,1,-2,-2
21416,0,-2,-2
21417,1,-1,-1
21418,1,-2,-2
21419,0,-1,-1
21420,0,-1,-1
21421,0,-1,-1
21422,1,-2,-2
21423,1,-2,-2
21424,1,-2,-2
21425,1,-2,-2
21426,0,-1,-1
21427,1,-1,-1
21428,0,-2,-2
21429,0,-2,-2
21430,1,-1,-1
21431,1,-2,-2
21432,1,-2,-2
21433,1,-2,-2
21434,0,-2,-2
21435,0,-2,-2
21436,1,-2,-2
21437,1,-2,-2
21438,0,-2,-2
21439,0,-2,-2
21440,1,-1,-1
21441,0,-1,-1
21442,1,-1,-1
21443,1,-2,-2
21444,1,-2,-2
21445,1,-2,-2
21446,0,-2,-2
21447,1,-1,-1
21448,0,-1,-1
21449,1,-2,-2
21450,1,-1,-1
21451,1,-1,-1
21452,1,-1,-1
21453,1,-2,-2
21454,0,-2,-2
21455,1,-2,-2
21456,0,-1,-1
21457,0,-2,-2
21458,0,-2,-2
21459,1,-2,-2
21460,0,-1,-1
21461,1,-1,-1
21462,0,-2,-2
21463,0,-2,-2
21464,1,-2,-2
21465,1,-2,-2
21466,0,-2,-2
21467,1,-2,-2
21468,1,-1,-1
21469,0,-2,-2
21470,0,-1,-1
21471,1,-2,-2
21472,0,-2,-2
21473,0,-2,-2
21474,1,-2,-2
21475,0,-2,-2
21476,1,-1,-1
21477,1,-2,-2
21478,0,-2,-2
21479,1,-2,-2
21480,0,-2,-2
21481,0,-2,-2
21482,1,-2,-2
21483,0,-2,-2
21484,1,-1,-1
21485,0,-2,-2
21486,0,-2,-2
21487,0,-2,-2
21488,1,-2,-2
21489,0,-2,-2
21490,0,-2,-2
21491,1,-2,-2
21492,1,-2,-2
21493,0,-2,-2
21494,0,-2,-2
21495,1,-2,-2
21496,1,-1,-1
21497,1,-2,-2
21498,0,-2,-2
21499,1,-2,-2
21500,1,-2,-2
21501,0,-2,-2
21502,0,-2,-2
21503,1,-1,-1
21504,1,-1,-1
21505,1,-1,-1
21506,0,-2,-2
21507,0,-2,-2
21508,1,-1,-1
21509,1,-1,-1
21510,0,-1,-1
21511,1,-2,-2
21512,1,-2,-2
21513,0,-2,-2
21514,1,-2,-2
21515,0,-2,-2
21516,1,-2,-2
21517,0,-2,-2
21518,1,-2,-2
21519,0,-2,-2
21520,1,-2,-2
21521,0,-2,-2
21522,1,-1,-1
21523,1,-2,-2
21524,0,-2,-2
21525,0,-2,-2
21526,0,-2,-2
21527,0,-1,-1
21528,1,-2,-2
21529,1,-2,-2
21530,0,-2,-2
21531,1,-2,-2
21532,0,-1,-1
21533,1,-2,-2
21534,1,-2,-2
21535,1,-1,-1
21536,1,-2,-2
21537,1,-2,-2
21538,0,-2,-2
21539,1,-2,-2
21540,0,-2,-2
21541,1,-2,-2
21542,0,-2,-2
21543,1,-2,-2
21544,1,-2,-2
21545,1,-2,-2
21546,1,-2,-2
21547,1,-1,-1
21548,0,-2,-2
21549,1,-2,-2
21550,1,-2,-2
21551,1,-2,-2
21552,1,-2,-2
21553,1,-2,-2
21554,1,-1,-1
21555,0,-2,-2
21556,1,-2,-2
21557,1,-2,-2
21558,0,-1,-1
21559,1,-2,-2
21560,0,-2,-2
21561,0,-2,-2
21562,0,-2,-2
21563,0,-2,-2
21564,1,-2,-2
21565,1,-1,-1
21566,1,-2,-2
21567,1,-1,-1
21568,0,-2,-2
21569,1,-2,-2
21570,0,-2,-2
21571,0,-2,-2
21572,0,-1,-1
21573,0,-2,-2
21574,1,-2,-2
21575,1,-2,-2
21576,1,-2,-2
21577,0,-2,-2
21578,0,-2,-2
21579,1,-2,-2
21580,0,-2,-2
21581,0,-2,-2
21582,1,-2,-2
21583,1,-2,-2
21584,0,-2,-2
21585,0,-2,-2
21586,0,-2,-2
21587,1,-2,-2
21588,0,-2,-2
21589,1,-2,-2
21590,1,-2,-2
21591,0,-2,-2
21592,0,-2,-2
21593,1,-2,-2
21594,1,-2,-2
21595,1,-2,-2
21596,0,-2,-2
21597,0,-2,-2
21598,1,-2,-2
21599,0,-2,-2
21600,1,-1,-1
21601,1,-1,-1
21602,1,-1,-1
21603,0,-2,-2
21604,0,-1,-1
21605,0,-2,-2
21606,0,-2,-2
21607,0,-2,-2
21608,0,-1,-1
21609,0,-2,-2
21610,1,-2,-2
21611,0,-2,-2
21612,1,-2,-2
21613,1,-2,-2
21614,1,-2,-2
21615,1,-1,-1
21616,0,-2,-2
21617,0,-2,-2
21618,0,-2,-2
21619,1,-2,-2
21620,0,-2,-2
21621,1,-2,-2
21622,0,-2,-2
21623,1,-1,-1
21624,0,-2,-2
21625,0,-1,-1
21626,1,-1,-1
21627,1,-2,-2
21628,1,-2,-2
21629,1,-2,-2
21630,0,-2,-2
21631,1,-2,-2
21632,1,-2,-2
21633,0,-2,-2
21634,1,-2,-2
21635,0,-2,-2
21636,1,-2,-2
21637,1,-2,-2
21638,1,-2,-2
21639,1,-1,-1
21640,1,-2,-2
21641,0,-2,-2
21642,1,-2,-2
21643,1,-2,-2
21644,1,-1,-1
21645,0,-2,-2
21646,1,-2,-2
21647,0,-2,-2
21648,0,-2,-2
21649,0,-1,-1
21650,1,-1,-1
21651,1,-2,-2
21652,0,-2,-2
21653,1,-2,-2
21654,0,-2,-2
21655,1,-2,-2
21656,1,-2,-2
21657,1,-2,-2
21658,0,-1,-1
21659,0,-2,-2
21660,1,-2,-2
21661,0,-2,-2
21662,0,-2,-2
21663,1,-1,-1
21664,1,-2,-2
21665,1,-1,-1
21666,1,-2,-2
21667,1,-1,-1
21668,1,-2,-2
21669,1,-2,-2
21670,0,-2,-2
21671,1,-1,-1
21672,1,-2,-2
21673,0,-2,-2
21674,1,-2,-2
21675,1,-2,-2
21676,0,-2,-2
21677,1,-2,-2
21678,0,-1,-1
21679,0,-2,-2
21680,0,-2,-2
21681,1,-2,-2
21682,0,-2,-2
21683,0,-2,-2
21684,1,-2,-2
21685,0,-1,-1
21686,0,-2,-2
21687,1,-2,-2
21688,0,-2,-2
21689,1,-2,-2
21690,1,-2,-2
21691,0,-2,-2
21692,0,-2,-2
21693,1,-2,-2
21694,0,-2,-2
21695,1,-2,-2
21696,0,-1,-1
21697,1,-2,-2
21698,0,-2,-2
21699,0,-2,-2
21700,1,-2,-2
21701,1,-2,-2
21702,1,-1,-1
21703,0,-2,-2
21704,1,-2,-2
21705,1,-2,-2
21706,0,-2,-2
21707,0,-1,-1
21708,1,-2,-2
21709,0,-2,-2
21710,0,-2,-2
21711,0,-2,-2
21712,0,-2,-2
21713,0,-1,-1
21714,0,-1,-1
21715,0,-2,-2
21716,1,-1,-1
21717,1,-1,-1
21718,1,-2,-2
21719,1,-1,-1
21720,0,-2,-2
21721,1,-1,-1
21722,1,-1,-1
21723,1,-2,-2
21724,0,-2,-2
21725,0,-2,-2
21726,1,-2,-2
21727,0,-2,-2
21728,0,-2,-2
21729,0,-2,-2
21730,0,-2,-2
21731,0,-2,-2
21732,0,-1,-1
21733,1,-2,-2
21734,1,-1,-1
21735,1,-2,-2
21736,1,-2,-2
21737,1,-2,-2
21738,0,-2,-2
21739,1,-1,-1
21740,1,-2,-2
21741,0,-2,-2
21742,1,-2,-2
21743,0,-1,-1
21744,0,-1,-1
21745,0,-2,-2
21746,0,-2,-2
21747,1,-2,-2
21748,0,-2,-2
21749,0,-1,-1
21750,1,-2,-2
21751,1,-2,-2
21752,1,-2,-2
21753,0,-2,-2
21754,1,-2,-2
21755,0,-2,-2
21756,1,-1,-1
21757,1,-2,-2
21758,0,-2,-2
21759,1,-1,-1
21760,1,-2,-2
21761,1,-2,-2
21762,1,-2,-2
21763,1,-1,-1
21764,1,-1,-1
21765,1,-2,-2
21766,1,-2,-2
21767,0,-1,-1
21768,0,-2,-2
21769,1,-2,-2
21770,0,-2,-2
21771,0,-2,-2
21772,1,-2,-2
21773,1,-2,-2
21774,1,-2,-2
21775,1,-2,-2
21776,1,-1,-1
21777,0,-2,-2
21778,0,-1,-1
21779,1,-2,-2
21780,1,-2,-2
21781,0,-2,-2
21782,1,-2,-2
21783,1,-2,-2
21784,0,-2,-2
21785,0,-1,-1
21786,0,-1,-1
21787,0,-2,-2
21788,0,-2,-2
21789,0,-2,-2
21790,1,-1,-1
21791,1,-2,-2
21792,1,-2,-2
21793,0,-2,-2
21794,0,-2,-2
21795,1,-2,-2
21796,0,-2,-2
21797,1,-2,-2
21798,0,-2,-2
21799,0,-2,-2
21800,1,-2,-2
21801,0,-2,-2
21802,0,-2,-2
21803,0,-1,-1
21804,1,-2,-2
21805,1,-2,-2
21806,0,-2,-2
21807,1,-2,-2
21808,0,-2,-2
21809,1,-2,-2
21810,1,-2,-2
21811,0,-2,-2
21812,1,-1,-1
21813,1,-2,-2
21814,0,-2,-2
21815,1,-2,-2
21816,0,-1,-1
21817,0,-2,-2
21818,1,-2,-2
21819,0,-2,-2
21820,1,-1,-1
21821,1,-2,-2
21822,1,-2,-2
21823,0,-1,-1
21824,0,-2,-2
21825,0,-2,-2
21826,1,-2,-2
21827,0,-1,-1
21828,1,-2,-2
21829,0,-1,-1
21830,0,-2,-2
21831,0,-1,-1
21832,1,-2,-2
21833,1,-2,-2
21834,0,-2,-2
21835,1,-2,-2
21836,1,-2,-2
21837,1,-2,-2
21838,0,-2,-2
21839,1,-2,-2
21840,1,-1,-1
21841,1,-2,-2
21842,1,-2,-2
21843,1,-2,-2
21844,0,-2,-2
21845,1,-2,-2
21846,0,-2,-2
21847,0,-2,-2
21848,0,-2,-2
21849,0,-2,-2
21850,1,-1,-1
21851,0,-2,-2
21852,0,-2,-2
21853,0,-2,-2
21854,0,-2,-2
21855,0,-2,-2
21856,1,-2,-2
21857,0,-1,-1
21858,0,-2,-2
21859,1,-2,-2
21860,1,-2,-2
21861,1,-2,-2
21862,1,-2,-2
21863,0,-2,-2
21864,1,-1,-1
21865,1,-2,-2
21866,0,-2,-2
21867,1,-2,-2
21868,1,-2,-2
21869,0,-1,-1
21870,1,-1,-1
21871,0,-2,-2
21872,0,-2,-2
21873,1,-1,-1
21874,1,-1,-1
21875,0,-2,-2
21876,0,-1,-1
21877,1,-2,-2
21878,0,-2,-2
21879,0,-2,-2
21880,1,-2,-2
21881,1,-1,-1
21882,1,-2,-2
21883,0,-2,-2
21884,1,-2,-2
21885,0,-2,-2
21886,0,-2,-2
21887,0,-2,-2
21888,0,-2,-2
21889,0,-2,-2
21890,0,-1,-1
21891,0,-2,-2
21892,0,-2,-2
21893,1,-2,-2
21894,0,-2,-2
21895,0,-1,-1
21896,0,-2,-2
21897,1,-1,-1
21898,1,-2,-2
21899,0,-1,-1
21900,0,-2,-2
21901,0,-2,-2
21902,0,-1,-1
21903,1,-2,-2
21904,0,-2,-2
21905,0,-2,-2
21906,1,-2,-2
21907,1,-2,-2
21908,0,-2,-2
21909,1,-2,-2
21910,0,-1,-1
21911,0,-1,-1
21912,1,-1,-1
21913,1,-2,-2
21914,0,-2,-2
21915,1,-1,-1
21916,1,-1,-1
21917,0,-2,-2
21918,1,-2,-2
21919,0,-2,-2
21920,1,-2,-2
21921,1,-2,-2
21922,1,-2,-2
21923,0,-2,-2
21924,1,-1,-1
21925,1,-1,-1
21926,0,-1,-1
21927,0,-2,-2
21928,1,-1,-1
21929,1,-2,-2
21930,1,-2,-2
21931,1,-1,-1
21932,1,-2,-2
21933,0,-2,-2
21934,1,-1,-1
21935,1,-1,-1
21936,0,-2,-2
21937,0,-2,-2
21938,0,-1,-1
21939,1,-2,-2
21940,1,-1,-1
21941,0,-2,-2
21942,0,-2,-2
21943,1,-1,-1
21944,1,-2,-2
21945,1,-2,-2
21946,0,-2,-2
21947,0,-2,-2
21948,1,-1,-1
21949,1,-2,-2
21950,0,-2,-2
21951,1,-2,-2
21952,0,-2,-2
21953,0,-1,-1
21954,1,-1,-1
21955,0,-2,-2
21956,1,-2,-2
21957,1,-2,-2
21958,0,-2,-2
21959,0,-2,-2
21960,1,-2,-2
21961,1,-1,-1
21962,1,-2,-2
21963,0,-2,-2
21964,1,-1,-1
21965,1,-2,-2
21966,0,-2,-2
21967,0,-2,-2
21968,1,-2,-2
21969,1,-2,-2
21970,1,-2,-2
21971,1,-2,-2
21972,0,-2,-2
21973,1,-2,-2
21974,1,-2,-2
21975,0,-1,-1
21976,1,-2,-2
21977,0,-2,-2
21978,0,-1,-1
21979,1,-2,-2
21980,0,-2,-2
21981,0,-2,-2
21982,0,-2,-2
21983,0,-2,-2
21984,0,-1,-1
21985,0,-2,-2
21986,0,-2,-2
21987,1,-2,-2
21988,1,-2,-2
21989,0,-2,-2
21990,1,-2,-2
21991,1,-2,-2
21992,0,-2,-2
21993,1,-2,-2
21994,1,-2,-2
21995,1,-2,-2
21996,0,-1,-1
21997,0,-1,-1
21998,0,-2,-2
21999,1,-2,-2
22000,1,-2,-2
22001,0,-2,-2
22002,1,-2,-2
22003,1,-2,-2
22004,1,-1,-1
22005,0,-1,-1
22006,0,-2,-2
22007,1,-2,-2
22008,0,-2,-2
22009,1,-2,-2
22010,1,-2,-2
22011,1,-2,-2
22012,1,-1,-1
22013,1,-1,-1
22014,0,-2,-2
22015,1,-1,-1
22016,1,-2,-2
22017,0,-2,-2
22018,0,-1,-1
22019,0,-2,-2
22020,0,-2,-2
22021,0,-2,-2
22022,1,-2,-2
22023,1,-1,-1
22024,1,-2,-2
22025,1,-2,-2
22026,1,-1,-1
22027,0,-1,-1
22028,0,-2,-2
22029,0,-2,-2
22030,0,-2,-2
22031,1,-2,-2
22032,0,-2,-2
22033,0,-2,-2
22034,1,-2,-2
22035,1,-2,-2
22036,0,-2,-2
22037,0,-2,-2
22038,0,-2,-2
22039,1,-2,-2
22040,1,-2,-2
22041,0,-2,-2
22042,0,-2,-2
22043,0,-2,-2
22044,0,-1,-1
22045,1,-1,-1
22046,1,-2,-2
22047,1,-2,-2
22048,0,-2,-2
22049,0,-2,-2
22050,1,-2,-2
22051,1,-2,-2
22052,1,-1,-1
22053,0,-2,-2
22054,0,-2,-2
22055,0,-1,-1
22056,1,-2,-2
22057,0,-1,-1
22058,0,-2,-2
22059,0,-2,-2
22060,1,-2,-2
22061,0,-2,-2
22062,0,-1,-1
22063,0,-1,-1
22064,0,-1,-1
22065,1,-2,-2
22066,0,-2,-2
22067,1,-1,-1
22068,0,-1,-1
22069,0,-2,-2
22070,1,-1,-1
22071,1,-2,-2
22072,0,-2,-2
22073,1,-2,-2
22074,0,-2,-2
22075,0,-2,-2
22076,1,-2,-2
22077,1,-2,-2
22078,1,-2,-2
22079,0,-1,-1
22080,0,-2,-2
22081,1,-2,-2
22082,1,-1,-1
22083,1,-2,-2
22084,0,-2,-2
22085,1,-1,-1
22086,0,-2,-2
22087,0,-2,-2
22088,1,-2,-2
22089,1,-2,-2
22090,0,-1,-1
22091,0,-2,-2
22092,1,-1,-1
22093,0,-1,-1
22094,1,-2,-2
22095,1,-2,-2
22096,0,-2,-2
22097,0,-2,-2
22098,0,-2,-2
22099,0,-2,-2
22100,1,-2,-2
22101,1,-2,-2
22102,0,-2,-2
22103,0,-2,-2
22104,1,-1,-1
22105,1,-2,-2
22106,1,-2,-2
22107,1,-2,-2
22108,1,-2,-2
22109,0,-2,-2
22110,0,-2,-2
22111,0,-2,-2
22112,1,-2,-2
22113,0,-2,-2
22114,0,-2,-2
22115,1,-2,-2
22116,0,-2,-2
22117,0,-2,-2
22118,0,-2,-2
22119,0,-2,-2
22120,1,-1,-1
22121,0,-2,-2
22122,1,-2,-2
22123,1,-2,-2
22124,1,-2,-2
22125,0,-1,-1
22126,0,-2,-2
22127,1,-2,-2
22128,0,-1,-1
22129,0,-1,-1
22130,1,-2,-2
22131,1,-2,-2
22132,0,-1,-1
22133,1,-1,-1
22134,0,-2,-2
22135,0,-2,-2
22136,0,-2,-2
22137,1,-1,-1
22138,1,-2,-2
22139,0,-2,-2
22140,1,-2,-2
22141,1,-1,-1
22142,0,-1,-1
22143,0,-2,-2
22144,1,-2,-2
22145,1,-2,-2
22146,0,-2,-2
22147,1,-2,-2
22148,0,-2,-2
22149,0,-2,-2
22150,1,-2,-2
22151,1,-2,-2
22152,0,-2,-2
22153,1,-2,-2
22154,0,-2,-2
22155,1,-2,-2
22156,1,-2,-2
22157,1,-2,-2
22158,1,-1,-1
22159,0,-2,-2
22160,1,-2,-2
22161,1,-2,-2
22162,0,-2,-2
22163,0,-2,-2
22164,0,-1,-1
22165,1,-2,-2
22166,1,-2,-2
22167,0,-2,-2
22168,0,-2,-2
22169,1,-2,-2
22170,1,-2,-2
22171,1,-2,-2
22172,1,-1,-1
22173,1,-2,-2
22174,1,-2,-2
22175,1,-2,-2
22176,0,-2,-2
22177,1,-1,-1
22178,1,-2,-2
22179,0,-2,-2
22180,0,-1,-1
22181,1,-2,-2
22182,0,-2,-2
22183,0,-2,-2
22184,0,-2,-2
22185,1,-2,-2
22186,1,-2,-2
22187,1,-2,-2
22188,1,-2,-2
22189,0,-2,-2
22190,1,-2,-2
22191,1,-1,-1
22192,1,-1,-1
22193,1,-2,-2
22194,1,-2,-2
22195,1,-1,-1
22196,1,-2,-2
22197,1,-2,-2
22198,1,-2,-2
22199,1,-2,-2
22200,1,-2,-2
22201,1,-2,-2
22202,0,-2,-2
22203,1,-2,-2
22204,1,-2,-2
22205,0,-2,-2
22206,1,-2,-2
22207,0,-2,-2
22208,0,-2,-2
22209,1,-2,-2
22210,0,-2,-2
22211,0,-2,-2
22212,1,-2,-2
22213,0,-2,-2
22214,1,-2,-2
22215,0,-1,-1
22216,1,-2,-2
22217,0,-2,-2
22218,0,-2,-2
22219,1,-2,-2
22220,1,-2,-2
22221,0,-2,-2
22222,1,-2,-2
22223,0,-1,-1
22224,0,-2,-2
22225,0,-1,-1
22226,1,-1,-1
22227,1,-2,-2
22228,0,-2,-2
22229,0,-2,-2
22230,1,-2,-2
22231,1,-1,-1
22232,1,-2,-2
22233,1,-1,-1
22234,1,-2,-2
22235,1,-2,-2
22236,0,-2,-2
22237,1,-1,-1
22238,1,-2,-2
22239,1,-2,-2
22240,1,-2,-2
22241,1,-1,-1
22242,1,-1,-1
22243,0,-2,-2
22244,1,-2,-2
22245,1,-1,-1
22246,0,-2,-2
22247,1,-2,-2
22248,1,-2,-2
22249,1,-2,-2
22250,1,-2,-2
22251,1,-2,-2
22252,1,-1,-1
22253,1,-2,-2
22254,0,-1,-1
22255,1,-1,-1
22256,0,-2,-2
22257,1,-2,-2
22258,1,-1,-1
22259,1,-2,-2
22260,0,-2,-2
22261,1,-2,-2
22262,0,-2,-2
22263,0,-2,-2
22264,0,-1,-1
22265,0,-2,-2
22266,0,-1,-1
22267,0,-2,-2
22268,1,-2,-2
22269,0,-1,-1
22270,1,-2,-2
22271,0,-2,-2
22272,1,-1,-1
22273,0,-2,-2
22274,1,-2,-2
22275,0,-2,-2
22276,1,-2,-2
22277,0,-2,-2
22278,1,-1,-1
22279,1,-2,-2
22280,1,-2,-2
22281,1,-1,-1
22282,0,-2,-2
22283,1,-2,-2
22284,0,-2,-2
22285,1,-2,-2
22286,1,-2,-2
22287,0,-2,-2
22288,1,-1,-1
22289,1,-2,-2
22290,0,-2,-2
22291,1,-2,-2
22292,0,-2,-2
22293,0,-2,-2
22294,0,-2,-2
22295,1,-1,-1
22296,1,-2,-2
22297,0,-2,-2
22298,0,-1,-1
22299,1,-2,-2
22300,1,-2,-2
22301,1,-2,-2
22302,0,-2,-2
22303,0,-2,-2
22304,1,-2,-2
22305,0,-2,-2
22306,1,-2,-2
22307,1,-2,-2
22308,1,-2,-2
22309,1,-2,-2
22310,1,-2,-2
22311,0,-1,-1
22312,1,-2,-2
22313,1,-2,-2
22314,1,-2,-2
22315,1,-1,-1
22316,0,-2,-2
22317,1,-2,-2
22318,1,-2,-2
22319,1,-2,-2
22320,0,-1,-1
22321,1,-2,-2
22322,1,-2,-2
22323,0,-2,-2
22324,1,-2,-2
22325,0,-2,-2
22326,0,-1,-1
22327,1,-2,-2
22328,1,-2,-2
22329,1,-2,-2
22330,0,-2,-2
22331,1,-2,-2
22332,0,-2,-2
22333,1,-2,-2
22334,1,-2,-2
22335,0,-2,-2
22336,0,-2,-2
22337,0,-1,-1
22338,0,-2,-2
22339,0,-1,-1
22340,0,-2,-2
22341,1,-2,-2
22342,1,-2,-2
22343,0,-1,-1
22344,0,-2,-2
22345,0,-1,-1
22346,0,-2,-2
22347,0,-2,-2
22348,1,-2,-2
22349,0,-2,-2
22350,0,-2,-2
22351,1,-2,-2
22352,0,-1,-1
22353,0,-2,-2
22354,0,-2,-2
22355,0,-2,-2
22356,0,-2,-2
22357,0,-1,-1
22358,1,-2,-2
22359,1,-1,-1
22360,1,-1,-1
22361,0,-2,-2
22362,0,-1,-1
22363,0,-2,-2
22364,1,-1,-1
22365,0,-2,-2
22366,1,-1,-1
22367,1,-2,-2
22368,1,-2,-2
22369,0,-1,-1
22370,0,-2,-2
22371,1,-2,-2
22372,1,-1,-1
22373,0,-1,-1
22374,1,-2,-2
22375,0,-2,-2
22376,1,-1,-1
22377,0,-1,-1
22378,0,-1,-1
22379,1,-1,-1
22380,1,-2,-2
22381,1,-2,-2
22382,1,-2,-2
22383,0,-1,-1
22384,1,-2,-2
22385,0,-2,-2
22386,1,-2,-2
22387,0,-2,-2
22388,0,-2,-2
22389,0,-1,-1
22390,1,-2,-2
22391,0,-2,-2
22392,1,-2,-2
22393,1,-1,-1
22394,1,-1,-1
22395,1,-2,-2
22396,0,-2,-2
22397,1,-2,-2
22398,1,-2,-2
22399,1,-2,-2
22400,0,-2,-2
22401,1,-2,-2
22402,0,-2,-2
22403,1,-1,-1
22404,0,-2,-2
22405,1,-2,-2
22406,0,-2,-2
22407,0,-2,-2
22408,0,-1,-1
22409,0,-2,-2
22410,1,-2,-2
22411,1,-2,-2
22412,0,-2,-2
22413,1,-1,-1
22414,0,-2,-2
22415,0,-2,-2
22416,1,-2,-2
22417,0,-1,-1
22418,1,-2,-2
22419,0,-2,-2
22420,0,-2,-2
22421,0,-2,-2
22422,0,-2,-2
22423,1,-2,-2
22424,1,-2,-2
22425,1,-2,-2
22426,0,-1,-1
22427,0,-2,-2
22428,0,-2,-2
22429,0,-2,-2
22430,0,-2,-2
22431,0,-2,-2
22432,1,-2,-2
22433,0,-2,-2
22434,0,-2,-2
22435,0,-2,-2
22436,0,-2,-2
22437,0,-2,-2
22438,1,-1,-1
22439,0,-2,-2
22440,1,-2,-2
22441,0,-2,-2
22442,1,-2,-2
22443,1,-2,-2
22444,0,-2,-2
22445,0,-2,-2
22446,1,-2,-2
22447,1,-2,-2
22448,0,-2,-2
22449,1,-2,-2
22450,1,-2,-2
22451,1,-2,-2
22452,1,-2,-2
22453,0,-2,-2
22454,1,-2,-2
22455,0,-2,-2
22456,0,-2,-2
22457,1,-2,-2
22458,1,-2,-2
22459,1,-1,-1
22460,1,-2,-2
22461,0,-2,-2
22462,1,-2,-2
22463,1,-2,-2
22464,1,-2,-2
22465,0,-2,-2
22466,1,-1,-1
22467,1,-2,-2
22468,0,-2,-2
22469,0,-2,-2
22470,1,-2,-2
22471,0,-2,-2
22472,0,-2,-2
22473,0,-2,-2
22474,1,-2,-2
22475,0,-2,-2
22476,1,-2,-2
22477,1,-2,-2
22478,0,-2,-2
22479,0,-1,-1
22480,0,-2,-2
22481,0,-2,-2
22482,1,-1,-1
22483,0,-2,-2
22484,0,-1,-1
22485,1,-2,-2
22486,0,-2,-2
22487,1,-2,-2
22488,1,-2,-2
22489,1,-2,-2
22490,0,-2,-2
22491,0,-1,-1
22492,0,-1,-1
22493,1,-2,-2
22494,0,-2,-2
22495,1,-2,-2
22496,1,-2,-2
22497,1,-2,-2
22498,1,-2,-2
22499,0,-2,-2
22500,1,-1,-1
22501,1,-2,-2
22502,0,-2,-2
22503,1,-2,-2
22504,0,-2,-2
22505,0,-2,-2
22506,0,-2,-2
22507,0,-2,-2
22508,0,-2,-2
22509,0,-1,-1
22510,0,-1,-1
22511,1,-1,-1
22512,0,-2,-2
22513,1,-2,-2
22514,0,-1,-1
22515,1,-2,-2
22516,1,-1,-1
22517,1,-2,-2
22518,0,-2,-2
22519,0,-2,-2
22520,1,-2,-2
22521,1,-2,-2
22522,1,-2,-2
22523,1,-2,-2
22524,1,-2,-2
22525,1,-2,-2
22526,1,-1,-1
22527,1,-2,-2
22528,0,-2,-2
22529,1,-2,-2
22530,0,-2,-2
22531,1,-2,-2
22532,1,-1,-1
22533,0,-2,-2
22534,1,-2,-2
22535,0,-2,-2
22536,1,-2,-2
22537,0,-2,-2
22538,1,-2,-2
22539,1,-1,-1
22540,0,-2,-2
22541,1,-2,-2
22542,1,-2,-2
22543,1,-2,-2
22544,1,-2,-2
22545,1,-1,-1
22546,1,-2,-2
22547,1,-2,-2
22548,1,-2,-2
22549,0,-1,-1
22550,1,-2,-2
22551,1,-2,-2
22552,1,-2,-2
22553,0,-2,-2
22554,1,-2,-2
22555,1,-2,-2
22556,1,-1,-1
22557,1,-1,-1
22558,1,-2,-2
22559,0,-2,-2
22560,0,-2,-2
22561,0,-1,-1
22562,0,-1,-1
22563,1,-2,-2
22564,0,-2,-2
22565,0,-1,-1
22566,0,-2,-2
22567,1,-1,-1
22568,0,-2,-2
22569,0,-2,-2
22570,0,-2,-2
22571,0,-2,-2
22572,1,-2,-2
22573,1,-2,-2
22574,1,-2,-2
22575,0,-2,-2
22576,0,-2,-2
22577,0,-2,-2
22578,1,-1,-1
22579,1,-1,-1
22580,1,-1,-1
22581,1,-2,-2
22582,0,-2,-2
22583,1,-2,-2
22584,0,-2,-2
22585,1,-2,-2
22586,0,-2,-2
22587,0,-1,-1
22588,1,-2,-2
22589,1,-2,-2
22590,1,-2,-2
22591,0,-2,-2
22592,0,-2,-2
22593,1,-2,-2
22594,0,-2,-2
22595,0,-1,-1
22596,0,-2,-2
22597,0,-2,-2
22598,1,-2,-2
22599,1,-2,-2
22600,0,-2,-2
22601,0,-2,-2
22602,0,-1,-1
22603,0,-2,-2
22604,1,-2,-2
22605,1,-2,-2
22606,0,-2,-2
22607,0,-2,-2
22608,0,-1,-1
22609,0,-2,-2
22610,1,-1,-1
22611,0,-2,-2
22612,1,-2,-2
22613,1,-2,-2
22614,0,-2,-2
22615,0,-2,-2
22616,1,-2,-2
22617,1,-1,-1
22618,1,-2,-2
22619,0,-2,-2
22620,1,-2,-2
22621,0,-2,-2
22622,0,-1,-1
22623,1,-2,-2
22624,1,-2,-2
22625,1,-2,-2
22626,0,-2,-2
22627,1,-2,-2
22628,0,-2,-2
22629,0,-1,-1
22630,1,-2,-2
22631,0,-2,-2
22632,1,-2,-2
22633,1,-2,-2
22634,0,-2,-2
22635,1,-2,-2
22636,0,-1,-1
22637,1,-2,-2
22638,0,-2,-2
22639,0,-1,-1
22640,0,-2,-2
22641,1,-2,-2
22642,0,-2,-2
22643,1,-2,-2
22644,0,-2,-2
22645,0,-1,-1
22646,1,-2,-2
22647,0,-2,-2
22648,0,-2,-2
22649,1,-2,-2
22650,0,-1,-1
22651,1,-2,-2
22652,1,-2,-2
22653,1,-2,-2
22654,1,-2,-2
22655,1,-2,-2
22656,1,-1,-1
22657,0,-2,-2
22658,0,-2,-2
22659,1,-2,-2
22660,0,-2,-2
22661,1,-2,-2
22662,0,-1,-1
22663,0,-2,-2
22664,1,-2,-2
22665,1,-2,-2
22666,1,-2,-2
22667,1,-2,-2
22668,1,-2,-2
22669,0,-1,-1
22670,1,-2,-2
22671,0,-2,-2
22672,0,-2,-2
22673,0,-1,-1
22674,1,-1,-1
22675,1,-2,-2
22676,1,-1,-1
22677,0,-2,-2
22678,0,-2,-2
22679,1,-1,-1
22680,1,-2,-2
22681,1,-2,-2
22682,0,-1,-1
22683,0,-2,-2
22684,0,-2,-2
22685,1,-2,-2
22686,0,-2,-2
22687,0,-1,-1
22688,0,-2,-2
22689,0,-1,-1
22690,1,-2,-2
22691,1,-2,-2
22692,1,-2,-2
22693,1,-2,-2
22694,0,-2,-2
22695,0,-2,-2
22696,1,-2,-2
22697,0,-2,-2
22698,0,-2,-2
22699,1,-2,-2
22700,1,-2,-2
22701,0,-2,-2
22702,1,-2,-2
22703,0,-2,-2
22704,1,-2,-2
22705,0,-1,-1
22706,0,-2,-2
22707,0,-2,-2
22708,0,-2,-2
22709,1,-2,-2
22710,0,-2,-2
22711,1,-2,-2
22712,0,-2,-2
22713,1,-2,-2
22714,0,-2,-2
22715,0,-2,-2
22716,1,-2,-2
22717,0,-2,-2
22718,0,-2,-2
22719,1,-2,-2
22720,0,-2,-2
22721,1,-2,-2
22722,0,-2,-2
22723,1,-2,-2
22724,0,-2,-2
22725,1,-2,-2
22726,0,-2,-2
22727,0,-2,-2
22728,0,-1,-1
22729,1,-2,-2
22730,0,-2,-2
22731,0,-2,-2
22732,1,-2,-2
22733,0,-1,-1
22734,1,-2,-2
22735,1,-2,-2
22736,1,-2,-2
22737,0,-2,-2
22738,1,-2,-2
22739,0,-2,-2
22740,0,-2,-2
22741,0,-2,-2
22742,0,-2,-2
22743,1,-2,-2
22744,1,-1,-1
22745,0,-2,-2
22746,1,-2,-2
22747,0,-2,-2
22748,1,-2,-2
22749,0,-2,-2
22750,1,-1,-1
22751,1,-2,-2
22752,0,-1,-1
22753,0,-2,-2
22754,1,-2,-2
22755,0,-2,-2
22756,0,-1,-1
22757,0,-2,-2
22758,1,-2,-2
22759,1,-2,-2
22760,1,-2,-2
22761,0,-2,-2
22762,1,-2,-2
22763,0,-2,-2
22764,1,-2,-2
22765,0,-2,-2
22766,1,-2,-2
22767,0,-2,-2
22768,1,-2,-2
22769,0,-2,-2
22770,0,-2,-2
22771,1,-1,-1
22772,1,-2,-2
22773,1,-2,-2
22774,0,-1,-1
22775,1,-2,-2
22776,1,-2,-2
22777,1,-2,-2
22778,0,-1,-1
22779,1,-2,-2
22780,0,-1,-1
22781,1,-1,-1
22782,0,-1,-1
22783,0,-1,-1
22784,1,-2,-2
22785,1,-2,-2
22786,0,-2,-2
22787,0,-2,-2
22788,1,-2,-2
22789,0,-1,-1
22790,1,-2,-2
22791,1,-2,-2
22792,1,-2,-2
22793,0,-2,-2
22794,0,-2,-2
22795,0,-1,-1
22796,0,-2,-2
22797,1,-2,-2
22798,0,-2,-2
22799,0,-1,-1
22800,0,-2,-2
22801,1,-1,-1
22802,0,-1,-1
22803,1,-2,-2
22804,1,-2,-2
22805,0,-1,-1
22806,1,-1,-1
22807,0,-2,-2
22808,0,-1,-1
22809,0,-2,-2
22810,0,-2,-2
22811,1,-2,-2
22812,1,-1,-1
22813,0,-2,-2
22814,1,-2,-2
22815,0,-2,-2
22816,0,-2,-2
22817,0,-2,-2
22818,1,-2,-2
22819,1,-2,-2
22820,0,-2,-2
22821,0,-2,-2
22822,1,-2,-2
22823,1,-2,-2
22824,1,-2,-2
22825,0,-2,-2
22826,0,-2,-2
22827,1,-2,-2
22828,0,-1,-1
22829,1,-2,-2
22830,0,-1,-1
22831,1,-2,-2
22832,1,-2,-2
22833,1,-2,-2
22834,0,-1,-1
22835,1,-2,-2
22836,0,-1,-1
22837,0,-2,-2
22838,1,-2,-2
22839,1,-2,-2
22840,1,-2,-2
22841,0,-2,-2
22842,0,-1,-1
22843,0,-2,-2
22844,0,-2,-2
22845,0,-1,-1
22846,0,-2,-2
22847,1,-1,-1
22848,0,-2,-2
22849,1,-1,-1
22850,1,-2,-2
22851,0,-2,-2
22852,0,-2,-2
22853,1,-2,-2
22854,0,-2,-2
22855,1,-2,-2
22856,0,-2,-2
22857,1,-2,-2
22858,0,-1,-1
22859,0,-2,-2
22860,1,-2,-2
22861,0,-2,-2
22862,0,-2,-2
22863,1,-1,-1
22864,1,-2,-2
22865,1,-2,-2
22866,0,-2,-2
22867,0,-2,-2
22868,0,-2,-2
22869,1,-2,-2
22870,1,-1,-1
22871,1,-2,-2
22872,0,-2,-2
22873,1,-2,-2
22874,0,-2,-2
22875,1,-2,-2
22876,1,-2,-2
22877,0,-1,-1
22878,0,-2,-2
22879,1,-1,-1
22880,1,-2,-2
22881,0,-2,-2
22882,1,-2,-2
22883,1,-2,-2
22884,0,-2,-2
22885,1,-2,-2
22886,1,-1,-1
22887,0,-2,-2
22888,0,-2,-2
22889,0,-2,-2
22890,0,-2,-2
22891,1,-2,-2
22892,0,-2,-2
22893,0,-2,-2
22894,0,-1,-1
22895,0,-1,-1
22896,1,-2,-2
22897,0,-2,-2
22898,1,-1,-1
22899,1,-2,-2
22900,1,-2,-2
22901,0,-2,-2
22902,0,-1,-1
22903,1,-2,-2
22904,0,-2,-2
22905,1,-2,-2
22906,0,-1,-1
22907,1,-2,-2
22908,0,-2,-2
22909,0,-1,-1
22910,1,-2,-2
22911,1,-2,-2
22912,1,-2,-2
22913,0,-2,-2
22914,0,-2,-2
22915,0,-2,-2
22916,1,-2,-2
22917,1,-2,-2
22918,0,-2,-2
22919,0,-2,-2
22920,0,-2,-2
22921,1,-2,-2
22922,1,-2,-2
22923,1,-2,-2
22924,0,-1,-1
22925,0,-2,-2
22926,0,-2,-2
22927,0,-1,-1
22928,0,-2,-2
22929,1,-2,-2
22930,0,-1,-1
22931,0,-2,-2
22932,0,-2,-2
22933,1,-2,-2
22934,0,-2,-2
22935,1,-2,-2
22936,0,-2,-2
22937,0,-2,-2
22938,1,-2,-2
22939,0,-2,-2
22940,1,-2,-2
22941,1,-2,-2
22942,1,-2,-2
22943,0,-2,-2
22944,1,-2,-2
22945,1,-2,-2
22946,1,-1,-1
22947,0,-2,-2
22948,0,-2,-2
22949,0,-2,-2
22950,1,-1,-1
22951,0,-2,-2
22952,1,-2,-2
22953,0,-2,-2
22954,1,-2,-2
22955,0,-2,-2
22956,1,-2,-2
22957,1,-2,-2
22958,1,-2,-2
22959,1,-2,-2
22960,1,-2,-2
22961,0,-2,-2
22962,0,-2,-2
22963,0,-2,-2
22964,0,-2,-2
22965,1,-2,-2
22966,1,-2,-2
22967,1,-2,-2
22968,0,-1,-1
22969,0,-1,-1
22970,0,-2,-2
22971,0,-2,-2
22972,0,-2,-2
22973,1,-2,-2
22974,1,-1,-1
22975,0,-2,-2
22976,1,-2,-2
22977,1,-1,-1
22978,1,-2,-2
22979,0,-2,-2
22980,0,-2,-2
22981,1,-2,-2
22982,1,-2,-2
22983,1,-2,-2
22984,1,-2,-2
22985,1,-1,-1
22986,0,-2,-2
22987,1,-1,-1
22988,1,-2,-2
22989,0,-1,-1
22990,0,-2,-2
22991,1,-2,-2
22992,0,-2,-2
22993,0,-2,-2
22994,0,-2,-2
22995,0,-1,-1
22996,1,-2,-2
22997,0,-2,-2
22998,1,-2,-2
22999,0,-2,-2
23000,1,-2,-2
23001,1,-1,-1
23002,1,-2,-2
23003,0,-2,-2
23004,0,-2,-2
23005,1,-2,-2
23006,0,-2,-2
23007,0,-2,-2
23008,0,-1,-1
23009,1,-2,-2
23010,0,-2,-2
23011,0,-1,-1
23012,1,-2,-2
23013,0,-2,-2
23014,0,-1,-1
23015,0,-2,-2
23016,0,-2,-2
23017,0,-1,-1
23018,0,-2,-2
23019,0,-2,-2
23020,1,-2,-2
23021,1,-2,-2
23022,0,-2,-2
23023,0,-2,-2
23024,1,-2,-2
23025,0,-1,-1
23026,0,-2,-2
23027,0,-2,-2
23028,1,-1,-1
23029,1,-2,-2
23030,1,-2,-2
23031,0,-1,-1
23032,1,-1,-1
23033,1,-1,-1
23034,0,-2,-2
23035,0,-2,-2
23036,1,-1,-1
23037,0,-2,-2
23038,1,-2,-2
23039,1,-2,-2
23040,1,-2,-2
23041,0,-2,-2
23042,1,-2,-2
23043,0,-1,-1
23044,0,-2,-2
23045,1,-1,-1
23046,0,-2,-2
23047,1,-2,-2
23048,0,-2,-2
23049,1,-2,-2
23050,1,-2,-2
23051,1,-1,-1
23052,1,-2,-2
23053,0,-1,-1
23054,0,-1,-1
23055,1,-2,-2
23056,1,-2,-2
23057,0,-2,-2
23058,1,-2,-2
23059,0,-1,-1
23060,1,-2,-2
23061,1,-2,-2
23062,1,-1,-1
23063,0,-2,-2
23064,0,-2,-2
23065,1,-2,-2
23066,0,-2,-2
23067,1,-1,-1
23068,0,-2,-2
23069,0,-2,-2
23070,1,-2,-2
23071,0,-1,-1
23072,0,-2,-2
23073,0,-2,-2
23074,0,-2,-2
23075,1,-1,-1
23076,0,-2,-2
23077,0,-2,-2
23078,0,-2,-2
23079,0,-2,-2
23080,1,-1,-1
23081,0,-2,-2
23082,1,-1,-1
23083,0,-1,-1
23084,1,-2,-2
23085,1,-2,-2
23086,1,-2,-2
23087,1,-2,-2
23088,0,-1,-1
23089,1,-2,-2
23090,0,-2,-2
23091,1,-2,-2
23092,0,-2,-2
23093,0,-2,-2
23094,1,-2,-2
23095,0,-1,-1
23096,0,-2,-2
23097,1,-2,-2
23098,0,-1,-1
23099,1,-2,-2
23100,1,-2,-2
23101,1,-2,-2
23102,0,-2,-2
23103,1,-2,-2
23104,0,-2,-2
23105,1,-2,-2
23106,1,-2,-2
23107,1,-2,-2
23108,0,-2,-2
23109,1,-2,-2
23110,0,-2,-2
23111,0,-2,-2
23112,0,-2,-2
23113,1,-2,-2
23114,0,-1,-1
23115,0,-2,-2
23116,0,-2,-2
23117,0,-2,-2
23118,0,-2,-2
23119,1,-1,-1
23120,1,-1,-1
23121,0,-2,-2
23122,1,-2,-2
23123,1,-2,-2
23124,1,-1,-1
23125,1,-2,-2
23126,1,-1,-1
23127,1,-2,-2
23128,0,-2,-2
23129,0,-1,-1
23130,1,-2,-2
23131,0,-2,-2
23132,1,-1,-1
23133,1,-2,-2
23134,0,-2,-2
23135,0,-2,-2
23136,1,-1,-1
23137,0,-2,-2
23138,0,-1,-1
23139,0,-1,-1
23140,0,-2,-2
23141,0,-2,-2
23142,0,-2,-2
23143,1,-2,-2
23144,0,-2,-2
23145,0,-1,-1
23146,1,-2,-2
23147,1,-2,-2
23148,1,-2,-2
23149,1,-1,-1
23150,0,-1,-1
23151,1,-1,-1
23152,0,-2,-2
23153,1,-2,-2
23154,1,-2,-2
23155,1,-2,-2
23156,1,-2,-2
23157,1,-2,-2
23158,1,-1,-1
23159,1,-2,-2
23160,1,-2,-2
23161,0,-2,-2
23162,1,-2,-2
23163,1,-2,-2
23164,1,-2,-2
23165,1,-1,-1
23166,1,-2,-2
23167,1,-2,-2
23168,0,-2,-2
23169,1,-2,-2
23170,1,-2,-2
23171,0,-1,-1
23172,1,-1,-1
23173,0,-1,-1
23174,1,-2,-2
23175,1,-2,-2
23176,0,-2,-2
23177,1,-2,-2
23178,1,-2,-2
23179,1,-1,-1
23180,0,-2,-2
23181,1,-1,-1
23182,0,-2,-2
23183,1,-2,-2
23184,1,-2,-2
23185,0,-2,-2
23186,1,-1,-1
23187,0,-2,-2
23188,0,-2,-2
23189,0,-2,-2
23190,1,-2,-2
23191,1,-2,-2
23192,1,-2,-2
23193,0,-2,-2
23194,1,-2,-2
23195,0,-1,-1
23196,0,-2,-2
23197,0,-2,-2
23198,1,-2,-2
23199,0,-2,-2
23200,0,-2,-2
23201,1,-2,-2
23202,1,-2,-2
23203,0,-2,-2
23204,1,-2,-2
23205,1,-1,-1
23206,1,-1,-1
23207,1,-2,-2
23208,0,-2,-2
23209,0,-2,-2
23210,0,-2,-2
23211,1,-2,-2
23212,1,-2,-2
23213,1,-1,-1
23214,1,-2,-2
23215,0,-2,-2
23216,1,-2,-2
23217,1,-2,-2
23218,1,-2,-2
23219,1,-2,-2
23220,0,-2,-2
23221,0,-2,-2
23222,0,-1,-1
23223,1,-2,-2
23224,1,-2,-2
23225,0,-2,-2
23226,0,-2,-2
23227,1,-1,-1
23228,0,-2,-2
23229,1,-2,-2
23230,0,-2,-2
23231,0,-2,-2
23232,0,-1,-1
23233,1,-2,-2
23234,1,-2,-2
23235,0,-1,-1
23236,0,-2,-2
23237,0,-2,-2
23238,1,-2,-2
23239,1,-2,-2
23240,1,-2,-2
23241,0,-2,-2
23242,1,-2,-2
23243,0,-2,-2
23244,1,-2,-2
23245,1,-1,-1
23246,1,-1,-1
23247,0,-2,-2
23248,0,-1,-1
23249,0,-2,-2
23250,0,-2,-2
23251,0,-2,-2
23252,0,-2,-2
23253,0,-2,-2
23254,0,-2,-2
23255,0,-1,-1
23256,1,-2,-2
23257,0,-2,-2
23258,1,-1,-1
23259,1,-1,-1
23260,0,-2,-2
23261,1,-1,-1
23262,0,-1,-1
23263,1,-2,-2
23264,1,-1,-1
23265,0,-2,-2
23266,0,-1,-1
23267,0,-2,-2
23268,1,-2,-2
23269,0,-2,-2
23270,0,-2,-2
23271,1,-1,-1
23272,0,-2,-2
23273,0,-2,-2
23274,1,-1,-1
23275,1,-2,-2
23276,0,-2,-2
23277,1,-1,-1
23278,1,-2,-2
23279,1,-2,-2
23280,1,-2,-2
23281,0,-2,-2
23282,0,-2,-2
23283,1,-2,-2
23284,0,-2,-2
23285,0,-2,-2
23286,0,-2,-2
23287,1,-2,-2
23288,1,-2,-2
23289,1,-2,-2
23290,1,-2,-2
23291,0,-2,-2
23292,0,-2,-2
23293,1,-2,-2
23294,1,-2,-2
23295,1,-2,-2
23296,1,-2,-2
23297,0,-2,-2
23298,0,-1,-1
23299,0,-2,-2
23300,0,-2,-2
23301,1,-2,-2
23302,1,-1,-1
23303,0,-2,-2
23304,0,-1,-1
23305,0,-2,-2
23306,1,-1,-1
23307,0,-2,-2
23308,0,-2,-2
23309,0,-2,-2
23310,1,-2,-2
23311,0,-2,-2
23312,0,-1,-1
23313,1,-2,-2
23314,1,-2,-2
23315,0,-2,-2
23316,0,-2,-2
23317,0,-1,-1
23318,0,-2,-2
23319,0,-2,-2
23320,1,-2,-2
23321,0,-2,-2
23322,1,-2,-2
23323,0,-2,-2
23324,1,-2,-2
23325,1,-2,-2
23326,1,-2,-2
23327,1,-2,-2
23328,0,-2,-2
23329,0,-2,-2
23330,0,-2,-2
23331,0,-2,-2
23332,0,-2,-2
23333,0,-2,-2
23334,0,-2,-2
23335,0,-1,-1
23336,0,-2,-2
23337,1,-2,-2
23338,1,-1,-1
23339,1,-2,-2
23340,0,-2,-2
23341,0,-2,-2
23342,0,-2,-2
23343,1,-2,-2
23344,1,-2,-2
23345,1,-1,-1
23346,0,-1,-1
23347,0,-2,-2
23348,0,-2,-2
23349,0,-2,-2
23350,0,-2,-2
23351,1,-2,-2
23352,1,-1,-1
23353,0,-2,-2
23354,0,-2,-2
23355,1,-2,-2
23356,1,-2,-2
23357,0,-1,-1
23358,0,-2,-2
23359,1,-2,-2
23360,1,-2,-2
23361,1,-1,-1
23362,0,-2,-2
23363,0,-2,-2
23364,1,-2,-2
23365,1,-1,-1
23366,0,-2,-2
23367,0,-2,-2
23368,0,-2,-2
23369,0,-2,-2
23370,0,-2,-2
23371,0,-2,-2
23372,1,-2,-2
23373,0,-2,-2
23374,1,-1,-1
23375,1,-2,-2
23376,1,-2,-2
23377,1,-2,-2
23378,1,-2,-2
23379,0,-2,-2
23380,0,-2,-2
23381,0,-2,-2
23382,0,-1,-1
23383,0,-2,-2
23384,1,-1,-1
23385,0,-2,-2
23386,1,-1,-1
23387,0,-2,-2
23388,1,-2,-2
23389,1,-2,-2
23390,1,-2,-2
23391,1,-2,-2
23392,1,-2,-2
23393,0,-2,-2
23394,0,-1,-1
23395,0,-2,-2
23396,0,-2,-2
23397,1,-2,-2
23398,1,-2,-2
23399,0,-2,-2
23400,0,-1,-1
23401,1,-1,-1
23402,1,-2,-2
23403,0,-2,-2
23404,1,-2,-2
23405,0,-2,-2
23406,0,-2,-2
23407,1,-1,-1
23408,1,-2,-2
23409,1,-2,-2
23410,0,-1,-1
23411,0,-2,-2
23412,1,-1,-1
23413,0,-2,-2
23414,0,-2,-2
23415,0,-2,-2
23416,1,-1,-1
23417,1,-1,-1
23418,0,-2,-2
23419,1,-2,-2
23420,0,-2,-2
23421,1,-2,-2
23422,0,-2,-2
23423,1,-2,-2
23424,0,-2,-2
23425,0,-2,-2
23426,1,-2,-2
23427,0,-1,-1
23428,1,-2,-2
23429,0,-2,-2
23430,1,-2,-2
23431,1,-1,-1
23432,0,-2,-2
23433,1,-2,-2
23434,1,-2,-2
23435,0,-1,-1
23436,0,-1,-1
23437,0,-2,-2
23438,0,-1,-1
23439,0,-2,-2
23440,0,-1,-1
23441,0,-2,-2
23442,0,-2,-2
23443,1,-2,-2
23444,1,-2,-2
23445,0,-2,-2
23446,0,-1,-1
23447,1,-2,-2
23448,0,-1,-1
23449,0,-2,-2
23450,0,-2,-2
23451,1,-1,-1
23452,0,-1,-1
23453,0,-2,-2
23454,0,-2,-2
23455,0,-2,-2
23456,0,-2,-2
23457,0,-2,-2
23458,1,-2,-2
23459,1,-1,-1
23460,0,-1,-1
23461,0,-2,-2
23462,1,-2,-2
23463,1,-2,-2
23464,0,-2,-2
23465,0,-2,-2
23466,1,-2,-2
23467,0,-2,-2
23468,1,-2,-2
23469,1,-2,-2
23470,0,-2,-2
23471,1,-2,-2
23472,0,-2,-2
23473,1,-2,-2
23474,0,-2,-2
23475,1,-2,-2
23476,1,-2,-2
23477,0,-1,-1
23478,0,-2,-2
23479,0,-2,-2
23480,1,-2,-2
23481,0,-2,-2
23482,1,-2,-2
23483,0,-2,-2
23484,0,-1,-1
23485,0,-2,-2
23486,1,-2,-2
23487,0,-1,-1
23488,0,-2,-2
23489,1,-2,-2
23490,1,-1,-1
23491,1,-2,-2
23492,1,-2,-2
23493,0,-2,-2
23494,0,-2,-2
23495,1,-1,-1
23496,0,-2,-2
23497,1,-1,-1
23498,1,-2,-2
23499,0,-2,-2
23500,0,-2,-2
23501,1,-2,-2
23502,0,-1,-1
23503,1,-2,-2
23504,1,-2,-2
23505,1,-2,-2
23506,0,-2,-2
23507,1,-2,-2
23508,1,-1,-1
23509,0,-2,-2
23510,1,-1,-1
23511,0,-2,-2
23512,1,-2,-2
23513,1,-2,-2
23514,1,-2,-2
23515,0,-2,-2
23516,1,-2,-2
23517,1,-2,-2
23518,0,-1,-1
23519,0,-2,-2
23520,0,-2,-2
23521,0,-2,-2
23522,0,-2,-2
23523,0,-2,-2
23524,0,-2,-2
23525,1,-1,-1
23526,1,-2,-2
23527,1,-1,-1
23528,1,-1,-1
23529,0,-2,-2
23530,1,-1,-1
23531,0,-1,-1
23532,0,-2,-2
23533,0,-2,-2
23534,1,-1,-1
23535,0,-2,-2
23536,1,-2,-2
23537,1,-2,-2
23538,0,-1,-1
23539,1,-2,-2
23540,1,-2,-2
23541,1,-2,-2
23542,1,-2,-2
23543,1,-2,-2
23544,1,-2,-2
23545,1,-2,-2
23546,1,-2,-2
23547,1,-2,-2
23548,1,-2,-2
23549,1,-2,-2
23550,0,-2,-2
23551,0,-1,-1
23552,0,-1,-1
23553,1,-2,-2
23554,1,-2,-2
23555,0,-2,-2
23556,1,-2,-2
23557,1,-2,-2
23558,0,-2,-2
23559,0,-1,-1
23560,0,-2,-2
23561,0,-2,-2
23562,0,-2,-2
23563,0,-1,-1
23564,0,-2,-2
23565,1,-2,-2
23566,1,-2,-2
23567,1,-2,-2
23568,1,-2,-2
23569,1,-2,-2
23570,0,-2,-2
23571,0,-2,-2
23572,0,-2,-2
23573,1,-2,-2
23574,0,-2,-2
23575,0,-2,-2
23576,1,-2,-2
23577,0,-1,-1
23578,0,-2,-2
23579,0,-2,-2
23580,0,-2,-2
23581,1,-2,-2
23582,1,-1,-1
23583,1,-2,-2
23584,1,-2,-2
23585,0,-2,-2
23586,0,-2,-2
23587,0,-2,-2
23588,0,-2,-2
23589,0,-2,-2
23590,0,-1,-1
23591,0,-2,-2
23592,1,-2,-2
23593,0,-2,-2
23594,0,-1,-1
23595,1,-2,-2
23596,0,-2,-2
23597,1,-1,-1
23598,1,-1,-1
23599,0,-2,-2
23600,1,-2,-2
23601,0,-1,-1
23602,1,-1,-1
23603,1,-2,-2
23604,1,-2,-2
23605,0,-2,-2
23606,0,-1,-1
23607,1,-2,-2
23608,1,-2,-2
23609,1,-1,-1
23610,0,-2,-2
23611,0,-1,-1
23612,0,-1,-1
23613,0,-2,-2
23614,0,-2,-2
23615,1,-2,-2
23616,1,-2,-2
23617,1,-2,-2
23618,0,-2,-2
23619,1,-2,-2
23620,0,-2,-2
23621,1,-2,-2
23622,0,-2,-2
23623,0,-2,-2
23624,1,-2,-2
23625,1,-2,-2
23626,0,-2,-2
23627,1,-2,-2
23628,0,-2,-2
23629,0,-2,-2
23630,0,-2,-2
23631,1,-2,-2
23632,0,-2,-2
23633,1,-2,-2
23634,0,-2,-2
23635,1,-2,-2
23636,1,-2,-2
23637,0,-1,-1
23638,0,-2,-2
23639,0,-2,-2
23640,0,-2,-2
23641,1,-2,-2
23642,1,-2,-2
23643,0,-1,-1
23644,0,-2,-2
23645,1,-2,-2
23646,0,-1,-1
23647,1,-2,-2
23648,1,-1,-1
23649,0,-2,-2
23650,1,-2,-2
23651,0,-2,-2
23652,0,-2,-2
23653,1,-2,-2
23654,1,-2,-2
23655,1,-2,-2
23656,1,-2,-2
23657,1,-2,-2
23658,0,-2,-2
23659,1,-2,-2
23660,1,-2,-2
23661,0,-2,-2
23662,1,-2,-2
23663,1,-1,-1
23664,1,-1,-1
23665,1,-2,-2
23666,1,-1,-1
23667,1,-1,-1
23668,0,-2,-2
23669,0,-2,-2
23670,0,-2,-2
23671,1,-2,-2
23672,0,-2,-2
23673,0,-2,-2
23674,0,-2,-2
23675,0,-2,-2
23676,1,-2,-2
23677,1,-2,-2
23678,0,-2,-2
23679,1,-2,-2
23680,1,-1,-1
23681,0,-2,-2
23682,0,-2,-2
23683,1,-2,-2
23684,1,-2,-2
23685,1,-1,-1
23686,1,-1,-1
23687,0,-2,-2
23688,0,-2,-2
23689,0,-2,-2
23690,0,-2,-2
23691,1,-2,-2
23692,0,-2,-2
23693,1,-1,-1
23694,1,-2,-2
23695,1,-2,-2
23696,0,-1,-1
23697,0,-2,-2
23698,1,-2,-2
23699,0,-2,-2
23700,1,-1,-1
23701,0,-2,-2
23702,1,-2,-2
23703,1,-2,-2
23704,0,-2,-2
23705,0,-2,-2
23706,0,-2,-2
23707,1,-2,-2
23708,0,-2,-2
23709,1,-2,-2
23710,0,-2,-2
23711,0,-1,-1
23712,0,-2,-2
23713,0,-2,-2
23714,0,-2,-2
23715,1,-2,-2
23716,1,-2,-2
23717,1,-2,-2
23718,1,-2,-2
23719,1,-2,-2
23720,1,-1,-1
23721,1,-2,-2
23722,1,-2,-2
23723,0,-2,-2
23724,1,-2,-2
23725,0,-2,-2
23726,0,-2,-2
23727,0,-2,-2
23728,0,-2,-2
23729,1,-2,-2
23730,1,-2,-2
23731,0,-1,-1
23732,0,-1,-1
23733,0,-1,-1
23734,0,-2,-2
23735,0,-2,-2
23736,0,-2,-2
23737,1,-1,-1
23738,0,-2,-2
23739,0,-2,-2
23740,1,-2,-2
23741,1,-2,-2
23742,0,-2,-2
23743,1,-2,-2
23744,1,-2,-2
23745,1,-1,-1
23746,0,-1,-1
23747,0,-2,-2
23748,1,-1,-1
23749,1,-2,-2
23750,0,-1,-1
23751,0,-2,-2
23752,0,-2,-2
23753,0,-1,-1
23754,1,-2,-2
23755,0,-2,-2
23756,1,-2,-2
23757,0,-1,-1
23758,0,-2,-2
23759,0,-1,-1
23760,1,-2,-2
23761,1,-1,-1
23762,0,-2,-2
23763,1,-2,-2
23764,0,-2,-2
23765,1,-2,-2
23766,0,-1,-1
23767,0,-1,-1
23768,0,-2,-2
23769,0,-2,-2
23770,1,-2,-2
23771,0,-2,-2
23772,0,-2,-2
23773,0,-2,-2
23774,0,-2,-2
23775,0,-2,-2
23776,1,-1,-1
23777,1,-2,-2
23778,1,-2,-2
23779,0,-2,-2
23780,0,-2,-2
23781,0,-1,-1
23782,0,-2,-2
23783,1,-2,-2
23784,0,-2,-2
23785,1,-2,-2
23786,0,-2,-2
23787,0,-2,-2
23788,0,-2,-2
23789,0,-2,-2
23790,0,-2,-2
23791,0,-2,-2
23792,0,-2,-2
23793,0,-2,-2
23794,0,-1,-1
23795,0,-2,-2
23796,1,-2,-2
23797,1,-2,-2
23798,0,-2,-2
23799,0,-2,-2
23800,0,-1,-1
23801,0,-2,-2
23802,0,-1,-1
23803,1,-1,-1
23804,1,-2,-2
23805,1,-2,-2
23806,1,-2,-2
23807,0,-2,-2
23808,1,-2,-2
23809,0,-2,-2
23810,0,-2,-2
23811,1,-2,-2
23812,0,-2,-2
23813,0,-2,-2
23814,0,-2,-2
23815,1,-2,-2
23816,0,-2,-2
23817,1,-2,-2
23818,1,-2,-2
23819,1,-2,-2
23820,0,-2,-2
23821,1,-2,-2
23822,0,-2,-2
23823,0,-2,-2
23824,1,-2,-2
23825,0,-2,-2
23826,0,-2,-2
23827,1,-1,-1
23828,1,-2,-2
23829,0,-2,-2
23830,1,-2,-2
23831,1,-1,-1
23832,1,-2,-2
23833,0,-2,-2
23834,0,-2,-2
23835,1,-2,-2
23836,0,-2,-2
23837,1,-2,-2
23838,0,-2,-2
23839,0,-1,-1
23840,1,-2,-2
23841,1,-1,-1
23842,1,-2,-2
23843,0,-2,-2
23844,1,-2,-2
23845,1,-2,-2
23846,0,-2,-2
23847,0,-2,-2
23848,0,-2,-2
23849,1,-1,-1
23850,1,-2,-2
23851,1,-1,-1
23852,0,-2,-2
23853,1,-2,-2
23854,1,-2,-2
23855,0,-2,-2
23856,1,-2,-2
23857,0,-1,-1
23858,1,-2,-2
23859,0,-1,-1
23860,0,-2,-2
23861,0,-2,-2
23862,1,-2,-2
23863,1,-2,-2
23864,1,-2,-2
23865,0,-2,-2
23866,0,-2,-2
23867,0,-2,-2
23868,1,-2,-2
23869,1,-2,-2
23870,1,-2,-2
23871,1,-1,-1
23872,0,-2,-2
23873,0,-2,-2
23874,1,-2,-2
23875,0,-2,-2
23876,0,-1,-1
23877,1,-1,-1
23878,1,-1,-1
23879,1,-2,-2
23880,1,-2,-2
23881,0,-2,-2
23882,1,-2,-2
23883,0,-2,-2
23884,0,-2,-2
23885,0,-2,-2
23886,0,-2,-2
23887,1,-2,-2
23888,0,-2,-2
23889,0,-2,-2
23890,0,-2,-2
23891,0,-2,-2
23892,0,-2,-2
23893,1,-2,-2
23894,0,-2,-2
23895,0,-2,-2
23896,0,-1,-1
23897,0,-2,-2
23898,1,-2,-2
23899,1,-2,-2
23900,1,-2,-2
23901,1,-1,-1
23902,0,-1,-1
23903,1,-1,-1
23904,1,-2,-2
23905,1,-2,-2
23906,0,-2,-2
23907,1,-2,-2
23908,1,-2,-2
23909,1,-2,-2
23910,1,-1,-1
23911,0,-1,-1
23912,1,-2,-2
23913,0,-2,-2
23914,1,-2,-2
23915,1,-2,-2
23916,0,-2,-2
23917,0,-2,-2
23918,0,-2,-2
23919,0,-2,-2
23920,1,-2,-2
23921,0,-2,-2
23922,0,-2,-2
23923,1,-2,-2
23924,0,-1,-1
23925,1,-2,-2
23926,0,-2,-2
23927,1,-1,-1
23928,0,-2,-2
23929,1,-2,-2
23930,0,-2,-2
23931,1,-2,-2
23932,0,-2,-2
23933,1,-2,-2
23934,1,-2,-2
23935,0,-1,-1
23936,1,-2,-2
23937,1,-2,-2
23938,0,-2,-2
23939,1,-2,-2
23940,1,-2,-2
23941,0,-2,-2
23942,0,-2,-2
23943,1,-1,-1
23944,0,-2,-2
23945,0,-2,-2
23946,0,-1,-1
23947,0,-2,-2
23948,1,-2,-2
23949,1,-1,-1
23950,0,-1,-1
23951,1,-2,-2
23952,0,-2,-2
23953,1,-1,-1
23954,0,-2,-2
23955,0,-2,-2
23956,0,-2,-2
23957,1,-1,-1
23958,1,-2,-2
23959,1,-2,-2
23960,1,-2,-2
23961,0,-2,-2
23962,0,-2,-2
23963,0,-2,-2
23964,1,-1,-1
23965,1,-2,-2
23966,1,-2,-2
23967,1,-2,-2
23968,0,-1,-1
23969,0,-2,-2
23970,0,-2,-2
23971,1,-2,-2
23972,0,-1,-1
23973,0,-2,-2
23974,1,-2,-2
23975,0,-2,-2
23976,1,-1,-1
23977,1,-2,-2
23978,1,-2,-2
23979,0,-2,-2
23980,0,-2,-2
23981,0,-2,-2
23982,1,-2,-2
23983,0,-1,-1
23984,0,-2,-2
23985,0,-2,-2
23986,0,-2,-2
23987,1,-2,-2
23988,0,-1,-1
23989,1,-2,-2
23990,0,-2,-2
23991,0,-1,-1
23992,0,-1,-1
23993,0,-2,-2
23994,1,-2,-2
23995,0,-2,-2
23996,0,-2,-2
23997,0,-1,-1
23998,1,-2,-2
23999,0,-2,-2
24000,0,-2,-2
24001,0,-2,-2
24002,0,-2,-2
24003,0,-2,-2
24004,1,-2,-2
24005,1,-2,-2
24006,0,-2,-2
24007,1,-2,-2
24008,0,-2,-2
24009,1,-2,-2
24010,1,-2,-2
24011,0,-1,-1
24012,1,-2,-2
24013,0,-2,-2
24014,1,-2,-2
24015,0,-1,-1
24016,1,-2,-2
24017,1,-2,-2
24018,0,-1,-1
24019,1,-1,-1
24020,1,-2,-2
24021,0,-2,-2
24022,0,-2,-2
24023,0,-1,-1
24024,1,-2,-2
24025,1,-1,-1
24026,1,-2,-2
24027,0,-2,-2
24028,1,-2,-2
24029,1,-2,-2
24030,1,-2,-2
24031,1,-2,-2
24032,0,-2,-2
24033,0,-2,-2
24034,0,-2,-2
24035,1,-2,-2
24036,1,-2,-2
24037,0,-1,-1
24038,1,-2,-2
24039,0,-2,-2
24040,0,-2,-2
24041,0,-2,-2
24042,0,-2,-2
24043,1,-2,-2
24044,0,-2,-2
24045,0,-1,-1
24046,0,-2,-2
24047,0,-2,-2
24048,0,-2,-2
24049,1,-2,-2
24050,0,-2,-2
24051,0,-2,-2
24052,0,-2,-2
24053,0,-2,-2
24054,1,-1,-1
24055,0,-1,-1
24056,0,-1,-1
24057,1,-2,-2
24058,1,-2,-2
24059,1,-2,-2
24060,0,-2,-2
24061,1,-1,-1
24062,1,-1,-1
24063,1,-2,-2
24064,1,-2,-2
24065,0,-2,-2
24066,1,-2,-2
24067,1,-2,-2
24068,1,-2,-2
24069,1,-2,-2
24070,0,-2,-2
24071,0,-2,-2
24072,1,-2,-2
24073,0,-1,-1
24074,1,-1,-1
24075,0,-2,-2
24076,1,-2,-2
24077,0,-2,-2
24078,0,-2,-2
24079,1,-2,-2
24080,0,-1,-1
24081,1,-2,-2
24082,1,-2,-2
24083,0,-2,-2
24084,1,-2,-2
24085,1,-1,-1
24086,0,-2,-2
24087,1,-2,-2
24088,0,-2,-2
24089,0,-2,-2
24090,0,-2,-2
24091,1,-2,-2
24092,0,-2,-2
24093,1,-2,-2
24094,0,-2,-2
24095,1,-2,-2
24096,0,-2,-2
24097,1,-2,-2
24098,1,-1,-1
24099,1,-2,-2
24100,1,-2,-2
24101,1,-2,-2
24102,1,-1,-1
24103,1,-2,-2
24104,1,-1,-1
24105,1,-2,-2
24106,1,-1,-1
24107,0,-2,-2
24108,0,-2,-2
24109,1,-2,-2
24110,0,-1,-1
24111,1,-2,-2
24112,1,-2,-2
24113,0,-1,-1
24114,1,-1,-1
24115,1,-2,-2
24116,0,-1,-1
24117,0,-1,-1
24118,1,-2,-2
24119,0,-2,-2
24120,0,-1,-1
24121,1,-1,-1
24122,0,-2,-2
24123,0,-2,-2
24124,1,-2,-2
24125,1,-2,-2
24126,1,-2,-2
24127,0,-2,-2
24128,0,-2,-2
24129,0,-2,-2
24130,0,-2,-2
24131,0,-1,-1
24132,1,-2,-2
24133,1,-2,-2
24134,0,-2,-2
24135,1,-2,-2
24136,0,-1,-1
24137,1,-1,-1
24138,1,-1,-1
24139,0,-2,-2
24140,1,-2,-2
24141,0,-2,-2
24142,0,-2,-2
24143,1,-2,-2
24144,1,-2,-2
24145,0,-1,-1
24146,1,-2,-2
24147,0,-2,-2
24148,1,-2,-2
24149,1,-2,-2
24150,1,-2,-2
24151,1,-2,-2
24152,0,-2,-2
24153,1,-2,-2
24154,0,-2,-2
24155,1,-2,-2
24156,0,-2,-2
24157,0,-2,-2
24158,0,-2,-2
24159,1,-2,-2
24160,1,-1,-1
24161,1,-2,-2
24162,0,-1,-1
24163,1,-2,-2
24164,0,-2,-2
24165,0,-1,-1
24166,0,-2,-2
24167,0,-2,-2
24168,0,-2,-2
24169,1,-2,-2
24170,1,-2,-2
24171,1,-2,-2
24172,1,-2,-2
24173,1,-1,-1
24174,1,-2,-2
24175,1,-2,-2
24176,1,-2,-2
24177,1,-2,-2
24178,0,-2,-2
24179,0,-2,-2
24180,0,-2,-2
24181,1,-2,-2
24182,0,-1,-1
24183,0,-2,-2
24184,1,-2,-2
24185,0,-2,-2
24186,0,-2,-2
24187,1,-2,-2
24188,0,-2,-2
24189,1,-1,-1
24190,1,-2,-2
24191,1,-2,-2
24192,0,-2,-2
24193,1,-2,-2
24194,0,-2,-2
24195,0,-2,-2
24196,0,-2,-2
24197,0,-1,-1
24198,0,-2,-2
24199,0,-1,-1
24200,1,-2,-2
24201,0,-1,-1
24202,0,-2,-2
24203,1,-1,-1
24204,0,-2,-2
24205,1,-1,-1
24206,0,-1,-1
24207,1,-2,-2
24208,0,-2,-2
24209,0,-2,-2
24210,1,-2,-2
24211,1,-2,-2
24212,0,-2,-2
24213,1,-1,-1
24214,0,-2,-2
24215,0,-2,-2
24216,1,-2,-2
24217,0,-2,-2
24218,1,-1,-1
24219,1,-2,-2
24220,0,-2,-2
24221,1,-2,-2
24222,1,-2,-2
24223,1,-1,-1
24224,1,-2,-2
24225,1,-2,-2
24226,0,-1,-1
24227,1,-1,-1
24228,1,-2,-2
24229,0,-2,-2
24230,0,-2,-2
24231,1,-2,-2
24232,1,-2,-2
24233,0,-2,-2
24234,1,-1,-1
24235,1,-2,-2
24236,0,-1,-1
24237,1,-2,-2
24238,0,-2,-2
24239,1,-2,-2
24240,1,-2,-2
24241,1,-1,-1
24242,1,-2,-2
24243,0,-2,-2
24244,1,-2,-2
24245,1,-2,-2
24246,1,-2,-2
24247,1,-2,-2
24248,1,-2,-2
24249,0,-1,-1
24250,1,-2,-2
24251,0,-2,-2
24252,0,-2,-2
24253,1,-1,-1
24254,0,-2,-2
24255,0,-1,-1
24256,1,-2,-2
24257,0,-1,-1
24258,0,-2,-2
24259,1,-2,-2
24260,0,-1,-1
24261,1,-2,-2
24262,0,-2,-2
24263,0,-1,-1
24264,1,-2,-2
24265,0,-2,-2
24266,0,-2,-2
24267,1,-1,-1
24268,0,-2,-2
24269,1,-2,-2
24270,0,-2,-2
24271,1,-2,-2
24272,1,-1,-1
24273,1,-2,-2
24274,1,-2,-2
24275,1,-2,-2
24276,0,-2,-2
24277,1,-2,-2
24278,0,-1,-1
24279,1,-2,-2
24280,1,-2,-2
24281,0,-2,-2
24282,0,-2,-2
24283,0,-1,-1
24284,0,-2,-2
24285,0,-2,-2
24286,1,-2,-2
24287,0,-2,-2
24288,1,-1,-1
24289,0,-2,-2
24290,0,-2,-2
24291,1,-2,-2
24292,0,-2,-2
24293,1,-1,-1
24294,0,-2,-2
24295,0,-2,-2
24296,1,-1,-1
24297,0,-2,-2
24298,0,-1,-1
24299,1,-2,-2
24300,1,-2,-2
24301,1,-2,-2
24302,1,-2,-2
24303,0,-2,-2
24304,1,-2,-2
24305,0,-1,-1
24306,1,-2,-2
24307,0,-2,-2
24308,1,-2,-2
24309,0,-2,-2
24310,0,-2,-2
24311,1,-2,-2
24312,0,-2,-2
24313,0,-1,-1
24314,1,-2,-2
24315,0,-1,-1
24316,0,-2,-2
24317,1,-2,-2
24318,1,-2,-2
24319,0,-2,-2
24320,0,-1,-1
24321,0,-2,-2
24322,1,-2,-2
24323,0,-1,-1
24324,0,-1,-1
24325,1,-1,-1
24326,1,-2,-2
24327,1,-2,-2
24328,1,-2,-2
24329,0,-2,-2
24330,0,-2,-2
24331,1,-2,-2
24332,0,-2,-2
24333,0,-2,-2
24334,1,-1,-1
24335,1,-2,-2
24336,0,-1,-1
24337,0,-2,-2
24338,1,-2,-2
24339,0,-2,-2
24340,1,-2,-2
24341,1,-2,-2
24342,0,-2,-2
24343,0,-2,-2
24344,1,-2,-2
24345,1,-2,-2
24346,1,-2,-2
24347,1,-2,-2
24348,0,-1,-1
24349,0,-2,-2
24350,1,-2,-2
24351,0,-2,-2
24352,0,-2,-2
24353,1,-2,-2
24354,0,-2,-2
24355,0,-2,-2
24356,0,-2,-2
24357,1,-2,-2
24358,0,-2,-2
24359,1,-2,-2
24360,0,-2,-2
24361,0,-1,-1
24362,1,-1,-1
24363,0,-2,-2
24364,1,-2,-2
24365,0,-2,-2
24366,0,-2,-2
24367,1,-2,-2
24368,1,-2,-2
24369,1,-2,-2
24370,0,-1,-1
24371,1,-1,-1
24372,0,-2,-2
24373,1,-1,-1
24374,1,-2,-2
24375,0,-2,-2
24376,1,-1,-1
24377,0,-2,-2
24378,0,-1,-1
24379,1,-2,-2
24380,1,-1,-1
24381,0,-1,-1
24382,1,-1,-1
24383,1,-2,-2
24384,0,-1,-1
24385,1,-2,-2
24386,0,-2,-2
24387,0,-2,-2
24388,1,-1,-1
24389,1,-2,-2
24390,0,-2,-2
24391,0,-2,-2
24392,1,-2,-2
24393,0,-2,-2
24394,1,-2,-2
24395,1,-1,-1
24396,1,-1,-1
24397,1,-1,-1
24398,1,-2,-2
24399,1,-2,-2
24400,0,-1,-1
24401,0,-2,-2
24402,1,-2,-2
24403,1,-2,-2
24404,1,-2,-2
24405,0,-2,-2
24406,1,-2,-2
24407,0,-1,-1
24408,0,-2,-2
24409,1,-2,-2
24410,0,-2,-2
24411,0,-1,-1
24412,0,-1,-1
24413,1,-2,-2
24414,1,-2,-2
24415,1,-1,-1
24416,1,-2,-2
24417,0,-2,-2
24418,1,-2,-2
24419,0,-1,-1
24420,0,-2,-2
24421,1,-2,-2
24422,1,-2,-2
24423,1,-1,-1
24424,0,-2,-2
24425,0,-2,-2
24426,1,-2,-2
24427,0,-2,-2
24428,1,-2,-2
24429,0,-2,-2
24430,0,-1,-1
24431,0,-2,-2
24432,1,-2,-2
24433,0,-1,-1
24434,1,-2,-2
24435,1,-2,-2
24436,0,-2,-2
24437,0,-2,-2
24438,1,-2,-2
24439,1,-2,-2
24440,0,-2,-2
24441,0,-2,-2
24442,1,-2,-2
24443,1,-2,-2
24444,0,-2,-2
24445,1,-2,-2
24446,0,-1,-1
24447,0,-2,-2
24448,1,-2,-2
24449,1,-2,-2
24450,1,-2,-2
24451,1,-2,-2
24452,0,-1,-1
24453,0,-1,-1
24454,1,-2,-2
24455,1,-1,-1
24456,0,-2,-2
24457,1,-2,-2
24458,1,-2,-2
24459,1,-2,-2
24460,0,-2,-2
24461,1,-2,-2
24462,1,-2,-2
24463,0,-1,-1
24464,0,-2,-2
24465,1,-2,-2
24466,1,-2,-2
24467,0,-2,-2
24468,1,-2,-2
24469,0,-2,-2
24470,1,-2,-2
24471,1,-2,-2
24472,0,-2,-2
24473,0,-2,-2
24474,0,-2,-2
24475,0,-2,-2
24476,0,-2,-2
24477,0,-2,-2
24478,0,-2,-2
24479,0,-2,-2
24480,1,-2,-2
24481,0,-2,-2
24482,0,-2,-2
24483,1,-2,-2
24484,0,-2,-2
24485,1,-2,-2
24486,0,-2,-2
24487,0,-2,-2
24488,0,-2,-2
24489,1,-2,-2
24490,0,-2,-2
24491,1,-2,-2
24492,1,-2,-2
24493,1,-1,-1
24494,0,-2,-2
24495,0,-2,-2
24496,0,-2,-2
24497,0,-1,-1
24498,0,-2,-2
24499,0,-1,-1
24500,0,-2,-2
24501,0,-2,-2
24502,0,-2,-2
24503,0,-2,-2
24504,1,-2,-2
24505,1,-2,-2
24506,1,-1,-1
24507,1,-2,-2
24508,1,-2,-2
24509,1,-2,-2
24510,1,-2,-2
24511,1,-2,-2
24512,0,-2,-2
24513,0,-1,-1
24514,1,-2,-2
24515,0,-2,-2
24516,0,-2,-2
24517,0,-2,-2
24518,0,-2,-2
24519,0,-2,-2
24520,1,-2,-2
24521,1,-2,-2
24522,1,-2,-2
24523,1,-1,-1
24524,1,-2,-2
24525,1,-2,-2
24526,0,-2,-2
24527,1,-2,-2
24528,1,-2,-2
24529,1,-1,-1
24530,1,-1,-1
24531,0,-1,-1
24532,0,-2,-2
24533,0,-2,-2
24534,0,-2,-2
24535,1,-2,-2
24536,0,-1,-1
24537,1,-2,-2
24538,0,-2,-2
24539,0,-2,-2
24540,0,-2,-2
24541,0,-2,-2
24542,1,-2,-2
24543,0,-2,-2
24544,1,-1,-1
24545,1,-1,-1
24546,0,-2,-2
24547,1,-2,-2
24548,0,-2,-2
24549,0,-2,-2
24550,1,-2,-2
24551,1,-2,-2
24552,1,-2,-2
24553,1,-2,-2
24554,0,-2,-2
24555,0,-1,-1
24556,1,-2,-2
24557,1,-2,-2
24558,0,-2,-2
24559,1,-2,-2
24560,0,-1,-1
24561,0,-2,-2
24562,1,-2,-2
24563,0,-2,-2
24564,0,-2,-2
24565,1,-2,-2
24566,0,-1,-1
24567,1,-2,-2
24568,0,-2,-2
24569,1,-2,-2
24570,1,-2,-2
24571,0,-2,-2
24572,1,-2,-2
24573,0,-2,-2
24574,0,-2,-2
24575,0,-1,-1
24576,1,-1,-1
24577,1,-2,-2
24578,0,-2,-2
24579,1,-2,-2
24580,1,-1,-1
24581,0,-2,-2
24582,0,-1,-1
24583,0,-2,-2
24584,0,-2,-2
24585,0,-2,-2
24586,0,-2,-2
24587,0,-2,-2
24588,1,-2,-2
24589,0,-2,-2
24590,1,-2,-2
24591,0,-2,-2
24592,1,-1,-1
24593,1,-2,-2
24594,1,-2,-2
24595,1,-2,-2
24596,0,-2,-2
24597,1,-1,-1
24598,1,-2,-2
24599,1,-1,-1
24600,1,-2,-2
24601,0,-2,-2
24602,0,-1,-1
24603,0,-2,-2
24604,1,-1,-1
24605,0,-2,-2
24606,1,-2,-2
24607,0,-2,-2
24608,0,-2,-2
24609,0,-2,-2
24610,1,-1,-1
24611,0,-1,-1
24612,1,-2,-2
24613,0,-1,-1
24614,1,-2,-2
24615,1,-2,-2
24616,0,-2,-2
24617,1,-2,-2
24618,1,-2,-2
24619,1,-2,-2
24620,0,-2,-2
24621,1,-2,-2
24622,1,-1,-1
24623,0,-2,-2
24624,0,-1,-1
24625,0,-2,-2
24626,0,-2,-2
24627,0,-2,-2
24628,1,-2,-2
24629,0,-2,-2
24630,1,-2,-2
24631,0,-2,-2
24632,0,-2,-2
24633,1,-2,-2
24634,0,-1,-1
24635,1,-2,-2
24636,0,-2,-2
24637,0,-1,-1
24638,1,-2,-2
24639,0,-2,-2
24640,1,-2,-2
24641,1,-2,-2
24642,1,-1,-1
24643,1,-2,-2
24644,0,-1,-1
24645,0,-2,-2
24646,0,-2,-2
24647,1,-2,-2
24648,0,-2,-2
24649,0,-1,-1
24650,0,-2,-2
24651,0,-1,-1
24652,0,-1,-1
24653,0,-1,-1
24654,0,-1,-1
24655,1,-1,-1
24656,1,-1,-1
24657,1,-2,-2
24658,1,-2,-2
24659,1,-1,-1
24660,1,-2,-2
24661,0,-2,-2
24662,1,-2,-2
24663,0,-2,-2
24664,1,-2,-2
24665,0,-2,-2
24666,1,-2,-2
24667,0,-2,-2
24668,0,-1,-1
24669,0,-2,-2
24670,0,-2,-2
24671,1,-2,-2
24672,1,-2,-2
24673,1,-2,-2
24674,0,-2,-2
24675,0,-1,-1
24676,0,-2,-2
24677,1,-2,-2
24678,0,-2,-2
24679,0,-2,-2
24680,1,-2,-2
24681,0,-2,-2
24682,0,-2,-2
24683,1,-2,-2
24684,0,-2,-2
24685,1,-2,-2
24686,0,-2,-2
24687,1,-1,-1
24688,0,-2,-2
24689,1,-2,-2
24690,1,-2,-2
24691,0,-1,-1
24692,0,-2,-2
24693,1,-2,-2
24694,0,-2,-2
24695,1,-2,-2
24696,1,-2,-2
24697,0,-1,-1
24698,0,-2,-2
24699,0,-2,-2
24700,1,-2,-2
24701,0,-2,-2
24702,0,-1,-1
24703,0,-2,-2
24704,0,-2,-2
24705,0,-2,-2
24706,0,-2,-2
24707,0,-2,-2
24708,1,-2,-2
24709,1,-2,-2
24710,0,-2,-2
24711,0,-2,-2
24712,1,-1,-1
24713,1,-1,-1
24714,1,-2,-2
24715,0,-2,-2
24716,0,-2,-2
24717,1,-1,-1
24718,0,-1,-1
24719,0,-1,-1
24720,0,-2,-2
24721,1,-2,-2
24722,0,-2,-2
24723,1,-1,-1
24724,0,-2,-2
24725,1,-2,-2
24726,1,-2,-2
24727,1,-2,-2
24728,0,-2,-2
24729,0,-2,-2
24730,1,-2,-2
24731,0,-2,-2
24732,1,-1,-1
24733,1,-1,-1
24734,0,-2,-2
24735,1,-2,-2
24736,0,-2,-2
24737,0,-2,-2
24738,1,-2,-2
24739,1,-2,-2
24740,0,-1,-1
24741,0,-2,-2
24742,0,-2,-2
24743,0,-2,-2
24744,0,-2,-2
24745,1,-2,-2
24746,0,-2,-2
24747,1,-2,-2
24748,1,-2,-2
24749,1,-2,-2
24750,1,-2,-2
24751,1,-2,-2
24752,1,-1,-1
24753,1,-2,-2
24754,1,-2,-2
24755,1,-2,-2
24756,0,-2,-2
24757,1,-2,-2
24758,1,-2,-2
24759,0,-2,-2
24760,1,-2,-2
24761,1,-2,-2
24762,1,-2,-2
24763,0,-2,-2
24764,0,-1,-1
24765,0,-2,-2
24766,0,-2,-2
24767,1,-2,-2
24768,1,-2,-2
24769,1,-2,-2
24770,0,-2,-2
24771,0,-2,-2
24772,0,-2,-2
24773,1,-2,-2
24774,1,-2,-2
24775,0,-2,-2
24776,1,-1,-1
24777,1,-2,-2
24778,1,-2,-2
24779,1,-1,-1
24780,0,-2,-2
24781,0,-2,-2
24782,0,-1,-1
24783,0,-2,-2
24784,1,-2,-2
24785,1,-2,-2
24786,1,-1,-1
24787,0,-2,-2
24788,1,-1,-1
24789,1,-2,-2
24790,0,-2,-2
24791,0,-2,-2
24792,1,-2,-2
24793,1,-2,-2
24794,0,-2,-2
24795,0,-1,-1
24796,1,-2,-2
24797,1,-2,-2
24798,1,-1,-1
24799,0,-2,-2
24800,0,-2,-2
24801,0,-2,-2
24802,0,-1,-1
24803,0,-2,-2
24804,0,-2,-2
24805,1,-2,-2
24806,1,-2,-2
24807,1,-2,-2
24808,1,-2,-2
24809,0,-2,-2
24810,1,-2,-2
24811,0,-2,-2
24812,1,-2,-2
24813,1,-2,-2
24814,0,-2,-2
24815,0,-2,-2
24816,1,-2,-2
24817,0,-2,-2
24818,0,-2,-2
24819,1,-2,-2
24820,0,-2,-2
24821,1,-2,-2
24822,1,-2,-2
24823,0,-2,-2
24824,1,-2,-2
24825,1,-2,-2
24826,0,-2,-2
24827,1,-2,-2
24828,1,-1,-1
24829,0,-2,-2
24830,1,-2,-2
24831,0,-1,-1
24832,0,-2,-2
24833,0,-1,-1
24834,1,-2,-2
24835,0,-1,-1
24836,0,-2,-2
24837,1,-1,-1
24838,1,-2,-2
24839,0,-2,-2
24840,1,-2,-2
24841,0,-2,-2
24842,1,-2,-2
24843,1,-2,-2
24844,1,-2,-2
24845,1,-2,-2
24846,1,-2,-2
24847,1,-2,-2
24848,1,-2,-2
24849,0,-2,-2
24850,1,-1,-1
24851,0,-2,-2
24852,0,-2,-2
24853,1,-2,-2
24854,0,-1,-1
24855,0,-2,-2
24856,1,-1,-1
24857,0,-2,-2
24858,1,-2,-2
24859,1,-1,-1
24860,1,-2,-2
24861,0,-2,-2
24862,0,-2,-2
24863,0,-1,-1
24864,1,-2,-2
24865,1,-2,-2
24866,0,-1,-1
24867,1,-1,-1
24868,0,-1,-1
24869,1,-2,-2
24870,0,-2,-2
24871,0,-1,-1
24872,0,-2,-2
24873,0,-2,-2
24874,0,-2,-2
24875,1,-2,-2
24876,1,-2,-2
24877,0,-2,-2
24878,1,-2,-2
24879,0,-2,-2
24880,0,-2,-2
24881,0,-2,-2
24882,1,-1,-1
24883,0,-2,-2
24884,1,-2,-2
24885,1,-2,-2
24886,1,-2,-2
24887,1,-2,-2
24888,0,-1,-1
24889,0,-2,-2
24890,0,-2,-2
24891,0,-2,-2
24892,1,-1,-1
24893,0,-2,-2
24894,0,-2,-2
24895,1,-2,-2
24896,0,-1,-1
24897,1,-2,-2
24898,1,-1,-1
24899,0,-2,-2
24900,0,-2,-2
24901,0,-2,-2
24902,1,-2,-2
24903,0,-1,-1
24904,0,-2,-2
24905,1,-2,-2
24906,1,-2,-2
24907,0,-2,-2
24908,0,-2,-2
24909,1,-2,-2
24910,0,-2,-2
24911,1,-2,-2
24912,1,-2,-2
24913,0,-2,-2
24914,0,-2,-2
24915,1,-2,-2
24916,1,-2,-2
24917,1,-2,-2
24918,1,-2,-2
24919,1,-2,-2
24920,0,-2,-2
24921,0,-2,-2
24922,1,-2,-2
24923,1,-2,-2
24924,1,-2,-2
24925,0,-2,-2
24926,1,-2,-2
24927,0,-2,-2
24928,0,-2,-2
24929,1,-2,-2
24930,1,-2,-2
24931,0,-2,-2
24932,0,-2,-2
24933,0,-2,-2
24934,0,-2,-2
24935,1,-2,-2
24936,0,-1,-1
24937,0,-1,-1
24938,1,-2,-2
24939,0,-2,-2
24940,1,-2,-2
24941,1,-1,-1
24942,0,-2,-2
24943,0,-2,-2
24944,0,-2,-2
24945,0,-2,-2
24946,1,-2,-2
24947,0,-1,-1
24948,1,-2,-2
24949,0,-2,-2
24950,1,-2,-2
24951,0,-2,-2
24952,0,-1,-1
24953,1,-1,-1
24954,1,-2,-2
24955,1,-1,-1
24956,1,-1,-1
24957,0,-2,-2
24958,1,-2,-2
24959,1,-1,-1
24960,0,-2,-2
24961,1,-2,-2
24962,0,-2,-2
24963,1,-1,-1
24964,0,-2,-2
24965,1,-2,-2
24966,1,-2,-2
24967,1,-2,-2
24968,0,-2,-2
24969,1,-2,-2
24970,0,-2,-2
24971,1,-2,-2
24972,1,-2,-2
24973,1,-2,-2
24974,1,-1,-1
24975,1,-2,-2
24976,1,-2,-2
24977,1,-1,-1
24978,1,-2,-2
24979,1,-1,-1
24980,0,-2,-2
24981,0,-2,-2
24982,1,-2,-2
24983,1,-2,-2
24984,0,-2,-2
24985,1,-2,-2
24986,0,-2,-2
24987,1,-2,-2
24988,1,-2,-2
24989,0,-1,-1
24990,1,-2,-2
24991,0,-2,-2
24992,1,-2,-2
24993,0,-2,-2
24994,0,-2,-2
24995,0,-2,-2
24996,0,-2,-2
24997,0,-1,-1
24998,0,-2,-2
24999,1,-2,-2
25000,1,-2,-2
25001,1,-2,-2
25002,0,-2,-2
25003,0,-2,-2
25004,1,-2,-2
25005,1,-2,-2
25006,0,-2,-2
25007,0,-2,-2
25008,1,-1,-1
25009,0,-2,-2
25010,0,-1,-1
25011,1,-1,-1
25012,1,-1,-1
25013,1,-2,-2
25014,1,-2,-2
25015,0,-2,-2
25016,1,-1,-1
25017,0,-2,-2
25018,1,-2,-2
25019,0,-2,-2
25020,1,-1,-1
25021,1,-2,-2
25022,1,-2,-2
25023,0,-2,-2
25024,0,-2,-2
25025,0,-2,-2
25026,1,-2,-2
25027,0,-2,-2
25028,1,-2,-2
25029,0,-2,-2
25030,1,-1,-1
25031,1,-2,-2
25032,0,-2,-2
25033,0,-2,-2
25034,0,-2,-2
25035,1,-2,-2
25036,0,-2,-2
25037,1,-1,-1
25038,1,-2,-2
25039,1,-2,-2
25040,0,-2,-2
25041,1,-1,-1
25042,0,-2,-2
25043,0,-2,-2
25044,1,-2,-2
25045,1,-1,-1
25046,1,-2,-2
25047,1,-2,-2
25048,1,-2,-2
25049,1,-2,-2
25050,0,-1,-1
25051,1,-2,-2
25052,1,-1,-1
25053,1,-2,-2
25054,0,-2,-2
25055,1,-2,-2
25056,1,-2,-2
25057,0,-2,-2
25058,1,-2,-2
25059,1,-2,-2
25060,1,-1,-1
25061,0,-2,-2
25062,0,-1,-1
25063,0,-2,-2
25064,1,-2,-2
25065,1,-2,-2
25066,1,-1,-1
25067,1,-2,-2
25068,0,-2,-2
25069,0,-2,-2
25070,1,-2,-2
25071,0,-2,-2
25072,0,-2,-2
25073,0,-2,-2
25074,0,-2,-2
25075,1,-1,-1
25076,0,-1,-1
25077,1,-2,-2
25078,0,-2,-2
25079,0,-2,-2
25080,0,-2,-2
25081,0,-2,-2
25082,0,-2,-2
25083,1,-2,-2
25084,1,-2,-2
25085,0,-2,-2
25086,0,-1,-1
25087,1,-1,-1
25088,0,-1,-1
25089,0,-2,-2
25090,0,-2,-2
25091,0,-1,-1
25092,1,-2,-2
25093,1,-2,-2
25094,1,-2,-2
25095,0,-2,-2
25096,0,-2,-2
25097,1,-2,-2
25098,1,-2,-2
25099,0,-1,-1
25100,1,-2,-2
25101,0,-1,-1
25102,1,-1,-1
25103,1,-2,-2
25104,1,-1,-1
25105,1,-1,-1
25106,1,-1,-1
25107,0,-2,-2
25108,1,-2,-2
25109,1,-2,-2
25110,0,-1,-1
25111,1,-2,-2
25112,1,-2,-2
25113,1,-2,-2
25114,0,-2,-2
25115,1,-2,-2
25116,0,-2,-2
25117,1,-2,-2
25118,0,-2,-2
25119,0,-1,-1
25120,0,-2,-2
25121,0,-2,-2
25122,0,-2,-2
25123,1,-2,-2
25124,0,-2,-2
25125,0,-1,-1
25126,0,-2,-2
25127,0,-2,-2
25128,1,-2,-2
25129,1,-1,-1
25130,1,-2,-2
25131,0,-2,-2
25132,1,-2,-2
25133,1,-1,-1
25134,1,-2,-2
25135,1,-1,-1
25136,1,-2,-2
25137,1,-2,-2
25138,0,-2,-2
25139,1,-1,-1
25140,0,-2,-2
25141,1,-2,-2
25142,0,-2,-2
25143,0,-2,-2
25144,1,-2,-2
25145,1,-2,-2
25146,0,-2,-2
25147,1,-2,-2
25148,1,-2,-2
25149,0,-2,-2
25150,1,-2,-2
25151,0,-1,-1
25152,1,-2,-2
25153,0,-2,-2
25154,0,-2,-2
25155,1,-2,-2
25156,1,-2,-2
25157,1,-2,-2
25158,0,-2,-2
25159,1,-2,-2
25160,0,-2,-2
25161,1,-2,-2
25162,0,-1,-1
25163,0,-1,-1
25164,1,-2,-2
25165,1,-2,-2
25166,0,-1,-1
25167,1,-2,-2
25168,0,-2,-2
25169,0,-2,-2
25170,1,-1,-1
25171,0,-1,-1
25172,0,-2,-2
25173,1,-2,-2
25174,1,-2,-2
25175,0,-2,-2
25176,1,-2,-2
25177,1,-2,-2
25178,0,-2,-2
25179,1,-2,-2
25180,1,-2,-2
25181,1,-2,-2
25182,1,-1,-1
25183,0,-2,-2
25184,1,-2,-2
25185,1,-2,-2
25186,1,-2,-2
25187,0,-2,-2
25188,1,-1,-1
25189,1,-2,-2
25190,1,-2,-2
25191,0,-2,-2
25192,1,-2,-2
25193,1,-1,-1
25194,1,-2,-2
25195,1,-1,-1
25196,1,-2,-2
25197,1,-2,-2
25198,1,-2,-2
25199,1,-2,-2
25200,1,-2,-2
25201,1,-2,-2
25202,0,-2,-2
25203,1,-2,-2
25204,1,-2,-2
25205,0,-2,-2
25206,1,-1,-1
25207,1,-2,-2
25208,0,-2,-2
25209,0,-2,-2
25210,1,-2,-2
25211,1,-2,-2
25212,1,-2,-2
25213,0,-1,-1
25214,0,-2,-2
25215,0,-2,-2
25216,1,-2,-2
25217,0,-2,-2
25218,0,-2,-2
25219,1,-2,-2
25220,1,-2,-2
25221,0,-2,-2
25222,1,-2,-2
25223,0,-1,-1
25224,1,-2,-2
25225,0,-2,-2
25226,1,-1,-1
25227,0,-2,-2
25228,1,-1,-1
25229,0,-2,-2
25230,0,-2,-2
25231,0,-2,-2
25232,0,-2,-2
25233,1,-2,-2
25234,1,-2,-2
25235,1,-1,-1
25236,1,-1,-1
25237,0,-1,-1
25238,1,-2,-2
25239,1,-1,-1
25240,0,-2,-2
25241,1,-2,-2
25242,0,-1,-1
25243,0,-2,-2
25244,1,-2,-2
25245,1,-2,-2
25246,0,-2,-2
25247,1,-2,-2
25248,0,-1,-1
25249,0,-1,-1
25250,1,-2,-2
25251,1,-1,-1
25252,1,-1,-1
25253,1,-1,-1
25254,0,-1,-1
25255,1,-2,-2
25256,0,-2,-2
25257,0,-2,-2
25258,0,-2,-2
25259,0,-2,-2
25260,0,-2,-2
25261,1,-2,-2
25262,1,-2,-2
25263,0,-1,-1
25264,0,-2,-2
25265,0,-1,-1
25266,0,-1,-1
25267,0,-2,-2
25268,1,-1,-1
25269,0,-2,-2
25270,1,-2,-2
25271,1,-2,-2
25272,1,-2,-2
25273,1,-2,-2
25274,1,-2,-2
25275,1,-2,-2
25276,0,-1,-1
25277,1,-2,-2
25278,0,-1,-1
25279,1,-2,-2
25280,1,-2,-2
25281,0,-2,-2
25282,0,-2,-2
25283,0,-2,-2
25284,1,-2,-2
25285,1,-1,-1
25286,0,-1,-1
25287,1,-2,-2
25288,0,-2,-2
25289,1,-2,-2
25290,0,-1,-1
25291,1,-2,-2
25292,0,-2,-2
25293,1,-2,-2
25294,1,-2,-2
25295,0,-2,-2
25296,1,-2,-2
25297,1,-2,-2
25298,0,-2,-2
25299,1,-2,-2
25300,0,-2,-2
25301,1,-2,-2
25302,0,-2,-2
25303,1,-2,-2
25304,1,-2,-2
25305,1,-2,-2
25306,1,-1,-1
25307,0,-1,-1
25308,0,-2,-2
25309,1,-1,-1
25310,0,-2,-2
25311,0,-2,-2
25312,0,-2,-2
25313,1,-1,-1
25314,0,-2,-2
25315,1,-2,-2
25316,1,-2,-2
25317,1,-2,-2
25318,1,-2,-2
25319,1,-1,-1
25320,0,-2,-2
25321,1,-2,-2
25322,1,-2,-2
25323,1,-1,-1
25324,1,-1,-1
25325,1,-2,-2
25326,1,-1,-1
25327,0,-2,-2
25328,0,-2,-2
25329,0,-2,-2
25330,0,-2,-2
25331,0,-2,-2
25332,1,-2,-2
25333,0,-2,-2
25334,0,-2,-2
25335,0,-2,-2
25336,0,-2,-2
25337,0,-2,-2
25338,0,-1,-1
25339,0,-2,-2
25340,0,-1,-1
25341,0,-2,-2
25342,0,-1,-1
25343,1,-2,-2
25344,1,-2,-2
25345,0,-1,-1
25346,0,-2,-2
25347,1,-2,-2
25348,1,-1,-1
25349,1,-2,-2
25350,1,-1,-1
25351,0,-2,-2
25352,0,-2,-2
25353,1,-2,-2
25354,1,-2,-2
25355,0,-2,-2
25356,0,-2,-2
25357,0,-2,-2
25358,1,-2,-2
25359,1,-2,-2
25360,0,-2,-2
25361,0,-2,-2
25362,0,-2,-2
25363,1,-1,-1
25364,1,-2,-2
25365,1,-1,-1
25366,1,-2,-2
25367,1,-2,-2
25368,1,-2,-2
25369,0,-2,-2
25370,0,-2,-2
25371,1,-2,-2
25372,0,-1,-1
25373,1,-2,-2
25374,0,-1,-1
25375,1,-2,-2
25376,0,-2,-2
25377,0,-2,-2
25378,0,-2,-2
25379,1,-2,-2
25380,0,-2,-2
25381,1,-1,-1
25382,1,-2,-2
25383,1,-1,-1
25384,0,-2,-2
25385,1,-2,-2
25386,1,-2,-2
25387,1,-2,-2
25388,0,-2,-2
25389,0,-1,-1
25390,0,-1,-1
25391,0,-2,-2
25392,1,-2,-2
25393,0,-2,-2
25394,1,-2,-2
25395,1,-1,-1
25396,0,-2,-2
25397,1,-2,-2
25398,0,-1,-1
25399,0,-2,-2
25400,0,-1,-1
25401,0,-2,-2
25402,1,-1,-1
25403,0,-2,-2
25404,1,-2,-2
25405,1,-2,-2
25406,1,-2,-2
25407,0,-2,-2
25408,0,-2,-2
25409,1,-2,-2
25410,0,-2,-2
25411,1,-2,-2
25412,1,-2,-2
25413,1,-2,-2
25414,1,-2,-2
25415,1,-2,-2
25416,0,-2,-2
25417,0,-2,-2
25418,1,-2,-2
25419,0,-2,-2
25420,1,-1,-1
25421,1,-2,-2
25422,0,-1,-1
25423,1,-2,-2
25424,0,-2,-2
25425,0,-1,-1
25426,0,-2,-2
25427,1,-2,-2
25428,0,-2,-2
25429,1,-1,-1
25430,1,-2,-2
25431,0,-2,-2
25432,0,-2,-2
25433,1,-2,-2
25434,1,-2,-2
25435,0,-2,-2
25436,1,-2,-2
25437,0,-2,-2
25438,1,-2,-2
25439,0,-1,-1
25440,1,-2,-2
25441,1,-2,-2
25442,1,-2,-2
25443,1,-2,-2
25444,1,-2,-2
25445,0,-1,-1
25446,0,-2,-2
25447,0,-2,-2
25448,1,-2,-2
25449,0,-2,-2
25450,1,-2,-2
25451,0,-2,-2
25452,0,-2,-2
25453,1,-2,-2
25454,1,-2,-2
25455,1,-2,-2
25456,0,-2,-2
25457,1,-2,-2
25458,0,-2,-2
25459,0,-2,-2
25460,0,-1,-1
25461,1,-2,-2
25462,1,-2,-2
25463,1,-2,-2
25464,0,-2,-2
25465,1,-2,-2
25466,0,-2,-2
25467,0,-2,-2
25468,1,-2,-2
25469,0,-1,-1
25470,0,-2,-2
25471,0,-1,-1
25472,0,-2,-2
25473,1,-1,-1
25474,0,-2,-2
25475,1,-2,-2
25476,1,-2,-2
25477,0,-2,-2
25478,0,-1,-1
25479,0,-2,-2
25480,1,-1,-1
25481,0,-2,-2
25482,1,-1,-1
25483,0,-1,-1
25484,1,-2,-2
25485,0,-2,-2
25486,0,-2,-2
25487,1,-2,-2
25488,0,-2,-2
25489,1,-1,-1
25490,1,-2,-2
25491,0,-2,-2
25492,0,-2,-2
25493,1,-2,-2
25494,0,-2,-2
25495,1,-1,-1
25496,0,-2,-2
25497,0,-2,-2
25498,0,-2,-2
25499,1,-2,-2
25500,1,-2,-2
25501,1,-2,-2
25502,0,-2,-2
25503,1,-2,-2
25504,1,-1,-1
25505,1,-2,-2
25506,1,-2,-2
25507,0,-2,-2
25508,1,-2,-2
25509,1,-2,-2
25510,0,-2,-2
25511,1,-2,-2
25512,1,-2,-2
25513,1,-2,-2
25514,0,-2,-2
25515,1,-1,-1
25516,1,-2,-2
25517,0,-2,-2
25518,1,-1,-1
25519,0,-2,-2
25520,1,-2,-2
25521,1,-2,-2
25522,1,-2,-2
25523,0,-1,-1
25524,1,-2,-2
25525,1,-2,-2
25526,1,-2,-2
25527,0,-2,-2
25528,0,-1,-1
25529,1,-2,-2
25530,1,-2,-2
25531,1,-2,-2
25532,1,-2,-2
25533,0,-2,-2
25534,1,-1,-1
25535,0,-2,-2
25536,0,-2,-2
25537,1,-2,-2
25538,0,-2,-2
25539,1,-1,-1
25540,1,-2,-2
25541,0,-2,-2
25542,1,-2,-2
25543,0,-2,-2
25544,0,-2,-2
25545,0,-2,-2
25546,1,-2,-2
25547,0,-1,-1
25548,1,-2,-2
25549,1,-2,-2
25550,0,-2,-2
25551,1,-2,-2
25552,1,-2,-2
25553,0,-2,-2
25554,0,-1,-1
25555,0,-2,-2
25556,1,-1,-1
25557,0,-2,-2
25558,0,-2,-2
25559,0,-2,-2
25560,1,-2,-2
25561,0,-2,-2
25562,1,-2,-2
25563,0,-1,-1
25564,1,-2,-2
25565,1,-2,-2
25566,1,-2,-2
25567,1,-2,-2
25568,1,-2,-2
25569,1,-2,-2
25570,1,-2,-2
25571,0,-2,-2
25572,1,-2,-2
25573,0,-2,-2
25574,1,-2,-2
25575,1,-2,-2
25576,1,-2,-2
25577,0,-1,-1
25578,1,-2,-2
25579,0,-2,-2
25580,0,-1,-1
25581,0,-2,-2
25582,1,-1,-1
25583,1,-2,-2
25584,0,-2,-2
25585,0,-2,-2
25586,1,-2,-2
25587,1,-2,-2
25588,0,-2,-2
25589,1,-2,-2
25590,0,-1,-1
25591,1,-2,-2
25592,0,-2,-2
25593,0,-1,-1
25594,0,-2,-2
25595,1,-2,-2
25596,0,-2,-2
25597,0,-2,-2
25598,1,-2,-2
25599,0,-2,-2
25600,1,-1,-1
25601,1,-2,-2
25602,1,-2,-2
25603,0,-1,-1
25604,0,-2,-2
25605,0,-2,-2
25606,0,-2,-2
25607,0,-2,-2
25608,0,-2,-2
25609,0,-2,-2
25610,1,-2,-2
25611,1,-2,-2
25612,1,-2,-2
25613,0,-1,-1
25614,1,-2,-2
25615,1,-2,-2
25616,1,-1,-1
25617,1,-2,-2
25618,1,-1,-1
25619,1,-2,-2
25620,1,-2,-2
25621,0,-2,-2
25622,1,-2,-2
25623,1,-2,-2
25624,0,-2,-2
25625,1,-2,-2
25626,1,-2,-2
25627,0,-2,-2
25628,1,-2,-2
25629,1,-2,-2
25630,1,-1,-1
25631,1,-2,-2
25632,0,-2,-2
25633,1,-2,-2
25634,0,-1,-1
25635,0,-2,-2
25636,1,-1,-1
25637,0,-2,-2
25638,0,-2,-2
25639,0,-2,-2
25640,1,-2,-2
25641,1,-2,-2
25642,0,-2,-2
25643,0,-2,-2
25644,1,-2,-2
25645,1,-2,-2
25646,1,-1,-1
25647,0,-2,-2
25648,1,-2,-2
25649,1,-2,-2
25650,0,-2,-2
25651,0,-2,-2
25652,1,-2,-2
25653,0,-2,-2
25654,0,-1,-1
25655,0,-2,-2
25656,0,-2,-2
25657,0,-2,-2
25658,1,-2,-2
25659,1,-2,-2
25660,1,-2,-2
25661,0,-2,-2
25662,1,-1,-1
25663,1,-1,-1
25664,1,-1,-1
25665,1,-2,-2
25666,1,-2,-2
25667,0,-2,-2
25668,1,-2,-2
25669,0,-2,-2
25670,1,-2,-2
25671,0,-2,-2
25672,0,-2,-2
25673,0,-2,-2
25674,0,-1,-1
25675,1,-2,-2
25676,1,-2,-2
25677,0,-2,-2
25678,0,-2,-2
25679,0,-2,-2
25680,0,-2,-2
25681,1,-2,-2
25682,0,-2,-2
25683,0,-2,-2
25684,0,-2,-2
25685,1,-2,-2
25686,0,-2,-2
25687,1,-2,-2
25688,1,-2,-2
25689,0,-1,-1
25690,0,-2,-2
25691,0,-1,-1
25692,0,-2,-2
25693,1,-1,-1
25694,0,-2,-2
25695,0,-1,-1
25696,0,-2,-2
25697,0,-2,-2
25698,1,-2,-2
25699,0,-2,-2
25700,1,-2,-2
25701,1,-2,-2
25702,1,-1,-1
25703,1,-2,-2
25704,1,-2,-2
25705,0,-2,-2
25706,0,-1,-1
25707,1,-2,-2
25708,1,-2,-2
25709,0,-2,-2
25710,1,-2,-2
25711,0,-1,-1
25712,1,-2,-2
25713,0,-2,-2
25714,1,-2,-2
25715,0,-2,-2
25716,1,-2,-2
25717,0,-2,-2
25718,0,-1,-1
25719,0,-2,-2
25720,1,-2,-2
25721,1,-1,-1
25722,1,-1,-1
25723,1,-2,-2
25724,0,-2,-2
25725,1,-2,-2
25726,0,-2,-2
25727,0,-2,-2
25728,0,-1,-1
25729,1,-2,-2
25730,1,-2,-2
25731,0,-2,-2
25732,1,-1,-1
25733,1,-2,-2
25734,0,-2,-2
25735,1,-2,-2
25736,1,-2,-2
25737,1,-2,-2
25738,0,-1,-1
25739,1,-2,-2
25740,1,-2,-2
25741,1,-1,-1
25742,1,-2,-2
25743,1,-1,-1
25744,0,-1,-1
25745,1,-1,-1
25746,1,-2,-2
25747,1,-2,-2
25748,0,-2,-2
25749,0,-2,-2
25750,0,-2,-2
25751,1,-2,-2
25752,0,-2,-2
25753,1,-2,-2
25754,0,-1,-1
25755,0,-2,-2
25756,1,-2,-2
25757,1,-2,-2
25758,0,-2,-2
25759,0,-2,-2
25760,0,-1,-1
25761,1,-2,-2
25762,0,-2,-2
25763,1,-2,-2
25764,1,-2,-2
25765,0,-2,-2
25766,0,-2,-2
25767,1,-2,-2
25768,1,-1,-1
25769,0,-2,-2
25770,1,-2,-2
25771,0,-2,-2
25772,0,-1,-1
25773,0,-2,-2
25774,1,-2,-2
25775,0,-2,-2
25776,1,-2,-2
25777,1,-1,-1
25778,0,-2,-2
25779,1,-2,-2
25780,1,-2,-2
25781,1,-2,-2
25782,1,-2,-2
25783,1,-1,-1
25784,1,-2,-2
25785,0,-2,-2
25786,0,-2,-2
25787,0,-2,-2
25788,1,-2,-2
25789,1,-2,-2
25790,0,-2,-2
25791,0,-2,-2
25792,0,-2,-2
25793,1,-2,-2
25794,1,-2,-2
25795,0,-1,-1
25796,0,-2,-2
25797,0,-2,-2
25798,0,-1,-1
25799,0,-2,-2
25800,1,-2,-2
25801,1,-2,-2
25802,1,-2,-2
25803,1,-2,-2
25804,0,-2,-2
25805,1,-2,-2
25806,1,-2,-2
25807,1,-1,-1
25808,1,-2,-2
25809,0,-2,-2
25810,0,-1,-1
25811,0,-2,-2
25812,0,-2,-2
25813,1,-2,-2
25814,0,-2,-2
25815,0,-1,-1
25816,0,-1,-1
25817,0,-2,-2
25818,0,-1,-1
25819,0,-2,-2
25820,1,-2,-2
25821,0,-1,-1
25822,0,-2,-2
25823,1,-2,-2
25824,1,-2,-2
25825,0,-2,-2
25826,1,-1,-1
25827,1,-2,-2
25828,0,-1,-1
25829,0,-2,-2
25830,0,-1,-1
25831,0,-2,-2
25832,0,-2,-2
25833,0,-2,-2
25834,0,-2,-2
25835,1,-1,-1
25836,1,-2,-2
25837,1,-1,-1
25838,0,-2,-2
25839,1,-2,-2
25840,0,-2,-2
25841,0,-2,-2
25842,0,-1,-1
25843,1,-2,-2
25844,1,-2,-2
25845,0,-2,-2
25846,0,-2,-2
25847,0,-1,-1
25848,0,-1,-1
25849,1,-2,-2
25850,0,-2,-2
25851,0,-2,-2
25852,0,-2,-2
25853,1,-2,-2
25854,1,-2,-2
25855,0,-2,-2
25856,1,-2,-2
25857,0,-2,-2
25858,1,-2,-2
25859,1,-2,-2
25860,0,-1,-1
25861,1,-2,-2
25862,1,-2,-2
25863,1,-2,-2
25864,1,-1,-1
25865,0,-2,-2
25866,0,-2,-2
25867,0,-1,-1
25868,0,-2,-2
25869,1,-2,-2
25870,1,-2,-2
25871,1,-1,-1
25872,0,-1,-1
25873,1,-2,-2
25874,1,-2,-2
25875,0,-2,-2
25876,1,-2,-2
25877,0,-2,-2
25878,1,-2,-2
25879,0,-2,-2
25880,0,-2,-2
25881,1,-1,-1
25882,0,-2,-2
25883,1,-2,-2
25884,0,-2,-2
25885,1,-2,-2
25886,0,-1,-1
25887,0,-2,-2
25888,0,-1,-1
25889,1,-2,-2
25890,1,-2,-2
25891,0,-2,-2
25892,1,-2,-2
25893,1,-1,-1
25894,0,-2,-2
25895,0,-2,-2
25896,1,-2,-2
25897,0,-2,-2
25898,0,-2,-2
25899,0,-2,-2
25900,1,-2,-2
25901,0,-2,-2
25902,0,-1,-1
25903,1,-2,-2
25904,0,-2,-2
25905,1,-2,-2
25906,0,-2,-2
25907,0,-1,-1
25908,0,-1,-1
25909,0,-2,-2
25910,1,-2,-2
25911,0,-2,-2
25912,1,-2,-2
25913,0,-2,-2
25914,1,-2,-2
25915,0,-2,-2
25916,1,-2,-2
25917,0,-2,-2
25918,0,-2,-2
25919,1,-2,-2
25920,0,-2,-2
25921,1,-2,-2
25922,1,-2,-2
25923,1,-2,-2
25924,0,-1,-1
25925,0,-2,-2
25926,1,-2,-2
25927,0,-2,-2
25928,1,-2,-2
25929,1,-2,-2
25930,1,-2,-2
25931,1,-1,-1
25932,1,-2,-2
25933,0,-2,-2
25934,1,-1,-1
25935,1,-2,-2
25936,1,-2,-2
25937,0,-2,-2
25938,1,-2,-2
25939,1,-2,-2
25940,0,-2,-2
25941,0,-2,-2
25942,1,-2,-2
25943,0,-2,-2
25944,0,-2,-2
25945,1,-2,-2
25946,0,-2,-2
25947,1,-2,-2
25948,1,-2,-2
25949,1,-2,-2
25950,1,-2,-2
25951,1,-2,-2
25952,1,-1,-1
25953,1,-1,-1
25954,1,-2,-2
25955,0,-2,-2
25956,1,-2,-2
25957,1,-1,-1
25958,0,-2,-2
25959,0,-1,-1
25960,0,-2,-2
25961,0,-2,-2
25962,0,-2,-2
25963,0,-2,-2
25964,0,-1,-1
25965,0,-1,-1
25966,1,-2,-2
25967,1,-2,-2
25968,1,-1,-1
25969,0,-2,-2
25970,1,-2,-2
25971,0,-2,-2
25972,1,-2,-2
25973,0,-2,-2
25974,1,-2,-2
25975,1,-2,-2
25976,1,-2,-2
25977,1,-2,-2
25978,1,-2,-2
25979,1,-2,-2
25980,1,-2,-2
25981,0,-2,-2
25982,1,-2,-2
25983,1,-2,-2
25984,0,-2,-2
25985,0,-2,-2
25986,1,-1,-1
25987,0,-1,-1
25988,0,-2,-2
25989,1,-2,-2
25990,1,-1,-1
25991,0,-2,-2
25992,1,-2,-2
25993,1,-1,-1
25994,0,-2,-2
25995,0,-1,-1
25996,0,-2,-2
25997,1,-1,-1
25998,0,-2,-2
25999,0,-2,-2
26000,0,-2,-2
26001,1,-2,-2
26002,0,-2,-2
26003,1,-1,-1
26004,1,-2,-2
26005,0,-2,-2
26006,1,-2,-2
26007,1,-1,-1
26008,0,-2,-2
26009,1,-2,-2
26010,0,-2,-2
26011,1,-1,-1
26012,1,-2,-2
26013,1,-2,-2
26014,0,-1,-1
26015,1,-2,-2
26016,0,-2,-2
26017,1,-2,-2
26018,0,-1,-1
26019,1,-1,-1
26020,1,-2,-2
26021,0,-2,-2
26022,0,-2,-2
26023,1,-2,-2
26024,1,-2,-2
26025,0,-1,-1
26026,1,-1,-1
26027,1,-2,-2
26028,0,-2,-2
26029,1,-2,-2
26030,1,-2,-2
26031,0,-1,-1
26032,0,-2,-2
26033,1,-2,-2
26034,1,-2,-2
26035,0,-2,-2
26036,1,-2,-2
26037,1,-2,-2
26038,1,-2,-2
26039,0,-1,-1
26040,0,-2,-2
26041,1,-2,-2
26042,1,-2,-2
26043,0,-2,-2
26044,1,-2,-2
26045,0,-2,-2
26046,1,-1,-1
26047,1,-2,-2
26048,1,-2,-2
26049,0,-2,-2
26050,1,-2,-2
26051,1,-1,-1
26052,1,-2,-2
26053,1,-2,-2
26054,1,-2,-2
26055,0,-2,-2
26056,1,-1,-1
26057,0,-2,-2
26058,0,-2,-2
26059,0,-2,-2
26060,0,-1,-1
26061,1,-1,-1
26062,0,-1,-1
26063,0,-2,-2
26064,0,-2,-2
26065,1,-2,-2
26066,1,-2,-2
26067,1,-2,-2
26068,1,-2,-2
26069,1,-2,-2
26070,1,-2,-2
26071,1,-2,-2
26072,0,-2,-2
26073,0,-2,-2
26074,0,-1,-1
26075,0,-2,-2
26076,1,-2,-2
26077,0,-2,-2
26078,1,-2,-2
26079,0,-2,-2
26080,1,-2,-2
26081,0,-2,-2
26082,1,-1,-1
26083,1,-2,-2
26084,0,-2,-2
26085,0,-2,-2
26086,0,-2,-2
26087,1,-2,-2
26088,0,-2,-2
26089,1,-1,-1
26090,1,-2,-2
26091,0,-2,-2
26092,1,-1,-1
26093,1,-2,-2
26094,0,-2,-2
26095,1,-2,-2
26096,0,-2,-2
26097,1,-1,-1
26098,1,-2,-2
26099,1,-2,-2
26100,0,-1,-1
26101,0,-2,-2
26102,0,-2,-2
26103,0,-2,-2
26104,0,-2,-2
26105,0,-2,-2
26106,0,-2,-2
26107,1,-2,-2
26108,0,-2,-2
26109,0,-2,-2
26110,1,-2,-2
26111,1,-2,-2
26112,1,-2,-2
26113,1,-2,-2
26114,1,-2,-2
26115,1,-2,-2
26116,1,-2,-2
26117,1,-1,-1
26118,0,-2,-2
26119,0,-2,-2
26120,1,-2,-2
26121,1,-2,-2
26122,1,-2,-2
26123,0,-2,-2
26124,1,-2,-2
26125,1,-2,-2
26126,0,-2,-2
26127,1,-2,-2
26128,0,-1,-1
26129,0,-2,-2
26130,1,-2,-2
26131,0,-2,-2
26132,1,-2,-2
26133,1,-2,-2
26134,0,-2,-2
26135,0,-2,-2
26136,1,-2,-2
26137,1,-2,-2
26138,1,-2,-2
26139,0,-1,-1
26140,0,-2,-2
26141,1,-2,-2
26142,0,-1,-1
26143,0,-2,-2
26144,1,-2,-2
26145,0,-1,-1
26146,1,-2,-2
26147,0,-2,-2
26148,1,-2,-2
26149,0,-1,-1
26150,0,-2,-2
26151,1,-2,-2
26152,0,-2,-2
26153,0,-2,-2
26154,1,-1,-1
26155,0,-2,-2
26156,0,-2,-2
26157,1,-2,-2
26158,0,-2,-2
26159,0,-2,-2
26160,1,-2,-2
26161,0,-2,-2
26162,1,-1,-1
26163,0,-2,-2
26164,0,-1,-1
26165,0,-2,-2
26166,1,-2,-2
26167,1,-2,-2
26168,1,-2,-2
26169,0,-2,-2
26170,1,-2,-2
26171,0,-2,-2
26172,1,-2,-2
26173,1,-1,-1
26174,0,-2,-2
26175,0,-2,-2
26176,0,-2,-2
26177,1,-2,-2
26178,1,-2,-2
26179,0,-2,-2
26180,1,-2,-2
26181,0,-2,-2
26182,1,-2,-2
26183,0,-2,-2
26184,0,-1,-1
26185,1,-2,-2
26186,1,-1,-1
26187,1,-2,-2
26188,1,-2,-2
26189,1,-2,-2
26190,0,-2,-2
26191,1,-2,-2
26192,0,-2,-2
26193,1,-2,-2
26194,1,-2,-2
26195,0,-2,-2
26196,1,-2,-2
26197,0,-2,-2
26198,0,-1,-1
26199,1,-2,-2
26200,1,-1,-1
26201,0,-2,-2
26202,1,-2,-2
26203,0,-2,-2
26204,1,-1,-1
26205,0,-1,-1
26206,1,-2,-2
26207,0,-2,-2
26208,0,-1,-1
26209,1,-2,-2
26210,1,-2,-2
26211,0,-2,-2
26212,1,-2,-2
26213,0,-1,-1
26214,0,-2,-2
26215,0,-2,-2
26216,1,-1,-1
26217,0,-2,-2
26218,1,-2,-2
26219,0,-1,-1
26220,0,-2,-2
26221,1,-2,-2
26222,1,-1,-1
26223,0,-2,-2
26224,0,-2,-2
26225,1,-2,-2
26226,0,-2,-2
26227,0,-2,-2
26228,0,-2,-2
26229,0,-2,-2
26230,1,-1,-1
26231,0,-2,-2
26232,1,-1,-1
26233,0,-2,-2
26234,0,-1,-1
26235,1,-2,-2
26236,1,-2,-2
26237,0,-2,-2
26238,0,-1,-1
26239,1,-1,-1
26240,0,-2,-2
26241,0,-2,-2
26242,1,-2,-2
26243,0,-2,-2
26244,0,-2,-2
26245,1,-2,-2
26246,0,-2,-2
26247,1,-1,-1
26248,1,-2,-2
26249,0,-2,-2
26250,0,-2,-2
26251,1,-2,-2
26252,0,-2,-2
26253,1,-2,-2
26254,0,-1,-1
26255,0,-2,-2
26256,1,-2,-2
26257,1,-2,-2
26258,1,-2,-2
26259,1,-2,-2
26260,0,-2,-2
26261,1,-2,-2
26262,1,-2,-2
26263,1,-2,-2
26264,1,-2,-2
26265,0,-2,-2
26266,0,-2,-2
26267,0,-2,-2
26268,0,-2,-2
26269,1,-2,-2
26270,0,-2,-2
26271,1,-2,-2
26272,1,-2,-2
26273,0,-1,-1
26274,0,-2,-2
26275,1,-2,-2
26276,0,-2,-2
26277,1,-2,-2
26278,1,-2,-2
26279,1,-1,-1
26280,1,-1,-1
26281,1,-1,-1
26282,1,-2,-2
26283,1,-1,-1
26284,0,-2,-2
26285,1,-2,-2
26286,0,-2,-2
26287,0,-1,-1
26288,0,-1,-1
26289,1,-2,-2
26290,0,-2,-2
26291,0,-2,-2
26292,0,-1,-1
26293,0,-2,-2
26294,0,-2,-2
26295,0,-1,-1
26296,0,-1,-1
26297,1,-1,-1
26298,1,-2,-2
26299,1,-2,-2
26300,1,-2,-2
26301,0,-2,-2
26302,0,-2,-2
26303,1,-2,-2
26304,1,-2,-2
26305,1,-2,-2
26306,1,-2,-2
26307,1,-2,-2
26308,0,-1,-1
26309,1,-2,-2
26310,1,-2,-2
26311,1,-1,-1
26312,0,-2,-2
26313,0,-1,-1
26314,1,-2,-2
26315,0,-2,-2
26316,0,-2,-2
26317,1,-1,-1
26318,0,-2,-2
26319,0,-1,-1
26320,1,-2,-2
26321,1,-2,-2
26322,0,-2,-2
26323,1,-2,-2
26324,0,-2,-2
26325,1,-2,-2
26326,1,-2,-2
26327,1,-1,-1
26328,1,-2,-2
26329,0,-2,-2
26330,0,-2,-2
26331,0,-2,-2
26332,1,-2,-2
26333,0,-2,-2
26334,0,-2,-2
26335,0,-2,-2
26336,1,-2,-2
26337,1,-2,-2
26338,0,-2,-2
26339,0,-2,-2
26340,0,-2,-2
26341,0,-1,-1
26342,1,-2,-2
26343,1,-2,-2
26344,1,-2,-2
26345,1,-2,-2
26346,0,-2,-2
26347,1,-2,-2
26348,0,-1,-1
26349,0,-2,-2
26350,1,-2,-2
26351,1,-2,-2
26352,0,-2,-2
26353,1,-2,-2
26354,1,-2,-2
26355,0,-2,-2
26356,0,-2,-2
26357,0,-2,-2
26358,1,-2,-2
26359,1,-1,-1
26360,1,-2,-2
26361,1,-2,-2
26362,0,-1,-1
26363,0,-2,-2
26364,1,-2,-2
26365,1,-2,-2
26366,0,-2,-2
26367,1,-1,-1
26368,1,-2,-2
26369,1,-2,-2
26370,1,-2,-2
26371,0,-2,-2
26372,0,-2,-2
26373,0,-2,-2
26374,0,-2,-2
26375,0,-2,-2
26376,0,-2,-2
26377,1,-1,-1
26378,1,-1,-1
26379,1,-2,-2
26380,1,-1,-1
26381,1,-1,-1
26382,1,-2,-2
26383,1,-2,-2
26384,1,-2,-2
26385,1,-2,-2
26386,0,-2,-2
26387,0,-2,-2
26388,1,-2,-2
26389,0,-2,-2
26390,0,-1,-1
26391,1,-2,-2
26392,1,-2,-2
26393,0,-1,-1
26394,0,-2,-2
26395,1,-2,-2
26396,0,-2,-2
26397,0,-2,-2
26398,1,-1,-1
26399,1,-2,-2
26400,0,-1,-1
26401,1,-2,-2
26402,0,-2,-2
26403,0,-2,-2
26404,0,-2,-2
26405,1,-2,-2
26406,1,-2,-2
26407,0,-2,-2
26408,0,-2,-2
26409,0,-2,-2
26410,1,-2,-2
26411,0,-2,-2
26412,1,-2,-2
26413,1,-2,-2
26414,0,-2,-2
26415,0,-1,-1
26416,0,-2,-2
26417,0,-2,-2
26418,0,-2,-2
26419,0,-2,-2
26420,1,-2,-2
26421,1,-2,-2
26422,0,-2,-2
26423,0,-2,-2
26424,1,-1,-1
26425,1,-2,-2
26426,0,-1,-1
26427,1,-2,-2
26428,1,-2,-2
26429,0,-2,-2
26430,0,-2,-2
26431,0,-2,-2
26432,0,-2,-2
26433,0,-2,-2
26434,0,-2,-2
26435,0,-2,-2
26436,0,-2,-2
26437,0,-1,-1
26438,1,-2,-2
26439,0,-2,-2
26440,1,-2,-2
26441,0,-2,-2
26442,0,-2,-2
26443,1,-2,-2
26444,0,-2,-2
26445,0,-2,-2
26446,1,-2,-2
26447,0,-2,-2
26448,1,-2,-2
26449,1,-2,-2
26450,0,-2,-2
26451,0,-2,-2
26452,1,-1,-1
26453,1,-2,-2
26454,1,-1,-1
26455,1,-2,-2
26456,1,-1,-1
26457,0,-2,-2
26458,1,-1,-1
26459,1,-1,-1
26460,0,-2,-2
26461,1,-2,-2
26462,1,-2,-2
26463,1,-2,-2
26464,0,-1,-1
26465,0,-2,-2
26466,1,-2,-2
26467,0,-2,-2
26468,0,-2,-2
26469,1,-2,-2
26470,0,-2,-2
26471,1,-1,-1
26472,1,-1,-1
26473,0,-1,-1
26474,0,-1,-1
26475,1,-2,-2
26476,0,-2,-2
26477,1,-2,-2
26478,0,-2,-2
26479,1,-2,-2
26480,0,-1,-1
26481,0,-2,-2
26482,1,-2,-2
26483,1,-2,-2
26484,1,-2,-2
26485,1,-2,-2
26486,1,-2,-2
26487,1,-2,-2
26488,1,-2,-2
26489,1,-2,-2
26490,1,-2,-2
26491,0,-2,-2
26492,1,-2,-2
26493,0,-2,-2
26494,1,-2,-2
26495,0,-2,-2
26496,0,-1,-1
26497,1,-2,-2
26498,0,-2,-2
26499,0,-2,-2
26500,0,-2,-2
26501,1,-2,-2
26502,1,-2,-2
26503,0,-2,-2
26504,1,-2,-2
26505,0,-2,-2
26506,1,-1,-1
26507,1,-2,-2
26508,0,-2,-2
26509,0,-1,-1
26510,0,-2,-2
26511,0,-2,-2
26512,0,-2,-2
26513,1,-2,-2
26514,1,-1,-1
26515,1,-2,-2
26516,0,-2,-2
26517,0,-2,-2
26518,0,-2,-2
26519,0,-2,-2
26520,0,-1,-1
26521,0,-2,-2
26522,1,-2,-2
26523,0,-2,-2
26524,0,-2,-2
26525,0,-2,-2
26526,1,-1,-1
26527,1,-2,-2
26528,1,-1,-1
26529,1,-1,-1
26530,1,-2,-2
26531,0,-2,-2
26532,0,-2,-2
26533,1,-2,-2
26534,0,-2,-2
26535,0,-1,-1
26536,0,-2,-2
26537,0,-2,-2
26538,1,-2,-2
26539,1,-2,-2
26540,1,-2,-2
26541,1,-2,-2
26542,0,-2,-2
26543,0,-1,-1
26544,1,-2,-2
26545,1,-1,-1
26546,1,-2,-2
26547,1,-2,-2
26548,0,-2,-2
26549,1,-2,-2
26550,1,-2,-2
26551,0,-2,-2
26552,0,-2,-2
26553,0,-2,-2
26554,0,-2,-2
26555,0,-2,-2
26556,0,-2,-2
26557,0,-2,-2
26558,0,-2,-2
26559,0,-2,-2
26560,0,-2,-2
26561,1,-2,-2
26562,0,-1,-1
26563,1,-2,-2
26564,0,-1,-1
26565,1,-2,-2
26566,0,-2,-2
26567,0,-2,-2
26568,0,-2,-2
26569,0,-2,-2
26570,1,-1,-1
26571,1,-2,-2
26572,1,-2,-2
26573,1,-1,-1
26574,1,-2,-2
26575,1,-2,-2
26576,1,-2,-2
26577,0,-2,-2
26578,0,-2,-2
26579,1,-2,-2
26580,1,-2,-2
26581,0,-2,-2
26582,1,-2,-2
26583,1,-2,-2
26584,1,-2,-2
26585,0,-1,-1
26586,0,-2,-2
26587,0,-2,-2
26588,1,-2,-2
26589,1,-1,-1
26590,0,-1,-1
26591,0,-2,-2
26592,1,-1,-1
26593,1,-2,-2
26594,1,-2,-2
26595,1,-2,-2
26596,0,-2,-2
26597,1,-2,-2
26598,1,-2,-2
26599,1,-2,-2
26600,0,-1,-1
26601,0,-1,-1
26602,1,-2,-2
26603,1,-2,-2
26604,1,-2,-2
26605,1,-2,-2
26606,0,-2,-2
26607,0,-2,-2
26608,0,-2,-2
26609,0,-2,-2
26610,1,-1,-1
26611,0,-2,-2
26612,0,-2,-2
26613,0,-2,-2
26614,1,-2,-2
26615,0,-1,-1
26616,0,-2,-2
26617,1,-2,-2
26618,0,-1,-1
26619,1,-2,-2
26620,0,-1,-1
26621,0,-2,-2
26622,1,-2,-2
26623,1,-1,-1
26624,1,-2,-2
26625,1,-2,-2
26626,0,-2,-2
26627,0,-2,-2
26628,1,-1,-1
26629,0,-1,-1
26630,0,-1,-1
26631,1,-2,-2
26632,1,-2,-2
26633,0,-1,-1
26634,0,-1,-1
26635,0,-2,-2
26636,1,-2,-2
26637,1,-2,-2
26638,1,-2,-2
26639,0,-2,-2
26640,0,-2,-2
26641,0,-2,-2
26642,1,-2,-2
26643,0,-1,-1
26644,1,-2,-2
26645,1,-2,-2
26646,1,-2,-2
26647,0,-1,-1
26648,1,-1,-1
26649,1,-1,-1
26650,1,-2,-2
26651,1,-2,-2
26652,0,-1,-1
26653,0,-1,-1
26654,1,-1,-1
26655,1,-2,-2
26656,0,-2,-2
26657,0,-2,-2
26658,1,-2,-2
26659,1,-1,-1
26660,1,-1,-1
26661,0,-1,-1
26662,0,-1,-1
26663,0,-2,-2
26664,1,-2,-2
26665,0,-2,-2
26666,1,-2,-2
26667,1,-2,-2
26668,1,-1,-1
26669,0,-1,-1
26670,0,-2,-2
26671,1,-2,-2
26672,0,-2,-2
26673,0,-2,-2
26674,0,-2,-2
26675,0,-2,-2
26676,0,-2,-2
26677,0,-2,-2
26678,1,-2,-2
26679,0,-2,-2
26680,0,-2,-2
26681,1,-2,-2
26682,1,-2,-2
26683,1,-2,-2
26684,1,-2,-2
26685,1,-1,-1
26686,1,-2,-2
26687,1,-2,-2
26688,1,-2,-2
26689,0,-2,-2
26690,1,-1,-1
26691,1,-2,-2
26692,1,-1,-1
26693,1,-2,-2
26694,0,-2,-2
26695,1,-2,-2
26696,0,-1,-1
26697,0,-2,-2
26698,1,-2,-2
26699,0,-2,-2
26700,1,-2,-2
26701,1,-1,-1
26702,1,-2,-2
26703,1,-1,-1
26704,0,-1,-1
26705,1,-2,-2
26706,1,-2,-2
26707,0,-2,-2
26708,1,-2,-2
26709,0,-2,-2
26710,0,-2,-2
26711,1,-1,-1
26712,0,-2,-2
26713,1,-2,-2
26714,1,-2,-2
26715,1,-2,-2
26716,0,-2,-2
26717,1,-2,-2
26718,0,-2,-2
26719,0,-2,-2
26720,1,-2,-2
26721,0,-2,-2
26722,0,-2,-2
26723,0,-2,-2
26724,1,-1,-1
26725,0,-2,-2
26726,0,-2,-2
26727,1,-2,-2
26728,1,-2,-2
26729,1,-1,-1
26730,1,-2,-2
26731,0,-2,-2
26732,1,-2,-2
26733,0,-2,-2
26734,0,-1,-1
26735,1,-2,-2
26736,1,-2,-2
26737,0,-2,-2
26738,1,-2,-2
26739,0,-2,-2
26740,1,-2,-2
26741,0,-2,-2
26742,0,-2,-2
26743,1,-2,-2
26744,0,-1,-1
26745,0,-1,-1
26746,0,-1,-1
26747,1,-2,-2
26748,0,-2,-2
26749,1,-2,-2
26750,1,-2,-2
26751,1,-1,-1
26752,1,-2,-2
26753,1,-2,-2
26754,0,-1,-1
26755,1,-2,-2
26756,0,-2,-2
26757,0,-1,-1
26758,1,-2,-2
26759,1,-2,-2
26760,0,-2,-2
26761,0,-2,-2
26762,1,-2,-2
26763,0,-2,-2
26764,1,-2,-2
26765,0,-1,-1
26766,0,-2,-2
26767,1,-2,-2
26768,1,-2,-2
26769,0,-2,-2
26770,0,-1,-1
26771,1,-1,-1
26772,1,-1,-1
26773,0,-2,-2
26774,0,-2,-2
26775,1,-2,-2
26776,0,-1,-1
26777,1,-2,-2
26778,0,-1,-1
26779,0,-2,-2
26780,1,-2,-2
26781,1,-2,-2
26782,0,-2,-2
26783,0,-2,-2
26784,0,-2,-2
26785,0,-1,-1
26786,0,-1,-1
26787,1,-2,-2
26788,0,-1,-1
26789,1,-2,-2
26790,1,-1,-1
26791,1,-2,-2
26792,0,-2,-2
26793,0,-2,-2
26794,1,-2,-2
26795,0,-2,-2
26796,1,-1,-1
26797,1,-1,-1
26798,0,-2,-2
26799,1,-2,-2
26800,0,-2,-2
26801,1,-2,-2
26802,0,-2,-2
26803,0,-2,-2
26804,1,-2,-2
26805,1,-2,-2
26806,1,-1,-1
26807,0,-2,-2
26808,1,-2,-2
26809,1,-1,-1
26810,1,-2,-2
26811,0,-2,-2
26812,1,-2,-2
26813,0,-2,-2
26814,1,-2,-2
26815,0,-1,-1
26816,0,-1,-1
26817,1,-2,-2
26818,1,-2,-2
26819,0,-2,-2
26820,1,-2,-2
26821,1,-2,-2
26822,1,-2,-2
26823,1,-2,-2
26824,0,-2,-2
26825,0,-2,-2
26826,1,-2,-2
26827,0,-2,-2
26828,1,-1,-1
26829,0,-2,-2
26830,0,-2,-2
26831,0,-2,-2
26832,0,-1,-1
26833,1,-1,-1
26834,0,-2,-2
26835,1,-1,-1
26836,1,-2,-2
26837,1,-2,-2
26838,1,-2,-2
26839,1,-2,-2
26840,0,-2,-2
26841,0,-2,-2
26842,1,-2,-2
26843,0,-2,-2
26844,1,-2,-2
26845,1,-2,-2
26846,0,-1,-1
26847,1,-2,-2
26848,1,-2,-2
26849,1,-2,-2
26850,0,-2,-2
26851,1,-2,-2
26852,1,-1,-1
26853,1,-2,-2
26854,1,-1,-1
26855,0,-1,-1
26856,1,-2,-2
26857,1,-1,-1
26858,1,-2,-2
26859,0,-2,-2
26860,0,-2,-2
26861,0,-2,-2
26862,1,-2,-2
26863,0,-2,-2
26864,1,-2,-2
26865,1,-2,-2
26866,1,-2,-2
26867,0,-2,-2
26868,0,-2,-2
26869,0,-2,-2
26870,1,-1,-1
26871,1,-1,-1
26872,0,-2,-2
26873,0,-2,-2
26874,0,-2,-2
26875,0,-2,-2
26876,1,-1,-1
26877,0,-2,-2
26878,0,-2,-2
26879,1,-2,-2
26880,1,-2,-2
26881,0,-2,-2
26882,1,-2,-2
26883,0,-2,-2
26884,0,-2,-2
26885,0,-2,-2
26886,1,-2,-2
26887,0,-2,-2
26888,0,-2,-2
26889,0,-1,-1
26890,0,-2,-2
26891,1,-2,-2
26892,0,-2,-2
26893,0,-2,-2
26894,0,-2,-2
26895,0,-2,-2
26896,1,-2,-2
26897,1,-2,-2
26898,1,-2,-2
26899,1,-1,-1
26900,0,-2,-2
26901,1,-2,-2
26902,0,-2,-2
26903,0,-2,-2
26904,0,-2,-2
26905,1,-2,-2
26906,1,-2,-2
26907,0,-2,-2
26908,1,-2,-2
26909,0,-2,-2
26910,0,-1,-1
26911,0,-1,-1
26912,1,-2,-2
26913,0,-2,-2
26914,0,-1,-1
26915,0,-2,-2
26916,1,-2,-2
26917,0,-2,-2
26918,0,-2,-2
26919,1,-2,-2
26920,1,-1,-1
26921,1,-2,-2
26922,0,-2,-2
26923,0,-2,-2
26924,1,-2,-2
26925,0,-2,-2
26926,1,-2,-2
26927,0,-1,-1
26928,0,-2,-2
26929,1,-1,-1
26930,0,-2,-2
26931,1,-2,-2
26932,0,-2,-2
26933,1,-1,-1
26934,1,-1,-1
26935,1,-2,-2
26936,0,-2,-2
26937,0,-2,-2
26938,1,-2,-2
26939,1,-1,-1
26940,0,-2,-2
26941,1,-2,-2
26942,1,-2,-2
26943,1,-1,-1
26944,0,-2,-2
26945,1,-2,-2
26946,1,-2,-2
26947,0,-2,-2
26948,0,-2,-2
26949,0,-2,-2
26950,1,-1,-1
26951,0,-2,-2
26952,1,-2,-2
26953,0,-2,-2
26954,0,-1,-1
26955,0,-1,-1
26956,0,-2,-2
26957,0,-1,-1
26958,0,-1,-1
26959,0,-1,-1
26960,0,-2,-2
26961,1,-2,-2
26962,1,-1,-1
26963,0,-2,-2
26964,0,-2,-2
26965,1,-2,-2
26966,1,-2,-2
26967,0,-2,-2
26968,1,-2,-2
26969,0,-2,-2
26970,1,-2,-2
26971,0,-2,-2
26972,1,-2,-2
26973,1,-2,-2
26974,1,-1,-1
26975,1,-2,-2
26976,0,-1,-1
26977,1,-1,-1
26978,0,-2,-2
26979,0,-2,-2
26980,1,-1,-1
26981,0,-2,-2
26982,0,-2,-2
26983,0,-1,-1
26984,0,-1,-1
26985,1,-2,-2
26986,0,-2,-2
26987,0,-2,-2
26988,1,-1,-1
26989,1,-2,-2
26990,0,-2,-2
26991,1,-1,-1
26992,0,-2,-2
26993,1,-2,-2
26994,1,-2,-2
26995,0,-2,-2
26996,0,-2,-2
26997,0,-2,-2
26998,1,-1,-1
26999,1,-2,-2
27000,1,-2,-2
27001,0,-2,-2
27002,1,-2,-2
27003,0,-2,-2
27004,0,-2,-2
27005,1,-2,-2
27006,1,-2,-2
27007,0,-2,-2
27008,1,-2,-2
27009,0,-2,-2
27010,1,-2,-2
27011,0,-2,-2
27012,1,-2,-2
27013,1,-2,-2
27014,1,-2,-2
27015,1,-2,-2
27016,1,-2,-2
27017,1,-2,-2
27018,0,-2,-2
27019,0,-2,-2
27020,0,-2,-2
27021,0,-2,-2
27022,1,-2,-2
27023,1,-1,-1
27024,0,-2,-2
27025,0,-2,-2
27026,0,-2,-2
27027,1,-1,-1
27028,1,-2,-2
27029,1,-2,-2
27030,0,-2,-2
27031,0,-2,-2
27032,1,-2,-2
27033,0,-2,-2
27034,0,-2,-2
27035,0,-2,-2
27036,0,-2,-2
27037,0,-2,-2
27038,0,-2,-2
27039,1,-2,-2
27040,1,-2,-2
27041,1,-2,-2
27042,1,-2,-2
27043,0,-1,-1
27044,1,-2,-2
27045,0,-2,-2
27046,1,-2,-2
27047,0,-2,-2
27048,1,-2,-2
27049,1,-2,-2
27050,0,-2,-2
27051,0,-2,-2
27052,0,-2,-2
27053,1,-2,-2
27054,0,-2,-2
27055,0,-2,-2
27056,0,-2,-2
27057,1,-2,-2
27058,1,-2,-2
27059,0,-2,-2
27060,1,-2,-2
27061,1,-2,-2
27062,1,-2,-2
27063,1,-2,-2
27064,1,-1,-1
27065,1,-2,-2
27066,1,-1,-1
27067,0,-2,-2
27068,0,-2,-2
27069,1,-2,-2
27070,0,-2,-2
27071,0,-2,-2
27072,1,-2,-2
27073,0,-2,-2
27074,1,-1,-1
27075,1,-1,-1
27076,1,-2,-2
27077,1,-2,-2
27078,1,-2,-2
27079,0,-2,-2
27080,1,-2,-2
27081,1,-2,-2
27082,1,-2,-2
27083,1,-2,-2
27084,0,-2,-2
27085,0,-2,-2
27086,1,-2,-2
27087,1,-1,-1
27088,0,-1,-1
27089,0,-2,-2
27090,1,-1,-1
27091,0,-2,-2
27092,0,-2,-2
27093,1,-1,-1
27094,1,-1,-1
27095,0,-2,-2
27096,1,-2,-2
27097,0,-2,-2
27098,0,-2,-2
27099,1,-2,-2
27100,1,-1,-1
27101,1,-2,-2
27102,1,-2,-2
27103,0,-2,-2
27104,0,-2,-2
27105,0,-2,-2
27106,0,-2,-2
27107,0,-2,-2
27108,1,-2,-2
27109,0,-2,-2
27110,1,-1,-1
27111,0,-2,-2
27112,1,-2,-2
27113,1,-2,-2
27114,1,-2,-2
27115,1,-2,-2
27116,0,-2,-2
27117,0,-1,-1
27118,0,-2,-2
27119,1,-2,-2
27120,0,-2,-2
27121,0,-2,-2
27122,0,-2,-2
27123,1,-2,-2
27124,1,-2,-2
27125,1,-2,-2
27126,0,-2,-2
27127,0,-1,-1
27128,0,-2,-2
27129,1,-2,-2
27130,1,-1,-1
27131,1,-2,-2
27132,1,-2,-2
27133,1,-2,-2
27134,0,-2,-2
27135,0,-2,-2
27136,0,-2,-2
27137,0,-2,-2
27138,0,-1,-1
27139,0,-2,-2
27140,0,-1,-1
27141,1,-1,-1
27142,0,-2,-2
27143,1,-2,-2
27144,0,-2,-2
27145,0,-2,-2
27146,1,-2,-2
27147,0,-1,-1
27148,0,-2,-2
27149,1,-2,-2
27150,0,-2,-2
27151,1,-1,-1
27152,0,-1,-1
27153,1,-2,-2
27154,1,-2,-2
27155,1,-2,-2
27156,1,-2,-2
27157,1,-2,-2
27158,0,-2,-2
27159,0,-2,-2
27160,1,-1,-1
27161,0,-2,-2
27162,1,-2,-2
27163,1,-2,-2
27164,0,-1,-1
27165,1,-1,-1
27166,0,-2,-2
27167,0,-2,-2
27168,1,-1,-1
27169,0,-2,-2
27170,1,-2,-2
27171,0,-2,-2
27172,0,-2,-2
27173,1,-2,-2
27174,0,-2,-2
27175,1,-2,-2
27176,0,-2,-2
27177,1,-2,-2
27178,0,-2,-2
27179,0,-2,-2
27180,0,-2,-2
27181,1,-2,-2
27182,1,-1,-1
27183,1,-2,-2
27184,0,-2,-2
27185,0,-2,-2
27186,0,-2,-2
27187,1,-2,-2
27188,0,-2,-2
27189,0,-2,-2
27190,1,-2,-2
27191,0,-2,-2
27192,0,-2,-2
27193,1,-2,-2
27194,1,-1,-1
27195,0,-2,-2
27196,0,-2,-2
27197,1,-1,-1
27198,1,-1,-1
27199,0,-1,-1
27200,0,-2,-2
27201,1,-2,-2
27202,0,-2,-2
27203,1,-2,-2
27204,1,-2,-2
27205,0,-2,-2
27206,0,-2,-2
27207,0,-2,-2
27208,0,-2,-2
27209,0,-1,-1
27210,1,-2,-2
27211,0,-2,-2
27212,1,-1,-1
27213,0,-2,-2
27214,1,-2,-2
27215,0,-2,-2
27216,1,-2,-2
27217,1,-1,-1
27218,1,-2,-2
27219,1,-2,-2
27220,1,-1,-1
27221,0,-1,-1
27222,0,-2,-2
27223,0,-2,-2
27224,0,-2,-2
27225,1,-2,-2
27226,1,-2,-2
27227,1,-2,-2
27228,0,-2,-2
27229,1,-1,-1
27230,0,-2,-2
27231,1,-2,-2
27232,1,-2,-2
27233,0,-2,-2
27234,0,-1,-1
27235,1,-2,-2
27236,1,-2,-2
27237,1,-2,-2
27238,1,-2,-2
27239,0,-2,-2
27240,1,-2,-2
27241,0,-2,-2
27242,1,-2,-2
27243,1,-1,-1
27244,0,-2,-2
27245,0,-1,-1
27246,1,-2,-2
27247,0,-1,-1
27248,1,-2,-2
27249,0,-2,-2
27250,1,-2,-2
27251,1,-2,-2
27252,1,-2,-2
27253,1,-2,-2
27254,1,-2,-2
27255,1,-2,-2
27256,1,-2,-2
27257,1,-1,-1
27258,0,-2,-2
27259,1,-2,-2
27260,1,-2,-2
27261,1,-2,-2
27262,1,-2,-2
27263,1,-2,-2
27264,1,-2,-2
27265,0,-2,-2
27266,0,-2,-2
27267,0,-1,-1
27268,0,-2,-2
27269,1,-1,-1
27270,1,-2,-2
27271,1,-2,-2
27272,1,-2,-2
27273,0,-2,-2
27274,0,-1,-1
27275,1,-2,-2
27276,1,-2,-2
27277,1,-1,-1
27278,0,-2,-2
27279,0,-2,-2
27280,1,-2,-2
27281,1,-2,-2
27282,1,-2,-2
27283,1,-1,-1
27284,0,-2,-2
27285,0,-2,-2
27286,0,-2,-2
27287,0,-2,-2
27288,0,-2,-2
27289,0,-2,-2
27290,0,-1,-1
27291,1,-1,-1
27292,0,-1,-1
27293,1,-1,-1
27294,1,-1,-1
27295,0,-2,-2
27296,0,-2,-2
27297,0,-2,-2
27298,0,-1,-1
27299,0,-2,-2
27300,1,-2,-2
27301,0,-2,-2
27302,1,-2,-2
27303,1,-1,-1
27304,1,-2,-2
27305,0,-1,-1
27306,0,-2,-2
27307,1,-2,-2
27308,1,-2,-2
27309,0,-2,-2
27310,0,-1,-1
27311,1,-1,-1
27312,1,-2,-2
27313,1,-2,-2
27314,1,-2,-2
27315,0,-2,-2
27316,0,-2,-2
27317,0,-2,-2
27318,0,-2,-2
27319,0,-2,-2
27320,1,-1,-1
27321,0,-2,-2
27322,1,-2,-2
27323,1,-2,-2
27324,0,-2,-2
27325,1,-2,-2
27326,1,-2,-2
27327,1,-2,-2
27328,1,-2,-2
27329,1,-2,-2
27330,0,-2,-2
27331,1,-2,-2
27332,0,-1,-1
27333,1,-1,-1
27334,0,-2,-2
27335,0,-1,-1
27336,0,-2,-2
27337,0,-2,-2
27338,0,-2,-2
27339,0,-2,-2
27340,0,-2,-2
27341,0,-1,-1
27342,1,-2,-2
27343,1,-2,-2
27344,0,-1,-1
27345,1,-2,-2
27346,0,-2,-2
27347,0,-2,-2
27348,1,-1,-1
27349,1,-2,-2
27350,0,-2,-2
27351,0,-2,-2
27352,0,-2,-2
27353,1,-2,-2
27354,1,-2,-2
27355,0,-2,-2
27356,0,-2,-2
27357,1,-1,-1
27358,0,-2,-2
27359,0,-2,-2
27360,0,-2,-2
27361,1,-2,-2
27362,1,-2,-2
27363,1,-1,-1
27364,1,-2,-2
27365,1,-2,-2
27366,1,-2,-2
27367,1,-2,-2
27368,1,-2,-2
27369,1,-2,-2
27370,1,-2,-2
27371,1,-2,-2
27372,1,-2,-2
27373,0,-2,-2
27374,0,-2,-2
27375,1,-2,-2
27376,0,-2,-2
27377,1,-1,-1
27378,1,-2,-2
27379,0,-2,-2
27380,0,-2,-2
27381,0,-2,-2
27382,0,-2,-2
27383,0,-2,-2
27384,0,-1,-1
27385,0,-1,-1
27386,1,-2,-2
27387,1,-2,-2
27388,0,-2,-2
27389,0,-2,-2
27390,0,-2,-2
27391,1,-2,-2
27392,1,-2,-2
27393,0,-1,-1
27394,1,-2,-2
27395,1,-2,-2
27396,0,-2,-2
27397,1,-2,-2
27398,0,-2,-2
27399,0,-2,-2
27400,1,-1,-1
27401,1,-2,-2
27402,0,-2,-2
27403,0,-1,-1
27404,1,-2,-2
27405,1,-2,-2
27406,0,-2,-2
27407,1,-2,-2
27408,0,-2,-2
27409,1,-2,-2
27410,0,-2,-2
27411,1,-2,-2
27412,1,-1,-1
27413,0,-2,-2
27414,0,-2,-2
27415,0,-2,-2
27416,0,-2,-2
27417,0,-2,-2
27418,1,-2,-2
27419,0,-1,-1
27420,1,-2,-2
27421,0,-2,-2
27422,1,-2,-2
27423,1,-2,-2
27424,0,-2,-2
27425,1,-1,-1
27426,0,-2,-2
27427,1,-2,-2
27428,1,-1,-1
27429,0,-1,-1
27430,1,-1,-1
27431,1,-2,-2
27432,1,-2,-2
27433,1,-2,-2
27434,1,-1,-1
27435,1,-2,-2
27436,1,-2,-2
27437,0,-2,-2
27438,1,-2,-2
27439,1,-2,-2
27440,1,-1,-1
27441,1,-1,-1
27442,0,-1,-1
27443,0,-2,-2
27444,1,-2,-2
27445,1,-2,-2
27446,0,-2,-2
27447,1,-2,-2
27448,1,-2,-2
27449,0,-2,-2
27450,1,-2,-2
27451,0,-2,-2
27452,0,-2,-2
27453,0,-2,-2
27454,0,-2,-2
27455,1,-2,-2
27456,0,-2,-2
27457,1,-2,-2
27458,1,-2,-2
27459,1,-2,-2
27460,1,-2,-2
27461,1,-2,-2
27462,1,-2,-2
27463,1,-2,-2
27464,1,-2,-2
27465,0,-2,-2
27466,1,-2,-2
27467,0,-2,-2
27468,0,-2,-2
27469,1,-2,-2
27470,0,-2,-2
27471,0,-2,-2
27472,1,-2,-2
27473,0,-1,-1
27474,0,-2,-2
27475,1,-2,-2
27476,0,-1,-1
27477,1,-2,-2
27478,1,-2,-2
27479,1,-2,-2
27480,1,-1,-1
27481,1,-2,-2
27482,1,-2,-2
27483,1,-2,-2
27484,1,-2,-2
27485,1,-2,-2
27486,1,-2,-2
27487,1,-2,-2
27488,0,-2,-2
27489,1,-1,-1
27490,0,-2,-2
27491,1,-2,-2
27492,0,-2,-2
27493,1,-2,-2
27494,0,-2,-2
27495,0,-2,-2
27496,1,-1,-1
27497,0,-2,-2
27498,0,-2,-2
27499,0,-2,-2
27500,0,-2,-2
27501,1,-2,-2
27502,0,-2,-2
27503,1,-1,-1
27504,0,-2,-2
27505,1,-2,-2
27506,0,-1,-1
27507,0,-2,-2
27508,1,-1,-1
27509,1,-1,-1
27510,0,-2,-2
27511,1,-2,-2
27512,1,-2,-2
27513,0,-1,-1
27514,1,-1,-1
27515,0,-2,-2
27516,1,-2,-2
27517,0,-2,-2
27518,1,-2,-2
27519,0,-1,-1
27520,1,-2,-2
27521,1,-1,-1
27522,1,-2,-2
27523,1,-1,-1
27524,0,-2,-2
27525,0,-1,-1
27526,1,-2,-2
27527,0,-2,-2
27528,1,-1,-1
27529,0,-2,-2
27530,1,-2,-2
27531,0,-1,-1
27532,1,-1,-1
27533,0,-2,-2
27534,0,-2,-2
27535,0,-1,-1
27536,1,-2,-2
27537,0,-2,-2
27538,1,-2,-2
27539,1,-2,-2
27540,0,-2,-2
27541,0,-2,-2
27542,0,-1,-1
27543,1,-1,-1
27544,1,-2,-2
27545,1,-2,-2
27546,1,-2,-2
27547,1,-2,-2
27548,0,-2,-2
27549,1,-2,-2
27550,1,-2,-2
27551,1,-2,-2
27552,0,-2,-2
27553,0,-2,-2
27554,0,-2,-2
27555,0,-2,-2
27556,0,-2,-2
27557,0,-2,-2
27558,0,-2,-2
27559,1,-2,-2
27560,0,-2,-2
27561,1,-1,-1
27562,0,-1,-1
27563,1,-1,-1
27564,0,-2,-2
27565,1,-2,-2
27566,1,-1,-1
27567,1,-2,-2
27568,0,-2,-2
27569,0,-2,-2
27570,0,-2,-2
27571,1,-2,-2
27572,1,-2,-2
27573,1,-2,-2
27574,0,-2,-2
27575,1,-2,-2
27576,0,-2,-2
27577,0,-2,-2
27578,1,-1,-1
27579,0,-2,-2
27580,0,-2,-2
27581,1,-2,-2
27582,1,-2,-2
27583,0,-1,-1
27584,1,-2,-2
27585,1,-2,-2
27586,0,-2,-2
27587,0,-2,-2
27588,0,-2,-2
27589,0,-2,-2
27590,0,-2,-2
27591,1,-2,-2
27592,0,-2,-2
27593,1,-2,-2
27594,0,-2,-2
27595,1,-2,-2
27596,1,-2,-2
27597,1,-2,-2
27598,1,-1,-1
27599,1,-2,-2
27600,0,-2,-2
27601,0,-2,-2
27602,0,-2,-2
27603,1,-2,-2
27604,1,-2,-2
27605,0,-2,-2
27606,1,-2,-2
27607,1,-1,-1
27608,1,-2,-2
27609,0,-1,-1
27610,0,-2,-2
27611,0,-2,-2
27612,1,-2,-2
27613,1,-1,-1
27614,0,-2,-2
27615,0,-2,-2
27616,0,-1,-1
27617,0,-1,-1
27618,1,-2,-2
27619,0,-2,-2
27620,1,-2,-2
27621,1,-2,-2
27622,0,-2,-2
27623,0,-2,-2
27624,0,-2,-2
27625,1,-2,-2
27626,1,-2,-2
27627,1,-1,-1
27628,0,-2,-2
27629,1,-2,-2
27630,0,-2,-2
27631,1,-2,-2
27632,0,-1,-1
27633,1,-2,-2
27634,1,-1,-1
27635,0,-2,-2
27636,0,-2,-2
27637,0,-2,-2
27638,1,-2,-2
27639,1,-2,-2
27640,1,-2,-2
27641,0,-1,-1
27642,1,-2,-2
27643,1,-2,-2
27644,1,-1,-1
27645,1,-2,-2
27646,0,-2,-2
27647,0,-2,-2
27648,0,-2,-2
27649,0,-2,-2
27650,1,-2,-2
27651,0,-2,-2
27652,0,-2,-2
27653,1,-2,-2
27654,1,-1,-1
27655,1,-2,-2
27656,1,-1,-1
27657,1,-2,-2
27658,0,-2,-2
27659,0,-2,-2
27660,0,-2,-2
27661,1,-2,-2
27662,0,-2,-2
27663,0,-2,-2
27664,1,-2,-2
27665,0,-2,-2
27666,1,-2,-2
27667,1,-2,-2
27668,0,-2,-2
27669,1,-2,-2
27670,1,-2,-2
27671,0,-1,-1
27672,0,-1,-1
27673,0,-2,-2
27674,1,-2,-2
27675,0,-2,-2
27676,1,-2,-2
27677,1,-2,-2
27678,1,-2,-2
27679,1,-2,-2
27680,0,-2,-2
27681,1,-2,-2
27682,0,-1,-1
27683,1,-2,-2
27684,0,-1,-1
27685,1,-1,-1
27686,1,-2,-2
27687,0,-2,-2
27688,1,-2,-2
27689,1,-2,-2
27690,1,-2,-2
27691,0,-1,-1
27692,0,-1,-1
27693,1,-2,-2
27694,0,-2,-2
27695,0,-2,-2
27696,0,-1,-1
27697,0,-1,-1
27698,0,-2,-2
27699,0,-2,-2
27700,1,-2,-2
27701,0,-2,-2
27702,1,-1,-1
27703,1,-2,-2
27704,0,-2,-2
27705,1,-2,-2
27706,0,-2,-2
27707,1,-2,-2
27708,0,-1,-1
27709,1,-2,-2
27710,0,-2,-2
27711,1,-1,-1
27712,0,-2,-2
27713,0,-2,-2
27714,1,-2,-2
27715,1,-1,-1
27716,0,-1,-1
27717,0,-2,-2
27718,0,-1,-1
27719,1,-2,-2
27720,0,-2,-2
27721,0,-1,-1
27722,0,-2,-2
27723,1,-2,-2
27724,1,-2,-2
27725,0,-2,-2
27726,0,-1,-1
27727,1,-1,-1
27728,1,-2,-2
27729,1,-2,-2
27730,1,-2,-2
27731,0,-2,-2
27732,0,-2,-2
27733,0,-2,-2
27734,0,-2,-2
27735,0,-1,-1
27736,0,-2,-2
27737,1,-2,-2
27738,1,-2,-2
27739,1,-2,-2
27740,0,-1,-1
27741,0,-2,-2
27742,1,-2,-2
27743,0,-2,-2
27744,0,-2,-2
27745,0,-1,-1
27746,0,-2,-2
27747,0,-2,-2
27748,1,-2,-2
27749,1,-1,-1
27750,0,-2,-2
27751,0,-2,-2
27752,1,-2,-2
27753,1,-2,-2
27754,1,-2,-2
27755,0,-2,-2
27756,1,-2,-2
27757,1,-2,-2
27758,1,-2,-2
27759,0,-2,-2
27760,1,-2,-2
27761,0,-2,-2
27762,0,-2,-2
27763,1,-2,-2
27764,0,-2,-2
27765,0,-1,-1
27766,0,-2,-2
27767,0,-2,-2
27768,1,-2,-2
27769,1,-2,-2
27770,0,-2,-2
27771,1,-2,-2
27772,1,-1,-1
27773,1,-1,-1
27774,1,-1,-1
27775,0,-2,-2
27776,0,-1,-1
27777,0,-2,-2
27778,0,-2,-2
27779,1,-2,-2
27780,1,-2,-2
27781,0,-2,-2
27782,1,-2,-2
27783,0,-2,-2
27784,1,-2,-2
27785,0,-2,-2
27786,0,-1,-1
27787,1,-2,-2
27788,0,-2,-2
27789,1,-2,-2
27790,0,-2,-2
27791,0,-2,-2
27792,0,-2,-2
27793,1,-2,-2
27794,1,-2,-2
27795,1,-2,-2
27796,1,-2,-2
27797,1,-2,-2
27798,1,-2,-2
27799,0,-2,-2
27800,0,-2,-2
27801,1,-2,-2
27802,1,-2,-2
27803,1,-1,-1
27804,0,-2,-2
27805,1,-2,-2
27806,1,-2,-2
27807,1,-1,-1
27808,0,-2,-2
27809,1,-2,-2
27810,0,-2,-2
27811,0,-2,-2
27812,0,-2,-2
27813,0,-2,-2
27814,0,-2,-2
27815,0,-2,-2
27816,0,-2,-2
27817,0,-2,-2
27818,0,-2,-2
27819,1,-2,-2
27820,1,-2,-2
27821,0,-2,-2
27822,1,-2,-2
27823,0,-2,-2
27824,0,-2,-2
27825,0,-2,-2
27826,1,-1,-1
27827,0,-2,-2
27828,0,-2,-2
27829,1,-2,-2
27830,1,-1,-1
27831,1,-2,-2
27832,1,-2,-2
27833,0,-1,-1
27834,1,-2,-2
27835,0,-2,-2
27836,0,-2,-2
27837,0,-2,-2
27838,1,-2,-2
27839,1,-2,-2
27840,1,-1,-1
27841,0,-1,-1
27842,0,-2,-2
27843,0,-2,-2
27844,0,-2,-2
27845,1,-2,-2
27846,1,-1,-1
27847,0,-2,-2
27848,1,-1,-1
27849,1,-1,-1
27850,0,-1,-1
27851,1,-2,-2
27852,1,-2,-2
27853,1,-2,-2
27854,0,-2,-2
27855,1,-2,-2
27856,0,-2,-2
27857,0,-2,-2
27858,0,-1,-1
27859,0,-2,-2
27860,1,-2,-2
27861,0,-2,-2
27862,0,-2,-2
27863,1,-2,-2
27864,1,-2,-2
27865,1,-2,-2
27866,1,-2,-2
27867,0,-2,-2
27868,0,-2,-2
27869,0,-1,-1
27870,0,-2,-2
27871,0,-2,-2
27872,0,-2,-2
27873,1,-2,-2
27874,0,-2,-2
27875,0,-2,-2
27876,0,-2,-2
27877,0,-2,-2
27878,0,-2,-2
27879,1,-2,-2
27880,1,-2,-2
27881,1,-2,-2
27882,1,-2,-2
27883,1,-2,-2
27884,0,-1,-1
27885,0,-2,-2
27886,0,-1,-1
27887,0,-2,-2
27888,0,-2,-2
27889,0,-2,-2
27890,0,-1,-1
27891,0,-2,-2
27892,0,-2,-2
27893,1,-2,-2
27894,1,-1,-1
27895,0,-2,-2
27896,0,-2,-2
27897,1,-2,-2
27898,0,-2,-2
27899,0,-2,-2
27900,0,-1,-1
27901,0,-2,-2
27902,0,-2,-2
27903,0,-2,-2
27904,1,-2,-2
27905,0,-1,-1
27906,1,-2,-2
27907,1,-2,-2
27908,0,-2,-2
27909,0,-2,-2
27910,1,-2,-2
27911,0,-2,-2
27912,0,-1,-1
27913,1,-2,-2
27914,1,-1,-1
27915,0,-2,-2
27916,1,-2,-2
27917,1,-2,-2
27918,1,-2,-2
27919,1,-1,-1
27920,0,-2,-2
27921,0,-2,-2
27922,0,-2,-2
27923,1,-1,-1
27924,0,-2,-2
27925,0,-2,-2
27926,1,-2,-2
27927,1,-2,-2
27928,1,-2,-2
27929,0,-2,-2
27930,0,-2,-2
27931,0,-2,-2
27932,1,-2,-2
27933,0,-2,-2
27934,1,-2,-2
27935,1,-2,-2
27936,0,-2,-2
27937,0,-2,-2
27938,1,-2,-2
27939,0,-2,-2
27940,1,-2,-2
27941,1,-2,-2
27942,0,-2,-2
27943,0,-2,-2
27944,1,-1,-1
27945,0,-2,-2
27946,1,-2,-2
27947,0,-2,-2
27948,0,-2,-2
27949,0,-2,-2
27950,0,-2,-2
27951,1,-1,-1
27952,1,-1,-1
27953,0,-2,-2
27954,0,-2,-2
27955,1,-2,-2
27956,1,-2,-2
27957,0,-2,-2
27958,1,-1,-1
27959,1,-1,-1
27960,1,-2,-2
27961,0,-2,-2
27962,1,-2,-2
27963,1,-2,-2
27964,1,-2,-2
27965,0,-2,-2
27966,0,-2,-2
27967,0,-2,-2
27968,1,-2,-2
27969,0,-2,-2
27970,1,-2,-2
27971,0,-2,-2
27972,1,-1,-1
27973,0,-2,-2
27974,1,-1,-1
27975,1,-2,-2
27976,1,-2,-2
27977,0,-1,-1
27978,1,-2,-2
27979,0,-2,-2
27980,0,-2,-2
27981,0,-2,-2
27982,0,-1,-1
27983,1,-2,-2
27984,0,-2,-2
27985,1,-2,-2
27986,0,-2,-2
27987,1,-2,-2
27988,1,-2,-2
27989,1,-2,-2
27990,0,-2,-2
27991,0,-2,-2
27992,1,-2,-2
27993,1,-1,-1
27994,1,-2,-2
27995,0,-1,-1
27996,0,-2,-2
27997,1,-2,-2
27998,0,-2,-2
27999,1,-2,-2
28000,1,-2,-2
28001,0,-1,-1
28002,1,-2,-2
28003,0,-2,-2
28004,0,-1,-1
28005,1,-1,-1
28006,0,-2,-2
28007,0,-2,-2
28008,0,-2,-2
28009,1,-2,-2
28010,1,-2,-2
28011,1,-1,-1
28012,0,-2,-2
28013,0,-1,-1
28014,1,-2,-2
28015,1,-2,-2
28016,1,-1,-1
28017,1,-2,-2
28018,1,-1,-1
28019,1,-2,-2
28020,0,-2,-2
28021,1,-2,-2
28022,1,-2,-2
28023,0,-2,-2
28024,1,-2,-2
28025,1,-2,-2
28026,0,-1,-1
28027,0,-2,-2
28028,0,-1,-1
28029,0,-2,-2
28030,0,-2,-2
28031,0,-1,-1
28032,1,-2,-2
28033,1,-1,-1
28034,1,-2,-2
28035,1,-1,-1
28036,0,-2,-2
28037,1,-2,-2
28038,1,-2,-2
28039,0,-2,-2
28040,0,-2,-2
28041,0,-1,-1
28042,0,-2,-2
28043,0,-2,-2
28044,0,-1,-1
28045,0,-2,-2
28046,0,-2,-2
28047,0,-2,-2
28048,1,-2,-2
28049,0,-2,-2
28050,0,-2,-2
28051,0,-2,-2
28052,0,-2,-2
28053,0,-2,-2
28054,1,-2,-2
28055,1,-2,-2
28056,0,-2,-2
28057,1,-2,-2
28058,1,-1,-1
28059,0,-2,-2
28060,1,-1,-1
28061,0,-2,-2
28062,0,-2,-2
28063,0,-2,-2
28064,1,-1,-1
28065,0,-2,-2
28066,1,-1,-1
28067,1,-1,-1
28068,1,-1,-1
28069,0,-2,-2
28070,1,-2,-2
28071,0,-2,-2
28072,0,-2,-2
28073,0,-1,-1
28074,0,-2,-2
28075,1,-2,-2
28076,0,-2,-2
28077,0,-2,-2
28078,0,-2,-2
28079,1,-2,-2
28080,1,-2,-2
28081,1,-2,-2
28082,0,-2,-2
28083,0,-1,-1
28084,0,-2,-2
28085,1,-2,-2
28086,1,-1,-1
28087,1,-2,-2
28088,1,-2,-2
28089,0,-1,-1
28090,0,-2,-2
28091,0,-1,-1
28092,1,-2,-2
28093,1,-1,-1
28094,0,-1,-1
28095,1,-2,-2
28096,1,-2,-2
28097,0,-1,-1
28098,0,-2,-2
28099,0,-2,-2
28100,0,-2,-2
28101,1,-2,-2
28102,0,-2,-2
28103,0,-2,-2
28104,1,-2,-2
28105,0,-2,-2
28106,0,-2,-2
28107,1,-2,-2
28108,0,-2,-2
28109,0,-2,-2
28110,1,-2,-2
28111,1,-1,-1
28112,1,-2,-2
28113,0,-1,-1
28114,0,-2,-2
28115,1,-1,-1
28116,1,-2,-2
28117,0,-1,-1
28118,1,-1,-1
28119,0,-2,-2
28120,0,-2,-2
28121,1,-2,-2
28122,1,-1,-1
28123,0,-2,-2
28124,1,-1,-1
28125,0,-2,-2
28126,1,-2,-2
28127,1,-1,-1
28128,1,-2,-2
28129,1,-2,-2
28130,1,-2,-2
28131,1,-2,-2
28132,1,-2,-2
28133,1,-2,-2
28134,1,-2,-2
28135,0,-2,-2
28136,1,-1,-1
28137,0,-2,-2
28138,0,-2,-2
28139,1,-2,-2
28140,0,-2,-2
28141,1,-2,-2
28142,1,-1,-1
28143,0,-2,-2
28144,1,-2,-2
28145,1,-2,-2
28146,0,-2,-2
28147,0,-2,-2
28148,1,-1,-1
28149,0,-2,-2
28150,1,-2,-2
28151,1,-2,-2
28152,0,-2,-2
28153,0,-1,-1
28154,1,-2,-2
28155,0,-2,-2
28156,0,-1,-1
28157,1,-2,-2
28158,0,-2,-2
28159,0,-2,-2
28160,1,-2,-2
28161,1,-2,-2
28162,0,-1,-1
28163,1,-1,-1
28164,0,-2,-2
28165,1,-1,-1
28166,1,-2,-2
28167,0,-2,-2
28168,0,-1,-1
28169,0,-2,-2
28170,1,-2,-2
28171,0,-2,-2
28172,1,-1,-1
28173,1,-2,-2
28174,1,-2,-2
28175,0,-2,-2
28176,1,-2,-2
28177,1,-2,-2
28178,1,-2,-2
28179,1,-2,-2
28180,1,-1,-1
28181,1,-1,-1
28182,0,-2,-2
28183,0,-2,-2
28184,0,-2,-2
28185,0,-1,-1
28186,0,-2,-2
28187,0,-2,-2
28188,0,-2,-2
28189,1,-1,-1
28190,0,-1,-1
28191,1,-2,-2
28192,1,-1,-1
28193,0,-2,-2
28194,0,-2,-2
28195,0,-2,-2
28196,1,-1,-1
28197,1,-2,-2
28198,0,-2,-2
28199,1,-1,-1
28200,1,-2,-2
28201,0,-2,-2
28202,1,-2,-2
28203,1,-2,-2
28204,0,-1,-1
28205,0,-2,-2
28206,0,-2,-2
28207,1,-2,-2
28208,1,-2,-2
28209,1,-2,-2
28210,1,-2,-2
28211,0,-1,-1
28212,1,-1,-1
28213,0,-2,-2
28214,1,-2,-2
28215,0,-2,-2
28216,1,-2,-2
28217,0,-1,-1
28218,1,-2,-2
28219,1,-2,-2
28220,0,-1,-1
28221,1,-2,-2
28222,1,-2,-2
28223,1,-1,-1
28224,1,-1,-1
28225,0,-2,-2
28226,0,-2,-2
28227,0,-2,-2
28228,0,-1,-1
28229,1,-2,-2
28230,0,-2,-2
28231,0,-2,-2
28232,0,-2,-2
28233,1,-2,-2
28234,0,-1,-1
28235,1,-2,-2
28236,0,-1,-1
28237,1,-1,-1
28238,1,-2,-2
28239,1,-2,-2
28240,0,-1,-1
28241,1,-2,-2
28242,0,-2,-2
28243,1,-2,-2
28244,1,-2,-2
28245,0,-2,-2
28246,0,-2,-2
28247,0,-2,-2
28248,0,-2,-2
28249,0,-2,-2
28250,1,-2,-2
28251,1,-2,-2
28252,0,-2,-2
28253,0,-2,-2
28254,1,-2,-2
28255,1,-1,-1
28256,1,-2,-2
28257,1,-2,-2
28258,0,-2,-2
28259,1,-2,-2
28260,1,-2,-2
28261,1,-2,-2
28262,0,-1,-1
28263,0,-2,-2
28264,1,-2,-2
28265,0,-2,-2
28266,1,-2,-2
28267,0,-2,-2
28268,1,-2,-2
28269,1,-1,-1
28270,0,-2,-2
28271,0,-2,-2
28272,0,-2,-2
28273,0,-2,-2
28274,1,-2,-2
28275,0,-2,-2
28276,1,-2,-2
28277,0,-2,-2
28278,1,-2,-2
28279,1,-2,-2
28280,1,-2,-2
28281,1,-1,-1
28282,0,-2,-2
28283,0,-1,-1
28284,1,-2,-2
28285,0,-2,-2
28286,1,-1,-1
28287,0,-2,-2
28288,1,-2,-2
28289,0,-2,-2
28290,0,-2,-2
28291,0,-2,-2
28292,1,-2,-2
28293,1,-1,-1
28294,0,-2,-2
28295,1,-2,-2
28296,0,-2,-2
28297,0,-2,-2
28298,1,-2,-2
28299,0,-2,-2
28300,0,-2,-2
28301,1,-2,-2
28302,1,-2,-2
28303,1,-2,-2
28304,0,-1,-1
28305,0,-2,-2
28306,0,-2,-2
28307,1,-2,-2
28308,0,-2,-2
28309,0,-1,-1
28310,1,-2,-2
28311,0,-2,-2
28312,1,-2,-2
28313,1,-2,-2
28314,0,-2,-2
28315,0,-1,-1
28316,0,-2,-2
28317,0,-2,-2
28318,0,-2,-2
28319,0,-1,-1
28320,1,-2,-2
28321,1,-2,-2
28322,0,-2,-2
28323,0,-2,-2
28324,0,-2,-2
28325,1,-2,-2
28326,1,-2,-2
28327,1,-1,-1
28328,1,-2,-2
28329,1,-2,-2
28330,0,-2,-2
28331,1,-2,-2
28332,0,-2,-2
28333,1,-2,-2
28334,0,-2,-2
28335,0,-2,-2
28336,1,-2,-2
28337,0,-2,-2
28338,1,-2,-2
28339,1,-2,-2
28340,1,-2,-2
28341,1,-1,-1
28342,0,-2,-2
28343,0,-2,-2
28344,0,-2,-2
28345,0,-2,-2
28346,1,-2,-2
28347,1,-2,-2
28348,0,-2,-2
28349,0,-2,-2
28350,0,-2,-2
28351,1,-2,-2
28352,1,-1,-1
28353,0,-2,-2
28354,0,-2,-2
28355,1,-2,-2
28356,0,-2,-2
28357,0,-2,-2
28358,1,-2,-2
28359,0,-2,-2
28360,0,-2,-2
28361,1,-2,-2
28362,0,-2,-2
28363,0,-2,-2
28364,0,-1,-1
28365,0,-2,-2
28366,1,-2,-2
28367,0,-2,-2
28368,0,-2,-2
28369,1,-2,-2
28370,0,-2,-2
28371,0,-1,-1
28372,0,-1,-1
28373,1,-2,-2
28374,1,-2,-2
28375,1,-2,-2
28376,0,-2,-2
28377,0,-2,-2
28378,1,-2,-2
28379,1,-2,-2
28380,0,-2,-2
28381,1,-2,-2
28382,1,-2,-2
28383,1,-2,-2
28384,1,-1,-1
28385,0,-2,-2
28386,1,-2,-2
28387,1,-2,-2
28388,0,-2,-2
28389,0,-2,-2
28390,0,-2,-2
28391,1,-2,-2
28392,0,-2,-2
28393,1,-2,-2
28394,1,-1,-1
28395,1,-2,-2
28396,0,-2,-2
28397,0,-2,-2
28398,0,-2,-2
28399,0,-2,-2
28400,0,-2,-2
28401,1,-2,-2
28402,1,-2,-2
28403,0,-2,-2
28404,0,-2,-2
28405,1,-1,-1
28406,0,-2,-2
28407,0,-2,-2
28408,1,-2,-2
28409,1,-2,-2
28410,1,-1,-1
28411,1,-2,-2
28412,1,-2,-2
28413,1,-2,-2
28414,1,-2,-2
28415,0,-1,-1
28416,0,-2,-2
28417,1,-2,-2
28418,1,-2,-2
28419,0,-2,-2
28420,1,-1,-1
28421,1,-2,-2
28422,1,-2,-2
28423,0,-1,-1
28424,0,-1,-1
28425,0,-2,-2
28426,1,-2,-2
28427,0,-2,-2
28428,0,-2,-2
28429,1,-2,-2
28430,1,-2,-2
28431,1,-2,-2
28432,0,-2,-2
28433,1,-2,-2
28434,1,-2,-2
28435,1,-2,-2
28436,1,-2,-2
28437,1,-2,-2
28438,0,-2,-2
28439,0,-2,-2
28440,0,-1,-1
28441,0,-2,-2
28442,0,-2,-2
28443,1,-2,-2
28444,0,-1,-1
28445,1,-2,-2
28446,0,-1,-1
28447,0,-2,-2
28448,1,-2,-2
28449,0,-1,-1
28450,1,-1,-1
28451,0,-2,-2
28452,0,-2,-2
28453,1,-2,-2
28454,1,-1,-1
28455,1,-2,-2
28456,1,-2,-2
28457,0,-2,-2
28458,1,-2,-2
28459,1,-2,-2
28460,1,-2,-2
28461,0,-2,-2
28462,1,-2,-2
28463,0,-2,-2
28464,0,-1,-1
28465,0,-2,-2
28466,1,-2,-2
28467,1,-2,-2
28468,0,-2,-2
28469,1,-2,-2
28470,1,-1,-1
28471,0,-2,-2
28472,0,-2,-2
28473,1,-2,-2
28474,0,-2,-2
28475,1,-2,-2
28476,0,-2,-2
28477,0,-2,-2
28478,0,-1,-1
28479,1,-2,-2
28480,1,-1,-1
28481,1,-2,-2
28482,0,-2,-2
28483,1,-2,-2
28484,1,-2,-2
28485,0,-2,-2
28486,0,-2,-2
28487,0,-1,-1
28488,0,-2,-2
28489,0,-2,-2
28490,0,-2,-2
28491,1,-2,-2
28492,1,-2,-2
28493,1,-2,-2
28494,0,-2,-2
28495,0,-2,-2
28496,0,-2,-2
28497,1,-2,-2
28498,1,-2,-2
28499,0,-2,-2
28500,1,-2,-2
28501,0,-2,-2
28502,0,-2,-2
28503,1,-2,-2
28504,1,-2,-2
28505,1,-2,-2
28506,1,-2,-2
28507,0,-2,-2
28508,1,-2,-2
28509,1,-2,-2
28510,1,-2,-2
28511,0,-1,-1
28512,1,-2,-2
28513,1,-2,-2
28514,0,-1,-1
28515,1,-2,-2
28516,0,-2,-2
28517,0,-2,-2
28518,1,-2,-2
28519,0,-2,-2
28520,0,-2,-2
28521,0,-2,-2
28522,0,-2,-2
28523,1,-2,-2
28524,1,-2,-2
28525,1,-2,-2
28526,1,-2,-2
28527,1,-2,-2
28528,1,-2,-2
28529,0,-2,-2
28530,0,-1,-1
28531,1,-2,-2
28532,0,-2,-2
28533,1,-2,-2
28534,0,-2,-2
28535,0,-2,-2
28536,1,-1,-1
28537,0,-2,-2
28538,1,-2,-2
28539,0,-1,-1
28540,0,-2,-2
28541,0,-2,-2
28542,0,-2,-2
28543,1,-1,-1
28544,0,-2,-2
28545,0,-2,-2
28546,1,-2,-2
28547,0,-2,-2
28548,1,-2,-2
28549,1,-2,-2
28550,1,-2,-2
28551,0,-1,-1
28552,1,-2,-2
28553,1,-2,-2
28554,1,-1,-1
28555,1,-2,-2
28556,1,-2,-2
28557,0,-2,-2
28558,0,-2,-2
28559,0,-2,-2
28560,1,-2,-2
28561,0,-1,-1
28562,1,-2,-2
28563,0,-1,-1
28564,0,-2,-2
28565,1,-2,-2
28566,0,-2,-2
28567,1,-2,-2
28568,0,-1,-1
28569,0,-2,-2
28570,1,-2,-2
28571,0,-2,-2
28572,0,-2,-2
28573,0,-2,-2
28574,1,-2,-2
28575,0,-1,-1
28576,1,-2,-2
28577,1,-1,-1
28578,0,-2,-2
28579,1,-2,-2
28580,0,-2,-2
28581,0,-2,-2
28582,0,-2,-2
28583,0,-2,-2
28584,0,-2,-2
28585,1,-2,-2
28586,1,-2,-2
28587,1,-2,-2
28588,1,-2,-2
28589,1,-2,-2
28590,0,-2,-2
28591,1,-2,-2
28592,1,-1,-1
28593,1,-2,-2
28594,1,-2,-2
28595,1,-2,-2
28596,1,-2,-2
28597,1,-2,-2
28598,1,-1,-1
28599,0,-2,-2
28600,0,-2,-2
28601,0,-2,-2
28602,1,-2,-2
28603,0,-2,-2
28604,0,-2,-2
28605,1,-2,-2
28606,0,-2,-2
28607,1,-2,-2
28608,0,-2,-2
28609,0,-2,-2
28610,0,-2,-2
28611,1,-2,-2
28612,0,-2,-2
28613,1,-2,-2
28614,0,-1,-1
28615,1,-2,-2
28616,1,-2,-2
28617,0,-2,-2
28618,0,-1,-1
28619,1,-2,-2
28620,1,-2,-2
28621,1,-2,-2
28622,1,-2,-2
28623,0,-1,-1
28624,0,-2,-2
28625,1,-1,-1
28626,0,-2,-2
28627,0,-1,-1
28628,0,-2,-2
28629,1,-2,-2
28630,0,-2,-2
28631,0,-2,-2
28632,0,-2,-2
28633,1,-2,-2
28634,0,-2,-2
28635,0,-2,-2
28636,1,-2,-2
28637,1,-2,-2
28638,1,-1,-1
28639,0,-2,-2
28640,1,-2,-2
28641,0,-2,-2
28642,1,-2,-2
28643,0,-1,-1
28644,1,-1,-1
28645,1,-2,-2
28646,0,-2,-2
28647,0,-1,-1
28648,1,-2,-2
28649,1,-1,-1
28650,1,-2,-2
28651,1,-2,-2
28652,1,-2,-2
28653,1,-2,-2
28654,1,-2,-2
28655,0,-2,-2
28656,0,-2,-2
28657,0,-1,-1
28658,1,-2,-2
28659,0,-2,-2
28660,1,-2,-2
28661,0,-2,-2
28662,0,-2,-2
28663,1,-2,-2
28664,0,-2,-2
28665,0,-2,-2
28666,0,-1,-1
28667,1,-1,-1
28668,1,-1,-1
28669,1,-1,-1
28670,0,-1,-1
28671,1,-2,-2
28672,1,-2,-2
28673,0,-1,-1
28674,1,-2,-2
28675,1,-2,-2
28676,1,-1,-1
28677,1,-2,-2
28678,1,-2,-2
28679,0,-1,-1
28680,1,-2,-2
28681,1,-2,-2
28682,1,-2,-2
28683,0,-2,-2
28684,1,-2,-2
28685,1,-2,-2
28686,1,-2,-2
28687,1,-2,-2
28688,1,-2,-2
28689,0,-2,-2
28690,1,-2,-2
28691,1,-2,-2
28692,1,-2,-2
28693,0,-2,-2
28694,0,-1,-1
28695,1,-1,-1
28696,0,-2,-2
28697,0,-2,-2
28698,1,-2,-2
28699,0,-2,-2
28700,0,-2,-2
28701,1,-2,-2
28702,1,-1,-1
28703,0,-2,-2
28704,0,-1,-1
28705,0,-2,-2
28706,1,-2,-2
28707,1,-2,-2
28708,0,-2,-2
28709,0,-1,-1
28710,1,-2,-2
28711,1,-2,-2
28712,0,-2,-2
28713,0,-2,-2
28714,1,-1,-1
28715,1,-2,-2
28716,0,-2,-2
28717,1,-2,-2
28718,1,-2,-2
28719,0,-2,-2
28720,0,-2,-2
28721,0,-2,-2
28722,0,-2,-2
28723,0,-1,-1
28724,1,-2,-2
28725,0,-1,-1
28726,1,-2,-2
28727,1,-1,-1
28728,1,-2,-2
28729,1,-2,-2
28730,0,-2,-2
28731,0,-1,-1
28732,1,-2,-2
28733,1,-2,-2
28734,0,-2,-2
28735,1,-1,-1
28736,1,-2,-2
28737,0,-2,-2
28738,1,-1,-1
28739,0,-1,-1
28740,0,-2,-2
28741,1,-2,-2
28742,1,-2,-2
28743,1,-2,-2
28744,1,-1,-1
28745,0,-2,-2
28746,1,-2,-2
28747,1,-2,-2
28748,0,-2,-2
28749,1,-2,-2
28750,0,-2,-2
28751,0,-1,-1
28752,0,-1,-1
28753,0,-2,-2
28754,0,-2,-2
28755,1,-1,-1
28756,1,-2,-2
28757,0,-1,-1
28758,0,-1,-1
28759,0,-2,-2
28760,0,-1,-1
28761,1,-2,-2
28762,1,-2,-2
28763,0,-2,-2
28764,1,-2,-2
28765,0,-2,-2
28766,0,-2,-2
28767,0,-2,-2
28768,0,-2,-2
28769,1,-2,-2
28770,1,-1,-1
28771,1,-2,-2
28772,0,-1,-1
28773,0,-2,-2
28774,1,-2,-2
28775,0,-2,-2
28776,1,-2,-2
28777,0,-2,-2
28778,0,-2,-2
28779,0,-1,-1
28780,1,-1,-1
28781,1,-2,-2
28782,0,-1,-1
28783,0,-2,-2
28784,1,-2,-2
28785,0,-2,-2
28786,0,-2,-2
28787,0,-2,-2
28788,0,-2,-2
28789,0,-2,-2
28790,1,-1,-1
28791,1,-2,-2
28792,1,-2,-2
28793,1,-2,-2
28794,1,-1,-1
28795,0,-1,-1
28796,0,-2,-2
28797,0,-2,-2
28798,0,-2,-2
28799,0,-2,-2
28800,0,-2,-2
28801,0,-1,-1
28802,0,-2,-2
28803,1,-1,-1
28804,1,-2,-2
28805,1,-1,-1
28806,1,-2,-2
28807,0,-2,-2
28808,0,-2,-2
28809,1,-2,-2
28810,0,-2,-2
28811,0,-1,-1
28812,1,-2,-2
28813,1,-2,-2
28814,0,-2,-2
28815,0,-2,-2
28816,0,-2,-2
28817,0,-2,-2
28818,0,-2,-2
28819,1,-2,-2
28820,1,-2,-2
28821,1,-2,-2
28822,0,-2,-2
28823,0,-2,-2
28824,1,-2,-2
28825,0,-2,-2
28826,0,-2,-2
28827,1,-2,-2
28828,0,-2,-2
28829,0,-1,-1
28830,0,-1,-1
28831,1,-2,-2
28832,0,-2,-2
28833,0,-1,-1
28834,1,-2,-2
28835,1,-2,-2
28836,1,-2,-2
28837,0,-2,-2
28838,0,-2,-2
28839,1,-1,-1
28840,1,-2,-2
28841,1,-2,-2
28842,0,-2,-2
28843,1,-1,-1
28844,0,-1,-1
28845,0,-2,-2
28846,1,-2,-2
28847,1,-2,-2
28848,0,-1,-1
28849,1,-2,-2
28850,0,-2,-2
28851,1,-2,-2
28852,1,-2,-2
28853,0,-2,-2
28854,1,-2,-2
28855,1,-2,-2
28856,0,-1,-1
28857,0,-2,-2
28858,0,-2,-2
28859,0,-1,-1
28860,0,-2,-2
28861,1,-2,-2
28862,0,-2,-2
28863,0,-2,-2
28864,1,-2,-2
28865,0,-2,-2
28866,0,-2,-2
28867,0,-1,-1
28868,1,-2,-2
28869,1,-2,-2
28870,1,-2,-2
28871,1,-2,-2
28872,1,-1,-1
28873,1,-2,-2
28874,0,-2,-2
28875,1,-2,-2
28876,1,-2,-2
28877,0,-1,-1
28878,0,-2,-2
28879,0,-2,-2
28880,0,-2,-2
28881,1,-2,-2
28882,0,-2,-2
28883,0,-2,-2
28884,1,-1,-1
28885,0,-2,-2
28886,1,-1,-1
28887,1,-2,-2
28888,0,-2,-2
28889,0,-2,-2
28890,0,-1,-1
28891,0,-2,-2
28892,0,-2,-2
28893,0,-1,-1
28894,0,-2,-2
28895,0,-2,-2
28896,1,-2,-2
28897,0,-2,-2
28898,1,-2,-2
28899,1,-1,-1
28900,0,-1,-1
28901,1,-1,-1
28902,0,-1,-1
28903,0,-2,-2
28904,1,-2,-2
28905,1,-2,-2
28906,0,-2,-2
28907,0,-2,-2
28908,0,-1,-1
28909,0,-2,-2
28910,0,-2,-2
28911,1,-2,-2
28912,0,-1,-1
28913,0,-2,-2
28914,0,-1,-1
28915,0,-2,-2
28916,1,-2,-2
28917,0,-2,-2
28918,1,-2,-2
28919,0,-2,-2
28920,0,-2,-2
28921,0,-2,-2
28922,0,-2,-2
28923,1,-2,-2
28924,1,-2,-2
28925,1,-2,-2
28926,1,-2,-2
28927,0,-2,-2
28928,0,-2,-2
28929,1,-2,-2
28930,0,-2,-2
28931,0,-1,-1
28932,1,-2,-2
28933,1,-2,-2
28934,1,-2,-2
28935,1,-2,-2
28936,0,-2,-2
28937,1,-2,-2
28938,1,-2,-2
28939,0,-2,-2
28940,1,-2,-2
28941,0,-2,-2
28942,1,-2,-2
28943,1,-2,-2
28944,1,-2,-2
28945,1,-1,-1
28946,1,-2,-2
28947,1,-2,-2
28948,0,-1,-1
28949,1,-2,-2
28950,1,-2,-2
28951,0,-2,-2
28952,0,-1,-1
28953,1,-2,-2
28954,0,-2,-2
28955,0,-2,-2
28956,1,-2,-2
28957,0,-2,-2
28958,0,-1,-1
28959,1,-2,-2
28960,1,-2,-2
28961,0,-2,-2
28962,1,-2,-2
28963,0,-2,-2
28964,0,-2,-2
28965,0,-2,-2
28966,0,-2,-2
28967,0,-2,-2
28968,1,-2,-2
28969,1,-1,-1
28970,1,-2,-2
28971,1,-2,-2
28972,0,-2,-2
28973,0,-2,-2
28974,0,-2,-2
28975,1,-1,-1
28976,0,-2,-2
28977,0,-2,-2
28978,0,-2,-2
28979,0,-2,-2
28980,1,-2,-2
28981,0,-2,-2
28982,0,-2,-2
28983,1,-2,-2
28984,0,-2,-2
28985,0,-2,-2
28986,1,-2,-2
28987,1,-2,-2
28988,1,-2,-2
28989,0,-1,-1
28990,1,-2,-2
28991,0,-2,-2
28992,1,-2,-2
28993,0,-2,-2
28994,0,-2,-2
28995,0,-1,-1
28996,0,-2,-2
28997,0,-2,-2
28998,0,-2,-2
28999,0,-2,-2
29000,1,-2,-2
29001,1,-2,-2
29002,1,-2,-2
29003,0,-1,-1
29004,1,-2,-2
29005,0,-2,-2
29006,1,-2,-2
29007,0,-2,-2
29008,0,-2,-2
29009,1,-2,-2
29010,1,-1,-1
29011,0,-2,-2
29012,0,-2,-2
29013,1,-2,-2
29014,1,-2,-2
29015,1,-2,-2
29016,0,-2,-2
29017,0,-2,-2
29018,0,-2,-2
29019,0,-1,-1
29020,0,-1,-1
29021,1,-2,-2
29022,0,-2,-2
29023,0,-2,-2
29024,0,-2,-2
29025,1,-2,-2
29026,0,-2,-2
29027,1,-2,-2
29028,1,-1,-1
29029,0,-2,-2
29030,0,-2,-2
29031,0,-2,-2
29032,0,-2,-2
29033,1,-2,-2
29034,0,-2,-2
29035,0,-1,-1
29036,1,-1,-1
29037,0,-2,-2
29038,1,-2,-2
29039,1,-1,-1
29040,0,-2,-2
29041,0,-2,-2
29042,0,-2,-2
29043,1,-2,-2
29044,0,-2,-2
29045,0,-2,-2
29046,0,-2,-2
29047,1,-2,-2
29048,0,-2,-2
29049,0,-2,-2
29050,1,-2,-2
29051,1,-2,-2
29052,1,-2,-2
29053,1,-1,-1
29054,0,-1,-1
29055,1,-2,-2
29056,0,-2,-2
29057,0,-2,-2
29058,1,-1,-1
29059,0,-2,-2
29060,0,-2,-2
29061,0,-2,-2
29062,0,-2,-2
29063,1,-2,-2
29064,0,-2,-2
29065,1,-1,-1
29066,1,-2,-2
29067,0,-2,-2
29068,0,-2,-2
29069,0,-2,-2
29070,1,-2,-2
29071,0,-2,-2
29072,1,-2,-2
29073,0,-2,-2
29074,1,-2,-2
29075,1,-1,-1
29076,0,-2,-2
29077,0,-2,-2
29078,0,-2,-2
29079,1,-2,-2
29080,0,-2,-2
29081,1,-2,-2
29082,1,-1,-1
29083,0,-2,-2
29084,0,-2,-2
29085,0,-2,-2
29086,0,-2,-2
29087,0,-2,-2
29088,0,-2,-2
29089,0,-1,-1
29090,1,-2,-2
29091,0,-2,-2
29092,1,-2,-2
29093,0,-1,-1
29094,0,-2,-2
29095,1,-2,-2
29096,1,-2,-2
29097,0,-1,-1
29098,1,-2,-2
29099,1,-1,-1
29100,1,-2,-2
29101,1,-2,-2
29102,0,-2,-2
29103,0,-2,-2
29104,0,-1,-1
29105,0,-2,-2
29106,1,-1,-1
29107,0,-2,-2
29108,1,-2,-2
29109,0,-2,-2
29110,1,-2,-2
29111,1,-2,-2
29112,0,-2,-2
29113,1,-2,-2
29114,1,-2,-2
29115,0,-2,-2
29116,1,-2,-2
29117,1,-2,-2
29118,1,-2,-2
29119,1,-1,-1
29120,0,-2,-2
29121,0,-1,-1
29122,0,-2,-2
29123,0,-2,-2
29124,0,-2,-2
29125,0,-2,-2
29126,1,-2,-2
29127,1,-2,-2
29128,0,-2,-2
29129,1,-2,-2
29130,0,-2,-2
29131,0,-2,-2
29132,0,-2,-2
29133,0,-1,-1
29134,1,-2,-2
29135,0,-2,-2
29136,1,-2,-2
29137,0,-2,-2
29138,1,-2,-2
29139,0,-1,-1
29140,0,-2,-2
29141,1,-2,-2
29142,1,-2,-2
29143,0,-2,-2
29144,0,-2,-2
29145,0,-2,-2
29146,1,-2,-2
29147,0,-1,-1
29148,1,-1,-1
29149,1,-2,-2
29150,1,-2,-2
29151,0,-2,-2
29152,1,-2,-2
29153,1,-2,-2
29154,1,-2,-2
29155,1,-2,-2
29156,0,-2,-2
29157,0,-2,-2
29158,0,-2,-2
29159,0,-1,-1
29160,0,-1,-1
29161,1,-2,-2
29162,1,-2,-2
29163,1,-2,-2
29164,1,-2,-2
29165,1,-2,-2
29166,1,-2,-2
29167,0,-1,-1
29168,0,-2,-2
29169,1,-2,-2
29170,1,-2,-2
29171,0,-2,-2
29172,1,-2,-2
29173,1,-2,-2
29174,1,-2,-2
29175,1,-2,-2
29176,0,-2,-2
29177,1,-2,-2
29178,0,-2,-2
29179,1,-2,-2
29180,0,-2,-2
29181,0,-2,-2
29182,1,-2,-2
29183,1,-2,-2
29184,0,-2,-2
29185,0,-2,-2
29186,0,-2,-2
29187,1,-2,-2
29188,0,-2,-2
29189,0,-2,-2
29190,0,-2,-2
29191,0,-2,-2
29192,0,-2,-2
29193,1,-2,-2
29194,0,-2,-2
29195,1,-2,-2
29196,1,-2,-2
29197,1,-2,-2
29198,0,-1,-1
29199,1,-2,-2
29200,1,-2,-2
29201,1,-2,-2
29202,1,-1,-1
29203,1,-2,-2
29204,1,-1,-1
29205,0,-2,-2
29206,0,-1,-1
29207,0,-2,-2
29208,0,-1,-1
29209,1,-2,-2
29210,1,-2,-2
29211,0,-1,-1
29212,1,-2,-2
29213,1,-2,-2
29214,1,-1,-1
29215,1,-1,-1
29216,0,-2,-2
29217,0,-2,-2
29218,1,-2,-2
29219,1,-2,-2
29220,0,-2,-2
29221,1,-1,-1
29222,0,-2,-2
29223,0,-2,-2
29224,1,-2,-2
29225,1,-2,-2
29226,1,-1,-1
29227,0,-2,-2
29228,0,-1,-1
29229,0,-2,-2
29230,1,-2,-2
29231,0,-1,-1
29232,1,-1,-1
29233,1,-2,-2
29234,1,-1,-1
29235,0,-1,-1
29236,1,-1,-1
29237,0,-2,-2
29238,1,-2,-2
29239,1,-2,-2
29240,0,-2,-2
29241,1,-2,-2
29242,1,-2,-2
29243,1,-2,-2
29244,0,-2,-2
29245,0,-1,-1
29246,1,-2,-2
29247,0,-2,-2
29248,1,-2,-2
29249,1,-2,-2
29250,0,-1,-1
29251,1,-2,-2
29252,1,-2,-2
29253,1,-2,-2
29254,1,-2,-2
29255,1,-2,-2
29256,0,-2,-2
29257,1,-2,-2
29258,0,-2,-2
29259,1,-2,-2
29260,1,-1,-1
29261,0,-2,-2
29262,1,-2,-2
29263,1,-2,-2
29264,1,-2,-2
29265,1,-2,-2
29266,0,-2,-2
29267,0,-1,-1
29268,1,-1,-1
29269,1,-2,-2
29270,0,-2,-2
29271,1,-2,-2
29272,0,-2,-2
29273,1,-1,-1
29274,1,-2,-2
29275,1,-2,-2
29276,1,-2,-2
29277,0,-1,-1
29278,1,-2,-2
29279,0,-2,-2
29280,1,-2,-2
29281,0,-2,-2
29282,1,-2,-2
29283,0,-2,-2
29284,1,-2,-2
29285,0,-2,-2
29286,1,-2,-2
29287,1,-2,-2
29288,0,-1,-1
29289,1,-2,-2
29290,0,-2,-2
29291,1,-2,-2
29292,0,-2,-2
29293,0,-2,-2
29294,1,-2,-2
29295,1,-2,-2
29296,1,-2,-2
29297,1,-2,-2
29298,0,-2,-2
29299,1,-2,-2
29300,0,-1,-1
29301,0,-1,-1
29302,0,-2,-2
29303,0,-2,-2
29304,0,-2,-2
29305,0,-2,-2
29306,1,-2,-2
29307,1,-2,-2
29308,1,-2,-2
29309,0,-2,-2
29310,1,-1,-1
29311,0,-2,-2
29312,0,-2,-2
29313,0,-2,-2
29314,0,-2,-2
29315,1,-2,-2
29316,0,-2,-2
29317,1,-2,-2
29318,1,-2,-2
29319,0,-2,-2
29320,0,-2,-2
29321,0,-1,-1
29322,1,-2,-2
29323,0,-2,-2
29324,0,-2,-2
29325,1,-2,-2
29326,1,-2,-2
29327,1,-2,-2
29328,0,-2,-2
29329,0,-2,-2
29330,0,-2,-2
29331,1,-2,-2
29332,1,-2,-2
29333,0,-2,-2
29334,1,-2,-2
29335,1,-2,-2
29336,0,-2,-2
29337,1,-1,-1
29338,1,-2,-2
29339,0,-2,-2
29340,1,-2,-2
29341,1,-2,-2
29342,0,-2,-2
29343,0,-2,-2
29344,0,-1,-1
29345,0,-2,-2
29346,0,-2,-2
29347,1,-2,-2
29348,0,-1,-1
29349,0,-1,-1
29350,1,-2,-2
29351,0,-2,-2
29352,1,-2,-2
29353,1,-2,-2
29354,1,-2,-2
29355,0,-2,-2
29356,1,-2,-2
29357,0,-2,-2
29358,1,-2,-2
29359,1,-2,-2
29360,1,-2,-2
29361,1,-2,-2
29362,0,-2,-2
29363,1,-2,-2
29364,0,-2,-2
29365,0,-2,-2
29366,0,-2,-2
29367,0,-2,-2
29368,1,-1,-1
29369,1,-2,-2
29370,0,-2,-2
29371,1,-2,-2
29372,0,-2,-2
29373,0,-2,-2
29374,0,-2,-2
29375,1,-2,-2
29376,0,-1,-1
29377,0,-2,-2
29378,1,-2,-2
29379,1,-2,-2
29380,0,-2,-2
29381,0,-2,-2
29382,1,-1,-1
29383,0,-2,-2
29384,0,-2,-2
29385,0,-2,-2
29386,1,-1,-1
29387,1,-1,-1
29388,1,-2,-2
29389,1,-2,-2
29390,1,-2,-2
29391,1,-2,-2
29392,1,-2,-2
29393,1,-2,-2
29394,1,-2,-2
29395,1,-2,-2
29396,1,-2,-2
29397,0,-2,-2
29398,1,-2,-2
29399,0,-2,-2
29400,1,-2,-2
29401,1,-2,-2
29402,0,-2,-2
29403,0,-2,-2
29404,1,-2,-2
29405,1,-1,-1
29406,1,-2,-2
29407,0,-2,-2
29408,0,-2,-2
29409,1,-2,-2
29410,0,-2,-2
29411,0,-2,-2
29412,0,-1,-1
29413,0,-1,-1
29414,0,-1,-1
29415,0,-2,-2
29416,1,-2,-2
29417,0,-2,-2
29418,1,-2,-2
29419,1,-2,-2
29420,0,-2,-2
29421,0,-2,-2
29422,0,-2,-2
29423,0,-2,-2
29424,1,-2,-2
29425,1,-2,-2
29426,1,-1,-1
29427,1,-2,-2
29428,1,-1,-1
29429,1,-1,-1
29430,0,-2,-2
29431,0,-2,-2
29432,1,-2,-2
29433,1,-2,-2
29434,0,-2,-2
29435,1,-2,-2
29436,1,-2,-2
29437,1,-2,-2
29438,1,-1,-1
29439,0,-2,-2
29440,0,-2,-2
29441,1,-2,-2
29442,0,-2,-2
29443,0,-2,-2
29444,0,-2,-2
29445,0,-1,-1
29446,1,-1,-1
29447,1,-2,-2
29448,0,-2,-2
29449,0,-2,-2
29450,1,-2,-2
29451,0,-2,-2
29452,1,-2,-2
29453,1,-1,-1
29454,0,-2,-2
29455,0,-2,-2
29456,0,-2,-2
29457,1,-2,-2
29458,0,-2,-2
29459,1,-2,-2
29460,0,-2,-2
29461,0,-2,-2
29462,1,-2,-2
29463,1,-2,-2
29464,0,-1,-1
29465,0,-2,-2
29466,1,-1,-1
29467,1,-2,-2
29468,0,-1,-1
29469,0,-1,-1
29470,1,-1,-1
29471,1,-2,-2
29472,1,-1,-1
29473,0,-1,-1
29474,0,-2,-2
29475,1,-2,-2
29476,0,-1,-1
29477,1,-2,-2
29478,0,-2,-2
29479,1,-1,-1
29480,0,-2,-2
29481,0,-2,-2
29482,1,-2,-2
29483,0,-2,-2
29484,0,-2,-2
29485,1,-2,-2
29486,0,-1,-1
29487,0,-2,-2
29488,0,-2,-2
29489,1,-1,-1
29490,1,-2,-2
29491,0,-2,-2
29492,1,-2,-2
29493,0,-2,-2
29494,0,-2,-2
29495,1,-2,-2
29496,1,-2,-2
29497,1,-2,-2
29498,0,-1,-1
29499,0,-2,-2
29500,0,-2,-2
29501,0,-2,-2
29502,0,-2,-2
29503,1,-2,-2
29504,1,-2,-2
29505,1,-2,-2
29506,0,-1,-1
29507,0,-2,-2
29508,1,-2,-2
29509,1,-2,-2
29510,1,-2,-2
29511,1,-2,-2
29512,1,-2,-2
29513,0,-2,-2
29514,0,-2,-2
29515,0,-2,-2
29516,1,-2,-2
29517,0,-2,-2
29518,0,-2,-2
29519,0,-2,-2
29520,0,-2,-2
29521,1,-2,-2
29522,0,-2,-2
29523,0,-2,-2
29524,1,-1,-1
29525,0,-1,-1
29526,0,-2,-2
29527,0,-2,-2
29528,0,-1,-1
29529,0,-2,-2
29530,0,-2,-2
29531,1,-2,-2
29532,1,-2,-2
29533,1,-2,-2
29534,0,-2,-2
29535,0,-2,-2
29536,0,-1,-1
29537,1,-2,-2
29538,1,-2,-2
29539,0,-2,-2
29540,0,-2,-2
29541,1,-2,-2
29542,0,-2,-2
29543,1,-2,-2
29544,0,-2,-2
29545,1,-1,-1
29546,1,-2,-2
29547,0,-1,-1
29548,0,-2,-2
29549,0,-1,-1
29550,0,-2,-2
29551,0,-2,-2
29552,1,-1,-1
29553,1,-2,-2
29554,0,-2,-2
29555,0,-1,-1
29556,1,-2,-2
29557,0,-2,-2
29558,1,-2,-2
29559,1,-2,-2
29560,1,-1,-1
29561,1,-2,-2
29562,0,-2,-2
29563,0,-1,-1
29564,0,-1,-1
29565,0,-2,-2
29566,0,-2,-2
29567,1,-2,-2
29568,1,-2,-2
29569,1,-1,-1
29570,0,-2,-2
29571,1,-2,-2
29572,0,-2,-2
29573,0,-2,-2
29574,1,-2,-2
29575,0,-2,-2
29576,1,-1,-1
29577,0,-2,-2
29578,1,-2,-2
29579,1,-2,-2
29580,0,-2,-2
29581,1,-2,-2
29582,0,-2,-2
29583,1,-2,-2
29584,0,-2,-2
29585,0,-2,-2
29586,1,-2,-2
29587,0,-2,-2
29588,1,-2,-2
29589,0,-2,-2
29590,0,-2,-2
29591,0,-2,-2
29592,0,-2,-2
29593,1,-2,-2
29594,1,-1,-1
29595,1,-2,-2
29596,0,-1,-1
29597,1,-1,-1
29598,1,-2,-2
29599,0,-2,-2
29600,0,-2,-2
29601,1,-2,-2
29602,0,-2,-2
29603,0,-1,-1
29604,1,-2,-2
29605,1,-1,-1
29606,1,-1,-1
29607,1,-2,-2
29608,1,-2,-2
29609,0,-2,-2
29610,1,-2,-2
29611,1,-1,-1
29612,1,-2,-2
29613,1,-2,-2
29614,1,-2,-2
29615,0,-1,-1
29616,0,-1,-1
29617,0,-2,-2
29618,1,-2,-2
29619,1,-2,-2
29620,1,-2,-2
29621,1,-2,-2
29622,1,-2,-2
29623,0,-1,-1
29624,1,-2,-2
29625,1,-2,-2
29626,1,-2,-2
29627,1,-2,-2
29628,1,-1,-1
29629,0,-2,-2
29630,0,-1,-1
29631,1,-2,-2
29632,0,-1,-1
29633,0,-2,-2
29634,0,-2,-2
29635,0,-1,-1
29636,0,-2,-2
29637,1,-2,-2
29638,0,-2,-2
29639,0,-2,-2
29640,0,-1,-1
29641,0,-2,-2
29642,0,-2,-2
29643,0,-2,-2
29644,1,-2,-2
29645,1,-1,-1
29646,0,-1,-1
29647,1,-2,-2
29648,1,-2,-2
29649,1,-2,-2
29650,1,-2,-2
29651,0,-2,-2
29652,0,-2,-2
29653,1,-2,-2
29654,1,-1,-1
29655,1,-2,-2
29656,1,-2,-2
29657,0,-2,-2
29658,0,-1,-1
29659,0,-2,-2
29660,0,-2,-2
29661,1,-2,-2
29662,1,-1,-1
29663,1,-2,-2
29664,0,-1,-1
29665,1,-2,-2
29666,0,-2,-2
29667,0,-2,-2
29668,1,-2,-2
29669,1,-2,-2
29670,0,-2,-2
29671,1,-2,-2
29672,1,-2,-2
29673,0,-2,-2
29674,1,-2,-2
29675,1,-2,-2
29676,0,-2,-2
29677,1,-2,-2
29678,0,-2,-2
29679,1,-2,-2
29680,0,-2,-2
29681,1,-1,-1
29682,0,-2,-2
29683,0,-2,-2
29684,0,-1,-1
29685,0,-2,-2
29686,0,-2,-2
29687,0,-1,-1
29688,0,-2,-2
29689,1,-1,-1
29690,0,-2,-2
29691,0,-2,-2
29692,0,-2,-2
29693,0,-2,-2
29694,0,-2,-2
29695,0,-2,-2
29696,1,-2,-2
29697,0,-2,-2
29698,0,-2,-2
29699,0,-2,-2
29700,0,-1,-1
29701,1,-2,-2
29702,0,-2,-2
29703,0,-2,-2
29704,1,-2,-2
29705,0,-1,-1
29706,1,-2,-2
29707,1,-2,-2
29708,0,-1,-1
29709,0,-1,-1
29710,0,-2,-2
29711,0,-2,-2
29712,0,-1,-1
29713,1,-2,-2
29714,1,-1,-1
29715,1,-2,-2
29716,1,-2,-2
29717,0,-2,-2
29718,1,-2,-2
29719,1,-2,-2
29720,0,-1,-1
29721,1,-2,-2
29722,0,-1,-1
29723,0,-2,-2
29724,1,-2,-2
29725,1,-2,-2
29726,0,-2,-2
29727,1,-2,-2
29728,1,-2,-2
29729,0,-2,-2
29730,1,-2,-2
29731,0,-2,-2
29732,1,-2,-2
29733,1,-2,-2
29734,0,-1,-1
29735,0,-1,-1
29736,1,-2,-2
29737,0,-1,-1
29738,0,-2,-2
29739,1,-2,-2
29740,1,-2,-2
29741,1,-2,-2
29742,0,-2,-2
29743,1,-1,-1
29744,0,-1,-1
29745,1,-1,-1
29746,0,-2,-2
29747,1,-2,-2
29748,0,-2,-2
29749,1,-2,-2
29750,0,-1,-1
29751,1,-2,-2
29752,0,-1,-1
29753,1,-1,-1
29754,0,-2,-2
29755,0,-2,-2
29756,1,-2,-2
29757,0,-2,-2
29758,1,-2,-2
29759,1,-2,-2
29760,1,-2,-2
29761,0,-2,-2
29762,0,-1,-1
29763,0,-2,-2
29764,1,-2,-2
29765,1,-2,-2
29766,0,-1,-1
29767,1,-2,-2
29768,1,-2,-2
29769,1,-2,-2
29770,0,-2,-2
29771,1,-2,-2
29772,0,-1,-1
29773,1,-2,-2
29774,0,-2,-2
29775,0,-2,-2
29776,1,-2,-2
29777,1,-2,-2
29778,1,-2,-2
29779,1,-2,-2
29780,0,-1,-1
29781,0,-2,-2
29782,1,-1,-1
29783,1,-2,-2
29784,1,-2,-2
29785,1,-2,-2
29786,0,-2,-2
29787,1,-2,-2
29788,1,-1,-1
29789,0,-2,-2
29790,1,-2,-2
29791,0,-2,-2
29792,1,-2,-2
29793,1,-2,-2
29794,1,-2,-2
29795,1,-2,-2
29796,1,-1,-1
29797,1,-2,-2
29798,1,-2,-2
29799,0,-2,-2
29800,0,-2,-2
29801,0,-2,-2
29802,1,-2,-2
29803,0,-2,-2
29804,1,-2,-2
29805,1,-2,-2
29806,1,-1,-1
29807,0,-2,-2
29808,0,-2,-2
29809,0,-2,-2
29810,0,-2,-2
29811,1,-2,-2
29812,0,-2,-2
29813,0,-2,-2
29814,1,-2,-2
29815,1,-2,-2
29816,0,-1,-1
29817,0,-2,-2
29818,0,-2,-2
29819,0,-2,-2
29820,0,-1,-1
29821,0,-2,-2
29822,0,-2,-2
29823,0,-2,-2
29824,1,-2,-2
29825,0,-2,-2
29826,1,-2,-2
29827,1,-1,-1
29828,0,-1,-1
29829,1,-2,-2
29830,1,-2,-2
29831,0,-2,-2
29832,0,-1,-1
29833,0,-2,-2
29834,1,-2,-2
29835,0,-2,-2
29836,0,-1,-1
29837,0,-2,-2
29838,0,-2,-2
29839,1,-1,-1
29840,0,-2,-2
29841,1,-2,-2
29842,0,-2,-2
29843,1,-2,-2
29844,0,-2,-2
29845,1,-1,-1
29846,1,-2,-2
29847,0,-1,-1
29848,0,-1,-1
29849,0,-2,-2
29850,0,-2,-2
29851,1,-2,-2
29852,1,-2,-2
29853,0,-1,-1
29854,1,-2,-2
29855,1,-1,-1
29856,0,-2,-2
29857,1,-2,-2
29858,1,-2,-2
29859,0,-1,-1
29860,1,-2,-2
29861,1,-2,-2
29862,1,-2,-2
29863,1,-1,-1
29864,0,-2,-2
29865,0,-2,-2
29866,1,-2,-2
29867,0,-2,-2
29868,0,-2,-2
29869,0,-2,-2
29870,1,-2,-2
29871,0,-2,-2
29872,0,-2,-2
29873,0,-2,-2
29874,0,-2,-2
29875,0,-2,-2
29876,1,-2,-2
29877,1,-2,-2
29878,0,-2,-2
29879,1,-2,-2
29880,1,-2,-2
29881,0,-2,-2
29882,1,-2,-2
29883,0,-2,-2
29884,0,-2,-2
29885,0,-2,-2
29886,1,-1,-1
29887,1,-2,-2
29888,0,-2,-2
29889,1,-2,-2
29890,0,-2,-2
29891,0,-2,-2
29892,1,-2,-2
29893,0,-2,-2
29894,1,-2,-2
29895,1,-1,-1
29896,1,-2,-2
29897,1,-2,-2
29898,1,-1,-1
29899,0,-2,-2
29900,0,-2,-2
29901,0,-1,-1
29902,1,-1,-1
29903,1,-1,-1
29904,1,-2,-2
29905,1,-2,-2
29906,1,-2,-2
29907,1,-2,-2
29908,1,-2,-2
29909,1,-2,-2
29910,1,-2,-2
29911,0,-2,-2
29912,1,-2,-2
29913,1,-2,-2
29914,1,-2,-2
29915,1,-2,-2
29916,1,-2,-2
29917,1,-2,-2
29918,1,-2,-2
29919,1,-2,-2
29920,1,-2,-2
29921,1,-2,-2
29922,0,-1,-1
29923,0,-2,-2
29924,0,-2,-2
29925,0,-1,-1
29926,1,-2,-2
29927,1,-2,-2
29928,1,-1,-1
29929,0,-2,-2
29930,1,-2,-2
29931,1,-2,-2
29932,1,-1,-1
29933,0,-2,-2
29934,1,-2,-2
29935,0,-1,-1
29936,1,-2,-2
29937,1,-2,-2
29938,0,-2,-2
29939,0,-1,-1
29940,0,-2,-2
29941,0,-2,-2
29942,0,-2,-2
29943,1,-2,-2
29944,0,-1,-1
29945,1,-2,-2
29946,1,-2,-2
29947,0,-2,-2
29948,0,-1,-1
29949,0,-2,-2
29950,1,-1,-1
29951,0,-2,-2
29952,0,-2,-2
29953,1,-1,-1
29954,1,-1,-1
29955,1,-2,-2
29956,0,-1,-1
29957,0,-2,-2
29958,1,-2,-2
29959,0,-2,-2
29960,1,-2,-2
29961,1,-2,-2
29962,1,-1,-1
29963,0,-2,-2
29964,0,-1,-1
29965,1,-2,-2
29966,0,-1,-1
29967,0,-2,-2
29968,1,-2,-2
29969,1,-2,-2
29970,0,-2,-2
29971,1,-2,-2
29972,0,-2,-2
29973,0,-2,-2
29974,0,-2,-2
29975,0,-2,-2
29976,0,-2,-2
29977,0,-2,-2
29978,0,-2,-2
29979,0,-1,-1
29980,1,-2,-2
29981,0,-2,-2
29982,0,-2,-2
29983,1,-1,-1
29984,1,-2,-2
29985,0,-2,-2
29986,0,-2,-2
29987,1,-2,-2
29988,1,-1,-1
29989,1,-1,-1
29990,0,-1,-1
29991,0,-2,-2
29992,0,-1,-1
29993,1,-2,-2
29994,0,-2,-2
29995,1,-1,-1
29996,1,-1,-1
29997,0,-2,-2
29998,0,-2,-2
29999,1,-2,-2
30000,0,-2,-2
30001,1,-2,-2
30002,1,-2,-2
30003,1,-2,-2
30004,1,-2,-2
30005,1,-1,-1
30006,1,-2,-2
30007,1,-2,-2
30008,1,-2,-2
30009,0,-2,-2
30010,0,-2,-2
30011,0,-2,-2
30012,0,-2,-2
30013,0,-2,-2
30014,0,-2,-2
30015,1,-2,-2
30016,1,-1,-1
30017,0,-2,-2
30018,0,-2,-2
30019,1,-2,-2
30020,1,-2,-2
30021,1,-2,-2
30022,0,-2,-2
30023,0,-2,-2
30024,1,-1,-1
30025,0,-2,-2
30026,0,-1,-1
30027,1,-2,-2
30028,1,-2,-2
30029,1,-2,-2
30030,1,-1,-1
30031,0,-2,-2
30032,0,-1,-1
30033,1,-1,-1
30034,0,-2,-2
30035,0,-2,-2
30036,0,-2,-2
30037,0,-2,-2
30038,1,-2,-2
30039,1,-2,-2
30040,1,-2,-2
30041,1,-2,-2
30042,1,-1,-1
30043,0,-2,-2
30044,0,-2,-2
30045,0,-2,-2
30046,0,-2,-2
30047,0,-2,-2
30048,1,-2,-2
30049,1,-1,-1
30050,0,-2,-2
30051,0,-2,-2
30052,0,-2,-2
30053,0,-2,-2
30054,0,-1,-1
30055,1,-2,-2
30056,0,-2,-2
30057,0,-2,-2
30058,1,-2,-2
30059,1,-2,-2
30060,1,-1,-1
30061,0,-2,-2
30062,0,-1,-1
30063,0,-2,-2
30064,0,-2,-2
30065,1,-1,-1
30066,1,-1,-1
30067,0,-2,-2
30068,0,-2,-2
30069,0,-2,-2
30070,1,-2,-2
30071,0,-2,-2
30072,1,-1,-1
30073,0,-2,-2
30074,1,-2,-2
30075,1,-2,-2
30076,1,-1,-1
30077,0,-2,-2
30078,0,-2,-2
30079,0,-1,-1
30080,1,-2,-2
30081,1,-2,-2
30082,1,-2,-2
30083,0,-2,-2
30084,0,-2,-2
30085,1,-2,-2
30086,0,-2,-2
30087,1,-2,-2
30088,0,-2,-2
30089,0,-2,-2
30090,1,-1,-1
30091,1,-2,-2
30092,1,-2,-2
30093,1,-1,-1
30094,0,-2,-2
30095,1,-2,-2
30096,1,-2,-2
30097,1,-2,-2
30098,0,-2,-2
30099,1,-2,-2
30100,0,-2,-2
30101,0,-2,-2
30102,1,-2,-2
30103,1,-2,-2
30104,0,-2,-2
30105,1,-1,-1
30106,1,-2,-2
30107,0,-2,-2
30108,0,-2,-2
30109,1,-1,-1
30110,0,-2,-2
30111,0,-2,-2
30112,0,-2,-2
30113,1,-2,-2
30114,1,-1,-1
30115,1,-1,-1
30116,1,-2,-2
30117,0,-2,-2
30118,0,-1,-1
30119,0,-2,-2
30120,0,-2,-2
30121,1,-1,-1
30122,1,-2,-2
30123,0,-2,-2
30124,1,-2,-2
30125,0,-1,-1
30126,1,-1,-1
30127,0,-2,-2
30128,1,-2,-2
30129,1,-2,-2
30130,0,-1,-1
30131,1,-2,-2
30132,1,-2,-2
30133,1,-2,-2
30134,0,-2,-2
30135,0,-1,-1
30136,1,-2,-2
30137,1,-2,-2
30138,0,-2,-2
30139,1,-2,-2
30140,0,-1,-1
30141,0,-2,-2
30142,0,-2,-2
30143,0,-2,-2
30144,1,-2,-2
30145,1,-1,-1
30146,0,-1,-1
30147,0,-1,-1
30148,1,-2,-2
30149,1,-2,-2
30150,0,-1,-1
30151,1,-2,-2
30152,0,-2,-2
30153,0,-2,-2
30154,1,-2,-2
30155,1,-2,-2
30156,0,-2,-2
30157,1,-1,-1
30158,0,-1,-1
30159,1,-2,-2
30160,0,-1,-1
30161,1,-2,-2
30162,1,-2,-2
30163,0,-2,-2
30164,0,-2,-2
30165,1,-1,-1
30166,1,-1,-1
30167,1,-2,-2
30168,0,-2,-2
30169,1,-1,-1
30170,1,-2,-2
30171,1,-2,-2
30172,1,-1,-1
30173,1,-2,-2
30174,1,-2,-2
30175,1,-2,-2
30176,1,-2,-2
30177,0,-2,-2
30178,1,-2,-2
30179,1,-2,-2
30180,0,-2,-2
30181,1,-2,-2
30182,0,-2,-2
30183,0,-2,-2
30184,0,-2,-2
30185,1,-2,-2
30186,0,-2,-2
30187,1,-2,-2
30188,1,-2,-2
30189,0,-1,-1
30190,1,-1,-1
30191,1,-1,-1
30192,0,-2,-2
30193,0,-1,-1
30194,0,-2,-2
30195,1,-2,-2
30196,1,-2,-2
30197,1,-1,-1
30198,1,-2,-2
30199,0,-2,-2
30200,0,-2,-2
30201,0,-2,-2
30202,1,-2,-2
30203,1,-2,-2
30204,0,-2,-2
30205,0,-2,-2
30206,1,-2,-2
30207,0,-2,-2
30208,0,-2,-2
30209,1,-2,-2
30210,1,-2,-2
30211,1,-2,-2
30212,1,-2,-2
30213,0,-2,-2
30214,1,-2,-2
30215,1,-2,-2
30216,1,-2,-2
30217,1,-2,-2
30218,1,-2,-2
30219,0,-2,-2
30220,1,-1,-1
30221,0,-2,-2
30222,0,-2,-2
30223,1,-1,-1
30224,1,-2,-2
30225,0,-1,-1
30226,1,-2,-2
30227,1,-2,-2
30228,1,-2,-2
30229,0,-2,-2
30230,1,-2,-2
30231,0,-1,-1
30232,1,-1,-1
30233,0,-1,-1
30234,0,-1,-1
30235,0,-2,-2
30236,0,-2,-2
30237,0,-2,-2
30238,1,-2,-2
30239,0,-2,-2
30240,1,-2,-2
30241,0,-2,-2
30242,0,-2,-2
30243,0,-2,-2
30244,1,-1,-1
30245,1,-2,-2
30246,1,-2,-2
30247,1,-1,-1
30248,0,-2,-2
30249,1,-2,-2
30250,0,-2,-2
30251,0,-2,-2
30252,0,-2,-2
30253,1,-2,-2
30254,0,-2,-2
30255,0,-2,-2
30256,1,-2,-2
30257,0,-2,-2
30258,0,-2,-2
30259,0,-2,-2
30260,1,-2,-2
30261,1,-2,-2
30262,0,-1,-1
30263,1,-1,-1
30264,0,-1,-1
30265,1,-2,-2
30266,1,-1,-1
30267,1,-2,-2
30268,0,-2,-2
30269,1,-2,-2
30270,1,-2,-2
30271,0,-1,-1
30272,1,-1,-1
30273,1,-2,-2
30274,0,-2,-2
30275,1,-1,-1
30276,0,-2,-2
30277,0,-2,-2
30278,1,-2,-2
30279,1,-2,-2
30280,0,-2,-2
30281,1,-2,-2
30282,1,-2,-2
30283,1,-2,-2
30284,1,-2,-2
30285,0,-2,-2
30286,1,-2,-2
30287,1,-2,-2
30288,0,-2,-2
30289,1,-2,-2
30290,0,-2,-2
30291,1,-1,-1
30292,0,-2,-2
30293,1,-2,-2
30294,1,-1,-1
30295,1,-2,-2
30296,0,-2,-2
30297,1,-2,-2
30298,0,-2,-2
30299,0,-2,-2
30300,0,-2,-2
30301,0,-2,-2
30302,0,-1,-1
30303,0,-1,-1
30304,1,-2,-2
30305,1,-2,-2
30306,1,-1,-1
30307,1,-1,-1
30308,1,-2,-2
30309,1,-2,-2
30310,0,-2,-2
30311,1,-2,-2
30312,1,-2,-2
30313,0,-2,-2
30314,1,-2,-2
30315,1,-2,-2
30316,0,-1,-1
30317,1,-2,-2
30318,1,-2,-2
30319,0,-2,-2
30320,1,-2,-2
30321,0,-2,-2
30322,1,-2,-2
30323,0,-2,-2
30324,1,-2,-2
30325,1,-2,-2
30326,1,-2,-2
30327,1,-2,-2
30328,1,-2,-2
30329,0,-2,-2
30330,1,-2,-2
30331,0,-2,-2
30332,0,-2,-2
30333,0,-2,-2
30334,0,-2,-2
30335,1,-2,-2
30336,0,-1,-1
30337,0,-2,-2
30338,1,-2,-2
30339,1,-2,-2
30340,0,-2,-2
30341,1,-2,-2
30342,0,-2,-2
30343,1,-2,-2
30344,1,-1,-1
30345,0,-2,-2
30346,1,-2,-2
30347,1,-2,-2
30348,0,-2,-2
30349,1,-2,-2
30350,0,-2,-2
30351,1,-2,-2
30352,1,-1,-1
30353,1,-2,-2
30354,1,-2,-2
30355,0,-1,-1
30356,0,-2,-2
30357,0,-2,-2
30358,0,-2,-2
30359,1,-2,-2
30360,0,-2,-2
30361,0,-2,-2
30362,1,-2,-2
30363,0,-2,-2
30364,0,-2,-2
30365,0,-2,-2
30366,0,-2,-2
30367,0,-2,-2
30368,0,-2,-2
30369,0,-2,-2
30370,1,-2,-2
30371,0,-2,-2
30372,1,-2,-2
30373,0,-1,-1
30374,1,-2,-2
30375,0,-2,-2
30376,0,-2,-2
30377,0,-1,-1
30378,0,-2,-2
30379,1,-2,-2
30380,1,-2,-2
30381,0,-2,-2
30382,1,-2,-2
30383,1,-2,-2
30384,0,-2,-2
30385,1,-2,-2
30386,0,-2,-2
30387,1,-2,-2
30388,0,-2,-2
30389,1,-2,-2
30390,1,-2,-2
30391,0,-2,-2
30392,1,-2,-2
30393,1,-2,-2
30394,0,-2,-2
30395,1,-2,-2
30396,1,-2,-2
30397,1,-1,-1
30398,1,-2,-2
30399,0,-2,-2
30400,0,-2,-2
30401,0,-2,-2
30402,1,-2,-2
30403,0,-2,-2
30404,0,-2,-2
30405,0,-2,-2
30406,0,-2,-2
30407,1,-2,-2
30408,1,-2,-2
30409,0,-2,-2
30410,0,-2,-2
30411,1,-2,-2
30412,1,-1,-1
30413,0,-1,-1
30414,1,-1,-1
30415,1,-1,-1
30416,1,-2,-2
30417,0,-1,-1
30418,1,-2,-2
30419,1,-2,-2
30420,0,-2,-2
30421,1,-2,-2
30422,1,-2,-2
30423,1,-2,-2
30424,1,-2,-2
30425,1,-2,-2
30426,0,-2,-2
30427,0,-2,-2
30428,0,-2,-2
30429,0,-2,-2
30430,1,-2,-2
30431,1,-2,-2
30432,1,-2,-2
30433,1,-2,-2
30434,1,-2,-2
30435,0,-2,-2
30436,0,-2,-2
30437,0,-2,-2
30438,1,-2,-2
30439,0,-2,-2
30440,0,-2,-2
30441,0,-1,-1
30442,0,-2,-2
30443,1,-2,-2
30444,1,-2,-2
30445,1,-1,-1
30446,0,-2,-2
30447,1,-2,-2
30448,1,-2,-2
30449,0,-2,-2
30450,1,-2,-2
30451,0,-2,-2
30452,1,-2,-2
30453,1,-2,-2
30454,1,-2,-2
30455,1,-2,-2
30456,1,-1,-1
30457,0,-2,-2
30458,1,-2,-2
30459,0,-1,-1
30460,1,-2,-2
30461,0,-2,-2
30462,1,-2,-2
30463,0,-2,-2
30464,0,-2,-2
30465,1,-2,-2
30466,1,-2,-2
30467,0,-2,-2
30468,1,-2,-2
30469,1,-2,-2
30470,1,-1,-1
30471,0,-2,-2
30472,1,-2,-2
30473,1,-2,-2
30474,1,-2,-2
30475,0,-1,-1
30476,1,-1,-1
30477,1,-2,-2
30478,1,-2,-2
30479,0,-2,-2
30480,0,-1,-1
30481,1,-2,-2
30482,1,-1,-1
30483,1,-2,-2
30484,1,-2,-2
30485,1,-2,-2
30486,1,-2,-2
30487,0,-2,-2
30488,1,-2,-2
30489,0,-2,-2
30490,1,-1,-1
30491,0,-2,-2
30492,0,-2,-2
30493,0,-2,-2
30494,1,-2,-2
30495,1,-1,-1
30496,0,-1,-1
30497,0,-2,-2
30498,0,-2,-2
30499,0,-1,-1
30500,0,-2,-2
30501,1,-2,-2
30502,1,-2,-2
30503,1,-2,-2
30504,1,-2,-2
30505,0,-1,-1
30506,1,-2,-2
30507,1,-2,-2
30508,0,-1,-1
30509,0,-2,-2
30510,0,-1,-1
30511,1,-2,-2
30512,0,-2,-2
30513,0,-2,-2
30514,1,-2,-2
30515,1,-1,-1
30516,0,-2,-2
30517,1,-2,-2
30518,0,-1,-1
30519,1,-2,-2
30520,0,-2,-2
30521,1,-2,-2
30522,1,-2,-2
30523,1,-2,-2
30524,0,-2,-2
30525,0,-2,-2
30526,0,-1,-1
30527,1,-2,-2
30528,1,-2,-2
30529,1,-2,-2
30530,0,-2,-2
30531,1,-1,-1
30532,1,-2,-2
30533,1,-2,-2
30534,1,-2,-2
30535,0,-1,-1
30536,0,-1,-1
30537,1,-2,-2
30538,0,-2,-2
30539,1,-2,-2
30540,0,-2,-2
30541,1,-2,-2
30542,1,-2,-2
30543,0,-2,-2
30544,0,-2,-2
30545,0,-2,-2
30546,1,-2,-2
30547,1,-2,-2
30548,0,-2,-2
30549,0,-2,-2
30550,1,-2,-2
30551,0,-2,-2
30552,1,-2,-2
30553,0,-2,-2
30554,0,-2,-2
30555,0,-2,-2
30556,0,-2,-2
30557,1,-1,-1
30558,0,-2,-2
30559,1,-2,-2
30560,0,-1,-1
30561,1,-1,-1
30562,1,-2,-2
30563,1,-2,-2
30564,0,-2,-2
30565,0,-2,-2
30566,0,-2,-2
30567,1,-2,-2
30568,0,-2,-2
30569,1,-2,-2
30570,1,-2,-2
30571,0,-2,-2
30572,1,-1,-1
30573,0,-2,-2
30574,0,-2,-2
30575,0,-2,-2
30576,0,-2,-2
30577,1,-2,-2
30578,1,-2,-2
30579,1,-2,-2
30580,0,-2,-2
30581,0,-2,-2
30582,1,-2,-2
30583,0,-1,-1
30584,0,-2,-2
30585,1,-2,-2
30586,0,-2,-2
30587,1,-2,-2
30588,1,-2,-2
30589,0,-1,-1
30590,1,-2,-2
30591,0,-2,-2
30592,0,-2,-2
30593,0,-2,-2
30594,1,-1,-1
30595,1,-1,-1
30596,0,-2,-2
30597,0,-2,-2
30598,1,-2,-2
30599,1,-2,-2
30600,1,-2,-2
30601,1,-2,-2
30602,1,-1,-1
30603,1,-2,-2
30604,1,-2,-2
30605,0,-2,-2
30606,0,-2,-2
30607,0,-2,-2
30608,1,-2,-2
30609,1,-2,-2
30610,1,-1,-1
30611,1,-2,-2
30612,0,-2,-2
30613,0,-2,-2
30614,1,-2,-2
30615,1,-2,-2
30616,1,-2,-2
30617,1,-1,-1
30618,0,-1,-1
30619,0,-2,-2
30620,1,-2,-2
30621,1,-2,-2
30622,1,-2,-2
30623,0,-2,-2
30624,0,-2,-2
30625,1,-1,-1
30626,0,-2,-2
30627,1,-2,-2
30628,0,-2,-2
30629,1,-2,-2
30630,0,-2,-2
30631,0,-2,-2
30632,0,-2,-2
30633,1,-2,-2
30634,0,-2,-2
30635,0,-2,-2
30636,1,-1,-1
30637,0,-2,-2
30638,0,-2,-2
30639,1,-2,-2
30640,1,-2,-2
30641,1,-2,-2
30642,1,-2,-2
30643,1,-2,-2
30644,1,-2,-2
30645,1,-2,-2
30646,0,-2,-2
30647,1,-2,-2
30648,0,-2,-2
30649,0,-2,-2
30650,1,-2,-2
30651,1,-2,-2
30652,1,-2,-2
30653,0,-1,-1
30654,1,-2,-2
30655,0,-2,-2
30656,0,-1,-1
30657,0,-2,-2
30658,0,-2,-2
30659,0,-2,-2
30660,0,-2,-2
30661,1,-1,-1
30662,0,-2,-2
30663,1,-2,-2
30664,0,-2,-2
30665,1,-2,-2
30666,1,-2,-2
30667,1,-2,-2
30668,0,-2,-2
30669,0,-2,-2
30670,1,-2,-2
30671,1,-2,-2
30672,0,-2,-2
30673,0,-2,-2
30674,1,-2,-2
30675,0,-1,-1
30676,1,-2,-2
30677,1,-2,-2
30678,0,-1,-1
30679,0,-2,-2
30680,1,-2,-2
30681,1,-2,-2
30682,0,-1,-1
30683,0,-2,-2
30684,0,-2,-2
30685,1,-2,-2
30686,1,-2,-2
30687,1,-2,-2
30688,1,-2,-2
30689,0,-2,-2
30690,1,-2,-2
30691,1,-2,-2
30692,0,-2,-2
30693,0,-1,-1
30694,1,-2,-2
30695,1,-2,-2
30696,0,-2,-2
30697,0,-2,-2
30698,1,-1,-1
30699,0,-2,-2
30700,1,-2,-2
30701,1,-2,-2
30702,0,-1,-1
30703,0,-1,-1
30704,1,-2,-2
30705,1,-2,-2
30706,0,-2,-2
30707,0,-2,-2
30708,0,-2,-2
30709,1,-2,-2
30710,1,-2,-2
30711,0,-2,-2
30712,1,-2,-2
30713,0,-2,-2
30714,0,-1,-1
30715,0,-2,-2
30716,0,-2,-2
30717,0,-2,-2
30718,0,-1,-1
30719,1,-2,-2
30720,1,-2,-2
30721,1,-2,-2
30722,1,-2,-2
30723,1,-2,-2
30724,0,-2,-2
30725,0,-2,-2
30726,1,-2,-2
30727,0,-2,-2
30728,1,-2,-2
30729,1,-2,-2
30730,0,-2,-2
30731,1,-2,-2
30732,1,-1,-1
30733,1,-2,-2
30734,1,-1,-1
30735,0,-1,-1
30736,0,-1,-1
30737,0,-2,-2
30738,0,-2,-2
30739,1,-2,-2
30740,0,-1,-1
30741,1,-2,-2
30742,1,-2,-2
30743,1,-2,-2
30744,1,-2,-2
30745,1,-2,-2
30746,1,-2,-2
30747,1,-1,-1
30748,0,-2,-2
30749,0,-2,-2
30750,1,-2,-2
30751,0,-2,-2
30752,1,-1,-1
30753,0,-1,-1
30754,0,-2,-2
30755,1,-2,-2
30756,1,-2,-2
30757,0,-2,-2
30758,1,-1,-1
30759,0,-2,-2
30760,1,-2,-2
30761,1,-2,-2
30762,0,-2,-2
30763,1,-2,-2
30764,0,-2,-2
30765,0,-2,-2
30766,1,-2,-2
30767,1,-2,-2
30768,0,-2,-2
30769,0,-2,-2
30770,1,-2,-2
30771,0,-2,-2
30772,1,-2,-2
30773,0,-2,-2
30774,1,-2,-2
30775,1,-1,-1
30776,0,-2,-2
30777,0,-2,-2
30778,0,-2,-2
30779,1,-1,-1
30780,1,-2,-2
30781,1,-2,-2
30782,0,-2,-2
30783,0,-2,-2
30784,0,-2,-2
30785,1,-2,-2
30786,0,-2,-2
30787,1,-2,-2
30788,1,-2,-2
30789,1,-2,-2
30790,0,-1,-1
30791,1,-2,-2
30792,1,-2,-2
30793,0,-2,-2
30794,1,-2,-2
30795,1,-2,-2
30796,0,-2,-2
30797,0,-2,-2
30798,1,-2,-2
30799,1,-2,-2
30800,1,-2,-2
30801,1,-2,-2
30802,1,-2,-2
30803,1,-1,-1
30804,1,-2,-2
30805,0,-2,-2
30806,0,-2,-2
30807,0,-2,-2
30808,1,-1,-1
30809,1,-2,-2
30810,1,-2,-2
30811,0,-2,-2
30812,0,-1,-1
30813,1,-1,-1
30814,1,-2,-2
30815,0,-2,-2
30816,1,-2,-2
30817,0,-2,-2
30818,1,-2,-2
30819,0,-2,-2
30820,1,-1,-1
30821,1,-2,-2
30822,1,-2,-2
30823,1,-2,-2
30824,0,-2,-2
30825,0,-2,-2
30826,0,-2,-2
30827,1,-2,-2
30828,1,-2,-2
30829,1,-2,-2
30830,1,-2,-2
30831,0,-2,-2
30832,1,-2,-2
30833,0,-2,-2
30834,0,-1,-1
30835,0,-2,-2
30836,1,-2,-2
30837,1,-2,-2
30838,0,-2,-2
30839,0,-1,-1
30840,1,-2,-2
30841,0,-2,-2
30842,1,-2,-2
30843,1,-2,-2
30844,1,-2,-2
30845,1,-2,-2
30846,0,-2,-2
30847,1,-1,-1
30848,0,-2,-2
30849,0,-1,-1
30850,0,-2,-2
30851,0,-2,-2
30852,0,-2,-2
30853,0,-2,-2
30854,1,-2,-2
30855,1,-2,-2
30856,0,-1,-1
30857,0,-2,-2
30858,1,-2,-2
30859,1,-1,-1
30860,0,-2,-2
30861,1,-2,-2
30862,0,-2,-2
30863,1,-2,-2
30864,0,-1,-1
30865,1,-2,-2
30866,0,-2,-2
30867,0,-2,-2
30868,1,-2,-2
30869,0,-2,-2
30870,1,-2,-2
30871,1,-2,-2
30872,0,-2,-2
30873,1,-2,-2
30874,0,-2,-2
30875,1,-1,-1
30876,1,-1,-1
30877,1,-2,-2
30878,0,-2,-2
30879,0,-2,-2
30880,1,-2,-2
30881,1,-1,-1
30882,0,-2,-2
30883,1,-2,-2
30884,0,-2,-2
30885,1,-2,-2
30886,0,-1,-1
30887,0,-2,-2
30888,1,-2,-2
30889,1,-2,-2
30890,0,-2,-2
30891,1,-2,-2
30892,1,-2,-2
30893,1,-2,-2
30894,1,-1,-1
30895,0,-2,-2
30896,0,-2,-2
30897,1,-2,-2
30898,0,-2,-2
30899,0,-2,-2
30900,1,-2,-2
30901,0,-2,-2
30902,1,-2,-2
30903,0,-1,-1
30904,0,-2,-2
30905,0,-2,-2
30906,0,-2,-2
30907,1,-2,-2
30908,0,-2,-2
30909,1,-2,-2
30910,0,-2,-2
30911,0,-1,-1
30912,0,-2,-2
30913,1,-2,-2
30914,1,-2,-2
30915,0,-2,-2
30916,0,-2,-2
30917,1,-2,-2
30918,1,-2,-2
30919,1,-2,-2
30920,1,-2,-2
30921,0,-2,-2
30922,0,-2,-2
30923,1,-2,-2
30924,0,-2,-2
30925,0,-2,-2
30926,0,-1,-1
30927,0,-2,-2
30928,0,-1,-1
30929,1,-2,-2
30930,0,-2,-2
30931,1,-2,-2
30932,0,-1,-1
30933,1,-2,-2
30934,0,-2,-2
30935,1,-2,-2
30936,1,-2,-2
30937,1,-2,-2
30938,1,-2,-2
30939,0,-2,-2
30940,1,-2,-2
30941,0,-2,-2
30942,1,-2,-2
30943,1,-2,-2
30944,0,-2,-2
30945,1,-1,-1
30946,0,-1,-1
30947,0,-1,-1
30948,0,-2,-2
30949,0,-2,-2
30950,1,-2,-2
30951,1,-2,-2
30952,0,-2,-2
30953,1,-2,-2
30954,1,-2,-2
30955,1,-2,-2
30956,0,-2,-2
30957,1,-2,-2
30958,0,-2,-2
30959,0,-2,-2
30960,0,-2,-2
30961,1,-2,-2
30962,0,-1,-1
30963,0,-2,-2
30964,1,-2,-2
30965,1,-2,-2
30966,1,-2,-2
30967,1,-2,-2
30968,1,-2,-2
30969,0,-2,-2
30970,0,-2,-2
30971,1,-2,-2
30972,0,-2,-2
30973,1,-2,-2
30974,1,-2,-2
30975,0,-2,-2
30976,0,-2,-2
30977,1,-2,-2
30978,0,-2,-2
30979,1,-2,-2
30980,1,-2,-2
30981,1,-2,-2
30982,1,-2,-2
30983,1,-1,-1
30984,1,-2,-2
30985,0,-2,-2
30986,1,-2,-2
30987,1,-2,-2
30988,1,-2,-2
30989,1,-1,-1
30990,1,-2,-2
30991,0,-2,-2
30992,1,-2,-2
30993,0,-2,-2
30994,0,-2,-2
30995,1,-2,-2
30996,0,-1,-1
30997,1,-2,-2
30998,1,-2,-2
30999,1,-2,-2
31000,1,-2,-2
31001,1,-2,-2
31002,1,-2,-2
31003,1,-2,-2
31004,0,-1,-1
31005,1,-1,-1
31006,0,-2,-2
31007,1,-2,-2
31008,1,-2,-2
31009,0,-2,-2
31010,0,-2,-2
31011,1,-2,-2
31012,0,-2,-2
31013,1,-2,-2
31014,0,-1,-1
31015,1,-2,-2
31016,1,-1,-1
31017,1,-2,-2
31018,0,-2,-2
31019,1,-1,-1
31020,0,-2,-2
31021,0,-2,-2
31022,0,-2,-2
31023,0,-2,-2
31024,1,-1,-1
31025,0,-1,-1
31026,1,-2,-2
31027,1,-2,-2
31028,1,-1,-1
31029,1,-1,-1
31030,0,-2,-2
31031,0,-2,-2
31032,0,-2,-2
31033,0,-2,-2
31034,0,-2,-2
31035,0,-1,-1
31036,1,-2,-2
31037,1,-2,-2
31038,0,-1,-1
31039,0,-2,-2
31040,0,-2,-2
31041,0,-2,-2
31042,0,-1,-1
31043,1,-2,-2
31044,1,-2,-2
31045,1,-2,-2
31046,0,-2,-2
31047,0,-2,-2
31048,1,-2,-2
31049,1,-2,-2
31050,0,-2,-2
31051,0,-2,-2
31052,0,-2,-2
31053,0,-2,-2
31054,0,-2,-2
31055,0,-2,-2
31056,0,-2,-2
31057,0,-2,-2
31058,0,-2,-2
31059,0,-2,-2
31060,1,-1,-1
31061,1,-1,-1
31062,0,-2,-2
31063,0,-2,-2
31064,1,-2,-2
31065,1,-1,-1
31066,1,-2,-2
31067,1,-2,-2
31068,1,-2,-2
31069,0,-2,-2
31070,1,-1,-1
31071,0,-2,-2
31072,0,-2,-2
31073,1,-2,-2
31074,1,-1,-1
31075,0,-2,-2
31076,1,-2,-2
31077,1,-2,-2
31078,1,-2,-2
31079,0,-1,-1
31080,1,-2,-2
31081,0,-2,-2
31082,0,-2,-2
31083,1,-2,-2
31084,0,-2,-2
31085,1,-2,-2
31086,1,-1,-1
31087,1,-2,-2
31088,1,-2,-2
31089,1,-2,-2
31090,1,-2,-2
31091,1,-2,-2
31092,1,-2,-2
31093,0,-1,-1
31094,0,-2,-2
31095,1,-2,-2
31096,0,-2,-2
31097,1,-2,-2
31098,0,-1,-1
31099,0,-2,-2
31100,1,-2,-2
31101,0,-2,-2
31102,0,-2,-2
31103,1,-2,-2
31104,0,-2,-2
31105,1,-2,-2
31106,0,-1,-1
31107,0,-2,-2
31108,1,-1,-1
31109,0,-1,-1
31110,0,-1,-1
31111,0,-2,-2
31112,0,-2,-2
31113,0,-2,-2
31114,1,-2,-2
31115,1,-2,-2
31116,0,-2,-2
31117,1,-2,-2
31118,0,-1,-1
31119,0,-2,-2
31120,0,-1,-1
31121,0,-1,-1
31122,1,-2,-2
31123,1,-1,-1
31124,0,-2,-2
31125,0,-1,-1
31126,0,-2,-2
31127,0,-2,-2
31128,0,-2,-2
31129,1,-2,-2
31130,0,-2,-2
31131,1,-2,-2
31132,0,-1,-1
31133,1,-2,-2
31134,0,-2,-2
31135,0,-2,-2
31136,0,-2,-2
31137,0,-2,-2
31138,0,-2,-2
31139,1,-2,-2
31140,0,-1,-1
31141,0,-1,-1
31142,1,-2,-2
31143,1,-2,-2
31144,0,-2,-2
31145,0,-1,-1
31146,1,-2,-2
31147,0,-2,-2
31148,1,-2,-2
31149,0,-2,-2
31150,1,-2,-2
31151,0,-2,-2
31152,0,-2,-2
31153,1,-2,-2
31154,1,-2,-2
31155,0,-2,-2
31156,0,-2,-2
31157,0,-2,-2
31158,1,-2,-2
31159,0,-2,-2
31160,1,-2,-2
31161,1,-1,-1
31162,0,-1,-1
31163,1,-2,-2
31164,0,-2,-2
31165,1,-2,-2
31166,1,-2,-2
31167,1,-2,-2
31168,1,-2,-2
31169,0,-2,-2
31170,0,-1,-1
31171,0,-1,-1
31172,0,-1,-1
31173,0,-1,-1
31174,0,-2,-2
31175,1,-2,-2
31176,0,-2,-2
31177,0,-2,-2
31178,1,-2,-2
31179,1,-1,-1
31180,0,-2,-2
31181,0,-2,-2
31182,1,-2,-2
31183,0,-1,-1
31184,0,-2,-2
31185,0,-1,-1
31186,1,-2,-2
31187,0,-1,-1
31188,0,-2,-2
31189,0,-2,-2
31190,0,-2,-2
31191,0,-2,-2
31192,1,-2,-2
31193,1,-2,-2
31194,0,-2,-2
31195,0,-2,-2
31196,0,-2,-2
31197,0,-2,-2
31198,1,-1,-1
31199,1,-2,-2
31200,1,-2,-2
31201,0,-2,-2
31202,0,-2,-2
31203,1,-2,-2
31204,1,-2,-2
31205,1,-2,-2
31206,0,-1,-1
31207,0,-2,-2
31208,0,-2,-2
31209,0,-2,-2
31210,1,-1,-1
31211,0,-2,-2
31212,1,-2,-2
31213,0,-2,-2
31214,1,-2,-2
31215,1,-2,-2
31216,1,-1,-1
31217,0,-2,-2
31218,1,-2,-2
31219,0,-2,-2
31220,0,-1,-1
31221,1,-2,-2
31222,0,-2,-2
31223,1,-1,-1
31224,0,-2,-2
31225,1,-2,-2
31226,0,-2,-2
31227,1,-2,-2
31228,0,-2,-2
31229,0,-2,-2
31230,1,-2,-2
31231,1,-1,-1
31232,1,-2,-2
31233,1,-1,-1
31234,0,-1,-1
31235,1,-2,-2
31236,0,-1,-1
31237,0,-1,-1
31238,1,-2,-2
31239,1,-1,-1
31240,0,-2,-2
31241,0,-2,-2
31242,1,-2,-2
31243,0,-2,-2
31244,0,-2,-2
31245,1,-2,-2
31246,1,-2,-2
31247,0,-1,-1
31248,0,-2,-2
31249,0,-2,-2
31250,1,-2,-2
31251,0,-1,-1
31252,0,-2,-2
31253,0,-2,-2
31254,1,-2,-2
31255,1,-1,-1
31256,1,-2,-2
31257,1,-2,-2
31258,1,-2,-2
31259,1,-2,-2
31260,1,-2,-2
31261,1,-2,-2
31262,0,-2,-2
31263,0,-1,-1
31264,0,-2,-2
31265,0,-1,-1
31266,0,-1,-1
31267,0,-1,-1
31268,1,-2,-2
31269,0,-1,-1
31270,0,-2,-2
31271,1,-2,-2
31272,0,-1,-1
31273,0,-2,-2
31274,0,-2,-2
31275,0,-2,-2
31276,1,-2,-2
31277,0,-2,-2
31278,0,-2,-2
31279,1,-2,-2
31280,0,-2,-2
31281,1,-1,-1
31282,1,-2,-2
31283,1,-2,-2
31284,1,-1,-1
31285,1,-2,-2
31286,1,-2,-2
31287,1,-2,-2
31288,1,-1,-1
31289,1,-2,-2
31290,1,-2,-2
31291,1,-2,-2
31292,1,-2,-2
31293,1,-2,-2
31294,1,-2,-2
31295,0,-2,-2
31296,1,-2,-2
31297,1,-2,-2
31298,1,-2,-2
31299,1,-2,-2
31300,0,-2,-2
31301,0,-2,-2
31302,1,-2,-2
31303,1,-1,-1
31304,1,-1,-1
31305,0,-1,-1
31306,1,-2,-2
31307,1,-1,-1
31308,1,-1,-1
31309,1,-2,-2
31310,0,-2,-2
31311,0,-2,-2
31312,1,-2,-2
31313,0,-2,-2
31314,0,-2,-2
31315,1,-2,-2
31316,0,-2,-2
31317,0,-2,-2
31318,1,-2,-2
31319,1,-2,-2
31320,0,-2,-2
31321,0,-2,-2
31322,1,-2,-2
31323,1,-2,-2
31324,1,-2,-2
31325,0,-1,-1
31326,0,-2,-2
31327,0,-2,-2
31328,1,-2,-2
31329,0,-2,-2
31330,1,-2,-2
31331,0,-2,-2
31332,1,-2,-2
31333,1,-2,-2
31334,1,-2,-2
31335,1,-2,-2
31336,0,-2,-2
31337,1,-2,-2
31338,1,-1,-1
31339,0,-2,-2
31340,1,-2,-2
31341,1,-2,-2
31342,0,-1,-1
31343,1,-2,-2
31344,1,-2,-2
31345,1,-2,-2
31346,0,-2,-2
31347,0,-2,-2
31348,1,-2,-2
31349,1,-2,-2
31350,1,-2,-2
31351,0,-1,-1
31352,0,-2,-2
31353,1,-2,-2
31354,0,-2,-2
31355,0,-2,-2
31356,0,-2,-2
31357,1,-1,-1
31358,0,-2,-2
31359,0,-2,-2
31360,1,-2,-2
31361,0,-1,-1
31362,1,-2,-2
31363,0,-2,-2
31364,0,-2,-2
31365,1,-2,-2
31366,1,-2,-2
31367,0,-2,-2
31368,0,-2,-2
31369,1,-2,-2
31370,1,-1,-1
31371,0,-2,-2
31372,0,-2,-2
31373,1,-2,-2
31374,1,-1,-1
31375,1,-1,-1
31376,1,-2,-2
31377,0,-2,-2
31378,1,-2,-2
31379,0,-2,-2
31380,0,-2,-2
31381,0,-1,-1
31382,1,-2,-2
31383,0,-2,-2
31384,0,-1,-1
31385,1,-2,-2
31386,1,-2,-2
31387,0,-2,-2
31388,0,-1,-1
31389,0,-2,-2
31390,1,-1,-1
31391,1,-1,-1
31392,0,-2,-2
31393,0,-2,-2
31394,0,-1,-1
31395,0,-2,-2
31396,1,-2,-2
31397,1,-2,-2
31398,1,-2,-2
31399,1,-1,-1
31400,0,-2,-2
31401,1,-1,-1
31402,0,-2,-2
31403,0,-2,-2
31404,1,-2,-2
31405,0,-2,-2
31406,1,-1,-1
31407,0,-2,-2
31408,1,-2,-2
31409,0,-1,-1
31410,1,-1,-1
31411,1,-2,-2
31412,1,-2,-2
31413,1,-2,-2
31414,1,-2,-2
31415,1,-1,-1
31416,0,-2,-2
31417,1,-2,-2
31418,1,-2,-2
31419,1,-2,-2
31420,0,-2,-2
31421,1,-2,-2
31422,1,-2,-2
31423,0,-1,-1
31424,1,-2,-2
31425,0,-2,-2
31426,0,-2,-2
31427,0,-2,-2
31428,0,-2,-2
31429,1,-2,-2
31430,0,-1,-1
31431,0,-2,-2
31432,0,-2,-2
31433,1,-1,-1
31434,1,-2,-2
31435,0,-2,-2
31436,1,-1,-1
31437,0,-2,-2
31438,1,-2,-2
31439,0,-2,-2
31440,1,-1,-1
31441,1,-2,-2
31442,0,-2,-2
31443,0,-2,-2
31444,1,-2,-2
31445,0,-1,-1
31446,1,-2,-2
31447,1,-2,-2
31448,0,-2,-2
31449,1,-2,-2
31450,1,-2,-2
31451,0,-2,-2
31452,1,-2,-2
31453,1,-2,-2
31454,1,-2,-2
31455,0,-2,-2
31456,1,-2,-2
31457,1,-2,-2
31458,0,-2,-2
31459,1,-2,-2
31460,0,-2,-2
31461,1,-2,-2
31462,0,-1,-1
31463,0,-1,-1
31464,1,-2,-2
31465,0,-1,-1
31466,1,-2,-2
31467,0,-2,-2
31468,1,-2,-2
31469,0,-1,-1
31470,0,-2,-2
31471,0,-2,-2
31472,0,-2,-2
31473,1,-1,-1
31474,0,-2,-2
31475,0,-2,-2
31476,0,-1,-1
31477,1,-2,-2
31478,1,-2,-2
31479,1,-2,-2
31480,0,-2,-2
31481,0,-1,-1
31482,0,-2,-2
31483,0,-2,-2
31484,0,-2,-2
31485,0,-2,-2
31486,0,-2,-2
31487,0,-2,-2
31488,0,-2,-2
31489,0,-2,-2
31490,1,-2,-2
31491,1,-2,-2
31492,0,-2,-2
31493,1,-1,-1
31494,1,-2,-2
31495,0,-2,-2
31496,1,-1,-1
31497,0,-2,-2
31498,1,-2,-2
31499,0,-2,-2
31500,0,-2,-2
31501,1,-2,-2
31502,0,-2,-2
31503,0,-2,-2
31504,1,-1,-1
31505,0,-2,-2
31506,0,-2,-2
31507,0,-2,-2
31508,1,-2,-2
31509,0,-1,-1
31510,0,-2,-2
31511,1,-2,-2
31512,1,-2,-2
31513,1,-2,-2
31514,0,-1,-1
31515,1,-1,-1
31516,0,-1,-1
31517,0,-2,-2
31518,1,-2,-2
31519,1,-1,-1
31520,0,-1,-1
31521,0,-2,-2
31522,0,-1,-1
31523,0,-2,-2
31524,0,-2,-2
31525,1,-2,-2
31526,0,-1,-1
31527,0,-1,-1
31528,1,-2,-2
31529,1,-2,-2
31530,0,-1,-1
31531,1,-2,-2
31532,0,-2,-2
31533,1,-2,-2
31534,1,-1,-1
31535,1,-2,-2
31536,1,-2,-2
31537,0,-2,-2
31538,1,-2,-2
31539,1,-2,-2
31540,0,-2,-2
31541,1,-1,-1
31542,0,-2,-2
31543,1,-2,-2
31544,0,-2,-2
31545,0,-2,-2
31546,0,-2,-2
31547,1,-1,-1
31548,1,-1,-1
31549,0,-2,-2
31550,0,-2,-2
31551,0,-2,-2
31552,0,-2,-2
31553,0,-2,-2
31554,1,-2,-2
31555,0,-2,-2
31556,0,-2,-2
31557,1,-2,-2
31558,1,-2,-2
31559,0,-1,-1
31560,1,-2,-2
31561,1,-2,-2
31562,1,-2,-2
31563,0,-2,-2
31564,1,-2,-2
31565,1,-2,-2
31566,1,-2,-2
31567,0,-1,-1
31568,0,-1,-1
31569,1,-2,-2
31570,1,-2,-2
31571,0,-2,-2
31572,1,-2,-2
31573,1,-2,-2
31574,1,-2,-2
31575,0,-1,-1
31576,0,-1,-1
31577,1,-1,-1
31578,1,-2,-2
31579,1,-2,-2
31580,1,-2,-2
31581,0,-1,-1
31582,1,-2,-2
31583,1,-2,-2
31584,1,-2,-2
31585,0,-1,-1
31586,0,-2,-2
31587,0,-2,-2
31588,1,-2,-2
31589,0,-2,-2
31590,1,-2,-2
31591,0,-2,-2
31592,1,-2,-2
31593,1,-2,-2
31594,1,-1,-1
31595,0,-2,-2
31596,1,-2,-2
31597,0,-2,-2
31598,1,-2,-2
31599,0,-1,-1
31600,1,-2,-2
31601,0,-1,-1
31602,0,-2,-2
31603,1,-2,-2
31604,0,-2,-2
31605,1,-2,-2
31606,0,-2,-2
31607,0,-1,-1
31608,0,-1,-1
31609,0,-1,-1
31610,1,-1,-1
31611,0,-2,-2
31612,0,-1,-1
31613,1,-2,-2
31614,1,-1,-1
31615,1,-2,-2
31616,0,-2,-2
31617,0,-2,-2
31618,0,-2,-2
31619,1,-2,-2
31620,0,-2,-2
31621,0,-1,-1
31622,1,-2,-2
31623,1,-2,-2
31624,0,-2,-2
31625,1,-2,-2
31626,0,-2,-2
31627,1,-2,-2
31628,1,-1,-1
31629,1,-2,-2
31630,1,-2,-2
31631,0,-1,-1
31632,1,-2,-2
31633,0,-2,-2
31634,0,-2,-2
31635,0,-2,-2
31636,0,-1,-1
31637,1,-2,-2
31638,0,-2,-2
31639,0,-1,-1
31640,0,-1,-1
31641,1,-2,-2
31642,0,-2,-2
31643,1,-1,-1
31644,0,-2,-2
31645,0,-2,-2
31646,0,-2,-2
31647,0,-2,-2
31648,1,-1,-1
31649,1,-2,-2
31650,1,-2,-2
31651,1,-2,-2
31652,0,-2,-2
31653,0,-2,-2
31654,1,-2,-2
31655,0,-1,-1
31656,1,-1,-1
31657,1,-2,-2
31658,0,-2,-2
31659,1,-2,-2
31660,0,-2,-2
31661,0,-2,-2
31662,1,-2,-2
31663,1,-2,-2
31664,1,-1,-1
31665,0,-1,-1
31666,0,-2,-2
31667,0,-2,-2
31668,0,-2,-2
31669,1,-2,-2
31670,0,-2,-2
31671,1,-1,-1
31672,1,-2,-2
31673,0,-2,-2
31674,1,-1,-1
31675,0,-2,-2
31676,1,-2,-2
31677,1,-1,-1
31678,0,-2,-2
31679,0,-2,-2
31680,0,-2,-2
31681,1,-2,-2
31682,0,-2,-2
31683,0,-2,-2
31684,0,-2,-2
31685,1,-2,-2
31686,1,-1,-1
31687,0,-2,-2
31688,1,-2,-2
31689,0,-2,-2
31690,1,-2,-2
31691,0,-2,-2
31692,0,-1,-1
31693,1,-2,-2
31694,1,-2,-2
31695,0,-2,-2
31696,0,-2,-2
31697,0,-1,-1
31698,1,-1,-1
31699,0,-1,-1
31700,1,-2,-2
31701,1,-2,-2
31702,1,-2,-2
31703,1,-2,-2
31704,1,-2,-2
31705,0,-2,-2
31706,1,-2,-2
31707,1,-2,-2
31708,1,-1,-1
31709,1,-2,-2
31710,1,-2,-2
31711,0,-2,-2
31712,0,-2,-2
31713,1,-2,-2
31714,1,-1,-1
31715,1,-2,-2
31716,1,-2,-2
31717,1,-2,-2
31718,0,-1,-1
31719,0,-2,-2
31720,0,-2,-2
31721,0,-2,-2
31722,1,-1,-1
31723,1,-2,-2
31724,1,-2,-2
31725,1,-1,-1
31726,1,-2,-2
31727,0,-2,-2
31728,1,-2,-2
31729,1,-2,-2
31730,0,-1,-1
31731,0,-1,-1
31732,0,-2,-2
31733,0,-2,-2
31734,1,-2,-2
31735,0,-2,-2
31736,1,-2,-2
31737,0,-2,-2
31738,0,-2,-2
31739,0,-2,-2
31740,1,-1,-1
31741,0,-2,-2
31742,0,-2,-2
31743,0,-1,-1
31744,1,-2,-2
31745,1,-2,-2
31746,1,-2,-2
31747,1,-2,-2
31748,0,-2,-2
31749,1,-2,-2
31750,0,-2,-2
31751,1,-2,-2
31752,1,-2,-2
31753,1,-2,-2
31754,1,-1,-1
31755,0,-2,-2
31756,0,-2,-2
31757,0,-2,-2
31758,0,-2,-2
31759,0,-1,-1
31760,1,-1,-1
31761,0,-1,-1
31762,1,-1,-1
31763,1,-2,-2
31764,0,-1,-1
31765,1,-2,-2
31766,1,-2,-2
31767,1,-2,-2
31768,0,-2,-2
31769,0,-2,-2
31770,1,-2,-2
31771,1,-2,-2
31772,1,-2,-2
31773,0,-2,-2
31774,0,-2,-2
31775,1,-2,-2
31776,0,-1,-1
31777,0,-2,-2
31778,1,-2,-2
31779,1,-2,-2
31780,0,-2,-2
31781,1,-2,-2
31782,0,-2,-2
31783,0,-2,-2
31784,1,-2,-2
31785,1,-2,-2
31786,0,-2,-2
31787,0,-2,-2
31788,1,-1,-1
31789,1,-2,-2
31790,1,-2,-2
31791,0,-2,-2
31792,0,-2,-2
31793,1,-2,-2
31794,1,-2,-2
31795,0,-2,-2
31796,0,-2,-2
31797,0,-2,-2
31798,0,-2,-2
31799,0,-2,-2
31800,1,-1,-1
31801,1,-2,-2
31802,1,-2,-2
31803,1,-2,-2
31804,0,-2,-2
31805,1,-2,-2
31806,1,-2,-2
31807,1,-2,-2
31808,1,-2,-2
31809,0,-2,-2
31810,1,-2,-2
31811,1,-2,-2
31812,0,-2,-2
31813,1,-2,-2
31814,0,-2,-2
31815,0,-2,-2
31816,1,-2,-2
31817,1,-1,-1
31818,1,-2,-2
31819,1,-2,-2
31820,1,-2,-2
31821,1,-2,-2
31822,0,-2,-2
31823,0,-2,-2
31824,0,-2,-2
31825,1,-2,-2
31826,0,-2,-2
31827,0,-2,-2
31828,0,-2,-2
31829,1,-2,-2
31830,1,-2,-2
31831,0,-1,-1
31832,0,-2,-2
31833,0,-2,-2
31834,1,-2,-2
31835,1,-2,-2
31836,1,-2,-2
31837,1,-2,-2
31838,1,-2,-2
31839,1,-2,-2
31840,1,-1,-1
31841,1,-2,-2
31842,0,-2,-2
31843,1,-2,-2
31844,1,-2,-2
31845,0,-2,-2
31846,0,-2,-2
31847,0,-2,-2
31848,0,-2,-2
31849,1,-2,-2
31850,1,-1,-1
31851,1,-2,-2
31852,1,-1,-1
31853,1,-2,-2
31854,1,-1,-1
31855,0,-2,-2
31856,1,-1,-1
31857,1,-2,-2
31858,1,-2,-2
31859,1,-2,-2
31860,0,-2,-2
31861,1,-2,-2
31862,0,-2,-2
31863,0,-2,-2
31864,0,-2,-2
31865,0,-2,-2
31866,1,-2,-2
31867,1,-2,-2
31868,0,-2,-2
31869,0,-2,-2
31870,1,-2,-2
31871,1,-2,-2
31872,1,-2,-2
31873,0,-2,-2
31874,1,-2,-2
31875,1,-2,-2
31876,1,-2,-2
31877,1,-2,-2
31878,0,-2,-2
31879,0,-2,-2
31880,0,-2,-2
31881,1,-2,-2
31882,0,-2,-2
31883,1,-2,-2
31884,0,-1,-1
31885,1,-2,-2
31886,0,-2,-2
31887,1,-2,-2
31888,1,-2,-2
31889,1,-2,-2
31890,0,-2,-2
31891,0,-2,-2
31892,0,-1,-1
31893,1,-1,-1
31894,1,-1,-1
31895,0,-2,-2
31896,1,-2,-2
31897,0,-2,-2
31898,0,-2,-2
31899,1,-2,-2
31900,1,-2,-2
31901,0,-2,-2
31902,1,-2,-2
31903,0,-2,-2
31904,0,-2,-2
31905,0,-2,-2
31906,0,-1,-1
31907,1,-1,-1
31908,0,-2,-2
31909,0,-2,-2
31910,0,-2,-2
31911,1,-2,-2
31912,1,-2,-2
31913,0,-2,-2
31914,1,-2,-2
31915,0,-2,-2
31916,0,-1,-1
31917,1,-2,-2
31918,1,-2,-2
31919,1,-2,-2
31920,0,-2,-2
31921,0,-2,-2
31922,0,-2,-2
31923,0,-2,-2
31924,0,-2,-2
31925,0,-2,-2
31926,1,-1,-1
31927,1,-1,-1
31928,0,-2,-2
31929,1,-2,-2
31930,0,-2,-2
31931,1,-1,-1
31932,0,-2,-2
31933,0,-2,-2
31934,0,-2,-2
31935,0,-2,-2
31936,1,-2,-2
31937,1,-2,-2
31938,0,-2,-2
31939,0,-2,-2
31940,1,-2,-2
31941,1,-2,-2
31942,0,-1,-1
31943,0,-2,-2
31944,1,-2,-2
31945,1,-2,-2
31946,0,-2,-2
31947,0,-2,-2
31948,1,-2,-2
31949,1,-2,-2
31950,1,-2,-2
31951,0,-2,-2
31952,1,-2,-2
31953,0,-2,-2
31954,0,-2,-2
31955,1,-2,-2
31956,1,-1,-1
31957,0,-1,-1
31958,0,-2,-2
31959,1,-2,-2
31960,1,-2,-2
31961,1,-2,-2
31962,0,-2,-2
31963,1,-2,-2
31964,1,-2,-2
31965,0,-2,-2
31966,0,-2,-2
31967,1,-2,-2
31968,1,-2,-2
31969,0,-2,-2
31970,1,-2,-2
31971,0,-2,-2
31972,1,-1,-1
31973,1,-2,-2
31974,1,-1,-1
31975,1,-1,-1
31976,0,-2,-2
31977,0,-2,-2
31978,1,-2,-2
31979,1,-2,-2
31980,1,-1,-1
31981,0,-2,-2
31982,0,-1,-1
31983,0,-1,-1
31984,1,-2,-2
31985,0,-1,-1
31986,0,-2,-2
31987,0,-2,-2
31988,1,-2,-2
31989,0,-2,-2
31990,0,-1,-1
31991,1,-2,-2
31992,1,-2,-2
31993,0,-1,-1
31994,1,-2,-2
31995,0,-2,-2
31996,0,-1,-1
31997,0,-2,-2
31998,0,-2,-2
31999,1,-2,-2
32000,1,-1,-1
32001,0,-2,-2
32002,0,-2,-2
32003,0,-2,-2
32004,0,-2,-2
32005,1,-2,-2
32006,1,-2,-2
32007,1,-2,-2
32008,0,-2,-2
32009,0,-2,-2
32010,0,-2,-2
32011,0,-1,-1
32012,1,-2,-2
32013,1,-1,-1
32014,1,-2,-2
32015,0,-2,-2
32016,0,-2,-2
32017,1,-1,-1
32018,0,-2,-2
32019,0,-2,-2
32020,1,-1,-1
32021,0,-2,-2
32022,1,-2,-2
32023,1,-1,-1
32024,0,-2,-2
32025,0,-2,-2
32026,0,-2,-2
32027,0,-2,-2
32028,0,-2,-2
32029,0,-2,-2
32030,0,-2,-2
32031,1,-2,-2
32032,1,-2,-2
32033,1,-2,-2
32034,1,-2,-2
32035,0,-2,-2
32036,0,-2,-2
32037,0,-2,-2
32038,1,-2,-2
32039,0,-2,-2
32040,1,-2,-2
32041,1,-2,-2
32042,1,-1,-1
32043,0,-2,-2
32044,1,-2,-2
32045,1,-2,-2
32046,1,-2,-2
32047,0,-1,-1
32048,0,-2,-2
32049,0,-2,-2
32050,1,-1,-1
32051,0,-2,-2
32052,1,-2,-2
32053,0,-2,-2
32054,1,-2,-2
32055,0,-2,-2
32056,1,-1,-1
32057,0,-2,-2
32058,0,-2,-2
32059,0,-2,-2
32060,1,-2,-2
32061,1,-2,-2
32062,1,-2,-2
32063,1,-2,-2
32064,0,-1,-1
32065,1,-1,-1
32066,0,-2,-2
32067,0,-1,-1
32068,0,-2,-2
32069,0,-2,-2
32070,1,-2,-2
32071,1,-2,-2
32072,0,-2,-2
32073,0,-2,-2
32074,0,-2,-2
32075,0,-1,-1
32076,1,-2,-2
32077,0,-2,-2
32078,1,-2,-2
32079,1,-2,-2
32080,0,-2,-2
32081,1,-2,-2
32082,0,-1,-1
32083,1,-2,-2
32084,0,-2,-2
32085,1,-2,-2
32086,1,-1,-1
32087,1,-2,-2
32088,1,-2,-2
32089,1,-1,-1
32090,1,-2,-2
32091,1,-2,-2
32092,0,-1,-1
32093,1,-2,-2
32094,1,-1,-1
32095,1,-2,-2
32096,1,-2,-2
32097,0,-2,-2
32098,1,-1,-1
32099,0,-2,-2
32100,0,-2,-2
32101,1,-2,-2
32102,1,-2,-2
32103,1,-1,-1
32104,1,-2,-2
32105,0,-1,-1
32106,1,-1,-1
32107,1,-2,-2
32108,0,-2,-2
32109,0,-2,-2
32110,1,-2,-2
32111,0,-2,-2
32112,0,-2,-2
32113,1,-2,-2
32114,1,-2,-2
32115,0,-1,-1
32116,0,-1,-1
32117,1,-2,-2
32118,1,-2,-2
32119,0,-2,-2
32120,1,-2,-2
32121,0,-2,-2
32122,0,-2,-2
32123,1,-2,-2
32124,0,-1,-1
32125,1,-2,-2
32126,0,-2,-2
32127,1,-2,-2
32128,1,-2,-2
32129,1,-1,-1
32130,0,-2,-2
32131,1,-2,-2
32132,0,-1,-1
32133,1,-2,-2
32134,0,-2,-2
32135,0,-2,-2
32136,0,-2,-2
32137,0,-2,-2
32138,1,-2,-2
32139,0,-2,-2
32140,1,-2,-2
32141,0,-2,-2
32142,1,-2,-2
32143,0,-2,-2
32144,1,-2,-2
32145,1,-2,-2
32146,0,-2,-2
32147,0,-2,-2
32148,1,-1,-1
32149,0,-2,-2
32150,0,-2,-2
32151,0,-2,-2
32152,0,-2,-2
32153,0,-2,-2
32154,1,-2,-2
32155,0,-2,-2
32156,1,-2,-2
32157,1,-2,-2
32158,0,-2,-2
32159,0,-2,-2
32160,1,-2,-2
32161,1,-2,-2
32162,0,-2,-2
32163,0,-2,-2
32164,0,-1,-1
32165,1,-2,-2
32166,1,-2,-2
32167,0,-2,-2
32168,0,-2,-2
32169,1,-2,-2
32170,1,-2,-2
32171,1,-1,-1
32172,0,-2,-2
32173,0,-1,-1
32174,0,-2,-2
32175,0,-2,-2
32176,1,-1,-1
32177,0,-2,-2
32178,0,-1,-1
32179,1,-2,-2
32180,1,-2,-2
32181,0,-2,-2
32182,0,-2,-2
32183,0,-2,-2
32184,0,-1,-1
32185,0,-2,-2
32186,0,-2,-2
32187,0,-2,-2
32188,1,-2,-2
32189,1,-2,-2
32190,1,-1,-1
32191,1,-2,-2
32192,0,-2,-2
32193,1,-2,-2
32194,0,-2,-2
32195,1,-1,-1
32196,0,-2,-2
32197,0,-2,-2
32198,1,-2,-2
32199,0,-2,-2
32200,1,-2,-2
32201,0,-1,-1
32202,0,-1,-1
32203,0,-1,-1
32204,0,-2,-2
32205,1,-1,-1
32206,0,-2,-2
32207,0,-2,-2
32208,1,-1,-1
32209,1,-2,-2
32210,0,-1,-1
32211,1,-2,-2
32212,0,-2,-2
32213,1,-2,-2
32214,0,-1,-1
32215,0,-2,-2
32216,0,-2,-2
32217,1,-1,-1
32218,1,-2,-2
32219,0,-2,-2
32220,1,-2,-2
32221,0,-1,-1
32222,1,-2,-2
32223,1,-2,-2
32224,1,-2,-2
32225,1,-2,-2
32226,0,-2,-2
32227,1,-2,-2
32228,0,-1,-1
32229,1,-2,-2
32230,1,-2,-2
32231,0,-1,-1
32232,1,-2,-2
32233,0,-2,-2
32234,0,-2,-2
32235,1,-2,-2
32236,0,-2,-2
32237,1,-2,-2
32238,0,-2,-2
32239,0,-2,-2
32240,1,-2,-2
32241,1,-2,-2
32242,1,-1,-1
32243,0,-2,-2
32244,1,-2,-2
32245,1,-2,-2
32246,1,-2,-2
32247,1,-2,-2
32248,1,-2,-2
32249,0,-2,-2
32250,1,-2,-2
32251,1,-2,-2
32252,0,-2,-2
32253,0,-2,-2
32254,1,-2,-2
32255,0,-2,-2
32256,1,-2,-2
32257,1,-2,-2
32258,0,-2,-2
32259,0,-2,-2
32260,1,-2,-2
32261,0,-1,-1
32262,0,-1,-1
32263,0,-2,-2
32264,1,-2,-2
32265,1,-1,-1
32266,1,-2,-2
32267,0,-2,-2
32268,0,-2,-2
32269,1,-2,-2
32270,0,-1,-1
32271,1,-2,-2
32272,0,-2,-2
32273,1,-1,-1
32274,0,-2,-2
32275,1,-2,-2
32276,1,-2,-2
32277,0,-2,-2
32278,0,-2,-2
32279,1,-2,-2
32280,1,-2,-2
32281,1,-2,-2
32282,0,-2,-2
32283,1,-1,-1
32284,0,-2,-2
32285,1,-2,-2
32286,1,-1,-1
32287,1,-2,-2
32288,0,-2,-2
32289,1,-2,-2
32290,0,-1,-1
32291,1,-2,-2
32292,1,-2,-2
32293,0,-2,-2
32294,1,-2,-2
32295,1,-2,-2
32296,1,-2,-2
32297,1,-2,-2
32298,1,-2,-2
32299,1,-2,-2
32300,0,-1,-1
32301,0,-2,-2
32302,1,-2,-2
32303,1,-2,-2
32304,0,-2,-2
32305,1,-2,-2
32306,1,-2,-2
32307,1,-2,-2
32308,1,-2,-2
32309,1,-2,-2
32310,1,-2,-2
32311,1,-2,-2
32312,1,-2,-2
32313,0,-1,-1
32314,1,-2,-2
32315,1,-2,-2
32316,0,-2,-2
32317,0,-2,-2
32318,1,-2,-2
32319,0,-2,-2
32320,0,-2,-2
32321,0,-2,-2
32322,1,-2,-2
32323,0,-2,-2
32324,0,-2,-2
32325,1,-2,-2
32326,1,-2,-2
32327,1,-2,-2
32328,1,-2,-2
32329,1,-2,-2
32330,1,-1,-1
32331,1,-2,-2
32332,1,-2,-2
32333,0,-2,-2
32334,1,-2,-2
32335,0,-1,-1
32336,0,-2,-2
32337,0,-1,-1
32338,0,-2,-2
32339,1,-2,-2
32340,1,-2,-2
32341,1,-2,-2
32342,0,-2,-2
32343,1,-2,-2
32344,0,-2,-2
32345,0,-2,-2
32346,1,-2,-2
32347,1,-2,-2
32348,0,-2,-2
32349,0,-2,-2
32350,0,-2,-2
32351,0,-2,-2
32352,0,-2,-2
32353,0,-2,-2
32354,0,-2,-2
32355,0,-2,-2
32356,1,-2,-2
32357,0,-2,-2
32358,1,-2,-2
32359,1,-2,-2
32360,1,-2,-2
32361,0,-1,-1
32362,1,-2,-2
32363,1,-2,-2
32364,1,-2,-2
32365,1,-2,-2
32366,1,-2,-2
32367,1,-2,-2
32368,0,-2,-2
32369,1,-2,-2
32370,1,-2,-2
32371,1,-2,-2
32372,0,-2,-2
32373,1,-2,-2
32374,1,-2,-2
32375,1,-2,-2
32376,1,-1,-1
32377,0,-1,-1
32378,0,-2,-2
32379,0,-2,-2
32380,1,-2,-2
32381,1,-1,-1
32382,1,-2,-2
32383,0,-1,-1
32384,0,-2,-2
32385,1,-2,-2
32386,0,-2,-2
32387,1,-2,-2
32388,0,-2,-2
32389,0,-2,-2
32390,0,-2,-2
32391,1,-2,-2
32392,1,-2,-2
32393,0,-2,-2
32394,1,-2,-2
32395,0,-2,-2
32396,0,-2,-2
32397,1,-2,-2
32398,0,-2,-2
32399,0,-2,-2
32400,1,-2,-2
32401,0,-2,-2
32402,1,-1,-1
32403,0,-2,-2
32404,0,-2,-2
32405,1,-2,-2
32406,1,-2,-2
32407,0,-2,-2
32408,1,-2,-2
32409,1,-2,-2
32410,1,-2,-2
32411,1,-2,-2
32412,1,-1,-1
32413,1,-2,-2
32414,0,-1,-1
32415,1,-2,-2
32416,0,-2,-2
32417,1,-1,-1
32418,1,-1,-1
32419,0,-2,-2
32420,0,-2,-2
32421,1,-2,-2
32422,1,-2,-2
32423,1,-2,-2
32424,1,-2,-2
32425,0,-1,-1
32426,0,-2,-2
32427,0,-2,-2
32428,0,-2,-2
32429,1,-2,-2
32430,1,-2,-2
32431,0,-1,-1
32432,0,-2,-2
32433,1,-1,-1
32434,1,-2,-2
32435,1,-1,-1
32436,1,-2,-2
32437,0,-2,-2
32438,1,-2,-2
32439,0,-2,-2
32440,0,-2,-2
32441,0,-2,-2
32442,0,-2,-2
32443,0,-2,-2
32444,1,-2,-2
32445,1,-2,-2
32446,1,-1,-1
32447,1,-1,-1
32448,1,-2,-2
32449,1,-2,-2
32450,0,-2,-2
32451,0,-2,-2
32452,0,-2,-2
32453,0,-2,-2
32454,1,-2,-2
32455,0,-1,-1
32456,0,-2,-2
32457,1,-2,-2
32458,0,-1,-1
32459,1,-2,-2
32460,1,-2,-2
32461,0,-2,-2
32462,1,-1,-1
32463,0,-2,-2
32464,0,-2,-2
32465,0,-2,-2
32466,1,-2,-2
32467,1,-2,-2
32468,1,-2,-2
32469,0,-2,-2
32470,1,-2,-2
32471,0,-2,-2
32472,1,-2,-2
32473,1,-2,-2
32474,1,-2,-2
32475,0,-2,-2
32476,1,-2,-2
32477,0,-2,-2
32478,1,-2,-2
32479,0,-2,-2
32480,1,-1,-1
32481,1,-2,-2
32482,0,-2,-2
32483,1,-2,-2
32484,0,-2,-2
32485,0,-2,-2
32486,1,-2,-2
32487,0,-2,-2
32488,0,-2,-2
32489,1,-2,-2
32490,0,-2,-2
32491,0,-2,-2
32492,1,-2,-2
32493,0,-2,-2
32494,0,-2,-2
32495,0,-1,-1
32496,1,-2,-2
32497,0,-2,-2
32498,1,-2,-2
32499,1,-2,-2
32500,1,-2,-2
32501,1,-2,-2
32502,0,-2,-2
32503,1,-2,-2
32504,1,-1,-1
32505,0,-2,-2
32506,0,-2,-2
32507,0,-2,-2
32508,1,-2,-2
32509,1,-2,-2
32510,1,-1,-1
32511,0,-1,-1
32512,0,-2,-2
32513,0,-2,-2
32514,1,-2,-2
32515,0,-2,-2
32516,1,-2,-2
32517,0,-2,-2
32518,1,-2,-2
32519,1,-2,-2
32520,0,-2,-2
32521,1,-2,-2
32522,0,-2,-2
32523,0,-2,-2
32524,1,-2,-2
32525,0,-2,-2
32526,1,-2,-2
32527,1,-1,-1
32528,0,-2,-2
32529,0,-2,-2
32530,1,-2,-2
32531,1,-2,-2
32532,1,-2,-2
32533,1,-1,-1
32534,0,-2,-2
32535,1,-2,-2
32536,1,-2,-2
32537,1,-2,-2
32538,0,-2,-2
32539,0,-2,-2
32540,1,-2,-2
32541,0,-2,-2
32542,0,-2,-2
32543,1,-2,-2
32544,1,-2,-2
32545,1,-2,-2
32546,1,-2,-2
32547,0,-2,-2
32548,1,-2,-2
32549,1,-2,-2
32550,1,-2,-2
32551,0,-2,-2
32552,1,-2,-2
32553,0,-2,-2
32554,1,-1,-1
32555,0,-2,-2
32556,0,-2,-2
32557,1,-2,-2
32558,0,-1,-1
32559,1,-2,-2
32560,0,-1,-1
32561,0,-2,-2
32562,1,-2,-2
32563,1,-2,-2
32564,0,-2,-2
32565,1,-2,-2
32566,0,-2,-2
32567,0,-2,-2
32568,1,-2,-2
32569,1,-1,-1
32570,1,-2,-2
32571,0,-2,-2
32572,1,-2,-2
32573,1,-2,-2
32574,1,-2,-2
32575,0,-1,-1
32576,0,-2,-2
32577,1,-2,-2
32578,0,-1,-1
32579,0,-2,-2
32580,1,-2,-2
32581,1,-2,-2
32582,0,-2,-2
32583,0,-2,-2
32584,1,-2,-2
32585,1,-2,-2
32586,0,-1,-1
32587,1,-2,-2
32588,0,-2,-2
32589,1,-2,-2
32590,0,-1,-1
32591,1,-2,-2
32592,0,-2,-2
32593,0,-2,-2
32594,1,-1,-1
32595,0,-2,-2
32596,0,-2,-2
32597,0,-2,-2
32598,0,-2,-2
32599,1,-2,-2
32600,1,-2,-2
32601,0,-2,-2
32602,0,-2,-2
32603,1,-2,-2
32604,0,-2,-2
32605,1,-2,-2
32606,0,-2,-2
32607,1,-2,-2
32608,0,-2,-2
32609,1,-2,-2
32610,1,-1,-1
32611,0,-1,-1
32612,0,-1,-1
32613,0,-2,-2
32614,1,-2,-2
32615,1,-2,-2
32616,1,-2,-2
32617,1,-1,-1
32618,0,-2,-2
32619,1,-2,-2
32620,0,-2,-2
32621,1,-2,-2
32622,0,-1,-1
32623,1,-2,-2
32624,0,-2,-2
32625,1,-2,-2
32626,1,-2,-2
32627,1,-2,-2
32628,0,-2,-2
32629,0,-2,-2
32630,1,-2,-2
32631,0,-1,-1
32632,1,-1,-1
32633,0,-2,-2
32634,0,-2,-2
32635,1,-2,-2
32636,1,-2,-2
32637,0,-2,-2
32638,0,-2,-2
32639,0,-2,-2
32640,1,-2,-2
32641,1,-2,-2
32642,1,-1,-1
32643,1,-2,-2
32644,1,-2,-2
32645,0,-2,-2
32646,1,-2,-2
32647,0,-2,-2
32648,1,-2,-2
32649,1,-2,-2
32650,1,-2,-2
32651,0,-1,-1
32652,0,-2,-2
32653,1,-1,-1
32654,1,-2,-2
32655,1,-2,-2
32656,0,-2,-2
32657,0,-1,-1
32658,0,-2,-2
32659,1,-2,-2
32660,0,-2,-2
32661,0,-2,-2
32662,1,-2,-2
32663,0,-2,-2
32664,1,-2,-2
32665,1,-2,-2
32666,1,-1,-1
32667,1,-2,-2
32668,0,-2,-2
32669,1,-2,-2
32670,0,-2,-2
32671,0,-2,-2
32672,0,-2,-2
32673,1,-1,-1
32674,1,-2,-2
32675,1,-1,-1
32676,0,-2,-2
32677,0,-2,-2
32678,0,-2,-2
32679,1,-2,-2
32680,1,-2,-2
32681,0,-2,-2
32682,1,-2,-2
32683,0,-2,-2
32684,1,-2,-2
32685,1,-2,-2
32686,0,-2,-2
32687,0,-2,-2
32688,0,-2,-2
32689,1,-2,-2
32690,1,-2,-2
32691,0,-2,-2
32692,0,-2,-2
32693,0,-2,-2
32694,0,-2,-2
32695,0,-2,-2
32696,0,-2,-2
32697,1,-2,-2
32698,1,-2,-2
32699,0,-2,-2
32700,0,-2,-2
32701,0,-2,-2
32702,0,-2,-2
32703,0,-2,-2
32704,0,-2,-2
32705,1,-1,-1
32706,1,-2,-2
32707,0,-2,-2
32708,1,-2,-2
32709,0,-2,-2
32710,0,-2,-2
32711,1,-2,-2
32712,0,-2,-2
32713,0,-2,-2
32714,0,-2,-2
32715,1,-2,-2
32716,0,-2,-2
32717,1,-2,-2
32718,0,-2,-2
32719,0,-2,-2
32720,1,-2,-2
32721,1,-2,-2
32722,1,-2,-2
32723,0,-1,-1
32724,0,-1,-1
32725,1,-2,-2
32726,0,-2,-2
32727,0,-2,-2
32728,1,-1,-1
32729,0,-2,-2
32730,0,-2,-2
32731,0,-2,-2
32732,1,-2,-2
32733,1,-2,-2
32734,0,-1,-1
32735,0,-1,-1
32736,0,-2,-2
32737,1,-2,-2
32738,0,-1,-1
32739,1,-2,-2
32740,1,-2,-2
32741,1,-2,-2
32742,1,-2,-2
32743,0,-1,-1
32744,1,-1,-1
32745,0,-2,-2
32746,0,-2,-2
32747,0,-2,-2
32748,1,-2,-2
32749,0,-1,-1
32750,1,-2,-2
32751,1,-2,-2
32752,1,-1,-1
32753,1,-1,-1
32754,1,-1,-1
32755,0,-2,-2
32756,1,-2,-2
32757,0,-1,-1
32758,0,-2,-2
32759,0,-2,-2
32760,0,-2,-2
32761,0,-1,-1
32762,1,-2,-2
32763,1,-2,-2
32764,0,-1,-1
32765,1,-1,-1
32766,0,-2,-2
32767,1,-2,-2
32768,1,-2,-2
32769,0,-2,-2
32770,1,-1,-1
32771,1,-2,-2
32772,1,-2,-2
32773,0,-2,-2
32774,0,-2,-2
32775,0,-2,-2
32776,0,-2,-2
32777,1,-2,-2
32778,0,-1,-1
32779,1,-1,-1
32780,0,-2,-2
32781,0,-2,-2
32782,1,-2,-2
32783,0,-2,-2
32784,0,-2,-2
32785,0,-2,-2
32786,1,-2,-2
32787,1,-2,-2
32788,1,-2,-2
32789,1,-2,-2
32790,0,-2,-2
32791,0,-2,-2
32792,0,-2,-2
32793,1,-2,-2
32794,1,-1,-1
32795,0,-2,-2
32796,1,-2,-2
32797,1,-2,-2
32798,1,-2,-2
32799,1,-2,-2
32800,0,-2,-2
32801,0,-2,-2
32802,1,-2,-2
32803,1,-2,-2
32804,0,-1,-1
32805,1,-1,-1
32806,0,-2,-2
32807,1,-2,-2
32808,0,-1,-1
32809,0,-2,-2
32810,1,-2,-2
32811,0,-2,-2
32812,0,-2,-2
32813,0,-2,-2
32814,0,-2,-2
32815,1,-2,-2
32816,0,-2,-2
32817,1,-2,-2
32818,0,-2,-2
32819,1,-2,-2
32820,1,-2,-2
32821,1,-2,-2
32822,1,-2,-2
32823,1,-2,-2
32824,1,-1,-1
32825,1,-2,-2
32826,0,-2,-2
32827,0,-2,-2
32828,0,-1,-1
32829,1,-1,-1
32830,0,-2,-2
32831,0,-2,-2
32832,0,-1,-1
32833,0,-2,-2
32834,0,-2,-2
32835,0,-1,-1
32836,0,-2,-2
32837,1,-2,-2
32838,0,-1,-1
32839,1,-1,-1
32840,1,-2,-2
32841,1,-2,-2
32842,1,-2,-2
32843,0,-2,-2
32844,0,-1,-1
32845,0,-2,-2
32846,1,-2,-2
32847,0,-2,-2
32848,0,-2,-2
32849,1,-1,-1
32850,1,-2,-2
32851,0,-2,-2
32852,1,-2,-2
32853,1,-2,-2
32854,1,-2,-2
32855,1,-1,-1
32856,1,-2,-2
32857,0,-2,-2
32858,1,-2,-2
32859,1,-1,-1
32860,0,-1,-1
32861,0,-1,-1
32862,1,-2,-2
32863,0,-1,-1
32864,1,-2,-2
32865,0,-1,-1
32866,0,-2,-2
32867,1,-2,-2
32868,1,-2,-2
32869,0,-2,-2
32870,0,-2,-2
32871,1,-2,-2
32872,0,-2,-2
32873,1,-2,-2
32874,1,-1,-1
32875,1,-2,-2
32876,1,-2,-2
32877,0,-2,-2
32878,0,-1,-1
32879,1,-2,-2
32880,0,-2,-2
32881,0,-2,-2
32882,0,-1,-1
32883,0,-1,-1
32884,1,-1,-1
32885,1,-2,-2
32886,0,-2,-2
32887,1,-2,-2
32888,0,-1,-1
32889,0,-2,-2
32890,1,-1,-1
32891,1,-1,-1
32892,1,-2,-2
32893,0,-2,-2
32894,0,-2,-2
32895,1,-2,-2
32896,1,-2,-2
32897,0,-2,-2
32898,0,-2,-2
32899,1,-2,-2
32900,1,-2,-2
32901,1,-2,-2
32902,0,-2,-2
32903,1,-2,-2
32904,0,-2,-2
32905,0,-2,-2
32906,1,-1,-1
32907,1,-2,-2
32908,0,-2,-2
32909,1,-2,-2
32910,0,-1,-1
32911,1,-2,-2
32912,1,-1,-1
32913,0,-2,-2
32914,1,-2,-2
32915,1,-2,-2
32916,1,-2,-2
32917,1,-2,-2
32918,1,-2,-2
32919,0,-2,-2
32920,0,-2,-2
32921,1,-2,-2
32922,1,-2,-2
32923,1,-2,-2
32924,1,-2,-2
32925,0,-2,-2
32926,1,-2,-2
32927,0,-2,-2
32928,0,-2,-2
32929,0,-2,-2
32930,0,-2,-2
32931,0,-2,-2
32932,1,-2,-2
32933,0,-2,-2
32934,1,-2,-2
32935,0,-2,-2
32936,0,-1,-1
32937,1,-2,-2
32938,1,-2,-2
32939,0,-1,-1
32940,0,-2,-2
32941,0,-2,-2
32942,1,-2,-2
32943,0,-2,-2
32944,1,-2,-2
32945,0,-2,-2
32946,0,-2,-2
32947,0,-2,-2
32948,1,-2,-2
32949,1,-2,-2
32950,0,-2,-2
32951,1,-2,-2
32952,1,-2,-2
32953,0,-2,-2
32954,1,-2,-2
32955,0,-2,-2
32956,1,-1,-1
32957,1,-2,-2
32958,1,-2,-2
32959,0,-2,-2
32960,1,-2,-2
32961,1,-2,-2
32962,1,-2,-2
32963,0,-2,-2
32964,0,-2,-2
32965,0,-2,-2
32966,1,-2,-2
32967,0,-2,-2
32968,0,-2,-2
32969,0,-1,-1
32970,1,-2,-2
32971,0,-2,-2
32972,0,-2,-2
32973,1,-1,-1
32974,0,-2,-2
32975,1,-2,-2
32976,0,-2,-2
32977,0,-1,-1
32978,1,-2,-2
32979,1,-2,-2
32980,0,-2,-2
32981,1,-2,-2
32982,0,-2,-2
32983,0,-2,-2
32984,1,-1,-1
32985,1,-2,-2
32986,1,-1,-1
32987,1,-2,-2
32988,1,-2,-2
32989,0,-1,-1
32990,0,-2,-2
32991,1,-2,-2
32992,1,-2,-2
32993,1,-2,-2
32994,0,-1,-1
32995,0,-2,-2
32996,1,-2,-2
32997,0,-2,-2
32998,0,-2,-2
32999,0,-2,-2
33000,0,-2,-2
33001,0,-2,-2
33002,0,-2,-2
33003,1,-1,-1
33004,1,-2,-2
33005,1,-2,-2
33006,0,-1,-1
33007,1,-1,-1
33008,0,-2,-2
33009,0,-1,-1
33010,0,-2,-2
33011,0,-1,-1
33012,1,-1,-1
33013,1,-2,-2
33014,1,-2,-2
33015,0,-2,-2
33016,0,-2,-2
33017,1,-2,-2
33018,1,-2,-2
33019,1,-2,-2
33020,1,-2,-2
33021,0,-1,-1
33022,1,-2,-2
33023,1,-1,-1
33024,1,-1,-1
33025,0,-2,-2
33026,0,-1,-1
33027,1,-2,-2
33028,1,-2,-2
33029,0,-2,-2
33030,0,-2,-2
33031,0,-2,-2
33032,1,-2,-2
33033,1,-2,-2
33034,1,-2,-2
33035,1,-2,-2
33036,0,-2,-2
33037,1,-2,-2
33038,1,-2,-2
33039,1,-2,-2
33040,0,-2,-2
33041,1,-1,-1
33042,0,-2,-2
33043,0,-2,-2
33044,0,-2,-2
33045,1,-2,-2
33046,1,-2,-2
33047,0,-2,-2
33048,1,-1,-1
33049,0,-2,-2
33050,1,-2,-2
33051,0,-2,-2
33052,0,-2,-2
33053,0,-2,-2
33054,1,-2,-2
33055,0,-2,-2
33056,0,-2,-2
33057,1,-2,-2
33058,0,-2,-2
33059,0,-2,-2
33060,1,-2,-2
33061,1,-2,-2
33062,1,-2,-2
33063,0,-2,-2
33064,1,-1,-1
33065,1,-2,-2
33066,1,-1,-1
33067,0,-2,-2
33068,1,-2,-2
33069,1,-1,-1
33070,0,-2,-2
33071,0,-2,-2
33072,1,-2,-2
33073,0,-2,-2
33074,1,-2,-2
33075,1,-2,-2
33076,0,-2,-2
33077,0,-2,-2
33078,0,-2,-2
33079,0,-1,-1
33080,1,-2,-2
33081,1,-2,-2
33082,1,-1,-1
33083,0,-2,-2
33084,1,-2,-2
33085,1,-2,-2
33086,1,-2,-2
33087,0,-2,-2
33088,0,-2,-2
33089,0,-1,-1
33090,1,-1,-1
33091,1,-2,-2
33092,0,-2,-2
33093,1,-1,-1
33094,0,-2,-2
33095,1,-2,-2
33096,1,-2,-2
33097,1,-2,-2
33098,0,-2,-2
33099,1,-1,-1
33100,1,-2,-2
33101,0,-1,-1
33102,1,-2,-2
33103,0,-2,-2
33104,1,-2,-2
33105,0,-2,-2
33106,0,-1,-1
33107,1,-2,-2
33108,1,-2,-2
33109,1,-1,-1
33110,0,-2,-2
33111,1,-2,-2
33112,1,-2,-2
33113,0,-1,-1
33114,1,-2,-2
33115,1,-1,-1
33116,0,-2,-2
33117,0,-2,-2
33118,0,-2,-2
33119,1,-2,-2
33120,1,-1,-1
33121,0,-1,-1
33122,1,-2,-2
33123,1,-2,-2
33124,1,-2,-2
33125,0,-2,-2
33126,1,-2,-2
33127,1,-1,-1
33128,1,-1,-1
33129,1,-1,-1
33130,1,-2,-2
33131,1,-2,-2
33132,1,-1,-1
33133,0,-2,-2
33134,1,-2,-2
33135,1,-2,-2
33136,0,-2,-2
33137,0,-2,-2
33138,1,-2,-2
33139,1,-2,-2
33140,0,-2,-2
33141,0,-2,-2
33142,1,-1,-1
33143,0,-2,-2
33144,0,-1,-1
33145,1,-2,-2
33146,0,-2,-2
33147,0,-2,-2
33148,1,-2,-2
33149,0,-2,-2
33150,0,-2,-2
33151,0,-1,-1
33152,0,-2,-2
33153,0,-2,-2
33154,0,-2,-2
33155,0,-2,-2
33156,0,-2,-2
33157,0,-1,-1
33158,0,-2,-2
33159,0,-2,-2
33160,0,-2,-2
33161,1,-2,-2
33162,0,-2,-2
33163,0,-2,-2
33164,1,-2,-2
33165,1,-2,-2
33166,1,-2,-2
33167,0,-2,-2
33168,0,-2,-2
33169,0,-2,-2
33170,1,-2,-2
33171,0,-2,-2
33172,1,-1,-1
33173,1,-2,-2
33174,0,-2,-2
33175,0,-2,-2
33176,1,-2,-2
33177,1,-2,-2
33178,0,-2,-2
33179,0,-2,-2
33180,1,-2,-2
33181,0,-2,-2
33182,1,-1,-1
33183,1,-2,-2
33184,1,-2,-2
33185,0,-2,-2
33186,1,-2,-2
33187,1,-2,-2
33188,1,-1,-1
33189,1,-2,-2
33190,1,-2,-2
33191,1,-2,-2
33192,1,-2,-2
33193,1,-2,-2
33194,0,-2,-2
33195,0,-2,-2
33196,1,-2,-2
33197,0,-2,-2
33198,0,-1,-1
33199,1,-2,-2
33200,0,-2,-2
33201,0,-1,-1
33202,0,-2,-2
33203,1,-1,-1
33204,1,-2,-2
33205,1,-2,-2
33206,1,-2,-2
33207,0,-2,-2
33208,0,-2,-2
33209,0,-1,-1
33210,1,-1,-1
33211,0,-2,-2
33212,1,-2,-2
33213,0,-2,-2
33214,1,-2,-2
33215,1,-2,-2
33216,0,-2,-2
33217,0,-2,-2
33218,1,-2,-2
33219,0,-2,-2
33220,0,-2,-2
33221,0,-2,-2
33222,1,-2,-2
33223,1,-1,-1
33224,0,-2,-2
33225,0,-2,-2
33226,1,-2,-2
33227,0,-2,-2
33228,0,-2,-2
33229,0,-2,-2
33230,0,-2,-2
33231,1,-2,-2
33232,1,-2,-2
33233,1,-2,-2
33234,1,-2,-2
33235,0,-2,-2
33236,1,-2,-2
33237,0,-2,-2
33238,1,-2,-2
33239,0,-2,-2
33240,0,-1,-1
33241,1,-2,-2
33242,0,-2,-2
33243,1,-2,-2
33244,1,-2,-2
33245,1,-2,-2
33246,1,-2,-2
33247,1,-2,-2
33248,1,-2,-2
33249,0,-1,-1
33250,0,-2,-2
33251,0,-2,-2
33252,1,-1,-1
33253,1,-2,-2
33254,1,-2,-2
33255,0,-2,-2
33256,0,-2,-2
33257,0,-2,-2
33258,1,-2,-2
33259,1,-2,-2
33260,0,-2,-2
33261,0,-2,-2
33262,0,-2,-2
33263,0,-2,-2
33264,0,-2,-2
33265,0,-2,-2
33266,0,-2,-2
33267,0,-2,-2
33268,1,-2,-2
33269,1,-2,-2
33270,0,-2,-2
33271,1,-2,-2
33272,0,-2,-2
33273,0,-2,-2
33274,0,-2,-2
33275,1,-2,-2
33276,0,-2,-2
33277,1,-2,-2
33278,0,-1,-1
33279,1,-1,-1
33280,0,-2,-2
33281,0,-2,-2
33282,1,-2,-2
33283,1,-2,-2
33284,1,-2,-2
33285,1,-2,-2
33286,1,-2,-2
33287,0,-2,-2
33288,1,-1,-1
33289,0,-2,-2
33290,1,-2,-2
33291,1,-1,-1
33292,0,-1,-1
33293,1,-2,-2
33294,1,-2,-2
33295,0,-2,-2
33296,1,-2,-2
33297,1,-1,-1
33298,0,-1,-1
33299,1,-1,-1
33300,0,-2,-2
33301,1,-2,-2
33302,0,-2,-2
33303,1,-2,-2
33304,0,-2,-2
33305,0,-2,-2
33306,1,-2,-2
33307,0,-2,-2
33308,0,-2,-2
33309,0,-1,-1
33310,1,-2,-2
33311,0,-1,-1
33312,1,-2,-2
33313,0,-2,-2
33314,1,-2,-2
33315,0,-2,-2
33316,1,-2,-2
33317,1,-2,-2
33318,0,-2,-2
33319,0,-2,-2
33320,1,-1,-1
33321,1,-2,-2
33322,1,-2,-2
33323,1,-2,-2
33324,0,-2,-2
33325,1,-2,-2
33326,1,-2,-2
33327,0,-2,-2
33328,1,-1,-1
33329,1,-1,-1
33330,0,-2,-2
33331,0,-1,-1
33332,0,-2,-2
33333,1,-1,-1
33334,1,-1,-1
33335,1,-2,-2
33336,1,-2,-2
33337,0,-2,-2
33338,1,-2,-2
33339,0,-2,-2
33340,0,-1,-1
33341,0,-2,-2
33342,1,-2,-2
33343,1,-2,-2
33344,1,-2,-2
33345,0,-2,-2
33346,1,-1,-1
33347,0,-2,-2
33348,0,-2,-2
33349,1,-2,-2
33350,1,-2,-2
33351,1,-2,-2
33352,0,-2,-2
33353,1,-2,-2
33354,0,-1,-1
33355,0,-2,-2
33356,1,-2,-2
33357,1,-2,-2
33358,1,-2,-2
33359,1,-2,-2
33360,1,-2,-2
33361,0,-2,-2
33362,0,-2,-2
33363,1,-2,-2
33364,0,-2,-2
33365,0,-1,-1
33366,0,-2,-2
33367,0,-1,-1
33368,0,-2,-2
33369,0,-1,-1
33370,1,-2,-2
33371,0,-2,-2
33372,0,-2,-2
33373,0,-2,-2
33374,0,-2,-2
33375,0,-1,-1
33376,1,-2,-2
33377,0,-2,-2
33378,0,-2,-2
33379,0,-2,-2
33380,1,-2,-2
33381,1,-2,-2
33382,1,-1,-1
33383,1,-2,-2
33384,1,-2,-2
33385,0,-2,-2
33386,0,-2,-2
33387,1,-2,-2
33388,1,-2,-2
33389,0,-2,-2
33390,1,-1,-1
33391,0,-2,-2
33392,0,-2,-2
33393,0,-2,-2
33394,0,-2,-2
33395,0,-1,-1
33396,0,-2,-2
33397,0,-1,-1
33398,0,-2,-2
33399,1,-2,-2
33400,1,-2,-2
33401,1,-1,-1
33402,1,-2,-2
33403,0,-1,-1
33404,0,-2,-2
33405,1,-2,-2
33406,1,-1,-1
33407,0,-2,-2
33408,0,-1,-1
33409,0,-2,-2
33410,1,-2,-2
33411,1,-2,-2
33412,0,-2,-2
33413,0,-1,-1
33414,1,-1,-1
33415,0,-1,-1
33416,0,-2,-2
33417,0,-2,-2
33418,1,-2,-2
33419,1,-2,-2
33420,0,-2,-2
33421,1,-2,-2
33422,0,-2,-2
33423,1,-2,-2
33424,0,-2,-2
33425,1,-2,-2
33426,1,-1,-1
33427,0,-2,-2
33428,0,-2,-2
33429,1,-2,-2
33430,1,-2,-2
33431,1,-2,-2
33432,0,-2,-2
33433,1,-2,-2
33434,1,-2,-2
33435,1,-2,-2
33436,1,-2,-2
33437,1,-2,-2
33438,1,-1,-1
33439,0,-2,-2
33440,0,-2,-2
33441,1,-2,-2
33442,1,-2,-2
33443,1,-2,-2
33444,0,-1,-1
33445,0,-1,-1
33446,0,-2,-2
33447,1,-1,-1
33448,1,-1,-1
33449,0,-2,-2
33450,1,-2,-2
33451,1,-1,-1
33452,0,-2,-2
33453,0,-2,-2
33454,0,-2,-2
33455,1,-2,-2
33456,0,-2,-2
33457,1,-2,-2
33458,1,-2,-2
33459,1,-2,-2
33460,1,-2,-2
33461,0,-2,-2
33462,1,-1,-1
33463,0,-2,-2
33464,0,-2,-2
33465,0,-2,-2
33466,1,-2,-2
33467,0,-1,-1
33468,1,-2,-2
33469,1,-2,-2
33470,1,-2,-2
33471,0,-2,-2
33472,1,-2,-2
33473,1,-2,-2
33474,0,-2,-2
33475,0,-1,-1
33476,1,-2,-2
33477,0,-2,-2
33478,1,-2,-2
33479,0,-2,-2
33480,0,-2,-2
33481,1,-2,-2
33482,1,-1,-1
33483,1,-1,-1
33484,1,-2,-2
33485,1,-2,-2
33486,1,-2,-2
33487,1,-2,-2
33488,0,-2,-2
33489,1,-2,-2
33490,0,-2,-2
33491,1,-2,-2
33492,0,-2,-2
33493,1,-2,-2
33494,0,-2,-2
33495,0,-2,-2
33496,0,-2,-2
33497,0,-2,-2
33498,0,-2,-2
33499,0,-2,-2
33500,1,-1,-1
33501,0,-2,-2
33502,0,-2,-2
33503,1,-2,-2
33504,0,-2,-2
33505,1,-2,-2
33506,0,-2,-2
33507,0,-2,-2
33508,1,-1,-1
33509,1,-1,-1
33510,1,-1,-1
33511,1,-1,-1
33512,1,-2,-2
33513,1,-1,-1
33514,1,-2,-2
33515,0,-2,-2
33516,0,-2,-2
33517,1,-2,-2
33518,0,-2,-2
33519,1,-2,-2
33520,1,-2,-2
33521,1,-1,-1
33522,1,-2,-2
33523,0,-2,-2
33524,0,-2,-2
33525,0,-2,-2
33526,1,-1,-1
33527,1,-2,-2
33528,1,-2,-2
33529,1,-2,-2
33530,0,-2,-2
33531,0,-2,-2
33532,1,-2,-2
33533,1,-2,-2
33534,1,-1,-1
33535,1,-2,-2
33536,0,-1,-1
33537,0,-1,-1
33538,0,-2,-2
33539,1,-2,-2
33540,1,-2,-2
33541,1,-1,-1
33542,1,-2,-2
33543,0,-2,-2
33544,1,-2,-2
33545,1,-2,-2
33546,0,-1,-1
33547,1,-2,-2
33548,0,-2,-2
33549,0,-2,-2
33550,0,-2,-2
33551,1,-1,-1
33552,0,-1,-1
33553,0,-2,-2
33554,1,-2,-2
33555,1,-2,-2
33556,0,-2,-2
33557,0,-2,-2
33558,1,-2,-2
33559,1,-2,-2
33560,0,-2,-2
33561,0,-2,-2
33562,1,-2,-2
33563,1,-2,-2
33564,0,-2,-2
33565,0,-2,-2
33566,0,-2,-2
33567,0,-2,-2
33568,1,-2,-2
33569,1,-2,-2
33570,0,-2,-2
33571,0,-2,-2
33572,1,-2,-2
33573,1,-1,-1
33574,0,-2,-2
33575,0,-1,-1
33576,1,-2,-2
33577,1,-2,-2
33578,1,-2,-2
33579,1,-2,-2
33580,0,-2,-2
33581,0,-2,-2
33582,1,-2,-2
33583,1,-1,-1
33584,1,-1,-1
33585,0,-2,-2
33586,1,-2,-2
33587,1,-2,-2
33588,0,-1,-1
33589,0,-2,-2
33590,0,-2,-2
33591,1,-2,-2
33592,1,-2,-2
33593,1,-2,-2
33594,0,-2,-2
33595,0,-1,-1
33596,1,-2,-2
33597,0,-2,-2
33598,1,-2,-2
33599,1,-2,-2
33600,0,-2,-2
33601,0,-2,-2
33602,1,-1,-1
33603,1,-2,-2
33604,1,-2,-2
33605,1,-1,-1
33606,0,-2,-2
33607,1,-2,-2
33608,1,-1,-1
33609,0,-2,-2
33610,0,-2,-2
33611,1,-2,-2
33612,1,-2,-2
33613,1,-2,-2
33614,1,-2,-2
33615,0,-2,-2
33616,0,-2,-2
33617,0,-2,-2
33618,1,-1,-1
33619,0,-1,-1
33620,0,-2,-2
33621,0,-2,-2
33622,0,-2,-2
33623,0,-2,-2
33624,0,-2,-2
33625,1,-2,-2
33626,1,-2,-2
33627,0,-1,-1
33628,0,-2,-2
33629,0,-2,-2
33630,0,-2,-2
33631,1,-2,-2
33632,0,-2,-2
33633,1,-2,-2
33634,1,-2,-2
33635,0,-1,-1
33636,1,-2,-2
33637,1,-2,-2
33638,1,-2,-2
33639,1,-1,-1
33640,1,-1,-1
33641,0,-1,-1
33642,1,-2,-2
33643,0,-2,-2
33644,0,-2,-2
33645,1,-2,-2
33646,0,-2,-2
33647,1,-2,-2
33648,0,-1,-1
33649,0,-2,-2
33650,1,-2,-2
33651,0,-2,-2
33652,1,-2,-2
33653,1,-2,-2
33654,0,-1,-1
33655,0,-2,-2
33656,0,-1,-1
33657,0,-2,-2
33658,0,-2,-2
33659,1,-2,-2
33660,1,-2,-2
33661,0,-2,-2
33662,1,-2,-2
33663,1,-1,-1
33664,1,-2,-2
33665,0,-2,-2
33666,1,-2,-2
33667,1,-1,-1
33668,0,-2,-2
33669,1,-1,-1
33670,1,-2,-2
33671,0,-2,-2
33672,0,-2,-2
33673,1,-2,-2
33674,1,-2,-2
33675,1,-2,-2
33676,0,-2,-2
33677,1,-2,-2
33678,0,-2,-2
33679,0,-2,-2
33680,1,-2,-2
33681,1,-2,-2
33682,0,-2,-2
33683,0,-2,-2
33684,1,-1,-1
33685,1,-2,-2
33686,1,-2,-2
33687,0,-1,-1
33688,1,-2,-2
33689,0,-2,-2
33690,1,-2,-2
33691,0,-2,-2
33692,0,-2,-2
33693,1,-2,-2
33694,1,-2,-2
33695,0,-2,-2
33696,0,-2,-2
33697,1,-2,-2
33698,0,-2,-2
33699,0,-2,-2
33700,1,-2,-2
33701,1,-2,-2
33702,1,-2,-2
33703,0,-2,-2
33704,0,-2,-2
33705,1,-2,-2
33706,0,-2,-2
33707,0,-2,-2
33708,0,-1,-1
33709,1,-2,-2
33710,0,-2,-2
33711,1,-2,-2
33712,0,-1,-1
33713,1,-2,-2
33714,1,-2,-2
33715,1,-1,-1
33716,1,-2,-2
33717,1,-2,-2
33718,1,-2,-2
33719,1,-1,-1
33720,0,-2,-2
33721,1,-2,-2
33722,1,-2,-2
33723,0,-1,-1
33724,1,-1,-1
33725,0,-2,-2
33726,1,-2,-2
33727,1,-2,-2
33728,0,-2,-2
33729,0,-2,-2
33730,1,-1,-1
33731,1,-2,-2
33732,0,-2,-2
33733,1,-2,-2
33734,1,-2,-2
33735,0,-2,-2
33736,0,-2,-2
33737,1,-2,-2
33738,1,-2,-2
33739,0,-2,-2
33740,1,-2,-2
33741,1,-2,-2
33742,0,-2,-2
33743,0,-2,-2
33744,1,-2,-2
33745,0,-2,-2
33746,0,-2,-2
33747,1,-2,-2
33748,0,-2,-2
33749,0,-2,-2
33750,1,-1,-1
33751,1,-2,-2
33752,1,-2,-2
33753,0,-2,-2
33754,1,-2,-2
33755,1,-2,-2
33756,1,-2,-2
33757,1,-2,-2
33758,0,-2,-2
33759,1,-2,-2
33760,0,-2,-2
33761,1,-2,-2
33762,0,-2,-2
33763,1,-1,-1
33764,1,-1,-1
33765,0,-1,-1
33766,0,-2,-2
33767,0,-2,-2
33768,0,-2,-2
33769,1,-2,-2
33770,1,-2,-2
33771,0,-2,-2
33772,0,-2,-2
33773,0,-2,-2
33774,0,-2,-2
33775,0,-2,-2
33776,0,-2,-2
33777,0,-2,-2
33778,1,-1,-1
33779,0,-2,-2
33780,1,-2,-2
33781,0,-2,-2
33782,0,-2,-2
33783,1,-2,-2
33784,1,-2,-2
33785,0,-2,-2
33786,1,-2,-2
33787,1,-2,-2
33788,0,-2,-2
33789,0,-2,-2
33790,0,-2,-2
33791,1,-2,-2
33792,1,-2,-2
33793,1,-2,-2
33794,1,-2,-2
33795,1,-2,-2
33796,0,-2,-2
33797,0,-2,-2
33798,0,-1,-1
33799,1,-2,-2
33800,0,-2,-2
33801,0,-2,-2
33802,1,-2,-2
33803,1,-1,-1
33804,1,-2,-2
33805,1,-2,-2
33806,0,-2,-2
33807,1,-2,-2
33808,0,-1,-1
33809,0,-2,-2
33810,0,-2,-2
33811,1,-2,-2
33812,0,-2,-2
33813,1,-2,-2
33814,1,-2,-2
33815,0,-1,-1
33816,0,-2,-2
33817,1,-1,-1
33818,1,-2,-2
33819,1,-2,-2
33820,0,-2,-2
33821,0,-2,-2
33822,0,-2,-2
33823,0,-1,-1
33824,1,-2,-2
33825,1,-2,-2
33826,1,-2,-2
33827,1,-1,-1
33828,1,-1,-1
33829,1,-2,-2
33830,0,-2,-2
33831,0,-1,-1
33832,0,-2,-2
33833,1,-2,-2
33834,1,-2,-2
33835,1,-1,-1
33836,0,-2,-2
33837,1,-2,-2
33838,0,-2,-2
33839,0,-2,-2
33840,0,-1,-1
33841,1,-2,-2
33842,0,-1,-1
33843,0,-2,-2
33844,1,-2,-2
33845,1,-2,-2
33846,1,-1,-1
33847,1,-2,-2
33848,0,-2,-2
33849,1,-1,-1
33850,0,-2,-2
33851,1,-2,-2
33852,0,-1,-1
33853,1,-2,-2
33854,1,-2,-2
33855,0,-2,-2
33856,0,-2,-2
33857,0,-2,-2
33858,1,-2,-2
33859,1,-2,-2
33860,0,-2,-2
33861,1,-2,-2
33862,1,-2,-2
33863,0,-2,-2
33864,0,-1,-1
33865,0,-1,-1
33866,1,-2,-2
33867,1,-2,-2
33868,1,-2,-2
33869,1,-2,-2
33870,1,-2,-2
33871,0,-2,-2
33872,0,-1,-1
33873,1,-2,-2
33874,0,-2,-2
33875,1,-2,-2
33876,0,-2,-2
33877,0,-2,-2
33878,1,-2,-2
33879,1,-2,-2
33880,0,-2,-2
33881,1,-2,-2
33882,1,-1,-1
33883,0,-1,-1
33884,0,-2,-2
33885,0,-2,-2
33886,1,-2,-2
33887,1,-1,-1
33888,0,-2,-2
33889,1,-2,-2
33890,0,-2,-2
33891,1,-2,-2
33892,1,-2,-2
33893,1,-2,-2
33894,0,-2,-2
33895,1,-1,-1
33896,0,-2,-2
33897,1,-1,-1
33898,0,-2,-2
33899,0,-1,-1
33900,1,-2,-2
33901,1,-1,-1
33902,0,-2,-2
33903,1,-2,-2
33904,1,-2,-2
33905,1,-2,-2
33906,0,-2,-2
33907,1,-1,-1
33908,0,-2,-2
33909,1,-2,-2
33910,0,-1,-1
33911,0,-2,-2
33912,0,-2,-2
33913,0,-2,-2
33914,0,-2,-2
33915,0,-2,-2
33916,1,-1,-1
33917,1,-2,-2
33918,1,-2,-2
33919,0,-1,-1
33920,1,-2,-2
33921,0,-2,-2
33922,1,-2,-2
33923,1,-2,-2
33924,0,-2,-2
33925,0,-2,-2
33926,1,-2,-2
33927,0,-2,-2
33928,0,-1,-1
33929,0,-2,-2
33930,0,-2,-2
33931,0,-2,-2
33932,1,-2,-2
33933,0,-2,-2
33934,1,-2,-2
33935,1,-2,-2
33936,1,-2,-2
33937,1,-2,-2
33938,0,-2,-2
33939,1,-2,-2
33940,1,-2,-2
33941,0,-2,-2
33942,1,-2,-2
33943,0,-2,-2
33944,0,-2,-2
33945,0,-2,-2
33946,0,-2,-2
33947,1,-2,-2
33948,1,-2,-2
33949,0,-1,-1
33950,1,-2,-2
33951,1,-2,-2
33952,1,-2,-2
33953,0,-2,-2
33954,0,-2,-2
33955,0,-1,-1
33956,0,-2,-2
33957,0,-2,-2
33958,1,-2,-2
33959,1,-2,-2
33960,1,-2,-2
33961,1,-2,-2
33962,0,-1,-1
33963,0,-2,-2
33964,0,-2,-2
33965,1,-2,-2
33966,0,-2,-2
33967,1,-2,-2
33968,1,-2,-2
33969,1,-1,-1
33970,0,-2,-2
33971,0,-2,-2
33972,1,-2,-2
33973,1,-1,-1
33974,1,-2,-2
33975,0,-1,-1
33976,0,-1,-1
33977,0,-1,-1
33978,0,-2,-2
33979,0,-2,-2
33980,1,-2,-2
33981,0,-2,-2
33982,1,-2,-2
33983,0,-2,-2
33984,1,-2,-2
33985,1,-1,-1
33986,1,-1,-1
33987,0,-2,-2
33988,1,-2,-2
33989,0,-2,-2
33990,1,-2,-2
33991,1,-2,-2
33992,1,-2,-2
33993,0,-2,-2
33994,1,-2,-2
33995,1,-2,-2
33996,0,-2,-2
33997,1,-2,-2
33998,1,-2,-2
33999,1,-2,-2
34000,0,-2,-2
34001,0,-2,-2
34002,1,-2,-2
34003,0,-1,-1
34004,0,-2,-2
34005,1,-1,-1
34006,0,-2,-2
34007,0,-2,-2
34008,1,-2,-2
34009,0,-2,-2
34010,0,-1,-1
34011,1,-1,-1
34012,1,-1,-1
34013,0,-2,-2
34014,1,-2,-2
34015,1,-2,-2
34016,1,-2,-2
34017,0,-2,-2
34018,1,-2,-2
34019,0,-2,-2
34020,1,-2,-2
34021,0,-2,-2
34022,0,-2,-2
34023,0,-2,-2
34024,1,-2,-2
34025,1,-2,-2
34026,1,-2,-2
34027,1,-2,-2
34028,0,-2,-2
34029,0,-2,-2
34030,1,-2,-2
34031,0,-2,-2
34032,1,-2,-2
34033,0,-2,-2
34034,1,-2,-2
34035,1,-1,-1
34036,0,-1,-1
34037,0,-2,-2
34038,0,-1,-1
34039,1,-2,-2
34040,0,-2,-2
34041,0,-2,-2
34042,0,-2,-2
34043,0,-2,-2
34044,0,-1,-1
34045,1,-1,-1
34046,1,-1,-1
34047,0,-2,-2
34048,0,-1,-1
34049,0,-2,-2
34050,0,-2,-2
34051,1,-2,-2
34052,1,-2,-2
34053,1,-2,-2
34054,1,-2,-2
34055,1,-2,-2
34056,1,-1,-1
34057,0,-2,-2
34058,1,-2,-2
34059,1,-1,-1
34060,1,-2,-2
34061,0,-2,-2
34062,1,-2,-2
34063,0,-2,-2
34064,0,-2,-2
34065,1,-2,-2
34066,1,-1,-1
34067,0,-2,-2
34068,1,-2,-2
34069,0,-2,-2
34070,1,-2,-2
34071,1,-2,-2
34072,1,-2,-2
34073,0,-2,-2
34074,0,-2,-2
34075,0,-2,-2
34076,1,-1,-1
34077,0,-2,-2
34078,1,-1,-1
34079,1,-2,-2
34080,1,-1,-1
34081,0,-1,-1
34082,0,-1,-1
34083,1,-2,-2
34084,0,-1,-1
34085,0,-2,-2
34086,1,-2,-2
34087,0,-2,-2
34088,0,-2,-2
34089,0,-2,-2
34090,1,-1,-1
34091,1,-2,-2
34092,0,-1,-1
34093,0,-1,-1
34094,1,-1,-1
34095,0,-2,-2
34096,1,-2,-2
34097,1,-1,-1
34098,0,-1,-1
34099,0,-2,-2
34100,0,-1,-1
34101,1,-2,-2
34102,1,-2,-2
34103,1,-2,-2
34104,0,-2,-2
34105,1,-2,-2
34106,0,-2,-2
34107,1,-1,-1
34108,0,-2,-2
34109,0,-2,-2
34110,1,-2,-2
34111,0,-2,-2
34112,1,-2,-2
34113,1,-1,-1
34114,1,-1,-1
34115,1,-1,-1
34116,1,-2,-2
34117,0,-1,-1
34118,0,-2,-2
34119,1,-2,-2
34120,1,-2,-2
34121,0,-2,-2
34122,1,-2,-2
34123,0,-2,-2
34124,1,-2,-2
34125,1,-2,-2
34126,1,-2,-2
34127,1,-1,-1
34128,0,-2,-2
34129,0,-1,-1
34130,0,-2,-2
34131,0,-2,-2
34132,1,-2,-2
34133,1,-2,-2
34134,0,-2,-2
34135,0,-2,-2
34136,0,-1,-1
34137,1,-2,-2
34138,1,-2,-2
34139,0,-2,-2
34140,1,-2,-2
34141,0,-2,-2
34142,1,-2,-2
34143,0,-1,-1
34144,1,-1,-1
34145,0,-2,-2
34146,1,-2,-2
34147,0,-2,-2
34148,1,-2,-2
34149,0,-2,-2
34150,1,-2,-2
34151,1,-2,-2
34152,0,-2,-2
34153,1,-2,-2
34154,0,-1,-1
34155,0,-1,-1
34156,1,-2,-2
34157,0,-2,-2
34158,0,-2,-2
34159,1,-2,-2
34160,1,-2,-2
34161,1,-2,-2
34162,1,-2,-2
34163,0,-2,-2
34164,1,-2,-2
34165,0,-2,-2
34166,0,-2,-2
34167,1,-1,-1
34168,1,-1,-1
34169,1,-2,-2
34170,1,-1,-1
34171,1,-2,-2
34172,0,-2,-2
34173,1,-1,-1
34174,1,-2,-2
34175,0,-2,-2
34176,0,-2,-2
34177,0,-2,-2
34178,0,-2,-2
34179,1,-2,-2
34180,0,-2,-2
34181,1,-2,-2
34182,0,-2,-2
34183,1,-1,-1
34184,1,-2,-2
34185,0,-1,-1
34186,0,-1,-1
34187,1,-1,-1
34188,0,-1,-1
34189,1,-2,-2
34190,1,-2,-2
34191,1,-2,-2
34192,1,-1,-1
34193,0,-2,-2
34194,1,-2,-2
34195,1,-2,-2
34196,1,-2,-2
34197,1,-2,-2
34198,1,-2,-2
34199,0,-1,-1
34200,1,-2,-2
34201,0,-2,-2
34202,0,-2,-2
34203,1,-1,-1
34204,1,-2,-2
34205,1,-2,-2
34206,0,-2,-2
34207,1,-1,-1
34208,0,-2,-2
34209,0,-2,-2
34210,1,-2,-2
34211,1,-2,-2
34212,1,-2,-2
34213,0,-1,-1
34214,0,-2,-2
34215,0,-2,-2
34216,0,-2,-2
34217,0,-1,-1
34218,1,-2,-2
34219,1,-2,-2
34220,1,-2,-2
34221,0,-2,-2
34222,0,-2,-2
34223,0,-2,-2
34224,0,-2,-2
34225,0,-2,-2
34226,0,-2,-2
34227,0,-1,-1
34228,1,-2,-2
34229,1,-2,-2
34230,1,-2,-2
34231,0,-1,-1
34232,1,-2,-2
34233,1,-1,-1
34234,1,-2,-2
34235,0,-2,-2
34236,0,-2,-2
34237,0,-2,-2
34238,0,-2,-2
34239,0,-2,-2
34240,1,-2,-2
34241,0,-2,-2
34242,0,-2,-2
34243,0,-2,-2
34244,1,-2,-2
34245,0,-2,-2
34246,1,-2,-2
34247,1,-2,-2
34248,0,-1,-1
34249,1,-2,-2
34250,0,-1,-1
34251,0,-2,-2
34252,0,-2,-2
34253,1,-2,-2
34254,1,-2,-2
34255,0,-2,-2
34256,1,-2,-2
34257,0,-2,-2
34258,0,-1,-1
34259,1,-2,-2
34260,0,-1,-1
34261,0,-2,-2
34262,1,-2,-2
34263,1,-2,-2
34264,0,-2,-2
34265,0,-2,-2
34266,1,-2,-2
34267,1,-2,-2
34268,0,-2,-2
34269,1,-2,-2
34270,1,-2,-2
34271,1,-2,-2
34272,1,-2,-2
34273,0,-1,-1
34274,0,-1,-1
34275,0,-2,-2
34276,0,-2,-2
34277,0,-2,-2
34278,0,-1,-1
34279,1,-2,-2
34280,0,-2,-2
34281,1,-2,-2
34282,1,-2,-2
34283,0,-2,-2
34284,1,-2,-2
34285,1,-2,-2
34286,0,-2,-2
34287,0,-2,-2
34288,1,-2,-2
34289,0,-2,-2
34290,1,-2,-2
34291,0,-2,-2
34292,1,-2,-2
34293,1,-2,-2
34294,1,-1,-1
34295,0,-1,-1
34296,1,-2,-2
34297,0,-2,-2
34298,1,-2,-2
34299,0,-1,-1
34300,1,-2,-2
34301,1,-2,-2
34302,1,-2,-2
34303,1,-1,-1
34304,1,-2,-2
34305,0,-1,-1
34306,0,-2,-2
34307,0,-2,-2
34308,0,-2,-2
34309,0,-2,-2
34310,0,-2,-2
34311,0,-1,-1
34312,0,-2,-2
34313,0,-1,-1
34314,1,-2,-2
34315,0,-2,-2
34316,0,-2,-2
34317,1,-2,-2
34318,0,-2,-2
34319,0,-2,-2
34320,0,-2,-2
34321,0,-2,-2
34322,1,-2,-2
34323,0,-2,-2
34324,1,-2,-2
34325,0,-1,-1
34326,1,-2,-2
34327,0,-2,-2
34328,1,-2,-2
34329,0,-2,-2
34330,0,-2,-2
34331,0,-1,-1
34332,0,-1,-1
34333,1,-2,-2
34334,1,-2,-2
34335,0,-2,-2
34336,1,-2,-2
34337,1,-1,-1
34338,1,-1,-1
34339,0,-2,-2
34340,1,-1,-1
34341,1,-2,-2
34342,1,-2,-2
34343,0,-1,-1
34344,0,-2,-2
34345,0,-2,-2
34346,0,-2,-2
34347,0,-2,-2
34348,0,-2,-2
34349,0,-2,-2
34350,0,-2,-2
34351,1,-2,-2
34352,0,-2,-2
34353,0,-2,-2
34354,1,-2,-2
34355,1,-1,-1
34356,0,-2,-2
34357,0,-2,-2
34358,1,-2,-2
34359,1,-2,-2
34360,0,-2,-2
34361,0,-2,-2
34362,0,-1,-1
34363,0,-1,-1
34364,1,-2,-2
34365,1,-2,-2
34366,0,-2,-2
34367,0,-1,-1
34368,0,-2,-2
34369,1,-2,-2
34370,1,-2,-2
34371,0,-1,-1
34372,0,-2,-2
34373,0,-1,-1
34374,0,-2,-2
34375,1,-2,-2
34376,1,-1,-1
34377,0,-2,-2
34378,1,-2,-2
34379,0,-2,-2
34380,1,-2,-2
34381,1,-2,-2
34382,0,-1,-1
34383,1,-2,-2
34384,0,-2,-2
34385,1,-2,-2
34386,0,-2,-2
34387,0,-2,-2
34388,0,-2,-2
34389,1,-2,-2
34390,1,-2,-2
34391,1,-1,-1
34392,0,-2,-2
34393,0,-2,-2
34394,0,-2,-2
34395,1,-2,-2
34396,0,-2,-2
34397,0,-1,-1
34398,0,-2,-2
34399,0,-2,-2
34400,1,-2,-2
34401,1,-2,-2
34402,0,-2,-2
34403,1,-1,-1
34404,1,-2,-2
34405,1,-2,-2
34406,1,-1,-1
34407,0,-2,-2
34408,1,-2,-2
34409,1,-2,-2
34410,1,-2,-2
34411,0,-2,-2
34412,0,-1,-1
34413,0,-2,-2
34414,0,-2,-2
34415,0,-2,-2
34416,1,-2,-2
34417,0,-2,-2
34418,0,-2,-2
34419,1,-2,-2
34420,1,-2,-2
34421,1,-1,-1
34422,0,-1,-1
34423,0,-1,-1
34424,1,-2,-2
34425,0,-2,-2
34426,0,-2,-2
34427,0,-2,-2
34428,1,-2,-2
34429,0,-2,-2
34430,1,-2,-2
34431,0,-2,-2
34432,0,-2,-2
34433,1,-2,-2
34434,0,-2,-2
34435,0,-2,-2
34436,1,-1,-1
34437,1,-2,-2
34438,0,-2,-2
34439,1,-2,-2
34440,1,-2,-2
34441,0,-1,-1
34442,0,-2,-2
34443,1,-2,-2
34444,0,-2,-2
34445,0,-2,-2
34446,1,-2,-2
34447,1,-2,-2
34448,1,-2,-2
34449,0,-2,-2
34450,1,-2,-2
34451,0,-2,-2
34452,1,-1,-1
34453,1,-1,-1
34454,1,-2,-2
34455,0,-2,-2
34456,0,-2,-2
34457,0,-2,-2
34458,1,-1,-1
34459,0,-2,-2
34460,1,-2,-2
34461,0,-2,-2
34462,0,-2,-2
34463,1,-2,-2
34464,0,-2,-2
34465,1,-2,-2
34466,0,-2,-2
34467,1,-1,-1
34468,1,-2,-2
34469,1,-2,-2
34470,0,-2,-2
34471,1,-2,-2
34472,1,-2,-2
34473,1,-1,-1
34474,1,-2,-2
34475,1,-2,-2
34476,0,-1,-1
34477,0,-2,-2
34478,1,-2,-2
34479,1,-2,-2
34480,0,-2,-2
34481,1,-2,-2
34482,1,-2,-2
34483,0,-2,-2
34484,0,-2,-2
34485,0,-2,-2
34486,1,-2,-2
34487,0,-2,-2
34488,1,-1,-1
34489,0,-2,-2
34490,1,-1,-1
34491,0,-2,-2
34492,1,-2,-2
34493,1,-2,-2
34494,0,-2,-2
34495,1,-2,-2
34496,1,-1,-1
34497,1,-2,-2
34498,0,-2,-2
34499,0,-2,-2
34500,1,-2,-2
34501,1,-2,-2
34502,1,-2,-2
34503,0,-2,-2
34504,0,-2,-2
34505,1,-1,-1
34506,1,-2,-2
34507,1,-2,-2
34508,0,-2,-2
34509,1,-1,-1
34510,0,-1,-1
34511,1,-2,-2
34512,0,-2,-2
34513,1,-1,-1
34514,1,-2,-2
34515,1,-2,-2
34516,1,-1,-1
34517,1,-2,-2
34518,1,-2,-2
34519,1,-2,-2
34520,0,-2,-2
34521,0,-1,-1
34522,1,-1,-1
34523,0,-2,-2
34524,0,-2,-2
34525,0,-2,-2
34526,1,-2,-2
34527,1,-1,-1
34528,1,-2,-2
34529,0,-2,-2
34530,1,-1,-1
34531,1,-2,-2
34532,1,-2,-2
34533,1,-2,-2
34534,0,-2,-2
34535,0,-2,-2
34536,1,-2,-2
34537,0,-2,-2
34538,0,-2,-2
34539,0,-2,-2
34540,1,-2,-2
34541,1,-2,-2
34542,1,-2,-2
34543,0,-2,-2
34544,0,-2,-2
34545,1,-2,-2
34546,1,-2,-2
34547,1,-1,-1
34548,0,-2,-2
34549,1,-1,-1
34550,1,-2,-2
34551,0,-2,-2
34552,0,-2,-2
34553,0,-2,-2
34554,0,-2,-2
34555,1,-2,-2
34556,1,-2,-2
34557,0,-2,-2
34558,1,-2,-2
34559,0,-1,-1
34560,1,-2,-2
34561,1,-2,-2
34562,1,-2,-2
34563,0,-2,-2
34564,1,-2,-2
34565,0,-2,-2
34566,1,-2,-2
34567,0,-1,-1
34568,0,-2,-2
34569,1,-2,-2
34570,1,-2,-2
34571,0,-2,-2
34572,0,-2,-2
34573,1,-2,-2
34574,0,-1,-1
34575,0,-1,-1
34576,0,-2,-2
34577,0,-2,-2
34578,1,-2,-2
34579,1,-2,-2
34580,0,-2,-2
34581,1,-1,-1
34582,1,-1,-1
34583,0,-2,-2
34584,1,-1,-1
34585,0,-2,-2
34586,1,-2,-2
34587,0,-2,-2
34588,1,-2,-2
34589,0,-2,-2
34590,0,-2,-2
34591,0,-2,-2
34592,0,-2,-2
34593,1,-1,-1
34594,0,-2,-2
34595,1,-2,-2
34596,0,-2,-2
34597,1,-2,-2
34598,1,-2,-2
34599,0,-2,-2
34600,1,-2,-2
34601,1,-1,-1
34602,1,-2,-2
34603,0,-1,-1
34604,0,-2,-2
34605,1,-1,-1
34606,1,-2,-2
34607,1,-1,-1
34608,1,-2,-2
34609,0,-2,-2
34610,0,-1,-1
34611,0,-2,-2
34612,0,-2,-2
34613,0,-2,-2
34614,1,-1,-1
34615,0,-1,-1
34616,0,-1,-1
34617,1,-2,-2
34618,1,-2,-2
34619,1,-2,-2
34620,0,-2,-2
34621,0,-2,-2
34622,0,-2,-2
34623,0,-2,-2
34624,0,-2,-2
34625,1,-2,-2
34626,0,-2,-2
34627,1,-2,-2
34628,1,-1,-1
34629,1,-2,-2
34630,1,-2,-2
34631,1,-1,-1
34632,0,-2,-2
34633,1,-2,-2
34634,0,-2,-2
34635,1,-2,-2
34636,1,-1,-1
34637,0,-1,-1
34638,1,-2,-2
34639,1,-2,-2
34640,0,-2,-2
34641,1,-2,-2
34642,0,-2,-2
34643,1,-2,-2
34644,1,-2,-2
34645,1,-2,-2
34646,0,-2,-2
34647,0,-1,-1
34648,1,-2,-2
34649,1,-1,-1
34650,0,-2,-2
34651,1,-2,-2
34652,0,-2,-2
34653,0,-2,-2
34654,1,-2,-2
34655,1,-1,-1
34656,0,-2,-2
34657,0,-2,-2
34658,0,-2,-2
34659,1,-2,-2
34660,1,-2,-2
34661,0,-2,-2
34662,0,-2,-2
34663,1,-1,-1
34664,0,-2,-2
34665,0,-2,-2
34666,0,-2,-2
34667,0,-2,-2
34668,1,-2,-2
34669,0,-1,-1
34670,0,-2,-2
34671,1,-2,-2
34672,1,-2,-2
34673,1,-2,-2
34674,1,-2,-2
34675,1,-2,-2
34676,1,-2,-2
34677,1,-2,-2
34678,1,-2,-2
34679,0,-2,-2
34680,1,-1,-1
34681,0,-1,-1
34682,0,-2,-2
34683,1,-2,-2
34684,0,-1,-1
34685,0,-1,-1
34686,1,-2,-2
34687,0,-2,-2
34688,0,-2,-2
34689,1,-1,-1
34690,1,-2,-2
34691,1,-2,-2
34692,0,-2,-2
34693,1,-2,-2
34694,1,-1,-1
34695,1,-2,-2
34696,0,-2,-2
34697,1,-2,-2
34698,0,-2,-2
34699,1,-2,-2
34700,1,-2,-2
34701,0,-2,-2
34702,0,-2,-2
34703,1,-2,-2
34704,1,-1,-1
34705,0,-1,-1
34706,1,-2,-2
34707,0,-2,-2
34708,1,-1,-1
34709,0,-2,-2
34710,0,-2,-2
34711,1,-2,-2
34712,0,-2,-2
34713,1,-2,-2
34714,1,-1,-1
34715,1,-1,-1
34716,0,-2,-2
34717,1,-2,-2
34718,0,-1,-1
34719,1,-1,-1
34720,1,-2,-2
34721,1,-2,-2
34722,1,-1,-1
34723,1,-2,-2
34724,0,-2,-2
34725,1,-2,-2
34726,0,-1,-1
34727,1,-2,-2
34728,1,-2,-2
34729,1,-1,-1
34730,1,-2,-2
34731,0,-1,-1
34732,0,-2,-2
34733,1,-2,-2
34734,1,-2,-2
34735,0,-2,-2
34736,1,-1,-1
34737,1,-2,-2
34738,1,-2,-2
34739,0,-2,-2
34740,0,-2,-2
34741,0,-1,-1
34742,0,-2,-2
34743,1,-1,-1
34744,0,-2,-2
34745,0,-2,-2
34746,1,-1,-1
34747,0,-1,-1
34748,0,-2,-2
34749,1,-2,-2
34750,1,-2,-2
34751,0,-1,-1
34752,1,-2,-2
34753,1,-2,-2
34754,0,-1,-1
34755,0,-1,-1
34756,0,-2,-2
34757,1,-2,-2
34758,1,-1,-1
34759,1,-2,-2
34760,1,-2,-2
34761,1,-2,-2
34762,1,-2,-2
34763,0,-2,-2
34764,0,-2,-2
34765,1,-1,-1
34766,1,-2,-2
34767,1,-2,-2
34768,0,-2,-2
34769,1,-2,-2
34770,1,-2,-2
34771,1,-2,-2
34772,1,-2,-2
34773,0,-1,-1
34774,0,-2,-2
34775,1,-2,-2
34776,0,-2,-2
34777,0,-2,-2
34778,0,-2,-2
34779,1,-2,-2
34780,1,-2,-2
34781,1,-1,-1
34782,0,-2,-2
34783,0,-2,-2
34784,0,-1,-1
34785,1,-2,-2
34786,0,-2,-2
34787,1,-1,-1
34788,0,-2,-2
34789,0,-2,-2
34790,0,-2,-2
34791,1,-2,-2
34792,1,-2,-2
34793,0,-1,-1
34794,1,-2,-2
34795,1,-2,-2
34796,0,-2,-2
34797,0,-1,-1
34798,0,-2,-2
34799,0,-2,-2
34800,1,-2,-2
34801,1,-2,-2
34802,1,-2,-2
34803,0,-2,-2
34804,0,-2,-2
34805,0,-2,-2
34806,1,-2,-2
34807,1,-2,-2
34808,1,-2,-2
34809,0,-2,-2
34810,0,-1,-1
34811,1,-2,-2
34812,1,-2,-2
34813,1,-2,-2
34814,0,-1,-1
34815,1,-2,-2
34816,0,-1,-1
34817,0,-2,-2
34818,0,-1,-1
34819,1,-2,-2
34820,0,-2,-2
34821,1,-1,-1
34822,1,-1,-1
34823,1,-2,-2
34824,1,-2,-2
34825,1,-2,-2
34826,0,-2,-2
34827,0,-2,-2
34828,0,-2,-2
34829,0,-2,-2
34830,1,-2,-2
34831,1,-1,-1
34832,1,-2,-2
34833,1,-2,-2
34834,0,-1,-1
34835,1,-2,-2
34836,1,-2,-2
34837,0,-1,-1
34838,0,-2,-2
34839,0,-2,-2
34840,0,-1,-1
34841,1,-2,-2
34842,1,-2,-2
34843,0,-2,-2
34844,1,-1,-1
34845,0,-1,-1
34846,1,-2,-2
34847,1,-2,-2
34848,1,-2,-2
34849,1,-1,-1
34850,1,-1,-1
34851,1,-2,-2
34852,0,-2,-2
34853,1,-2,-2
34854,0,-2,-2
34855,1,-2,-2
34856,1,-2,-2
34857,0,-2,-2
34858,0,-2,-2
34859,0,-2,-2
34860,1,-1,-1
34861,1,-2,-2
34862,0,-2,-2
34863,0,-1,-1
34864,1,-1,-1
34865,1,-2,-2
34866,1,-2,-2
34867,1,-2,-2
34868,0,-2,-2
34869,0,-2,-2
34870,0,-2,-2
34871,0,-2,-2
34872,0,-2,-2
34873,1,-2,-2
34874,1,-2,-2
34875,0,-2,-2
34876,1,-2,-2
34877,0,-1,-1
34878,1,-2,-2
34879,1,-2,-2
34880,0,-2,-2
34881,1,-1,-1
34882,1,-2,-2
34883,1,-1,-1
34884,1,-2,-2
34885,1,-2,-2
34886,1,-2,-2
34887,0,-1,-1
34888,0,-1,-1
34889,1,-2,-2
34890,0,-2,-2
34891,0,-2,-2
34892,1,-2,-2
34893,0,-2,-2
34894,1,-2,-2
34895,1,-2,-2
34896,1,-2,-2
34897,0,-2,-2
34898,1,-1,-1
34899,0,-2,-2
34900,0,-2,-2
34901,1,-2,-2
34902,0,-2,-2
34903,0,-2,-2
34904,0,-2,-2
34905,0,-2,-2
34906,1,-2,-2
34907,0,-2,-2
34908,1,-2,-2
34909,0,-2,-2
34910,0,-2,-2
34911,1,-2,-2
34912,0,-2,-2
34913,0,-2,-2
34914,1,-2,-2
34915,0,-2,-2
34916,0,-1,-1
34917,1,-2,-2
34918,0,-2,-2
34919,1,-2,-2
34920,1,-2,-2
34921,0,-2,-2
34922,1,-2,-2
34923,0,-2,-2
34924,1,-1,-1
34925,0,-2,-2
34926,1,-1,-1
34927,0,-1,-1
34928,1,-1,-1
34929,1,-1,-1
34930,0,-2,-2
34931,1,-2,-2
34932,0,-2,-2
34933,1,-2,-2
34934,1,-2,-2
34935,0,-2,-2
34936,0,-1,-1
34937,0,-2,-2
34938,1,-2,-2
34939,1,-2,-2
34940,1,-1,-1
34941,1,-2,-2
34942,1,-2,-2
34943,0,-2,-2
34944,1,-2,-2
34945,0,-2,-2
34946,0,-2,-2
34947,0,-1,-1
34948,1,-2,-2
34949,1,-2,-2
34950,0,-2,-2
34951,1,-2,-2
34952,0,-2,-2
34953,0,-1,-1
34954,1,-1,-1
34955,1,-1,-1
34956,1,-2,-2
34957,1,-1,-1
34958,0,-2,-2
34959,1,-1,-1
34960,0,-1,-1
34961,1,-1,-1
34962,0,-2,-2
34963,0,-1,-1
34964,1,-2,-2
34965,1,-2,-2
34966,0,-1,-1
34967,1,-1,-1
34968,1,-2,-2
34969,0,-2,-2
34970,0,-2,-2
34971,0,-2,-2
34972,0,-1,-1
34973,1,-2,-2
34974,0,-1,-1
34975,1,-1,-1
34976,0,-2,-2
34977,0,-2,-2
34978,0,-2,-2
34979,1,-2,-2
34980,1,-2,-2
34981,1,-2,-2
34982,1,-2,-2
34983,1,-2,-2
34984,1,-1,-1
34985,0,-2,-2
34986,1,-2,-2
34987,1,-2,-2
34988,1,-2,-2
34989,1,-2,-2
34990,0,-2,-2
34991,0,-2,-2
34992,0,-2,-2
34993,1,-2,-2
34994,0,-2,-2
34995,0,-2,-2
34996,0,-2,-2
34997,1,-1,-1
34998,1,-2,-2
34999,0,-2,-2
35000,0,-2,-2
35001,0,-2,-2
35002,0,-1,-1
35003,0,-2,-2
35004,1,-2,-2
35005,0,-2,-2
35006,0,-1,-1
35007,0,-2,-2
35008,0,-2,-2
35009,0,-2,-2
35010,1,-2,-2
35011,1,-1,-1
35012,0,-2,-2
35013,0,-2,-2
35014,1,-2,-2
35015,1,-2,-2
35016,0,-2,-2
35017,1,-2,-2
35018,1,-2,-2
35019,0,-2,-2
35020,0,-2,-2
35021,0,-2,-2
35022,1,-2,-2
35023,0,-2,-2
35024,1,-2,-2
35025,1,-2,-2
35026,0,-2,-2
35027,0,-2,-2
35028,0,-1,-1
35029,1,-1,-1
35030,1,-2,-2
35031,1,-2,-2
35032,1,-2,-2
35033,0,-2,-2
35034,0,-2,-2
35035,0,-2,-2
35036,0,-2,-2
35037,1,-1,-1
35038,1,-2,-2
35039,1,-2,-2
35040,0,-2,-2
35041,1,-2,-2
35042,1,-2,-2
35043,0,-2,-2
35044,1,-2,-2
35045,1,-2,-2
35046,0,-1,-1
35047,0,-2,-2
35048,0,-2,-2
35049,0,-2,-2
35050,0,-2,-2
35051,0,-2,-2
35052,1,-2,-2
35053,0,-1,-1
35054,0,-2,-2
35055,0,-2,-2
35056,0,-2,-2
35057,0,-2,-2
35058,1,-1,-1
35059,1,-2,-2
35060,0,-2,-2
35061,0,-2,-2
35062,1,-2,-2
35063,0,-2,-2
35064,1,-1,-1
35065,0,-1,-1
35066,0,-1,-1
35067,0,-2,-2
35068,0,-1,-1
35069,0,-1,-1
35070,0,-2,-2
35071,0,-2,-2
35072,1,-2,-2
35073,0,-2,-2
35074,1,-2,-2
35075,0,-2,-2
35076,1,-2,-2
35077,0,-1,-1
35078,1,-1,-1
35079,1,-1,-1
35080,0,-1,-1
35081,0,-2,-2
35082,1,-2,-2
35083,1,-2,-2
35084,1,-2,-2
35085,1,-2,-2
35086,1,-2,-2
35087,1,-2,-2
35088,1,-2,-2
35089,1,-2,-2
35090,1,-2,-2
35091,0,-2,-2
35092,1,-1,-1
35093,1,-2,-2
35094,0,-1,-1
35095,1,-1,-1
35096,1,-2,-2
35097,0,-2,-2
35098,0,-2,-2
35099,0,-2,-2
35100,1,-1,-1
35101,1,-2,-2
35102,0,-1,-1
35103,1,-2,-2
35104,1,-2,-2
35105,1,-2,-2
35106,0,-2,-2
35107,1,-1,-1
35108,1,-2,-2
35109,0,-1,-1
35110,1,-2,-2
35111,0,-1,-1
35112,1,-2,-2
35113,1,-2,-2
35114,0,-1,-1
35115,0,-2,-2
35116,0,-2,-2
35117,0,-2,-2
35118,0,-1,-1
35119,0,-2,-2
35120,1,-2,-2
35121,1,-2,-2
35122,0,-2,-2
35123,1,-2,-2
35124,0,-2,-2
35125,1,-1,-1
35126,0,-2,-2
35127,1,-2,-2
35128,0,-1,-1
35129,1,-1,-1
35130,0,-2,-2
35131,1,-1,-1
35132,0,-2,-2
35133,0,-2,-2
35134,1,-2,-2
35135,1,-2,-2
35136,1,-2,-2
35137,0,-2,-2
35138,0,-2,-2
35139,0,-2,-2
35140,0,-1,-1
35141,1,-2,-2
35142,0,-2,-2
35143,1,-1,-1
35144,0,-2,-2
35145,1,-2,-2
35146,0,-2,-2
35147,1,-2,-2
35148,1,-2,-2
35149,0,-1,-1
35150,0,-2,-2
35151,1,-2,-2
35152,1,-2,-2
35153,1,-2,-2
35154,1,-2,-2
35155,1,-2,-2
35156,1,-2,-2
35157,1,-2,-2
35158,0,-2,-2
35159,1,-2,-2
35160,0,-2,-2
35161,0,-2,-2
35162,0,-1,-1
35163,1,-2,-2
35164,1,-2,-2
35165,0,-1,-1
35166,1,-2,-2
35167,1,-2,-2
35168,1,-2,-2
35169,1,-2,-2
35170,0,-2,-2
35171,1,-2,-2
35172,1,-1,-1
35173,0,-1,-1
35174,1,-2,-2
35175,1,-2,-2
35176,0,-2,-2
35177,1,-2,-2
35178,0,-2,-2
35179,1,-2,-2
35180,1,-2,-2
35181,1,-1,-1
35182,0,-1,-1
35183,1,-2,-2
35184,1,-2,-2
35185,1,-2,-2
35186,1,-2,-2
35187,0,-2,-2
35188,1,-2,-2
35189,1,-2,-2
35190,1,-2,-2
35191,1,-2,-2
35192,1,-2,-2
35193,0,-1,-1
35194,0,-1,-1
35195,1,-2,-2
35196,1,-1,-1
35197,0,-1,-1
35198,0,-2,-2
35199,1,-2,-2
35200,0,-2,-2
35201,1,-2,-2
35202,0,-2,-2
35203,0,-1,-1
35204,0,-2,-2
35205,1,-2,-2
35206,1,-2,-2
35207,1,-1,-1
35208,1,-2,-2
35209,1,-2,-2
35210,1,-2,-2
35211,0,-2,-2
35212,1,-1,-1
35213,1,-1,-1
35214,0,-2,-2
35215,1,-2,-2
35216,1,-2,-2
35217,0,-1,-1
35218,1,-2,-2
35219,0,-2,-2
35220,1,-2,-2
35221,1,-2,-2
35222,1,-2,-2
35223,0,-2,-2
35224,1,-2,-2
35225,1,-2,-2
35226,1,-1,-1
35227,1,-2,-2
35228,0,-1,-1
35229,0,-2,-2
35230,1,-2,-2
35231,0,-2,-2
35232,0,-2,-2
35233,0,-2,-2
35234,0,-2,-2
35235,0,-2,-2
35236,1,-2,-2
35237,1,-2,-2
35238,0,-2,-2
35239,1,-1,-1
35240,0,-2,-2
35241,1,-2,-2
35242,0,-2,-2
35243,1,-2,-2
35244,1,-2,-2
35245,0,-2,-2
35246,0,-2,-2
35247,0,-2,-2
35248,0,-2,-2
35249,1,-1,-1
35250,0,-2,-2
35251,0,-2,-2
35252,0,-2,-2
35253,1,-1,-1
35254,1,-2,-2
35255,0,-2,-2
35256,0,-1,-1
35257,0,-2,-2
35258,0,-2,-2
35259,1,-1,-1
35260,0,-1,-1
35261,0,-2,-2
35262,1,-2,-2
35263,0,-1,-1
35264,0,-2,-2
35265,1,-2,-2
35266,0,-2,-2
35267,1,-2,-2
35268,1,-2,-2
35269,1,-2,-2
35270,0,-2,-2
35271,1,-2,-2
35272,0,-1,-1
35273,1,-2,-2
35274,0,-2,-2
35275,0,-2,-2
35276,1,-2,-2
35277,1,-2,-2
35278,1,-2,-2
35279,1,-2,-2
35280,0,-2,-2
35281,0,-2,-2
35282,1,-2,-2
35283,0,-2,-2
35284,0,-2,-2
35285,0,-2,-2
35286,1,-2,-2
35287,0,-2,-2
35288,1,-2,-2
35289,0,-2,-2
35290,0,-2,-2
35291,0,-2,-2
35292,0,-2,-2
35293,1,-2,-2
35294,0,-2,-2
35295,0,-2,-2
35296,0,-2,-2
35297,0,-2,-2
35298,1,-1,-1
35299,1,-2,-2
35300,0,-1,-1
35301,1,-2,-2
35302,0,-2,-2
35303,1,-2,-2
35304,0,-2,-2
35305,0,-1,-1
35306,1,-2,-2
35307,1,-2,-2
35308,1,-2,-2
35309,1,-1,-1
35310,1,-2,-2
35311,1,-2,-2
35312,0,-2,-2
35313,0,-2,-2
35314,1,-2,-2
35315,1,-2,-2
35316,0,-2,-2
35317,0,-2,-2
35318,1,-2,-2
35319,0,-2,-2
35320,1,-2,-2
35321,0,-2,-2
35322,0,-2,-2
35323,0,-2,-2
35324,0,-2,-2
35325,1,-2,-2
35326,0,-1,-1
35327,0,-2,-2
35328,1,-2,-2
35329,1,-2,-2
35330,1,-2,-2
35331,0,-2,-2
35332,0,-2,-2
35333,0,-2,-2
35334,1,-1,-1
35335,1,-2,-2
35336,1,-2,-2
35337,1,-2,-2
35338,1,-2,-2
35339,1,-2,-2
35340,1,-2,-2
35341,1,-2,-2
35342,0,-1,-1
35343,0,-2,-2
35344,0,-2,-2
35345,0,-2,-2
35346,1,-2,-2
35347,0,-2,-2
35348,0,-2,-2
35349,0,-2,-2
35350,0,-2,-2
35351,0,-2,-2
35352,0,-2,-2
35353,0,-2,-2
35354,1,-1,-1
35355,0,-2,-2
35356,1,-2,-2
35357,0,-2,-2
35358,1,-2,-2
35359,1,-2,-2
35360,1,-2,-2
35361,1,-2,-2
35362,1,-2,-2
35363,1,-1,-1
35364,0,-2,-2
35365,1,-2,-2
35366,0,-2,-2
35367,0,-2,-2
35368,1,-2,-2
35369,1,-2,-2
35370,0,-2,-2
35371,0,-2,-2
35372,1,-2,-2
35373,0,-2,-2
35374,1,-2,-2
35375,0,-2,-2
35376,1,-2,-2
35377,0,-2,-2
35378,0,-2,-2
35379,1,-2,-2
35380,0,-2,-2
35381,0,-2,-2
35382,0,-2,-2
35383,0,-2,-2
35384,0,-2,-2
35385,0,-2,-2
35386,0,-2,-2
35387,0,-1,-1
35388,1,-2,-2
35389,0,-1,-1
35390,1,-1,-1
35391,0,-2,-2
35392,1,-2,-2
35393,0,-2,-2
35394,1,-2,-2
35395,0,-2,-2
35396,1,-2,-2
35397,0,-2,-2
35398,1,-2,-2
35399,0,-2,-2
35400,1,-2,-2
35401,1,-2,-2
35402,1,-1,-1
35403,0,-2,-2
35404,1,-1,-1
35405,0,-2,-2
35406,0,-2,-2
35407,0,-1,-1
35408,0,-2,-2
35409,1,-2,-2
35410,0,-2,-2
35411,0,-2,-2
35412,1,-2,-2
35413,0,-2,-2
35414,0,-1,-1
35415,1,-2,-2
35416,0,-2,-2
35417,0,-2,-2
35418,0,-2,-2
35419,1,-1,-1
35420,0,-2,-2
35421,0,-2,-2
35422,0,-2,-2
35423,1,-2,-2
35424,1,-1,-1
35425,1,-1,-1
35426,1,-2,-2
35427,0,-2,-2
35428,0,-2,-2
35429,0,-1,-1
35430,0,-2,-2
35431,1,-2,-2
35432,0,-2,-2
35433,0,-2,-2
35434,0,-1,-1
35435,1,-2,-2
35436,0,-2,-2
35437,1,-2,-2
35438,0,-1,-1
35439,0,-2,-2
35440,0,-2,-2
35441,0,-2,-2
35442,1,-2,-2
35443,0,-2,-2
35444,1,-2,-2
35445,1,-2,-2
35446,1,-1,-1
35447,1,-2,-2
35448,0,-1,-1
35449,1,-2,-2
35450,1,-1,-1
35451,1,-2,-2
35452,1,-2,-2
35453,0,-2,-2
35454,1,-2,-2
35455,0,-2,-2
35456,1,-2,-2
35457,1,-1,-1
35458,1,-2,-2
35459,1,-2,-2
35460,0,-2,-2
35461,0,-2,-2
35462,1,-2,-2
35463,1,-2,-2
35464,0,-1,-1
35465,1,-1,-1
35466,0,-2,-2
35467,0,-2,-2
35468,1,-1,-1
35469,0,-2,-2
35470,1,-1,-1
35471,0,-2,-2
35472,0,-2,-2
35473,1,-2,-2
35474,1,-2,-2
35475,0,-2,-2
35476,1,-2,-2
35477,1,-2,-2
35478,1,-2,-2
35479,1,-2,-2
35480,0,-2,-2
35481,1,-1,-1
35482,1,-2,-2
35483,1,-1,-1
35484,0,-2,-2
35485,1,-2,-2
35486,0,-2,-2
35487,0,-2,-2
35488,0,-2,-2
35489,1,-2,-2
35490,0,-2,-2
35491,0,-2,-2
35492,0,-2,-2
35493,0,-2,-2
35494,0,-2,-2
35495,1,-2,-2
35496,0,-2,-2
35497,1,-2,-2
35498,0,-2,-2
35499,0,-2,-2
35500,1,-2,-2
35501,0,-1,-1
35502,1,-2,-2
35503,0,-2,-2
35504,1,-1,-1
35505,0,-1,-1
35506,1,-2,-2
35507,0,-2,-2
35508,0,-1,-1
35509,1,-2,-2
35510,1,-1,-1
35511,0,-2,-2
35512,1,-1,-1
35513,0,-2,-2
35514,1,-2,-2
35515,1,-2,-2
35516,0,-2,-2
35517,0,-2,-2
35518,0,-2,-2
35519,1,-2,-2
35520,1,-2,-2
35521,1,-2,-2
35522,0,-2,-2
35523,0,-2,-2
35524,1,-2,-2
35525,0,-2,-2
35526,0,-2,-2
35527,0,-2,-2
35528,1,-1,-1
35529,1,-2,-2
35530,0,-2,-2
35531,0,-2,-2
35532,1,-2,-2
35533,1,-2,-2
35534,1,-2,-2
35535,0,-2,-2
35536,0,-1,-1
35537,0,-2,-2
35538,1,-1,-1
35539,0,-2,-2
35540,1,-2,-2
35541,1,-2,-2
35542,1,-2,-2
35543,1,-2,-2
35544,0,-1,-1
35545,0,-2,-2
35546,1,-2,-2
35547,0,-1,-1
35548,1,-2,-2
35549,1,-2,-2
35550,1,-2,-2
35551,1,-2,-2
35552,1,-2,-2
35553,1,-1,-1
35554,0,-2,-2
35555,0,-2,-2
35556,0,-2,-2
35557,1,-1,-1
35558,0,-2,-2
35559,0,-2,-2
35560,0,-2,-2
35561,1,-2,-2
35562,0,-2,-2
35563,0,-2,-2
35564,1,-2,-2
35565,0,-2,-2
35566,1,-2,-2
35567,0,-1,-1
35568,1,-2,-2
35569,0,-2,-2
35570,1,-1,-1
35571,1,-2,-2
35572,1,-2,-2
35573,1,-2,-2
35574,0,-2,-2
35575,0,-2,-2
35576,0,-1,-1
35577,0,-2,-2
35578,1,-2,-2
35579,0,-2,-2
35580,0,-2,-2
35581,0,-2,-2
35582,0,-1,-1
35583,0,-1,-1
35584,1,-1,-1
35585,1,-2,-2
35586,1,-2,-2
35587,0,-2,-2
35588,1,-1,-1
35589,1,-2,-2
35590,0,-2,-2
35591,1,-1,-1
35592,1,-1,-1
35593,0,-2,-2
35594,1,-2,-2
35595,1,-2,-2
35596,1,-2,-2
35597,0,-1,-1
35598,0,-2,-2
35599,0,-2,-2
35600,0,-2,-2
35601,0,-2,-2
35602,0,-1,-1
35603,0,-2,-2
35604,0,-2,-2
35605,0,-2,-2
35606,1,-2,-2
35607,1,-2,-2
35608,0,-2,-2
35609,0,-2,-2
35610,0,-2,-2
35611,0,-2,-2
35612,0,-2,-2
35613,0,-2,-2
35614,1,-1,-1
35615,0,-1,-1
35616,0,-2,-2
35617,0,-2,-2
35618,0,-2,-2
35619,0,-2,-2
35620,1,-1,-1
35621,0,-2,-2
35622,1,-1,-1
35623,0,-2,-2
35624,1,-1,-1
35625,1,-1,-1
35626,1,-2,-2
35627,0,-2,-2
35628,0,-2,-2
35629,0,-2,-2
35630,0,-1,-1
35631,1,-2,-2
35632,1,-1,-1
35633,1,-1,-1
35634,1,-1,-1
35635,0,-1,-1
35636,0,-2,-2
35637,0,-2,-2
35638,1,-2,-2
35639,1,-2,-2
35640,1,-2,-2
35641,1,-2,-2
35642,1,-2,-2
35643,0,-2,-2
35644,0,-2,-2
35645,1,-2,-2
35646,0,-2,-2
35647,1,-2,-2
35648,0,-2,-2
35649,0,-1,-1
35650,1,-2,-2
35651,1,-2,-2
35652,1,-2,-2
35653,1,-2,-2
35654,1,-2,-2
35655,0,-2,-2
35656,1,-2,-2
35657,0,-2,-2
35658,0,-2,-2
35659,0,-2,-2
35660,0,-2,-2
35661,1,-2,-2
35662,0,-2,-2
35663,0,-2,-2
35664,0,-2,-2
35665,1,-2,-2
35666,0,-2,-2
35667,1,-2,-2
35668,0,-1,-1
35669,1,-2,-2
35670,1,-2,-2
35671,1,-2,-2
35672,0,-2,-2
35673,1,-2,-2
35674,1,-2,-2
35675,1,-2,-2
35676,1,-2,-2
35677,1,-2,-2
35678,1,-2,-2
35679,1,-1,-1
35680,1,-2,-2
35681,1,-2,-2
35682,0,-2,-2
35683,1,-2,-2
35684,1,-2,-2
35685,1,-2,-2
35686,0,-2,-2
35687,1,-2,-2
35688,0,-2,-2
35689,0,-2,-2
35690,0,-2,-2
35691,0,-2,-2
35692,0,-2,-2
35693,1,-1,-1
35694,1,-1,-1
35695,0,-1,-1
35696,0,-2,-2
35697,0,-2,-2
35698,1,-2,-2
35699,1,-1,-1
35700,1,-2,-2
35701,1,-2,-2
35702,0,-2,-2
35703,1,-2,-2
35704,0,-2,-2
35705,0,-2,-2
35706,1,-2,-2
35707,0,-2,-2
35708,1,-2,-2
35709,0,-1,-1
35710,1,-1,-1
35711,1,-2,-2
35712,1,-2,-2
35713,0,-1,-1
35714,1,-1,-1
35715,0,-2,-2
35716,1,-1,-1
35717,0,-2,-2
35718,1,-1,-1
35719,1,-2,-2
35720,1,-2,-2
35721,1,-1,-1
35722,1,-2,-2
35723,1,-2,-2
35724,0,-1,-1
35725,0,-2,-2
35726,1,-2,-2
35727,1,-1,-1
35728,0,-2,-2
35729,0,-2,-2
35730,0,-1,-1
35731,0,-2,-2
35732,0,-1,-1
35733,0,-2,-2
35734,1,-2,-2
35735,0,-2,-2
35736,0,-2,-2
35737,1,-1,-1
35738,0,-2,-2
35739,1,-2,-2
35740,1,-2,-2
35741,1,-2,-2
35742,1,-2,-2
35743,1,-2,-2
35744,0,-2,-2
35745,1,-1,-1
35746,0,-2,-2
35747,0,-1,-1
35748,0,-2,-2
35749,0,-2,-2
35750,1,-1,-1
35751,0,-2,-2
35752,1,-2,-2
35753,0,-1,-1
35754,1,-2,-2
35755,0,-2,-2
35756,0,-2,-2
35757,1,-2,-2
35758,1,-2,-2
35759,0,-2,-2
35760,0,-2,-2
35761,0,-2,-2
35762,1,-2,-2
35763,0,-2,-2
35764,0,-2,-2
35765,1,-2,-2
35766,0,-2,-2
35767,1,-2,-2
35768,1,-2,-2
35769,0,-2,-2
35770,1,-1,-1
35771,0,-2,-2
35772,0,-2,-2
35773,1,-1,-1
35774,1,-1,-1
35775,1,-1,-1
35776,0,-1,-1
35777,0,-2,-2
35778,0,-2,-2
35779,0,-1,-1
35780,0,-2,-2
35781,1,-2,-2
35782,1,-2,-2
35783,0,-2,-2
35784,1,-1,-1
35785,1,-1,-1
35786,1,-2,-2
35787,0,-2,-2
35788,1,-1,-1
35789,1,-2,-2
35790,1,-2,-2
35791,1,-2,-2
35792,1,-1,-1
35793,0,-2,-2
35794,1,-1,-1
35795,0,-2,-2
35796,0,-1,-1
35797,1,-2,-2
35798,0,-2,-2
35799,0,-2,-2
35800,1,-2,-2
35801,0,-1,-1
35802,1,-2,-2
35803,0,-2,-2
35804,0,-2,-2
35805,1,-1,-1
35806,1,-2,-2
35807,1,-2,-2
35808,0,-2,-2
35809,0,-1,-1
35810,0,-1,-1
35811,1,-2,-2
35812,0,-1,-1
35813,1,-2,-2
35814,0,-1,-1
35815,0,-2,-2
35816,0,-2,-2
35817,0,-2,-2
35818,0,-2,-2
35819,0,-1,-1
35820,1,-2,-2
35821,1,-2,-2
35822,0,-2,-2
35823,1,-2,-2
35824,1,-2,-2
35825,1,-2,-2
35826,1,-2,-2
35827,0,-2,-2
35828,0,-2,-2
35829,0,-2,-2
35830,0,-2,-2
35831,1,-1,-1
35832,0,-2,-2
35833,0,-2,-2
35834,0,-1,-1
35835,1,-2,-2
35836,1,-2,-2
35837,1,-2,-2
35838,1,-2,-2
35839,1,-1,-1
35840,1,-2,-2
35841,0,-1,-1
35842,1,-2,-2
35843,0,-2,-2
35844,1,-2,-2
35845,0,-2,-2
35846,0,-2,-2
35847,0,-2,-2
35848,0,-2,-2
35849,0,-2,-2
35850,0,-2,-2
35851,0,-1,-1
35852,0,-2,-2
35853,1,-2,-2
35854,1,-2,-2
35855,0,-2,-2
35856,1,-2,-2
35857,1,-2,-2
35858,0,-2,-2
35859,1,-2,-2
35860,1,-2,-2
35861,1,-1,-1
35862,0,-2,-2
35863,1,-2,-2
35864,0,-1,-1
35865,1,-2,-2
35866,1,-1,-1
35867,1,-2,-2
35868,0,-1,-1
35869,1,-2,-2
35870,1,-1,-1
35871,1,-2,-2
35872,0,-2,-2
35873,0,-2,-2
35874,1,-2,-2
35875,0,-2,-2
35876,1,-2,-2
35877,1,-2,-2
35878,1,-2,-2
35879,0,-2,-2
35880,1,-2,-2
35881,1,-2,-2
35882,0,-2,-2
35883,0,-2,-2
35884,0,-2,-2
35885,0,-1,-1
35886,0,-1,-1
35887,0,-2,-2
35888,1,-1,-1
35889,0,-2,-2
35890,1,-1,-1
35891,0,-2,-2
35892,1,-2,-2
35893,0,-1,-1
35894,1,-2,-2
35895,1,-2,-2
35896,1,-2,-2
35897,1,-2,-2
35898,0,-1,-1
35899,0,-2,-2
35900,0,-2,-2
35901,1,-2,-2
35902,0,-2,-2
35903,0,-2,-2
35904,0,-2,-2
35905,0,-2,-2
35906,1,-2,-2
35907,0,-1,-1
35908,0,-2,-2
35909,0,-1,-1
35910,1,-2,-2
35911,1,-2,-2
35912,0,-1,-1
35913,1,-2,-2
35914,1,-2,-2
35915,1,-2,-2
35916,1,-2,-2
35917,1,-2,-2
35918,0,-2,-2
35919,1,-2,-2
35920,0,-1,-1
35921,0,-2,-2
35922,0,-2,-2
35923,1,-2,-2
35924,1,-2,-2
35925,1,-1,-1
35926,1,-2,-2
35927,0,-2,-2
35928,1,-2,-2
35929,1,-2,-2
35930,1,-2,-2
35931,0,-1,-1
35932,1,-2,-2
35933,0,-2,-2
35934,1,-2,-2
35935,1,-1,-1
35936,1,-1,-1
35937,1,-2,-2
35938,1,-2,-2
35939,1,-2,-2
35940,0,-2,-2
35941,0,-2,-2
35942,1,-2,-2
35943,0,-2,-2
35944,1,-2,-2
35945,1,-2,-2
35946,0,-2,-2
35947,1,-2,-2
35948,0,-2,-2
35949,0,-1,-1
35950,1,-1,-1
35951,0,-2,-2
35952,1,-2,-2
35953,1,-1,-1
35954,0,-2,-2
35955,0,-1,-1
35956,1,-2,-2
35957,1,-2,-2
35958,1,-2,-2
35959,0,-2,-2
35960,1,-2,-2
35961,0,-2,-2
35962,0,-2,-2
35963,1,-2,-2
35964,0,-2,-2
35965,0,-2,-2
35966,1,-2,-2
35967,1,-2,-2
35968,0,-2,-2
35969,0,-2,-2
35970,1,-1,-1
35971,0,-2,-2
35972,0,-1,-1
35973,1,-2,-2
35974,0,-2,-2
35975,1,-2,-2
35976,1,-2,-2
35977,0,-2,-2
35978,1,-1,-1
35979,0,-2,-2
35980,1,-2,-2
35981,0,-2,-2
35982,0,-2,-2
35983,0,-2,-2
35984,1,-2,-2
35985,0,-2,-2
35986,0,-2,-2
35987,0,-1,-1
35988,0,-2,-2
35989,0,-2,-2
35990,0,-1,-1
35991,0,-2,-2
35992,1,-2,-2
35993,1,-1,-1
35994,1,-2,-2
35995,1,-2,-2
35996,0,-1,-1
35997,1,-2,-2
35998,1,-1,-1
35999,1,-2,-2
36000,1,-2,-2
36001,0,-2,-2
36002,0,-2,-2
36003,1,-2,-2
36004,0,-2,-2
36005,1,-2,-2
36006,1,-2,-2
36007,0,-1,-1
36008,0,-1,-1
36009,0,-2,-2
36010,0,-1,-1
36011,1,-2,-2
36012,0,-2,-2
36013,0,-2,-2
36014,1,-2,-2
36015,0,-2,-2
36016,0,-2,-2
36017,0,-2,-2
36018,1,-2,-2
36019,1,-2,-2
36020,1,-2,-2
36021,0,-2,-2
36022,1,-2,-2
36023,0,-2,-2
36024,1,-2,-2
36025,0,-1,-1
36026,0,-2,-2
36027,1,-2,-2
36028,1,-2,-2
36029,0,-1,-1
36030,0,-1,-1
36031,1,-2,-2
36032,1,-2,-2
36033,1,-2,-2
36034,0,-2,-2
36035,0,-2,-2
36036,1,-2,-2
36037,1,-1,-1
36038,1,-2,-2
36039,1,-2,-2
36040,1,-1,-1
36041,1,-2,-2
36042,0,-2,-2
36043,0,-2,-2
36044,1,-1,-1
36045,0,-1,-1
36046,0,-2,-2
36047,0,-1,-1
36048,1,-2,-2
36049,1,-2,-2
36050,1,-2,-2
36051,1,-1,-1
36052,1,-2,-2
36053,1,-2,-2
36054,1,-1,-1
36055,0,-2,-2
36056,1,-2,-2
36057,1,-1,-1
36058,1,-2,-2
36059,0,-2,-2
36060,1,-2,-2
36061,1,-1,-1
36062,1,-1,-1
36063,1,-2,-2
36064,1,-2,-2
36065,0,-2,-2
36066,0,-2,-2
36067,1,-2,-2
36068,0,-1,-1
36069,1,-2,-2
36070,0,-2,-2
36071,0,-2,-2
36072,1,-2,-2
36073,0,-1,-1
36074,0,-2,-2
36075,1,-2,-2
36076,1,-2,-2
36077,1,-2,-2
36078,0,-1,-1
36079,0,-2,-2
36080,0,-2,-2
36081,1,-1,-1
36082,1,-1,-1
36083,1,-2,-2
36084,0,-2,-2
36085,1,-1,-1
36086,0,-2,-2
36087,1,-2,-2
36088,1,-2,-2
36089,0,-2,-2
36090,0,-2,-2
36091,0,-2,-2
36092,0,-2,-2
36093,1,-2,-2
36094,0,-1,-1
36095,1,-2,-2
36096,0,-1,-1
36097,0,-2,-2
36098,0,-1,-1
36099,0,-2,-2
36100,1,-1,-1
36101,0,-1,-1
36102,1,-2,-2
36103,1,-1,-1
36104,0,-1,-1
36105,0,-2,-2
36106,1,-2,-2
36107,0,-2,-2
36108,1,-2,-2
36109,1,-2,-2
36110,0,-2,-2
36111,0,-2,-2
36112,1,-2,-2
36113,1,-2,-2
36114,1,-2,-2
36115,1,-2,-2
36116,0,-2,-2
36117,0,-2,-2
36118,0,-2,-2
36119,0,-2,-2
36120,1,-1,-1
36121,1,-2,-2
36122,0,-2,-2
36123,0,-2,-2
36124,0,-2,-2
36125,1,-2,-2
36126,1,-2,-2
36127,0,-2,-2
36128,0,-1,-1
36129,0,-2,-2
36130,0,-2,-2
36131,0,-2,-2
36132,0,-2,-2
36133,1,-2,-2
36134,1,-2,-2
36135,0,-1,-1
36136,0,-2,-2
36137,1,-2,-2
36138,1,-2,-2
36139,0,-2,-2
36140,0,-2,-2
36141,0,-2,-2
36142,1,-1,-1
36143,1,-2,-2
36144,1,-2,-2
36145,1,-2,-2
36146,0,-2,-2
36147,1,-2,-2
36148,0,-2,-2
36149,1,-2,-2
36150,1,-1,-1
36151,0,-1,-1
36152,0,-2,-2
36153,1,-2,-2
36154,0,-2,-2
36155,0,-2,-2
36156,0,-2,-2
36157,1,-2,-2
36158,1,-2,-2
36159,1,-2,-2
36160,1,-2,-2
36161,0,-2,-2
36162,0,-1,-1
36163,0,-1,-1
36164,0,-2,-2
36165,1,-2,-2
36166,0,-2,-2
36167,1,-2,-2
36168,1,-2,-2
36169,1,-2,-2
36170,0,-2,-2
36171,1,-2,-2
36172,0,-2,-2
36173,0,-2,-2
36174,0,-2,-2
36175,0,-2,-2
36176,1,-2,-2
36177,0,-1,-1
36178,0,-2,-2
36179,0,-2,-2
36180,0,-2,-2
36181,1,-2,-2
36182,0,-2,-2
36183,0,-2,-2
36184,1,-2,-2
36185,1,-1,-1
36186,1,-2,-2
36187,0,-2,-2
36188,0,-1,-1
36189,0,-2,-2
36190,0,-2,-2
36191,0,-1,-1
36192,0,-2,-2
36193,0,-2,-2
36194,0,-2,-2
36195,0,-1,-1
36196,0,-2,-2
36197,1,-2,-2
36198,0,-2,-2
36199,1,-2,-2
36200,1,-2,-2
36201,1,-2,-2
36202,1,-2,-2
36203,0,-2,-2
36204,0,-2,-2
36205,1,-2,-2
36206,1,-2,-2
36207,0,-2,-2
36208,0,-2,-2
36209,1,-2,-2
36210,1,-2,-2
36211,0,-2,-2
36212,0,-2,-2
36213,1,-1,-1
36214,0,-2,-2
36215,1,-2,-2
36216,1,-1,-1
36217,0,-2,-2
36218,1,-2,-2
36219,1,-1,-1
36220,1,-2,-2
36221,1,-2,-2
36222,0,-2,-2
36223,0,-1,-1
36224,1,-2,-2
36225,1,-2,-2
36226,0,-2,-2
36227,1,-2,-2
36228,1,-2,-2
36229,0,-2,-2
36230,0,-2,-2
36231,0,-2,-2
36232,0,-1,-1
36233,0,-2,-2
36234,0,-2,-2
36235,0,-2,-2
36236,0,-2,-2
36237,0,-2,-2
36238,0,-2,-2
36239,1,-2,-2
36240,0,-2,-2
36241,1,-2,-2
36242,1,-2,-2
36243,0,-2,-2
36244,0,-2,-2
36245,0,-2,-2
36246,1,-2,-2
36247,1,-2,-2
36248,1,-2,-2
36249,1,-2,-2
36250,0,-1,-1
36251,0,-2,-2
36252,0,-2,-2
36253,1,-1,-1
36254,1,-2,-2
36255,0,-2,-2
36256,1,-2,-2
36257,1,-2,-2
36258,0,-2,-2
36259,0,-1,-1
36260,1,-2,-2
36261,1,-2,-2
36262,1,-1,-1
36263,1,-2,-2
36264,0,-2,-2
36265,1,-2,-2
36266,0,-2,-2
36267,0,-2,-2
36268,1,-2,-2
36269,0,-2,-2
36270,1,-2,-2
36271,1,-2,-2
36272,0,-2,-2
36273,0,-2,-2
36274,0,-2,-2
36275,1,-2,-2
36276,1,-2,-2
36277,1,-2,-2
36278,0,-2,-2
36279,0,-1,-1
36280,0,-2,-2
36281,0,-2,-2
36282,1,-1,-1
36283,1,-2,-2
36284,1,-2,-2
36285,0,-1,-1
36286,0,-1,-1
36287,0,-2,-2
36288,1,-1,-1
36289,0,-2,-2
36290,1,-1,-1
36291,0,-2,-2
36292,1,-1,-1
36293,1,-2,-2
36294,0,-2,-2
36295,1,-2,-2
36296,0,-2,-2
36297,0,-2,-2
36298,1,-2,-2
36299,1,-2,-2
36300,0,-1,-1
36301,0,-2,-2
36302,0,-2,-2
36303,0,-2,-2
36304,0,-2,-2
36305,1,-2,-2
36306,1,-2,-2
36307,0,-2,-2
36308,0,-2,-2
36309,1,-2,-2
36310,1,-2,-2
36311,1,-2,-2
36312,1,-2,-2
36313,1,-2,-2
36314,1,-2,-2
36315,0,-2,-2
36316,0,-2,-2
36317,0,-2,-2
36318,1,-1,-1
36319,0,-2,-2
36320,1,-2,-2
36321,0,-1,-1
36322,0,-2,-2
36323,1,-2,-2
36324,0,-2,-2
36325,0,-1,-1
36326,0,-2,-2
36327,1,-2,-2
36328,1,-1,-1
36329,0,-2,-2
36330,0,-2,-2
36331,1,-1,-1
36332,0,-2,-2
36333,1,-2,-2
36334,1,-2,-2
36335,1,-2,-2
36336,1,-2,-2
36337,1,-2,-2
36338,0,-1,-1
36339,0,-2,-2
36340,1,-2,-2
36341,1,-2,-2
36342,1,-2,-2
36343,1,-2,-2
36344,0,-2,-2
36345,1,-2,-2
36346,0,-2,-2
36347,0,-2,-2
36348,0,-2,-2
36349,1,-2,-2
36350,0,-2,-2
36351,0,-1,-1
36352,1,-2,-2
36353,0,-2,-2
36354,0,-2,-2
36355,0,-2,-2
36356,0,-2,-2
36357,1,-2,-2
36358,0,-2,-2
36359,0,-2,-2
36360,0,-2,-2
36361,0,-2,-2
36362,1,-2,-2
36363,0,-2,-2
36364,0,-2,-2
36365,0,-2,-2
36366,0,-1,-1
36367,1,-1,-1
36368,0,-2,-2
36369,1,-2,-2
36370,1,-2,-2
36371,1,-2,-2
36372,0,-2,-2
36373,1,-2,-2
36374,0,-2,-2
36375,0,-2,-2
36376,1,-2,-2
36377,0,-2,-2
36378,1,-1,-1
36379,0,-2,-2
36380,0,-2,-2
36381,0,-1,-1
36382,0,-2,-2
36383,0,-1,-1
36384,0,-2,-2
36385,1,-2,-2
36386,0,-2,-2
36387,0,-1,-1
36388,1,-2,-2
36389,0,-2,-2
36390,1,-2,-2
36391,0,-1,-1
36392,0,-1,-1
36393,0,-2,-2
36394,1,-2,-2
36395,1,-2,-2
36396,1,-2,-2
36397,1,-2,-2
36398,1,-2,-2
36399,0,-2,-2
36400,1,-2,-2
36401,0,-2,-2
36402,0,-2,-2
36403,0,-1,-1
36404,0,-2,-2
36405,1,-2,-2
36406,0,-2,-2
36407,0,-1,-1
36408,1,-2,-2
36409,1,-2,-2
36410,1,-2,-2
36411,0,-2,-2
36412,0,-2,-2
36413,1,-2,-2
36414,1,-1,-1
36415,0,-1,-1
36416,1,-2,-2
36417,1,-2,-2
36418,1,-2,-2
36419,0,-2,-2
36420,1,-2,-2
36421,1,-2,-2
36422,0,-2,-2
36423,1,-2,-2
36424,1,-2,-2
36425,1,-2,-2
36426,1,-2,-2
36427,0,-1,-1
36428,0,-2,-2
36429,1,-2,-2
36430,0,-2,-2
36431,1,-2,-2
36432,1,-2,-2
36433,1,-2,-2
36434,1,-1,-1
36435,0,-2,-2
36436,0,-2,-2
36437,1,-2,-2
36438,1,-2,-2
36439,1,-2,-2
36440,0,-2,-2
36441,1,-2,-2
36442,1,-2,-2
36443,1,-2,-2
36444,0,-2,-2
36445,0,-2,-2
36446,0,-2,-2
36447,0,-2,-2
36448,0,-2,-2
36449,1,-2,-2
36450,1,-2,-2
36451,0,-2,-2
36452,0,-1,-1
36453,0,-2,-2
36454,0,-2,-2
36455,0,-2,-2
36456,0,-2,-2
36457,1,-2,-2
36458,0,-1,-1
36459,0,-2,-2
36460,0,-2,-2
36461,0,-1,-1
36462,1,-2,-2
36463,1,-1,-1
36464,1,-2,-2
36465,1,-2,-2
36466,0,-2,-2
36467,1,-2,-2
36468,0,-2,-2
36469,0,-1,-1
36470,0,-2,-2
36471,1,-1,-1
36472,1,-2,-2
36473,1,-2,-2
36474,0,-2,-2
36475,0,-2,-2
36476,0,-2,-2
36477,0,-2,-2
36478,0,-2,-2
36479,0,-2,-2
36480,0,-2,-2
36481,1,-2,-2
36482,0,-1,-1
36483,0,-1,-1
36484,1,-2,-2
36485,1,-1,-1
36486,0,-1,-1
36487,1,-2,-2
36488,0,-2,-2
36489,1,-2,-2
36490,0,-2,-2
36491,1,-2,-2
36492,0,-2,-2
36493,0,-2,-2
36494,1,-2,-2
36495,1,-2,-2
36496,1,-2,-2
36497,0,-2,-2
36498,0,-2,-2
36499,0,-2,-2
36500,0,-1,-1
36501,1,-2,-2
36502,1,-2,-2
36503,1,-1,-1
36504,1,-2,-2
36505,0,-2,-2
36506,0,-2,-2
36507,0,-2,-2
36508,1,-1,-1
36509,0,-2,-2
36510,0,-2,-2
36511,1,-2,-2
36512,0,-2,-2
36513,1,-1,-1
36514,0,-2,-2
36515,0,-2,-2
36516,1,-2,-2
36517,1,-2,-2
36518,1,-2,-2
36519,1,-1,-1
36520,1,-2,-2
36521,1,-2,-2
36522,1,-2,-2
36523,0,-1,-1
36524,0,-2,-2
36525,0,-2,-2
36526,1,-2,-2
36527,1,-2,-2
36528,0,-2,-2
36529,0,-2,-2
36530,0,-2,-2
36531,1,-2,-2
36532,0,-1,-1
36533,1,-2,-2
36534,1,-2,-2
36535,1,-2,-2
36536,1,-1,-1
36537,1,-2,-2
36538,1,-2,-2
36539,1,-2,-2
36540,1,-2,-2
36541,0,-2,-2
36542,1,-2,-2
36543,0,-1,-1
36544,0,-1,-1
36545,1,-2,-2
36546,1,-2,-2
36547,1,-2,-2
36548,1,-2,-2
36549,0,-2,-2
36550,0,-2,-2
36551,1,-1,-1
36552,0,-2,-2
36553,0,-2,-2
36554,0,-1,-1
36555,0,-2,-2
36556,1,-2,-2
36557,0,-1,-1
36558,1,-2,-2
36559,1,-2,-2
36560,0,-2,-2
36561,1,-2,-2
36562,1,-2,-2
36563,0,-1,-1
36564,0,-1,-1
36565,0,-2,-2
36566,0,-2,-2
36567,1,-2,-2
36568,1,-1,-1
36569,0,-2,-2
36570,0,-1,-1
36571,0,-2,-2
36572,1,-1,-1
36573,0,-2,-2
36574,1,-2,-2
36575,0,-1,-1
36576,0,-2,-2
36577,0,-2,-2
36578,1,-2,-2
36579,0,-2,-2
36580,1,-2,-2
36581,0,-2,-2
36582,1,-1,-1
36583,1,-2,-2
36584,0,-2,-2
36585,1,-2,-2
36586,1,-2,-2
36587,0,-2,-2
36588,1,-2,-2
36589,0,-2,-2
36590,1,-2,-2
36591,0,-2,-2
36592,1,-2,-2
36593,0,-2,-2
36594,1,-2,-2
36595,0,-2,-2
36596,1,-2,-2
36597,0,-2,-2
36598,1,-1,-1
36599,0,-2,-2
36600,0,-2,-2
36601,1,-2,-2
36602,1,-1,-1
36603,1,-2,-2
36604,0,-2,-2
36605,1,-2,-2
36606,0,-1,-1
36607,1,-2,-2
36608,1,-2,-2
36609,1,-2,-2
36610,0,-2,-2
36611,1,-2,-2
36612,1,-2,-2
36613,0,-2,-2
36614,0,-2,-2
36615,1,-1,-1
36616,0,-2,-2
36617,0,-2,-2
36618,0,-2,-2
36619,0,-2,-2
36620,1,-2,-2
36621,1,-2,-2
36622,1,-2,-2
36623,1,-2,-2
36624,1,-2,-2
36625,1,-2,-2
36626,1,-2,-2
36627,0,-2,-2
36628,0,-2,-2
36629,0,-2,-2
36630,0,-2,-2
36631,1,-1,-1
36632,1,-2,-2
36633,0,-2,-2
36634,1,-2,-2
36635,0,-2,-2
36636,1,-2,-2
36637,0,-2,-2
36638,1,-1,-1
36639,1,-2,-2
36640,0,-2,-2
36641,0,-2,-2
36642,0,-2,-2
36643,1,-2,-2
36644,1,-2,-2
36645,0,-2,-2
36646,0,-2,-2
36647,0,-2,-2
36648,1,-2,-2
36649,1,-2,-2
36650,1,-2,-2
36651,1,-2,-2
36652,0,-2,-2
36653,1,-1,-1
36654,0,-2,-2
36655,1,-2,-2
36656,1,-2,-2
36657,0,-2,-2
36658,0,-1,-1
36659,0,-2,-2
36660,1,-2,-2
36661,0,-2,-2
36662,1,-1,-1
36663,0,-2,-2
36664,1,-2,-2
36665,0,-2,-2
36666,0,-1,-1
36667,1,-2,-2
36668,1,-1,-1
36669,0,-1,-1
36670,0,-2,-2
36671,1,-2,-2
36672,1,-2,-2
36673,1,-2,-2
36674,0,-2,-2
36675,1,-2,-2
36676,1,-2,-2
36677,1,-2,-2
36678,0,-2,-2
36679,0,-2,-2
36680,1,-2,-2
36681,0,-1,-1
36682,1,-1,-1
36683,1,-2,-2
36684,1,-1,-1
36685,1,-1,-1
36686,0,-2,-2
36687,1,-2,-2
36688,0,-1,-1
36689,0,-1,-1
36690,0,-2,-2
36691,0,-2,-2
36692,0,-2,-2
36693,0,-2,-2
36694,1,-2,-2
36695,0,-1,-1
36696,0,-2,-2
36697,0,-2,-2
36698,0,-2,-2
36699,1,-2,-2
36700,1,-1,-1
36701,0,-2,-2
36702,1,-2,-2
36703,0,-2,-2
36704,1,-2,-2
36705,1,-2,-2
36706,0,-2,-2
36707,1,-1,-1
36708,1,-2,-2
36709,0,-2,-2
36710,0,-2,-2
36711,0,-2,-2
36712,0,-1,-1
36713,1,-2,-2
36714,1,-2,-2
36715,1,-2,-2
36716,0,-2,-2
36717,1,-2,-2
36718,1,-1,-1
36719,0,-2,-2
36720,1,-2,-2
36721,1,-2,-2
36722,0,-2,-2
36723,1,-2,-2
36724,0,-2,-2
36725,0,-2,-2
36726,0,-2,-2
36727,1,-2,-2
36728,1,-2,-2
36729,0,-2,-2
36730,1,-2,-2
36731,0,-2,-2
36732,0,-1,-1
36733,1,-2,-2
36734,1,-1,-1
36735,0,-2,-2
36736,0,-2,-2
36737,0,-2,-2
36738,1,-2,-2
36739,0,-2,-2
36740,1,-2,-2
36741,0,-2,-2
36742,0,-2,-2
36743,1,-2,-2
36744,0,-2,-2
36745,0,-2,-2
36746,1,-2,-2
36747,0,-2,-2
36748,1,-2,-2
36749,1,-2,-2
36750,1,-2,-2
36751,0,-2,-2
36752,0,-2,-2
36753,0,-1,-1
36754,0,-2,-2
36755,1,-2,-2
36756,1,-2,-2
36757,1,-2,-2
36758,1,-2,-2
36759,1,-2,-2
36760,1,-2,-2
36761,1,-2,-2
36762,0,-2,-2
36763,1,-2,-2
36764,1,-2,-2
36765,0,-2,-2
36766,0,-1,-1
36767,1,-1,-1
36768,1,-2,-2
36769,0,-2,-2
36770,1,-2,-2
36771,0,-2,-2
36772,0,-2,-2
36773,0,-2,-2
36774,0,-1,-1
36775,0,-2,-2
36776,0,-2,-2
36777,0,-2,-2
36778,1,-1,-1
36779,0,-1,-1
36780,0,-2,-2
36781,0,-2,-2
36782,0,-2,-2
36783,1,-2,-2
36784,0,-2,-2
36785,1,-1,-1
36786,1,-2,-2
36787,0,-2,-2
36788,1,-2,-2
36789,0,-2,-2
36790,0,-1,-1
36791,1,-1,-1
36792,1,-2,-2
36793,0,-2,-2
36794,1,-2,-2
36795,0,-1,-1
36796,0,-2,-2
36797,1,-2,-2
36798,1,-1,-1
36799,0,-2,-2
36800,1,-2,-2
36801,1,-2,-2
36802,0,-1,-1
36803,1,-2,-2
36804,0,-2,-2
36805,0,-1,-1
36806,1,-2,-2
36807,1,-2,-2
36808,1,-2,-2
36809,1,-1,-1
36810,1,-2,-2
36811,0,-2,-2
36812,0,-2,-2
36813,1,-2,-2
36814,1,-2,-2
36815,1,-2,-2
36816,1,-2,-2
36817,0,-2,-2
36818,0,-2,-2
36819,0,-1,-1
36820,0,-1,-1
36821,1,-1,-1
36822,0,-2,-2
36823,1,-2,-2
36824,1,-2,-2
36825,0,-1,-1
36826,1,-2,-2
36827,1,-2,-2
36828,0,-2,-2
36829,1,-2,-2
36830,1,-2,-2
36831,0,-2,-2
36832,0,-1,-1
36833,0,-1,-1
36834,1,-2,-2
36835,0,-2,-2
36836,1,-2,-2
36837,0,-2,-2
36838,1,-1,-1
36839,0,-2,-2
36840,1,-2,-2
36841,1,-1,-1
36842,1,-2,-2
36843,1,-1,-1
36844,0,-2,-2
36845,1,-2,-2
36846,1,-2,-2
36847,0,-2,-2
36848,1,-1,-1
36849,0,-2,-2
36850,1,-2,-2
36851,1,-2,-2
36852,0,-1,-1
36853,0,-1,-1
36854,0,-2,-2
36855,0,-1,-1
36856,0,-2,-2
36857,1,-2,-2
36858,1,-2,-2
36859,1,-2,-2
36860,0,-2,-2
36861,0,-2,-2
36862,1,-2,-2
36863,0,-1,-1
36864,1,-2,-2
36865,1,-1,-1
36866,1,-2,-2
36867,1,-2,-2
36868,1,-2,-2
36869,0,-2,-2
36870,0,-2,-2
36871,0,-2,-2
36872,1,-1,-1
36873,1,-2,-2
36874,1,-2,-2
36875,1,-2,-2
36876,0,-1,-1
36877,0,-2,-2
36878,0,-1,-1
36879,1,-2,-2
36880,0,-2,-2
36881,0,-2,-2
36882,0,-1,-1
36883,1,-2,-2
36884,0,-2,-2
36885,1,-2,-2
36886,1,-2,-2
36887,0,-2,-2
36888,1,-2,-2
36889,0,-2,-2
36890,1,-2,-2
36891,1,-2,-2
36892,0,-2,-2
36893,1,-2,-2
36894,1,-2,-2
36895,0,-1,-1
36896,1,-2,-2
36897,0,-2,-2
36898,0,-1,-1
36899,0,-2,-2
36900,1,-2,-2
36901,1,-2,-2
36902,1,-2,-2
36903,0,-2,-2
36904,0,-2,-2
36905,1,-2,-2
36906,1,-2,-2
36907,0,-2,-2
36908,1,-2,-2
36909,1,-2,-2
36910,0,-2,-2
36911,1,-2,-2
36912,1,-2,-2
36913,0,-2,-2
36914,0,-2,-2
36915,0,-2,-2
36916,0,-2,-2
36917,0,-2,-2
36918,1,-2,-2
36919,0,-2,-2
36920,1,-1,-1
36921,0,-2,-2
36922,0,-1,-1
36923,1,-2,-2
36924,0,-2,-2
36925,0,-2,-2
36926,1,-2,-2
36927,0,-2,-2
36928,0,-1,-1
36929,0,-2,-2
36930,1,-2,-2
36931,0,-2,-2
36932,1,-2,-2
36933,0,-1,-1
36934,0,-2,-2
36935,1,-1,-1
36936,0,-2,-2
36937,0,-2,-2
36938,0,-1,-1
36939,0,-2,-2
36940,0,-2,-2
36941,0,-2,-2
36942,1,-1,-1
36943,0,-2,-2
36944,0,-2,-2
36945,0,-1,-1
36946,1,-2,-2
36947,1,-2,-2
36948,1,-2,-2
36949,0,-2,-2
36950,1,-2,-2
36951,1,-2,-2
36952,1,-2,-2
36953,0,-2,-2
36954,1,-2,-2
36955,0,-1,-1
36956,0,-2,-2
36957,0,-2,-2
36958,0,-2,-2
36959,0,-2,-2
36960,1,-2,-2
36961,1,-2,-2
36962,1,-1,-1
36963,1,-2,-2
36964,1,-2,-2
36965,0,-2,-2
36966,1,-1,-1
36967,0,-1,-1
36968,0,-2,-2
36969,0,-2,-2
36970,1,-2,-2
36971,1,-2,-2
36972,0,-2,-2
36973,0,-1,-1
36974,0,-1,-1
36975,1,-2,-2
36976,1,-2,-2
36977,1,-2,-2
36978,1,-2,-2
36979,1,-2,-2
36980,0,-1,-1
36981,0,-2,-2
36982,0,-2,-2
36983,1,-2,-2
36984,0,-2,-2
36985,0,-2,-2
36986,0,-2,-2
36987,0,-2,-2
36988,1,-2,-2
36989,1,-2,-2
36990,1,-2,-2
36991,0,-1,-1
36992,0,-2,-2
36993,1,-2,-2
36994,1,-1,-1
36995,0,-1,-1
36996,1,-2,-2
36997,0,-2,-2
36998,1,-2,-2
36999,1,-2,-2
37000,0,-2,-2
37001,0,-2,-2
37002,1,-2,-2
37003,1,-2,-2
37004,0,-1,-1
37005,0,-1,-1
37006,0,-2,-2
37007,0,-1,-1
37008,1,-2,-2
37009,1,-2,-2
37010,0,-2,-2
37011,1,-2,-2
37012,0,-2,-2
37013,0,-2,-2
37014,1,-2,-2
37015,0,-2,-2
37016,0,-1,-1
37017,1,-2,-2
37018,0,-2,-2
37019,1,-2,-2
37020,0,-2,-2
37021,0,-2,-2
37022,0,-2,-2
37023,0,-2,-2
37024,0,-2,-2
37025,1,-2,-2
37026,0,-2,-2
37027,0,-2,-2
37028,1,-2,-2
37029,0,-1,-1
37030,1,-2,-2
37031,1,-2,-2
37032,0,-2,-2
37033,0,-2,-2
37034,0,-2,-2
37035,1,-1,-1
37036,1,-2,-2
37037,1,-2,-2
37038,0,-2,-2
37039,1,-1,-1
37040,1,-2,-2
37041,1,-2,-2
37042,1,-1,-1
37043,1,-2,-2
37044,0,-2,-2
37045,1,-2,-2
37046,1,-1,-1
37047,1,-2,-2
37048,1,-2,-2
37049,0,-2,-2
37050,0,-2,-2
37051,1,-1,-1
37052,1,-1,-1
37053,1,-2,-2
37054,0,-2,-2
37055,0,-2,-2
37056,0,-2,-2
37057,0,-2,-2
37058,0,-1,-1
37059,1,-2,-2
37060,1,-2,-2
37061,0,-2,-2
37062,1,-1,-1
37063,0,-2,-2
37064,0,-2,-2
37065,1,-2,-2
37066,1,-2,-2
37067,1,-2,-2
37068,1,-2,-2
37069,1,-2,-2
37070,1,-2,-2
37071,1,-2,-2
37072,0,-2,-2
37073,0,-2,-2
37074,1,-1,-1
37075,1,-2,-2
37076,1,-2,-2
37077,1,-2,-2
37078,0,-2,-2
37079,0,-2,-2
37080,0,-2,-2
37081,1,-1,-1
37082,1,-1,-1
37083,1,-2,-2
37084,0,-1,-1
37085,0,-2,-2
37086,0,-2,-2
37087,0,-2,-2
37088,0,-2,-2
37089,1,-2,-2
37090,1,-2,-2
37091,1,-2,-2
37092,1,-2,-2
37093,1,-2,-2
37094,0,-2,-2
37095,0,-2,-2
37096,1,-1,-1
37097,0,-1,-1
37098,1,-2,-2
37099,0,-2,-2
37100,1,-2,-2
37101,0,-2,-2
37102,0,-2,-2
37103,0,-2,-2
37104,0,-1,-1
37105,0,-2,-2
37106,0,-2,-2
37107,1,-2,-2
37108,0,-2,-2
37109,1,-2,-2
37110,0,-2,-2
37111,1,-2,-2
37112,1,-2,-2
37113,1,-2,-2
37114,1,-2,-2
37115,1,-2,-2
37116,0,-2,-2
37117,0,-2,-2
37118,0,-1,-1
37119,1,-2,-2
37120,0,-2,-2
37121,0,-2,-2
37122,1,-2,-2
37123,0,-1,-1
37124,0,-2,-2
37125,1,-2,-2
37126,1,-1,-1
37127,1,-2,-2
37128,0,-2,-2
37129,1,-1,-1
37130,0,-2,-2
37131,1,-2,-2
37132,1,-2,-2
37133,0,-2,-2
37134,0,-2,-2
37135,0,-1,-1
37136,0,-2,-2
37137,1,-2,-2
37138,1,-1,-1
37139,1,-2,-2
37140,1,-1,-1
37141,1,-2,-2
37142,1,-2,-2
37143,1,-2,-2
37144,0,-2,-2
37145,1,-2,-2
37146,0,-2,-2
37147,1,-2,-2
37148,1,-1,-1
37149,1,-2,-2
37150,1,-1,-1
37151,0,-2,-2
37152,0,-2,-2
37153,1,-2,-2
37154,0,-2,-2
37155,0,-2,-2
37156,0,-1,-1
37157,0,-2,-2
37158,1,-2,-2
37159,0,-2,-2
37160,1,-2,-2
37161,0,-2,-2
37162,1,-1,-1
37163,1,-1,-1
37164,0,-1,-1
37165,0,-2,-2
37166,1,-2,-2
37167,0,-2,-2
37168,1,-2,-2
37169,0,-2,-2
37170,1,-2,-2
37171,0,-2,-2
37172,0,-1,-1
37173,1,-2,-2
37174,1,-2,-2
37175,0,-1,-1
37176,0,-2,-2
37177,0,-2,-2
37178,1,-2,-2
37179,0,-2,-2
37180,0,-2,-2
37181,1,-1,-1
37182,0,-2,-2
37183,1,-2,-2
37184,0,-1,-1
37185,1,-2,-2
37186,1,-2,-2
37187,1,-2,-2
37188,0,-2,-2
37189,1,-1,-1
37190,1,-2,-2
37191,0,-1,-1
37192,1,-2,-2
37193,1,-1,-1
37194,0,-2,-2
37195,1,-2,-2
37196,0,-2,-2
37197,0,-2,-2
37198,0,-1,-1
37199,0,-2,-2
37200,0,-2,-2
37201,1,-2,-2
37202,1,-2,-2
37203,0,-2,-2
37204,0,-2,-2
37205,0,-2,-2
37206,0,-2,-2
37207,0,-2,-2
37208,0,-1,-1
37209,1,-1,-1
37210,0,-2,-2
37211,1,-2,-2
37212,0,-2,-2
37213,1,-1,-1
37214,1,-2,-2
37215,0,-2,-2
37216,1,-2,-2
37217,0,-2,-2
37218,0,-2,-2
37219,1,-1,-1
37220,0,-2,-2
37221,0,-2,-2
37222,1,-2,-2
37223,0,-2,-2
37224,1,-2,-2
37225,1,-1,-1
37226,0,-2,-2
37227,0,-2,-2
37228,1,-2,-2
37229,0,-2,-2
37230,1,-2,-2
37231,1,-1,-1
37232,0,-2,-2
37233,0,-2,-2
37234,0,-2,-2
37235,1,-2,-2
37236,0,-1,-1
37237,0,-2,-2
37238,0,-2,-2
37239,0,-2,-2
37240,1,-1,-1
37241,1,-2,-2
37242,1,-2,-2
37243,1,-2,-2
37244,1,-2,-2
37245,1,-2,-2
37246,0,-2,-2
37247,1,-2,-2
37248,1,-2,-2
37249,0,-2,-2
37250,1,-2,-2
37251,1,-1,-1
37252,1,-1,-1
37253,1,-2,-2
37254,1,-2,-2
37255,0,-1,-1
37256,1,-2,-2
37257,0,-2,-2
37258,1,-2,-2
37259,1,-2,-2
37260,0,-1,-1
37261,0,-2,-2
37262,1,-1,-1
37263,1,-1,-1
37264,1,-2,-2
37265,0,-1,-1
37266,0,-2,-2
37267,0,-2,-2
37268,1,-2,-2
37269,0,-2,-2
37270,1,-2,-2
37271,1,-2,-2
37272,1,-2,-2
37273,1,-2,-2
37274,0,-2,-2
37275,1,-2,-2
37276,0,-2,-2
37277,1,-2,-2
37278,1,-1,-1
37279,0,-1,-1
37280,0,-2,-2
37281,1,-1,-1
37282,1,-2,-2
37283,0,-2,-2
37284,1,-2,-2
37285,1,-2,-2
37286,0,-2,-2
37287,0,-2,-2
37288,0,-2,-2
37289,1,-1,-1
37290,0,-2,-2
37291,0,-1,-1
37292,0,-2,-2
37293,0,-2,-2
37294,0,-2,-2
37295,1,-2,-2
37296,1,-1,-1
37297,0,-1,-1
37298,0,-1,-1
37299,0,-1,-1
37300,1,-2,-2
37301,1,-2,-2
37302,0,-2,-2
37303,1,-2,-2
37304,1,-1,-1
37305,1,-1,-1
37306,0,-1,-1
37307,1,-2,-2
37308,0,-2,-2
37309,0,-2,-2
37310,0,-2,-2
37311,1,-2,-2
37312,1,-2,-2
37313,0,-2,-2
37314,1,-2,-2
37315,0,-2,-2
37316,1,-2,-2
37317,0,-1,-1
37318,1,-2,-2
37319,0,-2,-2
37320,0,-2,-2
37321,1,-2,-2
37322,0,-2,-2
37323,0,-2,-2
37324,0,-2,-2
37325,1,-2,-2
37326,0,-2,-2
37327,1,-2,-2
37328,0,-1,-1
37329,0,-2,-2
37330,0,-2,-2
37331,0,-2,-2
37332,1,-2,-2
37333,1,-2,-2
37334,0,-1,-1
37335,0,-2,-2
37336,1,-2,-2
37337,0,-2,-2
37338,0,-2,-2
37339,1,-2,-2
37340,1,-2,-2
37341,1,-2,-2
37342,1,-1,-1
37343,0,-2,-2
37344,1,-1,-1
37345,0,-2,-2
37346,0,-2,-2
37347,0,-2,-2
37348,0,-2,-2
37349,0,-2,-2
37350,1,-2,-2
37351,0,-2,-2
37352,0,-2,-2
37353,0,-2,-2
37354,1,-2,-2
37355,1,-1,-1
37356,1,-2,-2
37357,1,-2,-2
37358,0,-2,-2
37359,1,-2,-2
37360,1,-2,-2
37361,0,-2,-2
37362,0,-2,-2
37363,0,-2,-2
37364,0,-2,-2
37365,1,-2,-2
37366,1,-2,-2
37367,0,-2,-2
37368,0,-1,-1
37369,1,-2,-2
37370,1,-2,-2
37371,0,-2,-2
37372,1,-2,-2
37373,1,-1,-1
37374,0,-2,-2
37375,1,-2,-2
37376,0,-2,-2
37377,0,-2,-2
37378,0,-1,-1
37379,1,-2,-2
37380,0,-2,-2
37381,0,-1,-1
37382,0,-2,-2
37383,1,-2,-2
37384,0,-2,-2
37385,1,-1,-1
37386,0,-1,-1
37387,1,-2,-2
37388,1,-2,-2
37389,0,-2,-2
37390,1,-1,-1
37391,1,-2,-2
37392,0,-1,-1
37393,0,-2,-2
37394,0,-2,-2
37395,1,-2,-2
37396,1,-2,-2
37397,1,-2,-2
37398,0,-2,-2
37399,0,-1,-1
37400,0,-2,-2
37401,1,-2,-2
37402,1,-2,-2
37403,0,-2,-2
37404,0,-1,-1
37405,1,-2,-2
37406,0,-2,-2
37407,0,-1,-1
37408,1,-2,-2
37409,0,-1,-1
37410,0,-2,-2
37411,1,-2,-2
37412,1,-2,-2
37413,0,-2,-2
37414,1,-2,-2
37415,0,-2,-2
37416,1,-2,-2
37417,1,-2,-2
37418,0,-2,-2
37419,0,-1,-1
37420,1,-2,-2
37421,1,-2,-2
37422,1,-2,-2
37423,1,-1,-1
37424,1,-2,-2
37425,0,-2,-2
37426,0,-2,-2
37427,0,-2,-2
37428,0,-1,-1
37429,0,-2,-2
37430,0,-2,-2
37431,0,-2,-2
37432,1,-2,-2
37433,1,-2,-2
37434,0,-2,-2
37435,0,-2,-2
37436,1,-2,-2
37437,1,-2,-2
37438,0,-2,-2
37439,0,-2,-2
37440,1,-2,-2
37441,0,-2,-2
37442,0,-2,-2
37443,0,-2,-2
37444,1,-1,-1
37445,1,-2,-2
37446,0,-2,-2
37447,1,-2,-2
37448,1,-2,-2
37449,1,-2,-2
37450,1,-2,-2
37451,1,-2,-2
37452,0,-2,-2
37453,1,-2,-2
37454,1,-1,-1
37455,0,-2,-2
37456,0,-1,-1
37457,0,-1,-1
37458,1,-2,-2
37459,0,-1,-1
37460,1,-1,-1
37461,1,-2,-2
37462,0,-2,-2
37463,1,-2,-2
37464,0,-2,-2
37465,1,-2,-2
37466,1,-2,-2
37467,0,-2,-2
37468,1,-2,-2
37469,0,-2,-2
37470,0,-2,-2
37471,0,-2,-2
37472,1,-2,-2
37473,1,-2,-2
37474,1,-1,-1
37475,0,-2,-2
37476,1,-2,-2
37477,0,-2,-2
37478,1,-2,-2
37479,1,-2,-2
37480,0,-1,-1
37481,1,-2,-2
37482,0,-1,-1
37483,1,-2,-2
37484,0,-2,-2
37485,0,-2,-2
37486,1,-2,-2
37487,1,-2,-2
37488,0,-1,-1
37489,0,-2,-2
37490,1,-2,-2
37491,0,-2,-2
37492,1,-2,-2
37493,0,-1,-1
37494,1,-2,-2
37495,0,-1,-1
37496,0,-2,-2
37497,1,-2,-2
37498,1,-2,-2
37499,0,-2,-2
37500,1,-2,-2
37501,0,-2,-2
37502,1,-2,-2
37503,0,-2,-2
37504,0,-2,-2
37505,0,-2,-2
37506,0,-2,-2
37507,1,-2,-2
37508,1,-2,-2
37509,1,-1,-1
37510,1,-2,-2
37511,1,-2,-2
37512,1,-1,-1
37513,1,-2,-2
37514,0,-2,-2
37515,1,-2,-2
37516,0,-2,-2
37517,1,-1,-1
37518,1,-2,-2
37519,1,-2,-2
37520,0,-1,-1
37521,1,-2,-2
37522,1,-2,-2
37523,1,-2,-2
37524,1,-2,-2
37525,0,-2,-2
37526,1,-2,-2
37527,0,-1,-1
37528,1,-2,-2
37529,0,-2,-2
37530,0,-2,-2
37531,1,-1,-1
37532,1,-2,-2
37533,1,-2,-2
37534,1,-2,-2
37535,1,-2,-2
37536,1,-2,-2
37537,1,-1,-1
37538,0,-2,-2
37539,0,-1,-1
37540,1,-2,-2
37541,1,-2,-2
37542,1,-2,-2
37543,0,-2,-2
37544,0,-2,-2
37545,1,-2,-2
37546,1,-1,-1
37547,1,-2,-2
37548,0,-2,-2
37549,0,-2,-2
37550,1,-1,-1
37551,0,-1,-1
37552,0,-1,-1
37553,1,-2,-2
37554,0,-2,-2
37555,1,-2,-2
37556,1,-2,-2
37557,0,-1,-1
37558,0,-2,-2
37559,1,-2,-2
37560,0,-2,-2
37561,1,-2,-2
37562,0,-1,-1
37563,1,-2,-2
37564,1,-2,-2
37565,0,-2,-2
37566,1,-2,-2
37567,1,-2,-2
37568,0,-2,-2
37569,1,-2,-2
37570,1,-2,-2
37571,0,-1,-1
37572,1,-2,-2
37573,1,-2,-2
37574,0,-2,-2
37575,0,-2,-2
37576,1,-1,-1
37577,0,-2,-2
37578,1,-2,-2
37579,1,-2,-2
37580,1,-2,-2
37581,1,-2,-2
37582,1,-2,-2
37583,1,-2,-2
37584,1,-2,-2
37585,0,-2,-2
37586,0,-2,-2
37587,0,-1,-1
37588,0,-2,-2
37589,0,-2,-2
37590,1,-2,-2
37591,1,-1,-1
37592,0,-2,-2
37593,0,-2,-2
37594,0,-2,-2
37595,1,-2,-2
37596,0,-1,-1
37597,1,-2,-2
37598,0,-2,-2
37599,0,-1,-1
37600,1,-2,-2
37601,1,-2,-2
37602,1,-2,-2
37603,1,-2,-2
37604,0,-2,-2
37605,1,-2,-2
37606,0,-2,-2
37607,1,-2,-2
37608,0,-1,-1
37609,1,-2,-2
37610,1,-2,-2
37611,0,-2,-2
37612,1,-2,-2
37613,1,-2,-2
37614,1,-1,-1
37615,1,-2,-2
37616,0,-1,-1
37617,1,-2,-2
37618,1,-2,-2
37619,0,-2,-2
37620,1,-2,-2
37621,1,-2,-2
37622,0,-2,-2
37623,0,-1,-1
37624,1,-2,-2
37625,0,-2,-2
37626,1,-2,-2
37627,1,-2,-2
37628,0,-2,-2
37629,0,-2,-2
37630,1,-1,-1
37631,0,-2,-2
37632,0,-2,-2
37633,1,-2,-2
37634,1,-1,-1
37635,1,-2,-2
37636,0,-2,-2
37637,1,-2,-2
37638,0,-2,-2
37639,0,-2,-2
37640,1,-2,-2
37641,1,-1,-1
37642,0,-2,-2
37643,0,-2,-2
37644,0,-2,-2
37645,0,-1,-1
37646,1,-2,-2
37647,1,-2,-2
37648,1,-2,-2
37649,1,-2,-2
37650,1,-2,-2
37651,1,-2,-2
37652,1,-1,-1
37653,0,-2,-2
37654,0,-2,-2
37655,1,-2,-2
37656,1,-2,-2
37657,1,-1,-1
37658,0,-2,-2
37659,0,-1,-1
37660,0,-2,-2
37661,1,-1,-1
37662,0,-2,-2
37663,1,-2,-2
37664,0,-2,-2
37665,1,-1,-1
37666,1,-1,-1
37667,0,-2,-2
37668,1,-2,-2
37669,1,-2,-2
37670,0,-2,-2
37671,1,-2,-2
37672,1,-2,-2
37673,0,-2,-2
37674,1,-1,-1
37675,1,-2,-2
37676,0,-2,-2
37677,0,-2,-2
37678,1,-2,-2
37679,0,-2,-2
37680,0,-2,-2
37681,0,-2,-2
37682,0,-2,-2
37683,0,-2,-2
37684,0,-2,-2
37685,0,-2,-2
37686,1,-1,-1
37687,0,-2,-2
37688,0,-2,-2
37689,1,-1,-1
37690,0,-2,-2
37691,0,-1,-1
37692,1,-2,-2
37693,0,-2,-2
37694,1,-2,-2
37695,0,-2,-2
37696,1,-1,-1
37697,1,-2,-2
37698,1,-1,-1
37699,1,-2,-2
37700,0,-2,-2
37701,1,-2,-2
37702,1,-2,-2
37703,0,-2,-2
37704,0,-2,-2
37705,0,-2,-2
37706,0,-2,-2
37707,0,-1,-1
37708,1,-1,-1
37709,1,-2,-2
37710,0,-2,-2
37711,1,-2,-2
37712,0,-2,-2
37713,1,-2,-2
37714,1,-1,-1
37715,1,-2,-2
37716,1,-2,-2
37717,0,-1,-1
37718,0,-2,-2
37719,1,-2,-2
37720,1,-2,-2
37721,0,-2,-2
37722,0,-2,-2
37723,0,-2,-2
37724,1,-2,-2
37725,1,-2,-2
37726,0,-2,-2
37727,0,-2,-2
37728,0,-1,-1
37729,0,-1,-1
37730,0,-1,-1
37731,0,-2,-2
37732,0,-2,-2
37733,0,-1,-1
37734,0,-2,-2
37735,0,-1,-1
37736,1,-1,-1
37737,1,-2,-2
37738,0,-2,-2
37739,0,-2,-2
37740,1,-2,-2
37741,1,-1,-1
37742,1,-2,-2
37743,0,-2,-2
37744,1,-2,-2
37745,0,-2,-2
37746,1,-2,-2
37747,0,-2,-2
37748,0,-2,-2
37749,1,-2,-2
37750,0,-1,-1
37751,1,-2,-2
37752,0,-2,-2
37753,0,-2,-2
37754,0,-2,-2
37755,1,-2,-2
37756,0,-2,-2
37757,0,-1,-1
37758,0,-2,-2
37759,0,-2,-2
37760,1,-2,-2
37761,1,-2,-2
37762,1,-2,-2
37763,1,-2,-2
37764,1,-2,-2
37765,1,-2,-2
37766,0,-2,-2
37767,0,-2,-2
37768,1,-2,-2
37769,1,-2,-2
37770,1,-1,-1
37771,1,-2,-2
37772,0,-2,-2
37773,1,-2,-2
37774,0,-2,-2
37775,1,-2,-2
37776,0,-2,-2
37777,0,-1,-1
37778,0,-2,-2
37779,0,-1,-1
37780,1,-2,-2
37781,1,-2,-2
37782,1,-2,-2
37783,1,-2,-2
37784,0,-2,-2
37785,0,-2,-2
37786,1,-1,-1
37787,1,-2,-2
37788,0,-2,-2
37789,1,-2,-2
37790,1,-1,-1
37791,0,-1,-1
37792,1,-2,-2
37793,1,-2,-2
37794,1,-2,-2
37795,1,-2,-2
37796,0,-2,-2
37797,1,-2,-2
37798,1,-1,-1
37799,1,-2,-2
37800,0,-2,-2
37801,0,-1,-1
37802,1,-2,-2
37803,0,-2,-2
37804,0,-2,-2
37805,0,-1,-1
37806,1,-2,-2
37807,1,-2,-2
37808,1,-1,-1
37809,1,-2,-2
37810,1,-1,-1
37811,1,-2,-2
37812,0,-1,-1
37813,1,-2,-2
37814,1,-2,-2
37815,1,-2,-2
37816,1,-2,-2
37817,0,-2,-2
37818,1,-2,-2
37819,0,-2,-2
37820,1,-2,-2
37821,0,-2,-2
37822,1,-2,-2
37823,0,-2,-2
37824,0,-2,-2
37825,1,-2,-2
37826,0,-2,-2
37827,1,-2,-2
37828,0,-2,-2
37829,1,-2,-2
37830,1,-1,-1
37831,0,-2,-2
37832,0,-2,-2
37833,0,-1,-1
37834,0,-2,-2
37835,1,-2,-2
37836,1,-2,-2
37837,1,-2,-2
37838,0,-1,-1
37839,1,-1,-1
37840,0,-1,-1
37841,1,-2,-2
37842,1,-2,-2
37843,0,-1,-1
37844,1,-2,-2
37845,1,-2,-2
37846,1,-2,-2
37847,0,-2,-2
37848,1,-2,-2
37849,0,-2,-2
37850,0,-2,-2
37851,0,-2,-2
37852,0,-2,-2
37853,1,-2,-2
37854,1,-1,-1
37855,1,-1,-1
37856,0,-2,-2
37857,0,-2,-2
37858,0,-1,-1
37859,0,-2,-2
37860,1,-2,-2
37861,0,-1,-1
37862,0,-2,-2
37863,1,-2,-2
37864,0,-2,-2
37865,0,-2,-2
37866,0,-2,-2
37867,0,-2,-2
37868,1,-2,-2
37869,1,-1,-1
37870,1,-2,-2
37871,0,-2,-2
37872,1,-2,-2
37873,0,-2,-2
37874,1,-1,-1
37875,0,-2,-2
37876,0,-2,-2
37877,0,-2,-2
37878,0,-2,-2
37879,0,-2,-2
37880,1,-2,-2
37881,0,-2,-2
37882,1,-2,-2
37883,0,-2,-2
37884,1,-1,-1
37885,0,-2,-2
37886,1,-1,-1
37887,0,-2,-2
37888,1,-2,-2
37889,0,-2,-2
37890,0,-2,-2
37891,1,-2,-2
37892,0,-2,-2
37893,0,-2,-2
37894,1,-1,-1
37895,0,-2,-2
37896,0,-2,-2
37897,1,-2,-2
37898,1,-2,-2
37899,0,-2,-2
37900,0,-2,-2
37901,0,-2,-2
37902,0,-1,-1
37903,1,-1,-1
37904,1,-2,-2
37905,0,-2,-2
37906,0,-2,-2
37907,0,-2,-2
37908,1,-2,-2
37909,1,-2,-2
37910,1,-2,-2
37911,1,-2,-2
37912,0,-2,-2
37913,0,-2,-2
37914,0,-2,-2
37915,1,-2,-2
37916,0,-2,-2
37917,1,-2,-2
37918,1,-2,-2
37919,1,-1,-1
37920,1,-2,-2
37921,1,-2,-2
37922,0,-1,-1
37923,1,-2,-2
37924,0,-2,-2
37925,0,-2,-2
37926,0,-2,-2
37927,1,-1,-1
37928,1,-2,-2
37929,0,-2,-2
37930,1,-2,-2
37931,0,-2,-2
37932,1,-2,-2
37933,1,-2,-2
37934,0,-2,-2
37935,1,-2,-2
37936,0,-2,-2
37937,1,-2,-2
37938,1,-2,-2
37939,1,-2,-2
37940,0,-1,-1
37941,1,-2,-2
37942,0,-1,-1
37943,0,-2,-2
37944,1,-2,-2
37945,0,-2,-2
37946,0,-2,-2
37947,1,-1,-1
37948,1,-2,-2
37949,1,-2,-2
37950,1,-2,-2
37951,1,-2,-2
37952,1,-2,-2
37953,1,-2,-2
37954,1,-2,-2
37955,0,-2,-2
37956,0,-2,-2
37957,0,-1,-1
37958,0,-1,-1
37959,0,-2,-2
37960,1,-2,-2
37961,0,-2,-2
37962,0,-2,-2
37963,1,-1,-1
37964,0,-2,-2
37965,1,-1,-1
37966,1,-2,-2
37967,0,-2,-2
37968,0,-2,-2
37969,1,-2,-2
37970,0,-2,-2
37971,1,-2,-2
37972,1,-2,-2
37973,0,-2,-2
37974,0,-2,-2
37975,1,-1,-1
37976,1,-1,-1
37977,1,-1,-1
37978,0,-2,-2
37979,0,-2,-2
37980,0,-1,-1
37981,1,-2,-2
37982,1,-1,-1
37983,0,-2,-2
37984,1,-2,-2
37985,0,-2,-2
37986,0,-2,-2
37987,1,-1,-1
37988,1,-2,-2
37989,1,-2,-2
37990,0,-2,-2
37991,1,-2,-2
37992,0,-2,-2
37993,1,-2,-2
37994,0,-2,-2
37995,1,-1,-1
37996,0,-2,-2
37997,1,-2,-2
37998,1,-2,-2
37999,1,-2,-2
38000,0,-2,-2
38001,0,-2,-2
38002,1,-2,-2
38003,1,-2,-2
38004,0,-1,-1
38005,0,-2,-2
38006,1,-2,-2
38007,1,-2,-2
38008,1,-2,-2
38009,1,-2,-2
38010,1,-2,-2
38011,1,-2,-2
38012,0,-2,-2
38013,1,-2,-2
38014,1,-2,-2
38015,0,-1,-1
38016,1,-1,-1
38017,1,-2,-2
38018,1,-1,-1
38019,0,-1,-1
38020,0,-2,-2
38021,1,-2,-2
38022,0,-1,-1
38023,1,-2,-2
38024,0,-2,-2
38025,0,-2,-2
38026,1,-2,-2
38027,0,-1,-1
38028,1,-2,-2
38029,1,-1,-1
38030,1,-2,-2
38031,0,-2,-2
38032,0,-2,-2
38033,1,-2,-2
38034,0,-2,-2
38035,1,-2,-2
38036,0,-2,-2
38037,1,-1,-1
38038,1,-2,-2
38039,1,-2,-2
38040,1,-1,-1
38041,1,-2,-2
38042,1,-1,-1
38043,1,-2,-2
38044,1,-2,-2
38045,0,-2,-2
38046,1,-2,-2
38047,0,-2,-2
38048,1,-1,-1
38049,0,-1,-1
38050,0,-2,-2
38051,0,-2,-2
38052,1,-2,-2
38053,0,-2,-2
38054,0,-2,-2
38055,1,-1,-1
38056,0,-2,-2
38057,0,-1,-1
38058,1,-2,-2
38059,1,-2,-2
38060,1,-2,-2
38061,0,-1,-1
38062,1,-2,-2
38063,0,-2,-2
38064,0,-2,-2
38065,1,-2,-2
38066,0,-2,-2
38067,0,-2,-2
38068,0,-2,-2
38069,0,-2,-2
38070,0,-2,-2
38071,1,-2,-2
38072,0,-2,-2
38073,1,-2,-2
38074,1,-2,-2
38075,1,-2,-2
38076,0,-2,-2
38077,0,-2,-2
38078,0,-2,-2
38079,0,-2,-2
38080,0,-1,-1
38081,0,-1,-1
38082,0,-2,-2
38083,1,-1,-1
38084,0,-2,-2
38085,1,-1,-1
38086,0,-2,-2
38087,0,-1,-1
38088,0,-2,-2
38089,0,-2,-2
38090,0,-2,-2
38091,1,-2,-2
38092,1,-2,-2
38093,1,-2,-2
38094,0,-2,-2
38095,1,-2,-2
38096,1,-2,-2
38097,1,-2,-2
38098,1,-2,-2
38099,1,-1,-1
38100,0,-1,-1
38101,1,-2,-2
38102,1,-2,-2
38103,1,-2,-2
38104,1,-2,-2
38105,0,-1,-1
38106,0,-2,-2
38107,0,-1,-1
38108,0,-2,-2
38109,0,-2,-2
38110,1,-2,-2
38111,1,-1,-1
38112,0,-1,-1
38113,1,-2,-2
38114,1,-2,-2
38115,1,-2,-2
38116,0,-2,-2
38117,1,-2,-2
38118,0,-1,-1
38119,1,-2,-2
38120,1,-2,-2
38121,0,-2,-2
38122,1,-2,-2
38123,0,-2,-2
38124,0,-2,-2
38125,0,-2,-2
38126,0,-2,-2
38127,1,-2,-2
38128,1,-2,-2
38129,1,-2,-2
38130,1,-2,-2
38131,1,-2,-2
38132,0,-2,-2
38133,1,-2,-2
38134,0,-2,-2
38135,1,-2,-2
38136,0,-2,-2
38137,0,-2,-2
38138,1,-2,-2
38139,1,-2,-2
38140,1,-2,-2
38141,0,-2,-2
38142,0,-2,-2
38143,1,-2,-2
38144,0,-2,-2
38145,1,-2,-2
38146,0,-2,-2
38147,0,-1,-1
38148,0,-2,-2
38149,1,-1,-1
38150,0,-2,-2
38151,0,-1,-1
38152,0,-1,-1
38153,1,-1,-1
38154,0,-1,-1
38155,1,-2,-2
38156,1,-2,-2
38157,0,-2,-2
38158,1,-2,-2
38159,1,-2,-2
38160,1,-1,-1
38161,1,-2,-2
38162,0,-2,-2
38163,0,-1,-1
38164,0,-2,-2
38165,0,-1,-1
38166,0,-2,-2
38167,0,-2,-2
38168,1,-2,-2
38169,0,-1,-1
38170,0,-2,-2
38171,0,-2,-2
38172,0,-2,-2
38173,1,-2,-2
38174,0,-2,-2
38175,0,-2,-2
38176,1,-2,-2
38177,1,-2,-2
38178,1,-1,-1
38179,1,-2,-2
38180,1,-2,-2
38181,1,-2,-2
38182,1,-2,-2
38183,0,-2,-2
38184,1,-2,-2
38185,1,-2,-2
38186,0,-2,-2
38187,1,-2,-2
38188,1,-1,-1
38189,1,-2,-2
38190,0,-1,-1
38191,1,-1,-1
38192,1,-2,-2
38193,1,-2,-2
38194,0,-2,-2
38195,0,-2,-2
38196,0,-2,-2
38197,1,-2,-2
38198,0,-2,-2
38199,0,-2,-2
38200,1,-2,-2
38201,0,-2,-2
38202,0,-2,-2
38203,1,-2,-2
38204,0,-2,-2
38205,0,-2,-2
38206,0,-2,-2
38207,0,-2,-2
38208,1,-2,-2
38209,1,-2,-2
38210,0,-2,-2
38211,0,-2,-2
38212,0,-2,-2
38213,1,-2,-2
38214,1,-2,-2
38215,1,-2,-2
38216,0,-1,-1
38217,1,-1,-1
38218,1,-2,-2
38219,1,-2,-2
38220,1,-1,-1
38221,0,-2,-2
38222,1,-2,-2
38223,0,-2,-2
38224,1,-1,-1
38225,1,-2,-2
38226,1,-2,-2
38227,0,-1,-1
38228,0,-2,-2
38229,1,-2,-2
38230,0,-2,-2
38231,1,-1,-1
38232,1,-2,-2
38233,1,-2,-2
38234,1,-2,-2
38235,1,-2,-2
38236,1,-2,-2
38237,1,-2,-2
38238,0,-2,-2
38239,1,-2,-2
38240,1,-2,-2
38241,0,-2,-2
38242,0,-2,-2
38243,0,-2,-2
38244,1,-1,-1
38245,0,-2,-2
38246,1,-1,-1
38247,1,-2,-2
38248,1,-2,-2
38249,0,-1,-1
38250,0,-2,-2
38251,1,-1,-1
38252,1,-2,-2
38253,0,-2,-2
38254,0,-2,-2
38255,0,-1,-1
38256,0,-2,-2
38257,0,-2,-2
38258,1,-1,-1
38259,0,-2,-2
38260,0,-2,-2
38261,1,-2,-2
38262,0,-1,-1
38263,1,-2,-2
38264,1,-2,-2
38265,0,-2,-2
38266,1,-1,-1
38267,0,-1,-1
38268,1,-2,-2
38269,1,-2,-2
38270,1,-1,-1
38271,0,-2,-2
38272,0,-2,-2
38273,1,-2,-2
38274,1,-2,-2
38275,1,-2,-2
38276,0,-2,-2
38277,0,-2,-2
38278,1,-2,-2
38279,1,-2,-2
38280,1,-2,-2
38281,0,-2,-2
38282,1,-2,-2
38283,0,-2,-2
38284,1,-2,-2
38285,0,-2,-2
38286,0,-2,-2
38287,0,-2,-2
38288,0,-2,-2
38289,1,-2,-2
38290,0,-2,-2
38291,1,-2,-2
38292,0,-2,-2
38293,0,-1,-1
38294,0,-2,-2
38295,1,-2,-2
38296,0,-1,-1
38297,0,-2,-2
38298,1,-2,-2
38299,1,-2,-2
38300,1,-2,-2
38301,1,-2,-2
38302,0,-2,-2
38303,0,-2,-2
38304,1,-1,-1
38305,0,-2,-2
38306,0,-2,-2
38307,1,-1,-1
38308,1,-2,-2
38309,1,-2,-2
38310,0,-2,-2
38311,0,-2,-2
38312,0,-2,-2
38313,1,-2,-2
38314,1,-2,-2
38315,0,-2,-2
38316,1,-1,-1
38317,1,-2,-2
38318,0,-2,-2
38319,1,-2,-2
38320,1,-2,-2
38321,1,-1,-1
38322,1,-1,-1
38323,0,-2,-2
38324,0,-2,-2
38325,1,-1,-1
38326,1,-2,-2
38327,0,-2,-2
38328,0,-2,-2
38329,1,-2,-2
38330,0,-2,-2
38331,0,-2,-2
38332,0,-2,-2
38333,1,-2,-2
38334,1,-1,-1
38335,0,-2,-2
38336,1,-2,-2
38337,0,-2,-2
38338,0,-2,-2
38339,0,-2,-2
38340,1,-2,-2
38341,1,-2,-2
38342,0,-2,-2
38343,0,-2,-2
38344,1,-2,-2
38345,0,-2,-2
38346,1,-1,-1
38347,0,-2,-2
38348,0,-1,-1
38349,0,-2,-2
38350,0,-2,-2
38351,0,-2,-2
38352,0,-2,-2
38353,1,-2,-2
38354,0,-2,-2
38355,0,-1,-1
38356,1,-2,-2
38357,0,-1,-1
38358,1,-2,-2
38359,0,-2,-2
38360,1,-2,-2
38361,1,-2,-2
38362,1,-1,-1
38363,0,-2,-2
38364,0,-2,-2
38365,0,-2,-2
38366,0,-2,-2
38367,1,-2,-2
38368,0,-1,-1
38369,0,-2,-2
38370,1,-2,-2
38371,1,-2,-2
38372,1,-2,-2
38373,1,-1,-1
38374,0,-2,-2
38375,1,-2,-2
38376,0,-2,-2
38377,0,-2,-2
38378,1,-2,-2
38379,0,-1,-1
38380,1,-2,-2
38381,1,-2,-2
38382,1,-2,-2
38383,1,-2,-2
38384,1,-2,-2
38385,1,-2,-2
38386,0,-1,-1
38387,1,-2,-2
38388,0,-2,-2
38389,0,-2,-2
38390,1,-2,-2
38391,1,-1,-1
38392,0,-2,-2
38393,1,-2,-2
38394,0,-1,-1
38395,1,-2,-2
38396,1,-2,-2
38397,0,-2,-2
38398,1,-2,-2
38399,0,-2,-2
38400,0,-2,-2
38401,1,-2,-2
38402,0,-2,-2
38403,1,-2,-2
38404,1,-2,-2
38405,0,-2,-2
38406,1,-2,-2
38407,0,-2,-2
38408,0,-1,-1
38409,0,-2,-2
38410,1,-2,-2
38411,1,-2,-2
38412,1,-1,-1
38413,0,-2,-2
38414,0,-2,-2
38415,1,-2,-2
38416,1,-2,-2
38417,0,-2,-2
38418,1,-2,-2
38419,1,-1,-1
38420,1,-2,-2
38421,0,-1,-1
38422,0,-1,-1
38423,1,-2,-2
38424,0,-2,-2
38425,0,-2,-2
38426,0,-2,-2
38427,0,-2,-2
38428,0,-2,-2
38429,0,-2,-2
38430,1,-2,-2
38431,0,-2,-2
38432,0,-2,-2
38433,0,-2,-2
38434,1,-2,-2
38435,0,-1,-1
38436,1,-1,-1
38437,0,-2,-2
38438,1,-2,-2
38439,0,-2,-2
38440,1,-2,-2
38441,1,-2,-2
38442,1,-1,-1
38443,0,-2,-2
38444,0,-2,-2
38445,1,-1,-1
38446,1,-2,-2
38447,0,-2,-2
38448,0,-2,-2
38449,0,-2,-2
38450,0,-2,-2
38451,0,-2,-2
38452,1,-2,-2
38453,1,-2,-2
38454,1,-2,-2
38455,1,-2,-2
38456,1,-2,-2
38457,1,-1,-1
38458,1,-2,-2
38459,1,-2,-2
38460,0,-2,-2
38461,1,-2,-2
38462,0,-1,-1
38463,0,-2,-2
38464,1,-1,-1
38465,0,-2,-2
38466,0,-2,-2
38467,1,-2,-2
38468,0,-2,-2
38469,0,-2,-2
38470,1,-2,-2
38471,1,-2,-2
38472,0,-1,-1
38473,0,-2,-2
38474,0,-2,-2
38475,0,-2,-2
38476,1,-2,-2
38477,0,-1,-1
38478,1,-2,-2
38479,1,-1,-1
38480,1,-1,-1
38481,0,-2,-2
38482,0,-1,-1
38483,1,-2,-2
38484,0,-2,-2
38485,0,-2,-2
38486,0,-1,-1
38487,1,-2,-2
38488,0,-2,-2
38489,0,-2,-2
38490,0,-2,-2
38491,1,-2,-2
38492,0,-2,-2
38493,1,-2,-2
38494,1,-2,-2
38495,0,-2,-2
38496,1,-2,-2
38497,1,-2,-2
38498,1,-2,-2
38499,1,-2,-2
38500,0,-1,-1
38501,1,-2,-2
38502,1,-2,-2
38503,0,-2,-2
38504,0,-2,-2
38505,1,-2,-2
38506,0,-1,-1
38507,0,-2,-2
38508,1,-2,-2
38509,0,-1,-1
38510,1,-2,-2
38511,0,-2,-2
38512,1,-2,-2
38513,1,-2,-2
38514,1,-2,-2
38515,1,-2,-2
38516,0,-2,-2
38517,1,-2,-2
38518,0,-2,-2
38519,1,-2,-2
38520,0,-1,-1
38521,1,-1,-1
38522,1,-2,-2
38523,0,-2,-2
38524,1,-2,-2
38525,1,-2,-2
38526,1,-2,-2
38527,1,-2,-2
38528,1,-1,-1
38529,0,-2,-2
38530,0,-1,-1
38531,1,-1,-1
38532,1,-2,-2
38533,1,-2,-2
38534,0,-2,-2
38535,0,-2,-2
38536,1,-2,-2
38537,1,-2,-2
38538,0,-1,-1
38539,0,-2,-2
38540,1,-2,-2
38541,1,-1,-1
38542,0,-2,-2
38543,1,-2,-2
38544,1,-2,-2
38545,1,-2,-2
38546,0,-1,-1
38547,0,-2,-2
38548,0,-2,-2
38549,1,-2,-2
38550,0,-2,-2
38551,0,-2,-2
38552,0,-2,-2
38553,0,-2,-2
38554,1,-2,-2
38555,1,-2,-2
38556,0,-2,-2
38557,0,-2,-2
38558,0,-2,-2
38559,0,-1,-1
38560,0,-2,-2
38561,0,-2,-2
38562,1,-2,-2
38563,1,-1,-1
38564,1,-2,-2
38565,1,-2,-2
38566,0,-2,-2
38567,0,-1,-1
38568,1,-2,-2
38569,1,-2,-2
38570,1,-2,-2
38571,1,-2,-2
38572,0,-2,-2
38573,0,-2,-2
38574,0,-2,-2
38575,1,-2,-2
38576,0,-2,-2
38577,1,-1,-1
38578,1,-2,-2
38579,0,-2,-2
38580,0,-2,-2
38581,0,-2,-2
38582,1,-2,-2
38583,1,-2,-2
38584,0,-2,-2
38585,0,-1,-1
38586,1,-2,-2
38587,0,-2,-2
38588,0,-2,-2
38589,1,-2,-2
38590,1,-2,-2
38591,0,-2,-2
38592,1,-1,-1
38593,0,-1,-1
38594,1,-2,-2
38595,0,-2,-2
38596,1,-2,-2
38597,0,-2,-2
38598,0,-2,-2
38599,0,-2,-2
38600,0,-2,-2
38601,1,-1,-1
38602,1,-1,-1
38603,0,-2,-2
38604,1,-2,-2
38605,0,-2,-2
38606,1,-2,-2
38607,1,-2,-2
38608,1,-2,-2
38609,0,-1,-1
38610,0,-1,-1
38611,1,-2,-2
38612,0,-2,-2
38613,1,-2,-2
38614,1,-2,-2
38615,0,-2,-2
38616,1,-2,-2
38617,1,-2,-2
38618,1,-1,-1
38619,0,-2,-2
38620,1,-2,-2
38621,1,-2,-2
38622,1,-2,-2
38623,1,-2,-2
38624,0,-2,-2
38625,1,-2,-2
38626,1,-2,-2
38627,1,-1,-1
38628,0,-2,-2
38629,1,-2,-2
38630,0,-1,-1
38631,0,-2,-2
38632,1,-2,-2
38633,0,-2,-2
38634,0,-1,-1
38635,0,-2,-2
38636,0,-2,-2
38637,0,-2,-2
38638,1,-2,-2
38639,1,-2,-2
38640,1,-2,-2
38641,1,-2,-2
38642,0,-2,-2
38643,1,-2,-2
38644,1,-2,-2
38645,1,-2,-2
38646,0,-2,-2
38647,1,-2,-2
38648,0,-2,-2
38649,0,-2,-2
38650,0,-2,-2
38651,0,-2,-2
38652,0,-2,-2
38653,0,-2,-2
38654,1,-2,-2
38655,1,-2,-2
38656,0,-2,-2
38657,1,-2,-2
38658,1,-2,-2
38659,0,-1,-1
38660,1,-2,-2
38661,1,-2,-2
38662,0,-2,-2
38663,1,-2,-2
38664,0,-2,-2
38665,1,-2,-2
38666,0,-2,-2
38667,0,-1,-1
38668,0,-2,-2
38669,1,-1,-1
38670,1,-2,-2
38671,0,-2,-2
38672,1,-1,-1
38673,1,-2,-2
38674,0,-2,-2
38675,1,-2,-2
38676,0,-2,-2
38677,1,-2,-2
38678,1,-1,-1
38679,0,-2,-2
38680,0,-2,-2
38681,0,-2,-2
38682,0,-2,-2
38683,0,-2,-2
38684,0,-1,-1
38685,0,-2,-2
38686,1,-2,-2
38687,1,-2,-2
38688,0,-1,-1
38689,1,-2,-2
38690,1,-1,-1
38691,1,-2,-2
38692,1,-2,-2
38693,0,-2,-2
38694,0,-2,-2
38695,0,-2,-2
38696,1,-2,-2
38697,1,-2,-2
38698,0,-1,-1
38699,1,-2,-2
38700,0,-2,-2
38701,0,-1,-1
38702,0,-1,-1
38703,1,-2,-2
38704,0,-2,-2
38705,1,-2,-2
38706,0,-2,-2
38707,0,-2,-2
38708,0,-2,-2
38709,1,-2,-2
38710,1,-1,-1
38711,1,-2,-2
38712,0,-2,-2
38713,1,-2,-2
38714,0,-2,-2
38715,1,-2,-2
38716,0,-2,-2
38717,1,-2,-2
38718,1,-2,-2
38719,0,-2,-2
38720,0,-1,-1
38721,1,-2,-2
38722,1,-2,-2
38723,0,-1,-1
38724,1,-2,-2
38725,0,-2,-2
38726,1,-2,-2
38727,0,-1,-1
38728,0,-2,-2
38729,1,-1,-1
38730,0,-2,-2
38731,1,-2,-2
38732,1,-1,-1
38733,1,-1,-1
38734,1,-2,-2
38735,0,-2,-2
38736,1,-2,-2
38737,1,-2,-2
38738,1,-2,-2
38739,0,-2,-2
38740,0,-2,-2
38741,1,-2,-2
38742,1,-2,-2
38743,1,-2,-2
38744,0,-2,-2
38745,1,-2,-2
38746,1,-2,-2
38747,1,-2,-2
38748,1,-2,-2
38749,0,-1,-1
38750,0,-2,-2
38751,1,-2,-2
38752,0,-1,-1
38753,0,-2,-2
38754,1,-2,-2
38755,0,-1,-1
38756,0,-2,-2
38757,1,-2,-2
38758,0,-2,-2
38759,0,-2,-2
38760,0,-2,-2
38761,1,-2,-2
38762,1,-2,-2
38763,1,-2,-2
38764,1,-2,-2
38765,0,-1,-1
38766,1,-1,-1
38767,0,-2,-2
38768,0,-2,-2
38769,1,-2,-2
38770,0,-2,-2
38771,1,-2,-2
38772,1,-2,-2
38773,0,-2,-2
38774,0,-2,-2
38775,0,-1,-1
38776,0,-2,-2
38777,0,-2,-2
38778,0,-2,-2
38779,1,-2,-2
38780,1,-2,-2
38781,0,-1,-1
38782,1,-2,-2
38783,0,-2,-2
38784,1,-2,-2
38785,0,-2,-2
38786,0,-2,-2
38787,1,-2,-2
38788,1,-2,-2
38789,1,-1,-1
38790,1,-2,-2
38791,0,-2,-2
38792,1,-2,-2
38793,0,-2,-2
38794,1,-1,-1
38795,1,-2,-2
38796,1,-2,-2
38797,0,-2,-2
38798,0,-2,-2
38799,0,-2,-2
38800,0,-2,-2
38801,0,-2,-2
38802,0,-2,-2
38803,1,-2,-2
38804,0,-2,-2
38805,0,-2,-2
38806,0,-2,-2
38807,0,-2,-2
38808,0,-2,-2
38809,1,-2,-2
38810,0,-2,-2
38811,1,-2,-2
38812,1,-2,-2
38813,0,-2,-2
38814,0,-2,-2
38815,1,-2,-2
38816,0,-2,-2
38817,0,-2,-2
38818,1,-2,-2
38819,1,-2,-2
38820,1,-2,-2
38821,0,-2,-2
38822,1,-2,-2
38823,1,-1,-1
38824,1,-1,-1
38825,1,-2,-2
38826,0,-2,-2
38827,0,-2,-2
38828,0,-2,-2
38829,1,-2,-2
38830,1,-2,-2
38831,1,-2,-2
38832,0,-2,-2
38833,0,-2,-2
38834,0,-2,-2
38835,0,-2,-2
38836,1,-1,-1
38837,0,-2,-2
38838,1,-2,-2
38839,1,-2,-2
38840,0,-2,-2
38841,0,-2,-2
38842,1,-2,-2
38843,0,-1,-1
38844,0,-2,-2
38845,1,-1,-1
38846,0,-1,-1
38847,1,-2,-2
38848,0,-2,-2
38849,1,-2,-2
38850,0,-2,-2
38851,1,-2,-2
38852,1,-2,-2
38853,0,-2,-2
38854,1,-2,-2
38855,0,-2,-2
38856,1,-2,-2
38857,0,-2,-2
38858,1,-2,-2
38859,0,-2,-2
38860,1,-2,-2
38861,0,-2,-2
38862,1,-2,-2
38863,1,-2,-2
38864,0,-2,-2
38865,0,-2,-2
38866,1,-1,-1
38867,1,-2,-2
38868,0,-2,-2
38869,1,-1,-1
38870,0,-2,-2
38871,1,-2,-2
38872,0,-2,-2
38873,0,-2,-2
38874,1,-2,-2
38875,0,-2,-2
38876,1,-1,-1
38877,0,-2,-2
38878,1,-2,-2
38879,1,-2,-2
38880,1,-2,-2
38881,1,-1,-1
38882,1,-1,-1
38883,1,-2,-2
38884,1,-2,-2
38885,0,-1,-1
38886,1,-2,-2
38887,1,-2,-2
38888,1,-2,-2
38889,1,-2,-2
38890,1,-2,-2
38891,1,-2,-2
38892,0,-2,-2
38893,1,-2,-2
38894,1,-2,-2
38895,1,-1,-1
38896,1,-2,-2
38897,1,-1,-1
38898,0,-2,-2
38899,0,-2,-2
38900,1,-1,-1
38901,1,-2,-2
38902,0,-2,-2
38903,1,-2,-2
38904,0,-2,-2
38905,1,-1,-1
38906,0,-2,-2
38907,1,-2,-2
38908,0,-2,-2
38909,0,-2,-2
38910,1,-1,-1
38911,0,-2,-2
38912,0,-1,-1
38913,1,-2,-2
38914,0,-2,-2
38915,1,-2,-2
38916,1,-2,-2
38917,0,-2,-2
38918,1,-2,-2
38919,1,-2,-2
38920,0,-1,-1
38921,1,-1,-1
38922,0,-1,-1
38923,0,-2,-2
38924,0,-2,-2
38925,0,-1,-1
38926,1,-2,-2
38927,0,-2,-2
38928,0,-2,-2
38929,1,-1,-1
38930,0,-2,-2
38931,0,-2,-2
38932,0,-2,-2
38933,1,-2,-2
38934,0,-2,-2
38935,1,-1,-1
38936,0,-1,-1
38937,1,-2,-2
38938,0,-2,-2
38939,1,-2,-2
38940,1,-2,-2
38941,1,-2,-2
38942,1,-2,-2
38943,1,-2,-2
38944,1,-2,-2
38945,1,-2,-2
38946,1,-2,-2
38947,1,-2,-2
38948,0,-2,-2
38949,1,-2,-2
38950,1,-1,-1
38951,0,-2,-2
38952,0,-2,-2
38953,0,-2,-2
38954,0,-2,-2
38955,1,-2,-2
38956,0,-2,-2
38957,1,-2,-2
38958,0,-2,-2
38959,0,-2,-2
38960,0,-2,-2
38961,0,-2,-2
38962,1,-2,-2
38963,0,-2,-2
38964,1,-2,-2
38965,0,-2,-2
38966,1,-2,-2
38967,0,-1,-1
38968,0,-2,-2
38969,0,-2,-2
38970,1,-2,-2
38971,0,-2,-2
38972,1,-2,-2
38973,0,-2,-2
38974,0,-2,-2
38975,0,-2,-2
38976,0,-1,-1
38977,0,-2,-2
38978,1,-2,-2
38979,1,-2,-2
38980,1,-2,-2
38981,0,-2,-2
38982,1,-2,-2
38983,1,-2,-2
38984,0,-2,-2
38985,0,-2,-2
38986,1,-2,-2
38987,1,-2,-2
38988,0,-2,-2
38989,0,-2,-2
38990,1,-2,-2
38991,1,-2,-2
38992,1,-2,-2
38993,1,-2,-2
38994,0,-2,-2
38995,0,-2,-2
38996,0,-2,-2
38997,1,-2,-2
38998,0,-2,-2
38999,1,-1,-1
39000,1,-2,-2
39001,1,-2,-2
39002,0,-2,-2
39003,1,-2,-2
39004,0,-2,-2
39005,1,-2,-2
39006,0,-2,-2
39007,1,-2,-2
39008,1,-2,-2
39009,0,-2,-2
39010,1,-2,-2
39011,1,-2,-2
39012,1,-1,-1
39013,1,-2,-2
39014,1,-2,-2
39015,0,-2,-2
39016,0,-1,-1
39017,1,-1,-1
39018,0,-1,-1
39019,0,-2,-2
39020,0,-2,-2
39021,1,-2,-2
39022,0,-2,-2
39023,1,-2,-2
39024,1,-2,-2
39025,0,-2,-2
39026,0,-2,-2
39027,1,-2,-2
39028,1,-1,-1
39029,1,-2,-2
39030,1,-1,-1
39031,1,-2,-2
39032,1,-2,-2
39033,1,-2,-2
39034,1,-2,-2
39035,0,-2,-2
39036,1,-2,-2
39037,0,-2,-2
39038,0,-2,-2
39039,0,-2,-2
39040,0,-2,-2
39041,1,-2,-2
39042,0,-2,-2
39043,1,-2,-2
39044,1,-2,-2
39045,1,-2,-2
39046,1,-1,-1
39047,1,-1,-1
39048,0,-2,-2
39049,0,-2,-2
39050,1,-2,-2
39051,0,-2,-2
39052,1,-2,-2
39053,1,-2,-2
39054,1,-2,-2
39055,0,-2,-2
39056,0,-2,-2
39057,1,-2,-2
39058,0,-1,-1
39059,0,-2,-2
39060,0,-1,-1
39061,0,-2,-2
39062,1,-2,-2
39063,1,-2,-2
39064,0,-2,-2
39065,1,-1,-1
39066,1,-2,-2
39067,1,-2,-2
39068,0,-2,-2
39069,1,-2,-2
39070,1,-2,-2
39071,0,-1,-1
39072,0,-1,-1
39073,0,-2,-2
39074,1,-1,-1
39075,1,-2,-2
39076,0,-2,-2
39077,0,-2,-2
39078,0,-2,-2
39079,1,-2,-2
39080,1,-1,-1
39081,1,-2,-2
39082,1,-2,-2
39083,1,-2,-2
39084,0,-1,-1
39085,0,-2,-2
39086,1,-2,-2
39087,0,-2,-2
39088,1,-2,-2
39089,0,-2,-2
39090,0,-2,-2
39091,1,-1,-1
39092,1,-2,-2
39093,0,-2,-2
39094,0,-1,-1
39095,0,-1,-1
39096,1,-1,-1
39097,1,-1,-1
39098,0,-2,-2
39099,1,-2,-2
39100,1,-2,-2
39101,1,-2,-2
39102,0,-2,-2
39103,1,-2,-2
39104,0,-1,-1
39105,0,-2,-2
39106,0,-1,-1
39107,1,-2,-2
39108,0,-2,-2
39109,1,-1,-1
39110,1,-2,-2
39111,1,-2,-2
39112,1,-2,-2
39113,0,-2,-2
39114,1,-2,-2
39115,1,-2,-2
39116,0,-2,-2
39117,1,-2,-2
39118,0,-2,-2
39119,0,-2,-2
39120,0,-2,-2
39121,1,-2,-2
39122,1,-2,-2
39123,1,-2,-2
39124,1,-2,-2
39125,0,-2,-2
39126,0,-1,-1
39127,0,-2,-2
39128,1,-2,-2
39129,1,-2,-2
39130,1,-2,-2
39131,0,-1,-1
39132,1,-1,-1
39133,0,-2,-2
39134,1,-2,-2
39135,0,-2,-2
39136,0,-2,-2
39137,0,-2,-2
39138,0,-1,-1
39139,1,-2,-2
39140,0,-2,-2
39141,1,-2,-2
39142,1,-2,-2
39143,1,-2,-2
39144,1,-2,-2
39145,1,-2,-2
39146,1,-2,-2
39147,0,-2,-2
39148,1,-2,-2
39149,1,-2,-2
39150,0,-1,-1
39151,1,-2,-2
39152,0,-2,-2
39153,1,-1,-1
39154,1,-2,-2
39155,1,-2,-2
39156,0,-2,-2
39157,0,-2,-2
39158,0,-2,-2
39159,0,-2,-2
39160,1,-1,-1
39161,0,-1,-1
39162,1,-2,-2
39163,0,-2,-2
39164,1,-2,-2
39165,1,-2,-2
39166,0,-2,-2
39167,0,-2,-2
39168,0,-2,-2
39169,0,-2,-2
39170,0,-1,-1
39171,0,-2,-2
39172,0,-2,-2
39173,1,-2,-2
39174,0,-2,-2
39175,0,-2,-2
39176,0,-2,-2
39177,0,-1,-1
39178,1,-1,-1
39179,1,-2,-2
39180,1,-2,-2
39181,1,-2,-2
39182,0,-2,-2
39183,1,-1,-1
39184,0,-1,-1
39185,0,-1,-1
39186,1,-2,-2
39187,1,-2,-2
39188,1,-2,-2
39189,1,-2,-2
39190,0,-2,-2
39191,0,-1,-1
39192,0,-2,-2
39193,0,-2,-2
39194,0,-2,-2
39195,0,-2,-2
39196,0,-2,-2
39197,0,-1,-1
39198,0,-1,-1
39199,0,-2,-2
39200,0,-2,-2
39201,1,-2,-2
39202,1,-2,-2
39203,0,-2,-2
39204,1,-1,-1
39205,1,-1,-1
39206,1,-2,-2
39207,1,-1,-1
39208,1,-2,-2
39209,1,-1,-1
39210,1,-1,-1
39211,0,-1,-1
39212,1,-2,-2
39213,0,-2,-2
39214,0,-2,-2
39215,1,-2,-2
39216,0,-2,-2
39217,1,-2,-2
39218,1,-2,-2
39219,1,-2,-2
39220,0,-2,-2
39221,1,-2,-2
39222,0,-2,-2
39223,0,-1,-1
39224,0,-2,-2
39225,0,-1,-1
39226,1,-2,-2
39227,0,-1,-1
39228,0,-2,-2
39229,1,-1,-1
39230,0,-2,-2
39231,1,-2,-2
39232,0,-2,-2
39233,1,-2,-2
39234,1,-2,-2
39235,0,-2,-2
39236,0,-1,-1
39237,1,-2,-2
39238,1,-2,-2
39239,1,-2,-2
39240,1,-2,-2
39241,1,-1,-1
39242,1,-1,-1
39243,0,-1,-1
39244,0,-2,-2
39245,0,-1,-1
39246,1,-2,-2
39247,1,-2,-2
39248,1,-2,-2
39249,1,-2,-2
39250,0,-2,-2
39251,1,-2,-2
39252,1,-2,-2
39253,0,-2,-2
39254,1,-2,-2
39255,0,-2,-2
39256,0,-1,-1
39257,0,-2,-2
39258,0,-2,-2
39259,0,-1,-1
39260,0,-2,-2
39261,0,-2,-2
39262,0,-1,-1
39263,1,-2,-2
39264,0,-1,-1
39265,0,-2,-2
39266,0,-2,-2
39267,0,-2,-2
39268,0,-2,-2
39269,1,-2,-2
39270,1,-2,-2
39271,0,-2,-2
39272,0,-2,-2
39273,0,-2,-2
39274,0,-2,-2
39275,0,-1,-1
39276,0,-2,-2
39277,0,-2,-2
39278,0,-2,-2
39279,1,-2,-2
39280,1,-2,-2
39281,1,-2,-2
39282,1,-2,-2
39283,0,-2,-2
39284,1,-1,-1
39285,0,-2,-2
39286,1,-2,-2
39287,1,-2,-2
39288,0,-2,-2
39289,0,-2,-2
39290,1,-2,-2
39291,1,-2,-2
39292,0,-1,-1
39293,0,-2,-2
39294,1,-2,-2
39295,0,-2,-2
39296,0,-1,-1
39297,1,-2,-2
39298,0,-2,-2
39299,0,-2,-2
39300,1,-2,-2
39301,0,-2,-2
39302,0,-2,-2
39303,1,-2,-2
39304,1,-2,-2
39305,0,-1,-1
39306,1,-2,-2
39307,0,-2,-2
39308,1,-2,-2
39309,1,-2,-2
39310,0,-1,-1
39311,0,-2,-2
39312,0,-2,-2
39313,0,-2,-2
39314,1,-1,-1
39315,0,-2,-2
39316,1,-1,-1
39317,0,-1,-1
39318,1,-2,-2
39319,1,-2,-2
39320,0,-2,-2
39321,0,-1,-1
39322,1,-2,-2
39323,1,-2,-2
39324,0,-2,-2
39325,0,-2,-2
39326,0,-1,-1
39327,0,-2,-2
39328,0,-1,-1
39329,1,-2,-2
39330,0,-2,-2
39331,1,-2,-2
39332,1,-2,-2
39333,0,-2,-2
39334,0,-2,-2
39335,0,-1,-1
39336,1,-2,-2
39337,1,-1,-1
39338,1,-2,-2
39339,1,-2,-2
39340,1,-2,-2
39341,1,-2,-2
39342,0,-2,-2
39343,0,-2,-2
39344,1,-2,-2
39345,1,-2,-2
39346,1,-2,-2
39347,0,-2,-2
39348,1,-2,-2
39349,1,-2,-2
39350,0,-2,-2
39351,1,-2,-2
39352,1,-2,-2
39353,0,-2,-2
39354,0,-1,-1
39355,0,-1,-1
39356,0,-2,-2
39357,0,-2,-2
39358,1,-2,-2
39359,0,-2,-2
39360,1,-2,-2
39361,0,-1,-1
39362,0,-2,-2
39363,0,-2,-2
39364,0,-2,-2
39365,1,-2,-2
39366,0,-2,-2
39367,1,-2,-2
39368,1,-1,-1
39369,0,-1,-1
39370,1,-2,-2
39371,1,-2,-2
39372,1,-2,-2
39373,0,-2,-2
39374,1,-2,-2
39375,0,-2,-2
39376,1,-2,-2
39377,0,-1,-1
39378,0,-2,-2
39379,1,-1,-1
39380,0,-2,-2
39381,0,-2,-2
39382,1,-2,-2
39383,1,-2,-2
39384,0,-2,-2
39385,0,-2,-2
39386,1,-2,-2
39387,1,-2,-2
39388,1,-2,-2
39389,0,-2,-2
39390,1,-2,-2
39391,1,-1,-1
39392,0,-2,-2
39393,0,-1,-1
39394,1,-2,-2
39395,0,-2,-2
39396,0,-2,-2
39397,1,-2,-2
39398,0,-2,-2
39399,0,-2,-2
39400,1,-2,-2
39401,1,-2,-2
39402,0,-2,-2
39403,0,-2,-2
39404,1,-2,-2
39405,0,-2,-2
39406,1,-2,-2
39407,1,-2,-2
39408,0,-1,-1
39409,1,-2,-2
39410,1,-2,-2
39411,1,-2,-2
39412,1,-1,-1
39413,0,-2,-2
39414,0,-1,-1
39415,1,-2,-2
39416,0,-2,-2
39417,1,-1,-1
39418,0,-1,-1
39419,1,-2,-2
39420,0,-2,-2
39421,0,-2,-2
39422,0,-2,-2
39423,1,-2,-2
39424,1,-2,-2
39425,1,-2,-2
39426,1,-2,-2
39427,1,-2,-2
39428,1,-2,-2
39429,0,-2,-2
39430,0,-1,-1
39431,1,-2,-2
39432,1,-2,-2
39433,1,-2,-2
39434,1,-2,-2
39435,1,-1,-1
39436,1,-1,-1
39437,1,-2,-2
39438,1,-2,-2
39439,1,-2,-2
39440,0,-1,-1
39441,1,-2,-2
39442,1,-2,-2
39443,1,-2,-2
39444,1,-2,-2
39445,1,-2,-2
39446,0,-2,-2
39447,1,-2,-2
39448,0,-1,-1
39449,0,-2,-2
39450,1,-2,-2
39451,0,-1,-1
39452,1,-2,-2
39453,0,-2,-2
39454,1,-2,-2
39455,1,-2,-2
39456,1,-1,-1
39457,1,-2,-2
39458,1,-2,-2
39459,0,-2,-2
39460,0,-2,-2
39461,1,-1,-1
39462,1,-1,-1
39463,0,-2,-2
39464,0,-1,-1
39465,1,-1,-1
39466,0,-1,-1
39467,1,-2,-2
39468,1,-1,-1
39469,1,-2,-2
39470,0,-2,-2
39471,1,-2,-2
39472,1,-2,-2
39473,1,-2,-2
39474,1,-2,-2
39475,1,-2,-2
39476,0,-1,-1
39477,0,-2,-2
39478,0,-2,-2
39479,0,-2,-2
39480,1,-2,-2
39481,1,-2,-2
39482,1,-2,-2
39483,0,-2,-2
39484,0,-2,-2
39485,1,-2,-2
39486,0,-2,-2
39487,1,-1,-1
39488,1,-2,-2
39489,0,-2,-2
39490,0,-2,-2
39491,1,-2,-2
39492,1,-2,-2
39493,0,-2,-2
39494,1,-2,-2
39495,0,-2,-2
39496,0,-1,-1
39497,0,-2,-2
39498,1,-2,-2
39499,0,-2,-2
39500,0,-1,-1
39501,0,-2,-2
39502,1,-2,-2
39503,0,-2,-2
39504,1,-2,-2
39505,0,-2,-2
39506,1,-2,-2
39507,1,-2,-2
39508,0,-2,-2
39509,0,-2,-2
39510,1,-2,-2
39511,1,-2,-2
39512,1,-1,-1
39513,1,-2,-2
39514,1,-2,-2
39515,0,-2,-2
39516,1,-2,-2
39517,0,-2,-2
39518,0,-2,-2
39519,0,-2,-2
39520,1,-2,-2
39521,0,-2,-2
39522,0,-2,-2
39523,1,-1,-1
39524,1,-2,-2
39525,0,-2,-2
39526,1,-2,-2
39527,1,-1,-1
39528,0,-2,-2
39529,0,-2,-2
39530,0,-2,-2
39531,0,-2,-2
39532,0,-2,-2
39533,1,-2,-2
39534,0,-2,-2
39535,0,-2,-2
39536,0,-2,-2
39537,1,-2,-2
39538,1,-2,-2
39539,0,-2,-2
39540,0,-2,-2
39541,1,-2,-2
39542,0,-2,-2
39543,1,-2,-2
39544,1,-1,-1
39545,0,-1,-1
39546,0,-2,-2
39547,1,-2,-2
39548,1,-2,-2
39549,1,-2,-2
39550,0,-2,-2
39551,1,-2,-2
39552,1,-2,-2
39553,1,-2,-2
39554,1,-2,-2
39555,1,-1,-1
39556,0,-2,-2
39557,1,-2,-2
39558,0,-2,-2
39559,0,-2,-2
39560,1,-2,-2
39561,1,-1,-1
39562,0,-2,-2
39563,0,-1,-1
39564,0,-2,-2
39565,1,-2,-2
39566,1,-2,-2
39567,0,-2,-2
39568,1,-2,-2
39569,1,-2,-2
39570,0,-2,-2
39571,1,-2,-2
39572,0,-1,-1
39573,1,-2,-2
39574,0,-1,-1
39575,1,-2,-2
39576,1,-1,-1
39577,0,-1,-1
39578,0,-2,-2
39579,0,-2,-2
39580,0,-2,-2
39581,0,-2,-2
39582,1,-2,-2
39583,1,-2,-2
39584,0,-1,-1
39585,0,-2,-2
39586,0,-2,-2
39587,1,-1,-1
39588,0,-2,-2
39589,0,-2,-2
39590,1,-2,-2
39591,1,-2,-2
39592,0,-1,-1
39593,0,-2,-2
39594,1,-2,-2
39595,0,-2,-2
39596,0,-2,-2
39597,1,-2,-2
39598,0,-1,-1
39599,1,-2,-2
39600,1,-2,-2
39601,1,-2,-2
39602,1,-2,-2
39603,0,-2,-2
39604,0,-2,-2
39605,0,-2,-2
39606,1,-2,-2
39607,0,-1,-1
39608,0,-2,-2
39609,1,-2,-2
39610,0,-2,-2
39611,0,-2,-2
39612,1,-2,-2
39613,1,-2,-2
39614,0,-2,-2
39615,1,-2,-2
39616,1,-2,-2
39617,1,-1,-1
39618,1,-2,-2
39619,0,-2,-2
39620,0,-2,-2
39621,0,-2,-2
39622,1,-1,-1
39623,1,-2,-2
39624,1,-2,-2
39625,1,-1,-1
39626,1,-2,-2
39627,1,-2,-2
39628,0,-2,-2
39629,1,-2,-2
39630,0,-2,-2
39631,1,-2,-2
39632,0,-2,-2
39633,1,-2,-2
39634,1,-2,-2
39635,1,-1,-1
39636,1,-2,-2
39637,0,-2,-2
39638,1,-2,-2
39639,1,-2,-2
39640,0,-1,-1
39641,1,-2,-2
39642,0,-1,-1
39643,1,-2,-2
39644,1,-2,-2
39645,0,-2,-2
39646,1,-2,-2
39647,1,-2,-2
39648,0,-2,-2
39649,1,-2,-2
39650,1,-2,-2
39651,0,-2,-2
39652,0,-2,-2
39653,1,-2,-2
39654,0,-2,-2
39655,1,-2,-2
39656,0,-2,-2
39657,1,-2,-2
39658,1,-1,-1
39659,0,-2,-2
39660,0,-2,-2
39661,0,-2,-2
39662,0,-2,-2
39663,1,-2,-2
39664,1,-2,-2
39665,0,-2,-2
39666,0,-1,-1
39667,0,-2,-2
39668,1,-2,-2
39669,1,-1,-1
39670,1,-2,-2
39671,0,-2,-2
39672,0,-2,-2
39673,0,-2,-2
39674,0,-2,-2
39675,1,-2,-2
39676,1,-2,-2
39677,0,-2,-2
39678,0,-2,-2
39679,1,-2,-2
39680,0,-2,-2
39681,0,-2,-2
39682,1,-2,-2
39683,0,-2,-2
39684,1,-2,-2
39685,0,-2,-2
39686,0,-1,-1
39687,1,-1,-1
39688,1,-2,-2
39689,0,-1,-1
39690,1,-2,-2
39691,1,-1,-1
39692,1,-2,-2
39693,0,-1,-1
39694,1,-2,-2
39695,0,-1,-1
39696,1,-2,-2
39697,1,-2,-2
39698,0,-2,-2
39699,1,-2,-2
39700,0,-2,-2
39701,1,-2,-2
39702,0,-2,-2
39703,0,-2,-2
39704,1,-1,-1
39705,0,-1,-1
39706,1,-2,-2
39707,0,-2,-2
39708,0,-2,-2
39709,1,-2,-2
39710,0,-2,-2
39711,1,-2,-2
39712,0,-2,-2
39713,1,-2,-2
39714,1,-1,-1
39715,0,-1,-1
39716,0,-1,-1
39717,1,-1,-1
39718,0,-2,-2
39719,1,-2,-2
39720,0,-2,-2
39721,0,-2,-2
39722,0,-1,-1
39723,1,-2,-2
39724,1,-1,-1
39725,1,-2,-2
39726,1,-2,-2
39727,1,-2,-2
39728,1,-2,-2
39729,0,-1,-1
39730,0,-2,-2
39731,1,-2,-2
39732,1,-2,-2
39733,1,-2,-2
39734,0,-2,-2
39735,0,-2,-2
39736,1,-2,-2
39737,0,-2,-2
39738,0,-2,-2
39739,1,-2,-2
39740,0,-2,-2
39741,1,-2,-2
39742,1,-1,-1
39743,1,-2,-2
39744,0,-2,-2
39745,1,-2,-2
39746,1,-2,-2
39747,0,-2,-2
39748,1,-2,-2
39749,1,-2,-2
39750,1,-2,-2
39751,0,-2,-2
39752,1,-2,-2
39753,1,-2,-2
39754,1,-1,-1
39755,1,-2,-2
39756,0,-2,-2
39757,0,-1,-1
39758,1,-1,-1
39759,1,-2,-2
39760,0,-1,-1
39761,0,-2,-2
39762,1,-2,-2
39763,1,-1,-1
39764,0,-2,-2
39765,1,-2,-2
39766,0,-1,-1
39767,1,-2,-2
39768,1,-2,-2
39769,1,-2,-2
39770,0,-2,-2
39771,1,-1,-1
39772,1,-2,-2
39773,0,-2,-2
39774,0,-2,-2
39775,0,-1,-1
39776,1,-2,-2
39777,0,-2,-2
39778,0,-2,-2
39779,0,-2,-2
39780,0,-2,-2
39781,1,-2,-2
39782,1,-2,-2
39783,1,-1,-1
39784,1,-2,-2
39785,0,-2,-2
39786,0,-1,-1
39787,1,-2,-2
39788,1,-1,-1
39789,0,-2,-2
39790,0,-1,-1
39791,1,-2,-2
39792,1,-2,-2
39793,1,-2,-2
39794,1,-1,-1
39795,1,-2,-2
39796,1,-1,-1
39797,0,-2,-2
39798,1,-2,-2
39799,1,-2,-2
39800,0,-2,-2
39801,0,-2,-2
39802,1,-2,-2
39803,1,-2,-2
39804,1,-2,-2
39805,0,-1,-1
39806,1,-2,-2
39807,1,-2,-2
39808,1,-2,-2
39809,0,-2,-2
39810,0,-2,-2
39811,1,-2,-2
39812,0,-2,-2
39813,0,-2,-2
39814,1,-2,-2
39815,0,-1,-1
39816,1,-1,-1
39817,0,-2,-2
39818,1,-2,-2
39819,1,-2,-2
39820,1,-2,-2
39821,0,-2,-2
39822,1,-2,-2
39823,1,-2,-2
39824,0,-2,-2
39825,0,-2,-2
39826,1,-2,-2
39827,0,-2,-2
39828,1,-2,-2
39829,0,-1,-1
39830,1,-2,-2
39831,0,-2,-2
39832,0,-2,-2
39833,0,-2,-2
39834,1,-2,-2
39835,0,-2,-2
39836,0,-2,-2
39837,0,-2,-2
39838,1,-2,-2
39839,1,-2,-2
39840,1,-1,-1
39841,1,-2,-2
39842,1,-2,-2
39843,1,-2,-2
39844,0,-2,-2
39845,1,-2,-2
39846,1,-2,-2
39847,0,-2,-2
39848,0,-1,-1
39849,1,-2,-2
39850,1,-2,-2
39851,0,-1,-1
39852,0,-2,-2
39853,1,-2,-2
39854,0,-2,-2
39855,0,-2,-2
39856,0,-2,-2
39857,1,-2,-2
39858,0,-2,-2
39859,1,-1,-1
39860,1,-2,-2
39861,1,-2,-2
39862,1,-2,-2
39863,0,-1,-1
39864,0,-2,-2
39865,1,-2,-2
39866,0,-2,-2
39867,0,-2,-2
39868,0,-2,-2
39869,0,-2,-2
39870,1,-2,-2
39871,0,-2,-2
39872,0,-2,-2
39873,1,-2,-2
39874,0,-1,-1
39875,1,-2,-2
39876,1,-2,-2
39877,0,-1,-1
39878,0,-2,-2
39879,1,-2,-2
39880,1,-1,-1
39881,1,-1,-1
39882,1,-2,-2
39883,1,-2,-2
39884,1,-1,-1
39885,1,-2,-2
39886,0,-2,-2
39887,1,-2,-2
39888,0,-1,-1
39889,0,-2,-2
39890,1,-2,-2
39891,0,-2,-2
39892,1,-2,-2
39893,1,-2,-2
39894,0,-1,-1
39895,1,-2,-2
39896,1,-1,-1
39897,0,-2,-2
39898,0,-2,-2
39899,0,-2,-2
39900,1,-2,-2
39901,1,-2,-2
39902,1,-2,-2
39903,1,-2,-2
39904,1,-2,-2
39905,1,-2,-2
39906,0,-2,-2
39907,1,-1,-1
39908,1,-2,-2
39909,1,-2,-2
39910,1,-2,-2
39911,0,-2,-2
39912,0,-2,-2
39913,0,-1,-1
39914,0,-2,-2
39915,0,-2,-2
39916,0,-2,-2
39917,0,-2,-2
39918,1,-2,-2
39919,0,-2,-2
39920,0,-2,-2
39921,0,-2,-2
39922,0,-2,-2
39923,1,-2,-2
39924,1,-2,-2
39925,1,-2,-2
39926,0,-2,-2
39927,1,-2,-2
39928,0,-2,-2
39929,1,-2,-2
39930,0,-2,-2
39931,0,-2,-2
39932,1,-1,-1
39933,0,-2,-2
39934,1,-2,-2
39935,0,-1,-1
39936,0,-2,-2
39937,1,-2,-2
39938,0,-2,-2
39939,0,-2,-2
39940,0,-2,-2
39941,0,-2,-2
39942,0,-2,-2
39943,1,-2,-2
39944,0,-2,-2
39945,1,-2,-2
39946,0,-2,-2
39947,1,-2,-2
39948,1,-1,-1
39949,1,-2,-2
39950,0,-2,-2
39951,1,-2,-2
39952,0,-2,-2
39953,0,-2,-2
39954,1,-2,-2
39955,0,-2,-2
39956,1,-2,-2
39957,1,-2,-2
39958,1,-2,-2
39959,0,-2,-2
39960,1,-1,-1
39961,1,-2,-2
39962,0,-2,-2
39963,1,-1,-1
39964,0,-2,-2
39965,0,-2,-2
39966,0,-2,-2
39967,1,-2,-2
39968,0,-2,-2
39969,0,-2,-2
39970,1,-2,-2
39971,0,-2,-2
39972,0,-2,-2
39973,1,-2,-2
39974,1,-2,-2
39975,1,-1,-1
39976,0,-2,-2
39977,1,-2,-2
39978,1,-2,-2
39979,0,-2,-2
39980,0,-2,-2
39981,1,-2,-2
39982,1,-2,-2
39983,0,-2,-2
39984,1,-2,-2
39985,1,-1,-1
39986,0,-2,-2
39987,1,-2,-2
39988,1,-1,-1
39989,0,-2,-2
39990,1,-2,-2
39991,0,-1,-1
39992,0,-2,-2
39993,1,-2,-2
39994,0,-2,-2
39995,0,-2,-2
39996,0,-2,-2
39997,0,-2,-2
39998,1,-1,-1
39999,1,-2,-2
40000,0,-2,-2
40001,0,-2,-2
40002,1,-2,-2
40003,0,-2,-2
40004,0,-2,-2
40005,0,-2,-2
40006,1,-2,-2
40007,0,-2,-2
40008,1,-2,-2
40009,0,-2,-2
40010,1,-2,-2
40011,1,-2,-2
40012,1,-2,-2
40013,1,-1,-1
40014,0,-2,-2
40015,1,-1,-1
40016,0,-2,-2
40017,1,-2,-2
40018,0,-2,-2
40019,1,-2,-2
40020,0,-2,-2
40021,0,-2,-2
40022,1,-2,-2
40023,0,-2,-2
40024,1,-2,-2
40025,0,-2,-2
40026,1,-2,-2
40027,1,-2,-2
40028,1,-1,-1
40029,0,-2,-2
40030,1,-1,-1
40031,1,-2,-2
40032,1,-2,-2
40033,0,-2,-2
40034,1,-1,-1
40035,0,-2,-2
40036,1,-2,-2
40037,0,-1,-1
40038,0,-2,-2
40039,1,-2,-2
40040,0,-2,-2
40041,1,-2,-2
40042,0,-1,-1
40043,1,-2,-2
40044,1,-2,-2
40045,0,-2,-2
40046,1,-2,-2
40047,0,-2,-2
40048,0,-2,-2
40049,1,-1,-1
40050,1,-2,-2
40051,1,-2,-2
40052,1,-1,-1
40053,1,-2,-2
40054,1,-2,-2
40055,1,-2,-2
40056,1,-2,-2
40057,0,-2,-2
40058,0,-1,-1
40059,1,-2,-2
40060,0,-2,-2
40061,0,-2,-2
40062,1,-2,-2
40063,1,-2,-2
40064,0,-1,-1
40065,0,-2,-2
40066,0,-2,-2
40067,0,-2,-2
40068,1,-1,-1
40069,0,-2,-2
40070,1,-2,-2
40071,0,-2,-2
40072,0,-2,-2
40073,0,-2,-2
40074,1,-2,-2
40075,1,-2,-2
40076,1,-2,-2
40077,1,-1,-1
40078,0,-2,-2
40079,1,-2,-2
40080,1,-2,-2
40081,0,-2,-2
40082,0,-2,-2
40083,1,-2,-2
40084,1,-2,-2
40085,1,-2,-2
40086,0,-2,-2
40087,0,-2,-2
40088,0,-2,-2
40089,1,-2,-2
40090,1,-1,-1
40091,0,-1,-1
40092,1,-1,-1
40093,0,-1,-1
40094,1,-2,-2
40095,0,-2,-2
40096,1,-2,-2
40097,0,-2,-2
40098,0,-2,-2
40099,1,-2,-2
40100,0,-2,-2
40101,1,-1,-1
40102,0,-2,-2
40103,1,-2,-2
40104,0,-1,-1
40105,0,-2,-2
40106,0,-2,-2
40107,0,-1,-1
40108,1,-2,-2
40109,0,-2,-2
40110,0,-2,-2
40111,1,-2,-2
40112,0,-2,-2
40113,0,-2,-2
40114,1,-2,-2
40115,0,-2,-2
40116,0,-2,-2
40117,1,-2,-2
40118,1,-1,-1
40119,1,-2,-2
40120,1,-2,-2
40121,0,-1,-1
40122,0,-2,-2
40123,1,-2,-2
40124,1,-2,-2
40125,0,-2,-2
40126,1,-1,-1
40127,1,-2,-2
40128,0,-1,-1
40129,0,-2,-2
40130,0,-2,-2
40131,1,-2,-2
40132,1,-2,-2
40133,0,-2,-2
40134,0,-2,-2
40135,0,-2,-2
40136,1,-2,-2
40137,0,-2,-2
40138,0,-2,-2
40139,1,-1,-1
40140,0,-1,-1
40141,1,-2,-2
40142,0,-1,-1
40143,1,-2,-2
40144,0,-2,-2
40145,1,-2,-2
40146,1,-1,-1
40147,0,-1,-1
40148,1,-2,-2
40149,0,-2,-2
40150,1,-2,-2
40151,0,-2,-2
40152,1,-2,-2
40153,1,-2,-2
40154,1,-2,-2
40155,0,-2,-2
40156,0,-1,-1
40157,1,-2,-2
40158,0,-2,-2
40159,0,-2,-2
40160,0,-2,-2
40161,1,-2,-2
40162,0,-2,-2
40163,0,-1,-1
40164,1,-1,-1
40165,0,-1,-1
40166,1,-2,-2
40167,1,-2,-2
40168,0,-2,-2
40169,0,-2,-2
40170,0,-2,-2
40171,0,-2,-2
40172,0,-2,-2
40173,1,-2,-2
40174,0,-2,-2
40175,1,-2,-2
40176,1,-1,-1
40177,0,-2,-2
40178,1,-2,-2
40179,0,-2,-2
40180,1,-2,-2
40181,1,-2,-2
40182,0,-2,-2
40183,1,-2,-2
40184,0,-2,-2
40185,0,-2,-2
40186,1,-2,-2
40187,1,-2,-2
40188,0,-2,-2
40189,0,-2,-2
40190,0,-2,-2
40191,0,-2,-2
40192,1,-1,-1
40193,1,-2,-2
40194,0,-2,-2
40195,0,-2,-2
40196,1,-2,-2
40197,0,-2,-2
40198,1,-2,-2
40199,0,-2,-2
40200,1,-2,-2
40201,0,-2,-2
40202,1,-2,-2
40203,1,-2,-2
40204,1,-1,-1
40205,0,-2,-2
40206,1,-1,-1
40207,1,-2,-2
40208,1,-2,-2
40209,1,-2,-2
40210,1,-1,-1
40211,0,-2,-2
40212,0,-2,-2
40213,1,-1,-1
40214,0,-2,-2
40215,1,-2,-2
40216,0,-2,-2
40217,1,-1,-1
40218,0,-2,-2
40219,0,-2,-2
40220,1,-2,-2
40221,0,-2,-2
40222,1,-1,-1
40223,1,-2,-2
40224,1,-2,-2
40225,1,-2,-2
40226,1,-2,-2
40227,0,-2,-2
40228,1,-2,-2
40229,1,-1,-1
40230,1,-2,-2
40231,0,-2,-2
40232,1,-2,-2
40233,1,-2,-2
40234,1,-2,-2
40235,0,-2,-2
40236,1,-2,-2
40237,1,-2,-2
40238,0,-2,-2
40239,1,-2,-2
40240,0,-2,-2
40241,1,-1,-1
40242,1,-2,-2
40243,0,-2,-2
40244,1,-2,-2
40245,0,-1,-1
40246,1,-2,-2
40247,0,-2,-2
40248,1,-1,-1
40249,1,-1,-1
40250,1,-2,-2
40251,0,-1,-1
40252,1,-1,-1
40253,1,-1,-1
40254,1,-2,-2
40255,0,-2,-2
40256,1,-2,-2
40257,1,-1,-1
40258,0,-1,-1
40259,1,-2,-2
40260,0,-2,-2
40261,0,-2,-2
40262,0,-2,-2
40263,0,-2,-2
40264,1,-2,-2
40265,0,-2,-2
40266,0,-2,-2
40267,1,-1,-1
40268,0,-2,-2
40269,1,-2,-2
40270,1,-2,-2
40271,0,-1,-1
40272,1,-2,-2
40273,1,-2,-2
40274,0,-1,-1
40275,0,-2,-2
40276,1,-1,-1
40277,1,-2,-2
40278,0,-2,-2
40279,1,-1,-1
40280,1,-2,-2
40281,0,-1,-1
40282,1,-2,-2
40283,0,-2,-2
40284,0,-1,-1
40285,0,-2,-2
40286,0,-2,-2
40287,1,-1,-1
40288,0,-2,-2
40289,0,-2,-2
40290,0,-2,-2
40291,0,-1,-1
40292,0,-2,-2
40293,0,-2,-2
40294,1,-2,-2
40295,0,-2,-2
40296,1,-2,-2
40297,0,-2,-2
40298,0,-2,-2
40299,0,-2,-2
40300,0,-2,-2
40301,0,-1,-1
40302,0,-2,-2
40303,1,-2,-2
40304,1,-1,-1
40305,1,-1,-1
40306,0,-2,-2
40307,1,-1,-1
40308,0,-2,-2
40309,0,-2,-2
40310,0,-1,-1
40311,1,-2,-2
40312,1,-2,-2
40313,0,-2,-2
40314,0,-2,-2
40315,0,-2,-2
40316,0,-1,-1
40317,0,-2,-2
40318,0,-2,-2
40319,0,-2,-2
40320,1,-2,-2
40321,1,-2,-2
40322,0,-2,-2
40323,1,-2,-2
40324,1,-2,-2
40325,1,-1,-1
40326,0,-2,-2
40327,1,-2,-2
40328,0,-2,-2
40329,1,-2,-2
40330,1,-2,-2
40331,0,-2,-2
40332,0,-2,-2
40333,1,-1,-1
40334,1,-2,-2
40335,1,-2,-2
40336,1,-2,-2
40337,1,-1,-1
40338,0,-2,-2
40339,0,-1,-1
40340,0,-2,-2
40341,0,-1,-1
40342,0,-1,-1
40343,1,-2,-2
40344,0,-2,-2
40345,0,-2,-2
40346,1,-2,-2
40347,0,-2,-2
40348,1,-2,-2
40349,1,-2,-2
40350,1,-1,-1
40351,1,-1,-1
40352,1,-2,-2
40353,1,-2,-2
40354,1,-2,-2
40355,1,-2,-2
40356,0,-2,-2
40357,0,-1,-1
40358,0,-2,-2
40359,1,-1,-1
40360,0,-2,-2
40361,1,-2,-2
40362,0,-2,-2
40363,0,-1,-1
40364,1,-2,-2
40365,0,-2,-2
40366,1,-2,-2
40367,0,-2,-2
40368,1,-2,-2
40369,1,-2,-2
40370,0,-2,-2
40371,1,-2,-2
40372,0,-2,-2
40373,1,-1,-1
40374,1,-1,-1
40375,0,-2,-2
40376,0,-1,-1
40377,1,-2,-2
40378,0,-2,-2
40379,1,-2,-2
40380,0,-1,-1
40381,0,-2,-2
40382,1,-1,-1
40383,0,-2,-2
40384,1,-2,-2
40385,1,-2,-2
40386,0,-1,-1
40387,1,-2,-2
40388,0,-2,-2
40389,1,-2,-2
40390,1,-2,-2
40391,0,-2,-2
40392,0,-2,-2
40393,0,-2,-2
40394,1,-2,-2
40395,1,-2,-2
40396,0,-2,-2
40397,1,-1,-1
40398,0,-2,-2
40399,0,-1,-1
40400,1,-1,-1
40401,1,-2,-2
40402,0,-2,-2
40403,1,-2,-2
40404,1,-2,-2
40405,1,-2,-2
40406,1,-2,-2
40407,0,-2,-2
40408,1,-2,-2
40409,1,-2,-2
40410,0,-1,-1
40411,0,-2,-2
40412,1,-2,-2
40413,1,-2,-2
40414,1,-2,-2
40415,1,-2,-2
40416,0,-2,-2
40417,1,-2,-2
40418,0,-2,-2
40419,1,-2,-2
40420,1,-2,-2
40421,0,-2,-2
40422,0,-1,-1
40423,0,-2,-2
40424,0,-2,-2
40425,1,-2,-2
40426,1,-2,-2
40427,0,-2,-2
40428,0,-2,-2
40429,0,-2,-2
40430,0,-2,-2
40431,1,-1,-1
40432,1,-2,-2
40433,1,-2,-2
40434,0,-1,-1
40435,0,-1,-1
40436,0,-2,-2
40437,0,-2,-2
40438,1,-2,-2
40439,1,-2,-2
40440,0,-1,-1
40441,0,-2,-2
40442,1,-2,-2
40443,0,-2,-2
40444,1,-2,-2
40445,0,-2,-2
40446,0,-2,-2
40447,1,-2,-2
40448,0,-2,-2
40449,0,-2,-2
40450,0,-2,-2
40451,0,-2,-2
40452,0,-2,-2
40453,1,-2,-2
40454,0,-2,-2
40455,0,-2,-2
40456,0,-2,-2
40457,1,-2,-2
40458,0,-2,-2
40459,0,-2,-2
40460,1,-2,-2
40461,0,-2,-2
40462,1,-2,-2
40463,0,-1,-1
40464,1,-2,-2
40465,1,-2,-2
40466,0,-1,-1
40467,0,-2,-2
40468,0,-2,-2
40469,1,-2,-2
40470,0,-1,-1
40471,1,-2,-2
40472,1,-2,-2
40473,1,-2,-2
40474,0,-2,-2
40475,1,-1,-1
40476,0,-2,-2
40477,0,-1,-1
40478,0,-1,-1
40479,0,-1,-1
40480,1,-2,-2
40481,0,-2,-2
40482,1,-2,-2
40483,1,-2,-2
40484,1,-2,-2
40485,1,-2,-2
40486,1,-2,-2
40487,1,-1,-1
40488,1,-2,-2
40489,1,-2,-2
40490,1,-1,-1
40491,1,-2,-2
40492,0,-1,-1
40493,0,-2,-2
40494,0,-2,-2
40495,0,-2,-2
40496,0,-2,-2
40497,0,-1,-1
40498,1,-1,-1
40499,0,-2,-2
40500,0,-1,-1
40501,1,-2,-2
40502,1,-2,-2
40503,0,-2,-2
40504,0,-2,-2
40505,0,-2,-2
40506,0,-1,-1
40507,0,-2,-2
40508,0,-2,-2
40509,0,-2,-2
40510,0,-1,-1
40511,1,-2,-2
40512,1,-2,-2
40513,0,-2,-2
40514,0,-2,-2
40515,1,-2,-2
40516,1,-2,-2
40517,1,-2,-2
40518,0,-2,-2
40519,1,-2,-2
40520,1,-1,-1
40521,1,-2,-2
40522,0,-2,-2
40523,0,-2,-2
40524,1,-2,-2
40525,0,-2,-2
40526,0,-2,-2
40527,0,-2,-2
40528,0,-2,-2
40529,1,-2,-2
40530,1,-2,-2
40531,0,-2,-2
40532,0,-2,-2
40533,1,-2,-2
40534,0,-2,-2
40535,1,-2,-2
40536,1,-1,-1
40537,0,-2,-2
40538,1,-2,-2
40539,0,-2,-2
40540,1,-2,-2
40541,0,-2,-2
40542,0,-2,-2
40543,1,-2,-2
40544,0,-2,-2
40545,0,-2,-2
40546,1,-1,-1
40547,0,-2,-2
40548,0,-2,-2
40549,1,-2,-2
40550,1,-2,-2
40551,1,-1,-1
40552,0,-2,-2
40553,0,-2,-2
40554,1,-2,-2
40555,0,-2,-2
40556,1,-2,-2
40557,0,-2,-2
40558,1,-1,-1
40559,0,-2,-2
40560,0,-2,-2
40561,1,-1,-1
40562,0,-1,-1
40563,0,-1,-1
40564,1,-1,-1
40565,0,-2,-2
40566,1,-2,-2
40567,1,-1,-1
40568,1,-2,-2
40569,1,-2,-2
40570,0,-2,-2
40571,1,-2,-2
40572,0,-2,-2
40573,1,-2,-2
40574,0,-2,-2
40575,1,-1,-1
40576,0,-2,-2
40577,0,-2,-2
40578,1,-2,-2
40579,1,-1,-1
40580,1,-2,-2
40581,1,-1,-1
40582,0,-2,-2
40583,0,-1,-1
40584,0,-2,-2
40585,0,-2,-2
40586,0,-2,-2
40587,0,-2,-2
40588,0,-2,-2
40589,1,-2,-2
40590,0,-2,-2
40591,1,-2,-2
40592,1,-1,-1
40593,0,-2,-2
40594,1,-2,-2
40595,0,-2,-2
40596,0,-2,-2
40597,1,-2,-2
40598,0,-2,-2
40599,0,-2,-2
40600,0,-2,-2
40601,0,-2,-2
40602,1,-2,-2
40603,0,-2,-2
40604,0,-2,-2
40605,1,-2,-2
40606,1,-2,-2
40607,0,-2,-2
40608,0,-2,-2
40609,1,-2,-2
40610,1,-2,-2
40611,0,-2,-2
40612,1,-2,-2
40613,0,-2,-2
40614,1,-2,-2
40615,1,-2,-2
40616,0,-1,-1
40617,1,-2,-2
40618,0,-2,-2
40619,1,-2,-2
40620,1,-2,-2
40621,0,-2,-2
40622,0,-2,-2
40623,1,-2,-2
40624,1,-2,-2
40625,1,-2,-2
40626,1,-2,-2
40627,0,-2,-2
40628,1,-1,-1
40629,1,-2,-2
40630,0,-2,-2
40631,1,-2,-2
40632,1,-2,-2
40633,0,-2,-2
40634,0,-2,-2
40635,1,-2,-2
40636,1,-2,-2
40637,0,-2,-2
40638,1,-2,-2
40639,1,-2,-2
40640,0,-2,-2
40641,1,-1,-1
40642,0,-2,-2
40643,1,-2,-2
40644,1,-2,-2
40645,1,-2,-2
40646,1,-2,-2
40647,1,-1,-1
40648,1,-2,-2
40649,1,-1,-1
40650,0,-2,-2
40651,0,-2,-2
40652,0,-2,-2
40653,0,-2,-2
40654,0,-1,-1
40655,1,-2,-2
40656,0,-1,-1
40657,1,-1,-1
40658,0,-2,-2
40659,0,-2,-2
40660,1,-2,-2
40661,1,-2,-2
40662,0,-2,-2
40663,1,-2,-2
40664,1,-2,-2
40665,0,-2,-2
40666,1,-2,-2
40667,0,-2,-2
40668,0,-2,-2
40669,1,-2,-2
40670,1,-2,-2
40671,1,-2,-2
40672,0,-2,-2
40673,0,-1,-1
40674,0,-2,-2
40675,0,-1,-1
40676,1,-2,-2
40677,0,-2,-2
40678,0,-2,-2
40679,0,-2,-2
40680,0,-2,-2
40681,1,-2,-2
40682,1,-2,-2
40683,1,-2,-2
40684,0,-2,-2
40685,1,-2,-2
40686,0,-2,-2
40687,1,-2,-2
40688,0,-2,-2
40689,1,-2,-2
40690,1,-2,-2
40691,0,-2,-2
40692,0,-2,-2
40693,1,-1,-1
40694,1,-2,-2
40695,0,-2,-2
40696,1,-2,-2
40697,0,-1,-1
40698,1,-2,-2
40699,0,-2,-2
40700,1,-2,-2
40701,0,-2,-2
40702,1,-1,-1
40703,0,-2,-2
40704,0,-2,-2
40705,0,-1,-1
40706,0,-2,-2
40707,1,-2,-2
40708,0,-2,-2
40709,0,-2,-2
40710,1,-2,-2
40711,0,-2,-2
40712,1,-2,-2
40713,1,-2,-2
40714,1,-2,-2
40715,0,-1,-1
40716,0,-2,-2
40717,0,-2,-2
40718,1,-1,-1
40719,0,-2,-2
40720,1,-2,-2
40721,1,-2,-2
40722,1,-2,-2
40723,1,-2,-2
40724,0,-2,-2
40725,0,-2,-2
40726,1,-2,-2
40727,0,-2,-2
40728,0,-2,-2
40729,1,-2,-2
40730,0,-2,-2
40731,1,-1,-1
40732,1,-1,-1
40733,0,-2,-2
40734,0,-2,-2
40735,1,-2,-2
40736,1,-2,-2
40737,0,-2,-2
40738,1,-2,-2
40739,0,-2,-2
40740,0,-1,-1
40741,1,-2,-2
40742,0,-2,-2
40743,1,-2,-2
40744,0,-1,-1
40745,1,-2,-2
40746,0,-2,-2
40747,1,-2,-2
40748,0,-2,-2
40749,1,-2,-2
40750,0,-2,-2
40751,1,-2,-2
40752,0,-2,-2
40753,1,-2,-2
40754,0,-2,-2
40755,0,-2,-2
40756,1,-1,-1
40757,1,-2,-2
40758,1,-1,-1
40759,1,-2,-2
40760,1,-2,-2
40761,1,-2,-2
40762,0,-2,-2
40763,0,-2,-2
40764,0,-2,-2
40765,1,-2,-2
40766,1,-1,-1
40767,1,-2,-2
40768,0,-2,-2
40769,0,-2,-2
40770,1,-1,-1
40771,1,-2,-2
40772,1,-2,-2
40773,1,-2,-2
40774,1,-2,-2
40775,0,-1,-1
40776,0,-1,-1
40777,0,-1,-1
40778,0,-1,-1
40779,0,-2,-2
40780,0,-1,-1
40781,0,-2,-2
40782,0,-2,-2
40783,0,-2,-2
40784,1,-2,-2
40785,0,-2,-2
40786,0,-1,-1
40787,1,-2,-2
40788,1,-2,-2
40789,1,-2,-2
40790,1,-2,-2
40791,0,-2,-2
40792,0,-1,-1
40793,1,-2,-2
40794,0,-2,-2
40795,0,-2,-2
40796,0,-1,-1
40797,1,-2,-2
40798,0,-2,-2
40799,0,-2,-2
40800,1,-1,-1
40801,0,-2,-2
40802,1,-1,-1
40803,0,-2,-2
40804,1,-1,-1
40805,0,-2,-2
40806,1,-2,-2
40807,0,-2,-2
40808,1,-2,-2
40809,1,-1,-1
40810,0,-1,-1
40811,0,-2,-2
40812,0,-2,-2
40813,1,-1,-1
40814,1,-2,-2
40815,1,-1,-1
40816,0,-2,-2
40817,0,-1,-1
40818,0,-2,-2
40819,1,-2,-2
40820,0,-1,-1
40821,1,-2,-2
40822,1,-1,-1
40823,1,-2,-2
40824,0,-2,-2
40825,0,-2,-2
40826,0,-2,-2
40827,1,-2,-2
40828,0,-1,-1
40829,0,-2,-2
40830,1,-2,-2
40831,1,-2,-2
40832,1,-2,-2
40833,1,-2,-2
40834,0,-2,-2
40835,0,-2,-2
40836,0,-2,-2
40837,0,-2,-2
40838,0,-2,-2
40839,0,-2,-2
40840,1,-2,-2
40841,0,-2,-2
40842,0,-2,-2
40843,0,-2,-2
40844,1,-2,-2
40845,0,-2,-2
40846,1,-2,-2
40847,0,-2,-2
40848,0,-2,-2
40849,0,-2,-2
40850,0,-2,-2
40851,0,-1,-1
40852,1,-1,-1
40853,0,-1,-1
40854,1,-2,-2
40855,1,-2,-2
40856,1,-2,-2
40857,1,-1,-1
40858,1,-1,-1
40859,1,-1,-1
40860,0,-2,-2
40861,1,-2,-2
40862,0,-2,-2
40863,0,-2,-2
40864,1,-2,-2
40865,1,-1,-1
40866,1,-2,-2
40867,1,-2,-2
40868,1,-2,-2
40869,0,-2,-2
40870,0,-2,-2
40871,1,-2,-2
40872,0,-2,-2
40873,1,-2,-2
40874,1,-2,-2
40875,0,-2,-2
40876,0,-2,-2
40877,0,-2,-2
40878,0,-2,-2
40879,0,-2,-2
40880,1,-1,-1
40881,1,-1,-1
40882,0,-2,-2
40883,1,-2,-2
40884,1,-1,-1
40885,0,-2,-2
40886,0,-2,-2
40887,0,-2,-2
40888,1,-2,-2
40889,0,-1,-1
40890,0,-2,-2
40891,1,-1,-1
40892,0,-2,-2
40893,0,-2,-2
40894,1,-2,-2
40895,1,-2,-2
40896,1,-2,-2
40897,0,-2,-2
40898,1,-2,-2
40899,1,-2,-2
40900,1,-2,-2
40901,0,-2,-2
40902,1,-2,-2
40903,1,-2,-2
40904,1,-1,-1
40905,1,-2,-2
40906,0,-2,-2
40907,1,-2,-2
40908,1,-2,-2
40909,0,-1,-1
40910,0,-2,-2
40911,0,-2,-2
40912,1,-1,-1
40913,1,-1,-1
40914,0,-2,-2
40915,1,-2,-2
40916,0,-2,-2
40917,1,-2,-2
40918,0,-2,-2
40919,1,-1,-1
40920,1,-1,-1
40921,1,-2,-2
40922,1,-1,-1
40923,0,-2,-2
40924,0,-2,-2
40925,1,-1,-1
40926,0,-1,-1
40927,0,-2,-2
40928,0,-2,-2
40929,1,-2,-2
40930,1,-2,-2
40931,1,-1,-1
40932,1,-2,-2
40933,0,-1,-1
40934,0,-2,-2
40935,1,-2,-2
40936,1,-2,-2
40937,0,-2,-2
40938,1,-2,-2
40939,1,-2,-2
40940,0,-2,-2
40941,1,-1,-1
40942,0,-1,-1
40943,0,-2,-2
40944,1,-2,-2
40945,1,-2,-2
40946,0,-2,-2
40947,0,-2,-2
40948,1,-2,-2
40949,0,-2,-2
40950,0,-2,-2
40951,0,-2,-2
40952,1,-2,-2
40953,1,-2,-2
40954,0,-1,-1
40955,1,-2,-2
40956,1,-2,-2
40957,1,-2,-2
40958,0,-2,-2
40959,0,-2,-2
40960,1,-1,-1
40961,1,-2,-2
40962,1,-2,-2
40963,0,-1,-1
40964,0,-2,-2
40965,1,-2,-2
40966,0,-2,-2
40967,1,-1,-1
40968,1,-2,-2
40969,0,-2,-2
40970,1,-2,-2
40971,1,-2,-2
40972,0,-2,-2
40973,0,-2,-2
40974,0,-2,-2
40975,1,-2,-2
40976,0,-2,-2
40977,1,-2,-2
40978,0,-2,-2
40979,1,-2,-2
40980,1,-1,-1
40981,0,-2,-2
40982,1,-2,-2
40983,1,-1,-1
40984,1,-2,-2
40985,1,-2,-2
40986,0,-2,-2
40987,0,-2,-2
40988,1,-1,-1
40989,1,-2,-2
40990,1,-2,-2
40991,0,-2,-2
40992,0,-2,-2
40993,1,-2,-2
40994,1,-2,-2
40995,0,-2,-2
40996,1,-1,-1
40997,1,-1,-1
40998,1,-2,-2
40999,1,-2,-2
41000,0,-2,-2
41001,1,-2,-2
41002,0,-2,-2
41003,1,-2,-2
41004,1,-2,-2
41005,1,-1,-1
41006,0,-2,-2
41007,1,-2,-2
41008,1,-2,-2
41009,0,-2,-2
41010,1,-2,-2
41011,0,-2,-2
41012,0,-1,-1
41013,1,-2,-2
41014,1,-2,-2
41015,0,-2,-2
41016,0,-1,-1
41017,1,-1,-1
41018,0,-2,-2
41019,1,-2,-2
41020,0,-1,-1
41021,0,-2,-2
41022,1,-2,-2
41023,0,-2,-2
41024,1,-2,-2
41025,1,-2,-2
41026,0,-2,-2
41027,1,-2,-2
41028,1,-1,-1
41029,1,-2,-2
41030,0,-2,-2
41031,1,-2,-2
41032,1,-2,-2
41033,0,-2,-2
41034,1,-1,-1
41035,0,-2,-2
41036,0,-2,-2
41037,0,-2,-2
41038,1,-2,-2
41039,0,-2,-2
41040,1,-2,-2
41041,1,-2,-2
41042,0,-2,-2
41043,0,-2,-2
41044,1,-1,-1
41045,0,-2,-2
41046,0,-1,-1
41047,1,-2,-2
41048,0,-2,-2
41049,0,-2,-2
41050,1,-1,-1
41051,1,-2,-2
41052,0,-2,-2
41053,1,-2,-2
41054,1,-1,-1
41055,0,-2,-2
41056,0,-1,-1
41057,0,-1,-1
41058,1,-2,-2
41059,1,-2,-2
41060,0,-2,-2
41061,0,-2,-2
41062,1,-2,-2
41063,1,-2,-2
41064,1,-2,-2
41065,1,-2,-2
41066,1,-1,-1
41067,1,-2,-2
41068,0,-2,-2
41069,1,-2,-2
41070,0,-2,-2
41071,0,-2,-2
41072,0,-2,-2
41073,1,-1,-1
41074,0,-2,-2
41075,0,-2,-2
41076,1,-2,-2
41077,1,-2,-2
41078,1,-2,-2
41079,1,-2,-2
41080,0,-2,-2
41081,0,-2,-2
41082,1,-2,-2
41083,0,-2,-2
41084,0,-2,-2
41085,0,-1,-1
41086,0,-2,-2
41087,0,-2,-2
41088,1,-2,-2
41089,1,-2,-2
41090,0,-2,-2
41091,1,-2,-2
41092,0,-2,-2
41093,1,-1,-1
41094,0,-2,-2
41095,0,-2,-2
41096,1,-2,-2
41097,1,-2,-2
41098,0,-1,-1
41099,0,-2,-2
41100,0,-1,-1
41101,1,-2,-2
41102,0,-1,-1
41103,0,-1,-1
41104,1,-2,-2
41105,0,-2,-2
41106,1,-2,-2
41107,1,-2,-2
41108,0,-2,-2
41109,1,-2,-2
41110,1,-1,-1
41111,1,-2,-2
41112,0,-2,-2
41113,1,-2,-2
41114,0,-2,-2
41115,0,-2,-2
41116,1,-1,-1
41117,0,-2,-2
41118,1,-2,-2
41119,1,-2,-2
41120,1,-2,-2
41121,0,-2,-2
41122,0,-2,-2
41123,0,-2,-2
41124,0,-2,-2
41125,0,-2,-2
41126,0,-1,-1
41127,1,-2,-2
41128,1,-1,-1
41129,0,-2,-2
41130,1,-1,-1
41131,1,-2,-2
41132,0,-2,-2
41133,1,-2,-2
41134,1,-2,-2
41135,1,-2,-2
41136,1,-2,-2
41137,0,-2,-2
41138,0,-1,-1
41139,0,-2,-2
41140,1,-2,-2
41141,0,-2,-2
41142,1,-2,-2
41143,0,-2,-2
41144,0,-2,-2
41145,1,-2,-2
41146,1,-2,-2
41147,1,-2,-2
41148,1,-2,-2
41149,1,-1,-1
41150,1,-2,-2
41151,0,-2,-2
41152,0,-1,-1
41153,0,-2,-2
41154,0,-2,-2
41155,1,-2,-2
41156,0,-2,-2
41157,1,-2,-2
41158,1,-1,-1
41159,1,-1,-1
41160,0,-2,-2
41161,1,-1,-1
41162,1,-2,-2
41163,0,-1,-1
41164,0,-2,-2
41165,1,-2,-2
41166,1,-1,-1
41167,0,-2,-2
41168,1,-2,-2
41169,0,-2,-2
41170,1,-1,-1
41171,1,-2,-2
41172,0,-2,-2
41173,0,-1,-1
41174,1,-2,-2
41175,0,-2,-2
41176,0,-1,-1
41177,1,-1,-1
41178,1,-2,-2
41179,1,-2,-2
41180,0,-2,-2
41181,1,-2,-2
41182,0,-2,-2
41183,0,-2,-2
41184,1,-2,-2
41185,1,-1,-1
41186,1,-2,-2
41187,0,-1,-1
41188,1,-2,-2
41189,0,-1,-1
41190,0,-2,-2
41191,1,-2,-2
41192,0,-2,-2
41193,0,-2,-2
41194,0,-1,-1
41195,1,-2,-2
41196,0,-2,-2
41197,1,-1,-1
41198,0,-1,-1
41199,0,-2,-2
41200,1,-2,-2
41201,0,-2,-2
41202,0,-2,-2
41203,0,-2,-2
41204,1,-2,-2
41205,1,-2,-2
41206,0,-1,-1
41207,0,-2,-2
41208,1,-2,-2
41209,0,-2,-2
41210,0,-1,-1
41211,1,-2,-2
41212,1,-1,-1
41213,0,-2,-2
41214,0,-1,-1
41215,0,-2,-2
41216,1,-2,-2
41217,1,-2,-2
41218,0,-2,-2
41219,0,-1,-1
41220,1,-2,-2
41221,0,-1,-1
41222,0,-2,-2
41223,0,-2,-2
41224,0,-2,-2
41225,1,-2,-2
41226,0,-2,-2
41227,1,-1,-1
41228,1,-2,-2
41229,0,-2,-2
41230,0,-2,-2
41231,1,-1,-1
41232,0,-2,-2
41233,0,-2,-2
41234,0,-1,-1
41235,0,-1,-1
41236,0,-2,-2
41237,0,-1,-1
41238,1,-2,-2
41239,0,-1,-1
41240,1,-2,-2
41241,1,-2,-2
41242,1,-2,-2
41243,0,-1,-1
41244,1,-2,-2
41245,1,-2,-2
41246,0,-2,-2
41247,0,-2,-2
41248,1,-1,-1
41249,1,-2,-2
41250,1,-1,-1
41251,0,-2,-2
41252,0,-2,-2
41253,1,-2,-2
41254,1,-2,-2
41255,1,-2,-2
41256,0,-2,-2
41257,0,-2,-2
41258,0,-2,-2
41259,1,-1,-1
41260,0,-2,-2
41261,0,-2,-2
41262,1,-2,-2
41263,0,-2,-2
41264,0,-1,-1
41265,0,-2,-2
41266,1,-2,-2
41267,1,-2,-2
41268,0,-2,-2
41269,1,-2,-2
41270,0,-2,-2
41271,1,-2,-2
41272,1,-2,-2
41273,0,-1,-1
41274,1,-2,-2
41275,0,-2,-2
41276,0,-2,-2
41277,0,-2,-2
41278,1,-2,-2
41279,1,-2,-2
41280,0,-2,-2
41281,0,-2,-2
41282,1,-2,-2
41283,0,-2,-2
41284,1,-1,-1
41285,1,-2,-2
41286,1,-2,-2
41287,0,-2,-2
41288,0,-2,-2
41289,0,-2,-2
41290,0,-1,-1
41291,0,-1,-1
41292,0,-2,-2
41293,0,-2,-2
41294,0,-2,-2
41295,0,-2,-2
41296,1,-2,-2
41297,0,-2,-2
41298,1,-2,-2
41299,0,-1,-1
41300,1,-2,-2
41301,0,-2,-2
41302,1,-2,-2
41303,1,-2,-2
41304,0,-2,-2
41305,1,-2,-2
41306,0,-2,-2
41307,0,-2,-2
41308,0,-2,-2
41309,0,-2,-2
41310,1,-2,-2
41311,0,-2,-2
41312,0,-2,-2
41313,0,-2,-2
41314,0,-2,-2
41315,0,-2,-2
41316,1,-2,-2
41317,1,-2,-2
41318,1,-2,-2
41319,1,-2,-2
41320,0,-1,-1
41321,0,-2,-2
41322,1,-2,-2
41323,0,-2,-2
41324,1,-2,-2
41325,0,-2,-2
41326,1,-2,-2
41327,1,-2,-2
41328,0,-2,-2
41329,1,-2,-2
41330,1,-2,-2
41331,0,-2,-2
41332,1,-2,-2
41333,0,-2,-2
41334,1,-2,-2
41335,1,-2,-2
41336,0,-2,-2
41337,1,-2,-2
41338,0,-2,-2
41339,0,-2,-2
41340,1,-2,-2
41341,1,-2,-2
41342,1,-2,-2
41343,1,-2,-2
41344,1,-2,-2
41345,0,-1,-1
41346,1,-1,-1
41347,1,-2,-2
41348,1,-2,-2
41349,0,-1,-1
41350,0,-2,-2
41351,1,-1,-1
41352,1,-1,-1
41353,1,-2,-2
41354,1,-2,-2
41355,1,-1,-1
41356,0,-2,-2
41357,0,-1,-1
41358,1,-2,-2
41359,1,-2,-2
41360,0,-2,-2
41361,1,-2,-2
41362,1,-2,-2
41363,0,-2,-2
41364,1,-2,-2
41365,1,-1,-1
41366,0,-2,-2
41367,0,-2,-2
41368,0,-1,-1
41369,0,-2,-2
41370,0,-2,-2
41371,1,-1,-1
41372,0,-2,-2
41373,1,-2,-2
41374,1,-2,-2
41375,1,-1,-1
41376,1,-2,-2
41377,0,-2,-2
41378,0,-2,-2
41379,1,-1,-1
41380,1,-2,-2
41381,0,-2,-2
41382,1,-2,-2
41383,1,-2,-2
41384,1,-1,-1
41385,0,-2,-2
41386,1,-2,-2
41387,1,-1,-1
41388,0,-2,-2
41389,1,-2,-2
41390,0,-1,-1
41391,0,-2,-2
41392,1,-2,-2
41393,0,-2,-2
41394,1,-2,-2
41395,0,-2,-2
41396,0,-2,-2
41397,1,-2,-2
41398,1,-2,-2
41399,1,-2,-2
41400,1,-2,-2
41401,1,-2,-2
41402,1,-2,-2
41403,0,-2,-2
41404,0,-2,-2
41405,0,-2,-2
41406,0,-2,-2
41407,1,-2,-2
41408,0,-2,-2
41409,0,-2,-2
41410,1,-2,-2
41411,0,-2,-2
41412,1,-2,-2
41413,0,-2,-2
41414,0,-1,-1
41415,0,-2,-2
41416,0,-2,-2
41417,1,-2,-2
41418,0,-2,-2
41419,0,-2,-2
41420,1,-2,-2
41421,0,-2,-2
41422,1,-2,-2
41423,0,-2,-2
41424,0,-2,-2
41425,1,-1,-1
41426,1,-2,-2
41427,0,-2,-2
41428,1,-2,-2
41429,1,-2,-2
41430,0,-2,-2
41431,0,-2,-2
41432,1,-1,-1
41433,1,-2,-2
41434,1,-2,-2
41435,0,-2,-2
41436,1,-2,-2
41437,1,-2,-2
41438,1,-2,-2
41439,0,-2,-2
41440,0,-2,-2
41441,1,-1,-1
41442,1,-2,-2
41443,1,-2,-2
41444,1,-2,-2
41445,0,-2,-2
41446,0,-2,-2
41447,1,-2,-2
41448,0,-2,-2
41449,0,-2,-2
41450,1,-1,-1
41451,1,-2,-2
41452,1,-2,-2
41453,0,-2,-2
41454,1,-1,-1
41455,1,-2,-2
41456,1,-2,-2
41457,0,-2,-2
41458,1,-2,-2
41459,0,-2,-2
41460,1,-2,-2
41461,1,-2,-2
41462,0,-2,-2
41463,0,-2,-2
41464,0,-2,-2
41465,1,-1,-1
41466,0,-2,-2
41467,0,-2,-2
41468,0,-2,-2
41469,1,-2,-2
41470,0,-2,-2
41471,0,-2,-2
41472,1,-2,-2
41473,1,-2,-2
41474,0,-2,-2
41475,0,-1,-1
41476,0,-2,-2
41477,1,-1,-1
41478,0,-2,-2
41479,1,-2,-2
41480,0,-2,-2
41481,1,-2,-2
41482,0,-2,-2
41483,0,-2,-2
41484,0,-1,-1
41485,0,-1,-1
41486,0,-2,-2
41487,0,-2,-2
41488,0,-2,-2
41489,0,-2,-2
41490,0,-2,-2
41491,1,-2,-2
41492,1,-2,-2
41493,0,-2,-2
41494,0,-2,-2
41495,0,-2,-2
41496,0,-2,-2
41497,1,-2,-2
41498,0,-2,-2
41499,0,-2,-2
41500,1,-2,-2
41501,0,-2,-2
41502,1,-2,-2
41503,1,-2,-2
41504,0,-2,-2
41505,0,-2,-2
41506,1,-2,-2
41507,1,-1,-1
41508,1,-2,-2
41509,1,-2,-2
41510,1,-2,-2
41511,0,-2,-2
41512,0,-2,-2
41513,0,-1,-1
41514,0,-2,-2
41515,0,-2,-2
41516,1,-2,-2
41517,0,-2,-2
41518,1,-2,-2
41519,1,-2,-2
41520,0,-2,-2
41521,1,-2,-2
41522,1,-2,-2
41523,0,-1,-1
41524,0,-2,-2
41525,0,-2,-2
41526,0,-2,-2
41527,1,-1,-1
41528,1,-2,-2
41529,1,-2,-2
41530,1,-1,-1
41531,0,-1,-1
41532,1,-2,-2
41533,1,-2,-2
41534,0,-1,-1
41535,1,-1,-1
41536,0,-2,-2
41537,0,-2,-2
41538,1,-2,-2
41539,0,-1,-1
41540,1,-2,-2
41541,1,-2,-2
41542,1,-2,-2
41543,0,-1,-1
41544,1,-2,-2
41545,0,-2,-2
41546,1,-1,-1
41547,1,-1,-1
41548,1,-2,-2
41549,1,-2,-2
41550,0,-2,-2
41551,1,-2,-2
41552,0,-2,-2
41553,0,-2,-2
41554,0,-1,-1
41555,1,-2,-2
41556,1,-2,-2
41557,0,-1,-1
41558,1,-1,-1
41559,0,-2,-2
41560,1,-1,-1
41561,0,-1,-1
41562,0,-2,-2
41563,1,-2,-2
41564,0,-2,-2
41565,1,-1,-1
41566,1,-2,-2
41567,0,-1,-1
41568,0,-2,-2
41569,0,-2,-2
41570,1,-2,-2
41571,0,-2,-2
41572,0,-2,-2
41573,0,-2,-2
41574,0,-2,-2
41575,1,-2,-2
41576,1,-1,-1
41577,0,-2,-2
41578,0,-1,-1
41579,1,-2,-2
41580,1,-2,-2
41581,1,-2,-2
41582,1,-2,-2
41583,1,-2,-2
41584,1,-2,-2
41585,0,-2,-2
41586,1,-2,-2
41587,0,-1,-1
41588,1,-1,-1
41589,1,-2,-2
41590,0,-2,-2
41591,0,-2,-2
41592,0,-2,-2
41593,0,-2,-2
41594,0,-2,-2
41595,0,-2,-2
41596,1,-2,-2
41597,1,-2,-2
41598,1,-2,-2
41599,1,-1,-1
41600,1,-2,-2
41601,0,-2,-2
41602,1,-2,-2
41603,1,-2,-2
41604,1,-2,-2
41605,0,-2,-2
41606,1,-1,-1
41607,0,-2,-2
41608,1,-2,-2
41609,1,-1,-1
41610,0,-2,-2
41611,0,-2,-2
41612,0,-1,-1
41613,0,-1,-1
41614,1,-2,-2
41615,1,-2,-2
41616,0,-2,-2
41617,0,-2,-2
41618,1,-2,-2
41619,1,-2,-2
41620,1,-2,-2
41621,0,-2,-2
41622,0,-1,-1
41623,0,-2,-2
41624,1,-2,-2
41625,1,-2,-2
41626,0,-2,-2
41627,1,-2,-2
41628,1,-1,-1
41629,1,-2,-2
41630,1,-1,-1
41631,0,-2,-2
41632,0,-1,-1
41633,0,-1,-1
41634,1,-2,-2
41635,1,-1,-1
41636,1,-2,-2
41637,0,-2,-2
41638,1,-2,-2
41639,0,-2,-2
41640,0,-2,-2
41641,1,-2,-2
41642,1,-2,-2
41643,0,-1,-1
41644,1,-2,-2
41645,1,-2,-2
41646,0,-2,-2
41647,0,-2,-2
41648,1,-2,-2
41649,1,-2,-2
41650,1,-1,-1
41651,0,-2,-2
41652,0,-2,-2
41653,0,-2,-2
41654,0,-2,-2
41655,1,-1,-1
41656,0,-1,-1
41657,1,-2,-2
41658,1,-2,-2
41659,1,-2,-2
41660,0,-2,-2
41661,0,-2,-2
41662,1,-1,-1
41663,1,-2,-2
41664,1,-1,-1
41665,0,-2,-2
41666,0,-2,-2
41667,0,-1,-1
41668,0,-1,-1
41669,1,-2,-2
41670,0,-2,-2
41671,0,-2,-2
41672,1,-2,-2
41673,0,-2,-2
41674,0,-1,-1
41675,1,-2,-2
41676,1,-1,-1
41677,0,-2,-2
41678,1,-1,-1
41679,1,-2,-2
41680,0,-2,-2
41681,0,-2,-2
41682,0,-1,-1
41683,0,-2,-2
41684,0,-2,-2
41685,0,-2,-2
41686,1,-2,-2
41687,0,-2,-2
41688,1,-1,-1
41689,1,-2,-2
41690,0,-2,-2
41691,0,-2,-2
41692,0,-2,-2
41693,0,-2,-2
41694,0,-2,-2
41695,1,-2,-2
41696,0,-1,-1
41697,0,-2,-2
41698,1,-1,-1
41699,1,-2,-2
41700,1,-2,-2
41701,1,-2,-2
41702,1,-1,-1
41703,1,-2,-2
41704,1,-2,-2
41705,1,-2,-2
41706,1,-2,-2
41707,0,-1,-1
41708,0,-1,-1
41709,1,-1,-1
41710,0,-2,-2
41711,1,-2,-2
41712,1,-2,-2
41713,0,-2,-2
41714,0,-2,-2
41715,0,-2,-2
41716,0,-2,-2
41717,1,-2,-2
41718,1,-2,-2
41719,0,-2,-2
41720,1,-1,-1
41721,0,-2,-2
41722,1,-2,-2
41723,0,-2,-2
41724,0,-2,-2
41725,1,-2,-2
41726,1,-1,-1
41727,1,-2,-2
41728,0,-2,-2
41729,1,-1,-1
41730,0,-1,-1
41731,1,-2,-2
41732,0,-2,-2
41733,0,-2,-2
41734,0,-2,-2
41735,1,-2,-2
41736,1,-2,-2
41737,1,-2,-2
41738,1,-1,-1
41739,1,-1,-1
41740,0,-2,-2
41741,0,-2,-2
41742,0,-2,-2
41743,1,-2,-2
41744,0,-2,-2
41745,0,-1,-1
41746,0,-2,-2
41747,0,-1,-1
41748,1,-2,-2
41749,1,-2,-2
41750,1,-1,-1
41751,1,-2,-2
41752,0,-2,-2
41753,0,-2,-2
41754,0,-1,-1
41755,1,-2,-2
41756,0,-2,-2
41757,1,-2,-2
41758,0,-2,-2
41759,1,-2,-2
41760,1,-2,-2
41761,1,-2,-2
41762,1,-2,-2
41763,0,-2,-2
41764,1,-2,-2
41765,1,-2,-2
41766,0,-2,-2
41767,0,-2,-2
41768,1,-2,-2
41769,0,-2,-2
41770,0,-2,-2
41771,1,-2,-2
41772,0,-1,-1
41773,1,-2,-2
41774,0,-2,-2
41775,0,-2,-2
41776,0,-2,-2
41777,1,-2,-2
41778,0,-2,-2
41779,0,-1,-1
41780,1,-2,-2
41781,0,-2,-2
41782,1,-2,-2
41783,0,-1,-1
41784,0,-2,-2
41785,0,-2,-2
41786,0,-2,-2
41787,1,-2,-2
41788,0,-2,-2
41789,1,-2,-2
41790,0,-2,-2
41791,0,-2,-2
41792,1,-2,-2
41793,1,-2,-2
41794,0,-2,-2
41795,1,-2,-2
41796,1,-2,-2
41797,1,-1,-1
41798,0,-2,-2
41799,1,-1,-1
41800,1,-2,-2
41801,1,-2,-2
41802,0,-2,-2
41803,1,-2,-2
41804,1,-2,-2
41805,0,-2,-2
41806,1,-1,-1
41807,1,-1,-1
41808,0,-1,-1
41809,1,-2,-2
41810,1,-2,-2
41811,1,-2,-2
41812,0,-2,-2
41813,0,-2,-2
41814,1,-2,-2
41815,0,-2,-2
41816,0,-2,-2
41817,0,-2,-2
41818,0,-1,-1
41819,0,-2,-2
41820,1,-2,-2
41821,1,-2,-2
41822,1,-2,-2
41823,1,-2,-2
41824,1,-2,-2
41825,0,-2,-2
41826,1,-2,-2
41827,1,-2,-2
41828,1,-1,-1
41829,1,-2,-2
41830,0,-2,-2
41831,0,-2,-2
41832,0,-2,-2
41833,1,-1,-1
41834,0,-2,-2
41835,1,-2,-2
41836,1,-2,-2
41837,1,-2,-2
41838,0,-2,-2
41839,0,-2,-2
41840,0,-2,-2
41841,0,-2,-2
41842,0,-2,-2
41843,1,-2,-2
41844,1,-2,-2
41845,1,-2,-2
41846,0,-2,-2
41847,0,-2,-2
41848,1,-2,-2
41849,1,-2,-2
41850,1,-2,-2
41851,1,-2,-2
41852,1,-2,-2
41853,0,-2,-2
41854,1,-2,-2
41855,1,-2,-2
41856,0,-2,-2
41857,1,-2,-2
41858,0,-1,-1
41859,0,-2,-2
41860,1,-2,-2
41861,0,-1,-1
41862,0,-1,-1
41863,1,-2,-2
41864,1,-2,-2
41865,0,-1,-1
41866,0,-2,-2
41867,1,-2,-2
41868,1,-2,-2
41869,0,-2,-2
41870,0,-2,-2
41871,0,-2,-2
41872,0,-2,-2
41873,1,-2,-2
41874,0,-2,-2
41875,1,-2,-2
41876,0,-2,-2
41877,0,-2,-2
41878,1,-1,-1
41879,0,-2,-2
41880,1,-2,-2
41881,1,-2,-2
41882,1,-1,-1
41883,0,-2,-2
41884,1,-2,-2
41885,1,-2,-2
41886,0,-1,-1
41887,0,-2,-2
41888,0,-2,-2
41889,1,-2,-2
41890,0,-2,-2
41891,0,-2,-2
41892,0,-2,-2
41893,0,-2,-2
41894,0,-2,-2
41895,0,-2,-2
41896,0,-2,-2
41897,0,-2,-2
41898,0,-2,-2
41899,0,-2,-2
41900,1,-2,-2
41901,0,-2,-2
41902,0,-2,-2
41903,1,-2,-2
41904,0,-2,-2
41905,0,-2,-2
41906,1,-2,-2
41907,1,-2,-2
41908,0,-2,-2
41909,0,-1,-1
41910,0,-2,-2
41911,1,-2,-2
41912,0,-2,-2
41913,0,-2,-2
41914,1,-2,-2
41915,0,-2,-2
41916,1,-2,-2
41917,0,-2,-2
41918,1,-2,-2
41919,0,-2,-2
41920,0,-2,-2
41921,0,-1,-1
41922,1,-2,-2
41923,1,-2,-2
41924,1,-2,-2
41925,1,-2,-2
41926,0,-2,-2
41927,0,-2,-2
41928,0,-2,-2
41929,0,-1,-1
41930,1,-2,-2
41931,0,-2,-2
41932,1,-1,-1
41933,0,-1,-1
41934,0,-2,-2
41935,1,-2,-2
41936,1,-1,-1
41937,0,-2,-2
41938,1,-1,-1
41939,1,-2,-2
41940,0,-1,-1
41941,0,-2,-2
41942,0,-2,-2
41943,1,-2,-2
41944,0,-2,-2
41945,1,-2,-2
41946,0,-1,-1
41947,0,-2,-2
41948,1,-2,-2
41949,1,-2,-2
41950,0,-2,-2
41951,0,-2,-2
41952,1,-2,-2
41953,0,-2,-2
41954,1,-2,-2
41955,1,-2,-2
41956,0,-2,-2
41957,1,-2,-2
41958,1,-2,-2
41959,1,-2,-2
41960,0,-2,-2
41961,1,-2,-2
41962,1,-2,-2
41963,1,-2,-2
41964,1,-2,-2
41965,1,-2,-2
41966,1,-2,-2
41967,0,-2,-2
41968,0,-1,-1
41969,0,-1,-1
41970,1,-1,-1
41971,0,-2,-2
41972,1,-2,-2
41973,1,-1,-1
41974,1,-2,-2
41975,0,-2,-2
41976,0,-2,-2
41977,0,-1,-1
41978,1,-1,-1
41979,1,-1,-1
41980,1,-2,-2
41981,1,-2,-2
41982,0,-2,-2
41983,0,-2,-2
41984,1,-2,-2
41985,1,-2,-2
41986,0,-2,-2
41987,1,-2,-2
41988,0,-1,-1
41989,0,-2,-2
41990,0,-2,-2
41991,1,-2,-2
41992,1,-2,-2
41993,0,-2,-2
41994,1,-2,-2
41995,1,-2,-2
41996,1,-2,-2
41997,1,-2,-2
41998,0,-2,-2
41999,0,-2,-2
42000,1,-2,-2
42001,1,-2,-2
42002,0,-2,-2
42003,1,-2,-2
42004,0,-2,-2
42005,1,-1,-1
42006,1,-2,-2
42007,0,-2,-2
42008,0,-1,-1
42009,0,-2,-2
42010,0,-2,-2
42011,0,-2,-2
42012,0,-2,-2
42013,0,-2,-2
42014,0,-2,-2
42015,1,-1,-1
42016,1,-2,-2
42017,1,-1,-1
42018,1,-2,-2
42019,0,-1,-1
42020,0,-2,-2
42021,0,-2,-2
42022,0,-2,-2
42023,0,-2,-2
42024,0,-2,-2
42025,0,-1,-1
42026,1,-2,-2
42027,1,-2,-2
42028,1,-2,-2
42029,1,-2,-2
42030,1,-2,-2
42031,1,-1,-1
42032,1,-2,-2
42033,1,-1,-1
42034,0,-2,-2
42035,1,-2,-2
42036,0,-2,-2
42037,0,-2,-2
42038,0,-2,-2
42039,1,-2,-2
42040,0,-1,-1
42041,0,-2,-2
42042,1,-2,-2
42043,1,-1,-1
42044,0,-2,-2
42045,1,-2,-2
42046,1,-2,-2
42047,0,-2,-2
42048,1,-2,-2
42049,0,-2,-2
42050,0,-2,-2
42051,1,-2,-2
42052,0,-2,-2
42053,1,-2,-2
42054,0,-2,-2
42055,0,-2,-2
42056,0,-2,-2
42057,0,-2,-2
42058,0,-2,-2
42059,0,-2,-2
42060,0,-2,-2
42061,1,-2,-2
42062,1,-2,-2
42063,0,-2,-2
42064,0,-2,-2
42065,0,-2,-2
42066,0,-1,-1
42067,1,-2,-2
42068,0,-1,-1
42069,0,-2,-2
42070,0,-1,-1
42071,1,-2,-2
42072,1,-2,-2
42073,0,-2,-2
42074,0,-2,-2
42075,0,-2,-2
42076,0,-2,-2
42077,0,-2,-2
42078,0,-2,-2
42079,0,-2,-2
42080,1,-2,-2
42081,0,-1,-1
42082,0,-2,-2
42083,0,-2,-2
42084,1,-2,-2
42085,0,-2,-2
42086,0,-2,-2
42087,0,-1,-1
42088,0,-2,-2
42089,0,-2,-2
42090,1,-2,-2
42091,1,-2,-2
42092,0,-2,-2
42093,1,-2,-2
42094,0,-1,-1
42095,0,-1,-1
42096,1,-2,-2
42097,1,-1,-1
42098,1,-2,-2
42099,0,-2,-2
42100,1,-2,-2
42101,0,-2,-2
42102,0,-2,-2
42103,0,-2,-2
42104,1,-2,-2
42105,0,-2,-2
42106,1,-2,-2
42107,0,-1,-1
42108,0,-2,-2
42109,0,-1,-1
42110,1,-2,-2
42111,0,-2,-2
42112,1,-2,-2
42113,1,-2,-2
42114,0,-2,-2
42115,0,-2,-2
42116,1,-2,-2
42117,1,-2,-2
42118,1,-2,-2
42119,1,-1,-1
42120,1,-2,-2
42121,0,-1,-1
42122,1,-2,-2
42123,0,-2,-2
42124,0,-2,-2
42125,0,-2,-2
42126,0,-2,-2
42127,1,-2,-2
42128,0,-2,-2
42129,0,-2,-2
42130,0,-2,-2
42131,0,-2,-2
42132,0,-2,-2
42133,1,-2,-2
42134,1,-2,-2
42135,0,-2,-2
42136,0,-2,-2
42137,1,-2,-2
42138,0,-2,-2
42139,1,-2,-2
42140,0,-2,-2
42141,0,-2,-2
42142,0,-2,-2
42143,1,-2,-2
42144,1,-2,-2
42145,1,-2,-2
42146,1,-2,-2
42147,0,-2,-2
42148,1,-2,-2
42149,1,-2,-2
42150,0,-2,-2
42151,1,-1,-1
42152,1,-2,-2
42153,1,-2,-2
42154,1,-1,-1
42155,1,-2,-2
42156,1,-2,-2
42157,1,-2,-2
42158,1,-2,-2
42159,1,-2,-2
42160,0,-2,-2
42161,0,-2,-2
42162,0,-1,-1
42163,1,-2,-2
42164,1,-2,-2
42165,0,-2,-2
42166,1,-1,-1
42167,1,-2,-2
42168,1,-2,-2
42169,0,-1,-1
42170,0,-1,-1
42171,0,-1,-1
42172,0,-2,-2
42173,1,-2,-2
42174,0,-2,-2
42175,0,-2,-2
42176,0,-2,-2
42177,1,-2,-2
42178,0,-2,-2
42179,0,-2,-2
42180,1,-2,-2
42181,1,-2,-2
42182,1,-2,-2
42183,0,-2,-2
42184,1,-2,-2
42185,1,-2,-2
42186,0,-2,-2
42187,0,-2,-2
42188,1,-2,-2
42189,0,-2,-2
42190,0,-2,-2
42191,0,-2,-2
42192,0,-2,-2
42193,1,-2,-2
42194,1,-2,-2
42195,1,-2,-2
42196,0,-2,-2
42197,1,-2,-2
42198,0,-2,-2
42199,0,-2,-2
42200,0,-2,-2
42201,0,-1,-1
42202,1,-2,-2
42203,1,-2,-2
42204,0,-2,-2
42205,0,-2,-2
42206,1,-2,-2
42207,1,-2,-2
42208,1,-2,-2
42209,0,-2,-2
42210,0,-2,-2
42211,0,-1,-1
42212,0,-2,-2
42213,0,-2,-2
42214,0,-2,-2
42215,0,-2,-2
42216,0,-2,-2
42217,1,-2,-2
42218,0,-2,-2
42219,0,-2,-2
42220,0,-2,-2
42221,0,-2,-2
42222,1,-1,-1
42223,0,-2,-2
42224,1,-2,-2
42225,1,-1,-1
42226,1,-2,-2
42227,1,-2,-2
42228,1,-1,-1
42229,0,-2,-2
42230,1,-1,-1
42231,1,-2,-2
42232,1,-2,-2
42233,1,-2,-2
42234,1,-2,-2
42235,1,-2,-2
42236,0,-2,-2
42237,1,-1,-1
42238,1,-1,-1
42239,0,-2,-2
42240,1,-2,-2
42241,0,-1,-1
42242,0,-2,-2
42243,0,-2,-2
42244,1,-2,-2
42245,0,-1,-1
42246,1,-2,-2
42247,0,-1,-1
42248,1,-2,-2
42249,1,-2,-2
42250,1,-2,-2
42251,0,-2,-2
42252,1,-2,-2
42253,0,-2,-2
42254,1,-1,-1
42255,0,-2,-2
42256,0,-1,-1
42257,1,-2,-2
42258,0,-2,-2
42259,1,-2,-2
42260,0,-2,-2
42261,1,-2,-2
42262,0,-1,-1
42263,1,-2,-2
42264,1,-2,-2
42265,0,-2,-2
42266,0,-2,-2
42267,0,-2,-2
42268,0,-2,-2
42269,1,-2,-2
42270,1,-2,-2
42271,1,-2,-2
42272,1,-2,-2
42273,0,-2,-2
42274,1,-2,-2
42275,0,-1,-1
42276,0,-2,-2
42277,0,-2,-2
42278,0,-1,-1
42279,0,-1,-1
42280,0,-2,-2
42281,1,-2,-2
42282,1,-1,-1
42283,1,-2,-2
42284,1,-2,-2
42285,0,-2,-2
42286,0,-2,-2
42287,1,-1,-1
42288,1,-2,-2
42289,1,-1,-1
42290,0,-2,-2
42291,0,-2,-2
42292,0,-2,-2
42293,1,-1,-1
42294,1,-2,-2
42295,0,-2,-2
42296,1,-2,-2
42297,1,-2,-2
42298,1,-2,-2
42299,1,-2,-2
42300,0,-1,-1
42301,1,-2,-2
42302,0,-2,-2
42303,1,-2,-2
42304,1,-1,-1
42305,1,-1,-1
42306,1,-2,-2
42307,1,-2,-2
42308,0,-2,-2
42309,0,-2,-2
42310,1,-2,-2
42311,0,-2,-2
42312,1,-2,-2
42313,0,-2,-2
42314,1,-2,-2
42315,1,-2,-2
42316,1,-2,-2
42317,1,-2,-2
42318,0,-2,-2
42319,0,-2,-2
42320,1,-2,-2
42321,0,-2,-2
42322,0,-2,-2
42323,0,-2,-2
42324,0,-2,-2
42325,0,-2,-2
42326,1,-2,-2
42327,0,-2,-2
42328,1,-1,-1
42329,1,-2,-2
42330,0,-2,-2
42331,1,-2,-2
42332,1,-1,-1
42333,0,-2,-2
42334,0,-2,-2
42335,0,-2,-2
42336,0,-2,-2
42337,1,-2,-2
42338,1,-2,-2
42339,0,-2,-2
42340,0,-2,-2
42341,1,-1,-1
42342,0,-2,-2
42343,1,-2,-2
42344,0,-2,-2
42345,1,-2,-2
42346,1,-2,-2
42347,0,-2,-2
42348,1,-2,-2
42349,1,-2,-2
42350,1,-2,-2
42351,0,-2,-2
42352,1,-2,-2
42353,0,-2,-2
42354,0,-2,-2
42355,0,-2,-2
42356,0,-2,-2
42357,1,-1,-1
42358,0,-2,-2
42359,1,-1,-1
42360,0,-2,-2
42361,0,-2,-2
42362,0,-2,-2
42363,1,-2,-2
42364,1,-2,-2
42365,0,-2,-2
42366,1,-2,-2
42367,0,-2,-2
42368,1,-2,-2
42369,0,-1,-1
42370,0,-2,-2
42371,0,-1,-1
42372,1,-2,-2
42373,1,-1,-1
42374,1,-2,-2
42375,1,-2,-2
42376,1,-2,-2
42377,1,-2,-2
42378,1,-2,-2
42379,0,-2,-2
42380,1,-2,-2
42381,1,-2,-2
42382,0,-1,-1
42383,1,-2,-2
42384,0,-2,-2
42385,1,-2,-2
42386,1,-2,-2
42387,1,-2,-2
42388,1,-1,-1
42389,0,-2,-2
42390,1,-2,-2
42391,1,-2,-2
42392,0,-2,-2
42393,1,-1,-1
42394,0,-2,-2
42395,0,-2,-2
42396,0,-1,-1
42397,0,-2,-2
42398,0,-2,-2
42399,1,-2,-2
42400,0,-2,-2
42401,0,-1,-1
42402,0,-2,-2
42403,0,-2,-2
42404,1,-2,-2
42405,1,-2,-2
42406,0,-2,-2
42407,0,-2,-2
42408,0,-1,-1
42409,0,-2,-2
42410,1,-1,-1
42411,0,-2,-2
42412,0,-1,-1
42413,0,-1,-1
42414,1,-2,-2
42415,1,-2,-2
42416,0,-2,-2
42417,0,-2,-2
42418,1,-2,-2
42419,0,-1,-1
42420,0,-2,-2
42421,1,-2,-2
42422,0,-2,-2
42423,0,-2,-2
42424,0,-2,-2
42425,0,-2,-2
42426,1,-2,-2
42427,0,-2,-2
42428,1,-2,-2
42429,0,-2,-2
42430,0,-2,-2
42431,0,-2,-2
42432,1,-2,-2
42433,0,-2,-2
42434,0,-2,-2
42435,1,-2,-2
42436,0,-2,-2
42437,0,-2,-2
42438,0,-2,-2
42439,0,-2,-2
42440,0,-2,-2
42441,0,-2,-2
42442,0,-2,-2
42443,1,-2,-2
42444,0,-2,-2
42445,0,-2,-2
42446,0,-2,-2
42447,1,-2,-2
42448,0,-2,-2
42449,1,-2,-2
42450,1,-2,-2
42451,0,-2,-2
42452,1,-2,-2
42453,0,-2,-2
42454,1,-2,-2
42455,0,-2,-2
42456,1,-2,-2
42457,1,-1,-1
42458,1,-1,-1
42459,0,-1,-1
42460,0,-2,-2
42461,0,-2,-2
42462,1,-1,-1
42463,0,-1,-1
42464,0,-2,-2
42465,0,-1,-1
42466,1,-2,-2
42467,1,-2,-2
42468,0,-2,-2
42469,1,-2,-2
42470,0,-2,-2
42471,1,-1,-1
42472,0,-1,-1
42473,1,-2,-2
42474,0,-1,-1
42475,0,-1,-1
42476,0,-2,-2
42477,1,-2,-2
42478,0,-2,-2
42479,0,-2,-2
42480,1,-2,-2
42481,1,-1,-1
42482,0,-2,-2
42483,1,-2,-2
42484,1,-2,-2
42485,1,-2,-2
42486,1,-1,-1
42487,1,-2,-2
42488,1,-2,-2
42489,0,-2,-2
42490,1,-2,-2
42491,0,-2,-2
42492,0,-2,-2
42493,0,-2,-2
42494,1,-1,-1
42495,1,-2,-2
42496,0,-1,-1
42497,1,-1,-1
42498,1,-2,-2
42499,0,-1,-1
42500,0,-2,-2
42501,0,-2,-2
42502,0,-2,-2
42503,1,-2,-2
42504,1,-2,-2
42505,1,-2,-2
42506,1,-2,-2
42507,1,-2,-2
42508,1,-1,-1
42509,1,-2,-2
42510,0,-2,-2
42511,0,-2,-2
42512,0,-2,-2
42513,0,-2,-2
42514,0,-1,-1
42515,1,-2,-2
42516,1,-2,-2
42517,0,-2,-2
42518,1,-2,-2
42519,0,-2,-2
42520,0,-1,-1
42521,1,-1,-1
42522,1,-2,-2
42523,1,-2,-2
42524,0,-2,-2
42525,1,-2,-2
42526,0,-1,-1
42527,1,-2,-2
42528,1,-2,-2
42529,0,-2,-2
42530,1,-1,-1
42531,1,-1,-1
42532,1,-2,-2
42533,0,-2,-2
42534,0,-2,-2
42535,0,-2,-2
42536,1,-2,-2
42537,1,-2,-2
42538,1,-2,-2
42539,1,-1,-1
42540,1,-2,-2
42541,1,-1,-1
42542,1,-2,-2
42543,0,-2,-2
42544,0,-1,-1
42545,1,-2,-2
42546,0,-1,-1
42547,1,-1,-1
42548,0,-2,-2
42549,1,-1,-1
42550,0,-2,-2
42551,1,-2,-2
42552,0,-2,-2
42553,0,-2,-2
42554,0,-2,-2
42555,0,-2,-2
42556,1,-2,-2
42557,0,-2,-2
42558,0,-2,-2
42559,0,-2,-2
42560,0,-2,-2
42561,1,-2,-2
42562,1,-2,-2
42563,1,-2,-2
42564,0,-2,-2
42565,1,-2,-2
42566,0,-2,-2
42567,0,-2,-2
42568,0,-2,-2
42569,0,-1,-1
42570,1,-2,-2
42571,1,-2,-2
42572,0,-2,-2
42573,1,-2,-2
42574,0,-1,-1
42575,0,-2,-2
42576,0,-2,-2
42577,0,-2,-2
42578,0,-1,-1
42579,1,-1,-1
42580,0,-2,-2
42581,1,-1,-1
42582,0,-1,-1
42583,1,-2,-2
42584,1,-2,-2
42585,0,-2,-2
42586,1,-2,-2
42587,1,-2,-2
42588,0,-2,-2
42589,1,-2,-2
42590,0,-1,-1
42591,1,-1,-1
42592,0,-2,-2
42593,0,-2,-2
42594,1,-2,-2
42595,0,-2,-2
42596,0,-2,-2
42597,1,-2,-2
42598,0,-2,-2
42599,1,-1,-1
42600,1,-2,-2
42601,0,-2,-2
42602,0,-2,-2
42603,1,-2,-2
42604,0,-2,-2
42605,0,-1,-1
42606,0,-2,-2
42607,0,-2,-2
42608,0,-2,-2
42609,1,-2,-2
42610,1,-2,-2
42611,0,-2,-2
42612,1,-2,-2
42613,1,-2,-2
42614,0,-2,-2
42615,1,-2,-2
42616,1,-2,-2
42617,1,-2,-2
42618,0,-2,-2
42619,0,-2,-2
42620,1,-2,-2
42621,1,-2,-2
42622,1,-2,-2
42623,1,-2,-2
42624,1,-2,-2
42625,1,-2,-2
42626,1,-2,-2
42627,0,-1,-1
42628,1,-2,-2
42629,1,-2,-2
42630,0,-2,-2
42631,0,-2,-2
42632,0,-2,-2
42633,0,-1,-1
42634,0,-2,-2
42635,0,-1,-1
42636,1,-2,-2
42637,0,-2,-2
42638,1,-2,-2
42639,0,-1,-1
42640,0,-2,-2
42641,1,-2,-2
42642,0,-1,-1
42643,1,-2,-2
42644,1,-2,-2
42645,0,-2,-2
42646,0,-2,-2
42647,1,-2,-2
42648,0,-1,-1
42649,1,-1,-1
42650,0,-2,-2
42651,1,-2,-2
42652,0,-2,-2
42653,0,-2,-2
42654,0,-1,-1
42655,0,-2,-2
42656,1,-1,-1
42657,1,-2,-2
42658,0,-2,-2
42659,1,-2,-2
42660,1,-2,-2
42661,1,-1,-1
42662,0,-1,-1
42663,1,-2,-2
42664,1,-1,-1
42665,0,-2,-2
42666,0,-2,-2
42667,0,-2,-2
42668,1,-2,-2
42669,1,-2,-2
42670,0,-2,-2
42671,1,-2,-2
42672,1,-2,-2
42673,0,-2,-2
42674,1,-2,-2
42675,1,-2,-2
42676,1,-2,-2
42677,1,-2,-2
42678,0,-2,-2
42679,0,-1,-1
42680,0,-1,-1
42681,0,-1,-1
42682,1,-2,-2
42683,0,-1,-1
42684,1,-2,-2
42685,0,-2,-2
42686,0,-2,-2
42687,0,-1,-1
42688,1,-2,-2
42689,1,-2,-2
42690,0,-2,-2
42691,0,-2,-2
42692,0,-1,-1
42693,1,-1,-1
42694,1,-2,-2
42695,1,-2,-2
42696,0,-2,-2
42697,0,-1,-1
42698,1,-1,-1
42699,0,-2,-2
42700,0,-2,-2
42701,1,-2,-2
42702,1,-2,-2
42703,0,-1,-1
42704,0,-2,-2
42705,1,-2,-2
42706,0,-1,-1
42707,0,-2,-2
42708,1,-2,-2
42709,1,-2,-2
42710,0,-1,-1
42711,1,-2,-2
42712,1,-2,-2
42713,0,-1,-1
42714,0,-1,-1
42715,1,-2,-2
42716,1,-2,-2
42717,1,-2,-2
42718,1,-2,-2
42719,1,-2,-2
42720,0,-2,-2
42721,1,-2,-2
42722,1,-2,-2
42723,0,-2,-2
42724,1,-2,-2
42725,1,-2,-2
42726,1,-2,-2
42727,1,-1,-1
42728,0,-2,-2
42729,1,-2,-2
42730,1,-2,-2
42731,1,-2,-2
42732,1,-1,-1
42733,0,-1,-1
42734,1,-1,-1
42735,0,-1,-1
42736,0,-2,-2
42737,1,-1,-1
42738,0,-2,-2
42739,1,-2,-2
42740,0,-2,-2
42741,0,-1,-1
42742,0,-2,-2
42743,0,-2,-2
42744,1,-2,-2
42745,0,-2,-2
42746,0,-1,-1
42747,1,-2,-2
42748,1,-2,-2
42749,1,-2,-2
42750,1,-2,-2
42751,1,-2,-2
42752,0,-2,-2
42753,1,-2,-2
42754,1,-2,-2
42755,0,-2,-2
42756,0,-2,-2
42757,1,-1,-1
42758,1,-2,-2
42759,0,-2,-2
42760,1,-1,-1
42761,0,-2,-2
42762,0,-2,-2
42763,0,-2,-2
42764,1,-2,-2
42765,1,-2,-2
42766,0,-2,-2
42767,1,-2,-2
42768,1,-1,-1
42769,0,-1,-1
42770,0,-2,-2
42771,0,-2,-2
42772,0,-1,-1
42773,1,-2,-2
42774,0,-2,-2
42775,0,-2,-2
42776,0,-2,-2
42777,0,-2,-2
42778,0,-2,-2
42779,1,-2,-2
42780,0,-2,-2
42781,1,-2,-2
42782,1,-2,-2
42783,0,-1,-1
42784,1,-2,-2
42785,0,-2,-2
42786,1,-2,-2
42787,1,-2,-2
42788,1,-1,-1
42789,0,-2,-2
42790,0,-2,-2
42791,1,-2,-2
42792,1,-2,-2
42793,0,-2,-2
42794,0,-2,-2
42795,0,-2,-2
42796,1,-2,-2
42797,0,-2,-2
42798,1,-2,-2
42799,1,-2,-2
42800,0,-2,-2
42801,1,-1,-1
42802,0,-2,-2
42803,1,-1,-1
42804,0,-2,-2
42805,1,-1,-1
42806,0,-2,-2
42807,1,-2,-2
42808,0,-2,-2
42809,1,-2,-2
42810,0,-1,-1
42811,1,-2,-2
42812,0,-2,-2
42813,1,-2,-2
42814,1,-2,-2
42815,1,-2,-2
42816,1,-1,-1
42817,1,-2,-2
42818,1,-2,-2
42819,0,-1,-1
42820,1,-2,-2
42821,0,-2,-2
42822,1,-2,-2
42823,0,-2,-2
42824,0,-2,-2
42825,0,-1,-1
42826,1,-2,-2
42827,1,-2,-2
42828,0,-2,-2
42829,0,-2,-2
42830,1,-1,-1
42831,0,-1,-1
42832,0,-1,-1
42833,0,-2,-2
42834,0,-2,-2
42835,1,-2,-2
42836,0,-1,-1
42837,0,-2,-2
42838,0,-2,-2
42839,0,-2,-2
42840,1,-2,-2
42841,1,-2,-2
42842,1,-2,-2
42843,1,-2,-2
42844,1,-2,-2
42845,0,-2,-2
42846,0,-2,-2
42847,0,-2,-2
42848,1,-1,-1
42849,1,-2,-2
42850,1,-2,-2
42851,0,-1,-1
42852,0,-2,-2
42853,1,-2,-2
42854,1,-2,-2
42855,0,-1,-1
42856,1,-2,-2
42857,0,-2,-2
42858,0,-1,-1
42859,1,-2,-2
42860,1,-2,-2
42861,0,-1,-1
42862,0,-2,-2
42863,1,-2,-2
42864,0,-2,-2
42865,1,-2,-2
42866,0,-2,-2
42867,1,-2,-2
42868,1,-2,-2
42869,0,-2,-2
42870,1,-2,-2
42871,1,-2,-2
42872,0,-2,-2
42873,0,-1,-1
42874,1,-2,-2
42875,1,-2,-2
42876,1,-2,-2
42877,0,-2,-2
42878,0,-2,-2
42879,0,-2,-2
42880,1,-2,-2
42881,0,-2,-2
42882,0,-1,-1
42883,0,-2,-2
42884,1,-1,-1
42885,1,-1,-1
42886,1,-1,-1
42887,0,-2,-2
42888,1,-2,-2
42889,1,-2,-2
42890,0,-2,-2
42891,1,-2,-2
42892,1,-2,-2
42893,1,-2,-2
42894,0,-2,-2
42895,1,-2,-2
42896,0,-1,-1
42897,0,-1,-1
42898,0,-2,-2
42899,0,-2,-2
42900,0,-2,-2
42901,1,-2,-2
42902,1,-2,-2
42903,0,-1,-1
42904,1,-1,-1
42905,0,-1,-1
42906,0,-1,-1
42907,0,-2,-2
42908,0,-2,-2
42909,0,-2,-2
42910,0,-1,-1
42911,1,-2,-2
42912,1,-2,-2
42913,0,-2,-2
42914,0,-2,-2
42915,0,-2,-2
42916,0,-2,-2
42917,0,-2,-2
42918,0,-2,-2
42919,1,-2,-2
42920,1,-2,-2
42921,1,-2,-2
42922,1,-2,-2
42923,0,-2,-2
42924,1,-2,-2
42925,0,-2,-2
42926,0,-1,-1
42927,1,-2,-2
42928,1,-2,-2
42929,1,-2,-2
42930,0,-2,-2
42931,0,-2,-2
42932,1,-2,-2
42933,1,-2,-2
42934,1,-2,-2
42935,1,-1,-1
42936,0,-2,-2
42937,1,-2,-2
42938,0,-2,-2
42939,1,-1,-1
42940,1,-2,-2
42941,1,-2,-2
42942,0,-2,-2
42943,0,-2,-2
42944,0,-2,-2
42945,0,-2,-2
42946,1,-2,-2
42947,1,-2,-2
42948,1,-2,-2
42949,0,-1,-1
42950,1,-2,-2
42951,0,-2,-2
42952,0,-2,-2
42953,1,-2,-2
42954,0,-2,-2
42955,1,-2,-2
42956,0,-2,-2
42957,1,-2,-2
42958,0,-2,-2
42959,1,-2,-2
42960,0,-2,-2
42961,1,-1,-1
42962,1,-2,-2
42963,0,-2,-2
42964,1,-1,-1
42965,0,-2,-2
42966,1,-2,-2
42967,0,-2,-2
42968,1,-2,-2
42969,1,-2,-2
42970,1,-2,-2
42971,1,-2,-2
42972,1,-2,-2
42973,0,-2,-2
42974,1,-2,-2
42975,0,-1,-1
42976,0,-2,-2
42977,0,-2,-2
42978,0,-2,-2
42979,1,-1,-1
42980,0,-2,-2
42981,0,-1,-1
42982,1,-2,-2
42983,0,-1,-1
42984,0,-2,-2
42985,0,-2,-2
42986,0,-2,-2
42987,0,-2,-2
42988,0,-1,-1
42989,1,-2,-2
42990,1,-2,-2
42991,0,-2,-2
42992,1,-2,-2
42993,0,-2,-2
42994,1,-2,-2
42995,1,-2,-2
42996,1,-2,-2
42997,0,-2,-2
42998,0,-2,-2
42999,1,-1,-1
43000,1,-2,-2
43001,1,-2,-2
43002,1,-2,-2
43003,0,-2,-2
43004,1,-2,-2
43005,1,-2,-2
43006,1,-2,-2
43007,1,-2,-2
43008,1,-2,-2
43009,1,-2,-2
43010,0,-2,-2
43011,1,-2,-2
43012,1,-2,-2
43013,1,-2,-2
43014,1,-2,-2
43015,0,-2,-2
43016,0,-2,-2
43017,0,-2,-2
43018,0,-2,-2
43019,0,-2,-2
43020,1,-1,-1
43021,0,-2,-2
43022,0,-2,-2
43023,0,-2,-2
43024,0,-2,-2
43025,1,-2,-2
43026,0,-2,-2
43027,1,-2,-2
43028,1,-2,-2
43029,0,-2,-2
43030,1,-2,-2
43031,0,-2,-2
43032,1,-2,-2
43033,0,-2,-2
43034,1,-2,-2
43035,1,-2,-2
43036,1,-2,-2
43037,0,-2,-2
43038,1,-2,-2
43039,1,-2,-2
43040,1,-2,-2
43041,1,-2,-2
43042,1,-2,-2
43043,1,-1,-1
43044,0,-2,-2
43045,1,-2,-2
43046,1,-1,-1
43047,0,-2,-2
43048,0,-2,-2
43049,0,-1,-1
43050,1,-2,-2
43051,1,-2,-2
43052,1,-2,-2
43053,1,-2,-2
43054,0,-1,-1
43055,1,-1,-1
43056,1,-2,-2
43057,1,-2,-2
43058,0,-2,-2
43059,0,-2,-2
43060,1,-2,-2
43061,1,-2,-2
43062,1,-2,-2
43063,1,-2,-2
43064,0,-2,-2
43065,0,-2,-2
43066,0,-2,-2
43067,0,-2,-2
43068,0,-2,-2
43069,0,-2,-2
43070,1,-2,-2
43071,0,-2,-2
43072,0,-2,-2
43073,0,-1,-1
43074,0,-1,-1
43075,1,-1,-1
43076,0,-2,-2
43077,1,-1,-1
43078,1,-1,-1
43079,1,-2,-2
43080,0,-1,-1
43081,0,-2,-2
43082,1,-2,-2
43083,1,-2,-2
43084,0,-2,-2
43085,1,-2,-2
43086,0,-2,-2
43087,1,-2,-2
43088,1,-2,-2
43089,0,-2,-2
43090,0,-1,-1
43091,0,-2,-2
43092,0,-2,-2
43093,1,-2,-2
43094,0,-2,-2
43095,1,-2,-2
43096,1,-2,-2
43097,0,-2,-2
43098,0,-2,-2
43099,0,-2,-2
43100,0,-2,-2
43101,1,-2,-2
43102,0,-2,-2
43103,0,-2,-2
43104,1,-1,-1
43105,0,-1,-1
43106,0,-2,-2
43107,1,-2,-2
43108,0,-2,-2
43109,1,-2,-2
43110,0,-2,-2
43111,0,-2,-2
43112,1,-2,-2
43113,1,-2,-2
43114,0,-2,-2
43115,1,-1,-1
43116,0,-2,-2
43117,1,-2,-2
43118,0,-2,-2
43119,1,-1,-1
43120,1,-2,-2
43121,1,-2,-2
43122,1,-2,-2
43123,1,-2,-2
43124,0,-2,-2
43125,1,-1,-1
43126,0,-2,-2
43127,1,-2,-2
43128,1,-1,-1
43129,1,-2,-2
43130,1,-2,-2
43131,1,-2,-2
43132,1,-2,-2
43133,0,-2,-2
43134,0,-2,-2
43135,0,-2,-2
43136,0,-2,-2
43137,1,-2,-2
43138,1,-1,-1
43139,1,-2,-2
43140,0,-2,-2
43141,0,-2,-2
43142,1,-2,-2
43143,1,-2,-2
43144,0,-1,-1
43145,0,-2,-2
43146,0,-2,-2
43147,1,-2,-2
43148,1,-2,-2
43149,0,-2,-2
43150,0,-2,-2
43151,0,-1,-1
43152,1,-1,-1
43153,0,-2,-2
43154,0,-2,-2
43155,0,-1,-1
43156,1,-2,-2
43157,0,-2,-2
43158,0,-2,-2
43159,1,-1,-1
43160,1,-2,-2
43161,0,-2,-2
43162,0,-2,-2
43163,0,-2,-2
43164,1,-2,-2
43165,0,-1,-1
43166,0,-1,-1
43167,1,-2,-2
43168,0,-2,-2
43169,1,-2,-2
43170,0,-2,-2
43171,0,-1,-1
43172,1,-2,-2
43173,1,-2,-2
43174,0,-2,-2
43175,1,-1,-1
43176,0,-1,-1
43177,1,-2,-2
43178,1,-1,-1
43179,0,-2,-2
43180,1,-2,-2
43181,1,-2,-2
43182,0,-2,-2
43183,0,-2,-2
43184,1,-2,-2
43185,1,-2,-2
43186,1,-1,-1
43187,1,-1,-1
43188,0,-1,-1
43189,1,-2,-2
43190,1,-2,-2
43191,1,-1,-1
43192,0,-2,-2
43193,1,-2,-2
43194,0,-2,-2
43195,1,-2,-2
43196,1,-2,-2
43197,1,-2,-2
43198,0,-2,-2
43199,0,-2,-2
43200,0,-2,-2
43201,1,-2,-2
43202,0,-2,-2
43203,1,-2,-2
43204,0,-2,-2
43205,0,-2,-2
43206,0,-1,-1
43207,1,-2,-2
43208,0,-2,-2
43209,1,-2,-2
43210,0,-2,-2
43211,0,-2,-2
43212,1,-1,-1
43213,1,-2,-2
43214,0,-2,-2
43215,0,-2,-2
43216,0,-2,-2
43217,0,-2,-2
43218,0,-2,-2
43219,0,-2,-2
43220,1,-2,-2
43221,1,-1,-1
43222,0,-2,-2
43223,0,-2,-2
43224,1,-2,-2
43225,1,-1,-1
43226,0,-2,-2
43227,0,-1,-1
43228,0,-1,-1
43229,1,-2,-2
43230,1,-2,-2
43231,0,-2,-2
43232,1,-2,-2
43233,1,-1,-1
43234,1,-1,-1
43235,1,-2,-2
43236,0,-2,-2
43237,0,-1,-1
43238,1,-2,-2
43239,1,-1,-1
43240,1,-2,-2
43241,1,-2,-2
43242,1,-2,-2
43243,0,-2,-2
43244,0,-2,-2
43245,0,-2,-2
43246,1,-2,-2
43247,0,-1,-1
43248,0,-2,-2
43249,0,-2,-2
43250,0,-1,-1
43251,1,-2,-2
43252,0,-2,-2
43253,1,-1,-1
43254,0,-2,-2
43255,1,-2,-2
43256,0,-2,-2
43257,0,-2,-2
43258,0,-2,-2
43259,0,-1,-1
43260,0,-2,-2
43261,1,-2,-2
43262,1,-2,-2
43263,0,-1,-1
43264,0,-2,-2
43265,0,-2,-2
43266,1,-2,-2
43267,0,-2,-2
43268,1,-1,-1
43269,1,-2,-2
43270,0,-2,-2
43271,0,-2,-2
43272,1,-1,-1
43273,1,-2,-2
43274,0,-2,-2
43275,1,-2,-2
43276,1,-2,-2
43277,1,-2,-2
43278,1,-2,-2
43279,0,-2,-2
43280,1,-2,-2
43281,1,-2,-2
43282,0,-1,-1
43283,0,-2,-2
43284,0,-2,-2
43285,1,-2,-2
43286,0,-2,-2
43287,1,-1,-1
43288,0,-2,-2
43289,0,-1,-1
43290,1,-2,-2
43291,1,-2,-2
43292,0,-2,-2
43293,0,-2,-2
43294,0,-2,-2
43295,1,-2,-2
43296,1,-2,-2
43297,0,-2,-2
43298,1,-1,-1
43299,1,-2,-2
43300,1,-2,-2
43301,1,-2,-2
43302,1,-2,-2
43303,0,-2,-2
43304,0,-2,-2
43305,0,-2,-2
43306,1,-2,-2
43307,1,-2,-2
43308,1,-1,-1
43309,1,-2,-2
43310,0,-2,-2
43311,1,-2,-2
43312,1,-2,-2
43313,1,-2,-2
43314,0,-2,-2
43315,1,-2,-2
43316,0,-2,-2
43317,0,-2,-2
43318,1,-2,-2
43319,0,-2,-2
43320,1,-2,-2
43321,0,-2,-2
43322,1,-2,-2
43323,1,-2,-2
43324,0,-2,-2
43325,0,-2,-2
43326,0,-1,-1
43327,1,-2,-2
43328,0,-2,-2
43329,0,-2,-2
43330,1,-2,-2
43331,1,-1,-1
43332,1,-2,-2
43333,1,-1,-1
43334,0,-2,-2
43335,1,-2,-2
43336,0,-2,-2
43337,0,-2,-2
43338,1,-2,-2
43339,1,-2,-2
43340,1,-2,-2
43341,1,-1,-1
43342,0,-2,-2
43343,0,-2,-2
43344,0,-2,-2
43345,1,-2,-2
43346,1,-2,-2
43347,1,-2,-2
43348,1,-2,-2
43349,0,-2,-2
43350,1,-2,-2
43351,1,-1,-1
43352,0,-2,-2
43353,0,-2,-2
43354,1,-2,-2
43355,0,-2,-2
43356,1,-2,-2
43357,0,-2,-2
43358,1,-1,-1
43359,0,-2,-2
43360,1,-2,-2
43361,1,-2,-2
43362,1,-2,-2
43363,0,-2,-2
43364,1,-2,-2
43365,1,-2,-2
43366,1,-2,-2
43367,0,-2,-2
43368,0,-1,-1
43369,0,-2,-2
43370,1,-2,-2
43371,1,-2,-2
43372,0,-2,-2
43373,0,-2,-2
43374,1,-2,-2
43375,0,-1,-1
43376,0,-2,-2
43377,1,-2,-2
43378,0,-2,-2
43379,1,-1,-1
43380,1,-2,-2
43381,1,-2,-2
43382,0,-2,-2
43383,1,-1,-1
43384,0,-1,-1
43385,1,-2,-2
43386,0,-2,-2
43387,0,-2,-2
43388,0,-2,-2
43389,1,-2,-2
43390,0,-1,-1
43391,1,-2,-2
43392,1,-2,-2
43393,0,-1,-1
43394,0,-1,-1
43395,1,-2,-2
43396,0,-2,-2
43397,1,-2,-2
43398,1,-2,-2
43399,0,-2,-2
43400,1,-2,-2
43401,1,-1,-1
43402,1,-1,-1
43403,1,-1,-1
43404,1,-2,-2
43405,0,-2,-2
43406,0,-2,-2
43407,0,-2,-2
43408,0,-2,-2
43409,0,-1,-1
43410,0,-1,-1
43411,0,-2,-2
43412,1,-2,-2
43413,1,-1,-1
43414,1,-1,-1
43415,0,-2,-2
43416,1,-2,-2
43417,1,-2,-2
43418,1,-1,-1
43419,0,-2,-2
43420,0,-2,-2
43421,0,-2,-2
43422,0,-1,-1
43423,0,-2,-2
43424,0,-2,-2
43425,1,-1,-1
43426,0,-2,-2
43427,0,-2,-2
43428,0,-2,-2
43429,0,-2,-2
43430,0,-2,-2
43431,1,-1,-1
43432,0,-1,-1
43433,1,-2,-2
43434,0,-1,-1
43435,0,-2,-2
43436,0,-2,-2
43437,1,-1,-1
43438,1,-2,-2
43439,1,-2,-2
43440,1,-1,-1
43441,1,-2,-2
43442,1,-2,-2
43443,0,-2,-2
43444,0,-2,-2
43445,0,-2,-2
43446,1,-2,-2
43447,0,-2,-2
43448,0,-2,-2
43449,1,-1,-1
43450,0,-2,-2
43451,1,-2,-2
43452,1,-2,-2
43453,1,-2,-2
43454,1,-2,-2
43455,0,-2,-2
43456,1,-2,-2
43457,1,-2,-2
43458,1,-2,-2
43459,0,-2,-2
43460,1,-2,-2
43461,1,-2,-2
43462,0,-2,-2
43463,0,-2,-2
43464,0,-2,-2
43465,1,-2,-2
43466,0,-2,-2
43467,0,-2,-2
43468,1,-2,-2
43469,1,-2,-2
43470,1,-2,-2
43471,0,-2,-2
43472,1,-1,-1
43473,1,-2,-2
43474,0,-2,-2
43475,0,-2,-2
43476,0,-1,-1
43477,1,-1,-1
43478,0,-2,-2
43479,1,-2,-2
43480,0,-1,-1
43481,0,-2,-2
43482,0,-2,-2
43483,1,-2,-2
43484,1,-2,-2
43485,0,-2,-2
43486,1,-2,-2
43487,1,-2,-2
43488,1,-2,-2
43489,1,-2,-2
43490,0,-2,-2
43491,0,-2,-2
43492,1,-2,-2
43493,1,-2,-2
43494,0,-1,-1
43495,0,-2,-2
43496,1,-2,-2
43497,0,-2,-2
43498,1,-1,-1
43499,0,-2,-2
43500,1,-2,-2
43501,1,-2,-2
43502,1,-1,-1
43503,1,-1,-1
43504,1,-2,-2
43505,0,-2,-2
43506,1,-2,-2
43507,0,-2,-2
43508,0,-2,-2
43509,1,-2,-2
43510,0,-2,-2
43511,0,-2,-2
43512,0,-2,-2
43513,1,-2,-2
43514,0,-2,-2
43515,0,-2,-2
43516,1,-2,-2
43517,0,-2,-2
43518,0,-2,-2
43519,1,-2,-2
43520,0,-2,-2
43521,0,-2,-2
43522,0,-1,-1
43523,0,-2,-2
43524,0,-2,-2
43525,1,-1,-1
43526,1,-2,-2
43527,1,-2,-2
43528,0,-2,-2
43529,0,-1,-1
43530,1,-1,-1
43531,1,-2,-2
43532,1,-1,-1
43533,1,-2,-2
43534,0,-1,-1
43535,1,-2,-2
43536,0,-1,-1
43537,0,-2,-2
43538,1,-2,-2
43539,0,-2,-2
43540,1,-2,-2
43541,0,-1,-1
43542,1,-2,-2
43543,0,-2,-2
43544,0,-2,-2
43545,1,-2,-2
43546,1,-2,-2
43547,1,-2,-2
43548,0,-2,-2
43549,1,-2,-2
43550,1,-2,-2
43551,1,-2,-2
43552,0,-2,-2
43553,0,-2,-2
43554,1,-2,-2
43555,0,-2,-2
43556,1,-2,-2
43557,1,-1,-1
43558,0,-2,-2
43559,0,-2,-2
43560,0,-2,-2
43561,1,-2,-2
43562,0,-2,-2
43563,1,-2,-2
43564,1,-2,-2
43565,1,-2,-2
43566,1,-2,-2
43567,0,-2,-2
43568,0,-2,-2
43569,1,-2,-2
43570,0,-1,-1
43571,1,-2,-2
43572,0,-2,-2
43573,1,-2,-2
43574,0,-2,-2
43575,1,-2,-2
43576,0,-2,-2
43577,0,-2,-2
43578,1,-2,-2
43579,0,-1,-1
43580,1,-2,-2
43581,0,-2,-2
43582,1,-2,-2
43583,1,-2,-2
43584,1,-2,-2
43585,1,-1,-1
43586,1,-2,-2
43587,1,-2,-2
43588,1,-1,-1
43589,1,-2,-2
43590,0,-1,-1
43591,1,-2,-2
43592,1,-2,-2
43593,0,-1,-1
43594,0,-1,-1
43595,0,-2,-2
43596,1,-1,-1
43597,1,-2,-2
43598,1,-2,-2
43599,0,-2,-2
43600,0,-2,-2
43601,0,-2,-2
43602,1,-2,-2
43603,1,-2,-2
43604,0,-2,-2
43605,0,-2,-2
43606,0,-1,-1
43607,0,-2,-2
43608,0,-2,-2
43609,1,-2,-2
43610,1,-1,-1
43611,1,-2,-2
43612,0,-2,-2
43613,0,-2,-2
43614,0,-2,-2
43615,1,-1,-1
43616,1,-2,-2
43617,1,-2,-2
43618,0,-2,-2
43619,1,-1,-1
43620,0,-2,-2
43621,0,-2,-2
43622,1,-2,-2
43623,1,-1,-1
43624,0,-2,-2
43625,0,-2,-2
43626,0,-2,-2
43627,0,-1,-1
43628,1,-1,-1
43629,0,-1,-1
43630,0,-2,-2
43631,1,-2,-2
43632,1,-2,-2
43633,0,-2,-2
43634,0,-1,-1
43635,0,-2,-2
43636,1,-2,-2
43637,1,-2,-2
43638,0,-1,-1
43639,1,-2,-2
43640,0,-2,-2
43641,1,-2,-2
43642,0,-1,-1
43643,1,-2,-2
43644,0,-2,-2
43645,0,-1,-1
43646,1,-2,-2
43647,1,-2,-2
43648,1,-1,-1
43649,1,-1,-1
43650,1,-1,-1
43651,1,-2,-2
43652,1,-1,-1
43653,1,-2,-2
43654,1,-2,-2
43655,1,-2,-2
43656,1,-2,-2
43657,1,-2,-2
43658,1,-1,-1
43659,1,-2,-2
43660,0,-1,-1
43661,0,-2,-2
43662,0,-1,-1
43663,0,-2,-2
43664,0,-2,-2
43665,0,-2,-2
43666,1,-2,-2
43667,1,-2,-2
43668,1,-2,-2
43669,1,-2,-2
43670,0,-2,-2
43671,1,-2,-2
43672,1,-2,-2
43673,0,-2,-2
43674,1,-2,-2
43675,1,-2,-2
43676,1,-2,-2
43677,0,-1,-1
43678,1,-2,-2
43679,0,-2,-2
43680,1,-2,-2
43681,0,-1,-1
43682,1,-1,-1
43683,0,-1,-1
43684,1,-1,-1
43685,1,-2,-2
43686,0,-2,-2
43687,1,-2,-2
43688,0,-2,-2
43689,0,-2,-2
43690,0,-2,-2
43691,0,-2,-2
43692,0,-1,-1
43693,0,-2,-2
43694,1,-2,-2
43695,1,-2,-2
43696,0,-2,-2
43697,1,-2,-2
43698,1,-2,-2
43699,0,-2,-2
43700,1,-2,-2
43701,0,-2,-2
43702,0,-2,-2
43703,1,-2,-2
43704,0,-2,-2
43705,1,-1,-1
43706,0,-2,-2
43707,1,-2,-2
43708,0,-1,-1
43709,1,-1,-1
43710,0,-2,-2
43711,1,-2,-2
43712,0,-2,-2
43713,1,-2,-2
43714,1,-2,-2
43715,0,-2,-2
43716,0,-2,-2
43717,1,-2,-2
43718,1,-2,-2
43719,1,-2,-2
43720,0,-2,-2
43721,0,-2,-2
43722,1,-2,-2
43723,1,-2,-2
43724,0,-2,-2
43725,1,-2,-2
43726,1,-1,-1
43727,1,-2,-2
43728,0,-2,-2
43729,1,-2,-2
43730,1,-2,-2
43731,1,-2,-2
43732,1,-1,-1
43733,0,-2,-2
43734,1,-2,-2
43735,1,-2,-2
43736,1,-2,-2
43737,1,-2,-2
43738,1,-2,-2
43739,0,-2,-2
43740,1,-2,-2
43741,1,-2,-2
43742,1,-2,-2
43743,0,-1,-1
43744,0,-2,-2
43745,1,-2,-2
43746,0,-2,-2
43747,0,-2,-2
43748,0,-2,-2
43749,0,-2,-2
43750,1,-2,-2
43751,0,-2,-2
43752,0,-2,-2
43753,1,-1,-1
43754,0,-2,-2
43755,0,-1,-1
43756,0,-2,-2
43757,1,-2,-2
43758,0,-2,-2
43759,1,-2,-2
43760,0,-1,-1
43761,0,-2,-2
43762,0,-2,-2
43763,1,-2,-2
43764,0,-2,-2
43765,0,-2,-2
43766,0,-2,-2
43767,1,-2,-2
43768,0,-1,-1
43769,0,-2,-2
43770,1,-2,-2
43771,1,-2,-2
43772,1,-1,-1
43773,1,-2,-2
43774,0,-2,-2
43775,0,-2,-2
43776,1,-2,-2
43777,1,-2,-2
43778,1,-2,-2
43779,0,-2,-2
43780,1,-2,-2
43781,1,-1,-1
43782,1,-2,-2
43783,1,-1,-1
43784,0,-2,-2
43785,0,-1,-1
43786,1,-2,-2
43787,0,-2,-2
43788,1,-2,-2
43789,0,-1,-1
43790,0,-2,-2
43791,0,-2,-2
43792,1,-2,-2
43793,0,-2,-2
43794,0,-2,-2
43795,0,-1,-1
43796,0,-2,-2
43797,0,-2,-2
43798,0,-2,-2
43799,1,-2,-2
43800,1,-2,-2
43801,1,-2,-2
43802,0,-2,-2
43803,1,-2,-2
43804,0,-2,-2
43805,0,-2,-2
43806,0,-2,-2
43807,0,-2,-2
43808,1,-2,-2
43809,0,-2,-2
43810,0,-2,-2
43811,1,-2,-2
43812,1,-2,-2
43813,0,-2,-2
43814,1,-2,-2
43815,0,-2,-2
43816,0,-2,-2
43817,1,-2,-2
43818,0,-2,-2
43819,1,-2,-2
43820,0,-2,-2
43821,0,-2,-2
43822,0,-2,-2
43823,1,-2,-2
43824,0,-2,-2
43825,1,-2,-2
43826,1,-2,-2
43827,1,-2,-2
43828,0,-2,-2
43829,1,-2,-2
43830,1,-2,-2
43831,1,-2,-2
43832,0,-2,-2
43833,1,-1,-1
43834,1,-2,-2
43835,1,-2,-2
43836,1,-2,-2
43837,1,-2,-2
43838,1,-2,-2
43839,0,-2,-2
43840,1,-1,-1
43841,1,-2,-2
43842,1,-2,-2
43843,1,-2,-2
43844,1,-2,-2
43845,1,-2,-2
43846,0,-1,-1
43847,0,-2,-2
43848,1,-2,-2
43849,1,-2,-2
43850,0,-2,-2
43851,0,-2,-2
43852,1,-2,-2
43853,0,-2,-2
43854,0,-2,-2
43855,1,-2,-2
43856,0,-2,-2
43857,1,-2,-2
43858,0,-2,-2
43859,1,-2,-2
43860,0,-2,-2
43861,0,-2,-2
43862,1,-2,-2
43863,1,-2,-2
43864,0,-2,-2
43865,0,-2,-2
43866,0,-2,-2
43867,1,-2,-2
43868,1,-2,-2
43869,0,-2,-2
43870,1,-2,-2
43871,1,-2,-2
43872,1,-1,-1
43873,1,-2,-2
43874,1,-2,-2
43875,1,-2,-2
43876,1,-2,-2
43877,0,-2,-2
43878,1,-1,-1
43879,1,-2,-2
43880,1,-2,-2
43881,0,-2,-2
43882,0,-2,-2
43883,1,-1,-1
43884,0,-2,-2
43885,0,-2,-2
43886,1,-2,-2
43887,0,-2,-2
43888,1,-2,-2
43889,1,-2,-2
43890,0,-2,-2
43891,0,-2,-2
43892,0,-2,-2
43893,0,-2,-2
43894,1,-2,-2
43895,1,-2,-2
43896,1,-2,-2
43897,0,-2,-2
43898,0,-2,-2
43899,0,-2,-2
43900,0,-1,-1
43901,0,-2,-2
43902,0,-2,-2
43903,0,-2,-2
43904,1,-1,-1
43905,0,-2,-2
43906,1,-1,-1
43907,0,-2,-2
43908,0,-2,-2
43909,0,-2,-2
43910,1,-2,-2
43911,1,-2,-2
43912,0,-1,-1
43913,0,-2,-2
43914,1,-1,-1
43915,1,-2,-2
43916,1,-2,-2
43917,1,-1,-1
43918,0,-1,-1
43919,0,-2,-2
43920,0,-2,-2
43921,1,-2,-2
43922,0,-2,-2
43923,0,-2,-2
43924,0,-2,-2
43925,0,-2,-2
43926,0,-2,-2
43927,1,-2,-2
43928,1,-2,-2
43929,0,-2,-2
43930,0,-2,-2
43931,0,-2,-2
43932,0,-2,-2
43933,1,-2,-2
43934,0,-2,-2
43935,1,-2,-2
43936,1,-2,-2
43937,0,-2,-2
43938,1,-2,-2
43939,1,-2,-2
43940,1,-2,-2
43941,1,-1,-1
43942,1,-2,-2
43943,1,-2,-2
43944,1,-2,-2
43945,0,-2,-2
43946,0,-2,-2
43947,1,-2,-2
43948,1,-1,-1
43949,1,-2,-2
43950,0,-2,-2
43951,1,-2,-2
43952,0,-2,-2
43953,1,-2,-2
43954,0,-1,-1
43955,0,-1,-1
43956,0,-2,-2
43957,0,-2,-2
43958,1,-1,-1
43959,0,-2,-2
43960,0,-2,-2
43961,0,-2,-2
43962,1,-2,-2
43963,0,-2,-2
43964,0,-1,-1
43965,0,-2,-2
43966,1,-2,-2
43967,1,-2,-2
43968,1,-2,-2
43969,0,-2,-2
43970,1,-1,-1
43971,1,-2,-2
43972,0,-2,-2
43973,0,-2,-2
43974,1,-2,-2
43975,0,-2,-2
43976,0,-2,-2
43977,0,-2,-2
43978,1,-2,-2
43979,1,-2,-2
43980,1,-2,-2
43981,1,-2,-2
43982,0,-2,-2
43983,1,-2,-2
43984,1,-1,-1
43985,0,-2,-2
43986,1,-2,-2
43987,1,-1,-1
43988,1,-1,-1
43989,0,-1,-1
43990,0,-1,-1
43991,1,-1,-1
43992,0,-2,-2
43993,0,-2,-2
43994,1,-2,-2
43995,0,-2,-2
43996,1,-2,-2
43997,1,-2,-2
43998,1,-2,-2
43999,0,-1,-1
44000,0,-2,-2
44001,1,-2,-2
44002,0,-2,-2
44003,0,-2,-2
44004,1,-2,-2
44005,1,-2,-2
44006,0,-2,-2
44007,0,-2,-2
44008,1,-2,-2
44009,1,-2,-2
44010,1,-2,-2
44011,0,-2,-2
44012,1,-2,-2
44013,1,-2,-2
44014,1,-2,-2
44015,1,-2,-2
44016,1,-2,-2
44017,0,-2,-2
44018,1,-1,-1
44019,1,-2,-2
44020,1,-2,-2
44021,1,-2,-2
44022,1,-2,-2
44023,1,-2,-2
44024,0,-1,-1
44025,1,-2,-2
44026,1,-2,-2
44027,0,-2,-2
44028,0,-2,-2
44029,1,-2,-2
44030,1,-1,-1
44031,0,-1,-1
44032,0,-2,-2
44033,0,-2,-2
44034,0,-2,-2
44035,0,-2,-2
44036,0,-2,-2
44037,0,-2,-2
44038,1,-2,-2
44039,1,-2,-2
44040,0,-2,-2
44041,0,-2,-2
44042,0,-2,-2
44043,1,-2,-2
44044,1,-2,-2
44045,1,-2,-2
44046,1,-1,-1
44047,0,-2,-2
44048,1,-2,-2
44049,0,-1,-1
44050,0,-2,-2
44051,1,-2,-2
44052,1,-2,-2
44053,1,-2,-2
44054,0,-2,-2
44055,0,-2,-2
44056,0,-2,-2
44057,1,-2,-2
44058,0,-1,-1
44059,0,-1,-1
44060,1,-2,-2
44061,1,-1,-1
44062,1,-2,-2
44063,1,-1,-1
44064,1,-1,-1
44065,0,-1,-1
44066,0,-2,-2
44067,1,-1,-1
44068,1,-1,-1
44069,0,-2,-2
44070,0,-2,-2
44071,1,-2,-2
44072,0,-1,-1
44073,1,-2,-2
44074,1,-2,-2
44075,0,-2,-2
44076,0,-2,-2
44077,1,-2,-2
44078,0,-1,-1
44079,0,-1,-1
44080,0,-2,-2
44081,1,-2,-2
44082,0,-2,-2
44083,0,-2,-2
44084,0,-2,-2
44085,1,-2,-2
44086,0,-2,-2
44087,1,-2,-2
44088,0,-2,-2
44089,1,-1,-1
44090,1,-2,-2
44091,1,-2,-2
44092,0,-2,-2
44093,0,-2,-2
44094,1,-2,-2
44095,1,-2,-2
44096,1,-2,-2
44097,0,-2,-2
44098,0,-2,-2
44099,1,-2,-2
44100,0,-2,-2
44101,0,-2,-2
44102,1,-2,-2
44103,1,-2,-2
44104,1,-2,-2
44105,1,-2,-2
44106,0,-2,-2
44107,0,-2,-2
44108,0,-2,-2
44109,0,-2,-2
44110,1,-1,-1
44111,1,-2,-2
44112,1,-1,-1
44113,0,-2,-2
44114,1,-2,-2
44115,1,-1,-1
44116,1,-1,-1
44117,1,-2,-2
44118,1,-2,-2
44119,1,-2,-2
44120,0,-2,-2
44121,1,-2,-2
44122,0,-2,-2
44123,0,-2,-2
44124,0,-1,-1
44125,1,-2,-2
44126,1,-2,-2
44127,1,-2,-2
44128,1,-2,-2
44129,0,-2,-2
44130,1,-2,-2
44131,0,-2,-2
44132,0,-2,-2
44133,0,-1,-1
44134,0,-2,-2
44135,0,-2,-2
44136,0,-2,-2
44137,1,-1,-1
44138,0,-2,-2
44139,0,-2,-2
44140,0,-2,-2
44141,0,-2,-2
44142,0,-2,-2
44143,1,-2,-2
44144,0,-2,-2
44145,0,-2,-2
44146,1,-2,-2
44147,1,-2,-2
44148,1,-2,-2
44149,1,-2,-2
44150,0,-2,-2
44151,1,-1,-1
44152,1,-1,-1
44153,0,-2,-2
44154,1,-2,-2
44155,1,-2,-2
44156,1,-1,-1
44157,0,-2,-2
44158,0,-2,-2
44159,1,-1,-1
44160,1,-2,-2
44161,0,-1,-1
44162,0,-2,-2
44163,0,-2,-2
44164,1,-2,-2
44165,1,-2,-2
44166,1,-2,-2
44167,0,-2,-2
44168,0,-2,-2
44169,0,-2,-2
44170,1,-2,-2
44171,1,-2,-2
44172,1,-2,-2
44173,0,-2,-2
44174,1,-2,-2
44175,0,-2,-2
44176,1,-2,-2
44177,0,-2,-2
44178,1,-2,-2
44179,1,-2,-2
44180,1,-2,-2
44181,0,-2,-2
44182,0,-2,-2
44183,0,-2,-2
44184,1,-2,-2
44185,0,-2,-2
44186,1,-2,-2
44187,1,-2,-2
44188,1,-2,-2
44189,1,-2,-2
44190,1,-2,-2
44191,0,-1,-1
44192,1,-1,-1
44193,1,-2,-2
44194,1,-1,-1
44195,0,-2,-2
44196,1,-2,-2
44197,1,-2,-2
44198,0,-2,-2
44199,1,-2,-2
44200,0,-2,-2
44201,1,-2,-2
44202,1,-2,-2
44203,1,-2,-2
44204,0,-2,-2
44205,1,-1,-1
44206,1,-2,-2
44207,1,-2,-2
44208,0,-2,-2
44209,0,-2,-2
44210,1,-2,-2
44211,1,-2,-2
44212,0,-2,-2
44213,1,-2,-2
44214,0,-2,-2
44215,1,-1,-1
44216,1,-2,-2
44217,1,-2,-2
44218,0,-2,-2
44219,0,-1,-1
44220,1,-2,-2
44221,0,-2,-2
44222,1,-2,-2
44223,1,-2,-2
44224,0,-1,-1
44225,0,-2,-2
44226,0,-2,-2
44227,0,-2,-2
44228,0,-2,-2
44229,1,-1,-1
44230,1,-2,-2
44231,1,-2,-2
44232,0,-2,-2
44233,0,-2,-2
44234,1,-1,-1
44235,0,-2,-2
44236,0,-2,-2
44237,1,-1,-1
44238,0,-2,-2
44239,0,-2,-2
44240,1,-1,-1
44241,1,-1,-1
44242,1,-2,-2
44243,0,-2,-2
44244,0,-2,-2
44245,1,-2,-2
44246,1,-2,-2
44247,1,-2,-2
44248,0,-2,-2
44249,0,-2,-2
44250,0,-1,-1
44251,1,-2,-2
44252,0,-2,-2
44253,0,-2,-2
44254,0,-1,-1
44255,1,-1,-1
44256,0,-2,-2
44257,1,-2,-2
44258,1,-2,-2
44259,1,-2,-2
44260,1,-1,-1
44261,1,-2,-2
44262,1,-1,-1
44263,0,-2,-2
44264,0,-2,-2
44265,0,-2,-2
44266,1,-1,-1
44267,0,-2,-2
44268,1,-2,-2
44269,0,-1,-1
44270,1,-2,-2
44271,0,-2,-2
44272,1,-2,-2
44273,1,-2,-2
44274,0,-2,-2
44275,0,-2,-2
44276,1,-2,-2
44277,0,-2,-2
44278,0,-2,-2
44279,0,-2,-2
44280,0,-2,-2
44281,0,-2,-2
44282,1,-2,-2
44283,1,-2,-2
44284,0,-2,-2
44285,1,-2,-2
44286,1,-2,-2
44287,1,-2,-2
44288,0,-1,-1
44289,1,-2,-2
44290,1,-2,-2
44291,1,-2,-2
44292,0,-2,-2
44293,0,-2,-2
44294,0,-2,-2
44295,0,-2,-2
44296,0,-2,-2
44297,1,-2,-2
44298,0,-2,-2
44299,1,-2,-2
44300,0,-1,-1
44301,1,-1,-1
44302,0,-2,-2
44303,1,-1,-1
44304,0,-2,-2
44305,1,-2,-2
44306,0,-2,-2
44307,0,-2,-2
44308,0,-2,-2
44309,0,-2,-2
44310,1,-2,-2
44311,1,-2,-2
44312,1,-2,-2
44313,1,-2,-2
44314,1,-2,-2
44315,1,-2,-2
44316,1,-2,-2
44317,1,-2,-2
44318,1,-1,-1
44319,1,-2,-2
44320,0,-2,-2
44321,1,-1,-1
44322,0,-2,-2
44323,0,-2,-2
44324,1,-1,-1
44325,1,-2,-2
44326,0,-2,-2
44327,0,-2,-2
44328,0,-2,-2
44329,1,-2,-2
44330,1,-2,-2
44331,1,-2,-2
44332,0,-1,-1
44333,1,-2,-2
44334,0,-2,-2
44335,0,-1,-1
44336,0,-1,-1
44337,1,-2,-2
44338,0,-2,-2
44339,1,-2,-2
44340,1,-2,-2
44341,0,-2,-2
44342,1,-2,-2
44343,1,-2,-2
44344,0,-2,-2
44345,0,-2,-2
44346,1,-2,-2
44347,0,-2,-2
44348,0,-2,-2
44349,1,-1,-1
44350,0,-2,-2
44351,1,-2,-2
44352,0,-1,-1
44353,1,-2,-2
44354,1,-2,-2
44355,0,-2,-2
44356,0,-1,-1
44357,0,-1,-1
44358,1,-2,-2
44359,1,-2,-2
44360,0,-2,-2
44361,0,-1,-1
44362,0,-2,-2
44363,1,-2,-2
44364,1,-2,-2
44365,0,-1,-1
44366,0,-2,-2
44367,1,-2,-2
44368,1,-2,-2
44369,0,-2,-2
44370,0,-1,-1
44371,1,-2,-2
44372,1,-2,-2
44373,1,-2,-2
44374,0,-2,-2
44375,1,-2,-2
44376,1,-2,-2
44377,1,-2,-2
44378,0,-2,-2
44379,1,-2,-2
44380,0,-2,-2
44381,0,-2,-2
44382,0,-2,-2
44383,1,-2,-2
44384,1,-2,-2
44385,0,-2,-2
44386,0,-2,-2
44387,1,-1,-1
44388,0,-2,-2
44389,0,-2,-2
44390,0,-2,-2
44391,0,-1,-1
44392,0,-1,-1
44393,0,-2,-2
44394,0,-1,-1
44395,1,-2,-2
44396,1,-2,-2
44397,1,-2,-2
44398,0,-2,-2
44399,0,-2,-2
44400,1,-2,-2
44401,1,-2,-2
44402,1,-2,-2
44403,1,-2,-2
44404,1,-2,-2
44405,0,-2,-2
44406,1,-2,-2
44407,1,-2,-2
44408,0,-2,-2
44409,0,-2,-2
44410,0,-2,-2
44411,0,-2,-2
44412,1,-1,-1
44413,1,-2,-2
44414,1,-2,-2
44415,0,-2,-2
44416,1,-2,-2
44417,1,-1,-1
44418,1,-2,-2
44419,1,-1,-1
44420,1,-2,-2
44421,0,-2,-2
44422,0,-2,-2
44423,0,-2,-2
44424,0,-1,-1
44425,0,-2,-2
44426,0,-2,-2
44427,1,-2,-2
44428,0,-1,-1
44429,1,-1,-1
44430,0,-2,-2
44431,0,-2,-2
44432,0,-2,-2
44433,0,-2,-2
44434,0,-2,-2
44435,0,-2,-2
44436,0,-2,-2
44437,1,-2,-2
44438,0,-2,-2
44439,0,-2,-2
44440,0,-2,-2
44441,0,-2,-2
44442,1,-1,-1
44443,0,-2,-2
44444,0,-2,-2
44445,0,-1,-1
44446,1,-2,-2
44447,0,-2,-2
44448,1,-2,-2
44449,1,-2,-2
44450,0,-2,-2
44451,0,-1,-1
44452,1,-2,-2
44453,1,-2,-2
44454,1,-2,-2
44455,0,-1,-1
44456,1,-2,-2
44457,1,-2,-2
44458,1,-2,-2
44459,0,-2,-2
44460,0,-2,-2
44461,1,-2,-2
44462,0,-2,-2
44463,1,-2,-2
44464,1,-2,-2
44465,1,-1,-1
44466,1,-2,-2
44467,0,-2,-2
44468,1,-2,-2
44469,1,-2,-2
44470,1,-2,-2
44471,1,-2,-2
44472,0,-2,-2
44473,0,-2,-2
44474,1,-2,-2
44475,1,-2,-2
44476,0,-1,-1
44477,0,-2,-2
44478,1,-2,-2
44479,1,-1,-1
44480,0,-1,-1
44481,0,-2,-2
44482,1,-2,-2
44483,0,-1,-1
44484,0,-2,-2
44485,0,-2,-2
44486,1,-1,-1
44487,0,-2,-2
44488,0,-2,-2
44489,1,-2,-2
44490,0,-2,-2
44491,1,-2,-2
44492,0,-2,-2
44493,1,-2,-2
44494,0,-2,-2
44495,1,-1,-1
44496,1,-2,-2
44497,1,-1,-1
44498,1,-2,-2
44499,1,-2,-2
44500,0,-2,-2
44501,0,-2,-2
44502,1,-2,-2
44503,0,-1,-1
44504,1,-1,-1
44505,1,-2,-2
44506,1,-2,-2
44507,0,-2,-2
44508,0,-2,-2
44509,0,-2,-2
44510,1,-2,-2
44511,1,-2,-2
44512,0,-2,-2
44513,0,-2,-2
44514,0,-2,-2
44515,1,-2,-2
44516,1,-2,-2
44517,0,-2,-2
44518,0,-2,-2
44519,0,-2,-2
44520,0,-2,-2
44521,1,-2,-2
44522,1,-2,-2
44523,1,-2,-2
44524,0,-2,-2
44525,0,-2,-2
44526,1,-2,-2
44527,0,-1,-1
44528,0,-1,-1
44529,0,-2,-2
44530,1,-2,-2
44531,1,-1,-1
44532,1,-2,-2
44533,0,-1,-1
44534,0,-2,-2
44535,1,-2,-2
44536,1,-2,-2
44537,0,-1,-1
44538,1,-2,-2
44539,1,-2,-2
44540,1,-1,-1
44541,0,-2,-2
44542,0,-1,-1
44543,1,-2,-2
44544,1,-2,-2
44545,1,-2,-2
44546,1,-1,-1
44547,1,-2,-2
44548,1,-1,-1
44549,0,-2,-2
44550,0,-1,-1
44551,1,-2,-2
44552,0,-2,-2
44553,1,-2,-2
44554,0,-2,-2
44555,1,-1,-1
44556,1,-2,-2
44557,0,-2,-2
44558,0,-2,-2
44559,0,-1,-1
44560,0,-2,-2
44561,0,-2,-2
44562,0,-2,-2
44563,0,-2,-2
44564,1,-2,-2
44565,1,-2,-2
44566,0,-2,-2
44567,1,-1,-1
44568,1,-1,-1
44569,1,-2,-2
44570,1,-2,-2
44571,0,-2,-2
44572,1,-2,-2
44573,0,-1,-1
44574,0,-2,-2
44575,0,-1,-1
44576,0,-2,-2
44577,1,-2,-2
44578,0,-2,-2
44579,1,-2,-2
44580,0,-2,-2
44581,0,-2,-2
44582,0,-2,-2
44583,0,-2,-2
44584,0,-1,-1
44585,0,-2,-2
44586,0,-1,-1
44587,1,-2,-2
44588,1,-2,-2
44589,1,-2,-2
44590,0,-2,-2
44591,1,-2,-2
44592,0,-2,-2
44593,1,-2,-2
44594,1,-2,-2
44595,1,-2,-2
44596,1,-2,-2
44597,0,-2,-2
44598,1,-2,-2
44599,0,-2,-2
44600,0,-1,-1
44601,0,-2,-2
44602,1,-2,-2
44603,0,-2,-2
44604,1,-2,-2
44605,1,-2,-2
44606,0,-2,-2
44607,1,-2,-2
44608,0,-2,-2
44609,1,-2,-2
44610,1,-2,-2
44611,0,-1,-1
44612,0,-2,-2
44613,1,-2,-2
44614,0,-2,-2
44615,0,-1,-1
44616,1,-2,-2
44617,1,-1,-1
44618,0,-2,-2
44619,0,-2,-2
44620,1,-2,-2
44621,0,-2,-2
44622,1,-2,-2
44623,0,-1,-1
44624,1,-2,-2
44625,0,-1,-1
44626,1,-2,-2
44627,0,-2,-2
44628,1,-2,-2
44629,1,-1,-1
44630,0,-2,-2
44631,1,-2,-2
44632,0,-2,-2
44633,1,-2,-2
44634,0,-2,-2
44635,0,-2,-2
44636,0,-1,-1
44637,0,-2,-2
44638,0,-2,-2
44639,1,-1,-1
44640,1,-2,-2
44641,0,-2,-2
44642,0,-2,-2
44643,0,-2,-2
44644,0,-2,-2
44645,0,-2,-2
44646,0,-2,-2
44647,1,-2,-2
44648,0,-1,-1
44649,1,-2,-2
44650,0,-2,-2
44651,0,-1,-1
44652,0,-2,-2
44653,1,-2,-2
44654,0,-2,-2
44655,1,-1,-1
44656,0,-2,-2
44657,1,-2,-2
44658,0,-2,-2
44659,0,-2,-2
44660,0,-2,-2
44661,0,-1,-1
44662,0,-1,-1
44663,1,-2,-2
44664,1,-1,-1
44665,1,-2,-2
44666,1,-2,-2
44667,0,-2,-2
44668,1,-2,-2
44669,1,-2,-2
44670,1,-1,-1
44671,1,-1,-1
44672,1,-2,-2
44673,0,-2,-2
44674,1,-2,-2
44675,1,-2,-2
44676,0,-2,-2
44677,1,-2,-2
44678,1,-2,-2
44679,0,-2,-2
44680,1,-2,-2
44681,0,-2,-2
44682,0,-1,-1
44683,0,-2,-2
44684,1,-1,-1
44685,0,-2,-2
44686,1,-1,-1
44687,0,-2,-2
44688,1,-2,-2
44689,0,-2,-2
44690,1,-2,-2
44691,0,-2,-2
44692,1,-2,-2
44693,0,-2,-2
44694,1,-2,-2
44695,0,-2,-2
44696,1,-2,-2
44697,1,-1,-1
44698,1,-2,-2
44699,1,-1,-1
44700,1,-1,-1
44701,1,-2,-2
44702,1,-2,-2
44703,0,-2,-2
44704,1,-2,-2
44705,0,-2,-2
44706,0,-2,-2
44707,1,-1,-1
44708,0,-2,-2
44709,0,-2,-2
44710,1,-1,-1
44711,0,-2,-2
44712,0,-1,-1
44713,0,-2,-2
44714,0,-2,-2
44715,1,-2,-2
44716,1,-1,-1
44717,0,-2,-2
44718,0,-1,-1
44719,0,-2,-2
44720,0,-1,-1
44721,1,-2,-2
44722,0,-2,-2
44723,1,-1,-1
44724,0,-2,-2
44725,1,-2,-2
44726,1,-2,-2
44727,0,-2,-2
44728,0,-2,-2
44729,0,-2,-2
44730,1,-1,-1
44731,0,-2,-2
44732,1,-2,-2
44733,1,-2,-2
44734,0,-2,-2
44735,0,-1,-1
44736,0,-2,-2
44737,0,-2,-2
44738,1,-2,-2
44739,1,-2,-2
44740,0,-1,-1
44741,1,-2,-2
44742,1,-2,-2
44743,1,-2,-2
44744,0,-2,-2
44745,0,-2,-2
44746,0,-1,-1
44747,1,-2,-2
44748,0,-2,-2
44749,0,-1,-1
44750,1,-2,-2
44751,1,-2,-2
44752,0,-2,-2
44753,1,-2,-2
44754,0,-2,-2
44755,1,-2,-2
44756,1,-2,-2
44757,0,-2,-2
44758,0,-2,-2
44759,0,-2,-2
44760,1,-1,-1
44761,0,-2,-2
44762,0,-2,-2
44763,0,-2,-2
44764,1,-2,-2
44765,0,-1,-1
44766,1,-2,-2
44767,1,-2,-2
44768,0,-1,-1
44769,0,-1,-1
44770,1,-1,-1
44771,1,-1,-1
44772,0,-2,-2
44773,0,-2,-2
44774,0,-2,-2
44775,1,-1,-1
44776,1,-2,-2
44777,1,-2,-2
44778,1,-1,-1
44779,1,-2,-2
44780,1,-2,-2
44781,0,-2,-2
44782,1,-2,-2
44783,0,-2,-2
44784,0,-1,-1
44785,0,-2,-2
44786,0,-2,-2
44787,1,-2,-2
44788,0,-1,-1
44789,0,-1,-1
44790,0,-1,-1
44791,1,-2,-2
44792,0,-2,-2
44793,1,-1,-1
44794,0,-2,-2
44795,0,-1,-1
44796,1,-2,-2
44797,1,-2,-2
44798,0,-2,-2
44799,1,-2,-2
44800,0,-1,-1
44801,0,-1,-1
44802,1,-2,-2
44803,0,-1,-1
44804,1,-2,-2
44805,1,-2,-2
44806,1,-2,-2
44807,1,-2,-2
44808,1,-2,-2
44809,1,-2,-2
44810,1,-2,-2
44811,1,-2,-2
44812,0,-2,-2
44813,1,-2,-2
44814,1,-1,-1
44815,0,-2,-2
44816,0,-2,-2
44817,0,-2,-2
44818,1,-2,-2
44819,1,-2,-2
44820,0,-1,-1
44821,0,-1,-1
44822,1,-2,-2
44823,0,-2,-2
44824,0,-2,-2
44825,0,-2,-2
44826,0,-1,-1
44827,0,-2,-2
44828,1,-1,-1
44829,0,-2,-2
44830,0,-2,-2
44831,1,-2,-2
44832,1,-2,-2
44833,1,-2,-2
44834,1,-2,-2
44835,1,-1,-1
44836,0,-1,-1
44837,1,-2,-2
44838,1,-2,-2
44839,0,-2,-2
44840,0,-2,-2
44841,0,-2,-2
44842,0,-2,-2
44843,0,-1,-1
44844,0,-2,-2
44845,1,-2,-2
44846,0,-2,-2
44847,1,-2,-2
44848,0,-2,-2
44849,0,-2,-2
44850,0,-2,-2
44851,0,-2,-2
44852,1,-2,-2
44853,1,-2,-2
44854,1,-2,-2
44855,0,-2,-2
44856,1,-2,-2
44857,0,-2,-2
44858,0,-2,-2
44859,0,-1,-1
44860,0,-1,-1
44861,0,-1,-1
44862,0,-1,-1
44863,0,-2,-2
44864,0,-2,-2
44865,1,-2,-2
44866,0,-2,-2
44867,1,-2,-2
44868,1,-2,-2
44869,0,-2,-2
44870,0,-2,-2
44871,1,-1,-1
44872,0,-2,-2
44873,0,-1,-1
44874,0,-2,-2
44875,1,-2,-2
44876,0,-2,-2
44877,1,-2,-2
44878,0,-1,-1
44879,1,-2,-2
44880,0,-1,-1
44881,0,-2,-2
44882,0,-2,-2
44883,1,-1,-1
44884,0,-2,-2
44885,1,-1,-1
44886,1,-2,-2
44887,0,-2,-2
44888,0,-1,-1
44889,1,-2,-2
44890,0,-1,-1
44891,0,-2,-2
44892,1,-2,-2
44893,1,-2,-2
44894,0,-2,-2
44895,0,-2,-2
44896,0,-2,-2
44897,1,-2,-2
44898,1,-2,-2
44899,1,-1,-1
44900,1,-2,-2
44901,1,-1,-1
44902,0,-2,-2
44903,0,-2,-2
44904,0,-2,-2
44905,0,-2,-2
44906,0,-2,-2
44907,0,-2,-2
44908,0,-2,-2
44909,0,-2,-2
44910,1,-2,-2
44911,1,-2,-2
44912,0,-2,-2
44913,1,-2,-2
44914,0,-2,-2
44915,0,-2,-2
44916,0,-2,-2
44917,0,-2,-2
44918,0,-2,-2
44919,1,-2,-2
44920,1,-2,-2
44921,1,-2,-2
44922,0,-2,-2
44923,0,-2,-2
44924,0,-2,-2
44925,1,-2,-2
44926,1,-2,-2
44927,1,-1,-1
44928,0,-2,-2
44929,1,-2,-2
44930,0,-2,-2
44931,0,-2,-2
44932,0,-2,-2
44933,0,-1,-1
44934,1,-1,-1
44935,0,-1,-1
44936,1,-2,-2
44937,1,-2,-2
44938,1,-2,-2
44939,0,-2,-2
44940,1,-2,-2
44941,0,-2,-2
44942,1,-2,-2
44943,1,-2,-2
44944,0,-1,-1
44945,0,-2,-2
44946,1,-1,-1
44947,0,-2,-2
44948,1,-2,-2
44949,0,-2,-2
44950,0,-2,-2
44951,0,-2,-2
44952,0,-2,-2
44953,1,-1,-1
44954,1,-2,-2
44955,1,-2,-2
44956,0,-2,-2
44957,0,-2,-2
44958,0,-1,-1
44959,0,-2,-2
44960,1,-2,-2
44961,1,-2,-2
44962,0,-2,-2
44963,0,-2,-2
44964,1,-2,-2
44965,1,-2,-2
44966,0,-1,-1
44967,0,-2,-2
44968,0,-2,-2
44969,1,-1,-1
44970,0,-2,-2
44971,1,-2,-2
44972,0,-2,-2
44973,0,-1,-1
44974,0,-2,-2
44975,1,-2,-2
44976,0,-2,-2
44977,0,-2,-2
44978,1,-2,-2
44979,1,-1,-1
44980,0,-2,-2
44981,1,-2,-2
44982,1,-1,-1
44983,0,-2,-2
44984,0,-2,-2
44985,1,-2,-2
44986,0,-2,-2
44987,1,-2,-2
44988,0,-2,-2
44989,1,-2,-2
44990,0,-2,-2
44991,0,-2,-2
44992,1,-2,-2
44993,0,-2,-2
44994,0,-2,-2
44995,0,-2,-2
44996,1,-2,-2
44997,0,-2,-2
44998,0,-2,-2
44999,1,-2,-2
45000,0,-2,-2
45001,0,-2,-2
45002,0,-1,-1
45003,1,-2,-2
45004,1,-2,-2
45005,1,-2,-2
45006,1,-2,-2
45007,1,-2,-2
45008,1,-2,-2
45009,0,-2,-2
45010,0,-2,-2
45011,0,-1,-1
45012,0,-2,-2
45013,1,-2,-2
45014,1,-1,-1
45015,0,-2,-2
45016,0,-1,-1
45017,0,-1,-1
45018,0,-2,-2
45019,0,-2,-2
45020,0,-2,-2
45021,1,-1,-1
45022,0,-2,-2
45023,1,-2,-2
45024,1,-2,-2
45025,1,-1,-1
45026,0,-2,-2
45027,0,-1,-1
45028,0,-2,-2
45029,1,-2,-2
45030,1,-1,-1
45031,0,-2,-2
45032,1,-2,-2
45033,0,-2,-2
45034,1,-2,-2
45035,0,-2,-2
45036,1,-1,-1
45037,0,-2,-2
45038,0,-2,-2
45039,0,-1,-1
45040,0,-2,-2
45041,1,-2,-2
45042,0,-2,-2
45043,0,-1,-1
45044,1,-2,-2
45045,1,-1,-1
45046,1,-2,-2
45047,1,-2,-2
45048,1,-2,-2
45049,1,-2,-2
45050,0,-2,-2
45051,1,-2,-2
45052,0,-2,-2
45053,1,-1,-1
45054,1,-2,-2
45055,1,-1,-1
45056,0,-2,-2
45057,1,-2,-2
45058,1,-2,-2
45059,1,-1,-1
45060,0,-2,-2
45061,0,-1,-1
45062,0,-2,-2
45063,1,-2,-2
45064,1,-2,-2
45065,0,-2,-2
45066,1,-2,-2
45067,1,-2,-2
45068,0,-2,-2
45069,1,-2,-2
45070,0,-1,-1
45071,0,-2,-2
45072,1,-2,-2
45073,1,-1,-1
45074,1,-1,-1
45075,0,-2,-2
45076,0,-2,-2
45077,1,-2,-2
45078,0,-2,-2
45079,1,-2,-2
45080,1,-2,-2
45081,1,-2,-2
45082,1,-2,-2
45083,1,-2,-2
45084,1,-2,-2
45085,0,-2,-2
45086,0,-2,-2
45087,0,-2,-2
45088,0,-2,-2
45089,1,-1,-1
45090,0,-2,-2
45091,0,-2,-2
45092,0,-2,-2
45093,0,-2,-2
45094,0,-2,-2
45095,0,-2,-2
45096,1,-2,-2
45097,1,-2,-2
45098,1,-2,-2
45099,0,-2,-2
45100,0,-2,-2
45101,0,-2,-2
45102,1,-2,-2
45103,1,-2,-2
45104,0,-2,-2
45105,1,-1,-1
45106,0,-2,-2
45107,1,-2,-2
45108,0,-1,-1
45109,0,-2,-2
45110,1,-1,-1
45111,0,-2,-2
45112,1,-2,-2
45113,0,-2,-2
45114,0,-2,-2
45115,1,-2,-2
45116,1,-2,-2
45117,1,-2,-2
45118,1,-2,-2
45119,0,-1,-1
45120,0,-2,-2
45121,1,-2,-2
45122,0,-2,-2
45123,1,-2,-2
45124,0,-2,-2
45125,0,-2,-2
45126,1,-2,-2
45127,0,-1,-1
45128,0,-1,-1
45129,1,-2,-2
45130,1,-2,-2
45131,0,-2,-2
45132,0,-1,-1
45133,0,-2,-2
45134,0,-2,-2
45135,0,-2,-2
45136,1,-2,-2
45137,1,-1,-1
45138,1,-1,-1
45139,0,-2,-2
45140,0,-2,-2
45141,0,-2,-2
45142,1,-2,-2
45143,1,-1,-1
45144,1,-2,-2
45145,1,-1,-1
45146,0,-2,-2
45147,1,-1,-1
45148,0,-2,-2
45149,0,-1,-1
45150,0,-2,-2
45151,1,-2,-2
45152,0,-2,-2
45153,1,-1,-1
45154,0,-1,-1
45155,0,-2,-2
45156,0,-2,-2
45157,1,-1,-1
45158,1,-2,-2
45159,1,-1,-1
45160,1,-2,-2
45161,1,-2,-2
45162,0,-2,-2
45163,1,-2,-2
45164,1,-2,-2
45165,1,-1,-1
45166,0,-2,-2
45167,0,-2,-2
45168,1,-2,-2
45169,0,-2,-2
45170,1,-2,-2
45171,1,-2,-2
45172,0,-2,-2
45173,1,-2,-2
45174,0,-2,-2
45175,1,-2,-2
45176,0,-2,-2
45177,0,-2,-2
45178,1,-2,-2
45179,0,-2,-2
45180,1,-2,-2
45181,0,-2,-2
45182,1,-2,-2
45183,0,-2,-2
45184,1,-1,-1
45185,1,-1,-1
45186,0,-2,-2
45187,0,-2,-2
45188,1,-2,-2
45189,0,-1,-1
45190,1,-2,-2
45191,1,-1,-1
45192,0,-2,-2
45193,1,-2,-2
45194,0,-2,-2
45195,0,-2,-2
45196,0,-1,-1
45197,1,-2,-2
45198,0,-2,-2
45199,0,-2,-2
45200,0,-1,-1
45201,1,-2,-2
45202,0,-2,-2
45203,1,-2,-2
45204,1,-1,-1
45205,1,-2,-2
45206,0,-2,-2
45207,1,-1,-1
45208,0,-2,-2
45209,1,-2,-2
45210,0,-2,-2
45211,1,-2,-2
45212,1,-1,-1
45213,0,-2,-2
45214,1,-2,-2
45215,0,-2,-2
45216,1,-1,-1
45217,0,-1,-1
45218,1,-1,-1
45219,1,-2,-2
45220,0,-2,-2
45221,0,-2,-2
45222,0,-2,-2
45223,1,-2,-2
45224,1,-2,-2
45225,1,-1,-1
45226,1,-2,-2
45227,1,-2,-2
45228,0,-2,-2
45229,0,-2,-2
45230,1,-2,-2
45231,0,-1,-1
45232,1,-2,-2
45233,1,-2,-2
45234,0,-2,-2
45235,0,-2,-2
45236,0,-2,-2
45237,0,-2,-2
45238,1,-2,-2
45239,1,-2,-2
45240,1,-2,-2
45241,1,-2,-2
45242,0,-2,-2
45243,0,-2,-2
45244,1,-2,-2
45245,1,-2,-2
45246,1,-2,-2
45247,0,-1,-1
45248,1,-2,-2
45249,0,-2,-2
45250,1,-2,-2
45251,1,-2,-2
45252,1,-2,-2
45253,1,-1,-1
45254,1,-2,-2
45255,0,-2,-2
45256,0,-2,-2
45257,1,-1,-1
45258,1,-2,-2
45259,1,-2,-2
45260,1,-2,-2
45261,0,-2,-2
45262,0,-2,-2
45263,0,-2,-2
45264,0,-1,-1
45265,0,-2,-2
45266,0,-2,-2
45267,1,-2,-2
45268,0,-2,-2
45269,1,-1,-1
45270,1,-1,-1
45271,1,-2,-2
45272,1,-2,-2
45273,0,-2,-2
45274,0,-2,-2
45275,1,-2,-2
45276,1,-2,-2
45277,0,-2,-2
45278,1,-1,-1
45279,0,-2,-2
45280,1,-2,-2
45281,1,-1,-1
45282,0,-2,-2
45283,0,-2,-2
45284,0,-2,-2
45285,0,-2,-2
45286,0,-2,-2
45287,1,-1,-1
45288,0,-1,-1
45289,0,-2,-2
45290,0,-2,-2
45291,0,-2,-2
45292,0,-2,-2
45293,1,-2,-2
45294,0,-1,-1
45295,1,-2,-2
45296,0,-1,-1
45297,0,-2,-2
45298,0,-2,-2
45299,0,-2,-2
45300,1,-2,-2
45301,0,-2,-2
45302,0,-2,-2
45303,0,-2,-2
45304,1,-2,-2
45305,0,-2,-2
45306,1,-2,-2
45307,1,-2,-2
45308,1,-1,-1
45309,0,-2,-2
45310,0,-2,-2
45311,1,-2,-2
45312,0,-2,-2
45313,1,-2,-2
45314,0,-1,-1
45315,1,-1,-1
45316,1,-2,-2
45317,0,-2,-2
45318,1,-2,-2
45319,1,-1,-1
45320,1,-2,-2
45321,0,-1,-1
45322,1,-2,-2
45323,1,-1,-1
45324,1,-2,-2
45325,1,-2,-2
45326,1,-1,-1
45327,0,-2,-2
45328,1,-2,-2
45329,1,-2,-2
45330,0,-2,-2
45331,1,-2,-2
45332,0,-2,-2
45333,1,-1,-1
45334,0,-1,-1
45335,0,-2,-2
45336,1,-1,-1
45337,1,-2,-2
45338,0,-2,-2
45339,1,-2,-2
45340,0,-2,-2
45341,0,-2,-2
45342,1,-2,-2
45343,1,-2,-2
45344,0,-2,-2
45345,1,-2,-2
45346,1,-2,-2
45347,1,-2,-2
45348,0,-2,-2
45349,0,-1,-1
45350,0,-2,-2
45351,1,-2,-2
45352,1,-2,-2
45353,1,-2,-2
45354,1,-1,-1
45355,1,-2,-2
45356,0,-2,-2
45357,0,-2,-2
45358,1,-2,-2
45359,1,-2,-2
45360,0,-2,-2
45361,0,-2,-2
45362,1,-2,-2
45363,1,-2,-2
45364,0,-2,-2
45365,1,-2,-2
45366,0,-2,-2
45367,1,-2,-2
45368,0,-2,-2
45369,0,-2,-2
45370,0,-2,-2
45371,1,-2,-2
45372,0,-2,-2
45373,0,-2,-2
45374,1,-2,-2
45375,0,-1,-1
45376,1,-2,-2
45377,1,-2,-2
45378,1,-2,-2
45379,0,-2,-2
45380,1,-2,-2
45381,0,-2,-2
45382,0,-2,-2
45383,0,-2,-2
45384,1,-1,-1
45385,1,-1,-1
45386,1,-1,-1
45387,0,-2,-2
45388,0,-1,-1
45389,1,-2,-2
45390,1,-2,-2
45391,1,-2,-2
45392,1,-2,-2
45393,1,-2,-2
45394,0,-1,-1
45395,0,-2,-2
45396,0,-2,-2
45397,1,-2,-2
45398,0,-2,-2
45399,0,-2,-2
45400,1,-1,-1
45401,1,-2,-2
45402,0,-1,-1
45403,0,-2,-2
45404,0,-2,-2
45405,1,-2,-2
45406,0,-2,-2
45407,1,-1,-1
45408,0,-2,-2
45409,1,-2,-2
45410,1,-2,-2
45411,1,-2,-2
45412,0,-1,-1
45413,0,-2,-2
45414,0,-2,-2
45415,1,-2,-2
45416,0,-2,-2
45417,1,-2,-2
45418,1,-2,-2
45419,0,-2,-2
45420,1,-2,-2
45421,1,-1,-1
45422,1,-2,-2
45423,1,-1,-1
45424,0,-2,-2
45425,0,-2,-2
45426,0,-2,-2
45427,1,-2,-2
45428,0,-2,-2
45429,1,-1,-1
45430,0,-2,-2
45431,1,-2,-2
45432,0,-1,-1
45433,0,-2,-2
45434,1,-2,-2
45435,0,-2,-2
45436,0,-1,-1
45437,1,-2,-2
45438,1,-2,-2
45439,0,-2,-2
45440,1,-1,-1
45441,1,-2,-2
45442,0,-2,-2
45443,1,-2,-2
45444,0,-1,-1
45445,1,-2,-2
45446,0,-2,-2
45447,0,-1,-1
45448,0,-2,-2
45449,1,-2,-2
45450,0,-2,-2
45451,1,-2,-2
45452,0,-1,-1
45453,1,-2,-2
45454,1,-2,-2
45455,0,-2,-2
45456,1,-1,-1
45457,0,-2,-2
45458,0,-1,-1
45459,1,-2,-2
45460,1,-2,-2
45461,0,-2,-2
45462,1,-2,-2
45463,0,-2,-2
45464,0,-1,-1
45465,0,-2,-2
45466,1,-2,-2
45467,1,-2,-2
45468,0,-2,-2
45469,0,-2,-2
45470,1,-2,-2
45471,1,-1,-1
45472,0,-2,-2
45473,1,-2,-2
45474,0,-2,-2
45475,1,-2,-2
45476,1,-2,-2
45477,0,-2,-2
45478,0,-2,-2
45479,0,-1,-1
45480,0,-2,-2
45481,1,-2,-2
45482,0,-2,-2
45483,0,-2,-2
45484,0,-2,-2
45485,0,-2,-2
45486,0,-2,-2
45487,1,-1,-1
45488,1,-2,-2
45489,1,-2,-2
45490,1,-2,-2
45491,1,-1,-1
45492,0,-2,-2
45493,0,-2,-2
45494,1,-2,-2
45495,1,-2,-2
45496,1,-2,-2
45497,0,-2,-2
45498,0,-2,-2
45499,0,-2,-2
45500,0,-1,-1
45501,0,-2,-2
45502,1,-2,-2
45503,0,-2,-2
45504,1,-1,-1
45505,1,-1,-1
45506,0,-1,-1
45507,1,-1,-1
45508,0,-1,-1
45509,1,-1,-1
45510,0,-2,-2
45511,1,-2,-2
45512,1,-1,-1
45513,0,-2,-2
45514,1,-2,-2
45515,0,-2,-2
45516,0,-2,-2
45517,0,-2,-2
45518,1,-2,-2
45519,0,-2,-2
45520,0,-2,-2
45521,0,-1,-1
45522,0,-2,-2
45523,1,-2,-2
45524,0,-2,-2
45525,0,-2,-2
45526,1,-2,-2
45527,0,-2,-2
45528,0,-1,-1
45529,0,-2,-2
45530,1,-2,-2
45531,1,-1,-1
45532,0,-2,-2
45533,1,-2,-2
45534,0,-1,-1
45535,1,-1,-1
45536,0,-2,-2
45537,0,-2,-2
45538,0,-2,-2
45539,0,-2,-2
45540,1,-2,-2
45541,0,-2,-2
45542,0,-2,-2
45543,1,-2,-2
45544,1,-2,-2
45545,1,-1,-1
45546,1,-2,-2
45547,1,-1,-1
45548,0,-1,-1
45549,0,-2,-2
45550,0,-2,-2
45551,1,-2,-2
45552,1,-1,-1
45553,1,-1,-1
45554,0,-1,-1
45555,1,-2,-2
45556,0,-2,-2
45557,1,-1,-1
45558,0,-2,-2
45559,0,-2,-2
45560,1,-2,-2
45561,0,-2,-2
45562,1,-1,-1
45563,1,-2,-2
45564,1,-2,-2
45565,1,-2,-2
45566,0,-2,-2
45567,1,-2,-2
45568,0,-2,-2
45569,0,-1,-1
45570,1,-2,-2
45571,1,-2,-2
45572,1,-2,-2
45573,1,-2,-2
45574,0,-2,-2
45575,1,-2,-2
45576,1,-2,-2
45577,0,-2,-2
45578,0,-1,-1
45579,0,-2,-2
45580,0,-1,-1
45581,1,-2,-2
45582,0,-2,-2
45583,0,-2,-2
45584,0,-2,-2
45585,0,-2,-2
45586,1,-2,-2
45587,1,-2,-2
45588,1,-2,-2
45589,1,-2,-2
45590,0,-1,-1
45591,0,-1,-1
45592,0,-2,-2
45593,1,-2,-2
45594,0,-2,-2
45595,0,-2,-2
45596,0,-2,-2
45597,1,-2,-2
45598,0,-2,-2
45599,0,-2,-2
45600,1,-2,-2
45601,0,-2,-2
45602,1,-2,-2
45603,1,-2,-2
45604,1,-2,-2
45605,1,-2,-2
45606,0,-2,-2
45607,0,-2,-2
45608,1,-1,-1
45609,0,-2,-2
45610,0,-2,-2
45611,0,-2,-2
45612,1,-2,-2
45613,0,-2,-2
45614,0,-2,-2
45615,0,-2,-2
45616,1,-2,-2
45617,1,-2,-2
45618,0,-2,-2
45619,0,-2,-2
45620,0,-2,-2
45621,0,-2,-2
45622,1,-2,-2
45623,1,-2,-2
45624,1,-2,-2
45625,1,-1,-1
45626,1,-2,-2
45627,0,-2,-2
45628,0,-2,-2
45629,1,-2,-2
45630,0,-1,-1
45631,1,-2,-2
45632,1,-2,-2
45633,0,-2,-2
45634,0,-1,-1
45635,0,-2,-2
45636,1,-2,-2
45637,1,-1,-1
45638,1,-2,-2
45639,0,-2,-2
45640,0,-2,-2
45641,0,-2,-2
45642,0,-2,-2
45643,0,-1,-1
45644,1,-2,-2
45645,0,-2,-2
45646,1,-2,-2
45647,0,-2,-2
45648,0,-2,-2
45649,0,-1,-1
45650,1,-2,-2
45651,0,-1,-1
45652,0,-2,-2
45653,1,-2,-2
45654,1,-1,-1
45655,1,-2,-2
45656,1,-1,-1
45657,0,-2,-2
45658,0,-1,-1
45659,0,-2,-2
45660,0,-2,-2
45661,0,-2,-2
45662,1,-2,-2
45663,0,-2,-2
45664,0,-2,-2
45665,0,-2,-2
45666,1,-1,-1
45667,1,-2,-2
45668,1,-2,-2
45669,1,-2,-2
45670,0,-2,-2
45671,1,-2,-2
45672,1,-2,-2
45673,0,-2,-2
45674,1,-2,-2
45675,0,-2,-2
45676,0,-2,-2
45677,1,-1,-1
45678,1,-2,-2
45679,1,-2,-2
45680,1,-2,-2
45681,0,-2,-2
45682,0,-2,-2
45683,0,-1,-1
45684,1,-1,-1
45685,0,-2,-2
45686,0,-2,-2
45687,1,-2,-2
45688,0,-2,-2
45689,1,-2,-2
45690,1,-2,-2
45691,0,-2,-2
45692,0,-1,-1
45693,1,-2,-2
45694,1,-2,-2
45695,0,-2,-2
45696,0,-1,-1
45697,0,-1,-1
45698,0,-1,-1
45699,1,-2,-2
45700,1,-1,-1
45701,1,-2,-2
45702,1,-1,-1
45703,1,-2,-2
45704,0,-2,-2
45705,0,-2,-2
45706,0,-2,-2
45707,1,-1,-1
45708,0,-2,-2
45709,0,-2,-2
45710,1,-2,-2
45711,0,-2,-2
45712,0,-2,-2
45713,0,-2,-2
45714,0,-1,-1
45715,0,-2,-2
45716,0,-2,-2
45717,0,-2,-2
45718,1,-2,-2
45719,1,-2,-2
45720,1,-2,-2
45721,0,-1,-1
45722,1,-2,-2
45723,1,-1,-1
45724,0,-2,-2
45725,0,-2,-2
45726,0,-1,-1
45727,0,-2,-2
45728,1,-2,-2
45729,1,-2,-2
45730,0,-2,-2
45731,0,-2,-2
45732,0,-2,-2
45733,1,-2,-2
45734,0,-2,-2
45735,0,-2,-2
45736,0,-2,-2
45737,1,-2,-2
45738,1,-2,-2
45739,1,-1,-1
45740,1,-2,-2
45741,0,-2,-2
45742,1,-2,-2
45743,0,-2,-2
45744,0,-1,-1
45745,1,-2,-2
45746,0,-2,-2
45747,1,-2,-2
45748,0,-1,-1
45749,1,-2,-2
45750,1,-2,-2
45751,0,-2,-2
45752,1,-1,-1
45753,1,-2,-2
45754,0,-2,-2
45755,1,-1,-1
45756,0,-2,-2
45757,1,-2,-2
45758,0,-1,-1
45759,1,-2,-2
45760,0,-2,-2
45761,0,-2,-2
45762,0,-2,-2
45763,0,-2,-2
45764,0,-1,-1
45765,0,-2,-2
45766,0,-1,-1
45767,1,-2,-2
45768,0,-2,-2
45769,0,-2,-2
45770,0,-1,-1
45771,0,-2,-2
45772,1,-2,-2
45773,1,-2,-2
45774,1,-2,-2
45775,1,-2,-2
45776,1,-1,-1
45777,1,-2,-2
45778,1,-2,-2
45779,0,-2,-2
45780,0,-2,-2
45781,1,-2,-2
45782,1,-2,-2
45783,1,-1,-1
45784,1,-2,-2
45785,1,-2,-2
45786,1,-2,-2
45787,1,-2,-2
45788,1,-1,-1
45789,1,-2,-2
45790,0,-2,-2
45791,1,-2,-2
45792,0,-2,-2
45793,1,-2,-2
45794,1,-2,-2
45795,1,-2,-2
45796,0,-2,-2
45797,1,-2,-2
45798,1,-2,-2
45799,0,-2,-2
45800,0,-2,-2
45801,0,-2,-2
45802,1,-2,-2
45803,0,-2,-2
45804,1,-2,-2
45805,1,-2,-2
45806,0,-2,-2
45807,1,-2,-2
45808,1,-1,-1
45809,0,-2,-2
45810,1,-2,-2
45811,1,-2,-2
45812,1,-2,-2
45813,0,-2,-2
45814,0,-2,-2
45815,1,-2,-2
45816,1,-2,-2
45817,1,-2,-2
45818,1,-1,-1
45819,0,-2,-2
45820,1,-2,-2
45821,1,-1,-1
45822,0,-2,-2
45823,1,-2,-2
45824,1,-1,-1
45825,0,-2,-2
45826,1,-1,-1
45827,1,-2,-2
45828,1,-2,-2
45829,1,-2,-2
45830,0,-2,-2
45831,0,-2,-2
45832,1,-1,-1
45833,0,-2,-2
45834,0,-2,-2
45835,0,-2,-2
45836,0,-2,-2
45837,1,-2,-2
45838,0,-1,-1
45839,1,-1,-1
45840,1,-2,-2
45841,0,-2,-2
45842,1,-2,-2
45843,1,-1,-1
45844,0,-2,-2
45845,1,-2,-2
45846,1,-1,-1
45847,0,-2,-2
45848,0,-2,-2
45849,0,-1,-1
45850,1,-2,-2
45851,1,-2,-2
45852,0,-2,-2
45853,0,-2,-2
45854,0,-2,-2
45855,0,-2,-2
45856,1,-2,-2
45857,0,-2,-2
45858,0,-2,-2
45859,1,-1,-1
45860,1,-2,-2
45861,0,-1,-1
45862,1,-2,-2
45863,0,-1,-1
45864,0,-2,-2
45865,0,-2,-2
45866,1,-2,-2
45867,1,-2,-2
45868,1,-2,-2
45869,0,-2,-2
45870,0,-2,-2
45871,1,-2,-2
45872,0,-2,-2
45873,0,-2,-2
45874,1,-2,-2
45875,1,-2,-2
45876,1,-2,-2
45877,0,-2,-2
45878,0,-2,-2
45879,1,-2,-2
45880,0,-2,-2
45881,1,-1,-1
45882,1,-2,-2
45883,0,-2,-2
45884,1,-2,-2
45885,0,-2,-2
45886,0,-2,-2
45887,1,-2,-2
45888,0,-1,-1
45889,1,-2,-2
45890,0,-2,-2
45891,1,-1,-1
45892,0,-2,-2
45893,1,-2,-2
45894,1,-2,-2
45895,1,-2,-2
45896,0,-1,-1
45897,1,-2,-2
45898,1,-2,-2
45899,1,-2,-2
45900,1,-2,-2
45901,1,-2,-2
45902,0,-2,-2
45903,1,-2,-2
45904,0,-2,-2
45905,1,-2,-2
45906,0,-1,-1
45907,1,-1,-1
45908,1,-1,-1
45909,0,-2,-2
45910,1,-2,-2
45911,0,-2,-2
45912,1,-2,-2
45913,0,-2,-2
45914,1,-2,-2
45915,0,-2,-2
45916,0,-2,-2
45917,0,-2,-2
45918,1,-1,-1
45919,0,-1,-1
45920,0,-2,-2
45921,0,-2,-2
45922,0,-2,-2
45923,1,-2,-2
45924,1,-2,-2
45925,0,-1,-1
45926,0,-2,-2
45927,1,-2,-2
45928,0,-2,-2
45929,0,-2,-2
45930,0,-2,-2
45931,0,-2,-2
45932,0,-2,-2
45933,0,-2,-2
45934,1,-2,-2
45935,1,-2,-2
45936,0,-1,-1
45937,0,-2,-2
45938,0,-2,-2
45939,1,-2,-2
45940,0,-2,-2
45941,1,-1,-1
45942,0,-1,-1
45943,1,-1,-1
45944,0,-2,-2
45945,0,-2,-2
45946,0,-2,-2
45947,1,-1,-1
45948,1,-1,-1
45949,1,-2,-2
45950,1,-2,-2
45951,1,-2,-2
45952,0,-2,-2
45953,1,-2,-2
45954,0,-2,-2
45955,0,-2,-2
45956,0,-2,-2
45957,1,-2,-2
45958,1,-1,-1
45959,1,-2,-2
45960,1,-2,-2
45961,1,-2,-2
45962,0,-1,-1
45963,0,-2,-2
45964,0,-2,-2
45965,0,-1,-1
45966,0,-2,-2
45967,0,-1,-1
45968,0,-2,-2
45969,1,-1,-1
45970,0,-2,-2
45971,1,-2,-2
45972,0,-2,-2
45973,0,-1,-1
45974,0,-2,-2
45975,0,-2,-2
45976,0,-2,-2
45977,0,-2,-2
45978,1,-1,-1
45979,1,-2,-2
45980,0,-2,-2
45981,0,-2,-2
45982,1,-2,-2
45983,1,-2,-2
45984,0,-2,-2
45985,1,-2,-2
45986,0,-1,-1
45987,0,-2,-2
45988,0,-2,-2
45989,0,-2,-2
45990,0,-2,-2
45991,1,-2,-2
45992,0,-1,-1
45993,1,-2,-2
45994,1,-1,-1
45995,1,-1,-1
45996,0,-2,-2
45997,0,-1,-1
45998,1,-1,-1
45999,1,-1,-1
46000,0,-1,-1
46001,1,-1,-1
46002,1,-2,-2
46003,1,-1,-1
46004,1,-2,-2
46005,0,-2,-2
46006,0,-1,-1
46007,0,-1,-1
46008,1,-2,-2
46009,0,-2,-2
46010,1,-2,-2
46011,1,-2,-2
46012,0,-2,-2
46013,1,-1,-1
46014,1,-1,-1
46015,1,-2,-2
46016,0,-2,-2
46017,0,-2,-2
46018,1,-2,-2
46019,0,-2,-2
46020,0,-2,-2
46021,0,-1,-1
46022,1,-2,-2
46023,1,-2,-2
46024,0,-2,-2
46025,0,-2,-2
46026,0,-2,-2
46027,0,-1,-1
46028,1,-2,-2
46029,0,-2,-2
46030,1,-2,-2
46031,0,-2,-2
46032,0,-2,-2
46033,0,-2,-2
46034,1,-2,-2
46035,0,-2,-2
46036,1,-2,-2
46037,0,-2,-2
46038,1,-1,-1
46039,1,-1,-1
46040,0,-1,-1
46041,0,-2,-2
46042,0,-1,-1
46043,1,-1,-1
46044,0,-2,-2
46045,1,-2,-2
46046,1,-2,-2
46047,0,-1,-1
46048,1,-1,-1
46049,1,-2,-2
46050,0,-2,-2
46051,0,-2,-2
46052,1,-2,-2
46053,1,-2,-2
46054,0,-2,-2
46055,0,-2,-2
46056,0,-1,-1
46057,0,-2,-2
46058,1,-2,-2
46059,1,-2,-2
46060,0,-2,-2
46061,1,-1,-1
46062,0,-2,-2
46063,1,-2,-2
46064,0,-2,-2
46065,1,-1,-1
46066,0,-2,-2
46067,0,-1,-1
46068,1,-2,-2
46069,1,-2,-2
46070,0,-1,-1
46071,0,-2,-2
46072,1,-1,-1
46073,1,-2,-2
46074,1,-1,-1
46075,0,-1,-1
46076,0,-1,-1
46077,0,-2,-2
46078,1,-1,-1
46079,0,-2,-2
46080,1,-2,-2
46081,1,-2,-2
46082,0,-2,-2
46083,1,-2,-2
46084,1,-2,-2
46085,1,-2,-2
46086,0,-1,-1
46087,1,-2,-2
46088,0,-2,-2
46089,0,-2,-2
46090,0,-2,-2
46091,1,-2,-2
46092,1,-2,-2
46093,0,-1,-1
46094,1,-2,-2
46095,1,-2,-2
46096,1,-2,-2
46097,1,-2,-2
46098,0,-2,-2
46099,1,-2,-2
46100,1,-2,-2
46101,0,-2,-2
46102,0,-1,-1
46103,1,-2,-2
46104,1,-2,-2
46105,0,-1,-1
46106,1,-2,-2
46107,1,-2,-2
46108,0,-2,-2
46109,0,-2,-2
46110,0,-2,-2
46111,0,-2,-2
46112,0,-2,-2
46113,1,-2,-2
46114,0,-2,-2
46115,1,-2,-2
46116,1,-1,-1
46117,0,-1,-1
46118,1,-2,-2
46119,1,-2,-2
46120,1,-2,-2
46121,1,-2,-2
46122,1,-2,-2
46123,1,-2,-2
46124,0,-2,-2
46125,1,-1,-1
46126,0,-2,-2
46127,0,-2,-2
46128,0,-1,-1
46129,1,-2,-2
46130,0,-2,-2
46131,0,-1,-1
46132,1,-2,-2
46133,1,-2,-2
46134,0,-2,-2
46135,0,-2,-2
46136,0,-2,-2
46137,1,-2,-2
46138,1,-2,-2
46139,1,-2,-2
46140,0,-2,-2
46141,0,-2,-2
46142,0,-2,-2
46143,1,-2,-2
46144,1,-2,-2
46145,1,-2,-2
46146,0,-2,-2
46147,1,-2,-2
46148,1,-1,-1
46149,0,-2,-2
46150,0,-2,-2
46151,1,-1,-1
46152,1,-1,-1
46153,1,-2,-2
46154,1,-2,-2
46155,0,-2,-2
46156,0,-2,-2
46157,0,-2,-2
46158,0,-1,-1
46159,1,-2,-2
46160,1,-2,-2
46161,0,-2,-2
46162,0,-1,-1
46163,0,-2,-2
46164,1,-2,-2
46165,1,-2,-2
46166,1,-2,-2
46167,0,-2,-2
46168,0,-1,-1
46169,1,-2,-2
46170,1,-2,-2
46171,1,-2,-2
46172,1,-2,-2
46173,0,-1,-1
46174,1,-2,-2
46175,1,-2,-2
46176,1,-2,-2
46177,0,-2,-2
46178,1,-2,-2
46179,1,-2,-2
46180,0,-2,-2
46181,0,-2,-2
46182,0,-2,-2
46183,1,-2,-2
46184,0,-2,-2
46185,1,-2,-2
46186,0,-2,-2
46187,0,-2,-2
46188,1,-2,-2
46189,0,-1,-1
46190,0,-2,-2
46191,1,-2,-2
46192,1,-2,-2
46193,1,-2,-2
46194,1,-2,-2
46195,0,-1,-1
46196,1,-2,-2
46197,0,-2,-2
46198,1,-2,-2
46199,0,-1,-1
46200,1,-1,-1
46201,1,-2,-2
46202,1,-2,-2
46203,1,-2,-2
46204,1,-1,-1
46205,0,-2,-2
46206,0,-1,-1
46207,1,-1,-1
46208,0,-2,-2
46209,1,-2,-2
46210,1,-2,-2
46211,0,-2,-2
46212,1,-2,-2
46213,0,-2,-2
46214,0,-1,-1
46215,1,-2,-2
46216,0,-1,-1
46217,0,-1,-1
46218,1,-1,-1
46219,0,-2,-2
46220,0,-2,-2
46221,1,-1,-1
46222,0,-2,-2
46223,1,-1,-1
46224,1,-1,-1
46225,1,-1,-1
46226,1,-2,-2
46227,1,-2,-2
46228,0,-2,-2
46229,0,-2,-2
46230,0,-2,-2
46231,0,-2,-2
46232,0,-1,-1
46233,0,-2,-2
46234,0,-2,-2
46235,0,-1,-1
46236,0,-2,-2
46237,0,-2,-2
46238,1,-2,-2
46239,0,-2,-2
46240,0,-1,-1
46241,0,-2,-2
46242,1,-1,-1
46243,1,-2,-2
46244,1,-2,-2
46245,1,-2,-2
46246,0,-2,-2
46247,0,-2,-2
46248,0,-2,-2
46249,0,-2,-2
46250,1,-2,-2
46251,1,-2,-2
46252,1,-1,-1
46253,0,-2,-2
46254,1,-2,-2
46255,0,-2,-2
46256,0,-2,-2
46257,0,-2,-2
46258,1,-2,-2
46259,0,-2,-2
46260,1,-2,-2
46261,0,-2,-2
46262,1,-2,-2
46263,0,-1,-1
46264,0,-2,-2
46265,0,-2,-2
46266,1,-2,-2
46267,1,-2,-2
46268,0,-2,-2
46269,1,-2,-2
46270,0,-2,-2
46271,1,-2,-2
46272,0,-1,-1
46273,0,-2,-2
46274,1,-2,-2
46275,1,-2,-2
46276,0,-2,-2
46277,1,-2,-2
46278,1,-2,-2
46279,1,-2,-2
46280,0,-2,-2
46281,0,-2,-2
46282,1,-1,-1
46283,1,-2,-2
46284,1,-2,-2
46285,1,-1,-1
46286,0,-1,-1
46287,0,-2,-2
46288,0,-2,-2
46289,1,-2,-2
46290,0,-2,-2
46291,1,-1,-1
46292,0,-2,-2
46293,0,-1,-1
46294,1,-2,-2
46295,1,-2,-2
46296,1,-2,-2
46297,1,-2,-2
46298,0,-2,-2
46299,1,-1,-1
46300,1,-2,-2
46301,0,-2,-2
46302,1,-2,-2
46303,0,-1,-1
46304,1,-1,-1
46305,1,-2,-2
46306,1,-2,-2
46307,0,-1,-1
46308,1,-2,-2
46309,0,-1,-1
46310,0,-2,-2
46311,0,-2,-2
46312,1,-2,-2
46313,1,-2,-2
46314,0,-2,-2
46315,1,-2,-2
46316,0,-1,-1
46317,0,-1,-1
46318,1,-2,-2
46319,1,-2,-2
46320,1,-2,-2
46321,0,-2,-2
46322,1,-2,-2
46323,1,-2,-2
46324,1,-2,-2
46325,1,-2,-2
46326,1,-1,-1
46327,1,-2,-2
46328,1,-2,-2
46329,0,-2,-2
46330,0,-2,-2
46331,0,-1,-1
46332,0,-1,-1
46333,1,-2,-2
46334,0,-2,-2
46335,1,-1,-1
46336,0,-1,-1
46337,0,-2,-2
46338,0,-1,-1
46339,1,-2,-2
46340,1,-2,-2
46341,0,-2,-2
46342,0,-2,-2
46343,0,-2,-2
46344,0,-2,-2
46345,0,-2,-2
46346,1,-2,-2
46347,1,-2,-2
46348,1,-2,-2
46349,1,-2,-2
46350,0,-2,-2
46351,1,-2,-2
46352,1,-2,-2
46353,1,-2,-2
46354,1,-2,-2
46355,1,-1,-1
46356,0,-2,-2
46357,0,-2,-2
46358,1,-2,-2
46359,1,-2,-2
46360,1,-2,-2
46361,0,-1,-1
46362,1,-1,-1
46363,1,-2,-2
46364,0,-2,-2
46365,0,-2,-2
46366,0,-2,-2
46367,0,-2,-2
46368,1,-2,-2
46369,1,-1,-1
46370,0,-2,-2
46371,1,-2,-2
46372,1,-2,-2
46373,0,-2,-2
46374,0,-1,-1
46375,1,-1,-1
46376,0,-2,-2
46377,0,-2,-2
46378,0,-2,-2
46379,1,-2,-2
46380,0,-2,-2
46381,0,-2,-2
46382,0,-2,-2
46383,1,-2,-2
46384,1,-2,-2
46385,1,-2,-2
46386,1,-2,-2
46387,0,-2,-2
46388,1,-2,-2
46389,1,-2,-2
46390,0,-2,-2
46391,1,-2,-2
46392,1,-2,-2
46393,1,-1,-1
46394,1,-2,-2
46395,1,-1,-1
46396,1,-2,-2
46397,1,-1,-1
46398,0,-2,-2
46399,0,-2,-2
46400,0,-2,-2
46401,0,-2,-2
46402,0,-1,-1
46403,1,-2,-2
46404,1,-1,-1
46405,1,-2,-2
46406,1,-2,-2
46407,0,-2,-2
46408,1,-2,-2
46409,1,-1,-1
46410,1,-1,-1
46411,1,-2,-2
46412,1,-2,-2
46413,1,-2,-2
46414,1,-2,-2
46415,1,-2,-2
46416,1,-2,-2
46417,0,-2,-2
46418,0,-2,-2
46419,1,-2,-2
46420,1,-1,-1
46421,0,-2,-2
46422,0,-2,-2
46423,1,-2,-2
46424,1,-2,-2
46425,0,-2,-2
46426,0,-2,-2
46427,1,-1,-1
46428,0,-2,-2
46429,1,-1,-1
46430,1,-2,-2
46431,0,-2,-2
46432,0,-2,-2
46433,1,-2,-2
46434,1,-2,-2
46435,0,-2,-2
46436,1,-1,-1
46437,0,-1,-1
46438,0,-2,-2
46439,0,-2,-2
46440,1,-2,-2
46441,1,-2,-2
46442,1,-2,-2
46443,1,-1,-1
46444,0,-1,-1
46445,0,-2,-2
46446,1,-2,-2
46447,1,-2,-2
46448,0,-1,-1
46449,0,-2,-2
46450,1,-1,-1
46451,1,-1,-1
46452,1,-1,-1
46453,1,-2,-2
46454,1,-2,-2
46455,1,-2,-2
46456,1,-2,-2
46457,1,-1,-1
46458,1,-2,-2
46459,1,-2,-2
46460,0,-2,-2
46461,0,-2,-2
46462,1,-2,-2
46463,0,-1,-1
46464,0,-2,-2
46465,0,-1,-1
46466,1,-2,-2
46467,1,-1,-1
46468,0,-2,-2
46469,0,-1,-1
46470,0,-2,-2
46471,0,-2,-2
46472,0,-2,-2
46473,0,-2,-2
46474,0,-2,-2
46475,0,-1,-1
46476,1,-2,-2
46477,0,-2,-2
46478,0,-1,-1
46479,0,-1,-1
46480,1,-2,-2
46481,1,-2,-2
46482,1,-2,-2
46483,1,-1,-1
46484,0,-1,-1
46485,1,-2,-2
46486,1,-2,-2
46487,1,-1,-1
46488,1,-2,-2
46489,0,-2,-2
46490,0,-1,-1
46491,1,-1,-1
46492,1,-2,-2
46493,1,-2,-2
46494,0,-1,-1
46495,1,-1,-1
46496,1,-2,-2
46497,1,-2,-2
46498,0,-2,-2
46499,1,-2,-2
46500,0,-2,-2
46501,0,-2,-2
46502,1,-2,-2
46503,1,-2,-2
46504,0,-2,-2
46505,1,-2,-2
46506,1,-2,-2
46507,1,-2,-2
46508,0,-2,-2
46509,1,-2,-2
46510,1,-2,-2
46511,0,-1,-1
46512,0,-2,-2
46513,0,-2,-2
46514,0,-2,-2
46515,0,-1,-1
46516,0,-1,-1
46517,1,-2,-2
46518,1,-2,-2
46519,0,-2,-2
46520,0,-2,-2
46521,1,-1,-1
46522,0,-2,-2
46523,1,-2,-2
46524,0,-2,-2
46525,1,-2,-2
46526,1,-1,-1
46527,1,-1,-1
46528,0,-2,-2
46529,1,-1,-1
46530,1,-2,-2
46531,0,-2,-2
46532,0,-2,-2
46533,1,-2,-2
46534,1,-2,-2
46535,1,-2,-2
46536,0,-2,-2
46537,1,-2,-2
46538,0,-1,-1
46539,1,-2,-2
46540,1,-2,-2
46541,1,-2,-2
46542,0,-2,-2
46543,1,-1,-1
46544,1,-2,-2
46545,0,-2,-2
46546,0,-2,-2
46547,1,-1,-1
46548,0,-2,-2
46549,0,-2,-2
46550,0,-2,-2
46551,0,-2,-2
46552,1,-2,-2
46553,1,-1,-1
46554,1,-2,-2
46555,0,-2,-2
46556,0,-2,-2
46557,0,-2,-2
46558,0,-2,-2
46559,1,-2,-2
46560,1,-2,-2
46561,1,-2,-2
46562,1,-1,-1
46563,0,-2,-2
46564,0,-2,-2
46565,1,-2,-2
46566,1,-2,-2
46567,1,-2,-2
46568,0,-2,-2
46569,0,-2,-2
46570,1,-2,-2
46571,1,-2,-2
46572,1,-1,-1
46573,0,-2,-2
46574,0,-2,-2
46575,0,-1,-1
46576,1,-2,-2
46577,1,-2,-2
46578,0,-2,-2
46579,0,-1,-1
46580,1,-2,-2
46581,1,-2,-2
46582,1,-2,-2
46583,1,-2,-2
46584,0,-2,-2
46585,0,-2,-2
46586,0,-2,-2
46587,1,-1,-1
46588,0,-2,-2
46589,1,-1,-1
46590,1,-2,-2
46591,1,-1,-1
46592,1,-1,-1
46593,1,-2,-2
46594,0,-2,-2
46595,0,-2,-2
46596,1,-2,-2
46597,0,-1,-1
46598,1,-2,-2
46599,0,-2,-2
46600,1,-1,-1
46601,0,-1,-1
46602,1,-1,-1
46603,1,-1,-1
46604,0,-2,-2
46605,1,-2,-2
46606,1,-2,-2
46607,1,-2,-2
46608,0,-2,-2
46609,0,-2,-2
46610,1,-1,-1
46611,1,-2,-2
46612,0,-1,-1
46613,0,-2,-2
46614,1,-2,-2
46615,0,-2,-2
46616,1,-2,-2
46617,1,-2,-2
46618,1,-1,-1
46619,1,-2,-2
46620,1,-2,-2
46621,0,-2,-2
46622,0,-2,-2
46623,1,-1,-1
46624,0,-1,-1
46625,0,-1,-1
46626,1,-1,-1
46627,1,-2,-2
46628,0,-2,-2
46629,0,-2,-2
46630,0,-2,-2
46631,1,-2,-2
46632,0,-1,-1
46633,0,-2,-2
46634,1,-2,-2
46635,1,-2,-2
46636,1,-2,-2
46637,0,-2,-2
46638,0,-2,-2
46639,0,-1,-1
46640,1,-1,-1
46641,0,-2,-2
46642,1,-1,-1
46643,0,-1,-1
46644,0,-2,-2
46645,1,-2,-2
46646,0,-1,-1
46647,0,-2,-2
46648,0,-2,-2
46649,1,-2,-2
46650,0,-1,-1
46651,1,-1,-1
46652,0,-2,-2
46653,0,-2,-2
46654,0,-2,-2
46655,1,-1,-1
46656,0,-1,-1
46657,1,-2,-2
46658,1,-2,-2
46659,0,-2,-2
46660,1,-2,-2
46661,1,-2,-2
46662,1,-2,-2
46663,1,-2,-2
46664,0,-2,-2
46665,1,-1,-1
46666,1,-2,-2
46667,0,-1,-1
46668,0,-1,-1
46669,1,-2,-2
46670,0,-2,-2
46671,0,-2,-2
46672,0,-1,-1
46673,1,-1,-1
46674,1,-2,-2
46675,0,-2,-2
46676,0,-2,-2
46677,0,-2,-2
46678,1,-2,-2
46679,0,-2,-2
46680,0,-2,-2
46681,1,-2,-2
46682,0,-2,-2
46683,1,-2,-2
46684,1,-2,-2
46685,1,-2,-2
46686,1,-2,-2
46687,1,-1,-1
46688,1,-1,-1
46689,0,-2,-2
46690,1,-1,-1
46691,0,-2,-2
46692,1,-2,-2
46693,0,-2,-2
46694,1,-2,-2
46695,0,-2,-2
46696,1,-2,-2
46697,1,-2,-2
46698,0,-2,-2
46699,1,-2,-2
46700,0,-2,-2
46701,1,-2,-2
46702,1,-2,-2
46703,1,-2,-2
46704,0,-2,-2
46705,0,-2,-2
46706,0,-2,-2
46707,0,-2,-2
46708,1,-2,-2
46709,0,-2,-2
46710,1,-1,-1
46711,1,-2,-2
46712,1,-2,-2
46713,1,-2,-2
46714,1,-2,-2
46715,1,-2,-2
46716,1,-2,-2
46717,1,-2,-2
46718,1,-2,-2
46719,0,-2,-2
46720,1,-2,-2
46721,0,-2,-2
46722,0,-2,-2
46723,0,-2,-2
46724,1,-2,-2
46725,0,-2,-2
46726,1,-2,-2
46727,0,-1,-1
46728,0,-2,-2
46729,0,-2,-2
46730,1,-2,-2
46731,0,-1,-1
46732,0,-2,-2
46733,0,-2,-2
46734,0,-1,-1
46735,0,-2,-2
46736,1,-2,-2
46737,1,-2,-2
46738,1,-2,-2
46739,0,-2,-2
46740,0,-2,-2
46741,1,-2,-2
46742,0,-2,-2
46743,1,-2,-2
46744,1,-1,-1
46745,0,-1,-1
46746,0,-2,-2
46747,1,-2,-2
46748,0,-2,-2
46749,1,-2,-2
46750,1,-2,-2
46751,1,-1,-1
46752,0,-2,-2
46753,0,-2,-2
46754,0,-1,-1
46755,1,-2,-2
46756,0,-2,-2
46757,0,-2,-2
46758,1,-1,-1
46759,0,-2,-2
46760,1,-1,-1
46761,1,-2,-2
46762,0,-1,-1
46763,0,-1,-1
46764,1,-2,-2
46765,0,-2,-2
46766,0,-2,-2
46767,1,-2,-2
46768,1,-1,-1
46769,0,-2,-2
46770,1,-2,-2
46771,1,-2,-2
46772,1,-2,-2
46773,0,-2,-2
46774,1,-2,-2
46775,0,-2,-2
46776,0,-2,-2
46777,1,-2,-2
46778,0,-2,-2
46779,1,-2,-2
46780,1,-1,-1
46781,0,-2,-2
46782,1,-2,-2
46783,1,-2,-2
46784,1,-2,-2
46785,0,-2,-2
46786,1,-2,-2
46787,1,-2,-2
46788,1,-2,-2
46789,1,-1,-1
46790,1,-2,-2
46791,1,-2,-2
46792,0,-2,-2
46793,0,-1,-1
46794,1,-2,-2
46795,0,-2,-2
46796,1,-2,-2
46797,0,-2,-2
46798,0,-1,-1
46799,0,-2,-2
46800,0,-2,-2
46801,0,-2,-2
46802,0,-1,-1
46803,0,-2,-2
46804,0,-1,-1
46805,0,-2,-2
46806,1,-2,-2
46807,1,-1,-1
46808,0,-1,-1
46809,0,-1,-1
46810,1,-2,-2
46811,1,-2,-2
46812,1,-2,-2
46813,1,-2,-2
46814,0,-2,-2
46815,0,-2,-2
46816,1,-2,-2
46817,1,-2,-2
46818,1,-1,-1
46819,0,-1,-1
46820,0,-2,-2
46821,1,-1,-1
46822,0,-1,-1
46823,0,-1,-1
46824,0,-2,-2
46825,0,-1,-1
46826,0,-2,-2
46827,0,-2,-2
46828,0,-2,-2
46829,0,-2,-2
46830,0,-1,-1
46831,0,-2,-2
46832,1,-2,-2
46833,0,-2,-2
46834,1,-2,-2
46835,0,-2,-2
46836,1,-2,-2
46837,0,-1,-1
46838,1,-1,-1
46839,0,-2,-2
46840,0,-1,-1
46841,0,-2,-2
46842,1,-2,-2
46843,1,-2,-2
46844,0,-1,-1
46845,1,-2,-2
46846,0,-2,-2
46847,0,-1,-1
46848,0,-1,-1
46849,0,-2,-2
46850,1,-2,-2
46851,1,-2,-2
46852,1,-1,-1
46853,0,-1,-1
46854,0,-2,-2
46855,0,-1,-1
46856,0,-2,-2
46857,1,-2,-2
46858,1,-2,-2
46859,1,-1,-1
46860,1,-2,-2
46861,0,-2,-2
46862,1,-2,-2
46863,0,-2,-2
46864,0,-2,-2
46865,1,-1,-1
46866,0,-2,-2
46867,0,-2,-2
46868,1,-2,-2
46869,1,-2,-2
46870,1,-2,-2
46871,0,-2,-2
46872,0,-2,-2
46873,1,-2,-2
46874,0,-2,-2
46875,1,-2,-2
46876,1,-2,-2
46877,0,-2,-2
46878,1,-2,-2
46879,1,-2,-2
46880,0,-2,-2
46881,0,-2,-2
46882,0,-2,-2
46883,0,-2,-2
46884,1,-1,-1
46885,1,-2,-2
46886,1,-2,-2
46887,1,-1,-1
46888,0,-2,-2
46889,1,-2,-2
46890,1,-2,-2
46891,0,-2,-2
46892,1,-2,-2
46893,1,-2,-2
46894,1,-2,-2
46895,1,-2,-2
46896,1,-2,-2
46897,1,-1,-1
46898,0,-2,-2
46899,0,-2,-2
46900,1,-2,-2
46901,0,-2,-2
46902,1,-1,-1
46903,1,-2,-2
46904,0,-2,-2
46905,0,-1,-1
46906,1,-2,-2
46907,1,-1,-1
46908,1,-2,-2
46909,0,-2,-2
46910,1,-2,-2
46911,0,-2,-2
46912,1,-2,-2
46913,1,-1,-1
46914,0,-2,-2
46915,1,-2,-2
46916,0,-2,-2
46917,1,-2,-2
46918,0,-2,-2
46919,0,-2,-2
46920,0,-2,-2
46921,0,-2,-2
46922,0,-2,-2
46923,1,-1,-1
46924,0,-2,-2
46925,1,-2,-2
46926,0,-2,-2
46927,0,-2,-2
46928,0,-2,-2
46929,0,-1,-1
46930,1,-2,-2
46931,1,-1,-1
46932,1,-2,-2
46933,1,-2,-2
46934,0,-2,-2
46935,0,-2,-2
46936,1,-2,-2
46937,1,-1,-1
46938,1,-2,-2
46939,1,-2,-2
46940,0,-2,-2
46941,0,-1,-1
46942,0,-1,-1
46943,1,-1,-1
46944,0,-2,-2
46945,1,-2,-2
46946,1,-2,-2
46947,0,-2,-2
46948,0,-1,-1
46949,0,-2,-2
46950,1,-2,-2
46951,1,-2,-2
46952,0,-2,-2
46953,0,-2,-2
46954,0,-1,-1
46955,0,-2,-2
46956,0,-2,-2
46957,0,-2,-2
46958,0,-1,-1
46959,0,-2,-2
46960,0,-2,-2
46961,1,-2,-2
46962,0,-2,-2
46963,1,-2,-2
46964,1,-1,-1
46965,0,-2,-2
46966,1,-2,-2
46967,0,-1,-1
46968,0,-2,-2
46969,1,-1,-1
46970,1,-2,-2
46971,1,-1,-1
46972,0,-1,-1
46973,0,-2,-2
46974,0,-2,-2
46975,1,-2,-2
46976,1,-2,-2
46977,1,-2,-2
46978,0,-2,-2
46979,0,-2,-2
46980,0,-2,-2
46981,0,-1,-1
46982,0,-2,-2
46983,0,-2,-2
46984,0,-2,-2
46985,1,-2,-2
46986,0,-2,-2
46987,1,-2,-2
46988,1,-1,-1
46989,0,-2,-2
46990,0,-2,-2
46991,1,-2,-2
46992,1,-2,-2
46993,1,-2,-2
46994,1,-2,-2
46995,1,-2,-2
46996,1,-2,-2
46997,0,-1,-1
46998,0,-2,-2
46999,0,-2,-2
47000,0,-2,-2
47001,1,-2,-2
47002,0,-2,-2
47003,0,-2,-2
47004,1,-2,-2
47005,0,-2,-2
47006,1,-2,-2
47007,0,-2,-2
47008,0,-1,-1
47009,1,-1,-1
47010,1,-2,-2
47011,0,-2,-2
47012,0,-2,-2
47013,0,-2,-2
47014,0,-2,-2
47015,1,-2,-2
47016,0,-2,-2
47017,0,-2,-2
47018,1,-2,-2
47019,1,-1,-1
47020,1,-2,-2
47021,1,-1,-1
47022,1,-2,-2
47023,1,-2,-2
47024,1,-2,-2
47025,1,-1,-1
47026,0,-2,-2
47027,0,-2,-2
47028,0,-2,-2
47029,1,-1,-1
47030,1,-1,-1
47031,0,-2,-2
47032,0,-2,-2
47033,1,-2,-2
47034,0,-2,-2
47035,0,-1,-1
47036,0,-2,-2
47037,0,-2,-2
47038,0,-2,-2
47039,0,-1,-1
47040,0,-2,-2
47041,0,-2,-2
47042,0,-2,-2
47043,0,-2,-2
47044,0,-2,-2
47045,1,-1,-1
47046,0,-2,-2
47047,0,-2,-2
47048,1,-2,-2
47049,1,-2,-2
47050,0,-1,-1
47051,1,-2,-2
47052,0,-2,-2
47053,0,-2,-2
47054,0,-2,-2
47055,0,-1,-1
47056,0,-2,-2
47057,0,-2,-2
47058,0,-2,-2
47059,1,-2,-2
47060,1,-2,-2
47061,1,-2,-2
47062,1,-2,-2
47063,0,-2,-2
47064,0,-2,-2
47065,0,-2,-2
47066,0,-2,-2
47067,1,-2,-2
47068,0,-2,-2
47069,0,-2,-2
47070,1,-1,-1
47071,0,-2,-2
47072,0,-1,-1
47073,1,-2,-2
47074,1,-2,-2
47075,0,-2,-2
47076,0,-2,-2
47077,1,-2,-2
47078,1,-2,-2
47079,1,-2,-2
47080,0,-2,-2
47081,1,-2,-2
47082,0,-2,-2
47083,1,-2,-2
47084,0,-1,-1
47085,0,-1,-1
47086,0,-2,-2
47087,0,-2,-2
47088,0,-2,-2
47089,0,-2,-2
47090,1,-2,-2
47091,0,-1,-1
47092,1,-2,-2
47093,1,-2,-2
47094,1,-2,-2
47095,0,-2,-2
47096,1,-1,-1
47097,0,-2,-2
47098,0,-2,-2
47099,1,-2,-2
47100,1,-2,-2
47101,1,-2,-2
47102,1,-2,-2
47103,0,-2,-2
47104,0,-2,-2
47105,0,-2,-2
47106,1,-2,-2
47107,0,-2,-2
47108,0,-2,-2
47109,0,-2,-2
47110,0,-2,-2
47111,0,-2,-2
47112,0,-2,-2
47113,0,-1,-1
47114,0,-1,-1
47115,1,-1,-1
47116,0,-2,-2
47117,0,-2,-2
47118,0,-2,-2
47119,1,-2,-2
47120,0,-2,-2
47121,1,-2,-2
47122,0,-1,-1
47123,1,-2,-2
47124,1,-2,-2
47125,0,-2,-2
47126,1,-2,-2
47127,1,-2,-2
47128,0,-2,-2
47129,1,-1,-1
47130,0,-1,-1
47131,0,-2,-2
47132,1,-1,-1
47133,0,-2,-2
47134,0,-2,-2
47135,1,-1,-1
47136,1,-2,-2
47137,0,-2,-2
47138,0,-2,-2
47139,0,-2,-2
47140,1,-2,-2
47141,0,-2,-2
47142,0,-2,-2
47143,1,-2,-2
47144,1,-1,-1
47145,1,-2,-2
47146,1,-2,-2
47147,1,-2,-2
47148,1,-2,-2
47149,0,-2,-2
47150,1,-2,-2
47151,0,-2,-2
47152,0,-2,-2
47153,1,-1,-1
47154,1,-2,-2
47155,1,-2,-2
47156,0,-2,-2
47157,1,-2,-2
47158,1,-2,-2
47159,0,-2,-2
47160,1,-2,-2
47161,0,-2,-2
47162,0,-1,-1
47163,0,-1,-1
47164,0,-2,-2
47165,1,-2,-2
47166,1,-2,-2
47167,1,-2,-2
47168,0,-1,-1
47169,1,-2,-2
47170,1,-2,-2
47171,1,-2,-2
47172,0,-2,-2
47173,0,-2,-2
47174,1,-2,-2
47175,0,-2,-2
47176,0,-2,-2
47177,1,-2,-2
47178,0,-2,-2
47179,0,-2,-2
47180,0,-2,-2
47181,1,-2,-2
47182,0,-2,-2
47183,0,-1,-1
47184,0,-2,-2
47185,0,-1,-1
47186,0,-2,-2
47187,1,-2,-2
47188,0,-2,-2
47189,1,-2,-2
47190,0,-2,-2
47191,1,-2,-2
47192,0,-2,-2
47193,0,-2,-2
47194,1,-1,-1
47195,0,-2,-2
47196,1,-2,-2
47197,0,-2,-2
47198,0,-2,-2
47199,0,-2,-2
47200,0,-2,-2
47201,0,-2,-2
47202,1,-2,-2
47203,1,-2,-2
47204,0,-2,-2
47205,1,-2,-2
47206,0,-2,-2
47207,1,-2,-2
47208,0,-2,-2
47209,1,-2,-2
47210,0,-2,-2
47211,1,-2,-2
47212,1,-1,-1
47213,0,-2,-2
47214,0,-2,-2
47215,0,-2,-2
47216,0,-2,-2
47217,0,-2,-2
47218,1,-1,-1
47219,1,-1,-1
47220,1,-2,-2
47221,1,-2,-2
47222,0,-1,-1
47223,1,-1,-1
47224,1,-2,-2
47225,0,-2,-2
47226,1,-1,-1
47227,0,-2,-2
47228,1,-2,-2
47229,1,-2,-2
47230,0,-2,-2
47231,0,-2,-2
47232,0,-2,-2
47233,0,-2,-2
47234,1,-2,-2
47235,0,-2,-2
47236,0,-2,-2
47237,1,-2,-2
47238,1,-2,-2
47239,1,-2,-2
47240,1,-2,-2
47241,0,-2,-2
47242,1,-1,-1
47243,1,-2,-2
47244,0,-1,-1
47245,0,-2,-2
47246,0,-2,-2
47247,0,-2,-2
47248,0,-2,-2
47249,1,-2,-2
47250,0,-2,-2
47251,0,-2,-2
47252,0,-2,-2
47253,0,-1,-1
47254,0,-2,-2
47255,0,-2,-2
47256,1,-2,-2
47257,1,-2,-2
47258,1,-2,-2
47259,1,-2,-2
47260,0,-1,-1
47261,0,-2,-2
47262,1,-2,-2
47263,0,-2,-2
47264,1,-2,-2
47265,1,-2,-2
47266,0,-2,-2
47267,1,-2,-2
47268,0,-1,-1
47269,0,-2,-2
47270,1,-2,-2
47271,0,-2,-2
47272,1,-2,-2
47273,0,-2,-2
47274,1,-2,-2
47275,0,-1,-1
47276,1,-2,-2
47277,0,-2,-2
47278,0,-2,-2
47279,1,-2,-2
47280,1,-2,-2
47281,0,-2,-2
47282,0,-2,-2
47283,1,-2,-2
47284,0,-2,-2
47285,0,-2,-2
47286,1,-1,-1
47287,0,-2,-2
47288,0,-2,-2
47289,1,-1,-1
47290,1,-1,-1
47291,1,-2,-2
47292,0,-1,-1
47293,1,-2,-2
47294,1,-1,-1
47295,1,-2,-2
47296,1,-2,-2
47297,0,-2,-2
47298,1,-1,-1
47299,1,-1,-1
47300,1,-1,-1
47301,0,-2,-2
47302,0,-2,-2
47303,1,-1,-1
47304,0,-1,-1
47305,1,-2,-2
47306,0,-2,-2
47307,0,-2,-2
47308,0,-2,-2
47309,1,-2,-2
47310,0,-1,-1
47311,1,-2,-2
47312,1,-2,-2
47313,1,-2,-2
47314,1,-2,-2
47315,1,-2,-2
47316,0,-2,-2
47317,1,-2,-2
47318,1,-2,-2
47319,1,-2,-2
47320,0,-2,-2
47321,1,-2,-2
47322,1,-1,-1
47323,1,-1,-1
47324,0,-1,-1
47325,0,-2,-2
47326,0,-2,-2
47327,1,-2,-2
47328,0,-2,-2
47329,1,-2,-2
47330,0,-1,-1
47331,0,-2,-2
47332,1,-2,-2
47333,0,-1,-1
47334,0,-2,-2
47335,0,-2,-2
47336,1,-2,-2
47337,1,-2,-2
47338,1,-2,-2
47339,1,-1,-1
47340,0,-1,-1
47341,1,-2,-2
47342,1,-2,-2
47343,0,-1,-1
47344,0,-1,-1
47345,1,-2,-2
47346,0,-2,-2
47347,1,-2,-2
47348,0,-2,-2
47349,0,-2,-2
47350,0,-2,-2
47351,1,-2,-2
47352,1,-2,-2
47353,0,-1,-1
47354,0,-1,-1
47355,1,-2,-2
47356,1,-2,-2
47357,0,-2,-2
47358,0,-2,-2
47359,1,-2,-2
47360,0,-2,-2
47361,1,-2,-2
47362,1,-1,-1
47363,1,-2,-2
47364,1,-2,-2
47365,0,-2,-2
47366,1,-2,-2
47367,1,-1,-1
47368,1,-2,-2
47369,0,-2,-2
47370,0,-1,-1
47371,1,-2,-2
47372,1,-2,-2
47373,1,-1,-1
47374,1,-1,-1
47375,1,-2,-2
47376,1,-2,-2
47377,0,-2,-2
47378,1,-2,-2
47379,0,-2,-2
47380,1,-2,-2
47381,0,-2,-2
47382,1,-2,-2
47383,0,-2,-2
47384,1,-1,-1
47385,0,-2,-2
47386,0,-1,-1
47387,0,-1,-1
47388,0,-2,-2
47389,1,-1,-1
47390,0,-2,-2
47391,1,-2,-2
47392,0,-2,-2
47393,1,-2,-2
47394,0,-2,-2
47395,0,-1,-1
47396,1,-2,-2
47397,0,-2,-2
47398,1,-2,-2
47399,1,-2,-2
47400,0,-1,-1
47401,0,-2,-2
47402,0,-2,-2
47403,0,-1,-1
47404,0,-2,-2
47405,1,-2,-2
47406,1,-2,-2
47407,1,-2,-2
47408,0,-2,-2
47409,1,-2,-2
47410,1,-2,-2
47411,0,-1,-1
47412,0,-2,-2
47413,1,-2,-2
47414,1,-2,-2
47415,1,-2,-2
47416,0,-2,-2
47417,0,-1,-1
47418,1,-2,-2
47419,0,-2,-2
47420,0,-2,-2
47421,0,-2,-2
47422,1,-1,-1
47423,0,-2,-2
47424,1,-2,-2
47425,1,-2,-2
47426,1,-2,-2
47427,0,-1,-1
47428,0,-2,-2
47429,0,-2,-2
47430,0,-1,-1
47431,0,-2,-2
47432,1,-2,-2
47433,1,-2,-2
47434,1,-2,-2
47435,0,-2,-2
47436,0,-2,-2
47437,0,-2,-2
47438,0,-2,-2
47439,1,-1,-1
47440,0,-2,-2
47441,0,-2,-2
47442,1,-2,-2
47443,0,-2,-2
47444,0,-2,-2
47445,0,-2,-2
47446,0,-2,-2
47447,0,-1,-1
47448,0,-2,-2
47449,1,-2,-2
47450,0,-2,-2
47451,1,-2,-2
47452,0,-1,-1
47453,1,-2,-2
47454,0,-2,-2
47455,0,-2,-2
47456,0,-2,-2
47457,1,-1,-1
47458,1,-2,-2
47459,0,-2,-2
47460,1,-2,-2
47461,1,-2,-2
47462,1,-2,-2
47463,0,-2,-2
47464,1,-2,-2
47465,0,-1,-1
47466,0,-2,-2
47467,0,-2,-2
47468,0,-2,-2
47469,0,-2,-2
47470,1,-2,-2
47471,0,-2,-2
47472,0,-2,-2
47473,0,-2,-2
47474,1,-2,-2
47475,1,-2,-2
47476,0,-2,-2
47477,0,-2,-2
47478,1,-2,-2
47479,1,-2,-2
47480,0,-2,-2
47481,1,-2,-2
47482,1,-2,-2
47483,0,-1,-1
47484,1,-2,-2
47485,0,-2,-2
47486,1,-1,-1
47487,1,-2,-2
47488,0,-2,-2
47489,0,-2,-2
47490,1,-2,-2
47491,1,-2,-2
47492,0,-1,-1
47493,0,-2,-2
47494,1,-2,-2
47495,0,-2,-2
47496,0,-2,-2
47497,1,-2,-2
47498,1,-2,-2
47499,1,-1,-1
47500,0,-2,-2
47501,1,-2,-2
47502,0,-2,-2
47503,0,-2,-2
47504,0,-2,-2
47505,1,-2,-2
47506,1,-2,-2
47507,1,-2,-2
47508,1,-2,-2
47509,1,-2,-2
47510,0,-2,-2
47511,0,-2,-2
47512,0,-2,-2
47513,0,-2,-2
47514,1,-2,-2
47515,1,-1,-1
47516,1,-2,-2
47517,1,-1,-1
47518,0,-2,-2
47519,1,-1,-1
47520,0,-1,-1
47521,1,-2,-2
47522,0,-2,-2
47523,0,-2,-2
47524,1,-1,-1
47525,0,-2,-2
47526,0,-1,-1
47527,1,-2,-2
47528,1,-2,-2
47529,1,-1,-1
47530,1,-2,-2
47531,0,-1,-1
47532,1,-2,-2
47533,0,-2,-2
47534,1,-2,-2
47535,1,-2,-2
47536,0,-2,-2
47537,0,-2,-2
47538,1,-2,-2
47539,0,-2,-2
47540,0,-2,-2
47541,0,-2,-2
47542,1,-2,-2
47543,0,-2,-2
47544,0,-2,-2
47545,1,-2,-2
47546,0,-2,-2
47547,0,-2,-2
47548,0,-2,-2
47549,0,-2,-2
47550,0,-1,-1
47551,0,-2,-2
47552,0,-2,-2
47553,1,-1,-1
47554,1,-1,-1
47555,0,-2,-2
47556,1,-2,-2
47557,0,-2,-2
47558,0,-2,-2
47559,0,-2,-2
47560,1,-2,-2
47561,1,-2,-2
47562,0,-1,-1
47563,0,-1,-1
47564,1,-2,-2
47565,0,-2,-2
47566,1,-2,-2
47567,1,-2,-2
47568,1,-2,-2
47569,1,-1,-1
47570,0,-2,-2
47571,0,-2,-2
47572,1,-2,-2
47573,0,-2,-2
47574,0,-2,-2
47575,0,-2,-2
47576,1,-2,-2
47577,0,-2,-2
47578,0,-1,-1
47579,1,-2,-2
47580,1,-2,-2
47581,0,-2,-2
47582,1,-2,-2
47583,1,-1,-1
47584,1,-1,-1
47585,1,-2,-2
47586,1,-2,-2
47587,0,-2,-2
47588,1,-2,-2
47589,0,-2,-2
47590,0,-2,-2
47591,1,-1,-1
47592,0,-1,-1
47593,0,-2,-2
47594,1,-2,-2
47595,1,-2,-2
47596,0,-2,-2
47597,0,-2,-2
47598,1,-2,-2
47599,0,-2,-2
47600,1,-2,-2
47601,1,-2,-2
47602,0,-2,-2
47603,0,-2,-2
47604,0,-2,-2
47605,1,-2,-2
47606,1,-1,-1
47607,0,-2,-2
47608,1,-2,-2
47609,0,-2,-2
47610,1,-2,-2
47611,0,-2,-2
47612,0,-2,-2
47613,0,-2,-2
47614,0,-1,-1
47615,0,-2,-2
47616,1,-2,-2
47617,1,-2,-2
47618,0,-2,-2
47619,1,-2,-2
47620,1,-2,-2
47621,1,-2,-2
47622,1,-2,-2
47623,0,-2,-2
47624,0,-2,-2
47625,0,-2,-2
47626,0,-2,-2
47627,1,-2,-2
47628,1,-2,-2
47629,0,-2,-2
47630,0,-1,-1
47631,0,-2,-2
47632,0,-1,-1
47633,0,-2,-2
47634,1,-2,-2
47635,1,-1,-1
47636,1,-2,-2
47637,1,-2,-2
47638,1,-2,-2
47639,1,-2,-2
47640,1,-2,-2
47641,1,-2,-2
47642,0,-2,-2
47643,1,-1,-1
47644,0,-2,-2
47645,0,-1,-1
47646,1,-2,-2
47647,0,-1,-1
47648,0,-1,-1
47649,1,-2,-2
47650,0,-1,-1
47651,0,-2,-2
47652,1,-2,-2
47653,1,-2,-2
47654,0,-2,-2
47655,1,-2,-2
47656,0,-2,-2
47657,1,-2,-2
47658,0,-2,-2
47659,0,-2,-2
47660,0,-1,-1
47661,1,-2,-2
47662,1,-2,-2
47663,1,-2,-2
47664,1,-2,-2
47665,0,-2,-2
47666,0,-2,-2
47667,0,-1,-1
47668,1,-1,-1
47669,1,-2,-2
47670,1,-2,-2
47671,1,-1,-1
47672,0,-1,-1
47673,0,-1,-1
47674,0,-2,-2
47675,0,-1,-1
47676,1,-2,-2
47677,1,-1,-1
47678,1,-1,-1
47679,1,-2,-2
47680,1,-1,-1
47681,0,-2,-2
47682,0,-2,-2
47683,1,-2,-2
47684,0,-2,-2
47685,0,-1,-1
47686,1,-2,-2
47687,1,-2,-2
47688,1,-1,-1
47689,0,-2,-2
47690,1,-2,-2
47691,0,-2,-2
47692,0,-2,-2
47693,0,-2,-2
47694,1,-2,-2
47695,1,-2,-2
47696,1,-2,-2
47697,1,-2,-2
47698,1,-2,-2
47699,1,-2,-2
47700,0,-2,-2
47701,0,-2,-2
47702,1,-2,-2
47703,1,-2,-2
47704,0,-2,-2
47705,0,-2,-2
47706,0,-1,-1
47707,1,-2,-2
47708,1,-2,-2
47709,1,-2,-2
47710,0,-2,-2
47711,1,-1,-1
47712,0,-1,-1
47713,1,-2,-2
47714,1,-1,-1
47715,0,-1,-1
47716,0,-2,-2
47717,1,-1,-1
47718,0,-2,-2
47719,0,-2,-2
47720,1,-1,-1
47721,1,-2,-2
47722,0,-2,-2
47723,0,-2,-2
47724,1,-1,-1
47725,0,-2,-2
47726,1,-2,-2
47727,0,-1,-1
47728,1,-2,-2
47729,0,-2,-2
47730,1,-2,-2
47731,1,-2,-2
47732,0,-2,-2
47733,1,-2,-2
47734,0,-2,-2
47735,0,-2,-2
47736,1,-2,-2
47737,1,-1,-1
47738,1,-2,-2
47739,0,-2,-2
47740,0,-1,-1
47741,1,-2,-2
47742,0,-2,-2
47743,0,-2,-2
47744,0,-2,-2
47745,1,-2,-2
47746,1,-2,-2
47747,1,-1,-1
47748,0,-2,-2
47749,1,-1,-1
47750,1,-1,-1
47751,0,-1,-1
47752,0,-2,-2
47753,1,-2,-2
47754,0,-2,-2
47755,0,-1,-1
47756,1,-1,-1
47757,1,-2,-2
47758,0,-2,-2
47759,1,-2,-2
47760,0,-2,-2
47761,0,-1,-1
47762,0,-1,-1
47763,0,-1,-1
47764,1,-2,-2
47765,0,-2,-2
47766,0,-1,-1
47767,0,-2,-2
47768,0,-2,-2
47769,1,-2,-2
47770,0,-2,-2
47771,1,-2,-2
47772,1,-2,-2
47773,0,-1,-1
47774,1,-1,-1
47775,1,-2,-2
47776,1,-1,-1
47777,1,-1,-1
47778,1,-2,-2
47779,0,-1,-1
47780,0,-2,-2
47781,0,-2,-2
47782,0,-2,-2
47783,1,-2,-2
47784,0,-1,-1
47785,1,-2,-2
47786,1,-2,-2
47787,1,-1,-1
47788,0,-2,-2
47789,1,-2,-2
47790,1,-2,-2
47791,1,-2,-2
47792,1,-2,-2
47793,0,-2,-2
47794,1,-2,-2
47795,1,-2,-2
47796,0,-2,-2
47797,1,-1,-1
47798,1,-2,-2
47799,1,-1,-1
47800,0,-2,-2
47801,1,-2,-2
47802,1,-2,-2
47803,0,-2,-2
47804,1,-1,-1
47805,1,-2,-2
47806,0,-2,-2
47807,0,-1,-1
47808,1,-2,-2
47809,0,-2,-2
47810,1,-2,-2
47811,1,-2,-2
47812,0,-2,-2
47813,1,-2,-2
47814,1,-2,-2
47815,1,-2,-2
47816,0,-1,-1
47817,1,-2,-2
47818,0,-2,-2
47819,0,-2,-2
47820,0,-2,-2
47821,1,-2,-2
47822,1,-2,-2
47823,0,-2,-2
47824,1,-2,-2
47825,0,-2,-2
47826,1,-2,-2
47827,0,-2,-2
47828,0,-2,-2
47829,0,-2,-2
47830,1,-1,-1
47831,0,-2,-2
47832,0,-1,-1
47833,0,-2,-2
47834,0,-2,-2
47835,0,-2,-2
47836,1,-2,-2
47837,1,-1,-1
47838,1,-2,-2
47839,0,-2,-2
47840,0,-2,-2
47841,1,-2,-2
47842,0,-2,-2
47843,0,-1,-1
47844,0,-2,-2
47845,1,-2,-2
47846,1,-2,-2
47847,1,-1,-1
47848,0,-1,-1
47849,1,-2,-2
47850,1,-2,-2
47851,1,-2,-2
47852,1,-2,-2
47853,0,-2,-2
47854,0,-2,-2
47855,0,-1,-1
47856,1,-2,-2
47857,0,-2,-2
47858,1,-2,-2
47859,1,-1,-1
47860,1,-2,-2
47861,1,-2,-2
47862,0,-1,-1
47863,1,-1,-1
47864,1,-2,-2
47865,1,-2,-2
47866,1,-1,-1
47867,0,-2,-2
47868,1,-2,-2
47869,1,-2,-2
47870,0,-2,-2
47871,1,-2,-2
47872,0,-2,-2
47873,0,-2,-2
47874,0,-2,-2
47875,0,-2,-2
47876,0,-2,-2
47877,1,-1,-1
47878,1,-1,-1
47879,0,-2,-2
47880,0,-2,-2
47881,1,-2,-2
47882,0,-2,-2
47883,0,-2,-2
47884,1,-1,-1
47885,0,-1,-1
47886,1,-2,-2
47887,1,-2,-2
47888,0,-2,-2
47889,1,-1,-1
47890,1,-2,-2
47891,0,-2,-2
47892,1,-2,-2
47893,1,-2,-2
47894,0,-2,-2
47895,1,-2,-2
47896,0,-2,-2
47897,1,-2,-2
47898,0,-2,-2
47899,1,-2,-2
47900,0,-2,-2
47901,0,-2,-2
47902,0,-2,-2
47903,1,-2,-2
47904,0,-1,-1
47905,1,-1,-1
47906,1,-2,-2
47907,0,-2,-2
47908,0,-2,-2
47909,0,-2,-2
47910,0,-1,-1
47911,1,-2,-2
47912,0,-2,-2
47913,0,-2,-2
47914,0,-2,-2
47915,0,-2,-2
47916,1,-1,-1
47917,1,-2,-2
47918,0,-1,-1
47919,1,-2,-2
47920,1,-2,-2
47921,1,-1,-1
47922,1,-2,-2
47923,0,-2,-2
47924,1,-2,-2
47925,0,-2,-2
47926,1,-2,-2
47927,1,-2,-2
47928,0,-2,-2
47929,1,-1,-1
47930,1,-2,-2
47931,0,-2,-2
47932,0,-2,-2
47933,0,-2,-2
47934,0,-2,-2
47935,1,-2,-2
47936,0,-2,-2
47937,1,-2,-2
47938,0,-2,-2
47939,1,-2,-2
47940,0,-2,-2
47941,0,-1,-1
47942,1,-2,-2
47943,0,-2,-2
47944,1,-2,-2
47945,0,-1,-1
47946,0,-2,-2
47947,1,-1,-1
47948,0,-2,-2
47949,0,-2,-2
47950,1,-2,-2
47951,0,-2,-2
47952,1,-2,-2
47953,1,-2,-2
47954,0,-2,-2
47955,1,-2,-2
47956,0,-1,-1
47957,0,-2,-2
47958,1,-2,-2
47959,0,-2,-2
47960,1,-2,-2
47961,0,-2,-2
47962,0,-2,-2
47963,1,-2,-2
47964,1,-2,-2
47965,1,-2,-2
47966,0,-2,-2
47967,1,-1,-1
47968,1,-1,-1
47969,0,-2,-2
47970,1,-2,-2
47971,1,-2,-2
47972,1,-2,-2
47973,0,-2,-2
47974,0,-1,-1
47975,1,-2,-2
47976,0,-1,-1
47977,0,-2,-2
47978,1,-2,-2
47979,1,-2,-2
47980,1,-2,-2
47981,1,-2,-2
47982,1,-2,-2
47983,0,-2,-2
47984,0,-1,-1
47985,1,-2,-2
47986,0,-2,-2
47987,1,-2,-2
47988,1,-2,-2
47989,0,-2,-2
47990,0,-2,-2
47991,0,-2,-2
47992,1,-2,-2
47993,0,-1,-1
47994,0,-2,-2
47995,0,-2,-2
47996,1,-2,-2
47997,0,-2,-2
47998,0,-2,-2
47999,0,-1,-1
48000,0,-2,-2
48001,1,-1,-1
48002,1,-2,-2
48003,0,-2,-2
48004,1,-2,-2
48005,1,-2,-2
48006,1,-2,-2
48007,0,-2,-2
48008,1,-2,-2
48009,0,-2,-2
48010,0,-2,-2
48011,0,-2,-2
48012,0,-1,-1
48013,1,-1,-1
48014,0,-2,-2
48015,0,-2,-2
48016,0,-2,-2
48017,1,-2,-2
48018,1,-1,-1
48019,1,-2,-2
48020,0,-2,-2
48021,1,-1,-1
48022,1,-2,-2
48023,1,-2,-2
48024,1,-2,-2
48025,0,-2,-2
48026,0,-2,-2
48027,0,-2,-2
48028,1,-2,-2
48029,0,-2,-2
48030,0,-2,-2
48031,0,-2,-2
48032,0,-2,-2
48033,0,-2,-2
48034,0,-2,-2
48035,0,-1,-1
48036,1,-2,-2
48037,1,-2,-2
48038,1,-2,-2
48039,1,-2,-2
48040,1,-1,-1
48041,1,-1,-1
48042,0,-2,-2
48043,0,-2,-2
48044,1,-2,-2
48045,1,-2,-2
48046,1,-2,-2
48047,1,-2,-2
48048,0,-2,-2
48049,0,-2,-2
48050,1,-1,-1
48051,0,-1,-1
48052,0,-2,-2
48053,0,-2,-2
48054,0,-2,-2
48055,1,-1,-1
48056,1,-2,-2
48057,1,-2,-2
48058,1,-2,-2
48059,1,-2,-2
48060,1,-2,-2
48061,0,-2,-2
48062,1,-2,-2
48063,1,-1,-1
48064,0,-2,-2
48065,0,-2,-2
48066,1,-2,-2
48067,1,-2,-2
48068,0,-2,-2
48069,1,-2,-2
48070,0,-2,-2
48071,1,-2,-2
48072,0,-2,-2
48073,0,-2,-2
48074,0,-2,-2
48075,1,-2,-2
48076,0,-1,-1
48077,0,-2,-2
48078,1,-1,-1
48079,1,-2,-2
48080,0,-2,-2
48081,1,-2,-2
48082,0,-2,-2
48083,0,-2,-2
48084,1,-2,-2
48085,1,-2,-2
48086,1,-2,-2
48087,1,-2,-2
48088,0,-2,-2
48089,1,-1,-1
48090,0,-1,-1
48091,1,-1,-1
48092,1,-2,-2
48093,1,-1,-1
48094,0,-2,-2
48095,1,-2,-2
48096,1,-2,-2
48097,0,-2,-2
48098,0,-2,-2
48099,0,-1,-1
48100,0,-2,-2
48101,1,-2,-2
48102,0,-2,-2
48103,1,-2,-2
48104,0,-2,-2
48105,0,-2,-2
48106,1,-2,-2
48107,0,-1,-1
48108,1,-1,-1
48109,1,-2,-2
48110,1,-2,-2
48111,1,-2,-2
48112,1,-2,-2
48113,0,-2,-2
48114,1,-2,-2
48115,1,-2,-2
48116,1,-2,-2
48117,0,-1,-1
48118,0,-1,-1
48119,1,-2,-2
48120,1,-2,-2
48121,0,-2,-2
48122,1,-2,-2
48123,1,-2,-2
48124,1,-1,-1
48125,1,-2,-2
48126,1,-1,-1
48127,0,-2,-2
48128,1,-2,-2
48129,1,-2,-2
48130,1,-2,-2
48131,1,-1,-1
48132,0,-2,-2
48133,1,-2,-2
48134,1,-2,-2
48135,1,-1,-1
48136,0,-1,-1
48137,1,-2,-2
48138,1,-2,-2
48139,1,-1,-1
48140,1,-2,-2
48141,0,-2,-2
48142,1,-1,-1
48143,1,-2,-2
48144,1,-2,-2
48145,1,-2,-2
48146,1,-1,-1
48147,1,-1,-1
48148,1,-2,-2
48149,1,-2,-2
48150,0,-2,-2
48151,0,-2,-2
48152,0,-1,-1
48153,1,-2,-2
48154,1,-2,-2
48155,1,-2,-2
48156,1,-2,-2
48157,0,-2,-2
48158,1,-2,-2
48159,1,-1,-1
48160,0,-2,-2
48161,0,-2,-2
48162,1,-2,-2
48163,1,-1,-1
48164,0,-2,-2
48165,0,-2,-2
48166,0,-1,-1
48167,0,-2,-2
48168,1,-2,-2
48169,0,-2,-2
48170,0,-1,-1
48171,1,-1,-1
48172,0,-2,-2
48173,1,-2,-2
48174,0,-2,-2
48175,1,-2,-2
48176,1,-2,-2
48177,1,-1,-1
48178,0,-2,-2
48179,0,-2,-2
48180,0,-2,-2
48181,0,-2,-2
48182,1,-2,-2
48183,0,-2,-2
48184,1,-2,-2
48185,1,-1,-1
48186,0,-2,-2
48187,0,-2,-2
48188,0,-2,-2
48189,0,-2,-2
48190,0,-1,-1
48191,1,-1,-1
48192,0,-2,-2
48193,0,-2,-2
48194,0,-2,-2
48195,1,-2,-2
48196,0,-1,-1
48197,0,-2,-2
48198,1,-2,-2
48199,0,-2,-2
48200,0,-1,-1
48201,0,-2,-2
48202,0,-2,-2
48203,0,-2,-2
48204,1,-1,-1
48205,1,-2,-2
48206,0,-1,-1
48207,0,-2,-2
48208,1,-2,-2
48209,1,-1,-1
48210,1,-2,-2
48211,0,-2,-2
48212,1,-1,-1
48213,1,-2,-2
48214,0,-2,-2
48215,1,-1,-1
48216,0,-2,-2
48217,0,-1,-1
48218,1,-2,-2
48219,0,-2,-2
48220,1,-2,-2
48221,1,-2,-2
48222,0,-1,-1
48223,1,-2,-2
48224,1,-2,-2
48225,1,-2,-2
48226,1,-2,-2
48227,1,-1,-1
48228,1,-1,-1
48229,0,-2,-2
48230,1,-2,-2
48231,0,-2,-2
48232,0,-2,-2
48233,0,-2,-2
48234,1,-2,-2
48235,0,-1,-1
48236,0,-1,-1
48237,0,-2,-2
48238,0,-2,-2
48239,1,-1,-1
48240,1,-1,-1
48241,0,-2,-2
48242,0,-1,-1
48243,0,-2,-2
48244,1,-2,-2
48245,1,-2,-2
48246,1,-2,-2
48247,1,-2,-2
48248,1,-2,-2
48249,1,-2,-2
48250,1,-2,-2
48251,1,-1,-1
48252,1,-2,-2
48253,0,-2,-2
48254,1,-1,-1
48255,0,-2,-2
48256,0,-2,-2
48257,0,-2,-2
48258,1,-2,-2
48259,1,-1,-1
48260,1,-2,-2
48261,1,-2,-2
48262,0,-2,-2
48263,1,-2,-2
48264,1,-2,-2
48265,0,-1,-1
48266,0,-2,-2
48267,0,-2,-2
48268,1,-2,-2
48269,0,-2,-2
48270,1,-2,-2
48271,1,-1,-1
48272,1,-2,-2
48273,1,-2,-2
48274,0,-2,-2
48275,1,-2,-2
48276,1,-2,-2
48277,1,-2,-2
48278,1,-2,-2
48279,0,-2,-2
48280,0,-2,-2
48281,0,-2,-2
48282,1,-2,-2
48283,1,-1,-1
48284,1,-2,-2
48285,0,-2,-2
48286,0,-2,-2
48287,0,-2,-2
48288,1,-2,-2
48289,0,-1,-1
48290,0,-2,-2
48291,1,-2,-2
48292,1,-2,-2
48293,1,-1,-1
48294,1,-1,-1
48295,0,-2,-2
48296,0,-2,-2
48297,0,-2,-2
48298,0,-2,-2
48299,1,-2,-2
48300,0,-2,-2
48301,1,-2,-2
48302,0,-2,-2
48303,1,-1,-1
48304,0,-2,-2
48305,1,-2,-2
48306,1,-1,-1
48307,0,-2,-2
48308,0,-1,-1
48309,1,-2,-2
48310,1,-1,-1
48311,1,-1,-1
48312,1,-2,-2
48313,0,-2,-2
48314,0,-2,-2
48315,0,-1,-1
48316,0,-2,-2
48317,0,-2,-2
48318,1,-2,-2
48319,0,-2,-2
48320,1,-2,-2
48321,1,-2,-2
48322,0,-1,-1
48323,0,-2,-2
48324,1,-2,-2
48325,0,-2,-2
48326,1,-2,-2
48327,1,-2,-2
48328,0,-2,-2
48329,0,-2,-2
48330,0,-2,-2
48331,1,-2,-2
48332,0,-2,-2
48333,1,-2,-2
48334,1,-1,-1
48335,1,-2,-2
48336,1,-2,-2
48337,1,-2,-2
48338,1,-1,-1
48339,1,-2,-2
48340,1,-2,-2
48341,1,-2,-2
48342,0,-2,-2
48343,0,-2,-2
48344,1,-2,-2
48345,1,-2,-2
48346,0,-1,-1
48347,0,-2,-2
48348,1,-1,-1
48349,1,-2,-2
48350,0,-1,-1
48351,0,-2,-2
48352,0,-2,-2
48353,0,-2,-2
48354,1,-1,-1
48355,1,-2,-2
48356,0,-2,-2
48357,1,-2,-2
48358,0,-2,-2
48359,0,-2,-2
48360,0,-2,-2
48361,0,-2,-2
48362,1,-2,-2
48363,0,-2,-2
48364,0,-2,-2
48365,1,-2,-2
48366,0,-2,-2
48367,0,-2,-2
48368,1,-2,-2
48369,1,-2,-2
48370,0,-1,-1
48371,0,-1,-1
48372,0,-2,-2
48373,1,-2,-2
48374,0,-2,-2
48375,1,-1,-1
48376,1,-2,-2
48377,1,-2,-2
48378,1,-2,-2
48379,0,-1,-1
48380,0,-2,-2
48381,1,-2,-2
48382,0,-2,-2
48383,1,-2,-2
48384,1,-2,-2
48385,1,-2,-2
48386,0,-1,-1
48387,1,-1,-1
48388,1,-1,-1
48389,0,-1,-1
48390,1,-2,-2
48391,0,-2,-2
48392,0,-2,-2
48393,0,-2,-2
48394,1,-2,-2
48395,1,-2,-2
48396,1,-1,-1
48397,0,-2,-2
48398,0,-1,-1
48399,1,-2,-2
48400,0,-2,-2
48401,1,-1,-1
48402,1,-2,-2
48403,1,-1,-1
48404,1,-2,-2
48405,0,-2,-2
48406,1,-2,-2
48407,0,-2,-2
48408,0,-1,-1
48409,1,-2,-2
48410,1,-2,-2
48411,0,-1,-1
48412,1,-1,-1
48413,0,-2,-2
48414,1,-2,-2
48415,1,-1,-1
48416,1,-1,-1
48417,0,-2,-2
48418,0,-2,-2
48419,0,-2,-2
48420,1,-1,-1
48421,0,-2,-2
48422,0,-2,-2
48423,0,-2,-2
48424,1,-2,-2
48425,0,-2,-2
48426,0,-2,-2
48427,1,-2,-2
48428,0,-2,-2
48429,1,-2,-2
48430,1,-2,-2
48431,0,-2,-2
48432,0,-2,-2
48433,1,-2,-2
48434,0,-2,-2
48435,0,-2,-2
48436,1,-1,-1
48437,0,-2,-2
48438,1,-2,-2
48439,1,-2,-2
48440,1,-1,-1
48441,1,-2,-2
48442,0,-1,-1
48443,0,-2,-2
48444,1,-1,-1
48445,0,-1,-1
48446,0,-2,-2
48447,1,-2,-2
48448,0,-2,-2
48449,0,-2,-2
48450,0,-2,-2
48451,1,-2,-2
48452,1,-2,-2
48453,0,-2,-2
48454,1,-2,-2
48455,1,-2,-2
48456,0,-2,-2
48457,0,-2,-2
48458,1,-2,-2
48459,0,-2,-2
48460,1,-2,-2
48461,1,-2,-2
48462,0,-2,-2
48463,0,-2,-2
48464,1,-2,-2
48465,1,-1,-1
48466,0,-2,-2
48467,0,-1,-1
48468,0,-2,-2
48469,1,-2,-2
48470,0,-1,-1
48471,1,-2,-2
48472,1,-2,-2
48473,1,-2,-2
48474,0,-2,-2
48475,1,-2,-2
48476,0,-2,-2
48477,0,-2,-2
48478,1,-2,-2
48479,1,-2,-2
48480,0,-2,-2
48481,1,-2,-2
48482,0,-2,-2
48483,1,-2,-2
48484,0,-2,-2
48485,1,-2,-2
48486,0,-2,-2
48487,0,-2,-2
48488,1,-2,-2
48489,0,-1,-1
48490,0,-2,-2
48491,1,-2,-2
48492,1,-1,-1
48493,1,-2,-2
48494,0,-2,-2
48495,0,-2,-2
48496,1,-2,-2
48497,0,-2,-2
48498,1,-1,-1
48499,1,-2,-2
48500,0,-2,-2
48501,0,-2,-2
48502,0,-2,-2
48503,0,-1,-1
48504,0,-2,-2
48505,0,-2,-2
48506,1,-2,-2
48507,1,-2,-2
48508,0,-2,-2
48509,1,-2,-2
48510,1,-1,-1
48511,0,-2,-2
48512,1,-2,-2
48513,1,-1,-1
48514,1,-2,-2
48515,0,-2,-2
48516,0,-2,-2
48517,0,-2,-2
48518,0,-2,-2
48519,0,-2,-2
48520,1,-1,-1
48521,1,-2,-2
48522,0,-2,-2
48523,1,-2,-2
48524,0,-2,-2
48525,1,-2,-2
48526,1,-1,-1
48527,0,-1,-1
48528,0,-2,-2
48529,1,-2,-2
48530,0,-2,-2
48531,1,-2,-2
48532,1,-1,-1
48533,1,-2,-2
48534,1,-2,-2
48535,1,-2,-2
48536,0,-2,-2
48537,1,-1,-1
48538,1,-1,-1
48539,1,-1,-1
48540,1,-2,-2
48541,1,-2,-2
48542,1,-2,-2
48543,0,-2,-2
48544,0,-2,-2
48545,1,-2,-2
48546,0,-2,-2
48547,0,-1,-1
48548,1,-2,-2
48549,0,-2,-2
48550,1,-1,-1
48551,0,-2,-2
48552,1,-2,-2
48553,1,-2,-2
48554,1,-2,-2
48555,1,-2,-2
48556,0,-2,-2
48557,0,-1,-1
48558,0,-2,-2
48559,0,-2,-2
48560,1,-2,-2
48561,0,-2,-2
48562,1,-2,-2
48563,1,-1,-1
48564,1,-2,-2
48565,1,-2,-2
48566,1,-2,-2
48567,0,-2,-2
48568,0,-2,-2
48569,0,-2,-2
48570,1,-2,-2
48571,0,-1,-1
48572,1,-2,-2
48573,0,-2,-2
48574,1,-1,-1
48575,1,-2,-2
48576,1,-2,-2
48577,0,-2,-2
48578,0,-2,-2
48579,0,-2,-2
48580,1,-2,-2
48581,0,-2,-2
48582,1,-1,-1
48583,1,-2,-2
48584,0,-1,-1
48585,0,-1,-1
48586,0,-2,-2
48587,0,-2,-2
48588,1,-2,-2
48589,1,-2,-2
48590,1,-2,-2
48591,0,-1,-1
48592,1,-2,-2
48593,0,-2,-2
48594,1,-2,-2
48595,0,-1,-1
48596,1,-2,-2
48597,0,-2,-2
48598,0,-2,-2
48599,1,-1,-1
48600,1,-1,-1
48601,0,-2,-2
48602,1,-2,-2
48603,0,-2,-2
48604,1,-1,-1
48605,1,-2,-2
48606,0,-2,-2
48607,0,-1,-1
48608,1,-2,-2
48609,1,-2,-2
48610,1,-1,-1
48611,0,-2,-2
48612,1,-2,-2
48613,1,-2,-2
48614,0,-2,-2
48615,1,-1,-1
48616,0,-2,-2
48617,0,-2,-2
48618,1,-2,-2
48619,1,-2,-2
48620,0,-1,-1
48621,0,-2,-2
48622,1,-2,-2
48623,0,-1,-1
48624,0,-2,-2
48625,0,-2,-2
48626,0,-1,-1
48627,1,-2,-2
48628,1,-2,-2
48629,1,-2,-2
48630,0,-1,-1
48631,1,-2,-2
48632,0,-2,-2
48633,0,-2,-2
48634,0,-2,-2
48635,1,-2,-2
48636,1,-2,-2
48637,1,-2,-2
48638,0,-2,-2
48639,0,-1,-1
48640,1,-1,-1
48641,0,-2,-2
48642,0,-2,-2
48643,1,-1,-1
48644,1,-2,-2
48645,1,-2,-2
48646,0,-2,-2
48647,0,-1,-1
48648,0,-2,-2
48649,1,-1,-1
48650,0,-2,-2
48651,1,-1,-1
48652,0,-2,-2
48653,0,-2,-2
48654,1,-1,-1
48655,1,-1,-1
48656,0,-2,-2
48657,0,-2,-2
48658,1,-2,-2
48659,0,-2,-2
48660,0,-2,-2
48661,0,-2,-2
48662,0,-1,-1
48663,1,-2,-2
48664,1,-2,-2
48665,0,-2,-2
48666,1,-2,-2
48667,0,-2,-2
48668,0,-1,-1
48669,0,-2,-2
48670,0,-1,-1
48671,0,-2,-2
48672,0,-2,-2
48673,0,-2,-2
48674,1,-2,-2
48675,0,-1,-1
48676,1,-1,-1
48677,1,-2,-2
48678,0,-1,-1
48679,1,-2,-2
48680,1,-2,-2
48681,1,-2,-2
48682,0,-2,-2
48683,0,-1,-1
48684,1,-1,-1
48685,0,-2,-2
48686,1,-2,-2
48687,1,-2,-2
48688,1,-2,-2
48689,0,-2,-2
48690,0,-2,-2
48691,0,-2,-2
48692,0,-2,-2
48693,0,-2,-2
48694,0,-2,-2
48695,1,-2,-2
48696,1,-2,-2
48697,0,-2,-2
48698,0,-1,-1
48699,0,-1,-1
48700,1,-2,-2
48701,1,-2,-2
48702,0,-2,-2
48703,0,-2,-2
48704,0,-2,-2
48705,0,-2,-2
48706,1,-2,-2
48707,1,-2,-2
48708,1,-1,-1
48709,0,-2,-2
48710,1,-2,-2
48711,1,-1,-1
48712,0,-2,-2
48713,0,-2,-2
48714,0,-2,-2
48715,0,-2,-2
48716,0,-2,-2
48717,0,-2,-2
48718,1,-2,-2
48719,1,-2,-2
48720,1,-2,-2
48721,0,-2,-2
48722,1,-1,-1
48723,1,-2,-2
48724,0,-1,-1
48725,0,-2,-2
48726,0,-2,-2
48727,0,-2,-2
48728,0,-1,-1
48729,0,-2,-2
48730,0,-2,-2
48731,1,-1,-1
48732,1,-2,-2
48733,0,-2,-2
48734,0,-2,-2
48735,0,-2,-2
48736,0,-2,-2
48737,0,-1,-1
48738,1,-2,-2
48739,1,-2,-2
48740,1,-1,-1
48741,1,-2,-2
48742,0,-1,-1
48743,0,-2,-2
48744,0,-2,-2
48745,0,-1,-1
48746,0,-2,-2
48747,1,-1,-1
48748,1,-1,-1
48749,1,-2,-2
48750,1,-2,-2
48751,1,-2,-2
48752,1,-2,-2
48753,1,-2,-2
48754,0,-2,-2
48755,1,-2,-2
48756,1,-2,-2
48757,0,-1,-1
48758,1,-1,-1
48759,1,-1,-1
48760,1,-1,-1
48761,0,-2,-2
48762,0,-2,-2
48763,1,-2,-2
48764,0,-1,-1
48765,1,-2,-2
48766,0,-2,-2
48767,0,-2,-2
48768,1,-2,-2
48769,0,-2,-2
48770,0,-2,-2
48771,0,-1,-1
48772,1,-2,-2
48773,0,-2,-2
48774,1,-2,-2
48775,0,-2,-2
48776,0,-2,-2
48777,1,-1,-1
48778,0,-2,-2
48779,0,-2,-2
48780,1,-1,-1
48781,1,-2,-2
48782,1,-2,-2
48783,1,-2,-2
48784,1,-2,-2
48785,1,-2,-2
48786,0,-2,-2
48787,1,-2,-2
48788,0,-1,-1
48789,0,-2,-2
48790,0,-1,-1
48791,0,-2,-2
48792,1,-1,-1
48793,1,-2,-2
48794,0,-2,-2
48795,1,-2,-2
48796,1,-2,-2
48797,1,-2,-2
48798,0,-2,-2
48799,1,-2,-2
48800,1,-2,-2
48801,0,-2,-2
48802,0,-2,-2
48803,0,-1,-1
48804,1,-2,-2
48805,1,-2,-2
48806,1,-2,-2
48807,0,-2,-2
48808,1,-1,-1
48809,1,-2,-2
48810,0,-2,-2
48811,0,-2,-2
48812,0,-2,-2
48813,1,-2,-2
48814,0,-2,-2
48815,1,-2,-2
48816,1,-2,-2
48817,1,-2,-2
48818,0,-1,-1
48819,0,-2,-2
48820,1,-2,-2
48821,0,-2,-2
48822,0,-2,-2
48823,1,-2,-2
48824,0,-2,-2
48825,1,-2,-2
48826,0,-2,-2
48827,1,-1,-1
48828,1,-1,-1
48829,0,-2,-2
48830,0,-2,-2
48831,1,-2,-2
48832,1,-2,-2
48833,0,-2,-2
48834,1,-1,-1
48835,1,-2,-2
48836,0,-1,-1
48837,0,-2,-2
48838,1,-2,-2
48839,0,-2,-2
48840,1,-2,-2
48841,0,-2,-2
48842,0,-1,-1
48843,0,-1,-1
48844,0,-2,-2
48845,1,-2,-2
48846,0,-2,-2
48847,0,-2,-2
48848,0,-2,-2
48849,0,-2,-2
48850,1,-1,-1
48851,0,-1,-1
48852,0,-2,-2
48853,0,-2,-2
48854,0,-1,-1
48855,1,-2,-2
48856,0,-2,-2
48857,0,-2,-2
48858,1,-2,-2
48859,1,-2,-2
48860,1,-2,-2
48861,0,-2,-2
48862,0,-2,-2
48863,0,-2,-2
48864,1,-2,-2
48865,0,-2,-2
48866,1,-2,-2
48867,1,-2,-2
48868,1,-2,-2
48869,0,-2,-2
48870,1,-2,-2
48871,1,-2,-2
48872,1,-1,-1
48873,1,-2,-2
48874,0,-2,-2
48875,0,-2,-2
48876,0,-2,-2
48877,0,-1,-1
48878,0,-2,-2
48879,0,-2,-2
48880,1,-1,-1
48881,0,-2,-2
48882,0,-2,-2
48883,0,-2,-2
48884,1,-2,-2
48885,1,-1,-1
48886,0,-2,-2
48887,0,-2,-2
48888,0,-2,-2
48889,1,-2,-2
48890,0,-1,-1
48891,0,-2,-2
48892,0,-2,-2
48893,0,-1,-1
48894,0,-1,-1
48895,0,-2,-2
48896,0,-2,-2
48897,0,-2,-2
48898,1,-1,-1
48899,1,-1,-1
48900,0,-2,-2
48901,1,-2,-2
48902,0,-2,-2
48903,1,-2,-2
48904,1,-2,-2
48905,0,-2,-2
48906,1,-2,-2
48907,0,-2,-2
48908,1,-1,-1
48909,0,-2,-2
48910,1,-1,-1
48911,0,-2,-2
48912,0,-2,-2
48913,0,-2,-2
48914,1,-2,-2
48915,1,-2,-2
48916,0,-2,-2
48917,0,-2,-2
48918,0,-1,-1
48919,1,-2,-2
48920,1,-2,-2
48921,0,-2,-2
48922,1,-1,-1
48923,0,-1,-1
48924,1,-2,-2
48925,1,-2,-2
48926,1,-1,-1
48927,0,-2,-2
48928,0,-2,-2
48929,1,-2,-2
48930,1,-2,-2
48931,0,-2,-2
48932,1,-2,-2
48933,1,-2,-2
48934,1,-2,-2
48935,1,-1,-1
48936,1,-2,-2
48937,0,-2,-2
48938,0,-2,-2
48939,1,-1,-1
48940,0,-2,-2
48941,1,-2,-2
48942,1,-2,-2
48943,1,-2,-2
48944,1,-2,-2
48945,1,-2,-2
48946,1,-2,-2
48947,0,-1,-1
48948,1,-2,-2
48949,1,-2,-2
48950,1,-2,-2
48951,1,-2,-2
48952,1,-2,-2
48953,1,-2,-2
48954,0,-2,-2
48955,0,-2,-2
48956,1,-1,-1
48957,0,-2,-2
48958,0,-2,-2
48959,0,-1,-1
48960,1,-2,-2
48961,1,-2,-2
48962,0,-1,-1
48963,1,-2,-2
48964,1,-2,-2
48965,0,-2,-2
48966,1,-1,-1
48967,1,-2,-2
48968,1,-1,-1
48969,1,-2,-2
48970,1,-2,-2
48971,1,-1,-1
48972,0,-2,-2
48973,1,-2,-2
48974,0,-2,-2
48975,0,-1,-1
48976,0,-2,-2
48977,1,-2,-2
48978,1,-1,-1
48979,1,-2,-2
48980,0,-2,-2
48981,0,-2,-2
48982,1,-2,-2
48983,1,-2,-2
48984,1,-2,-2
48985,0,-2,-2
48986,1,-2,-2
48987,1,-1,-1
48988,0,-2,-2
48989,0,-1,-1
48990,0,-2,-2
48991,0,-2,-2
48992,1,-2,-2
48993,1,-2,-2
48994,0,-2,-2
48995,1,-2,-2
48996,1,-2,-2
48997,0,-2,-2
48998,1,-2,-2
48999,0,-2,-2
49000,0,-1,-1
49001,0,-2,-2
49002,0,-2,-2
49003,0,-1,-1
49004,1,-2,-2
49005,0,-1,-1
49006,1,-1,-1
49007,1,-2,-2
49008,1,-1,-1
49009,1,-1,-1
49010,0,-2,-2
49011,1,-2,-2
49012,1,-2,-2
49013,0,-2,-2
49014,0,-2,-2
49015,1,-2,-2
49016,0,-2,-2
49017,1,-1,-1
49018,1,-2,-2
49019,0,-2,-2
49020,1,-1,-1
49021,1,-2,-2
49022,1,-2,-2
49023,1,-1,-1
49024,0,-2,-2
49025,0,-2,-2
49026,1,-1,-1
49027,0,-2,-2
49028,0,-1,-1
49029,0,-2,-2
49030,1,-2,-2
49031,1,-2,-2
49032,0,-2,-2
49033,1,-2,-2
49034,1,-2,-2
49035,0,-2,-2
49036,0,-2,-2
49037,1,-2,-2
49038,1,-2,-2
49039,0,-2,-2
49040,1,-1,-1
49041,0,-2,-2
49042,1,-2,-2
49043,1,-2,-2
49044,0,-2,-2
49045,1,-2,-2
49046,1,-1,-1
49047,0,-2,-2
49048,0,-2,-2
49049,1,-2,-2
49050,0,-1,-1
49051,0,-2,-2
49052,0,-1,-1
49053,0,-2,-2
49054,0,-2,-2
49055,1,-2,-2
49056,0,-2,-2
49057,1,-2,-2
49058,1,-2,-2
49059,1,-2,-2
49060,1,-2,-2
49061,1,-2,-2
49062,0,-2,-2
49063,0,-2,-2
49064,1,-2,-2
49065,1,-2,-2
49066,0,-2,-2
49067,1,-1,-1
49068,1,-2,-2
49069,0,-2,-2
49070,1,-1,-1
49071,1,-2,-2
49072,0,-2,-2
49073,1,-2,-2
49074,0,-2,-2
49075,0,-2,-2
49076,1,-2,-2
49077,1,-2,-2
49078,1,-1,-1
49079,1,-1,-1
49080,1,-2,-2
49081,0,-1,-1
49082,1,-1,-1
49083,0,-2,-2
49084,0,-2,-2
49085,1,-2,-2
49086,0,-2,-2
49087,0,-2,-2
49088,1,-2,-2
49089,1,-2,-2
49090,0,-2,-2
49091,1,-2,-2
49092,1,-2,-2
49093,0,-2,-2
49094,0,-2,-2
49095,1,-2,-2
49096,1,-2,-2
49097,1,-2,-2
49098,0,-2,-2
49099,0,-1,-1
49100,0,-1,-1
49101,1,-2,-2
49102,1,-1,-1
49103,1,-2,-2
49104,0,-2,-2
49105,0,-1,-1
49106,0,-2,-2
49107,0,-2,-2
49108,0,-2,-2
49109,0,-2,-2
49110,1,-1,-1
49111,1,-2,-2
49112,0,-2,-2
49113,1,-2,-2
49114,0,-2,-2
49115,1,-2,-2
49116,0,-2,-2
49117,1,-2,-2
49118,0,-2,-2
49119,1,-2,-2
49120,0,-2,-2
49121,1,-2,-2
49122,1,-1,-1
49123,0,-2,-2
49124,1,-2,-2
49125,1,-2,-2
49126,1,-2,-2
49127,0,-2,-2
49128,1,-2,-2
49129,1,-2,-2
49130,0,-2,-2
49131,0,-2,-2
49132,0,-1,-1
49133,1,-2,-2
49134,0,-2,-2
49135,0,-2,-2
49136,1,-2,-2
49137,1,-1,-1
49138,1,-1,-1
49139,1,-2,-2
49140,1,-2,-2
49141,0,-2,-2
49142,0,-2,-2
49143,0,-2,-2
49144,0,-2,-2
49145,1,-1,-1
49146,1,-1,-1
49147,0,-2,-2
49148,0,-1,-1
49149,1,-2,-2
49150,0,-2,-2
49151,0,-2,-2
49152,1,-2,-2
49153,1,-2,-2
49154,1,-1,-1
49155,0,-2,-2
49156,1,-1,-1
49157,0,-2,-2
49158,0,-2,-2
49159,1,-2,-2
49160,0,-1,-1
49161,0,-1,-1
49162,0,-2,-2
49163,0,-2,-2
49164,1,-2,-2
49165,1,-2,-2
49166,1,-2,-2
49167,1,-2,-2
49168,0,-2,-2
49169,1,-2,-2
49170,0,-2,-2
49171,1,-2,-2
49172,0,-2,-2
49173,0,-2,-2
49174,1,-2,-2
49175,0,-2,-2
49176,0,-2,-2
49177,0,-2,-2
49178,1,-2,-2
49179,1,-2,-2
49180,0,-2,-2
49181,1,-2,-2
49182,1,-2,-2
49183,1,-2,-2
49184,1,-2,-2
49185,1,-1,-1
49186,0,-2,-2
49187,1,-2,-2
49188,1,-2,-2
49189,0,-2,-2
49190,1,-1,-1
49191,1,-2,-2
49192,1,-2,-2
49193,0,-2,-2
49194,1,-1,-1
49195,0,-1,-1
49196,0,-2,-2
49197,1,-1,-1
49198,1,-1,-1
49199,0,-2,-2
49200,1,-2,-2
49201,0,-2,-2
49202,0,-2,-2
49203,0,-1,-1
49204,0,-2,-2
49205,0,-1,-1
49206,1,-2,-2
49207,1,-2,-2
49208,0,-2,-2
49209,1,-2,-2
49210,1,-2,-2
49211,0,-2,-2
49212,0,-2,-2
49213,0,-1,-1
49214,0,-2,-2
49215,0,-2,-2
49216,0,-2,-2
49217,0,-2,-2
49218,1,-1,-1
49219,1,-2,-2
49220,0,-2,-2
49221,1,-1,-1
49222,1,-1,-1
49223,0,-1,-1
49224,0,-2,-2
49225,1,-2,-2
49226,0,-1,-1
49227,0,-1,-1
49228,0,-2,-2
49229,0,-1,-1
49230,0,-2,-2
49231,1,-2,-2
49232,1,-2,-2
49233,1,-2,-2
49234,0,-2,-2
49235,0,-1,-1
49236,0,-1,-1
49237,0,-2,-2
49238,0,-2,-2
49239,1,-2,-2
49240,0,-2,-2
49241,0,-1,-1
49242,0,-2,-2
49243,1,-2,-2
49244,0,-1,-1
49245,0,-1,-1
49246,0,-2,-2
49247,0,-2,-2
49248,1,-2,-2
49249,0,-2,-2
49250,0,-2,-2
49251,0,-2,-2
49252,1,-2,-2
49253,1,-2,-2
49254,1,-2,-2
49255,1,-1,-1
49256,1,-2,-2
49257,1,-2,-2
49258,1,-2,-2
49259,0,-1,-1
49260,1,-2,-2
49261,1,-2,-2
49262,0,-2,-2
49263,0,-2,-2
49264,0,-2,-2
49265,1,-2,-2
49266,0,-1,-1
49267,0,-1,-1
49268,1,-2,-2
49269,0,-2,-2
49270,0,-2,-2
49271,1,-2,-2
49272,1,-1,-1
49273,0,-2,-2
49274,1,-2,-2
49275,1,-2,-2
49276,0,-2,-2
49277,1,-2,-2
49278,0,-2,-2
49279,0,-2,-2
49280,0,-2,-2
49281,1,-2,-2
49282,1,-2,-2
49283,0,-2,-2
49284,1,-1,-1
49285,0,-2,-2
49286,0,-2,-2
49287,1,-2,-2
49288,0,-2,-2
49289,1,-2,-2
49290,1,-2,-2
49291,0,-2,-2
49292,0,-2,-2
49293,0,-2,-2
49294,0,-2,-2
49295,0,-2,-2
49296,0,-1,-1
49297,0,-1,-1
49298,1,-2,-2
49299,1,-2,-2
49300,1,-2,-2
49301,1,-2,-2
49302,0,-2,-2
49303,0,-2,-2
49304,1,-2,-2
49305,1,-2,-2
49306,1,-2,-2
49307,1,-2,-2
49308,0,-2,-2
49309,1,-2,-2
49310,0,-2,-2
49311,0,-2,-2
49312,0,-2,-2
49313,1,-1,-1
49314,0,-2,-2
49315,0,-2,-2
49316,1,-2,-2
49317,0,-2,-2
49318,0,-2,-2
49319,0,-2,-2
49320,1,-2,-2
49321,0,-2,-2
49322,0,-1,-1
49323,1,-2,-2
49324,1,-2,-2
49325,0,-1,-1
49326,1,-2,-2
49327,0,-2,-2
49328,1,-1,-1
49329,1,-2,-2
49330,0,-2,-2
49331,0,-1,-1
49332,0,-1,-1
49333,0,-2,-2
49334,0,-2,-2
49335,1,-1,-1
49336,0,-2,-2
49337,1,-1,-1
49338,1,-2,-2
49339,0,-2,-2
49340,0,-2,-2
49341,0,-2,-2
49342,0,-2,-2
49343,1,-2,-2
49344,1,-1,-1
49345,1,-1,-1
49346,1,-2,-2
49347,1,-2,-2
49348,0,-2,-2
49349,0,-2,-2
49350,1,-2,-2
49351,0,-2,-2
49352,0,-2,-2
49353,1,-1,-1
49354,1,-2,-2
49355,0,-2,-2
49356,0,-2,-2
49357,0,-1,-1
49358,1,-2,-2
49359,0,-2,-2
49360,1,-2,-2
49361,1,-1,-1
49362,1,-2,-2
49363,1,-2,-2
49364,0,-2,-2
49365,0,-2,-2
49366,1,-2,-2
49367,1,-2,-2
49368,0,-2,-2
49369,0,-2,-2
49370,0,-2,-2
49371,1,-2,-2
49372,1,-1,-1
49373,0,-2,-2
49374,0,-2,-2
49375,1,-2,-2
49376,1,-2,-2
49377,1,-1,-1
49378,0,-2,-2
49379,1,-2,-2
49380,0,-2,-2
49381,0,-2,-2
49382,0,-2,-2
49383,0,-1,-1
49384,0,-1,-1
49385,1,-1,-1
49386,0,-2,-2
49387,0,-1,-1
49388,1,-2,-2
49389,0,-2,-2
49390,1,-2,-2
49391,1,-2,-2
49392,1,-2,-2
49393,1,-2,-2
49394,0,-2,-2
49395,0,-1,-1
49396,0,-2,-2
49397,1,-2,-2
49398,0,-2,-2
49399,0,-2,-2
49400,0,-2,-2
49401,0,-2,-2
49402,1,-2,-2
49403,0,-2,-2
49404,1,-2,-2
49405,0,-2,-2
49406,0,-2,-2
49407,0,-2,-2
49408,1,-2,-2
49409,0,-2,-2
49410,0,-2,-2
49411,0,-1,-1
49412,0,-2,-2
49413,0,-2,-2
49414,0,-1,-1
49415,0,-1,-1
49416,0,-2,-2
49417,0,-2,-2
49418,0,-2,-2
49419,0,-2,-2
49420,1,-2,-2
49421,1,-2,-2
49422,1,-1,-1
49423,1,-2,-2
49424,0,-2,-2
49425,1,-2,-2
49426,1,-2,-2
49427,0,-2,-2
49428,1,-2,-2
49429,0,-2,-2
49430,1,-1,-1
49431,0,-2,-2
49432,1,-2,-2
49433,0,-2,-2
49434,0,-1,-1
49435,0,-2,-2
49436,0,-2,-2
49437,0,-2,-2
49438,1,-2,-2
49439,0,-2,-2
49440,0,-1,-1
49441,1,-2,-2
49442,1,-2,-2
49443,0,-2,-2
49444,1,-2,-2
49445,0,-2,-2
49446,1,-2,-2
49447,1,-2,-2
49448,1,-1,-1
49449,1,-2,-2
49450,0,-2,-2
49451,1,-2,-2
49452,1,-2,-2
49453,1,-1,-1
49454,1,-2,-2
49455,0,-1,-1
49456,1,-2,-2
49457,0,-2,-2
49458,0,-2,-2
49459,1,-2,-2
49460,1,-2,-2
49461,1,-2,-2
49462,0,-2,-2
49463,1,-1,-1
49464,1,-1,-1
49465,0,-2,-2
49466,0,-2,-2
49467,0,-2,-2
49468,0,-1,-1
49469,0,-2,-2
49470,0,-2,-2
49471,1,-1,-1
49472,0,-1,-1
49473,0,-2,-2
49474,1,-2,-2
49475,1,-2,-2
49476,0,-2,-2
49477,1,-2,-2
49478,0,-2,-2
49479,1,-2,-2
49480,1,-2,-2
49481,1,-2,-2
49482,0,-2,-2
49483,1,-2,-2
49484,0,-2,-2
49485,0,-2,-2
49486,0,-2,-2
49487,1,-2,-2
49488,1,-2,-2
49489,1,-2,-2
49490,0,-2,-2
49491,0,-1,-1
49492,0,-2,-2
49493,0,-2,-2
49494,1,-2,-2
49495,1,-2,-2
49496,0,-2,-2
49497,0,-2,-2
49498,0,-2,-2
49499,1,-1,-1
49500,0,-2,-2
49501,0,-2,-2
49502,0,-1,-1
49503,1,-1,-1
49504,0,-2,-2
49505,0,-2,-2
49506,1,-2,-2
49507,1,-2,-2
49508,0,-2,-2
49509,0,-2,-2
49510,0,-2,-2
49511,1,-2,-2
49512,0,-2,-2
49513,1,-1,-1
49514,1,-2,-2
49515,1,-2,-2
49516,0,-2,-2
49517,1,-1,-1
49518,1,-2,-2
49519,0,-2,-2
49520,0,-2,-2
49521,1,-1,-1
49522,0,-2,-2
49523,0,-2,-2
49524,0,-1,-1
49525,1,-2,-2
49526,0,-2,-2
49527,0,-2,-2
49528,1,-2,-2
49529,0,-2,-2
49530,1,-2,-2
49531,0,-2,-2
49532,1,-2,-2
49533,1,-2,-2
49534,0,-1,-1
49535,1,-2,-2
49536,0,-2,-2
49537,0,-2,-2
49538,0,-2,-2
49539,1,-2,-2
49540,1,-2,-2
49541,0,-2,-2
49542,1,-2,-2
49543,0,-1,-1
49544,0,-1,-1
49545,1,-2,-2
49546,1,-1,-1
49547,1,-2,-2
49548,1,-2,-2
49549,0,-2,-2
49550,1,-1,-1
49551,1,-2,-2
49552,1,-2,-2
49553,1,-2,-2
49554,0,-2,-2
49555,0,-1,-1
49556,1,-2,-2
49557,1,-2,-2
49558,1,-2,-2
49559,0,-2,-2
49560,1,-2,-2
49561,1,-2,-2
49562,1,-1,-1
49563,1,-2,-2
49564,0,-2,-2
49565,1,-2,-2
49566,0,-2,-2
49567,0,-2,-2
49568,0,-2,-2
49569,1,-2,-2
49570,1,-2,-2
49571,0,-2,-2
49572,0,-2,-2
49573,0,-2,-2
49574,1,-2,-2
49575,0,-2,-2
49576,1,-2,-2
49577,1,-2,-2
49578,1,-2,-2
49579,0,-2,-2
49580,1,-1,-1
49581,0,-2,-2
49582,0,-2,-2
49583,1,-1,-1
49584,0,-2,-2
49585,0,-2,-2
49586,1,-2,-2
49587,1,-1,-1
49588,0,-2,-2
49589,0,-2,-2
49590,1,-2,-2
49591,1,-2,-2
49592,1,-2,-2
49593,0,-2,-2
49594,0,-2,-2
49595,1,-2,-2
49596,0,-2,-2
49597,1,-1,-1
49598,1,-2,-2
49599,1,-2,-2
49600,1,-2,-2
49601,1,-2,-2
49602,0,-2,-2
49603,1,-2,-2
49604,1,-2,-2
49605,1,-2,-2
49606,0,-2,-2
49607,0,-2,-2
49608,1,-2,-2
49609,1,-2,-2
49610,1,-2,-2
49611,0,-2,-2
49612,0,-2,-2
49613,1,-1,-1
49614,1,-2,-2
49615,1,-1,-1
49616,0,-2,-2
49617,0,-2,-2
49618,0,-1,-1
49619,0,-2,-2
49620,1,-1,-1
49621,1,-2,-2
49622,1,-2,-2
49623,0,-2,-2
49624,0,-2,-2
49625,1,-2,-2
49626,1,-2,-2
49627,1,-2,-2
49628,0,-1,-1
49629,1,-2,-2
49630,1,-2,-2
49631,0,-2,-2
49632,1,-2,-2
49633,0,-2,-2
49634,0,-2,-2
49635,1,-2,-2
49636,0,-2,-2
49637,0,-2,-2
49638,1,-2,-2
49639,1,-1,-1
49640,0,-2,-2
49641,1,-2,-2
49642,1,-2,-2
49643,0,-2,-2
49644,1,-2,-2
49645,1,-2,-2
49646,0,-1,-1
49647,1,-2,-2
49648,1,-1,-1
49649,0,-2,-2
49650,0,-1,-1
49651,0,-1,-1
49652,0,-1,-1
49653,0,-2,-2
49654,1,-2,-2
49655,0,-2,-2
49656,0,-2,-2
49657,1,-2,-2
49658,1,-2,-2
49659,0,-2,-2
49660,1,-2,-2
49661,1,-1,-1
49662,1,-2,-2
49663,0,-2,-2
49664,0,-2,-2
49665,1,-2,-2
49666,1,-2,-2
49667,0,-2,-2
49668,0,-2,-2
49669,1,-2,-2
49670,0,-2,-2
49671,1,-2,-2
49672,0,-2,-2
49673,1,-2,-2
49674,1,-1,-1
49675,0,-2,-2
49676,1,-2,-2
49677,1,-2,-2
49678,0,-2,-2
49679,1,-2,-2
49680,0,-2,-2
49681,1,-2,-2
49682,0,-2,-2
49683,1,-2,-2
49684,1,-1,-1
49685,0,-2,-2
49686,1,-2,-2
49687,1,-2,-2
49688,1,-2,-2
49689,0,-2,-2
49690,0,-2,-2
49691,0,-2,-2
49692,0,-1,-1
49693,0,-2,-2
49694,1,-2,-2
49695,1,-2,-2
49696,1,-2,-2
49697,1,-1,-1
49698,0,-2,-2
49699,0,-2,-2
49700,1,-1,-1
49701,0,-1,-1
49702,0,-2,-2
49703,0,-2,-2
49704,1,-1,-1
49705,1,-2,-2
49706,1,-2,-2
49707,1,-2,-2
49708,1,-2,-2
49709,1,-2,-2
49710,0,-2,-2
49711,1,-2,-2
49712,0,-2,-2
49713,1,-2,-2
49714,1,-2,-2
49715,0,-1,-1
49716,0,-2,-2
49717,1,-2,-2
49718,0,-2,-2
49719,1,-2,-2
49720,0,-2,-2
49721,1,-2,-2
49722,1,-1,-1
49723,1,-1,-1
49724,0,-2,-2
49725,1,-2,-2
49726,0,-2,-2
49727,0,-2,-2
49728,1,-2,-2
49729,0,-1,-1
49730,0,-1,-1
49731,1,-2,-2
49732,0,-2,-2
49733,1,-2,-2
49734,0,-2,-2
49735,1,-2,-2
49736,0,-2,-2
49737,0,-2,-2
49738,0,-2,-2
49739,0,-2,-2
49740,0,-2,-2
49741,1,-2,-2
49742,1,-2,-2
49743,1,-2,-2
49744,0,-2,-2
49745,0,-2,-2
49746,0,-1,-1
49747,0,-2,-2
49748,0,-2,-2
49749,1,-1,-1
49750,1,-2,-2
49751,0,-1,-1
49752,1,-1,-1
49753,0,-2,-2
49754,0,-2,-2
49755,1,-2,-2
49756,0,-2,-2
49757,0,-2,-2
49758,0,-2,-2
49759,1,-1,-1
49760,0,-2,-2
49761,1,-2,-2
49762,1,-2,-2
49763,0,-2,-2
49764,1,-2,-2
49765,1,-1,-1
49766,1,-2,-2
49767,0,-2,-2
49768,1,-2,-2
49769,1,-2,-2
49770,0,-2,-2
49771,1,-2,-2
49772,1,-2,-2
49773,0,-1,-1
49774,1,-2,-2
49775,1,-2,-2
49776,0,-2,-2
49777,0,-2,-2
49778,0,-2,-2
49779,1,-2,-2
49780,0,-2,-2
49781,1,-2,-2
49782,0,-2,-2
49783,1,-2,-2
49784,0,-2,-2
49785,0,-1,-1
49786,1,-2,-2
49787,1,-1,-1
49788,1,-1,-1
49789,1,-2,-2
49790,0,-2,-2
49791,1,-2,-2
49792,0,-2,-2
49793,1,-2,-2
49794,1,-2,-2
49795,0,-2,-2
49796,1,-2,-2
49797,0,-2,-2
49798,1,-2,-2
49799,1,-2,-2
49800,1,-2,-2
49801,1,-2,-2
49802,1,-2,-2
49803,1,-2,-2
49804,0,-2,-2
49805,0,-2,-2
49806,0,-2,-2
49807,1,-2,-2
49808,0,-2,-2
49809,1,-2,-2
49810,0,-2,-2
49811,0,-2,-2
49812,0,-2,-2
49813,0,-1,-1
49814,0,-2,-2
49815,0,-1,-1
49816,0,-2,-2
49817,1,-2,-2
49818,1,-2,-2
49819,0,-2,-2
49820,1,-2,-2
49821,0,-1,-1
49822,1,-2,-2
49823,1,-2,-2
49824,1,-2,-2
49825,1,-2,-2
49826,1,-1,-1
49827,0,-2,-2
49828,1,-2,-2
49829,0,-1,-1
49830,0,-2,-2
49831,1,-2,-2
49832,0,-2,-2
49833,0,-2,-2
49834,0,-2,-2
49835,0,-2,-2
49836,0,-2,-2
49837,0,-2,-2
49838,1,-2,-2
49839,1,-2,-2
49840,1,-2,-2
49841,0,-2,-2
49842,0,-2,-2
49843,0,-2,-2
49844,0,-2,-2
49845,0,-2,-2
49846,1,-2,-2
49847,0,-2,-2
49848,0,-2,-2
49849,1,-2,-2
49850,0,-2,-2
49851,0,-2,-2
49852,0,-2,-2
49853,0,-2,-2
49854,0,-2,-2
49855,1,-2,-2
49856,1,-2,-2
49857,1,-2,-2
49858,0,-2,-2
49859,1,-2,-2
49860,0,-1,-1
49861,1,-1,-1
49862,1,-2,-2
49863,1,-2,-2
49864,0,-2,-2
49865,1,-2,-2
49866,0,-2,-2
49867,0,-2,-2
49868,0,-2,-2
49869,1,-2,-2
49870,1,-2,-2
49871,1,-2,-2
49872,1,-1,-1
49873,0,-2,-2
49874,0,-2,-2
49875,0,-2,-2
49876,1,-2,-2
49877,0,-2,-2
49878,0,-2,-2
49879,1,-2,-2
49880,0,-2,-2
49881,1,-1,-1
49882,0,-2,-2
49883,0,-2,-2
49884,1,-1,-1
49885,1,-2,-2
49886,1,-2,-2
49887,1,-2,-2
49888,1,-1,-1
49889,1,-2,-2
49890,0,-2,-2
49891,0,-2,-2
49892,0,-2,-2
49893,0,-2,-2
49894,1,-1,-1
49895,0,-2,-2
49896,0,-2,-2
49897,0,-2,-2
49898,0,-2,-2
49899,0,-2,-2
49900,0,-2,-2
49901,1,-1,-1
49902,0,-2,-2
49903,1,-2,-2
49904,0,-2,-2
49905,1,-2,-2
49906,0,-2,-2
49907,1,-2,-2
49908,1,-2,-2
49909,0,-2,-2
49910,0,-1,-1
49911,1,-2,-2
49912,0,-2,-2
49913,0,-2,-2
49914,1,-2,-2
49915,0,-2,-2
49916,1,-2,-2
49917,1,-2,-2
49918,0,-2,-2
49919,1,-2,-2
49920,1,-2,-2
49921,0,-2,-2
49922,0,-2,-2
49923,1,-2,-2
49924,0,-2,-2
49925,0,-2,-2
49926,1,-2,-2
49927,0,-2,-2
49928,0,-2,-2
49929,0,-2,-2
49930,0,-1,-1
49931,0,-2,-2
49932,0,-2,-2
49933,1,-2,-2
49934,0,-2,-2
49935,1,-2,-2
49936,0,-2,-2
49937,0,-2,-2
49938,1,-2,-2
49939,0,-2,-2
49940,1,-2,-2
49941,0,-2,-2
49942,0,-2,-2
49943,1,-2,-2
49944,0,-2,-2
49945,1,-2,-2
49946,1,-2,-2
49947,0,-2,-2
49948,0,-2,-2
49949,1,-2,-2
49950,0,-2,-2
49951,0,-1,-1
49952,1,-2,-2
49953,0,-2,-2
49954,1,-2,-2
49955,0,-2,-2
49956,0,-2,-2
49957,1,-2,-2
49958,0,-2,-2
49959,1,-2,-2
49960,1,-2,-2
49961,0,-2,-2
49962,1,-2,-2
49963,0,-2,-2
49964,1,-2,-2
49965,1,-2,-2
49966,1,-2,-2
49967,0,-2,-2
49968,1,-2,-2
49969,0,-2,-2
49970,0,-2,-2
49971,1,-2,-2
49972,0,-2,-2
49973,1,-2,-2
49974,1,-2,-2
49975,1,-2,-2
49976,0,-1,-1
49977,0,-1,-1
49978,0,-2,-2
49979,1,-2,-2
49980,1,-2,-2
49981,0,-2,-2
49982,1,-2,-2
49983,0,-2,-2
49984,0,-2,-2
49985,0,-2,-2
49986,0,-2,-2
49987,0,-2,-2
49988,0,-2,-2
49989,1,-1,-1
49990,0,-2,-2
49991,0,-1,-1
49992,1,-2,-2
49993,0,-2,-2
49994,1,-2,-2
49995,0,-2,-2
49996,1,-1,-1
49997,0,-2,-2
49998,0,-2,-2
49999,1,-2,-2
50000,0,-1,-1
